Date,Adj Close,Close,Dividends,High,Low,Open,Stock Splits,Volume
2000-08-01,8.49699592590332,19.248493194580078,0.0,19.51053810119629,19.081735610961914,19.439071655273438,0.0,1678568
2000-08-02,8.791451454162598,19.91551971435547,0.0,19.98698616027832,19.462894439697266,19.462894439697266,0.0,2528608
2000-08-03,8.949193000793457,20.272855758666992,0.0,20.630191802978516,20.177566528320312,20.558725357055664,0.0,4781478
2000-08-04,8.886094093322754,20.12992286682129,0.0,20.439613342285156,19.844053268432617,20.225210189819336,0.0,1691423
2000-08-07,8.983370780944824,20.350278854370117,0.0,20.46343421936035,20.058454513549805,20.225210189819336,0.0,1295787
2000-08-08,9.064870834350586,20.534902572631836,0.0,20.558725357055664,20.12992286682129,20.153743743896484,0.0,1792169
2000-08-09,9.159514427185059,20.749303817749023,0.0,20.916061401367188,20.534902572631836,20.558725357055664,0.0,966003
2000-08-10,9.340916633605957,21.160240173339844,0.0,21.297218322753906,20.749303817749023,20.844593048095703,0.0,2075778
2000-08-11,9.1805419921875,20.79694938659668,0.0,21.1781063079834,20.77312660217285,20.96370506286621,0.0,1201076
2000-08-14,9.390867233276367,21.273395538330078,0.0,21.321041107177734,20.749303817749023,20.820770263671875,0.0,2109360
2000-08-15,9.54861068725586,21.6307315826416,0.0,21.678377151489258,21.344863891601562,21.344863891601562,0.0,3127834
2000-08-16,9.716869354248047,22.011890411376953,0.0,22.15482521057129,21.606910705566406,21.65455436706543,0.0,3575155
2000-08-17,10.05337905883789,22.774206161499023,0.0,23.036252975463867,21.916601181030273,21.96424674987793,0.0,5567503
2000-08-18,9.843059539794922,22.297758102416992,0.0,22.702739715576172,22.22629165649414,22.655094146728516,0.0,4213735
2000-08-21,9.916667938232422,22.464515686035156,0.0,22.7265625,22.15482521057129,22.297758102416992,0.0,1990249
2000-08-22,10.063899040222168,22.798030853271484,0.0,22.940963745117188,22.55980682373047,22.583627700805664,0.0,4446971
2000-08-23,10.47402572631836,23.727102279663086,0.0,23.822391510009766,22.964786529541016,22.964786529541016,0.0,6008527
2000-08-24,10.242673873901367,23.20301055908203,0.0,23.607990264892578,23.20301055908203,23.560346603393555,0.0,5182362
2000-08-25,10.379380226135254,23.5127010345459,0.0,23.631813049316406,23.131542205810547,23.179187774658203,0.0,2118805
2000-08-28,10.316282272338867,23.369766235351562,0.0,23.703279495239258,23.32212257385254,23.584169387817383,0.0,1894226
2000-08-29,10.326799392700195,23.39358901977539,0.0,23.655635833740234,23.369766235351562,23.465057373046875,0.0,1791382
2000-08-30,10.219013214111328,23.149410247802734,0.0,23.465057373046875,22.940963745117188,23.29829978942871,0.0,2278056
2000-08-31,10.408300399780273,23.57821273803711,0.0,23.774747848510742,23.060075759887695,23.345945358276367,0.0,3010823
2000-09-01,10.589704513549805,23.98914909362793,0.0,24.155906677246094,23.536523818969727,23.584169387817383,0.0,2642209
2000-09-05,10.642281532287598,24.108261108398438,0.0,24.17972755432129,23.48887825012207,24.036794662475586,0.0,2158159
2000-09-06,10.694864273071289,24.227373123168945,0.0,24.39413070678711,23.822391510009766,23.822391510009766,0.0,2503684
2000-09-07,10.558155059814453,23.917682647705078,0.0,24.227373123168945,23.846214294433594,24.155906677246094,0.0,1891603
2000-09-08,10.421443939208984,23.607990264892578,0.0,23.750925064086914,23.32212257385254,23.727102279663086,0.0,2287239
2000-09-11,10.66331672668457,24.155906677246094,0.0,25.299381256103516,23.727102279663086,23.727102279663086,0.0,6465818
2000-09-12,10.88415241241455,24.65617561340332,0.0,24.751466751098633,24.108261108398438,24.155906677246094,0.0,4196419
2000-09-13,10.894665718078613,24.67999839782715,0.0,24.918222427368164,24.608531951904297,24.775287628173828,0.0,2581080
2000-09-14,10.894665718078613,24.67999839782715,0.0,24.822933197021484,24.39413070678711,24.751466751098633,0.0,1796629
2000-09-15,11.168084144592285,25.299381256103516,0.0,26.681079864501953,24.87057876586914,24.87057876586914,0.0,6465555
2000-09-18,11.210153579711914,25.394670486450195,0.0,25.990230560302734,25.347026824951172,25.489959716796875,0.0,3524520
2000-09-19,10.957767486572266,24.822933197021484,0.0,25.394670486450195,24.703821182250977,25.370847702026367,0.0,2219026
2000-09-20,11.189122200012207,25.347026824951172,0.0,25.966407775878906,24.799110412597656,24.918222427368164,0.0,4630360
2000-09-21,10.715890884399414,24.2750186920166,0.0,24.48941993713379,24.08443832397461,24.417951583862305,0.0,3500383
2000-09-22,10.345209121704102,23.435279846191406,0.0,24.2750186920166,23.435279846191406,24.2750186920166,0.0,2675004
2000-09-25,10.295248985290527,23.32212257385254,0.0,23.584169387817383,22.464515686035156,23.060075759887695,0.0,4398960
2000-09-26,10.505570411682129,23.79857063293457,0.0,24.37030792236328,23.607990264892578,23.727102279663086,0.0,3397276
2000-09-27,10.83156967163086,24.537063598632812,0.0,24.727642059326172,23.89385986328125,23.89385986328125,0.0,2886203
2000-09-28,10.558155059814453,23.917682647705078,0.0,24.537063598632812,23.870037078857422,24.441774368286133,0.0,2521787
2000-09-29,10.558155059814453,23.917682647705078,0.0,24.441774368286133,23.679458618164062,23.822391510009766,0.0,2739544
2000-10-02,10.673827171325684,24.17972755432129,0.0,24.48941993713379,23.917682647705078,24.012971878051758,0.0,1838606
2000-10-03,10.705382347106934,24.251195907592773,0.0,24.37030792236328,23.98914909362793,24.155906677246094,0.0,1565229
2000-10-04,10.484539031982422,23.750925064086914,0.0,24.417951583862305,23.631813049316406,24.39413070678711,0.0,2311900
2000-10-05,10.389897346496582,23.536523818969727,0.0,23.774747848510742,22.869497299194336,22.869497299194336,0.0,2092831
2000-10-06,10.200605392456055,23.10772132873535,0.0,24.132083892822266,23.036252975463867,23.631813049316406,0.0,2205383
2000-10-09,10.600228309631348,24.012971878051758,0.0,24.036794662475586,23.441234588623047,23.48887825012207,0.0,1482586
2000-10-10,10.81053638458252,24.48941993713379,0.0,24.98969078063965,24.155906677246094,24.251195907592773,0.0,2366471
2000-10-11,10.852601051330566,24.58470916748047,0.0,25.13262367248535,24.441774368286133,24.727642059326172,0.0,1919675
2000-10-12,11.178607940673828,25.32320213317871,0.0,26.014053344726562,24.608531951904297,24.608531951904297,0.0,4258074
2000-10-13,10.768477439880371,24.39413070678711,0.0,25.347026824951172,24.251195907592773,25.347026824951172,0.0,2370406
2000-10-16,10.589704513549805,23.98914909362793,0.0,24.298839569091797,23.679458618164062,24.298839569091797,0.0,2468791
2000-10-17,10.757960319519043,24.37030792236328,0.0,24.822933197021484,23.750925064086914,23.89385986328125,0.0,2236079
2000-10-18,10.66331672668457,24.155906677246094,0.0,24.65617561340332,24.012971878051758,24.46559715270996,0.0,3314896
2000-10-19,10.694864273071289,24.227373123168945,0.0,24.65617561340332,23.822391510009766,24.155906677246094,0.0,2059512
2000-10-20,10.97879695892334,24.87057876586914,0.0,24.942045211791992,24.298839569091797,24.298839569091797,0.0,1712937
2000-10-23,10.926215171813965,24.751466751098633,0.0,25.084978103637695,24.322662353515625,25.013511657714844,0.0,1581233
2000-10-24,10.652803421020508,24.132083892822266,0.0,24.918222427368164,24.036794662475586,24.799110412597656,0.0,1604320
2000-10-25,10.547635078430176,23.89385986328125,0.0,24.203550338745117,23.822391510009766,23.941503524780273,0.0,2648244
2000-10-26,10.36197280883789,23.345945358276367,0.129594,24.108261108398438,23.32212257385254,23.631813049316406,0.0,2760533
2000-10-27,10.340825080871582,23.29829978942871,0.0,23.39358901977539,23.060075759887695,23.274477005004883,0.0,2326330
2000-10-30,10.414834022521973,23.465057373046875,0.0,23.536523818969727,23.131542205810547,23.250654220581055,0.0,2084436
2000-10-31,10.446554183959961,23.536523818969727,0.0,23.727102279663086,22.845674514770508,23.48887825012207,0.0,2552221
2000-11-01,10.510003089904785,23.679458618164062,0.0,24.036794662475586,23.536523818969727,23.631813049316406,0.0,3220709
2000-11-02,10.22451114654541,23.036252975463867,0.0,23.5127010345459,22.917142868041992,23.5127010345459,0.0,2200136
2000-11-03,10.13992977142334,22.845674514770508,0.0,23.274477005004883,22.702739715576172,23.01243019104004,0.0,2012812
2000-11-06,10.203368186950684,22.988609313964844,0.0,23.179187774658203,22.464515686035156,22.750385284423828,0.0,1881895
2000-11-07,10.065909385681152,22.678918838500977,0.0,23.250654220581055,22.607450485229492,22.988609313964844,0.0,1945124
2000-11-08,10.22451114654541,23.036252975463867,0.0,23.39358901977539,22.750385284423828,22.774206161499023,0.0,2470890
2000-11-09,10.309107780456543,23.22683334350586,0.0,23.274477005004883,22.82185173034668,23.083898544311523,0.0,3149348
2000-11-10,10.22451114654541,23.036252975463867,0.0,23.345945358276367,22.940963745117188,23.29829978942871,0.0,1685914
2000-11-13,10.330246925354004,23.274477005004883,0.0,23.607990264892578,23.083898544311523,23.131542205810547,0.0,2344695
2000-11-14,10.467700004577637,23.584169387817383,0.0,23.870037078857422,23.22683334350586,23.274477005004883,0.0,2251820
2000-11-15,10.573433876037598,23.822391510009766,0.0,23.9653263092041,23.679458618164062,23.870037078857422,0.0,2474038
2000-11-16,10.594582557678223,23.870037078857422,0.0,24.108261108398438,23.631813049316406,23.79857063293457,0.0,1845690
2000-11-17,10.43598461151123,23.5127010345459,0.0,24.06061553955078,23.32212257385254,23.9653263092041,0.0,2199349
2000-11-20,10.298528671264648,23.20301055908203,0.0,23.727102279663086,23.20301055908203,23.607990264892578,0.0,1436674
2000-11-21,10.414834022521973,23.465057373046875,0.0,23.655635833740234,23.10772132873535,23.10772132873535,0.0,2313475
2000-11-22,10.488847732543945,23.631813049316406,0.0,23.727102279663086,23.10772132873535,23.465057373046875,0.0,1575723
2000-11-24,10.446554183959961,23.536523818969727,0.0,23.655635833740234,23.465057373046875,23.584169387817383,0.0,479328
2000-11-27,10.478276252746582,23.607990264892578,0.0,23.655635833740234,23.155364990234375,23.607990264892578,0.0,2385361
2000-11-28,10.383113861083984,23.39358901977539,0.0,23.79857063293457,23.32212257385254,23.679458618164062,0.0,1617701
2000-11-29,9.991897583007812,22.512161254882812,0.0,23.41741180419922,22.464515686035156,23.41741180419922,0.0,2539890
2000-11-30,9.558384895324707,21.535442352294922,0.0,22.702739715576172,21.297218322753906,22.512161254882812,0.0,4077571
2000-12-01,9.695839881896973,21.845134735107422,0.0,22.297758102416992,21.74984359741211,21.821311950683594,0.0,3886574
2000-12-04,9.917886734008789,22.34540367126465,0.0,22.44069480895996,21.821311950683594,21.821311950683594,0.0,2567437
2000-12-05,9.346918106079102,21.05899429321289,0.0,22.655094146728516,21.05899429321289,22.25011444091797,0.0,7355999
2000-12-06,9.13544750213623,20.58254623413086,0.0,21.344863891601562,19.629650115966797,21.15428352355957,0.0,10359738
2000-12-07,9.050862312316895,20.3919677734375,0.0,21.225751876831055,20.058454513549805,20.89223861694336,0.0,3698726
2000-12-08,9.13544750213623,20.58254623413086,0.0,20.77312660217285,19.844053268432617,20.344322204589844,0.0,2892237
2000-12-11,8.945125579833984,20.153743743896484,0.0,20.439613342285156,19.844053268432617,20.29667854309082,0.0,3420626
2000-12-12,8.998000144958496,20.272855758666992,0.0,20.439613342285156,20.12992286682129,20.344322204589844,0.0,2237391
2000-12-13,9.220038414001465,20.77312660217285,0.0,20.96370506286621,20.29667854309082,20.344322204589844,0.0,2369095
2000-12-14,8.881690979003906,20.01081085205078,0.0,20.79694938659668,19.91551971435547,20.77312660217285,0.0,2280942
2000-12-15,8.966269493103027,20.20138931274414,0.0,20.439613342285156,19.98698616027832,20.20138931274414,0.0,3234352
2000-12-18,9.156601905822754,20.630191802978516,0.0,20.844593048095703,20.32050132751465,20.3919677734375,0.0,3068017
2000-12-19,9.114303588867188,20.534902572631836,0.0,21.201929092407227,20.46343421936035,20.701658248901367,0.0,2488205
2000-12-20,8.95569896697998,20.177566528320312,0.0,20.368146896362305,20.058454513549805,20.106098175048828,0.0,1869827
2000-12-21,9.040291786193848,20.368146896362305,0.0,20.48725700378418,20.058454513549805,20.20138931274414,0.0,2742693
2000-12-22,9.241181373596191,20.820770263671875,0.0,20.820770263671875,20.20138931274414,20.630191802978516,0.0,1887667
2000-12-26,9.537238121032715,21.4877986907959,0.0,21.678377151489258,20.844593048095703,20.844593048095703,0.0,3026039
2000-12-27,9.791004180908203,22.059534072875977,0.0,22.202470779418945,21.416330337524414,21.6307315826416,0.0,4408405
2000-12-28,9.843866348266602,22.178646087646484,0.0,22.44069480895996,21.821311950683594,22.15482521057129,0.0,1942762
2000-12-29,9.621827125549316,21.678377151489258,0.0,22.297758102416992,21.55926513671875,22.202470779418945,0.0,1979230
2001-01-02,9.653550148010254,21.74984359741211,0.0,22.393049240112305,21.678377151489258,21.773666381835938,0.0,2363847
2001-01-03,9.399786949157715,21.1781063079834,0.0,21.726022720336914,21.05899429321289,21.535442352294922,0.0,2812480
2001-01-04,9.283479690551758,20.916061401367188,0.0,21.035173416137695,20.20138931274414,20.96370506286621,0.0,2767354
2001-01-05,9.452652931213379,21.297218322753906,0.0,21.678377151489258,20.89223861694336,20.89223861694336,0.0,2212729
2001-01-08,9.46322250366211,21.321041107177734,0.0,21.714111328125,21.225751876831055,21.321041107177734,0.0,1424080
2001-01-09,9.31519603729248,20.98752784729004,0.0,21.321041107177734,20.606369018554688,21.273395538330078,0.0,2215877
2001-01-10,9.146024703979492,20.606369018554688,0.0,20.96370506286621,20.511079788208008,20.820770263671875,0.0,1889504
2001-01-11,9.241181373596191,20.820770263671875,0.0,21.15428352355957,20.725481033325195,20.86841583251953,0.0,2183607
2001-01-12,9.325772285461426,21.011350631713867,0.0,21.011350631713867,20.701658248901367,20.79694938659668,0.0,2763157
2001-01-16,9.61125373840332,21.65455436706543,0.0,21.678377151489258,21.08281707763672,21.106639862060547,0.0,3681673
2001-01-17,9.378640174865723,21.130462646484375,0.0,21.892778396606445,21.106639862060547,21.892778396606445,0.0,4978772
2001-01-18,9.325772285461426,21.011350631713867,0.0,21.249574661254883,20.820770263671875,21.249574661254883,0.0,1864317
2001-01-19,9.346918106079102,21.05899429321289,0.0,21.201929092407227,20.844593048095703,21.035173416137695,0.0,2495814
2001-01-22,9.547815322875977,21.511619567871094,0.0,21.726022720336914,21.15428352355957,21.1781063079834,0.0,2802773
2001-01-23,9.642974853515625,21.726022720336914,0.0,21.821311950683594,21.4877986907959,21.583087921142578,0.0,2349418
2001-01-24,9.60068130493164,21.6307315826416,0.0,21.868955612182617,21.535442352294922,21.702199935913086,0.0,2860754
2001-01-25,9.822717666625977,22.13100242614746,0.0,22.4168701171875,21.96424674987793,22.03571319580078,0.0,3971054
2001-01-26,9.621827125549316,21.678377151489258,0.0,22.297758102416992,21.65455436706543,22.202470779418945,0.0,3363432
2001-01-29,9.688651084899902,21.828935623168945,0.0,21.91278839111328,21.59261703491211,21.91278839111328,0.0,1728416
2001-01-30,9.744479179382324,21.9547176361084,0.0,22.030948638916016,21.52400779724121,21.99283218383789,0.0,1818929
2001-01-31,9.918728828430176,22.347309112548828,0.0,22.488338470458984,22.107179641723633,22.488338470458984,0.0,2984849
2001-02-01,9.818918228149414,22.122426986694336,0.0,22.297758102416992,21.847993850708008,22.297758102416992,0.0,2119067
2001-02-02,9.83414363861084,22.15673065185547,0.0,22.377803802490234,22.091934204101562,22.198657989501953,0.0,2125101
2001-02-05,9.025484085083008,20.334793090820312,0.0,20.418649673461914,19.705883026123047,20.144214630126953,0.0,35424654
2001-02-06,9.13544750213623,20.58254623413086,0.0,20.58254623413086,20.163272857666016,20.46820068359375,0.0,17784738
2001-02-07,9.279244422912598,20.906532287597656,0.0,20.982763290405273,20.48725700378418,20.58254623413086,0.0,13989726
2001-02-08,9.270790100097656,20.887474060058594,0.0,20.94083595275879,20.68164825439453,20.906532287597656,0.0,10950044
2001-02-09,9.431502342224121,21.249574661254883,0.0,21.287689208984375,20.994197845458984,21.039936065673828,0.0,8208926
2001-02-12,9.531315803527832,21.474456787109375,0.0,21.60024070739746,21.344863891601562,21.573558807373047,0.0,10666435
2001-02-13,9.67004680633545,21.787006378173828,0.0,21.798442840576172,21.344863891601562,21.474456787109375,0.0,7761867
2001-02-14,9.568532943725586,21.558311462402344,0.0,21.78319549560547,21.295312881469727,21.764137268066406,0.0,12059819
2001-02-15,9.490713119506836,21.382978439331055,0.0,21.649789810180664,21.249574661254883,21.649789810180664,0.0,10194190
2001-02-16,9.526458740234375,21.33342933654785,0.129594,21.51638412475586,21.16571807861328,21.478269577026367,0.0,6016136
2001-02-20,9.529868125915527,21.34105110168457,0.0,21.569747924804688,21.23051643371582,21.33342933654785,0.0,4012506
2001-02-21,9.446467399597168,21.15428352355957,0.0,21.360109329223633,21.104734420776367,21.32961654663086,0.0,4923414
2001-02-22,9.429439544677734,21.116168975830078,0.0,21.295312881469727,21.066617965698242,21.24195098876953,0.0,5810972
2001-02-23,9.368173599243164,20.978952407836914,0.0,21.169530868530273,20.799806594848633,21.119979858398438,0.0,5598724
2001-02-26,9.361358642578125,20.96370506286621,0.0,21.116168975830078,20.94845962524414,21.03612518310547,0.0,5439997
2001-02-27,9.361358642578125,20.96370506286621,0.0,21.192399978637695,20.87222671508789,21.15047264099121,0.0,4170971
2001-02-28,9.073711395263672,20.319547653198242,0.0,20.967517852783203,20.277620315551758,20.96370506286621,0.0,5163209
2001-03-01,9.106048583984375,20.3919677734375,0.0,20.559677124023438,20.20138931274414,20.2052001953125,0.0,5786310
2001-03-02,9.354557037353516,20.94845962524414,0.0,21.039936065673828,20.334793090820312,20.411026000976562,0.0,5594526
2001-03-05,9.42603588104248,21.108545303344727,0.0,21.192399978637695,20.914154052734375,20.9522705078125,0.0,4833163
2001-03-06,9.43284797668457,21.12379264831543,0.0,21.22289276123047,20.906532287597656,21.108545303344727,0.0,3839612
2001-03-07,9.563907623291016,21.41728401184082,0.0,21.436342239379883,21.200023651123047,21.22670555114746,0.0,6389734
2001-03-08,9.807308197021484,21.962339401245117,0.0,21.96615219116211,21.360109329223633,21.42109489440918,0.0,8868232
2001-03-09,9.783470153808594,21.908977508544922,0.0,22.16435432434082,21.764137268066406,21.96615219116211,0.0,5198628
2001-03-12,9.577526092529297,21.447776794433594,0.0,21.88229751586914,21.413471221923828,21.87848472595215,0.0,4501280
2001-03-13,9.386892318725586,21.0208797454834,0.0,21.451587677001953,20.86079216003418,21.447776794433594,0.0,3986008
2001-03-14,9.310296058654785,20.84935760498047,0.0,20.906532287597656,20.66640281677246,20.8836612701416,0.0,4478717
2001-03-15,9.369871139526367,20.982763290405273,0.0,21.03612518310547,20.677837371826172,20.95989418029785,0.0,3510615
2001-03-16,9.354557037353516,20.94845962524414,0.0,21.04374885559082,20.853168487548828,20.982763290405273,0.0,5779226
2001-03-19,9.449867248535156,21.161907196044922,0.0,21.382978439331055,20.96370506286621,20.96370506286621,0.0,5184198
2001-03-20,9.490715026855469,21.253385543823242,0.0,21.649789810180664,20.92559051513672,21.161907196044922,0.0,5073483
2001-03-21,9.363061904907227,20.967517852783203,0.0,21.2571964263916,20.723575592041016,21.2571964263916,0.0,4785676
2001-03-22,9.078814506530762,20.330982208251953,0.0,20.95989418029785,20.01081085205078,20.95989418029785,0.0,5963927
2001-03-23,9.259236335754395,20.735010147094727,0.0,20.795995712280273,20.20138931274414,20.449142456054688,0.0,6403639
2001-03-26,9.177536010742188,20.552053451538086,0.0,20.887474060058594,20.548242568969727,20.735010147094727,0.0,5290978
2001-03-27,9.214982032775879,20.635908126831055,0.0,20.887474060058594,20.597793579101562,20.620662689208984,0.0,4863072
2001-03-28,9.121367454528809,20.426271438598633,0.0,20.616851806640625,20.39959144592285,20.593982696533203,0.0,4812436
2001-03-29,9.087324142456055,20.350040435791016,0.0,20.411026000976562,19.877403259277344,20.411026000976562,0.0,6272197
2001-03-30,9.369871139526367,20.982763290405273,0.0,21.078052520751953,20.369098663330078,20.369098663330078,0.0,4520957
2001-04-02,9.100944519042969,20.38053321838379,0.0,21.15428352355957,20.319547653198242,21.005632400512695,0.0,4936532
2001-04-03,9.019248008728027,20.19757652282715,0.0,20.544431686401367,20.117534637451172,20.411026000976562,0.0,4655809
2001-04-04,9.186049461364746,20.57111167907715,0.0,20.887474060058594,20.37672233581543,20.3919677734375,0.0,5641488
2001-04-05,9.4447603225708,21.15047264099121,0.0,21.16571807861328,20.506315231323242,20.57111167907715,0.0,6166205
2001-04-06,9.373270988464355,20.990385055541992,0.0,21.15047264099121,20.544431686401367,21.15047264099121,0.0,4512561
2001-04-09,9.575827598571777,21.443965911865234,0.0,21.447776794433594,21.180965423583984,21.180965423583984,0.0,3638384
2001-04-10,9.80219841003418,21.950904846191406,0.0,22.05763053894043,21.68790626525879,21.726022720336914,0.0,5933231
2001-04-11,9.611565589904785,21.52400779724121,0.0,22.08049964904785,21.49732780456543,21.950904846191406,0.0,9834235
2001-04-12,9.633689880371094,21.573558807373047,0.0,21.798442840576172,21.478269577026367,21.49732780456543,0.0,11834716
2001-04-16,9.887299537658691,22.141483306884766,0.0,22.145296096801758,21.726022720336914,21.756515502929688,0.0,7899081
2001-04-17,9.885595321655273,22.137672424316406,0.0,22.202470779418945,21.99283218383789,22.141483306884766,0.0,7590810
2001-04-18,9.837940216064453,22.030948638916016,0.0,22.332063674926758,21.87848472595215,22.133861541748047,0.0,7211177
2001-04-19,9.761345863342285,21.859426498413086,0.0,22.2596435546875,21.859426498413086,22.107179641723633,0.0,9925798
2001-04-20,9.747726440429688,21.828935623168945,0.0,22.202470779418945,21.79463005065918,21.863239288330078,0.0,4575527
2001-04-23,9.98771858215332,22.36636734008789,0.0,22.52645492553711,22.053817749023438,22.107179641723633,0.0,6189030
2001-04-24,10.076229095458984,22.5645694732666,0.0,22.678918838500977,22.488338470458984,22.518831253051758,0.0,4463762
2001-04-25,10.186861991882324,22.81232261657715,0.0,22.842815399169922,22.511207580566406,22.659860610961914,0.0,4821619
2001-04-26,10.267316818237305,22.861873626708984,0.129594,22.964786529541016,22.793264389038086,22.861873626708984,0.0,6251209
2001-04-27,10.27074146270752,22.869497299194336,0.0,22.983844757080078,22.72465705871582,22.90761375427246,0.0,5588230
2001-04-30,10.20226764678955,22.71703338623047,0.0,23.041017532348633,22.705598831176758,22.869497299194336,0.0,6873785
2001-05-01,10.142356872558594,22.583627700805664,0.0,22.789453506469727,22.484527587890625,22.720844268798828,0.0,4859923
2001-05-02,9.693864822387695,21.584993362426758,0.0,22.26345443725586,21.49732780456543,22.2596435546875,0.0,8008484
2001-05-03,9.635668754577637,21.455400466918945,0.0,21.61167335510254,21.116168975830078,21.59261703491211,0.0,5372309
2001-05-04,9.835944175720215,21.901355743408203,0.0,21.943281173706055,21.588804244995117,21.59261703491211,0.0,4454842
2001-05-07,9.912975311279297,22.0728759765625,0.0,22.194847106933594,21.88229751586914,22.107179641723633,0.0,3188177
2001-05-08,9.966045379638672,22.1910343170166,0.0,22.332063674926758,21.8861083984375,22.0728759765625,0.0,3213626
2001-05-09,10.190287590026855,22.690351486206055,0.0,22.71703338623047,22.297758102416992,22.301570892333984,0.0,6014037
2001-05-10,10.183441162109375,22.675106048583984,0.0,22.945728302001953,22.60649871826172,22.694164276123047,0.0,5563568
2001-05-11,10.186857223510742,22.682729721069336,0.0,22.705598831176758,22.488338470458984,22.678918838500977,0.0,3150660
2001-05-14,10.4641695022583,23.30020523071289,0.0,23.353567123413086,22.743715286254883,22.755149841308594,0.0,4478717
2001-05-15,10.667877197265625,23.7537841796875,0.0,23.818580627441406,23.250654220581055,23.30020523071289,0.0,6085661
2001-05-16,10.981135368347168,24.451303482055664,0.0,24.51228904724121,23.93674087524414,24.009159088134766,0.0,11710096
2001-05-17,11.275564193725586,25.106895446777344,0.0,25.44231414794922,24.4322452545166,24.546592712402344,0.0,11562388
2001-05-18,11.558009147644043,25.735807418823242,0.0,25.91876220703125,25.15644645690918,25.15644645690918,0.0,9554036
2001-05-21,11.515213966369629,25.64051628112793,0.0,25.735807418823242,25.484243392944336,25.735807418823242,0.0,6153612
2001-05-22,11.445029258728027,25.484243392944336,0.0,25.880647659301758,25.465185165405273,25.644329071044922,0.0,6922321
2001-05-23,11.35429859161377,25.282228469848633,0.0,25.61383628845215,25.232677459716797,25.46137237548828,0.0,6398916
2001-05-24,11.280699729919434,25.118331909179688,0.0,25.381330490112305,25.080215454101562,25.347026824951172,0.0,6380551
2001-05-25,11.124921798706055,24.77147674560547,0.0,25.095460891723633,24.573274612426758,25.042098999023438,0.0,5395921
2001-05-29,11.123211860656738,24.76766586303711,0.0,25.011606216430664,24.672374725341797,24.86676597595215,0.0,4763638
2001-05-30,11.100957870483398,24.718114852905273,0.0,24.775287628173828,24.546592712402344,24.756229400634766,0.0,3611885
2001-05-31,11.08212661743164,24.67618751525879,0.0,24.813404083251953,24.439868927001953,24.721925735473633,0.0,7017557
2001-06-01,11.037617683410645,24.577085494995117,0.0,24.67999839782715,24.4322452545166,24.622825622558594,0.0,3546558
2001-06-04,11.100957870483398,24.718114852905273,0.0,24.962055206298828,24.634260177612305,24.775287628173828,0.0,5125955
2001-06-05,11.04446792602539,24.59233283996582,0.0,24.71430206298828,24.41699981689453,24.71430206298828,0.0,4184089
2001-06-06,10.835623741149902,24.1273193359375,0.0,24.298839569091797,23.692798614501953,24.298839569091797,0.0,5403267
2001-06-07,10.661028861999512,23.73853874206543,0.0,24.161623001098633,23.73853874206543,24.146377563476562,0.0,4664204
2001-06-08,10.698683738708496,23.822391510009766,0.0,23.993913650512695,23.540334701538086,23.86050796508789,0.0,2620958
2001-06-11,10.674717903137207,23.76902961730957,0.0,24.001537322998047,23.65087127685547,23.917682647705078,0.0,4129256
2001-06-12,10.738056182861328,23.910058975219727,0.0,23.917682647705078,23.708044052124023,23.74616050720215,0.0,3873456
2001-06-13,10.631925582885742,23.67374038696289,0.0,23.971044540405273,23.448856353759766,23.8719425201416,0.0,3626577
2001-06-14,10.402544975280762,23.162988662719727,0.0,23.688987731933594,23.12868309020996,23.67755126953125,0.0,2892237
2001-06-15,10.385422706604004,23.1248722076416,0.0,23.422176361083984,22.945728302001953,22.945728302001953,0.0,4722448
2001-06-18,10.272453308105469,22.873308181762695,0.0,23.227785110473633,22.83138084411621,23.227785110473633,0.0,4705657
2001-06-19,10.349482536315918,23.044830322265625,0.0,23.09819221496582,22.72846794128418,22.968597412109375,0.0,3145150
2001-06-20,10.226226806640625,22.770395278930664,0.0,23.243032455444336,22.720844268798828,23.0067138671875,0.0,3891559
2001-06-21,9.954060554504395,22.16435432434082,0.0,22.793264389038086,21.939470291137695,22.781829833984375,0.0,6015874
2001-06-22,10.031087875366211,22.335874557495117,0.0,22.373991012573242,21.787006378173828,22.16435432434082,0.0,4853627
2001-06-25,9.846219062805176,21.924224853515625,0.0,22.36255645751953,21.916601181030273,22.335874557495117,0.0,6600408
2001-06-26,9.9078369140625,22.06144142150879,0.0,22.107179641723633,21.89754295349121,21.96996307373047,0.0,4084655
2001-06-27,9.577466011047363,21.3258056640625,0.0,21.80606460571289,21.13522720336914,21.80225372314453,0.0,6147577
2001-06-28,9.517550468444824,21.192399978637695,0.0,21.356298446655273,21.06280517578125,21.306747436523438,0.0,7420539
2001-06-29,9.757201194763184,21.726022720336914,0.0,21.821311950683594,21.192399978637695,21.268632888793945,0.0,5680317
2001-07-02,9.675031661987305,21.543066024780273,0.0,21.851804733276367,21.459211349487305,21.79463005065918,0.0,4780429
2001-07-03,9.731525421142578,21.668848037719727,0.0,21.821311950683594,21.466833114624023,21.821311950683594,0.0,1991036
2001-07-05,9.842791557312012,21.916601181030273,0.0,22.08049964904785,21.642166137695312,21.840368270874023,0.0,5153240
2001-07-06,9.830810546875,21.88991928100586,0.0,22.16435432434082,21.745080947875977,22.011890411376953,0.0,4466911
2001-07-09,9.726388931274414,21.657413482666016,0.0,21.916601181030273,21.59261703491211,21.916601181030273,0.0,4629310
2001-07-10,9.750358581542969,21.71077537536621,0.0,21.840368270874023,21.51638412475586,21.653602600097656,0.0,5101555
2001-07-11,9.586021423339844,21.344863891601562,0.0,21.573558807373047,21.177154541015625,21.573558807373047,0.0,3958198
2001-07-12,9.500438690185547,21.15428352355957,0.0,21.748891830444336,21.001821517944336,21.249574661254883,0.0,4400534
2001-07-13,9.555208206176758,21.276254653930664,0.0,21.61548614501953,21.0208797454834,21.15428352355957,0.0,5615515
2001-07-16,9.414841651916504,20.96370506286621,0.0,21.34105110168457,20.94464683532715,21.180965423583984,0.0,4835262
2001-07-17,9.187178611755371,20.456764221191406,0.0,20.96370506286621,20.414836883544922,20.96370506286621,0.0,5824614
2001-07-18,9.093022346496582,20.247127532958984,0.0,20.460575103759766,20.11372184753418,20.411026000976562,0.0,7687882
2001-07-19,9.24366283416748,20.58254623413086,0.0,20.807430267333984,20.430084228515625,20.58254623413086,0.0,3969742
2001-07-20,9.399442672729492,20.929401397705078,0.0,21.013256072998047,20.75406837463379,20.75406837463379,0.0,3931962
2001-07-23,9.440522193908691,21.0208797454834,0.0,21.211458206176758,20.719764709472656,21.078052520751953,0.0,3997552
2001-07-24,9.070779800415039,20.19757652282715,0.0,21.024690628051758,20.048925399780273,21.024690628051758,0.0,6338836
2001-07-25,9.519261360168457,21.196212768554688,0.0,21.211458206176758,20.220447540283203,20.29667854309082,0.0,5602922
2001-07-26,9.694999694824219,21.447776794433594,0.137217,21.527820587158203,21.302936553955078,21.3258056640625,0.0,4324713
2001-07-27,9.815608978271484,21.71458625793457,0.0,21.80225372314453,21.177154541015625,21.5125732421875,0.0,2789392
2001-07-30,9.896588325500488,21.89373207092285,0.0,22.008079528808594,21.70696449279785,21.840368270874023,0.0,4175431
2001-07-31,9.836284637451172,21.760326385498047,0.0,22.06525230407715,21.70696449279785,21.916601181030273,0.0,3708696
2001-08-01,9.813888549804688,21.71077537536621,0.0,22.274890899658203,21.67266082763672,22.050006866455078,0.0,4967490
2001-08-02,9.917266845703125,21.939470291137695,0.0,21.947093963623047,21.451587677001953,21.821311950683594,0.0,4103545
2001-08-03,9.762197494506836,21.59642791748047,0.0,22.103368759155273,21.59261703491211,22.103368759155273,0.0,3694791
2001-08-06,9.694999694824219,21.447776794433594,0.0,21.729833602905273,21.344863891601562,21.61167335510254,0.0,2379589
2001-08-07,9.846623420715332,21.78319549560547,0.0,21.908977508544922,21.573558807373047,21.61167335510254,0.0,5053544
2001-08-08,9.820777893066406,21.726022720336914,0.0,22.030948638916016,21.61167335510254,22.030948638916016,0.0,5819630
2001-08-09,9.796661376953125,21.67266082763672,0.0,21.80606460571289,21.554500579833984,21.649789810180664,0.0,4246005
2001-08-10,9.982734680175781,22.08431053161621,0.0,22.126237869262695,21.729833602905273,21.78319549560547,0.0,4007259
2001-08-13,9.917266845703125,21.939470291137695,0.0,22.229150772094727,21.916601181030273,22.17959976196289,0.0,2851834
2001-08-14,9.97584342956543,22.069063186645508,0.0,22.095745086669922,21.916601181030273,21.962339401245117,0.0,3420889
2001-08-15,10.203265190124512,22.572193145751953,0.0,22.617931365966797,22.107179641723633,22.297758102416992,0.0,5757975
2001-08-16,10.15675163269043,22.469280242919922,0.0,22.5645694732666,22.26345443725586,22.488338470458984,0.0,4161526
2001-08-17,9.996520042419434,22.114803314208984,0.0,22.316816329956055,22.038572311401367,22.278701782226562,0.0,2078664
2001-08-20,9.941384315490723,21.99283218383789,0.0,22.160541534423828,21.962339401245117,22.114803314208984,0.0,2013599
2001-08-21,9.960334777832031,22.034759521484375,0.0,22.316816329956055,21.985210418701172,22.08812141418457,0.0,2257068
2001-08-22,9.932772636413574,21.97377586364746,0.0,22.678918838500977,21.935659408569336,22.297758102416992,0.0,4693326
2001-08-23,10.096446990966797,22.335874557495117,0.0,22.45403480529785,22.030948638916016,22.069063186645508,0.0,8206302
2001-08-24,10.229120254516602,22.62936782836914,0.0,22.678918838500977,22.373991012573242,22.52645492553711,0.0,2833731
2001-08-27,10.124016761779785,22.396860122680664,0.0,22.770395278930664,22.393049240112305,22.64080238342285,0.0,3356348
2001-08-28,10.039594650268555,22.210092544555664,0.0,22.488338470458984,22.17197608947754,22.488338470458984,0.0,2411597
2001-08-29,10.07922077178955,22.297758102416992,0.0,22.766584396362305,22.27107810974121,22.488338470458984,0.0,3331162
2001-08-30,10.032700538635254,22.194847106933594,0.0,22.64080238342285,22.160541534423828,22.43116569519043,0.0,4223442
2001-08-31,9.906929969787598,21.916601181030273,0.0,22.335874557495117,21.916601181030273,22.183412551879883,0.0,4131355
2001-09-04,10.089557647705078,22.320629119873047,0.0,22.488338470458984,22.08812141418457,22.107179641723633,0.0,3461554
2001-09-05,10.198107719421387,22.560758590698242,0.0,22.6331787109375,22.08812141418457,22.45403480529785,0.0,3489102
2001-09-06,10.234288215637207,22.64080238342285,0.0,22.81613540649414,22.488338470458984,22.560758590698242,0.0,3850369
2001-09-07,10.194662094116211,22.55313491821289,0.0,22.80470085144043,22.54932403564453,22.64461326599121,0.0,4772033
2001-09-10,10.089557647705078,22.320629119873047,0.0,22.62174415588379,22.225339889526367,22.591251373291016,0.0,2737445
2001-09-17,10.094731330871582,22.332063674926758,0.0,22.583627700805664,21.916601181030273,22.324440002441406,0.0,6764906
2001-09-18,9.588181495666504,21.211458206176758,0.0,22.16435432434082,21.203834533691406,21.99283218383789,0.0,6296334
2001-09-19,9.10403823852539,20.140403747558594,0.0,21.287689208984375,19.885026931762695,21.23051643371582,0.0,6832595
2001-09-20,9.174674034118652,20.29667854309082,0.0,20.357664108276367,19.91551971435547,19.987939834594727,0.0,5573800
2001-09-21,9.333189964294434,20.6473445892334,0.0,20.982763290405273,19.801172256469727,20.106098175048828,0.0,6865127
2001-09-24,8.873160362243652,19.629650115966797,0.0,20.56730079650879,19.343782424926758,20.239505767822266,0.0,8026587
2001-09-25,8.764616966247559,19.389522552490234,0.0,19.82023048400879,19.05791473388672,19.82023048400879,0.0,6230220
2001-09-26,8.683634757995605,19.210376739501953,0.0,19.65633201599121,19.172260284423828,19.55341911315918,0.0,4511249
2001-09-27,9.019612312316895,19.953636169433594,0.0,20.02224349975586,19.210376739501953,19.210376739501953,0.0,4456941
2001-09-28,9.293559074401855,20.559677124023438,0.0,20.559677124023438,19.93457794189453,20.01081085205078,0.0,4791710
2001-10-01,9.1453857421875,20.23188018798828,0.0,20.559677124023438,19.91551971435547,20.559677124023438,0.0,3593520
2001-10-02,9.295283317565918,20.56348991394043,0.0,20.58254623413086,19.946012496948242,20.02986717224121,0.0,3147774
2001-10-03,9.233256340026855,20.426271438598633,0.0,20.7655029296875,20.20138931274414,20.559677124023438,0.0,4287195
2001-10-04,9.350415229797363,20.68545913696289,0.0,20.77312660217285,20.3919677734375,20.506315231323242,0.0,5532610
2001-10-05,9.3641996383667,20.715951919555664,0.0,20.937023162841797,20.3919677734375,20.792184829711914,0.0,4307922
2001-10-08,9.474466323852539,20.95989418029785,0.0,21.24576187133789,20.506315231323242,20.719764709472656,0.0,2597871
2001-10-09,9.574397087097168,21.180965423583984,0.0,21.23432731628418,20.94464683532715,21.078052520751953,0.0,2756073
2001-10-10,9.894865036010742,21.88991928100586,0.0,21.962339401245117,21.15428352355957,21.33342933654785,0.0,3489626
2001-10-11,9.812167167663574,21.70696449279785,0.0,21.962339401245117,21.352487564086914,21.88229751586914,0.0,3942457
2001-10-12,9.906929969787598,21.916601181030273,0.0,21.916601181030273,21.489704132080078,21.70696449279785,0.0,4726121
2001-10-15,9.665714263916016,21.382978439331055,0.0,21.821311950683594,20.990385055541992,21.821311950683594,0.0,4631672
2001-10-16,9.820777893066406,21.726022720336914,0.0,21.840368270874023,21.295312881469727,21.379167556762695,0.0,4868843
2001-10-17,9.806999206542969,21.69552993774414,0.0,22.110992431640625,21.60405158996582,21.916601181030273,0.0,7721202
2001-10-18,9.436561584472656,20.876039505004883,0.0,21.60786247253418,20.822677612304688,21.573558807373047,0.0,4116663
2001-10-19,9.458962440490723,20.92559051513672,0.0,21.15428352355957,20.414836883544922,20.879850387573242,0.0,5101030
2001-10-22,9.527881622314453,21.078052520751953,0.0,21.21908187866211,20.87222671508789,21.15428352355957,0.0,3399900
2001-10-23,9.603690147399902,21.24576187133789,0.0,21.661224365234375,20.87222671508789,20.96370506286621,0.0,5023897
2001-10-24,9.600242614746094,21.23813819885254,0.0,21.440153121948242,20.990385055541992,21.24576187133789,0.0,3514288
2001-10-25,9.791491508483887,21.661224365234375,0.0,21.67266082763672,21.04755973815918,21.04755973815918,0.0,3285249
2001-10-26,9.977568626403809,22.0728759765625,0.0,22.103368759155273,21.565935134887695,21.565935134887695,0.0,2672643
2001-10-29,9.986237525939941,21.9547176361084,0.137217,22.202470779418945,21.825122833251953,21.939470291137695,0.0,3446075
2001-10-30,9.578812599182129,21.05899429321289,0.0,21.760326385498047,20.982763290405273,21.760326385498047,0.0,3734669
2001-10-31,9.43317985534668,20.73882293701172,0.0,21.24576187133789,20.540620803833008,21.211458206176758,0.0,5954482
2001-11-01,9.64122486114502,21.196212768554688,0.0,21.215269088745117,20.544431686401367,20.792184829711914,0.0,4287982
2001-11-02,9.327425956726074,20.506315231323242,0.0,20.929401397705078,20.430084228515625,20.929401397705078,0.0,2518376
2001-11-05,9.379430770874023,20.620662689208984,0.0,20.727386474609375,20.243316650390625,20.715951919555664,0.0,4402633
2001-11-06,9.50772476196289,20.902719497680664,0.0,20.92559051513672,20.315736770629883,20.620662689208984,0.0,4918954
2001-11-07,9.644693374633789,21.203834533691406,0.0,21.306747436523438,20.58254623413086,20.715951919555664,0.0,4421523
2001-11-08,9.603082656860352,21.112356185913086,0.0,21.42109489440918,20.982763290405273,21.211458206176758,0.0,2842913
2001-11-09,9.804195404052734,21.554500579833984,0.0,21.70315170288086,21.287689208984375,21.41728401184082,0.0,3080348
2001-11-12,9.726171493530273,21.382978439331055,0.0,21.726022720336914,21.04374885559082,21.268632888793945,0.0,2227159
2001-11-13,9.804195404052734,21.554500579833984,0.0,21.554500579833984,21.192399978637695,21.42109489440918,0.0,2604167
2001-11-14,9.261537551879883,20.361474990844727,0.0,20.998010635375977,20.20138931274414,20.77312660217285,0.0,6469491
2001-11-15,8.91132640838623,19.591535568237305,0.0,20.10991096496582,19.381898880004883,20.106098175048828,0.0,6084349
2001-11-16,8.984137535095215,19.75162124633789,0.0,19.801172256469727,19.309478759765625,19.721128463745117,0.0,6046832
2001-11-19,9.249399185180664,20.334793090820312,0.0,21.039936065673828,19.904085159301758,20.92559051513672,0.0,13294477
2001-11-20,9.485191345214844,20.853168487548828,0.0,21.116168975830078,20.544431686401367,20.58254623413086,0.0,6802948
2001-11-21,9.410642623901367,20.689271926879883,0.0,21.05518341064453,20.395780563354492,20.96370506286621,0.0,4426508
2001-11-23,9.535467147827148,20.96370506286621,0.0,20.96370506286621,20.334793090820312,20.491069793701172,0.0,1769606
2001-11-26,9.379430770874023,20.620662689208984,0.0,20.807430267333984,20.20138931274414,20.807430267333984,0.0,4361180
2001-11-27,9.483452796936035,20.84935760498047,0.0,21.15047264099121,20.49869155883789,20.58254623413086,0.0,5101555
2001-11-28,9.473050117492676,20.826488494873047,0.0,21.188589096069336,20.601604461669922,20.811241149902344,0.0,5616564
2001-11-29,9.727910995483398,21.386791229248047,0.0,21.459211349487305,20.830299377441406,20.830299377441406,0.0,5403005
2001-11-30,9.644693374633789,21.203834533691406,0.0,21.386791229248047,20.94845962524414,21.386791229248047,0.0,4449333
2001-12-03,9.738314628601074,21.40966033935547,0.0,21.527820587158203,20.917966842651367,21.203834533691406,0.0,4329960
2001-12-04,9.821533203125,21.59261703491211,0.0,21.60405158996582,21.169530868530273,21.455400466918945,0.0,4368526
2001-12-05,10.170011520385742,22.358745574951172,0.0,22.450223922729492,21.787006378173828,21.787006378173828,0.0,9450142
2001-12-06,9.759122848510742,21.455400466918945,0.0,22.316816329956055,21.42109489440918,22.313005447387695,0.0,5002121
2001-12-07,9.8943452835083,21.752702713012695,0.0,21.79081916809082,21.306747436523438,21.535442352294922,0.0,3739391
2001-12-10,9.838871955871582,21.6307315826416,0.0,21.70696449279785,21.363922119140625,21.49732780456543,0.0,2266250
2001-12-11,9.610015869140625,21.12760353088379,0.0,21.6307315826416,21.12760353088379,21.6307315826416,0.0,2933689
2001-12-12,9.755650520324707,21.447776794433594,0.0,21.535442352294922,21.15428352355957,21.15428352355957,0.0,3367367
2001-12-13,9.577075004577637,21.05518341064453,0.0,21.402036666870117,20.971328735351562,21.398225784301758,0.0,2131923
2001-12-14,9.814596176147461,21.577369689941406,0.0,21.61167335510254,21.089487075805664,21.12379264831543,0.0,3607950
2001-12-17,9.694971084594727,21.31437110900879,0.0,21.577369689941406,21.23813819885254,21.577369689941406,0.0,2691270
2001-12-18,9.828468322753906,21.60786247253418,0.0,21.60786247253418,21.200023651123047,21.200023651123047,0.0,4050548
2001-12-19,10.029582977294922,22.050006866455078,0.0,22.069063186645508,21.447776794433594,21.60786247253418,0.0,4121647
2001-12-20,10.124934196472168,22.2596435546875,0.0,22.278701782226562,22.015701293945312,22.103368759155273,0.0,4422572
2001-12-21,10.168277740478516,22.35493278503418,0.0,22.518831253051758,22.35112190246582,22.480714797973633,0.0,5230898
2001-12-24,10.332980155944824,22.71703338623047,0.0,22.789453506469727,22.393049240112305,22.393049240112305,0.0,2053478
2001-12-26,10.47341251373291,23.025772094726562,0.0,23.10962677001953,22.80470085144043,22.81232261657715,0.0,3453159
2001-12-27,10.384984970092773,22.83138084411621,0.0,23.029582977294922,22.412107467651367,23.029582977294922,0.0,5089749
2001-12-28,10.487278938293457,23.056264877319336,0.0,23.151554107666016,22.90761375427246,22.960975646972656,0.0,2485582
2001-12-31,10.447407722473145,22.968597412109375,0.0,23.231597900390625,22.949539184570312,23.09819221496582,0.0,2334726
2002-01-02,10.423130989074707,22.91523551940918,0.0,22.976221084594727,22.43116569519043,22.930482864379883,0.0,4721661
2002-01-03,10.362451553344727,22.781829833984375,0.0,23.082944869995117,22.583627700805664,22.91523551940918,0.0,4184089
2002-01-04,10.449137687683105,22.972408294677734,0.0,23.136308670043945,22.785642623901367,22.80470085144043,0.0,3913860
2002-01-07,10.452604293823242,22.98003387451172,0.0,23.041017532348633,22.755149841308594,22.976221084594727,0.0,2778636
2002-01-08,10.31563949584961,22.678918838500977,0.0,22.98003387451172,22.53026580810547,22.98003387451172,0.0,4295591
2002-01-09,10.228954315185547,22.488338470458984,0.0,22.747526168823242,22.305381774902344,22.488338470458984,0.0,4701459
2002-01-10,10.263629913330078,22.5645694732666,0.0,22.697975158691406,22.316816329956055,22.507396697998047,0.0,3919369
2002-01-11,10.272302627563477,22.583627700805664,0.0,22.945728302001953,22.396860122680664,22.5645694732666,0.0,7167888
2002-01-14,10.114532470703125,22.236774444580078,0.0,22.678918838500977,22.210092544555664,22.583627700805664,0.0,4894030
2002-01-15,10.241090774536133,22.5150203704834,0.0,22.785642623901367,22.43116569519043,22.450223922729492,0.0,3779270
2002-01-16,10.072927474975586,22.145296096801758,0.0,22.320629119873047,22.06525230407715,22.202470779418945,0.0,3959510
2002-01-17,10.072927474975586,22.145296096801758,0.0,22.35112190246582,22.069063186645508,22.240585327148438,0.0,1739435
2002-01-18,10.059050559997559,22.114803314208984,0.0,22.232961654663086,21.920412063598633,22.069063186645508,0.0,2933689
2002-01-22,9.946358680725098,21.867050170898438,0.0,22.221527099609375,21.867050170898438,22.126237869262695,0.0,2588951
2002-01-23,10.199485778808594,22.423542022705078,0.0,22.476903915405273,21.99283218383789,22.008079528808594,0.0,2728788
2002-01-24,10.261896133422852,22.560758590698242,0.0,22.659860610961914,22.16435432434082,22.232961654663086,0.0,3433219
2002-01-25,10.28617000579834,22.614120483398438,0.0,22.678918838500977,22.3282527923584,22.47309112548828,0.0,4582611
2002-01-28,10.206417083740234,22.43878746032715,0.0,22.62174415588379,22.26726722717285,22.602685928344727,0.0,2878594
2002-01-29,9.979302406311035,21.939470291137695,0.0,22.412107467651367,21.844181060791016,22.412107467651367,0.0,5547564
2002-01-30,10.133597373962402,22.278701782226562,0.0,22.583627700805664,21.905166625976562,22.583627700805664,0.0,13743372
2002-01-31,10.137066841125488,22.286325454711914,0.0,22.297758102416992,22.107179641723633,22.110992431640625,0.0,6445879
2002-02-01,10.234153747558594,22.499773025512695,0.0,22.503585815429688,22.202470779418945,22.202470779418945,0.0,4146309
2002-02-04,10.043444633483887,22.08049964904785,0.0,22.499773025512695,22.030948638916016,22.499773025512695,0.0,2941822
2002-02-05,10.020912170410156,22.030948638916016,0.0,22.187223434448242,21.840368270874023,22.08049964904785,0.0,2535167
2002-02-06,10.078125,22.15673065185547,0.0,22.282512664794922,21.9547176361084,22.030948638916016,0.0,3257964
2002-02-07,9.942896842956543,21.859426498413086,0.0,22.06144142150879,21.737457275390625,22.030948638916016,0.0,3195523
2002-02-08,9.96022891998291,21.89754295349121,0.0,21.916601181030273,21.638355255126953,21.78319549560547,0.0,2703601
2002-02-11,10.060785293579102,22.118614196777344,0.0,22.160541534423828,21.619298934936523,21.726022720336914,0.0,3181618
2002-02-12,9.953295707702637,21.88229751586914,0.0,22.069063186645508,21.771760940551758,22.069063186645508,0.0,3601916
2002-02-13,9.968896865844727,21.916601181030273,0.0,22.011890411376953,21.649789810180664,21.840368270874023,0.0,3094253
2002-02-14,10.02264404296875,22.034759521484375,0.0,22.232961654663086,21.89754295349121,21.924224853515625,0.0,4248629
2002-02-15,10.08159065246582,22.16435432434082,0.0,22.240585327148438,22.015701293945312,22.034759521484375,0.0,3706334
2002-02-19,9.833867073059082,21.485891342163086,0.137217,21.950904846191406,21.440153121948242,21.89754295349121,0.0,3156956
2002-02-20,9.788508415222168,21.386791229248047,0.0,21.51638412475586,21.078052520751953,21.42109489440918,0.0,2989047
2002-02-21,9.894927978515625,21.619298934936523,0.0,21.798442840576172,21.42109489440918,21.42109489440918,0.0,3375763
2002-02-22,10.128689765930176,22.130050659179688,0.0,22.198657989501953,21.71458625793457,21.71458625793457,0.0,3119964
2002-02-25,10.324076652526855,22.556947708129883,0.0,22.602685928344727,22.030948638916016,22.183412551879883,0.0,4450907
2002-02-26,10.273484230041504,22.4464111328125,0.0,22.579816818237305,22.122426986694336,22.576005935668945,0.0,4320515
2002-02-27,10.135671615600586,22.145296096801758,0.0,22.54551124572754,22.08812141418457,22.469280242919922,0.0,2824286
2002-02-28,10.311863899230957,22.53026580810547,0.0,22.793264389038086,22.2596435546875,22.278701782226562,0.0,4841034
2002-03-01,10.345015525817871,22.602685928344727,0.0,22.7017879486084,22.2596435546875,22.697975158691406,0.0,7850544
2002-03-04,10.433979988098145,22.797077178955078,0.0,22.8199462890625,22.576005935668945,22.743715286254883,0.0,5130152
2002-03-05,10.44793701171875,22.82756805419922,0.0,22.842815399169922,22.602685928344727,22.839004516601562,0.0,3939833
2002-03-06,10.615409851074219,23.1934814453125,0.0,23.227785110473633,22.789453506469727,22.83138084411621,0.0,5446819
2002-03-07,10.608438491821289,23.178234100341797,0.0,23.326887130737305,22.896177291870117,23.28877067565918,0.0,4082818
2002-03-08,10.564821243286133,23.082944869995117,0.0,23.445045471191406,22.983844757080078,23.27352523803711,0.0,3474147
2002-03-11,10.711362838745117,23.403118133544922,0.0,23.46029281616211,23.155364990234375,23.250654220581055,0.0,2979340
2002-03-12,10.885815620422363,23.784276962280273,0.0,23.795711517333984,23.28877067565918,23.326887130737305,0.0,5427404
2002-03-13,10.90151596069336,23.818580627441406,0.0,24.016782760620117,23.67374038696289,24.009159088134766,0.0,6588864
2002-03-14,10.826501846313477,23.654682159423828,0.0,23.83763885498047,23.55558204650879,23.833826065063477,0.0,3611623
2002-03-15,10.941638946533203,23.906246185302734,0.0,23.982479095458984,23.723291397094727,23.879566192626953,0.0,4302412
2002-03-18,11.068991661071777,24.184492111206055,0.0,24.184492111206055,23.84526252746582,23.93674087524414,0.0,3473360
2002-03-19,11.102136611938477,24.256912231445312,0.0,24.31789779663086,24.100637435913086,24.184492111206055,0.0,4025362
2002-03-20,10.990486145019531,24.012971878051758,0.0,24.22641944885254,23.891000747680664,24.108261108398438,0.0,4613044
2002-03-21,10.906750679016113,23.830015182495117,0.0,24.012971878051758,23.639436721801758,23.925304412841797,0.0,3864274
2002-03-22,10.767186164855957,23.525089263916016,0.0,23.749971389770508,23.429798126220703,23.74616050720215,0.0,2957039
2002-03-25,10.659022331237793,23.28877067565918,0.0,23.55558204650879,23.28877067565918,23.528900146484375,0.0,3656749
2002-03-26,10.707871437072754,23.39549446105957,0.0,23.4984073638916,23.269712448120117,23.441234588623047,0.0,4080457
2002-03-27,10.936409950256348,23.894813537597656,0.0,23.894813537597656,23.441234588623047,23.55558204650879,0.0,3573056
2002-03-28,10.955596923828125,23.93674087524414,0.0,23.967233657836914,23.66230583190918,23.93674087524414,0.0,3984172
2002-04-01,11.117835998535156,24.291217803955078,0.0,24.291217803955078,23.902435302734375,23.990102767944336,0.0,3698726
2002-04-02,11.109112739562988,24.272159576416016,0.0,24.4322452545166,24.214984893798828,24.260723114013672,0.0,4137389
2002-04-03,10.973042488098145,23.974855422973633,0.0,24.214984893798828,23.864320755004883,24.214984893798828,0.0,3755920
2002-04-04,10.789871215820312,23.57464027404785,0.0,23.974855422973633,23.36500358581543,23.974855422973633,0.0,4217146
2002-04-05,10.578773498535156,23.11343765258789,0.0,23.57464027404785,23.09819221496582,23.47934913635254,0.0,3771924
2002-04-08,10.791611671447754,23.57845115661621,0.0,23.6356258392334,23.36881446838379,23.441234588623047,0.0,3449223
2002-04-09,10.47585391998291,22.8885555267334,0.0,23.254467010498047,22.789453506469727,23.250654220581055,0.0,7680799
2002-04-10,10.52818489074707,23.002901077270508,0.0,23.10200309753418,22.778018951416016,22.8885555267334,0.0,3622117
2002-04-11,10.414793014526367,22.755149841308594,0.0,23.09056854248047,22.697975158691406,22.945728302001953,0.0,3018956
2002-04-12,10.135671615600586,22.145296096801758,0.0,22.774206161499023,22.069063186645508,22.659860610961914,0.0,4692276
2002-04-15,10.379903793334961,22.678918838500977,0.0,22.678918838500977,22.36636734008789,22.36636734008789,0.0,4389777
2002-04-16,10.47585391998291,22.8885555267334,0.0,22.91523551940918,22.709409713745117,22.774206161499023,0.0,5203875
2002-04-17,10.535162925720215,23.01814842224121,0.0,23.121061325073242,22.850439071655273,23.079133987426758,0.0,2878857
2002-04-18,10.582268714904785,23.121061325073242,0.0,23.1934814453125,22.73990249633789,23.117250442504883,0.0,2531494
2002-04-19,10.685197830200195,23.345945358276367,0.0,23.425987243652344,22.945728302001953,23.1248722076416,0.0,3241698
2002-04-22,10.58401107788086,23.1248722076416,0.0,23.403118133544922,23.044830322265625,23.349756240844727,0.0,2397167
2002-04-23,10.636350631713867,23.239219665527344,0.0,23.326887130737305,22.850439071655273,22.8885555267334,0.0,3524258
2002-04-24,10.479342460632324,22.896177291870117,0.0,23.170612335205078,22.896177291870117,23.02195930480957,0.0,3389930
2002-04-25,10.58401107788086,23.1248722076416,0.0,23.250654220581055,22.73609161376953,22.873308181762695,0.0,3105534
2002-04-26,10.499776840209961,22.80470085144043,0.137217,23.151554107666016,22.7017879486084,23.082944869995117,0.0,4731105
2002-04-29,10.519081115722656,22.84662628173828,0.0,22.90380096435547,22.602685928344727,22.80470085144043,0.0,2489517
2002-04-30,10.496267318725586,22.797077178955078,0.0,23.029582977294922,22.797077178955078,22.84662628173828,0.0,3265573
2002-05-01,10.561198234558105,22.9381046295166,0.0,23.01814842224121,22.62555503845215,22.720844268798828,0.0,2061873
2002-05-02,10.655965805053711,23.143930435180664,0.0,23.159177780151367,22.839004516601562,22.9381046295166,0.0,3464440
2002-05-03,10.699837684631348,23.239219665527344,0.0,23.376436233520508,23.155364990234375,23.235408782958984,0.0,3725749
2002-05-06,10.459413528442383,22.71703338623047,0.0,23.1248722076416,22.71703338623047,23.121061325073242,0.0,3060933
2002-05-07,10.445377349853516,22.686540603637695,0.0,22.82756805419922,22.62174415588379,22.755149841308594,0.0,2059512
2002-05-08,10.64017105102539,23.10962677001953,0.0,23.10962677001953,22.71703338623047,22.877119064331055,0.0,3134656
2002-05-09,10.61384391784668,23.052452087402344,0.0,23.250654220581055,22.873308181762695,23.060075759887695,0.0,2511555
2002-05-10,10.533123970031738,22.877119064331055,0.0,23.155364990234375,22.81613540649414,23.052452087402344,0.0,2604692
2002-05-13,10.698084831237793,23.235408782958984,0.0,23.250654220581055,22.743715286254883,22.850439071655273,0.0,3681673
2002-05-14,10.701595306396484,23.243032455444336,0.0,23.3802490234375,23.140119552612305,23.36500358581543,0.0,3993354
2002-05-15,10.573487281799316,22.964786529541016,0.0,23.151554107666016,22.869497299194336,23.147741317749023,0.0,4128206
2002-05-16,10.694574356079102,23.227785110473633,0.0,23.30020523071289,23.056264877319336,23.060075759887695,0.0,2708061
2002-05-17,10.615602493286133,23.056264877319336,0.0,23.166799545288086,22.899988174438477,23.159177780151367,0.0,2289600
2002-05-20,10.554181098937988,22.92285919189453,0.0,22.968597412109375,22.762771606445312,22.869497299194336,0.0,1845428
2002-05-21,10.508550643920898,22.82375717163086,0.0,23.121061325073242,22.774206161499023,22.83138084411621,0.0,2568749
2002-05-22,10.620856285095215,23.067699432373047,0.0,23.09819221496582,22.800888061523438,22.91904640197754,0.0,3432170
2002-05-23,10.612090110778809,23.048641204833984,0.0,23.166799545288086,22.83519172668457,23.166799545288086,0.0,3298105
2002-05-24,10.401497840881348,22.591251373291016,0.0,23.060075759887695,22.587440490722656,22.953351974487305,0.0,3362383
2002-05-28,10.341830253601074,22.46165657043457,0.0,22.667482376098633,22.301570892333984,22.667482376098633,0.0,2193052
2002-05-29,10.266364097595215,22.297758102416992,0.0,22.465469360351562,22.202470779418945,22.465469360351562,0.0,4125058
2002-05-30,10.003131866455078,21.726022720336914,0.0,22.217716217041016,21.634544372558594,22.183412551879883,0.0,5557796
2002-05-31,10.099649429321289,21.935659408569336,0.0,22.393049240112305,21.931846618652344,22.011890411376953,0.0,4282998
2002-06-03,9.91011905670166,21.52400779724121,0.0,22.0042667388916,21.52400779724121,21.939470291137695,0.0,4161263
2002-06-04,9.822370529174805,21.33342933654785,0.0,21.661224365234375,21.161907196044922,21.52400779724121,0.0,4904787
2002-06-05,9.852201461791992,21.398225784301758,0.0,21.41728401184082,21.093299865722656,21.268632888793945,0.0,4095412
2002-06-06,9.815349578857422,21.31818389892578,0.0,21.676471710205078,21.100921630859375,21.573558807373047,0.0,4161263
2002-06-07,9.931181907653809,21.569747924804688,0.0,21.619298934936523,21.15428352355957,21.15428352355957,0.0,4174906
2002-06-10,9.799558639526367,21.283878326416016,0.0,21.623109817504883,21.211458206176758,21.535442352294922,0.0,3623167
2002-06-11,9.74515438079834,21.16571807861328,0.0,21.565935134887695,21.13522720336914,21.535442352294922,0.0,3725486
2002-06-12,9.773235321044922,21.22670555114746,0.0,21.42109489440918,20.990385055541992,21.3258056640625,0.0,4523318
2002-06-13,9.783763885498047,21.249574661254883,0.0,21.60405158996582,21.22670555114746,21.344863891601562,0.0,3303877
2002-06-14,9.753929138183594,21.184776306152344,0.0,21.352487564086914,20.784561157226562,20.96370506286621,0.0,4181990
2002-06-17,10.071569442749023,21.87467384338379,0.0,21.931846618652344,21.280067443847656,21.280067443847656,0.0,2977241
2002-06-18,10.07508373260498,21.88229751586914,0.0,21.97377586364746,21.729833602905273,21.77938461303711,0.0,2833206
2002-06-19,9.978557586669922,21.67266082763672,0.0,21.985210418701172,21.638355255126953,21.89373207092285,0.0,3678787
2002-06-20,10.006641387939453,21.733644485473633,0.0,21.9547176361084,21.653602600097656,21.821311950683594,0.0,3172435
2002-06-21,9.924161911010742,21.554500579833984,0.0,21.916601181030273,21.42871856689453,21.53925323486328,0.0,5048296
2002-06-24,9.915380477905273,21.535442352294922,0.0,21.71077537536621,21.402036666870117,21.649789810180664,0.0,4127419
2002-06-25,9.889059066772461,21.478269577026367,0.0,21.962339401245117,21.478269577026367,21.726022720336914,0.0,2653753
2002-06-26,10.069818496704102,21.870861053466797,0.0,21.870861053466797,21.3258056640625,21.474456787109375,0.0,5294388
2002-06-27,10.157562255859375,22.06144142150879,0.0,22.08049964904785,21.634544372558594,22.008079528808594,0.0,3898643
2002-06-28,10.333053588867188,22.442598342895508,0.0,22.62555503845215,21.851804733276367,21.851804733276367,0.0,5474366
2002-07-01,10.354116439819336,22.488338470458984,0.0,22.568382263183594,22.240585327148438,22.43116569519043,0.0,5488271
2002-07-02,10.097893714904785,21.931846618652344,0.0,22.5645694732666,21.901355743408203,22.45784568786621,0.0,6951443
2002-07-03,10.07683277130127,21.8861083984375,0.0,21.916601181030273,21.645978927612305,21.764137268066406,0.0,7560639
2002-07-05,10.266364097595215,22.297758102416992,0.0,22.297758102416992,21.867050170898438,21.98139762878418,0.0,2519951
2002-07-08,10.383950233459473,22.55313491821289,0.0,22.5645694732666,22.000455856323242,22.297758102416992,0.0,5360240
2002-07-09,10.206700325012207,22.16816520690918,0.0,22.522642135620117,22.08812141418457,22.469280242919922,0.0,3413805
2002-07-10,9.813597679138184,21.31437110900879,0.0,22.373991012573242,21.23051643371582,22.373991012573242,0.0,5559370
2002-07-11,9.371353149414062,20.353851318359375,0.0,21.158096313476562,20.353851318359375,21.15428352355957,0.0,8242508
2002-07-12,9.311681747436523,20.224258422851562,0.0,20.48725700378418,20.060359954833984,20.37672233581543,0.0,6933603
2002-07-15,9.099336624145508,19.763057708740234,0.0,20.048925399780273,18.924509048461914,19.05791473388672,0.0,6613788
2002-07-16,8.994044303894043,19.53436279296875,0.0,19.862157821655273,19.233247756958008,19.572477340698242,0.0,6831545
2002-07-17,9.099336624145508,19.763057708740234,0.0,20.132780075073242,19.602970123291016,19.743999481201172,0.0,5147468
2002-07-18,8.918581008911133,19.370464324951172,0.0,19.93076515197754,19.309478759765625,19.763057708740234,0.0,5156650
2002-07-19,8.599183082580566,18.676755905151367,0.0,19.324724197387695,18.375640869140625,19.324724197387695,0.0,5736724
2002-07-22,8.142897605895996,17.68574333190918,0.0,18.768234252929688,17.437990188598633,18.486177444458008,0.0,6789043
2002-07-23,8.027070999145508,17.434179306030273,0.0,18.05546760559082,17.255035400390625,17.628570556640625,0.0,7263911
2002-07-24,8.385078430175781,18.211742401123047,0.0,18.31084442138672,17.056833267211914,17.476106643676758,0.0,8130743
2002-07-25,8.084988594055176,17.559961318969727,0.0,18.181249618530273,17.262657165527344,18.085960388183594,0.0,5759287
2002-07-26,8.334183692932129,18.101207733154297,0.0,18.101207733154297,17.548526763916016,17.655250549316406,0.0,4306872
2002-07-29,8.809775352478027,19.134145736694336,0.0,19.137956619262695,18.2689151763916,18.348960876464844,0.0,4496820
2002-07-30,8.793978691101074,19.09984016418457,0.0,19.313289642333984,18.61958122253418,19.229434967041016,0.0,5725443
2002-07-31,9.08178997039795,19.72494125366211,0.0,19.72494125366211,18.88639259338379,19.103652954101562,0.0,4186712
2002-08-01,8.63603687286377,18.756799697875977,0.0,19.55341911315918,18.726306915283203,19.477188110351562,0.0,5406940
2002-08-02,8.539515495300293,18.547161102294922,0.0,18.867334365844727,18.169815063476562,18.756799697875977,0.0,5628895
2002-08-05,8.160449028015137,17.723859786987305,0.0,18.863523483276367,17.723859786987305,18.547161102294922,0.0,4774132
2002-08-06,8.509675979614258,18.482364654541016,0.0,18.89401626586914,17.85726547241211,17.85726547241211,0.0,3820460
2002-08-07,8.640519142150879,18.62720489501953,0.137217,18.692001342773438,18.23461151123047,18.676755905151367,0.0,4121647
2002-08-08,9.017114639282227,19.439071655273438,0.0,19.439071655273438,18.669132232666016,18.714872360229492,0.0,3298630
2002-08-09,9.15502643585205,19.73637580871582,0.0,19.8316650390625,18.958812713623047,19.36284065246582,0.0,3395177
2002-08-12,9.146184921264648,19.717317581176758,0.0,19.75162124633789,19.35521697998047,19.73637580871582,0.0,2971469
2002-08-13,8.948159217834473,19.290420532226562,0.0,19.7135066986084,19.290420532226562,19.7135066986084,0.0,4203503
2002-08-14,9.241656303405762,19.92314338684082,0.0,19.972694396972656,19.229434967041016,19.55341911315918,0.0,3510353
2002-08-15,9.266410827636719,19.976505279541016,0.0,20.182331085205078,19.854534149169922,20.106098175048828,0.0,3544459
2002-08-16,9.163864135742188,19.755434036254883,0.0,19.953636169433594,19.64108657836914,19.881216049194336,0.0,3034697
2002-08-19,9.245194435119629,19.93076515197754,0.0,20.060359954833984,19.610593795776367,19.82023048400879,0.0,2843963
2002-08-20,9.093144416809082,19.602970123291016,0.0,19.91933250427246,19.404767990112305,19.91933250427246,0.0,2133759
2002-08-21,9.170934677124023,19.770679473876953,0.0,19.797361373901367,19.313289642333984,19.690637588500977,0.0,2921359
2002-08-22,9.333593368530273,20.12134552001953,0.0,20.18995475769043,19.705883026123047,19.82023048400879,0.0,4791710
2002-08-23,9.16032600402832,19.74781036376953,0.0,20.10991096496582,19.686824798583984,20.106098175048828,0.0,2466692
2002-08-26,9.192145347595215,19.81641960144043,0.0,19.858346939086914,19.511491775512695,19.82023048400879,0.0,2805659
2002-08-27,9.167401313781738,19.763057708740234,0.0,20.182331085205078,19.73256492614746,20.01462173461914,0.0,3273706
2002-08-28,9.105515480041504,19.629650115966797,0.0,19.705883026123047,19.320913314819336,19.36284065246582,0.0,3853780
2002-08-29,9.114356994628906,19.64870834350586,0.0,19.667766571044922,19.25611686706543,19.55341911315918,0.0,4874615
2002-08-30,9.296466827392578,20.041301727294922,0.0,20.250938415527344,19.622028350830078,19.683013916015625,0.0,8629748
2002-09-03,9.317682266235352,20.0870418548584,0.0,20.277620315551758,19.766868591308594,20.041301727294922,0.0,11410745
2002-09-04,9.140877723693848,19.705883026123047,0.0,20.182331085205078,19.332347869873047,20.182331085205078,0.0,12144299
2002-09-05,9.12319278717041,19.667766571044922,0.0,19.808795928955078,19.36284065246582,19.591535568237305,0.0,9772843
2002-09-06,9.075459480285645,19.56485366821289,0.0,19.91551971435547,19.496246337890625,19.801172256469727,0.0,8408580
2002-09-09,9.063082695007324,19.53817367553711,0.0,19.622028350830078,19.305667877197266,19.522926330566406,0.0,5935067
2002-09-10,9.213372230529785,19.862157821655273,0.0,19.873592376708984,19.572477340698242,19.591535568237305,0.0,8706882
2002-09-11,9.275253295898438,19.995563507080078,0.0,20.0870418548584,19.93457794189453,19.953636169433594,0.0,4886946
2002-09-12,9.218673706054688,19.873592376708984,0.0,20.01081085205078,19.73637580871582,19.995563507080078,0.0,6333589
2002-09-13,9.185074806213379,19.801172256469727,0.0,19.896461486816406,19.610593795776367,19.629650115966797,0.0,3738867
2002-09-16,9.172704696655273,19.774492263793945,0.0,19.774492263793945,19.4581298828125,19.496246337890625,0.0,4992152
2002-09-17,8.831469535827637,19.038856506347656,0.0,19.572477340698242,19.038856506347656,19.515304565429688,0.0,6918910
2002-09-18,8.898653984069824,19.183696746826172,0.0,19.35521697998047,18.69962501525879,19.038856506347656,0.0,5236407
2002-09-19,8.812020301818848,18.996929168701172,0.0,19.309478759765625,18.87877082824707,18.99311637878418,0.0,5132251
2002-09-20,8.62813949584961,18.60052490234375,0.0,19.107465744018555,18.60052490234375,19.038856506347656,0.0,7169725
2002-09-23,8.566258430480957,18.467119216918945,0.0,18.749176025390625,18.2193660736084,18.60433578491211,0.0,6389209
2002-09-24,8.357627868652344,18.017351150512695,0.0,18.371828079223633,17.95636749267578,18.371828079223633,0.0,5748268
2002-09-25,8.493765830993652,18.31084442138672,0.0,18.436626434326172,17.826772689819336,18.105018615722656,0.0,5467545
2002-09-26,8.695323944091797,18.745363235473633,0.0,18.852088928222656,18.409944534301758,18.467119216918945,0.0,7251843
2002-09-27,8.437187194824219,18.188873291015625,0.0,18.901639938354492,18.181249618530273,18.650075912475586,0.0,6335426
2002-09-30,8.175516128540039,17.624759674072266,0.0,17.998294830322266,17.48373031616211,17.998294830322266,0.0,6699317
2002-10-01,8.506143569946289,18.3375244140625,0.0,18.3375244140625,17.502788543701172,17.533281326293945,0.0,8308622
2002-10-02,8.362933158874512,18.02878761291504,0.0,18.71868324279785,17.95255470275879,18.3375244140625,0.0,5053019
2002-10-03,8.5963134765625,18.53191566467285,0.0,18.638639450073242,17.933496475219727,18.0478458404541,0.0,6514616
2002-10-04,8.301048278808594,17.895381927490234,0.0,18.714872360229492,17.76197624206543,18.53191566467285,0.0,4887733
2002-10-07,8.12424087524414,17.514223098754883,0.0,18.314655303955078,17.51041030883789,18.105018615722656,0.0,6310502
2002-10-08,8.2144136428833,17.708614349365234,0.0,17.79246711730957,17.255035400390625,17.742918014526367,0.0,6080414
2002-10-09,7.896164417266846,17.02252960205078,0.0,17.704801559448242,16.999658584594727,17.514223098754883,0.0,4967490
2002-10-10,8.039376258850098,17.331266403198242,0.0,17.365570068359375,16.782398223876953,17.02252960205078,0.0,8797395
2002-10-11,8.088881492614746,17.437990188598633,0.0,17.647628784179688,17.29315185546875,17.39987564086914,0.0,7551194
2002-10-14,8.370002746582031,18.04403305053711,0.0,18.116453170776367,17.350324630737305,17.437990188598633,0.0,4041366
2002-10-15,8.53089714050293,18.390886306762695,0.0,18.448060989379883,18.200307846069336,18.2193660736084,0.0,4851528
2002-10-16,8.493765830993652,18.31084442138672,0.0,18.547161102294922,18.14313316345215,18.390886306762695,0.0,4151819
2002-10-17,8.7112398147583,18.7796688079834,0.0,18.844465255737305,18.51285743713379,18.772045135498047,0.0,5698158
2002-10-18,8.647586822509766,18.6424503326416,0.0,18.855899810791016,18.34514808654785,18.676755905151367,0.0,3625266
2002-10-21,8.591011047363281,18.52048110961914,0.0,18.657697677612305,18.261293411254883,18.585277557373047,0.0,4216621
2002-10-22,8.345252990722656,17.990671157836914,0.0,18.2193660736084,17.68574333190918,18.16219139099121,0.0,7377775
2002-10-23,8.47785472869873,18.276538848876953,0.0,18.371828079223633,17.800092697143555,17.990671157836914,0.0,6024531
2002-10-24,8.347016334533691,17.994482040405273,0.0,18.53572654724121,17.895381927490234,18.5242919921875,0.0,5144582
2002-10-25,8.394752502441406,18.097394943237305,0.0,18.33371353149414,17.746728897094727,18.078336715698242,0.0,5701831
2002-10-28,8.497306823730469,18.318466186523438,0.0,18.688190460205078,18.0325984954834,18.314655303955078,0.0,4294804
2002-10-29,8.263923645019531,17.815338134765625,0.0,18.105018615722656,17.502788543701172,18.105018615722656,0.0,5782375
2002-10-30,8.693558692932129,18.741552352905273,0.0,18.829219818115234,18.12407684326172,18.12407684326172,0.0,10072718
2002-10-31,8.645428657531738,18.486177444458008,0.152463,19.054101943969727,18.352771759033203,19.019798278808594,0.0,10491704
2002-11-01,8.604432106018066,18.398509979248047,0.0,18.714872360229492,18.22698974609375,18.486177444458008,0.0,8694026
2002-11-04,8.501038551330566,18.177438735961914,0.0,18.486177444458008,17.95255470275879,18.486177444458008,0.0,5419009
2002-11-05,8.636516571044922,18.467119216918945,0.0,18.60814666748047,18.14694595336914,18.33371353149414,0.0,4619341
2002-11-06,8.734557151794434,18.676755905151367,0.0,18.772045135498047,18.131698608398438,18.714872360229492,0.0,5974683
2002-11-07,8.770206451416016,18.752986907958984,0.0,18.810161590576172,18.50904655456543,18.676755905151367,0.0,6161745
2002-11-08,8.775547981262207,18.764421463012695,0.0,19.012174606323242,18.61958122253418,18.829219818115234,0.0,4344914
2002-11-11,8.570558547973633,18.32608985900879,0.0,18.79110336303711,18.23461151123047,18.69581413269043,0.0,3182405
2002-11-12,8.542041778564453,18.265104293823242,0.0,18.448060989379883,18.15838050842285,18.390886306762695,0.0,4028773
2002-11-13,8.306746482849121,17.76197624206543,0.0,18.33371353149414,17.58664321899414,18.2193660736084,0.0,4578938
2002-11-14,8.599077224731445,18.387075424194336,0.0,18.409944534301758,17.85726547241211,17.990671157836914,0.0,6581255
2002-11-15,8.689988136291504,18.581466674804688,0.0,18.634828567504883,18.348960876464844,18.387075424194336,0.0,5028357
2002-11-18,8.821898460388184,18.863523483276367,0.0,18.863523483276367,18.51666831970215,18.676755905151367,0.0,3393603
2002-11-19,8.68107795715332,18.562408447265625,0.0,19.00074005126953,18.50904655456543,18.89020347595215,0.0,4752619
2002-11-20,8.836164474487305,18.89401626586914,0.0,18.89401626586914,18.577655792236328,18.676755905151367,0.0,6754937
2002-11-21,8.902117729187012,19.035043716430664,0.0,19.046478271484375,18.760610580444336,19.035043716430664,0.0,4418112
2002-11-22,8.654341697692871,18.505233764648438,0.0,19.035043716430664,18.074525833129883,19.035043716430664,0.0,9015152
2002-11-25,8.634729385375977,18.463306427001953,0.0,18.53191566467285,18.074525833129883,18.16219139099121,0.0,7773149
2002-11-26,8.431524276733398,18.02878761291504,0.0,18.486177444458008,18.009729385375977,18.486177444458008,0.0,6329129
2002-11-27,8.570558547973633,18.32608985900879,0.0,18.4061336517334,18.085960388183594,18.105018615722656,0.0,5014977
2002-11-29,8.522430419921875,18.223176956176758,0.0,18.42900276184082,18.15838050842285,18.42900276184082,0.0,2812218
2002-12-02,8.536691665649414,18.25366973876953,0.0,18.688190460205078,18.02878761291504,18.676755905151367,0.0,6854633
2002-12-03,8.729209899902344,18.665321350097656,0.0,18.768234252929688,18.375640869140625,18.467119216918945,0.0,5884432
2002-12-04,8.77912712097168,18.772045135498047,0.0,18.859712600708008,18.581466674804688,18.669132232666016,0.0,5159536
2002-12-05,8.893205642700195,19.015987396240234,0.0,19.115087509155273,18.829219818115234,18.90545082092285,0.0,5003958
2002-12-06,8.89854907989502,19.027421951293945,0.0,19.183696746826172,18.89020347595215,19.015987396240234,0.0,6074904
2002-12-09,8.85577392578125,18.935943603515625,0.0,19.343782424926758,18.924509048461914,19.115087509155273,0.0,6095630
2002-12-10,8.964509963989258,19.16844940185547,0.0,19.183696746826172,18.772045135498047,18.98168182373047,0.0,4877764
2002-12-11,8.837946891784668,18.8978271484375,0.0,19.172260284423828,18.867334365844727,19.172260284423828,0.0,4999498
2002-12-12,8.77912712097168,18.772045135498047,0.0,18.920696258544922,18.562408447265625,18.829219818115234,0.0,8076435
2002-12-13,8.627606391906738,18.448060989379883,0.0,18.80253791809082,18.356582641601562,18.676755905151367,0.0,10018935
2002-12-16,8.843297004699707,18.90926170349121,0.0,18.90926170349121,18.455684661865234,18.486177444458008,0.0,8486763
2002-12-17,8.875380516052246,18.97787094116211,0.0,19.046478271484375,18.810161590576172,18.90926170349121,0.0,7313235
2002-12-18,8.784466743469238,18.783479690551758,0.0,19.00074005126953,18.714872360229492,18.733928680419922,0.0,6311289
2002-12-19,8.70959758758545,18.623394012451172,0.0,18.852088928222656,18.5242919921875,18.657697677612305,0.0,6629267
2002-12-20,8.900336265563965,19.031232833862305,0.0,19.031232833862305,18.646263122558594,18.69581413269043,0.0,7321368
2002-12-23,8.859336853027344,18.943565368652344,0.0,19.05791473388672,18.840654373168945,19.035043716430664,0.0,5799428
2002-12-24,8.759514808654785,18.730117797851562,0.0,18.943565368652344,18.70724868774414,18.924509048461914,0.0,2248934
2002-12-26,8.659688949584961,18.51666831970215,0.0,18.958812713623047,18.482364654541016,18.752986907958984,0.0,3706334
2002-12-27,8.524215698242188,18.22698974609375,0.0,18.657697677612305,18.14313316345215,18.581466674804688,0.0,2944708
2002-12-30,8.654341697692871,18.505233764648438,0.0,18.505233764648438,18.215553283691406,18.314655303955078,0.0,4257549
2002-12-31,8.62581729888916,18.44424819946289,0.0,18.547161102294922,18.196495056152344,18.50904655456543,0.0,4519907
2003-01-02,8.793383598327637,18.80253791809082,0.0,18.829219818115234,18.470930099487305,18.60052490234375,0.0,5370735
2003-01-03,8.805859565734863,18.829219818115234,0.0,18.951190948486328,18.772045135498047,18.87877082824707,0.0,3661471
2003-01-06,8.971640586853027,19.183696746826172,0.0,19.248493194580078,18.772045135498047,18.867334365844727,0.0,6230483
2003-01-07,8.634729385375977,18.463306427001953,0.0,19.05791473388672,18.413755416870117,19.00074005126953,0.0,8279500
2003-01-08,8.48321533203125,18.13932228088379,0.0,18.581466674804688,18.13551139831543,18.463306427001953,0.0,8275827
2003-01-09,8.55808162689209,18.299409866333008,0.0,18.32990264892578,18.0478458404541,18.0478458404541,0.0,6861454
2003-01-10,8.322787284851074,17.796279907226562,0.0,18.223176956176758,17.76197624206543,18.2193660736084,0.0,6908154
2003-01-13,8.408348083496094,17.979236602783203,0.0,18.009729385375977,17.704801559448242,17.876323699951172,0.0,6846762
2003-01-14,8.509954452514648,18.196495056152344,0.0,18.196495056152344,17.86870002746582,18.009729385375977,0.0,7310611
2003-01-15,8.506388664245605,18.188873291015625,0.0,18.371828079223633,18.02878761291504,18.200307846069336,0.0,6823150
2003-01-16,8.60086441040039,18.390886306762695,0.0,18.467119216918945,18.31084442138672,18.379451751708984,0.0,5020487
2003-01-17,8.575906753540039,18.3375244140625,0.0,18.505233764648438,18.299409866333008,18.394699096679688,0.0,4527253
2003-01-21,8.449346542358398,18.06690216064453,0.0,18.181249618530273,17.979236602783203,18.127887725830078,0.0,5565142
2003-01-22,8.460043907165527,18.089771270751953,0.0,18.192684173583984,17.735294342041016,18.02878761291504,0.0,6885066
2003-01-23,8.476080894470215,18.12407684326172,0.0,18.200307846069336,18.002105712890625,18.14313316345215,0.0,4866220
2003-01-24,8.265742301940918,17.67430877685547,0.0,18.082149505615234,17.57139778137207,18.0478458404541,0.0,6409411
2003-01-27,8.076791763305664,17.270282745361328,0.0,17.704801559448242,17.20548439025879,17.67430877685547,0.0,4948338
2003-01-28,8.183745384216309,17.498977661132812,0.0,17.632381439208984,17.21310806274414,17.380817413330078,0.0,4385055
2003-01-29,8.55808162689209,18.299409866333008,0.0,18.322277069091797,17.418933868408203,17.647628784179688,0.0,7840575
2003-01-30,8.458261489868164,18.085960388183594,0.0,18.44424819946289,18.074525833129883,18.299409866333008,0.0,8266645
2003-01-31,8.590171813964844,18.368017196655273,0.0,18.52048110961914,17.914438247680664,18.02878761291504,0.0,5813333
2003-02-03,8.837946891784668,18.8978271484375,0.0,18.962623596191406,18.307031631469727,18.368017196655273,0.0,6939112
2003-02-04,8.921724319458008,19.07697105407715,0.0,19.210376739501953,18.650075912475586,18.8978271484375,0.0,7108071
2003-02-05,8.80764389038086,18.833030700683594,0.0,19.229434967041016,18.81397247314453,19.225624084472656,0.0,4839984
2003-02-06,8.7078218460083,18.61958122253418,0.0,18.836841583251953,18.486177444458008,18.836841583251953,0.0,6359563
2003-02-07,8.673951148986816,18.547161102294922,0.0,18.730117797851562,18.50904655456543,18.657697677612305,0.0,4865958
2003-02-10,8.700687408447266,18.60433578491211,0.0,18.69581413269043,18.455684661865234,18.467119216918945,0.0,4462975
2003-02-11,8.647210121154785,18.489988327026367,0.0,18.798725128173828,18.394699096679688,18.676755905151367,0.0,5055643
2003-02-12,8.534907341003418,18.249858856201172,0.0,18.558597564697266,18.23842430114746,18.352771759033203,0.0,4578413
2003-02-13,8.543819427490234,18.2689151763916,0.0,18.33371353149414,18.0478458404541,18.276538848876953,0.0,3932487
2003-02-14,8.684646606445312,18.570030212402344,0.0,18.573843002319336,18.181249618530273,18.295597076416016,0.0,4180153
2003-02-18,8.855393409729004,18.7796688079834,0.152463,18.844465255737305,18.478553771972656,18.562408447265625,0.0,4742387
2003-02-19,8.894932746887207,18.863523483276367,0.0,18.939754486083984,18.680566787719727,18.855899810791016,0.0,3821772
2003-02-20,8.73137378692627,18.51666831970215,0.0,18.951190948486328,18.50904655456543,18.867334365844727,0.0,4785676
2003-02-21,8.975809097290039,19.035043716430664,0.0,19.172260284423828,18.5242919921875,18.562408447265625,0.0,7471437
2003-02-24,8.927285194396973,18.932132720947266,0.0,19.206565856933594,18.844465255737305,19.05791473388672,0.0,5682941
2003-02-25,8.97940731048584,19.042667388916016,0.0,19.09602928161621,18.836841583251953,18.932132720947266,0.0,6746016
2003-02-26,9.036919593811035,19.16463851928711,0.0,19.320913314819336,18.939754486083984,19.042667388916016,0.0,7761605
2003-02-27,9.112404823303223,19.324724197387695,0.0,19.46956443786621,19.2027530670166,19.423826217651367,0.0,8300226
2003-02-28,9.112404823303223,19.324724197387695,0.0,19.54960823059082,19.26755142211914,19.496246337890625,0.0,7073177
2003-03-03,9.301125526428223,19.72494125366211,0.0,19.763057708740234,19.477188110351562,19.477188110351562,0.0,8034720
2003-03-04,9.256192207336426,19.629650115966797,0.0,19.759244918823242,19.583911895751953,19.72494125366211,0.0,7379349
2003-03-05,9.234627723693848,19.583911895751953,0.0,19.801172256469727,19.488622665405273,19.629650115966797,0.0,6693282
2003-03-06,9.132182121276855,19.36665153503418,0.0,19.606782913208008,19.290420532226562,19.439071655273438,0.0,9157613
2003-03-07,9.274166107177734,19.667766571044922,0.0,19.70969581604004,19.317102432250977,19.36665153503418,0.0,9650584
2003-03-10,9.1537446975708,19.412391662597656,0.0,19.755434036254883,19.36284065246582,19.667766571044922,0.0,5011304
2003-03-11,9.114205360412598,19.328535079956055,0.0,19.610593795776367,19.305667877197266,19.4581298828125,0.0,5727280
2003-03-12,8.932672500610352,18.943565368652344,0.0,19.328535079956055,18.772045135498047,19.328535079956055,0.0,8573604
2003-03-13,9.03332805633545,19.157014846801758,0.0,19.195131301879883,18.98168182373047,19.19131851196289,0.0,4806927
2003-03-14,9.090838432312012,19.27898597717285,0.0,19.27898597717285,18.962623596191406,19.195131301879883,0.0,5881808
2003-03-17,9.166322708129883,19.439071655273438,0.0,19.629650115966797,19.26755142211914,19.27898597717285,0.0,9071035
2003-03-18,9.151947975158691,19.408580780029297,0.0,19.439071655273438,18.943565368652344,19.439071655273438,0.0,7745339
2003-03-19,9.234627723693848,19.583911895751953,0.0,19.667766571044922,19.370464324951172,19.515304565429688,0.0,5822516
2003-03-20,9.36043930053711,19.850723266601562,0.0,19.91170883178711,19.4581298828125,19.583911895751953,0.0,6101140
2003-03-21,9.283153533935547,19.686824798583984,0.0,19.9498233795166,19.64870834350586,19.93457794189453,0.0,6604081
2003-03-24,9.180702209472656,19.46956443786621,0.0,19.801172256469727,19.313289642333984,19.690637588500977,0.0,5732789
2003-03-25,9.349656105041504,19.82785415649414,0.0,20.048925399780273,19.55341911315918,19.629650115966797,0.0,4927087
2003-03-26,9.3226957321167,19.770679473876953,0.0,19.942201614379883,19.705883026123047,19.865970611572266,0.0,4941517
2003-03-27,9.462883949279785,20.067983627319336,0.0,20.224258422851562,19.705883026123047,19.774492263793945,0.0,6154399
2003-03-28,9.631831169128418,20.426271438598633,0.0,20.517749786376953,20.02986717224121,20.048925399780273,0.0,6090646
2003-03-31,9.633634567260742,20.430084228515625,0.0,20.525373458862305,20.254751205444336,20.426271438598633,0.0,5957630
2003-04-01,9.709115982055664,20.59016990661621,0.0,20.677837371826172,20.411026000976562,20.506315231323242,0.0,5449180
2003-04-02,9.588692665100098,20.334793090820312,0.0,20.58635902404785,20.144214630126953,20.58254623413086,0.0,9256260
2003-04-03,9.401777267456055,19.938390731811523,0.0,20.449142456054688,19.82023048400879,20.369098663330078,0.0,6566563
2003-04-04,9.453896522521973,20.048925399780273,0.0,20.20138931274414,19.93457794189453,20.20138931274414,0.0,5847702
2003-04-07,9.297533988952637,19.717317581176758,0.0,20.29667854309082,19.667766571044922,20.182331085205078,0.0,7565099
2003-04-08,9.211258888244629,19.53436279296875,0.0,19.591535568237305,19.412391662597656,19.515304565429688,0.0,4828178
2003-04-09,9.148348808288574,19.400955200195312,0.0,19.64870834350586,19.347593307495117,19.572477340698242,0.0,5580097
2003-04-10,9.166322708129883,19.439071655273438,0.0,19.515304565429688,19.370464324951172,19.400955200195312,0.0,5514245
2003-04-11,9.17890453338623,19.46575355529785,0.0,19.591535568237305,19.400955200195312,19.477188110351562,0.0,3820985
2003-04-14,9.220244407653809,19.55341911315918,0.0,19.5762882232666,19.389522552490234,19.439071655273438,0.0,4199305
2003-04-15,9.204070091247559,19.519115447998047,0.0,19.65252113342285,19.44669532775879,19.572477340698242,0.0,5906208
2003-04-16,9.124985694885254,19.35140609741211,0.0,19.591535568237305,19.26755142211914,19.55341911315918,0.0,4504166
2003-04-17,9.211258888244629,19.53436279296875,0.0,19.587724685668945,19.35140609741211,19.35140609741211,0.0,5011829
2003-04-21,9.17890453338623,19.46575355529785,0.0,19.625839233398438,19.427637100219727,19.4581298828125,0.0,3631562
2003-04-22,9.301125526428223,19.72494125366211,0.0,19.782115936279297,19.324724197387695,19.46575355529785,0.0,4642166
2003-04-23,9.272364616394043,19.663955688476562,0.0,19.755434036254883,19.435260772705078,19.705883026123047,0.0,4431492
2003-04-24,9.135771751403809,19.37427520751953,0.0,19.763057708740234,19.370464324951172,19.63727569580078,0.0,6511993
2003-04-25,9.060283660888672,19.214189529418945,0.0,19.393333435058594,18.932132720947266,19.393333435058594,0.0,6971120
2003-04-28,9.17261028289795,19.298044204711914,0.152463,19.36284065246582,19.05791473388672,19.09602928161621,0.0,4811387
2003-04-29,9.06753158569336,19.07697105407715,0.0,19.36284065246582,19.008363723754883,19.36284065246582,0.0,7054550
2003-04-30,9.112825393676758,19.172260284423828,0.0,19.25611686706543,19.031232833862305,19.06934928894043,0.0,6215266
2003-05-01,9.118261337280273,19.183696746826172,0.0,19.328535079956055,19.008363723754883,19.26373863220215,0.0,4677060
2003-05-02,9.330225944519043,19.629650115966797,0.0,19.743999481201172,19.286609649658203,19.324724197387695,0.0,5616564
2003-05-05,9.339286804199219,19.64870834350586,0.0,19.705883026123047,19.496246337890625,19.629650115966797,0.0,4469272
2003-05-06,9.348344802856445,19.667766571044922,0.0,19.81641960144043,19.591535568237305,19.64870834350586,0.0,6522225
2003-05-07,9.402695655822754,19.782115936279297,0.0,19.82023048400879,19.5267391204834,19.721128463745117,0.0,7430771
2003-05-08,9.306675910949707,19.580101013183594,0.0,19.91551971435547,19.55341911315918,19.743999481201172,0.0,6503860
2003-05-09,9.203412055969238,19.36284065246582,0.0,19.587724685668945,19.210376739501953,19.56485366821289,0.0,7646167
2003-05-12,9.308490753173828,19.583911895751953,0.0,19.6448974609375,19.328535079956055,19.37427520751953,0.0,4858874
2003-05-13,9.429869651794434,19.83928871154785,0.0,19.942201614379883,19.477188110351562,19.614404678344727,0.0,4037955
2003-05-14,9.384575843811035,19.743999481201172,0.0,19.91551971435547,19.667766571044922,19.877403259277344,0.0,3364744
2003-05-15,9.420814514160156,19.82023048400879,0.0,19.869781494140625,19.73256492614746,19.782115936279297,0.0,4373774
2003-05-16,9.437115669250488,19.854534149169922,0.0,19.9498233795166,19.675390243530273,19.82023048400879,0.0,5483549
2003-05-19,9.377326011657715,19.72875213623047,0.0,19.9498233795166,19.72875213623047,19.812606811523438,0.0,4130305
2003-05-20,9.408132553100586,19.793548583984375,0.0,19.91551971435547,19.591535568237305,19.858346939086914,0.0,4520432
2003-05-21,9.629159927368164,20.258562088012695,0.0,20.304302215576172,19.663955688476562,19.793548583984375,0.0,6633989
2003-05-22,9.583863258361816,20.163272857666016,0.0,20.239505767822266,20.056549072265625,20.18995475769043,0.0,3495923
2003-05-23,9.630966186523438,20.262374877929688,0.0,20.319547653198242,20.106098175048828,20.163272857666016,0.0,5989900
2003-05-27,9.855621337890625,20.735010147094727,0.0,20.75787925720215,20.182331085205078,20.262374877929688,0.0,7193599
2003-05-28,9.752354621887207,20.517749786376953,0.0,20.811241149902344,20.491069793701172,20.742633819580078,0.0,7219048
2003-05-29,9.60017204284668,20.19757652282715,0.0,20.654966354370117,20.106098175048828,20.654966354370117,0.0,6748902
2003-05-30,9.777714729309082,20.57111167907715,0.0,20.696895599365234,20.19757652282715,20.315736770629883,0.0,5638078
2003-06-02,9.971569061279297,20.978952407836914,0.0,21.13522720336914,20.613040924072266,20.67021369934082,0.0,5600036
2003-06-03,10.027730941772461,21.097110748291016,0.0,21.13522720336914,20.853168487548828,21.05899429321289,0.0,4702508
2003-06-04,10.045843124389648,21.13522720336914,0.0,21.3258056640625,21.039936065673828,21.039936065673828,0.0,6262753
2003-06-05,9.998745918273926,21.03612518310547,0.0,21.097110748291016,20.887474060058594,21.05899429321289,0.0,4873304
2003-06-06,9.909972190856934,20.84935760498047,0.0,21.15428352355957,20.826488494873047,21.116168975830078,0.0,4094887
2003-06-09,9.788586616516113,20.593982696533203,0.0,20.6473445892334,20.506315231323242,20.58254623413086,0.0,5922474
2003-06-10,9.882790565490723,20.792184829711914,0.0,20.933212280273438,20.651155471801758,20.86841583251953,0.0,3372615
2003-06-11,10.016858100891113,21.074241638183594,0.0,21.089487075805664,20.788373947143555,20.887474060058594,0.0,6816066
2003-06-12,10.04403305053711,21.13141441345215,0.0,21.192399978637695,20.990385055541992,21.078052520751953,0.0,6130786
2003-06-13,9.839313507080078,20.700706481933594,0.0,21.009443283081055,20.555866241455078,21.005632400512695,0.0,5640439
2003-06-16,9.920845031738281,20.87222671508789,0.0,21.0208797454834,20.624473571777344,20.887474060058594,0.0,7645118
2003-06-17,9.933525085449219,20.898908615112305,0.0,20.937023162841797,20.761690139770508,20.87222671508789,0.0,7193337
2003-06-18,9.915401458740234,20.86079216003418,0.0,20.92559051513672,20.77312660217285,20.898908615112305,0.0,5637291
2003-06-19,9.919027328491211,20.86841583251953,0.0,20.96370506286621,20.464387893676758,20.86079216003418,0.0,4184613
2003-06-20,9.92809009552002,20.887474060058594,0.0,20.978952407836914,20.830299377441406,20.96370506286621,0.0,8340630
2003-06-23,9.938957214355469,20.910343170166016,0.0,20.95608139038086,20.864604949951172,20.92559051513672,0.0,5620237
2003-06-24,9.929892539978027,20.891284942626953,0.0,20.96370506286621,20.86841583251953,20.917966842651367,0.0,5402480
2003-06-25,9.833879470825195,20.689271926879883,0.0,21.05899429321289,20.67021369934082,20.92559051513672,0.0,6328605
2003-06-26,9.891857147216797,20.811241149902344,0.0,20.84935760498047,20.58254623413086,20.715951919555664,0.0,4786201
2003-06-27,9.911781311035156,20.853168487548828,0.0,20.94464683532715,20.7655029296875,20.815053939819336,0.0,5604234
2003-06-30,9.92809009552002,20.887474060058594,0.0,21.001821517944336,20.830299377441406,20.94464683532715,0.0,5363913
2003-07-01,9.969754219055176,20.975139617919922,0.0,21.001821517944336,20.677837371826172,20.86841583251953,0.0,6222874
2003-07-02,9.973377227783203,20.982763290405273,0.0,21.039936065673828,20.597793579101562,20.975139617919922,0.0,6340935
2003-07-03,9.891857147216797,20.811241149902344,0.0,20.887474060058594,20.624473571777344,20.887474060058594,0.0,3569646
2003-07-07,9.770463943481445,20.555866241455078,0.0,20.891284942626953,20.544431686401367,20.84935760498047,0.0,7412931
2003-07-08,9.672638893127441,20.350040435791016,0.0,20.57111167907715,20.220447540283203,20.548242568969727,0.0,5941101
2003-07-09,9.636402130126953,20.2738094329834,0.0,20.353851318359375,20.20138931274414,20.29667854309082,0.0,5616040
2003-07-10,9.583863258361816,20.163272857666016,0.0,20.330982208251953,20.067983627319336,20.311925888061523,0.0,4701459
2003-07-11,9.683502197265625,20.372909545898438,0.0,20.597793579101562,20.20138931274414,20.20138931274414,0.0,4068389
2003-07-14,9.717930793762207,20.445329666137695,0.0,20.639720916748047,20.3919677734375,20.639720916748047,0.0,5586131
2003-07-15,9.601980209350586,20.20138931274414,0.0,20.49869155883789,20.151838302612305,20.445329666137695,0.0,4266731
2003-07-16,9.583863258361816,20.163272857666016,0.0,20.277620315551758,19.93457794189453,20.21282386779785,0.0,3725224
2003-07-17,9.55669116973877,20.106098175048828,0.0,20.37672233581543,20.094663619995117,20.163272857666016,0.0,5621024
2003-07-18,9.728797912597656,20.46820068359375,0.0,20.58254623413086,20.30048942565918,20.3919677734375,0.0,4200355
2003-07-21,9.692564010620117,20.3919677734375,0.0,20.5787353515625,20.3233585357666,20.48725700378418,0.0,4008309
2003-07-22,9.772278785705566,20.559677124023438,0.0,20.65877914428711,19.942201614379883,19.942201614379883,0.0,4513873
2003-07-23,9.66176986694336,20.327171325683594,0.0,20.616851806640625,20.224258422851562,20.544431686401367,0.0,2940248
2003-07-24,9.542197227478027,20.075607299804688,0.0,20.502504348754883,20.075607299804688,20.353851318359375,0.0,3715779
2003-07-25,9.591111183166504,20.178518295288086,0.0,20.38434410095215,20.075607299804688,20.20138931274414,0.0,5448917
2003-07-28,9.59291934967041,20.182331085205078,0.0,20.532995223999023,20.163272857666016,20.163272857666016,0.0,6452438
2003-07-29,9.483392715454102,19.801172256469727,0.152463,20.174707412719727,19.72494125366211,20.060359954833984,0.0,5301735
2003-07-30,9.492523193359375,19.82023048400879,0.0,20.136592864990234,19.82023048400879,20.12515640258789,0.0,4937319
2003-07-31,9.554587364196777,19.9498233795166,0.0,20.29286766052246,19.91551971435547,20.067983627319336,0.0,5704454
2003-08-01,9.497993469238281,19.8316650390625,0.0,19.9498233795166,19.54960823059082,19.9498233795166,0.0,4457466
2003-08-04,9.541807174682617,19.92314338684082,0.0,19.987939834594727,19.698259353637695,19.93457794189453,0.0,3976301
2003-08-05,9.525382995605469,19.888839721679688,0.0,20.254751205444336,19.888839721679688,20.02986717224121,0.0,5888105
2003-08-06,9.629435539245605,20.106098175048828,0.0,20.2738094329834,19.835477828979492,19.93457794189453,0.0,3283938
2003-08-07,9.795550346374512,20.452953338623047,0.0,20.47582244873047,20.12134552001953,20.144214630126953,0.0,3912023
2003-08-08,9.857616424560547,20.58254623413086,0.0,20.632097244262695,20.357664108276367,20.56348991394043,0.0,3343493
2003-08-11,9.846665382385254,20.559677124023438,0.0,20.769315719604492,20.502504348754883,20.56348991394043,0.0,4837885
2003-08-12,9.943411827087402,20.761690139770508,0.0,20.769315719604492,20.452953338623047,20.5787353515625,0.0,4063929
2003-08-13,9.945242881774902,20.7655029296875,0.0,20.92559051513672,20.719764709472656,20.84935760498047,0.0,4150507
2003-08-14,10.018260955810547,20.917966842651367,0.0,20.933212280273438,20.77312660217285,20.85698127746582,0.0,3743589
2003-08-15,9.978104591369629,20.8341121673584,0.0,20.92559051513672,20.704517364501953,20.92559051513672,0.0,3034173
2003-08-18,10.02008056640625,20.921777725219727,0.0,20.94083595275879,20.818864822387695,20.837923049926758,0.0,4880650
2003-08-19,10.02556037902832,20.933212280273438,0.0,20.95608139038086,20.803619384765625,20.906532287597656,0.0,5149829
2003-08-20,9.978104591369629,20.8341121673584,0.0,20.94083595275879,20.815053939819336,20.92559051513672,0.0,4174119
2003-08-21,10.009139060974121,20.898908615112305,0.0,20.94464683532715,20.769315719604492,20.906532287597656,0.0,3401474
2003-08-22,9.90872859954834,20.689271926879883,0.0,20.92559051513672,20.65877914428711,20.92559051513672,0.0,3360284
2003-08-25,9.923336029052734,20.719764709472656,0.0,20.78074836730957,20.628286361694336,20.677837371826172,0.0,3618182
2003-08-26,9.910552978515625,20.693082809448242,0.0,20.77312660217285,20.517749786376953,20.65877914428711,0.0,2661624
2003-08-27,10.005477905273438,20.891284942626953,0.0,20.933212280273438,20.696895599365234,20.696895599365234,0.0,2882267
2003-08-28,10.13874626159668,21.169530868530273,0.0,21.196212768554688,20.795995712280273,20.906532287597656,0.0,6253570
2003-08-29,10.193506240844727,21.283878326416016,0.0,21.34105110168457,21.093299865722656,21.169530868530273,0.0,4454055
2003-09-02,10.376057624816895,21.665037155151367,0.0,21.665037155151367,21.16571807861328,21.33342933654785,0.0,7762392
2003-09-03,10.359627723693848,21.6307315826416,0.0,21.70696449279785,21.482080459594727,21.535442352294922,0.0,8202629
2003-09-04,10.368754386901855,21.649789810180664,0.0,21.756515502929688,21.60405158996582,21.649789810180664,0.0,5107327
2003-09-05,10.237321853637695,21.375356674194336,0.0,21.680282592773438,21.29912567138672,21.653602600097656,0.0,6343034
2003-09-08,10.355974197387695,21.623109817504883,0.0,21.67266082763672,21.447776794433594,21.668848037719727,0.0,5823827
2003-09-09,10.419869422912598,21.756515502929688,0.0,21.756515502929688,21.436342239379883,21.554500579833984,0.0,5934542
2003-09-10,10.352330207824707,21.61548614501953,0.0,21.78319549560547,21.565935134887695,21.745080947875977,0.0,4389253
2003-09-11,10.304854393005371,21.51638412475586,0.0,21.80225372314453,21.474456787109375,21.6307315826416,0.0,4615405
2003-09-12,10.312164306640625,21.531631469726562,0.0,21.554500579833984,21.356298446655273,21.531631469726562,0.0,4046088
2003-09-15,10.277481079101562,21.459211349487305,0.0,21.50494956970215,21.348674774169922,21.49732780456543,0.0,2763157
2003-09-16,10.376057624816895,21.665037155151367,0.0,21.665037155151367,21.379167556762695,21.451587677001953,0.0,3976563
2003-09-17,10.189855575561523,21.276254653930664,0.0,21.665037155151367,21.23432731628418,21.665037155151367,0.0,3942457
2003-09-18,10.222713470458984,21.344863891601562,0.0,21.379167556762695,21.249574661254883,21.272443771362305,0.0,5038065
2003-09-19,10.224539756774902,21.348674774169922,0.0,21.436342239379883,21.22289276123047,21.344863891601562,0.0,4853889
2003-09-22,10.158824920654297,21.211458206176758,0.0,21.268632888793945,20.990385055541992,21.268632888793945,0.0,3926190
2003-09-23,10.195332527160645,21.287689208984375,0.0,21.31437110900879,21.177154541015625,21.23051643371582,0.0,3709483
2003-09-24,10.177078247070312,21.249574661254883,0.0,21.928035736083984,21.158096313476562,21.905166625976562,0.0,6094843
2003-09-25,10.067548751831055,21.0208797454834,0.0,21.375356674194336,21.0208797454834,21.287689208984375,0.0,5287042
2003-09-26,9.959843635559082,20.795995712280273,0.0,21.05518341064453,20.77693748474121,21.039936065673828,0.0,6456898
2003-09-29,9.901432037353516,20.67402458190918,0.0,20.77312660217285,20.532995223999023,20.77312660217285,0.0,7464353
2003-09-30,9.994529724121094,20.86841583251953,0.0,20.967517852783203,20.430084228515625,20.639720916748047,0.0,6216053
2003-10-01,10.113189697265625,21.116168975830078,0.0,21.173341751098633,20.86079216003418,20.906532287597656,0.0,7876518
2003-10-02,10.21358585357666,21.3258056640625,0.0,21.344863891601562,20.693082809448242,20.693082809448242,0.0,6342509
2003-10-03,10.209935188293457,21.31818389892578,0.0,21.558311462402344,21.31818389892578,21.382978439331055,0.0,4656596
2003-10-06,10.295733451843262,21.49732780456543,0.0,21.546878814697266,21.3258056640625,21.3258056640625,0.0,4727695
2003-10-07,10.350494384765625,21.61167335510254,0.0,21.68790626525879,21.33342933654785,21.49732780456543,0.0,3627889
2003-10-08,10.266528129577637,21.436342239379883,0.0,21.573558807373047,21.295312881469727,21.573558807373047,0.0,3671178
2003-10-09,10.33406925201416,21.577369689941406,0.0,21.71458625793457,21.436342239379883,21.436342239379883,0.0,3766677
2003-10-10,10.439949989318848,21.798442840576172,0.0,21.828935623168945,21.60024070739746,21.642166137695312,0.0,4404732
2003-10-13,10.584165573120117,22.099557876586914,0.0,22.183412551879883,21.863239288330078,21.908977508544922,0.0,6277707
2003-10-14,10.593287467956543,22.118614196777344,0.0,22.14910888671875,21.851804733276367,22.103368759155273,0.0,4538535
2003-10-15,10.511143684387207,21.947093963623047,0.0,22.221527099609375,21.855615615844727,22.122426986694336,0.0,6763857
2003-10-16,10.62979793548584,22.194847106933594,0.0,22.282512664794922,21.947093963623047,21.947093963623047,0.0,6157809
2003-10-17,10.587814331054688,22.107179641723633,0.0,22.274890899658203,22.042383193969727,22.2596435546875,0.0,4790923
2003-10-20,10.531229019165039,21.98902130126953,0.0,22.122426986694336,21.939470291137695,22.107179641723633,0.0,4158902
2003-10-21,10.485586166381836,21.89373207092285,0.0,22.046194076538086,21.87848472595215,21.96615219116211,0.0,3703448
2003-10-22,10.366931915283203,21.645978927612305,0.0,21.89373207092285,21.302936553955078,21.89373207092285,0.0,4154180
2003-10-23,10.476456642150879,21.87467384338379,0.0,21.905166625976562,21.455400466918945,21.61167335510254,0.0,5442096
2003-10-24,10.500191688537598,21.924224853515625,0.0,21.947093963623047,21.726022720336914,21.87467384338379,0.0,3467326
2003-10-27,10.46915340423584,21.859426498413086,0.0,21.99283218383789,21.78319549560547,21.924224853515625,0.0,4217670
2003-10-28,10.478286743164062,21.87848472595215,0.0,21.9547176361084,21.60405158996582,21.916601181030273,0.0,3749099
2003-10-29,10.478282928466797,21.71458625793457,0.163898,22.011890411376953,20.990385055541992,20.990385055541992,0.0,5449705
2003-10-30,10.39919376373291,21.550689697265625,0.0,21.809877395629883,21.41728401184082,21.748891830444336,0.0,5485910
2003-10-31,10.511394500732422,21.78319549560547,0.0,21.87467384338379,21.573558807373047,21.649789810180664,0.0,4739763
2003-11-03,10.480120658874512,21.718399047851562,0.0,21.97377586364746,21.6993408203125,21.78319549560547,0.0,6151250
2003-11-04,10.48747444152832,21.733644485473633,0.0,21.775571823120117,21.657413482666016,21.745080947875977,0.0,7954438
2003-11-05,10.5849609375,21.935659408569336,0.0,21.97377586364746,21.356298446655273,21.733644485473633,0.0,5208860
2003-11-06,10.651174545288086,22.0728759765625,0.0,22.107179641723633,21.813688278198242,21.947093963623047,0.0,4807976
2003-11-07,10.689796447753906,22.15291976928711,0.0,22.183412551879883,21.939470291137695,22.099557876586914,0.0,4664204
2003-11-10,10.658530235290527,22.08812141418457,0.0,22.16816520690918,22.030948638916016,22.107179641723633,0.0,4025887
2003-11-11,10.45621395111084,21.668848037719727,0.0,22.08812141418457,21.6307315826416,22.08812141418457,0.0,6849648
2003-11-12,10.494836807250977,21.748891830444336,0.0,21.80225372314453,21.61167335510254,21.80225372314453,0.0,5115723
2003-11-13,10.5849609375,21.935659408569336,0.0,21.9547176361084,21.729833602905273,21.80225372314453,0.0,2993769
2003-11-14,10.542661666870117,21.847993850708008,0.0,22.046194076538086,21.798442840576172,21.80225372314453,0.0,4465861
2003-11-17,10.51323127746582,21.787006378173828,0.0,21.847993850708008,21.562124252319336,21.847993850708008,0.0,2852883
2003-11-18,10.511394500732422,21.78319549560547,0.0,21.947093963623047,21.741268157958984,21.859426498413086,0.0,4354097
2003-11-19,10.48931884765625,21.737457275390625,0.0,21.901355743408203,21.726022720336914,21.859426498413086,0.0,6555020
2003-11-20,10.494836807250977,21.748891830444336,0.0,21.91278839111328,21.649789810180664,21.745080947875977,0.0,4591531
2003-11-21,10.382634162902832,21.51638412475586,0.0,21.905166625976562,21.50113868713379,21.87848472595215,0.0,4920266
2003-11-24,10.522421836853027,21.80606460571289,0.0,21.813688278198242,21.50876235961914,21.51638412475586,0.0,3899168
2003-11-25,10.524264335632324,21.809877395629883,0.0,21.96996307373047,21.68790626525879,21.825122833251953,0.0,3749099
2003-11-26,10.548174858093262,21.859426498413086,0.0,21.99664306640625,21.767948150634766,21.97377586364746,0.0,5205974
2003-11-28,10.435980796813965,21.626920700073242,0.0,21.87848472595215,21.558311462402344,21.859426498413086,0.0,4136864
2003-12-01,10.66220760345459,22.095745086669922,0.0,22.107179641723633,21.748891830444336,21.821311950683594,0.0,6200836
2003-12-02,10.796477317810059,22.373991012573242,0.0,22.598873138427734,22.0728759765625,22.095745086669922,0.0,8387854
2003-12-03,10.741293907165527,22.2596435546875,0.0,22.507396697998047,22.24820899963379,22.404483795166016,0.0,6982139
2003-12-04,10.960165977478027,22.71322250366211,0.0,22.755149841308594,22.2596435546875,22.278701782226562,0.0,7704936
2003-12-05,11.007991790771484,22.81232261657715,0.0,22.9381046295166,22.694164276123047,22.774206161499023,0.0,5826713
2003-12-08,11.026383399963379,22.850439071655273,0.0,22.892366409301758,22.755149841308594,22.81232261657715,0.0,4152081
2003-12-09,11.081563949584961,22.964786529541016,0.0,23.117250442504883,22.46165657043457,22.46165657043457,0.0,4997399
2003-12-10,11.085241317749023,22.972408294677734,0.0,23.048641204833984,22.850439071655273,22.964786529541016,0.0,5119920
2003-12-11,11.212151527404785,23.235408782958984,0.0,23.250654220581055,22.81613540649414,22.957162857055664,0.0,5300423
2003-12-12,11.215829849243164,23.243032455444336,0.0,23.323074340820312,23.060075759887695,23.155364990234375,0.0,4749470
2003-12-15,11.081563949584961,22.964786529541016,0.0,23.307828903198242,22.964786529541016,23.28114891052246,0.0,4974574
2003-12-16,11.212151527404785,23.235408782958984,0.0,23.315452575683594,22.972408294677734,22.983844757080078,0.0,5447081
2003-12-17,11.37216567993164,23.5670166015625,0.0,23.666118621826172,23.159177780151367,23.159177780151367,0.0,7213801
2003-12-18,11.76208782196045,24.375072479248047,0.0,24.561840057373047,23.582263946533203,23.582263946533203,0.0,11584951
2003-12-19,11.6664457321167,24.176870346069336,0.0,24.356014251708984,24.104450225830078,24.356014251708984,0.0,8486238
2003-12-22,11.670130729675293,24.184492111206055,0.0,24.336956024169922,24.157812118530273,24.180681228637695,0.0,4687292
2003-12-23,11.622304916381836,24.085391998291016,0.0,24.203550338745117,23.868131637573242,24.188304901123047,0.0,4258074
2003-12-24,11.752889633178711,24.356014251708984,0.0,24.580896377563477,24.085391998291016,24.085391998291016,0.0,2866001
2003-12-26,11.841179847717285,24.538970947265625,0.0,24.626636505126953,24.375072479248047,24.375072479248047,0.0,1664400
2003-12-29,11.929460525512695,24.721925735473633,0.0,24.748607635498047,24.439868927001953,24.615201950073242,0.0,7001291
2003-12-30,12.025105476379395,24.920127868652344,0.0,24.95824432373047,24.657129287719727,24.683809280395508,0.0,5162947
2003-12-31,12.06004810333252,24.9925479888916,0.0,25.171693801879883,24.904882431030273,24.931562423706055,0.0,6106125
2004-01-02,12.043490409851074,24.95824432373047,0.0,25.07640266418457,24.908693313598633,24.95443344116211,0.0,4928399
2004-01-05,12.36904239654541,25.63289451599121,0.0,25.785358428955078,25.1793155670166,25.186939239501953,0.0,9056080
2004-01-06,12.234782218933105,25.35464859008789,0.0,25.52998161315918,25.278417587280273,25.44231414794922,0.0,7268372
2004-01-07,12.170403480529785,25.221242904663086,0.0,25.42325782775879,24.87057876586914,25.15644645690918,0.0,7965195
2004-01-08,12.102352142333984,25.080215454101562,0.0,25.18312644958496,24.67999839782715,24.67999839782715,0.0,6570236
2004-01-09,12.034296989440918,24.939186096191406,0.0,25.07640266418457,24.775287628173828,24.79434585571289,0.0,6967971
2004-01-12,12.087635040283203,25.04972267150879,0.0,25.125953674316406,24.939186096191406,25.003982543945312,0.0,4994251
2004-01-13,12.117067337036133,25.110706329345703,0.0,25.659574508666992,25.05353355407715,25.05353355407715,0.0,7792563
2004-01-14,12.161206245422363,25.202184677124023,0.0,25.289852142333984,24.912504196166992,25.080215454101562,0.0,5055380
2004-01-15,11.91474437713623,24.69143295288086,0.0,25.2479248046875,24.67999839782715,25.213619232177734,0.0,7156345
2004-01-16,11.977277755737305,24.821027755737305,0.0,24.821027755737305,24.50847625732422,24.737171173095703,0.0,5648834
2004-01-20,12.243971824645996,25.373706817626953,0.0,25.44612693786621,24.821027755737305,24.821027755737305,0.0,4463238
2004-01-21,12.359848976135254,25.61383628845215,0.0,25.80060386657715,25.369895935058594,25.373706817626953,0.0,5619975
2004-01-22,12.39479923248291,25.686256408691406,0.0,25.89970588684082,25.53760528564453,25.89970588684082,0.0,4879863
2004-01-23,12.389278411865234,25.674821853637695,0.0,25.895893096923828,25.53760528564453,25.690067291259766,0.0,4422047
2004-01-26,12.492278099060059,25.888269424438477,0.0,25.934009552001953,25.476619720458984,25.61383628845215,0.0,3664882
2004-01-27,12.453649520874023,25.8082275390625,0.0,25.979747772216797,25.781545639038086,25.842531204223633,0.0,4629048
2004-01-28,12.197997093200684,25.278417587280273,0.0,25.72437286376953,25.194562911987305,25.71293830871582,0.0,6844663
2004-01-29,12.253174781799316,25.392765045166016,0.0,25.44993782043457,25.106895446777344,25.373706817626953,0.0,4974836
2004-01-30,12.117067337036133,25.110706329345703,0.0,25.396575927734375,25.038286209106445,25.396575927734375,0.0,4318154
2004-02-02,12.196158409118652,25.27460479736328,0.0,25.4346923828125,25.003982543945312,25.114519119262695,0.0,5363913
2004-02-03,12.106024742126465,25.08783721923828,0.0,25.225055694580078,24.946809768676758,25.137388229370117,0.0,3421413
2004-02-04,12.003029823303223,24.8743896484375,0.0,25.137388229370117,24.821027755737305,25.091650009155273,0.0,4441200
2004-02-05,12.006707191467285,24.88201141357422,0.0,24.996360778808594,24.630447387695312,24.965866088867188,0.0,3939046
2004-02-06,12.144654273986816,25.16788101196289,0.0,25.225055694580078,24.79434585571289,24.79434585571289,0.0,4666303
2004-02-09,12.170403480529785,25.221242904663086,0.0,25.43850326538086,25.07259178161621,25.175504684448242,0.0,3737555
2004-02-10,12.291801452636719,25.472808837890625,0.0,25.510923385620117,25.148822784423828,25.225055694580078,0.0,5184460
2004-02-11,12.567682266235352,26.044544219970703,0.0,26.109342575073242,25.42325782775879,25.457561492919922,0.0,5597675
2004-02-12,12.560328483581543,26.029298782348633,0.0,26.216066360473633,25.857778549194336,25.99880599975586,0.0,4057632
2004-02-13,12.622865676879883,26.158893585205078,0.0,26.257993698120117,25.880647659301758,26.07503890991211,0.0,4687816
2004-02-17,12.75897216796875,26.440950393676758,0.0,26.49049949645996,26.238935470581055,26.28086280822754,0.0,4101970
2004-02-18,12.618316650390625,25.98737144470215,0.163898,26.261804580688477,25.975936889648438,26.261804580688477,0.0,4225279
2004-02-19,12.65347957611084,26.059791564941406,0.0,26.322790145874023,26.02167510986328,26.07884979248047,0.0,4131355
2004-02-20,12.60905933380127,25.968313217163086,0.0,26.242748260498047,25.880647659301758,26.223690032958984,0.0,4580512
2004-02-23,12.742311477661133,26.242748260498047,0.0,26.330413818359375,26.052167892456055,26.052167892456055,0.0,4645052
2004-02-24,12.757123947143555,26.273239135742188,0.0,26.433326721191406,26.147457122802734,26.166515350341797,0.0,4027198
2004-02-25,12.729360580444336,26.216066360473633,0.0,26.433326721191406,26.18938446044922,26.261804580688477,0.0,4229477
2004-02-26,12.742311477661133,26.242748260498047,0.0,26.318979263305664,26.082660675048828,26.09028434753418,0.0,4488162
2004-02-27,12.746020317077637,26.2503719329834,0.0,26.38377571105957,26.147457122802734,26.242748260498047,0.0,6020596
2004-03-01,13.066195487976074,26.909774780273438,0.0,26.928831100463867,26.47525405883789,26.505746841430664,0.0,7274668
2004-03-02,12.870012283325195,26.505746841430664,0.0,26.764934539794922,26.437137603759766,26.681079864501953,0.0,6829184
2004-03-03,12.90517520904541,26.578166961669922,0.0,26.67726707458496,26.223690032958984,26.509557723999023,0.0,4328648
2004-03-04,12.873717308044434,26.513370513916016,0.0,26.608659744262695,26.35709571838379,26.58197784423828,0.0,2904830
2004-03-05,13.016223907470703,26.806861877441406,0.0,26.894527435302734,26.4714412689209,26.517181396484375,0.0,5676907
2004-03-08,13.069899559020996,26.91739845275879,0.0,27.249004364013672,26.879281997680664,26.902151107788086,0.0,5416385
2004-03-09,13.071746826171875,26.92120933532715,0.0,27.016498565673828,26.84116554260254,26.871658325195312,0.0,5896238
2004-03-10,12.810787200927734,26.38377571105957,0.0,26.993629455566406,26.28848648071289,26.993629455566406,0.0,5502701
2004-03-11,12.592403411865234,25.934009552001953,0.0,26.39902114868164,25.850154876708984,26.242748260498047,0.0,6650256
2004-03-12,12.797829627990723,26.35709571838379,0.0,26.35709571838379,25.853965759277344,25.975936889648438,0.0,4554276
2004-03-15,12.68493938446045,26.124588012695312,0.0,26.4714412689209,26.063602447509766,26.35709571838379,0.0,4876977
2004-03-16,12.688640594482422,26.132211685180664,0.0,26.18557357788086,25.869211196899414,26.18557357788086,0.0,5179213
2004-03-17,12.751565933227539,26.261804580688477,0.0,26.791614532470703,26.155080795288086,26.166515350341797,0.0,6425939
2004-03-18,13.01992416381836,26.814485549926758,0.0,26.94788932800293,26.216066360473633,26.261804580688477,0.0,6422529
2004-03-19,12.823746681213379,26.410457611083984,0.0,26.95551300048828,26.35709571838379,26.871658325195312,0.0,5942938
2004-03-22,12.760825157165527,26.28086280822754,0.0,26.532428741455078,26.170326232910156,26.35709571838379,0.0,4346226
2004-03-23,12.67013168334961,26.09409523010254,0.0,26.37234115600586,25.956878662109375,26.318979263305664,0.0,4763900
2004-03-24,12.446192741394043,25.63289451599121,0.0,26.261804580688477,25.575721740722656,26.147457122802734,0.0,5576686
2004-03-25,12.222257614135742,25.171693801879883,0.0,25.686256408691406,25.034475326538086,25.651952743530273,0.0,9132164
2004-03-26,12.362911224365234,25.46137237548828,0.0,25.792980194091797,25.23649024963379,25.339401245117188,0.0,7331600
2004-03-29,12.479512214660645,25.70150375366211,0.0,25.857778549194336,25.52617073059082,25.63289451599121,0.0,6821051
2004-03-30,12.838552474975586,26.440950393676758,0.0,26.585790634155273,25.81203842163086,26.139835357666016,0.0,6927306
2004-03-31,12.91998291015625,26.608659744262695,0.0,26.707761764526367,26.227500915527344,26.681079864501953,0.0,12088154
2004-04-01,12.712700843811035,26.1817626953125,0.0,26.84878921508789,26.170326232910156,26.681079864501953,0.0,8474432
2004-04-02,12.757123947143555,26.273239135742188,0.0,26.35709571838379,26.139835357666016,26.223690032958984,0.0,6496514
2004-04-05,12.858912467956543,26.482877731323242,0.0,26.5552978515625,26.166515350341797,26.166515350341797,0.0,6189817
2004-04-06,12.894071578979492,26.5552978515625,0.0,26.711572647094727,26.4714412689209,26.56673240661621,0.0,4086229
2004-04-07,12.95514965057373,26.681079864501953,0.0,26.871658325195312,26.39902114868164,26.56673240661621,0.0,5165308
2004-04-08,13.162430763244629,27.10797691345215,0.0,27.287120819091797,26.890716552734375,26.966947555541992,0.0,7349440
2004-04-12,13.391919136047363,27.580612182617188,0.0,27.938901901245117,27.252817153930664,27.252817153930664,0.0,8065941
2004-04-13,13.221644401550293,27.22994613647461,0.0,27.851234436035156,27.21470069885254,27.813119888305664,0.0,6923108
2004-04-14,13.33640193939209,27.466266632080078,0.0,27.49675750732422,27.02793312072754,27.2337589263916,0.0,6927044
2004-04-15,13.456695556640625,27.714017868041992,0.0,27.851234436035156,27.50438117980957,27.519628524780273,0.0,5030456
2004-04-16,13.471504211425781,27.744510650634766,0.0,27.923656463623047,27.59967041015625,27.824554443359375,0.0,5592165
2004-04-19,13.519618034362793,27.843612670898438,0.0,28.034191131591797,27.740699768066406,27.744510650634766,0.0,6697742
2004-04-20,13.145771026611328,27.073673248291016,0.0,28.03800392150879,27.062238693237305,27.847423553466797,0.0,7654300
2004-04-21,13.06804084777832,26.913585662841797,0.0,27.21851348876953,26.806861877441406,27.11941146850586,0.0,7864449
2004-04-22,13.236462593078613,27.260440826416016,0.0,27.30617904663086,26.738252639770508,26.738252639770508,0.0,6656028
2004-04-23,13.293824195861816,27.378599166870117,0.0,27.512004852294922,27.19945526123047,27.264251708984375,0.0,4822668
2004-04-26,13.45484447479248,27.710206985473633,0.0,27.820743560791016,27.39765739440918,27.443395614624023,0.0,5117559
2004-04-27,13.669532775878906,28.1523494720459,0.0,28.350553512573242,27.714017868041992,27.714017868041992,0.0,8262447
2004-04-28,13.649169921875,28.110422134399414,0.0,28.3391170501709,27.50057029724121,28.205713272094727,0.0,7707822
2004-04-29,13.203142166137695,27.191831588745117,0.0,28.163785934448242,27.02793312072754,28.110422134399414,0.0,9171780
2004-04-30,13.1957426071167,27.176584243774414,0.0,27.69114875793457,27.149904251098633,27.443395614624023,0.0,7519448
2004-05-03,13.676936149597168,28.1675968170166,0.0,28.236204147338867,27.161338806152344,27.203266143798828,0.0,7631213
2004-05-04,13.678781509399414,28.17140769958496,0.0,28.33149528503418,27.85504722595215,28.1675968170166,0.0,8256937
2004-05-05,13.919379234313965,28.666913986206055,0.0,28.80031967163086,27.950336456298828,28.17140769958496,0.0,11934412
2004-05-06,13.78982925415039,28.400102615356445,0.0,28.70884132385254,28.33149528503418,28.62498664855957,0.0,7209341
2004-05-07,13.536274909973145,27.87791633605957,0.0,28.44965362548828,27.87791633605957,28.403915405273438,0.0,5054331
2004-05-10,13.284574508666992,27.359540939331055,0.0,27.626352310180664,26.856412887573242,27.443395614624023,0.0,9372484
2004-05-11,13.545534133911133,27.896974563598633,0.0,27.97320556640625,27.298555374145508,27.298555374145508,0.0,7886487
2004-05-12,13.528882026672363,27.8626708984375,0.0,28.05324935913086,27.38622283935547,27.919843673706055,0.0,8944840
2004-05-13,13.39482593536377,27.42433738708496,0.163898,27.805496215820312,27.351917266845703,27.538686752319336,0.0,6943310
2004-05-14,13.65174388885498,27.950336456298828,0.0,28.072307586669922,27.39765739440918,27.443395614624023,0.0,7083147
2004-05-17,13.690847396850586,28.030380249023438,0.0,28.182842254638672,27.748323440551758,27.76738166809082,0.0,6273772
2004-05-18,13.439510345458984,27.51581573486328,0.0,28.030380249023438,27.51581573486328,28.030380249023438,0.0,8690353
2004-05-19,13.264518737792969,27.157527923583984,0.0,27.512004852294922,27.11941146850586,27.48151206970215,0.0,9855223
2004-05-20,13.154678344726562,26.93264389038086,0.0,27.22613525390625,26.91739845275879,27.134658813476562,0.0,5902272
2004-05-21,13.11929988861084,26.8602237701416,0.0,27.6072940826416,26.578166961669922,27.30999183654785,0.0,7906427
2004-05-24,13.506532669067383,27.653032302856445,0.0,27.717830657958984,26.818296432495117,26.883092880249023,0.0,7195698
2004-05-25,13.731799125671387,28.114234924316406,0.0,28.1675968170166,27.69114875793457,27.717830657958984,0.0,5489321
2004-05-26,13.661052703857422,27.96939468383789,0.0,28.205713272094727,27.858858108520508,28.15997314453125,0.0,6297646
2004-05-27,13.491639137268066,27.622539520263672,0.0,28.030380249023438,27.6072940826416,27.97320556640625,0.0,7872583
2004-05-28,13.65174388885498,27.950336456298828,0.0,28.14853858947754,27.454830169677734,28.14853858947754,0.0,5541792
2004-06-01,14.001742362976074,28.666913986206055,0.0,28.682159423828125,27.996076583862305,27.996076583862305,0.0,9916615
2004-06-02,13.903074264526367,28.46489906311035,0.0,29.040449142456055,28.46489906311035,28.754581451416016,0.0,7118040
2004-06-03,13.942173957824707,28.544944763183594,0.0,28.762203216552734,28.411537170410156,28.514450073242188,0.0,9200115
2004-06-04,13.765311241149902,28.182842254638672,0.0,28.62117576599121,28.06468391418457,28.594493865966797,0.0,7505806
2004-06-07,14.111584663391113,28.89179801940918,0.0,28.89560890197754,28.259075164794922,28.301002502441406,0.0,7118827
2004-06-08,13.917963027954102,28.495393753051758,0.0,29.025203704833984,28.301002502441406,28.89179801940918,0.0,10576971
2004-06-09,13.795099258422852,28.24382781982422,0.0,28.457277297973633,27.954147338867188,28.457277297973633,0.0,7794400
2004-06-10,13.97195816040039,28.605928421020508,0.0,28.647855758666992,28.308624267578125,28.31624984741211,0.0,4210062
2004-06-14,13.748553276062012,28.14853858947754,0.0,28.605928421020508,28.07611846923828,28.605928421020508,0.0,6431449
2004-06-15,13.888184547424316,28.43440818786621,0.0,28.51826286315918,28.220958709716797,28.22477149963379,0.0,6647894
2004-06-16,14.150678634643555,28.97184181213379,0.0,29.158607482910156,28.590682983398438,28.605928421020508,0.0,6126589
2004-06-17,14.228870391845703,29.131927490234375,0.0,29.322505950927734,28.937536239624023,29.219593048095703,0.0,6240452
2004-06-18,14.27726936340332,29.231027603149414,0.0,29.513086318969727,29.08237648010254,29.158607482910156,0.0,8305736
2004-06-21,14.267963409423828,29.211971282958984,0.0,29.436853408813477,29.109058380126953,29.234840393066406,0.0,5277073
2004-06-22,14.368490219116211,29.417795181274414,0.0,29.433042526245117,29.032825469970703,29.158607482910156,0.0,5495355
2004-06-23,14.63843822479248,29.970474243164062,0.0,30.10769271850586,29.402549743652344,29.436853408813477,0.0,7364132
2004-06-24,14.539772987365723,29.768461227416992,0.0,30.0200252532959,29.74178123474121,29.92092514038086,0.0,5466758
2004-06-25,14.370363235473633,29.421607971191406,0.0,29.83707046508789,29.421607971191406,29.768461227416992,0.0,4924726
2004-06-28,14.15998649597168,28.99089813232422,0.0,29.56263542175293,28.89179801940918,29.417795181274414,0.0,6804785
2004-06-29,14.083659172058105,28.834623336791992,0.0,29.097623825073242,28.777450561523438,28.89179801940918,0.0,6712172
2004-06-30,14.202810287475586,29.07856559753418,0.0,29.17766571044922,28.81556510925293,28.968029022216797,0.0,7702050
2004-07-01,14.223286628723145,29.120492935180664,0.0,29.231027603149414,28.887985229492188,29.17766571044922,0.0,6742081
2004-07-02,14.184189796447754,29.040449142456055,0.0,29.208158493041992,28.9832763671875,29.120492935180664,0.0,3595619
2004-07-06,14.221416473388672,29.116680145263672,0.0,29.410173416137695,29.063318252563477,29.17766571044922,0.0,7315071
2004-07-07,14.4038724899292,29.490215301513672,0.0,29.490215301513672,28.97565269470215,29.063318252563477,0.0,7748749
2004-07-08,14.346150398254395,29.37205696105957,0.0,29.619810104370117,29.18147850036621,29.394926071166992,0.0,5069547
2004-07-09,14.400147438049316,29.482593536376953,0.0,29.64267921447754,29.337753295898438,29.444477081298828,0.0,4565820
2004-07-12,14.312647819519043,29.303447723388672,0.0,29.516897201538086,29.234840393066406,29.486404418945312,0.0,3719452
2004-07-13,14.294027328491211,29.26533317565918,0.0,29.318695068359375,28.933725357055664,29.051883697509766,0.0,4639805
2004-07-14,14.539772987365723,29.768461227416992,0.0,29.787519454956055,29.17766571044922,29.17766571044922,0.0,5116247
2004-07-15,14.692432403564453,30.081010818481445,0.0,30.134374618530273,29.806577682495117,29.901866912841797,0.0,7418178
2004-07-16,14.80040454864502,30.302082061767578,0.0,30.4088077545166,30.11531639099121,30.11531639099121,0.0,7396927
2004-07-19,14.729658126831055,30.157243728637695,0.0,30.435489654541016,30.0352725982666,30.237285614013672,0.0,4106431
2004-07-20,14.759451866149902,30.21822738647461,0.0,30.29827117919922,29.970474243164062,30.13056182861328,0.0,4755505
2004-07-21,14.461578369140625,29.608375549316406,0.0,30.263967514038086,29.608375549316406,30.172489166259766,0.0,4782790
2004-07-22,14.485784530639648,29.657926559448242,0.0,30.031461715698242,29.55120086669922,29.806577682495117,0.0,7310874
2004-07-23,14.366633415222168,29.413984298706055,0.0,29.707475662231445,29.345375061035156,29.635055541992188,0.0,4110366
2004-07-26,14.173022270202637,29.017580032348633,0.0,29.38730239868164,28.952783584594727,29.3568115234375,0.0,5404054
2004-07-27,14.316370010375977,29.311071395874023,0.0,29.38349151611328,28.846059799194336,29.021390914916992,0.0,6844925
2004-07-28,14.35193920135498,29.219593048095703,0.163898,29.352998733520508,28.99089813232422,29.242462158203125,0.0,5570389
2004-07-29,14.621530532836914,29.768461227416992,0.0,29.791330337524414,29.27676773071289,29.311071395874023,0.0,4818995
2004-07-30,14.746963500976562,30.02383804321289,0.0,30.081010818481445,29.818012237548828,29.863750457763672,0.0,5073483
2004-08-02,14.773173332214355,30.077199935913086,0.0,30.183923721313477,29.779895782470703,30.02383804321289,0.0,4224754
2004-08-03,14.79564380645752,30.12293815612793,0.0,30.465980529785156,30.12293815612793,30.180112838745117,0.0,6032402
2004-08-04,14.359431266784668,29.234840393066406,0.0,30.077199935913086,29.18147850036621,30.054330825805664,0.0,7683422
2004-08-05,14.209649085998535,28.929912567138672,0.0,29.413984298706055,28.83843421936035,29.34918785095215,0.0,7607338
2004-08-06,13.838969230651855,28.175220489501953,0.0,28.945159912109375,28.07992935180664,28.853681564331055,0.0,7942370
2004-08-09,14.058012962341309,28.62117576599121,0.0,28.830812454223633,28.190465927124023,28.190465927124023,0.0,6198212
2004-08-10,13.895135879516602,28.289567947387695,0.0,28.758392333984375,28.186655044555664,28.758392333984375,0.0,8006385
2004-08-11,13.713534355163574,27.919843673706055,0.0,28.327682495117188,27.633974075317383,28.289567947387695,0.0,9875950
2004-08-12,13.586226463317871,27.660655975341797,0.0,28.110422134399414,27.660655975341797,27.919843673706055,0.0,5877873
2004-08-13,13.754724502563477,28.003698348999023,0.0,28.205713272094727,27.67971420288086,27.67971420288086,0.0,5363651
2004-08-16,13.902629852294922,28.304813385009766,0.0,28.3391170501709,27.923656463623047,28.072307586669922,0.0,4998711
2004-08-17,13.550653457641602,27.58823585510254,0.0,28.304813385009766,27.53106117248535,28.301002502441406,0.0,8620041
2004-08-18,13.694814682006836,27.88172721862793,0.0,28.091365814208984,27.68352508544922,27.919843673706055,0.0,7375151
2004-08-19,13.846455574035645,28.190465927124023,0.0,28.259075164794922,27.843612670898438,27.900785446166992,0.0,8640767
2004-08-20,13.883902549743652,28.266698837280273,0.0,28.60211753845215,28.179031372070312,28.301002502441406,0.0,6927568
2004-08-23,13.75659465789795,28.007509231567383,0.0,28.468711853027344,27.9808292388916,28.205713272094727,0.0,4811912
2004-08-24,13.5450439453125,27.576801300048828,0.0,28.007509231567383,27.42433738708496,28.007509231567383,0.0,8592231
2004-08-25,13.490752220153809,27.466266632080078,0.0,27.786439895629883,27.4052791595459,27.519628524780273,0.0,8465774
2004-08-26,13.610560417175293,27.710206985473633,0.0,27.77119255065918,27.168962478637695,27.466266632080078,0.0,8741251
2004-08-27,13.728513717651367,27.950336456298828,0.0,28.098987579345703,27.736888885498047,27.893163681030273,0.0,4842870
2004-08-30,13.700432777404785,27.893163681030273,0.0,28.217147827148438,27.786439895629883,28.034191131591797,0.0,5638078
2004-08-31,13.934455871582031,28.369611740112305,0.0,28.377233505249023,27.912221908569336,27.912221908569336,0.0,4867269
2004-09-01,14.181578636169434,28.872739791870117,0.0,28.887985229492188,28.270509719848633,28.369611740112305,0.0,7546734
2004-09-02,14.284549713134766,29.08237648010254,0.0,29.128116607666016,28.88036346435547,29.006145477294922,0.0,10380465
2004-09-03,14.26395034790039,29.040449142456055,0.0,29.09381103515625,28.945159912109375,29.070941925048828,0.0,6280593
2004-09-07,14.29202938079834,29.097623825073242,0.0,29.128116607666016,28.91085433959961,29.044261932373047,0.0,7840050
2004-09-08,14.353811264038086,29.223405838012695,0.0,29.311071395874023,28.91085433959961,29.08237648010254,0.0,8556550
2004-09-09,14.606552124023438,29.73796844482422,0.0,29.82563591003418,29.223405838012695,29.223405838012695,0.0,8109492
2004-09-10,14.542903900146484,29.608375549316406,0.0,29.764650344848633,29.497838973999023,29.73796844482422,0.0,6335951
2004-09-13,14.550392150878906,29.623620986938477,0.0,29.85231590270996,29.543577194213867,29.65411376953125,0.0,5504275
2004-09-14,14.673954010009766,29.875186920166016,0.0,30.054330825805664,29.74559211730957,29.84469223022461,0.0,5931132
2004-09-15,14.640254974365234,29.806577682495117,0.0,30.138185501098633,29.74559211730957,29.92092514038086,0.0,7618095
2004-09-16,14.657098770141602,29.84088134765625,0.0,29.901866912841797,29.577882766723633,29.810388565063477,0.0,7449399
2004-09-17,14.814364433288574,30.161054611206055,0.0,30.332576751708984,29.882808685302734,30.01621437072754,0.0,7723301
2004-09-20,14.876142501831055,30.286836624145508,0.0,30.48885154724121,30.248720169067383,30.302082061767578,0.0,6506221
2004-09-21,15.385363578796387,31.32358741760254,0.0,31.43793487548828,30.355445861816406,30.416431427001953,0.0,9551413
2004-09-22,15.258057594299316,31.06439971923828,0.0,31.361703872680664,30.911935806274414,31.193994522094727,0.0,9099894
2004-09-23,15.203768730163574,30.9538631439209,0.0,31.193994522094727,30.546024322509766,30.9691104888916,0.0,7819586
2004-09-24,15.295498847961426,31.1406307220459,0.0,31.357891082763672,31.003414154052734,31.06439971923828,0.0,6186144
2004-09-27,15.17568588256836,30.896690368652344,0.0,31.3426456451416,30.87000846862793,31.190181732177734,0.0,6599883
2004-09-28,15.578205108642578,31.7161808013916,0.0,31.769542694091797,31.087268829345703,31.087268829345703,0.0,8696912
2004-09-29,15.271173477172852,31.091081619262695,0.0,32.150699615478516,30.831893920898438,32.150699615478516,0.0,10603994
2004-09-30,15.51080322265625,31.578962326049805,0.0,31.61326789855957,31.247356414794922,31.369325637817383,0.0,8197907
2004-10-01,15.7391996383667,32.043975830078125,0.0,32.09733963012695,31.449369430541992,31.578962326049805,0.0,8159340
2004-10-04,15.851531028747559,32.27267074584961,0.0,32.34128189086914,31.918193817138672,32.047786712646484,0.0,8853540
2004-10-05,16.231592178344727,33.046424865722656,0.0,33.061668395996094,32.37939453125,32.39845275878906,0.0,9367237
2004-10-06,16.634103775024414,33.86591339111328,0.0,33.94976806640625,33.084537506103516,33.084537506103516,0.0,10142768
2004-10-07,16.3139591217041,33.21413040161133,0.0,34.20895767211914,33.0921630859375,33.92308807373047,0.0,14675268
2004-10-08,16.489940643310547,33.57242202758789,0.0,33.8239860534668,33.164581298828125,33.35897445678711,0.0,8480466
2004-10-11,16.315834045410156,33.21794509887695,0.0,33.65627670288086,32.970191955566406,33.57623291015625,0.0,6895823
2004-10-12,15.988202095031738,32.55091857910156,0.0,33.41614532470703,32.51280212402344,33.06547927856445,0.0,8804479
2004-10-13,15.540767669677734,31.639949798583984,0.0,32.204063415527344,31.3273983001709,32.13164138793945,0.0,13103218
2004-10-14,15.598796844482422,31.758108139038086,0.0,32.18881607055664,31.712369918823242,31.861021041870117,0.0,8977111
2004-10-15,15.724226951599121,32.013484954833984,0.0,32.146888732910156,31.769542694091797,32.05541229248047,0.0,7563000
2004-10-18,15.385363578796387,31.32358741760254,0.0,32.07447052001953,31.23973274230957,31.89532470703125,0.0,7847396
2004-10-19,15.351673126220703,31.25497817993164,0.0,31.468427658081055,31.060588836669922,31.281660079956055,0.0,7037496
2004-10-20,15.643720626831055,31.849586486816406,0.0,31.872455596923828,31.224485397338867,31.300718307495117,0.0,7404273
2004-10-21,15.675558090209961,31.914382934570312,0.0,32.32222366333008,31.70855712890625,31.9029483795166,0.0,9172305
2004-10-22,15.875873565673828,32.32222366333008,0.0,32.45562744140625,31.88389015197754,32.08590316772461,0.0,9455914
2004-10-25,15.898341178894043,32.36796188354492,0.0,32.653831481933594,32.303165435791016,32.32222366333008,0.0,7474847
2004-10-26,16.1810302734375,32.94350814819336,0.0,32.94350814819336,32.26123809814453,32.35652542114258,0.0,6592799
2004-10-27,15.990845680236816,32.36796188354492,0.190579,33.07310485839844,32.09733963012695,32.83678436279297,0.0,12063755
2004-10-28,15.625536918640137,31.62851333618164,0.0,32.32603454589844,31.315963745117188,32.2078742980957,0.0,10268700
2004-10-29,15.875986099243164,32.13545608520508,0.0,32.150699615478516,31.578962326049805,31.636137008666992,0.0,7093379
2004-11-01,15.810072898864746,32.00204849243164,0.0,32.577598571777344,31.80765724182129,32.303165435791016,0.0,8752007
2004-11-02,15.710277557373047,31.80003547668457,0.0,32.16975784301758,31.71999168395996,32.017295837402344,0.0,7955225
2004-11-03,16.100074768066406,32.58903121948242,0.0,32.63477325439453,31.845773696899414,32.200252532958984,0.0,8514048
2004-11-04,16.44842529296875,33.29417419433594,0.0,33.35897445678711,32.53567123413086,32.58903121948242,0.0,10161395
2004-11-05,16.63861656188965,33.67914581298828,0.0,33.82017517089844,33.09978485107422,33.29798889160156,0.0,8747285
2004-11-08,16.33921241760254,33.07310485839844,0.0,33.641029357910156,32.88252639770508,33.610538482666016,0.0,8081157
2004-11-09,16.28649139404297,32.96638107299805,0.0,33.29417419433594,32.77961349487305,33.00830841064453,0.0,6291350
2004-11-10,16.433366775512695,33.2636833190918,0.0,33.41233444213867,32.72243881225586,33.06547927856445,0.0,6575746
2004-11-11,16.337324142456055,33.06929016113281,0.0,33.47332000732422,33.06929016113281,33.2636833190918,0.0,7574806
2004-11-12,16.550111770629883,33.5,0.0,33.52286911010742,33.00068283081055,33.07310485839844,0.0,7357836
2004-11-15,16.28836441040039,32.970191955566406,0.0,33.39327621459961,32.81010437011719,33.38946533203125,0.0,8213911
2004-11-16,16.21869468688965,32.82916259765625,0.0,33.237003326416016,32.817726135253906,33.14933776855469,0.0,7938697
2004-11-17,16.329803466796875,33.054046630859375,0.0,33.29417419433594,32.94350814819336,33.00830841064453,0.0,8413303
2004-11-18,16.24317169189453,32.87871170043945,0.0,33.15314865112305,32.62714767456055,33.054046630859375,0.0,10121517
2004-11-19,16.463491439819336,33.324668884277344,0.0,33.378028869628906,32.82916259765625,32.93588638305664,0.0,6665210
2004-11-22,16.73465347290039,33.87353515625,0.0,33.92689895629883,33.237003326416016,33.237003326416016,0.0,7111481
2004-11-23,16.890949249267578,34.18989944458008,0.0,34.334739685058594,33.89259338378906,33.96882629394531,0.0,9889330
2004-11-24,16.926719665527344,34.2623176574707,0.0,34.34998321533203,33.911651611328125,34.30424499511719,0.0,9293777
2004-11-26,17.015228271484375,34.441463470458984,0.0,34.61679458618164,34.277565002441406,34.49482345581055,0.0,4109579
2004-11-29,16.95308494567871,34.31568145751953,0.0,34.59011459350586,34.098419189453125,34.41859436035156,0.0,6418856
2004-11-30,17.133853912353516,34.68159103393555,0.0,34.71970748901367,34.170841217041016,34.170841217041016,0.0,7645905
2004-12-01,16.811861038208008,34.02981185913086,0.0,34.769256591796875,33.68295669555664,34.68159103393555,0.0,11806644
2004-12-02,16.184795379638672,32.760555267333984,0.0,33.77062225341797,32.51280212402344,33.77062225341797,0.0,12769498
2004-12-03,16.28836441040039,32.970191955566406,0.0,33.23318862915039,32.7033805847168,32.72243881225586,0.0,7496886
2004-12-06,16.307201385498047,33.00830841064453,0.0,33.14552307128906,32.77198791503906,33.07310485839844,0.0,6274821
2004-12-07,15.958839416503906,32.303165435791016,0.0,33.11503219604492,32.299354553222656,33.00830841064453,0.0,8388116
2004-12-08,16.122665405273438,32.63477325439453,0.0,32.94350814819336,31.746673583984375,32.200252532958984,0.0,8956122
2004-12-09,16.126426696777344,32.64239501953125,0.0,32.72624969482422,32.11258316040039,32.58903121948242,0.0,7253155
2004-12-10,15.958839416503906,32.303165435791016,0.0,32.874900817871094,32.223121643066406,32.64239501953125,0.0,7184679
2004-12-13,16.158437728881836,32.707191467285156,0.0,32.75674057006836,32.2078742980957,32.303165435791016,0.0,8307572
2004-12-14,16.31661605834961,33.027366638183594,0.0,33.084537506103516,32.50517654418945,32.77961349487305,0.0,6773564
2004-12-15,16.48420524597168,33.36659622192383,0.0,33.641029357910156,32.871089935302734,33.084537506103516,0.0,6840990
2004-12-16,16.393815994262695,33.18363952636719,0.0,33.313232421875,32.93207550048828,33.30942153930664,0.0,5151666
2004-12-17,16.380651473999023,33.156959533691406,0.0,33.40852355957031,32.91682815551758,33.18363952636719,0.0,9047423
2004-12-20,16.57082176208496,33.541927337646484,0.0,33.835418701171875,33.25987243652344,33.351348876953125,0.0,5158487
2004-12-21,16.557647705078125,33.5152473449707,0.0,33.717262268066406,33.313232421875,33.71345138549805,0.0,5754565
2004-12-22,16.367460250854492,33.130279541015625,0.0,33.71345138549805,32.69194412231445,33.610538482666016,0.0,7705723
2004-12-23,16.410764694213867,33.21794509887695,0.0,33.41995620727539,33.09597396850586,33.134090423583984,0.0,3663308
2004-12-27,16.203636169433594,32.79867172241211,0.0,33.30942153930664,32.79867172241211,33.22175598144531,0.0,5325871
2004-12-28,16.29778480529785,32.98925018310547,0.0,33.137901306152344,32.88252639770508,32.88252639770508,0.0,4939680
2004-12-29,16.44089126586914,33.2789306640625,0.0,33.36659622192383,32.91682815551758,33.06547927856445,0.0,4278538
2004-12-30,16.342979431152344,33.080726623535156,0.0,33.423770904541016,33.07310485839844,33.21031951904297,0.0,3790289
2004-12-31,16.350507736206055,33.09597396850586,0.0,33.17601776123047,32.96638107299805,33.04261016845703,0.0,3666193
2005-01-03,15.838321685791016,32.05922317504883,0.0,33.054046630859375,31.982990264892578,33.054046630859375,0.0,8557862
2005-01-04,15.734750747680664,31.849586486816406,0.0,32.310787200927734,31.746673583984375,32.1430778503418,0.0,6862503
2005-01-05,15.851496696472168,32.08590316772461,0.0,32.299354553222656,31.559906005859375,31.78860092163086,0.0,10011064
2005-01-06,16.08123016357422,32.55091857910156,0.0,32.74911880493164,32.040164947509766,32.08590316772461,0.0,8744399
2005-01-07,15.97955322265625,32.3450927734375,0.0,32.55091857910156,32.07065963745117,32.55091857910156,0.0,6936751
2005-01-10,16.12454605102539,32.63858413696289,0.0,32.90158462524414,32.45943832397461,32.493743896484375,0.0,5777652
2005-01-11,16.118896484375,32.62714767456055,0.0,32.81391525268555,32.37939453125,32.569976806640625,0.0,4667877
2005-01-12,16.433366775512695,33.2636833190918,0.0,33.29417419433594,32.58903121948242,32.760555267333984,0.0,7272307
2005-01-13,16.683813095092773,33.77062225341797,0.0,34.12128829956055,33.22556686401367,33.313232421875,0.0,9785961
2005-01-14,16.76289939880371,33.93070983886719,0.0,34.170841217041016,33.621971130371094,33.686767578125,0.0,6603294
2005-01-18,16.970041275024414,34.34998321533203,0.0,34.441463470458984,34.13653564453125,34.174652099609375,0.0,10703690
2005-01-19,16.809978485107422,34.0260009765625,0.0,34.49482345581055,34.0260009765625,34.288997650146484,0.0,6213692
2005-01-20,16.519981384277344,33.43901443481445,0.0,34.02981185913086,33.12646484375,34.02981185913086,0.0,8640243
2005-01-21,16.43902015686035,33.27511978149414,0.0,33.717262268066406,33.27511978149414,33.4656982421875,0.0,7881503
2005-01-24,16.65932846069336,33.721073150634766,0.0,33.881160736083984,33.507625579833984,33.52286911010742,0.0,6493103
2005-01-25,16.74029541015625,33.884971618652344,0.0,33.995506286621094,33.6372184753418,33.75156784057617,0.0,5579047
2005-01-26,17.039703369140625,34.49101257324219,0.0,34.662532806396484,34.05268096923828,34.30424499511719,0.0,10753538
2005-01-27,17.135740280151367,34.685401916503906,0.0,34.99795150756836,34.2470703125,34.30424499511719,0.0,8755943
2005-01-28,17.133853912353516,34.68159103393555,0.0,34.814998626708984,34.281375885009766,34.30424499511719,0.0,7807780
2005-01-31,17.472803115844727,35.36767578125,0.0,35.592559814453125,34.49482345581055,34.685401916503906,0.0,9670261
2005-02-01,17.815519332885742,36.06138610839844,0.0,36.10712432861328,35.584938049316406,35.600181579589844,0.0,10367347
2005-02-02,17.904024124145508,36.24052810668945,0.0,36.4387321472168,36.01183319091797,36.076629638671875,0.0,7954176
2005-02-03,18.04901695251465,36.534019470214844,0.0,36.64836883544922,36.015647888183594,36.21003723144531,0.0,6636351
2005-02-04,18.11869239807129,36.675048828125,0.0,36.69791793823242,36.225284576416016,36.59119415283203,0.0,8147009
2005-02-07,18.094215393066406,36.6254997253418,0.0,36.83894729614258,36.301513671875,36.67885971069336,0.0,7544372
2005-02-08,18.209075927734375,36.85800552368164,0.0,36.91518020629883,36.419673919677734,36.419673919677734,0.0,6486282
2005-02-09,18.239208221435547,36.91899108886719,0.0,37.10956954956055,36.47684860229492,36.80083084106445,0.0,6853583
2005-02-10,18.730682373046875,37.913814544677734,0.0,37.982421875,36.99140930175781,37.05239486694336,0.0,6834693
2005-02-11,18.743940353393555,37.749916076660156,0.190579,38.22255325317383,37.456424713134766,37.67749786376953,0.0,8514311
2005-02-14,19.109193801879883,38.48554992675781,0.0,38.7294921875,37.95955276489258,38.016727447509766,0.0,9915566
2005-02-15,19.186796188354492,38.64182662963867,0.0,38.664695739746094,38.18824768066406,38.35976791381836,0.0,6003018
2005-02-16,19.741308212280273,39.75862121582031,0.0,39.83103942871094,38.554161071777344,38.64182662963867,0.0,10460221
2005-02-17,19.682641983032227,39.64046096801758,0.0,40.09022903442383,39.45369338989258,39.71669387817383,0.0,11476597
2005-02-18,20.108470916748047,40.49806594848633,0.0,40.719139099121094,39.53373718261719,39.674766540527344,0.0,13237808
2005-02-22,20.05168914794922,40.38372039794922,0.0,41.29087448120117,40.254127502441406,40.6124153137207,0.0,13009294
2005-02-23,20.288265228271484,40.86016845703125,0.0,40.96308135986328,39.91108322143555,40.0216178894043,0.0,10447891
2005-02-24,20.85223960876465,41.99601745605469,0.0,42.045570373535156,40.87922668457031,40.87922668457031,0.0,14253134
2005-02-25,21.257253646850586,42.81169891357422,0.0,43.440608978271484,41.973148345947266,41.99601745605469,0.0,19474849
2005-02-28,20.986621856689453,42.26664352416992,0.0,43.360565185546875,40.87922668457031,42.906986236572266,0.0,16741339
2005-03-01,20.534292221069336,41.355674743652344,0.0,42.495338439941406,41.26800537109375,42.26664352416992,0.0,13596451
2005-03-02,20.723552703857422,41.73683166503906,0.0,41.832122802734375,40.81061553955078,41.03168869018555,0.0,13163036
2005-03-03,20.931743621826172,42.156105041503906,0.0,42.506771087646484,41.39760208129883,41.9197883605957,0.0,13531649
2005-03-04,21.236431121826172,42.769771575927734,0.0,43.03657913208008,41.98458480834961,42.156105041503906,0.0,9609919
2005-03-07,21.158838272094727,42.613494873046875,0.0,42.876495361328125,41.84736633300781,42.51820755004883,0.0,9039814
2005-03-08,20.74437141418457,41.77875900268555,0.0,42.724029541015625,41.45096206665039,42.613494873046875,0.0,15520586
2005-03-09,20.174713134765625,40.631473541259766,0.0,42.55250930786133,40.555240631103516,41.85117721557617,0.0,15545248
2005-03-10,19.97787857055664,40.235069274902344,0.0,40.49806594848633,39.48418426513672,40.32654571533203,0.0,16551916
2005-03-11,19.983564376831055,40.24650192260742,0.0,40.87922668457031,39.968257904052734,39.968257904052734,0.0,9200902
2005-03-14,20.117942810058594,40.51712417602539,0.0,40.627662658691406,39.66714096069336,40.44089126586914,0.0,9197754
2005-03-15,19.8170108795166,39.91108322143555,0.0,40.970703125,39.82722854614258,40.48282241821289,0.0,9381929
2005-03-16,20.15767478942871,40.59716796875,0.0,41.33280563354492,39.701446533203125,39.76243209838867,0.0,11676776
2005-03-17,20.433990478515625,41.15365982055664,0.0,41.462398529052734,40.84492111206055,40.87541580200195,0.0,9985353
2005-03-18,20.86549186706543,42.022701263427734,0.0,42.308570861816406,41.20702362060547,41.23370361328125,0.0,16921317
2005-03-21,20.647842407226562,41.58436965942383,0.0,42.156105041503906,41.18415069580078,42.022701263427734,0.0,10170053
2005-03-22,20.25609588623047,40.795372009277344,0.0,42.129425048828125,40.745819091796875,41.5462532043457,0.0,11693830
2005-03-23,19.89083480834961,40.05973434448242,0.0,40.49806594848633,39.64046096801758,40.212196350097656,0.0,14231358
2005-03-24,19.832151412963867,39.94157409667969,0.0,40.639095306396484,39.46512985229492,40.3608512878418,0.0,9263868
2005-03-28,19.919198989868164,40.11690902709961,0.0,40.368473052978516,39.7128791809082,39.94538879394531,0.0,8116576
2005-03-29,19.61262321472168,39.49943161010742,0.0,40.49806594848633,39.44988250732422,39.98350143432617,0.0,9636417
2005-03-30,19.95328712463379,40.185516357421875,0.0,40.28080749511719,38.958187103271484,39.83103942871094,0.0,13600649
2005-03-31,20.409385681152344,41.10411071777344,0.0,41.13079071044922,40.185516357421875,40.822052001953125,0.0,13086952
2005-04-01,20.871164321899414,42.03413391113281,0.0,42.209468841552734,41.3289909362793,41.33661651611328,0.0,13815520
2005-04-04,20.926057815551758,42.14467239379883,0.0,43.067073822021484,41.95790481567383,42.495338439941406,0.0,16972214
2005-04-05,20.500228881835938,41.28706359863281,0.0,42.37717819213867,41.13841247558594,42.14848327636719,0.0,11615122
2005-04-06,20.982826232910156,42.25901794433594,0.0,42.342872619628906,40.97451400756836,41.462398529052734,0.0,11208729
2005-04-07,20.884414672851562,42.06081771850586,0.0,42.685916900634766,41.485267639160156,42.46103286743164,0.0,12718863
2005-04-08,20.653520584106445,41.595802307128906,0.0,42.48390197753906,41.58055877685547,42.06462860107422,0.0,10066159
2005-04-11,20.880626678466797,42.053192138671875,0.0,42.08749771118164,41.168907165527344,41.595802307128906,0.0,7488752
2005-04-12,20.492664337158203,41.27181625366211,0.0,42.03032302856445,40.932586669921875,41.8892936706543,0.0,11509392
2005-04-13,19.92867088317871,40.13596725463867,0.0,41.13841247558594,40.12453079223633,40.60097885131836,0.0,15227795
2005-04-14,19.847293853759766,39.972068786621094,0.0,40.742008209228516,39.701446533203125,40.364662170410156,0.0,11694617
2005-04-15,18.938867568969727,38.14250946044922,0.0,39.83103942871094,37.8109016418457,39.804359436035156,0.0,15350841
2005-04-18,19.430923461914062,39.133522033691406,0.0,39.19450759887695,37.357322692871094,37.8109016418457,0.0,12043028
2005-04-19,19.786731719970703,39.85009765625,0.0,40.01399612426758,39.221187591552734,39.297420501708984,0.0,10074293
2005-04-20,19.54448890686035,39.362213134765625,0.0,40.33035659790039,39.289794921875,39.85009765625,0.0,9283020
2005-04-21,20.00248146057129,40.28461837768555,0.0,40.28461837768555,38.99630355834961,39.0687255859375,0.0,8722361
2005-04-22,20.242843627929688,40.7686882019043,0.0,41.16509246826172,40.09785079956055,40.368473052978516,0.0,8632897
2005-04-25,20.572139739990234,41.43190383911133,0.0,41.7330207824707,41.16509246826172,41.5462532043457,0.0,8626075
2005-04-26,20.203092575073242,40.68864440917969,0.0,41.43190383911133,40.68864440917969,41.203208923339844,0.0,6337262
2005-04-27,19.625877380371094,39.52611541748047,0.0,41.18415069580078,39.49562072753906,41.03168869018555,0.0,11433833
2005-04-28,19.447959899902344,39.167823791503906,0.0,39.709068298339844,39.061100006103516,39.52611541748047,0.0,10583530
2005-04-29,19.843509674072266,39.964447021484375,0.0,40.28080749511719,39.12970733642578,39.52611541748047,0.0,9835809
2005-05-02,20.193635940551758,40.669586181640625,0.0,40.669586181640625,39.38508605957031,39.964447021484375,0.0,9945212
2005-05-03,19.588008880615234,39.44988250732422,0.0,40.54380416870117,39.17544937133789,40.49806594848633,0.0,9663702
2005-05-04,19.692110061645508,39.65951919555664,0.0,39.91870880126953,39.167823791503906,39.73575210571289,0.0,11017208
2005-05-05,19.873788833618164,40.02543258666992,0.0,40.31892395019531,39.50324249267578,39.79673767089844,0.0,9568466
2005-05-06,19.85676383972168,39.991127014160156,0.0,40.68483352661133,39.98350143432617,40.364662170410156,0.0,7389843
2005-05-09,20.204988479614258,40.69245910644531,0.0,40.745819091796875,39.991127014160156,40.11690902709961,0.0,7360459
2005-05-10,19.852977752685547,39.98350143432617,0.0,40.631473541259766,39.82722854614258,40.35322570800781,0.0,8074861
2005-05-11,20.057373046875,40.3951530456543,0.0,40.44089126586914,39.56422805786133,39.56422805786133,0.0,8434029
2005-05-12,19.097911834716797,38.23780059814453,0.236318,40.14358901977539,38.11582946777344,40.14358901977539,0.0,11604890
2005-05-13,18.75333595275879,37.54790115356445,0.0,38.33308792114258,37.10194778442383,38.23017501831055,0.0,15380749
2005-05-16,18.423995971679688,36.88849639892578,0.0,37.41449737548828,36.24815368652344,37.353511810302734,0.0,18713748
2005-05-17,18.827573776245117,37.69655227661133,0.0,37.826148986816406,36.713165283203125,36.76271438598633,0.0,13925973
2005-05-18,18.99890899658203,38.03959655761719,0.0,38.878143310546875,37.5593376159668,38.020538330078125,0.0,12241896
2005-05-19,19.295883178710938,38.63420486450195,0.0,38.83240509033203,37.79184341430664,38.03959655761719,0.0,8230701
2005-05-20,19.2482967376709,38.53891372680664,0.0,38.851463317871094,38.386451721191406,38.53510284423828,0.0,7744552
2005-05-23,19.674718856811523,39.39270782470703,0.0,39.58328628540039,38.82097244262695,39.0687255859375,0.0,7534665
2005-05-24,19.863191604614258,39.77005386352539,0.0,39.77386474609375,39.335533142089844,39.56422805786133,0.0,6190342
2005-05-25,20.053564071655273,40.151214599609375,0.0,40.51331329345703,39.28217315673828,39.83103942871094,0.0,9514682
2005-05-26,20.004058837890625,40.0521125793457,0.0,40.292240142822266,39.90727233886719,40.25031280517578,0.0,6613788
2005-05-27,20.474273681640625,40.99357223510742,0.0,41.06980514526367,40.11690902709961,40.269371032714844,0.0,5688713
2005-05-31,20.52948570251465,41.10411071777344,0.0,41.351863861083984,40.456138610839844,40.99357223510742,0.0,8655722
2005-06-01,20.969236373901367,41.98458480834961,0.0,42.00364303588867,41.355674743652344,41.3937873840332,0.0,9148430
2005-06-02,20.914033889770508,41.87405014038086,0.0,42.2628288269043,41.5462532043457,42.232337951660156,2.0,6352610
2005-06-03,20.944494247436523,41.935035705566406,0.0,42.38479995727539,41.74445343017578,41.759700775146484,0.0,5517524
2005-06-06,21.013029098510742,42.07225036621094,0.0,42.308570861816406,41.55387496948242,42.308570861816406,0.0,4737664
2005-06-07,20.803613662719727,41.652976989746094,0.0,42.308570861816406,41.62248229980469,42.2628288269043,0.0,5577473
2005-06-08,20.750320434570312,41.5462532043457,0.0,42.689727783203125,41.24132537841797,41.61486053466797,0.0,9217693
2005-06-09,21.42042350769043,42.88793182373047,0.0,42.910797119140625,41.62248229980469,41.77494812011719,0.0,7299723
2005-06-10,21.298583984375,42.64398956298828,0.0,43.070884704589844,41.74445343017578,42.62112045288086,0.0,5869478
2005-06-13,21.32141876220703,42.689727783203125,0.0,42.99465560913086,42.156105041503906,42.46103286743164,0.0,5394347
2005-06-14,21.530832290649414,43.10900115966797,0.0,43.33769607543945,42.59062576293945,42.91842269897461,0.0,4788037
2005-06-15,21.82780647277832,43.703609466552734,0.0,43.772216796875,43.03276824951172,43.37581253051758,0.0,6603818
2005-06-16,22.31134605407715,44.671749114990234,0.0,44.67937469482422,43.71123123168945,43.83320236206055,0.0,7163559
2005-06-17,23.103286743164062,46.25736999511719,0.0,46.31072998046875,45.28922653198242,46.12015151977539,0.0,14571374
2005-06-20,22.890071868896484,45.83047103881836,0.0,46.7757453918457,45.75423812866211,46.348846435546875,0.0,9927241
2005-06-21,22.170469284057617,44.38969421386719,0.0,45.88383483886719,44.214359283447266,45.73899459838867,0.0,8600889
2005-06-22,22.23900604248047,44.52690887451172,0.0,44.97667694091797,43.90180969238281,44.488792419433594,0.0,8774176
2005-06-23,22.08671760559082,44.22198486328125,0.0,45.02241516113281,44.06189727783203,44.92331314086914,0.0,7550407
2005-06-24,22.162857055664062,44.374446868896484,0.0,44.92331314086914,44.183868408203125,44.671749114990234,0.0,7003783
2005-06-27,22.661623001098633,45.37308120727539,0.0,45.66276168823242,44.79372024536133,44.90044403076172,0.0,9552987
2005-06-28,22.120981216430664,44.290592193603516,0.0,45.6246452331543,44.22960662841797,45.42644500732422,0.0,8653361
2005-06-29,21.99533462524414,44.03902816772461,0.0,45.014793395996094,43.56639099121094,44.32870864868164,0.0,10530009
2005-06-30,21.88871955871582,43.82558059692383,0.0,44.72511291503906,43.61212921142578,44.04664993286133,0.0,8155273
2005-07-01,22.50171661376953,45.05290985107422,0.0,45.304473876953125,44.25247573852539,44.44305419921875,0.0,6272853
2005-07-05,23.316492080688477,46.68426513671875,0.0,46.829105377197266,45.54841232299805,45.77710723876953,0.0,9351758
2005-07-06,22.836767196655273,45.72374725341797,0.0,47.22550964355469,45.6551399230957,46.92820739746094,0.0,8488731
2005-07-07,23.076641082763672,46.20400619506836,0.0,46.356468200683594,45.09102249145508,45.20537185668945,0.0,7865761
2005-07-08,22.93575668334961,45.92194747924805,0.0,46.7452507019043,45.678009033203125,46.50130844116211,0.0,9161024
2005-07-11,23.190858840942383,46.432701110839844,0.0,46.65377426147461,45.28922653198242,45.39595031738281,0.0,9222809
2005-07-12,23.442138671875,46.935829162597656,0.0,47.31698989868164,46.379337310791016,46.65377426147461,0.0,6856863
2005-07-13,23.415489196777344,46.882469177246094,0.0,47.34748077392578,46.722381591796875,47.1492805480957,0.0,7010342
2005-07-14,22.669239044189453,45.388328552246094,0.0,47.43133544921875,44.97667694091797,46.8977165222168,0.0,9581977
2005-07-15,22.59689712524414,45.24348831176758,0.0,45.82284927368164,44.892822265625,45.73136901855469,0.0,8436128
2005-07-18,22.539785385131836,45.1291389465332,0.0,45.36545944213867,44.68699645996094,45.05290985107422,0.0,5613154
2005-07-19,23.06139373779297,46.17351531982422,0.0,46.19638442993164,45.15201187133789,45.228240966796875,0.0,6322570
2005-07-20,23.053800582885742,46.158267974853516,0.0,46.6080322265625,45.678009033203125,46.082035064697266,0.0,6962068
2005-07-21,22.85580062866211,45.761863708496094,0.0,46.425079345703125,45.35783386230469,46.135398864746094,0.0,4600451
2005-07-22,23.320316314697266,46.691890716552734,0.0,46.9815673828125,46.04391860961914,46.082035064697266,0.0,7419096
2005-07-25,23.693431854248047,47.43895721435547,0.0,48.07930374145508,46.539424896240234,46.539424896240234,0.0,9377994
2005-07-26,23.503068923950195,47.05780029296875,0.0,47.59142303466797,46.882469177246094,47.59142303466797,0.0,7632656
2005-07-27,23.824493408203125,47.461830139160156,0.236318,47.56092834472656,46.95869827270508,47.44658279418945,0.0,7424344
2005-07-28,24.241600036621094,48.292755126953125,0.0,48.36898422241211,47.60667037963867,47.91159439086914,0.0,7960473
2005-07-29,23.95078468322754,47.71339416503906,0.0,48.666290283203125,47.56855392456055,48.63579559326172,0.0,6402196
2005-08-01,24.107667922973633,48.025943756103516,0.0,48.54431915283203,47.88872528076172,47.949710845947266,0.0,5891385
2005-08-02,24.635744094848633,49.07794189453125,0.0,49.08556365966797,48.216522216796875,48.28512954711914,0.0,6062704
2005-08-03,24.452064514160156,48.71202850341797,0.0,49.550575256347656,48.45283889770508,49.53533172607422,0.0,6347625
2005-08-04,24.559213638305664,48.92547607421875,0.0,49.230403900146484,48.6434211730957,48.97883987426758,0.0,5001203
2005-08-05,24.394662857055664,48.597679138183594,0.0,49.337127685546875,48.1174201965332,49.24565124511719,0.0,5324691
2005-08-08,24.861509323120117,49.527706146240234,0.0,49.8859977722168,49.02457809448242,49.047447204589844,0.0,7580578
2005-08-09,24.7237548828125,49.253273010253906,0.0,49.85550308227539,48.8644905090332,49.80213928222656,0.0,6484970
2005-08-10,25.11789894104004,50.03845977783203,0.0,50.17567443847656,49.10843276977539,49.550575256347656,0.0,6291218
2005-08-11,25.408721923828125,50.617820739746094,0.0,50.92274475097656,49.94697952270508,50.31289291381836,0.0,6673474
2005-08-12,25.492902755737305,50.78553009033203,0.0,51.25816345214844,50.02321243286133,50.69404983520508,0.0,7025034
2005-08-15,25.194416046142578,50.190921783447266,0.0,50.77790451049805,49.96222686767578,50.69404983520508,0.0,6102976
2005-08-16,24.520946502685547,48.8492431640625,0.0,50.076576232910156,48.75776672363281,50.076576232910156,0.0,7760687
2005-08-17,23.610200881958008,47.03493118286133,0.0,49.10081100463867,46.50130844116211,48.750144958496094,0.0,12330573
2005-08-18,23.571935653686523,46.95869827270508,0.0,47.18739318847656,45.92194747924805,46.76811981201172,0.0,11148387
2005-08-19,24.134449005126953,48.07930374145508,0.0,48.216522216796875,47.33223342895508,47.393218994140625,0.0,7652333
2005-08-22,24.188032150268555,48.186031341552734,0.0,49.253273010253906,47.576175689697266,48.826377868652344,0.0,7587662
2005-08-23,23.996694564819336,47.80487060546875,0.0,48.559566497802734,47.1492805480957,48.33087158203125,0.0,6171845
2005-08-24,24.19184684753418,48.19365310668945,0.0,48.750144958496094,47.652408599853516,48.025943756103516,0.0,7526532
2005-08-25,24.12298583984375,48.056434631347656,0.0,48.08692932128906,47.30174255371094,48.07930374145508,0.0,6169222
2005-08-26,23.6790828704834,47.172149658203125,0.0,48.407100677490234,47.172149658203125,48.33087158203125,0.0,6431187
2005-08-29,24.134449005126953,48.07930374145508,0.0,48.33849334716797,47.42371368408203,47.60667037963867,0.0,7776559
2005-08-30,24.64720916748047,49.10081100463867,0.0,49.19990921020508,48.19365310668945,48.2393913269043,0.0,8517197
2005-08-31,25.23269271850586,50.267154693603516,0.0,50.67880630493164,49.28376388549805,49.32188034057617,0.0,11152716
2005-09-01,26.40362548828125,52.5998420715332,0.0,53.362159729003906,51.471614837646484,51.4792366027832,0.0,17467678
2005-09-02,25.550304412841797,50.89987564086914,0.0,52.29491424560547,50.8541374206543,52.29491424560547,0.0,9596014
2005-09-06,25.557960510253906,50.915122985839844,0.0,51.31915283203125,50.06132888793945,50.915122985839844,0.0,7367412
2005-09-07,25.515857696533203,50.831268310546875,0.0,51.93662643432617,50.50347137451172,50.80077362060547,0.0,8369227
2005-09-08,25.71483612060547,51.2276725769043,0.0,51.52497482299805,50.4806022644043,50.88462829589844,0.0,7264961
2005-09-09,26.411293029785156,52.615089416503906,0.0,52.889522552490234,51.79941177368164,51.8375244140625,0.0,9557709
2005-09-12,25.699533462524414,51.197181701660156,0.0,52.5845947265625,51.128570556640625,52.57697296142578,0.0,8440719
2005-09-13,25.332181930541992,50.465354919433594,0.0,51.38013458251953,50.168052673339844,51.2276725769043,0.0,8286059
2005-09-14,25.821983337402344,51.44112014770508,0.0,51.64694595336914,50.541587829589844,50.69404983520508,0.0,7468944
2005-09-15,25.844942092895508,51.48685836791992,0.0,52.19581604003906,50.94561767578125,51.692684173583984,0.0,9216119
2005-09-16,26.46104621887207,52.71419143676758,0.0,52.71419143676758,51.45636749267578,51.75366973876953,0.0,13829425
2005-09-19,26.85517120361328,53.49937438964844,0.0,54.28456115722656,52.90476989746094,53.362159729003906,0.0,10089772
2005-09-20,26.365367889404297,52.52360916137695,0.0,53.57560729980469,52.29491424560547,53.05723190307617,0.0,8739676
2005-09-21,26.950841903686523,53.68995666503906,0.0,54.307430267333984,52.988624572753906,53.68995666503906,0.0,11319707
2005-09-22,26.694461822509766,53.179203033447266,0.0,54.490386962890625,51.93662643432617,54.16259002685547,0.0,9483462
2005-09-23,26.131946563720703,52.058597564697266,0.0,52.95050811767578,51.585960388183594,52.95050811767578,0.0,7871664
2005-09-26,26.549049377441406,52.889522552490234,0.0,52.98100280761719,51.53260040283203,51.616455078125,0.0,8102539
2005-09-27,26.395986557006836,52.5845947265625,0.0,52.805667877197266,52.07384490966797,52.67607498168945,0.0,5849407
2005-09-28,26.594966888427734,52.98100280761719,0.0,53.285926818847656,52.15007781982422,52.89714431762695,0.0,6347757
2005-09-29,27.13451385498047,54.05586624145508,0.0,54.200706481933594,52.75992965698242,53.30117416381836,0.0,7714512
2005-09-30,26.75185775756836,53.29355239868164,0.0,54.32267761230469,53.14870834350586,53.75094223022461,0.0,5934411
2005-10-03,26.38833236694336,52.56935119628906,0.0,53.86528778076172,52.515987396240234,53.438392639160156,0.0,8664380
2005-10-04,25.408721923828125,50.617820739746094,0.0,52.485496520996094,50.4806022644043,52.37114715576172,0.0,10332978
2005-10-05,24.203346252441406,48.216522216796875,0.0,50.617820739746094,48.1174201965332,50.617820739746094,0.0,14301014
2005-10-06,23.73265838623047,47.278873443603516,0.0,48.254638671875,46.30310821533203,47.34748077392578,0.0,16823326
2005-10-07,24.33727264404297,48.483333587646484,0.0,48.597679138183594,47.60667037963867,48.025943756103516,0.0,9479658
2005-10-10,24.1956787109375,48.20127487182617,0.0,48.559566497802734,47.33985900878906,48.33087158203125,0.0,7969655
2005-10-11,24.7237548828125,49.253273010253906,0.0,49.69541549682617,48.483333587646484,48.483333587646484,0.0,7665975
2005-10-12,24.28750991821289,48.38423156738281,0.0,49.54295349121094,48.07930374145508,49.29138946533203,0.0,7565099
2005-10-13,23.361473083496094,46.539424896240234,0.0,48.17840576171875,45.88383483886719,47.98020553588867,0.0,12875622
2005-10-14,23.851287841796875,47.51519012451172,0.0,47.682899475097656,45.55603790283203,46.12015151977539,0.0,11426618
2005-10-17,24.11532211303711,48.04118728637695,0.0,48.83399963378906,47.58380126953125,48.475711822509766,0.0,10607273
2005-10-18,22.990304946899414,45.79998016357422,0.0,48.216522216796875,45.73899459838867,47.949710845947266,0.0,12288596
2005-10-19,23.552812576293945,46.92058563232422,0.0,47.07304763793945,44.25247573852539,45.83047103881836,0.0,14417501
2005-10-20,22.09869956970215,44.023780822753906,0.0,46.76811981201172,43.619754791259766,46.50130844116211,0.0,13966114
2005-10-21,22.25175666809082,44.32870864868164,0.0,44.747982025146484,43.619754791259766,43.83320236206055,0.0,16583268
2005-10-24,23.074480056762695,45.967689514160156,0.0,46.12015151977539,44.31346130371094,44.32870864868164,0.0,10165462
2005-10-25,23.893373489379883,47.59904479980469,0.0,47.660030364990234,45.92194747924805,46.051544189453125,0.0,10121779
2005-10-26,24.0311336517334,47.87348175048828,0.0,49.718284606933594,47.095916748046875,48.01069641113281,0.0,15435582
2005-10-27,23.419677734375,46.425079345703125,0.236318,48.590057373046875,46.41745376586914,48.208900451660156,0.0,9624479
2005-10-28,24.32724380493164,48.224143981933594,0.0,48.38423156738281,45.73899459838867,46.86722183227539,0.0,12108880
2005-10-31,25.142515182495117,49.84025573730469,0.0,50.14518356323242,48.590057373046875,48.90260696411133,0.0,14364374
2005-11-01,25.434776306152344,50.41961669921875,0.0,50.869384765625,49.626808166503906,49.68016815185547,0.0,10553490
2005-11-02,25.653972625732422,50.8541374206543,0.0,51.418251037597656,50.18330001831055,50.41961669921875,0.0,9966726
2005-11-03,26.21543312072754,51.96712112426758,0.0,52.44738006591797,50.89225387573242,50.89225387573242,0.0,8778243
2005-11-04,25.477079391479492,50.50347137451172,0.0,52.066219329833984,50.267154693603516,51.90613555908203,0.0,14972127
2005-11-07,25.28480339050293,50.122314453125,0.0,50.29002380371094,49.58869171142578,50.274776458740234,0.0,12930586
2005-11-08,25.615516662597656,50.77790451049805,0.0,51.242919921875,49.20753479003906,49.893619537353516,0.0,8654672
2005-11-09,25.22327423095703,50.000343322753906,0.0,51.59358596801758,49.77164840698242,50.51871871948242,0.0,11882859
2005-11-10,24.377235412597656,48.323246002197266,0.0,49.77164840698242,47.58380126953125,49.05507278442383,0.0,13828901
2005-11-11,24.419536590576172,48.407100677490234,0.0,49.337127685546875,47.79724884033203,48.44521713256836,0.0,9652421
2005-11-14,24.35416603088379,48.27750778198242,0.0,49.10081100463867,47.96495819091797,49.10081100463867,0.0,8406613
2005-11-15,24.181116104125977,47.93446350097656,0.0,49.85550308227539,47.87348175048828,48.27750778198242,0.0,9278035
2005-11-16,24.881006240844727,49.32188034057617,0.0,49.61918640136719,47.4923210144043,48.407100677490234,0.0,10715365
2005-11-17,24.25802230834961,48.08692932128906,0.0,49.42860412597656,47.56092834472656,49.177040100097656,0.0,11570128
2005-11-18,23.93115234375,47.43895721435547,0.0,48.44521713256836,46.76811981201172,48.407100677490234,0.0,12767137
2005-11-21,24.70796775817871,48.97883987426758,0.0,49.11605453491211,47.812496185302734,48.025943756103516,0.0,10036644
2005-11-22,24.765647888183594,49.09318542480469,0.0,49.53533172607422,49.0169563293457,49.16941833496094,0.0,7799122
2005-11-23,24.65411949157715,48.87211608886719,0.0,49.3904914855957,48.63579559326172,49.001708984375,0.0,6756904
2005-11-25,24.61182403564453,48.78826141357422,0.0,49.413360595703125,48.673912048339844,49.32188034057617,0.0,1894751
2005-11-28,23.73887062072754,47.05780029296875,0.0,48.597679138183594,46.92058563232422,48.590057373046875,0.0,9210216
2005-11-29,23.56964874267578,46.722381591796875,0.0,47.98020553588867,46.60041046142578,47.202640533447266,0.0,10791580
2005-11-30,23.269704818725586,46.12777328491211,0.0,47.103538513183594,45.88383483886719,46.882469177246094,0.0,13214064
2005-12-01,24.215721130371094,48.003074645996094,0.0,48.04118728637695,46.63090515136719,46.92058563232422,0.0,11319051
2005-12-02,23.99267578125,47.56092834472656,0.0,48.407100677490234,47.24075698852539,48.407100677490234,0.0,8424059
2005-12-05,24.21187400817871,47.99544906616211,0.0,48.673912048339844,47.78962326049805,47.78962326049805,0.0,9335885
2005-12-06,24.50798225402832,48.582435607910156,0.0,49.16941833496094,48.17078399658203,48.55194091796875,0.0,9095041
2005-12-07,24.29262924194336,48.15553665161133,0.0,49.54295349121094,48.15553665161133,49.154170989990234,0.0,9286431
2005-12-08,24.581058502197266,48.72727584838867,0.0,48.89498519897461,47.881103515625,48.16315841674805,0.0,8470759
2005-12-09,24.254175186157227,48.07930374145508,0.0,48.76538848876953,47.88872528076172,48.43759536743164,0.0,7725400
2005-12-12,23.554285049438477,46.691890716552734,0.0,46.97394561767578,45.77710723876953,46.57754135131836,0.0,25763182
2005-12-13,22.381383895874023,44.366825103759766,0.0,45.113895416259766,44.20673751831055,45.045284271240234,0.0,54077928
2005-12-14,22.396751403808594,44.397315979003906,0.0,44.57264709472656,43.49016189575195,44.366825103759766,0.0,31552771
2005-12-15,22.600574493408203,44.80134582519531,0.0,44.862327575683594,43.9094352722168,44.519287109375,0.0,21021057
2005-12-16,22.054500579833984,43.71885681152344,0.0,44.90044403076172,43.55876922607422,44.90044403076172,0.0,19465535
2005-12-19,22.535192489624023,44.671749114990234,0.0,45.54841232299805,44.214359283447266,44.214359283447266,0.0,24938065
2005-12-20,22.696712493896484,44.99192428588867,0.0,45.43406677246094,44.78609848022461,44.90044403076172,0.0,20216273
2005-12-21,22.82361602783203,45.24348831176758,0.0,45.6246452331543,44.97667694091797,45.05290985107422,0.0,14840947
2005-12-22,22.862064361572266,45.31971740722656,0.0,45.6551399230957,45.2511100769043,45.47218322753906,0.0,12285579
2005-12-23,22.746706008911133,45.09102249145508,0.0,45.418819427490234,44.45830154418945,45.220619201660156,0.0,8270055
2005-12-27,22.112184524536133,43.83320236206055,0.0,45.09102249145508,43.68074035644531,45.09102249145508,0.0,12874310
2005-12-28,22.415983200073242,44.43543243408203,0.0,44.78609848022461,44.04664993286133,44.100013732910156,0.0,11983998
2005-12-29,22.189098358154297,43.98566436767578,0.0,44.83183670043945,43.98566436767578,44.43543243408203,0.0,12015350
2005-12-30,22.373685836791992,44.35157775878906,0.0,44.57264709472656,43.87131881713867,43.98566436767578,0.0,9487528
2006-01-03,23.269704818725586,46.12777328491211,0.0,46.32597732543945,44.81658935546875,44.854705810546875,0.0,20850262
2006-01-04,23.07358741760254,45.73899459838867,0.0,46.188758850097656,45.411197662353516,45.92957305908203,0.0,14415009
2006-01-05,22.892852783203125,45.380706787109375,0.0,45.79998016357422,45.05290985107422,45.6246452331543,0.0,16205079
2006-01-06,23.415842056274414,46.41745376586914,0.0,46.60041046142578,45.70087814331055,45.92957305908203,0.0,15557317
2006-01-09,23.411998748779297,46.40983200073242,0.0,46.85960006713867,46.06679153442383,46.806236267089844,0.0,13028577
2006-01-10,23.365848541259766,46.318355560302734,0.0,46.836727142333984,46.09728240966797,46.234500885009766,0.0,11334005
2006-01-11,23.369678497314453,46.32597732543945,0.0,46.58516311645508,45.685630798339844,46.234500885009766,0.0,14299309
2006-01-12,23.369678497314453,46.32597732543945,0.0,47.3703498840332,46.059165954589844,46.76811981201172,0.0,16953456
2006-01-13,23.365848541259766,46.318355560302734,0.0,46.55467224121094,45.92957305908203,46.04391860961914,0.0,13215770
2006-01-17,24.72333335876465,49.00933074951172,0.0,49.24565124511719,47.08066940307617,47.11116409301758,0.0,25368989
2006-01-18,24.384923934936523,48.33849334716797,0.0,49.47434616088867,47.682899475097656,49.47434616088867,0.0,15610051
2006-01-19,24.69257926940918,48.94834518432617,0.0,49.10081100463867,47.99544906616211,48.07168197631836,0.0,15531999
2006-01-20,24.861787796020508,49.28376388549805,0.0,50.50347137451172,48.94072341918945,49.21515655517578,0.0,20646934
2006-01-23,24.961767196655273,49.48196792602539,0.0,49.69541549682617,47.78200149536133,48.06406021118164,0.0,16025626
2006-01-24,24.796401977539062,49.154170989990234,0.0,49.84788131713867,48.6129264831543,48.76538848876953,0.0,14544483
2006-01-25,24.43492317199707,48.43759536743164,0.0,50.21379089355469,47.6447868347168,49.9698486328125,0.0,17819894
2006-01-26,24.61182403564453,48.78826141357422,0.0,49.26852035522461,48.1174201965332,48.89498519897461,0.0,12456767
2006-01-27,25.02713966369629,49.6115608215332,0.0,50.01559066772461,49.35237503051758,49.497215270996094,0.0,13039990
2006-01-30,25.092527389526367,49.741153717041016,0.0,50.28239822387695,49.32188034057617,49.93173599243164,0.0,14203679
2006-01-31,24.881006240844727,49.32188034057617,0.0,49.69541549682617,48.97883987426758,49.54295349121094,0.0,11234440
2006-02-01,24.773330688476562,49.10843276977539,0.0,50.25190734863281,48.8644905090332,49.32188034057617,0.0,17177772
2006-02-02,24.731033325195312,49.02457809448242,0.0,49.84025573730469,48.102176666259766,49.09318542480469,0.0,16131356
2006-02-03,24.034988403320312,47.6447868347168,0.0,48.78826141357422,47.545684814453125,48.78826141357422,0.0,17479484
2006-02-06,24.134958267211914,47.842987060546875,0.0,48.65104293823242,47.576175689697266,48.04118728637695,0.0,12476051
2006-02-07,23.112041473388672,45.815223693847656,0.0,47.45420455932617,45.79998016357422,47.37797546386719,0.0,18223269
2006-02-08,23.15049171447754,45.891456604003906,0.0,46.03629684448242,44.51166534423828,45.92957305908203,0.0,16702904
2006-02-09,22.804386138916016,45.20537185668945,0.0,47.03493118286133,44.80134582519531,46.425079345703125,0.0,15971711
2006-02-10,22.82361602783203,45.24348831176758,0.0,45.66276168823242,44.40494155883789,45.35783386230469,0.0,18478019
2006-02-13,22.862064361572266,45.31971740722656,0.0,46.07441329956055,44.930938720703125,45.35783386230469,0.0,13084197
2006-02-14,22.7620906829834,45.121517181396484,0.0,45.304473876953125,44.22198486328125,44.519287109375,0.0,15519012
2006-02-15,22.562108993530273,44.72511291503906,0.0,45.815223693847656,44.49641799926758,45.35783386230469,0.0,16467699
2006-02-16,23.17733383178711,45.66276168823242,0.274434,45.66276168823242,44.747982025146484,44.97667694091797,0.0,14010977
2006-02-17,23.637786865234375,46.56991958618164,0.0,46.75287628173828,45.88383483886719,46.04391860961914,0.0,14936315
2006-02-21,24.311067581176758,47.8963508605957,0.0,48.513824462890625,47.2712516784668,47.4923210144043,0.0,21575551
2006-02-22,23.951208114624023,47.18739318847656,0.0,47.59904479980469,46.84435272216797,47.286495208740234,0.0,16756556
2006-02-23,23.77321434020996,46.836727142333984,0.0,47.477073669433594,46.57754135131836,46.76811981201172,0.0,13072653
2006-02-24,24.27237319946289,47.82011795043945,0.0,48.300376892089844,47.43133544921875,47.60667037963867,0.0,13465535
2006-02-27,23.947343826293945,47.179771423339844,0.0,47.60667037963867,46.84435272216797,47.58380126953125,0.0,9471656
2006-02-28,23.58748435974121,46.47081756591797,0.0,46.9968147277832,45.944820404052734,46.806236267089844,0.0,16504167
2006-03-01,23.900911331176758,47.088294982910156,0.0,47.1492805480957,46.356468200683594,46.806236267089844,0.0,10150901
2006-03-02,24.29171371459961,47.85823440551758,0.0,48.025943756103516,47.04255676269531,47.26362609863281,0.0,13027396
2006-03-03,24.175622940063477,47.629539489746094,0.0,48.208900451660156,47.26362609863281,47.70576858520508,0.0,9037453
2006-03-06,23.44045066833496,46.18113708496094,0.0,47.53043746948242,46.15064239501953,47.33985900878906,0.0,9367237
2006-03-07,23.014829635620117,45.34259033203125,0.0,46.082035064697266,44.97667694091797,46.04391860961914,0.0,12073593
2006-03-08,23.041915893554688,45.39595031738281,0.0,45.73899459838867,44.62601089477539,44.90044403076172,0.0,11417960
2006-03-09,22.883272171020508,45.08340072631836,0.0,45.77710723876953,44.9080696105957,45.67038345336914,0.0,9611230
2006-03-10,22.85618782043457,45.0300407409668,0.0,45.678009033203125,44.59552001953125,45.045284271240234,0.0,11964321
2006-03-13,23.277942657470703,45.860965728759766,0.0,45.868587493896484,45.197750091552734,45.25873565673828,0.0,10309365
2006-03-14,23.537189483642578,46.3717155456543,0.0,46.425079345703125,45.601776123046875,45.967689514160156,0.0,11480008
2006-03-15,23.862213134765625,47.012062072753906,0.0,47.04255676269531,46.059165954589844,46.28023910522461,0.0,13859072
2006-03-16,24.121456146240234,47.5228157043457,0.0,47.63716125488281,46.50130844116211,47.07304763793945,0.0,11099720
2006-03-17,23.742263793945312,46.7757453918457,0.0,47.87348175048828,46.615657806396484,47.87348175048828,0.0,10461664
2006-03-20,23.32823944091797,45.96006393432617,0.0,46.882469177246094,45.860965728759766,46.49368667602539,0.0,8090209
2006-03-21,23.018705368041992,45.35021209716797,0.0,46.264991760253906,45.29684829711914,45.80760192871094,0.0,11450230
2006-03-22,23.401771545410156,46.10490417480469,0.0,46.84435272216797,45.144386291503906,45.144386291503906,0.0,10277489
2006-03-23,23.649412155151367,46.59278869628906,0.0,47.19501876831055,46.455570220947266,46.691890716552734,0.0,8788081
2006-03-24,23.897031784057617,47.08066940307617,0.0,47.660030364990234,46.73762893676758,46.836727142333984,0.0,10605174
2006-03-27,24.415531158447266,48.102176666259766,0.0,48.34611511230469,46.615657806396484,46.9815673828125,0.0,15107372
2006-03-28,24.667028427124023,48.597679138183594,0.0,49.53533172607422,48.38423156738281,48.38423156738281,0.0,13782594
2006-03-29,25.073318481445312,49.39811325073242,0.0,49.58106994628906,48.780635833740234,48.94072341918945,0.0,10182253
2006-03-30,24.949493408203125,49.154170989990234,0.0,49.9698486328125,49.05507278442383,49.3599967956543,0.0,11341745
2006-03-31,24.43487548828125,48.140289306640625,0.0,48.84162139892578,47.90397262573242,48.83399963378906,0.0,14352174
2006-04-03,24.92239761352539,49.10081100463867,0.0,49.83263397216797,48.582435607910156,48.750144958496094,0.0,14852360
2006-04-04,25.2087459564209,49.66492462158203,0.0,49.85550308227539,48.887359619140625,48.887359619140625,0.0,12736179
2006-04-05,25.754322052001953,50.73979187011719,0.0,50.88462829589844,49.38286590576172,49.893619537353516,0.0,16387943
2006-04-06,26.021305084228516,51.26578903198242,0.0,51.91375732421875,50.937992095947266,51.07521057128906,0.0,14842259
2006-04-07,25.52215576171875,50.28239822387695,0.0,51.197181701660156,49.93935775756836,50.77028274536133,0.0,10637051
2006-04-10,25.808486938476562,50.84651565551758,0.0,51.547847747802734,50.50347137451172,50.640689849853516,0.0,11605940
2006-04-11,26.063854217529297,51.34964370727539,0.0,51.982364654541016,51.128570556640625,51.64694595336914,0.0,13983823
2006-04-12,26.05225372314453,51.32677459716797,0.0,51.90613555908203,51.08283233642578,51.15906524658203,0.0,9281184
2006-04-13,25.97873878479004,51.18193435668945,0.0,51.578338623046875,50.7321662902832,51.07521057128906,0.0,6646845
2006-04-17,26.43919563293457,52.089088439941406,0.0,52.38639450073242,51.502105712890625,51.9747428894043,0.0,9701482
2006-04-18,27.333005905151367,53.850040435791016,0.0,53.97963333129883,52.5845947265625,52.71419143676758,0.0,14980784
2006-04-19,27.38716697692871,53.956764221191406,0.0,54.13209915161133,52.98100280761719,52.98100280761719,0.0,12877590
2006-04-20,27.03119468688965,53.255435943603516,0.0,54.04824447631836,52.5998420715332,53.552738189697266,0.0,14607055
2006-04-21,28.052709579467773,55.267948150634766,0.0,55.267948150634766,53.438392639160156,53.438392639160156,0.0,15045980
2006-04-24,27.023468017578125,53.24018859863281,0.0,55.10786437988281,53.24018859863281,54.9630241394043,0.0,14616238
2006-04-25,26.408239364624023,52.028106689453125,0.0,54.31505584716797,51.92900466918945,53.819549560546875,0.0,18418202
2006-04-26,25.98261260986328,51.18955612182617,0.0,52.66082763671875,51.08283233642578,51.45636749267578,0.0,16166381
2006-04-27,25.61115837097168,50.457733154296875,0.0,50.88462829589844,49.31425857543945,50.465354919433594,0.0,19652072
2006-04-28,25.885875701904297,50.99897766113281,0.0,52.0052375793457,50.79315185546875,50.89987564086914,0.0,14614926
2006-05-01,26.234130859375,51.685062408447266,0.0,52.57697296142578,51.38013458251953,51.40300750732422,0.0,10927088
2006-05-02,26.768091201782227,52.737060546875,0.0,52.90476989746094,51.8527717590332,52.10433578491211,0.0,10412866
2006-05-03,26.118043899536133,51.45636749267578,0.0,52.75992965698242,50.99897766113281,52.729434967041016,0.0,11354994
2006-05-04,25.750450134277344,50.7321662902832,0.0,51.45636749267578,49.69541549682617,50.96086120605469,0.0,13791646
2006-05-05,25.86652946472168,50.96086120605469,0.0,51.62407684326172,50.755035400390625,51.26578903198242,0.0,11113100
2006-05-08,25.912960052490234,51.05234146118164,0.0,51.174312591552734,49.94697952270508,50.21379089355469,0.0,12055359
2006-05-09,25.9903564453125,51.204803466796875,0.0,51.791786193847656,50.92274475097656,51.14381790161133,0.0,9818756
2006-05-10,26.199298858642578,51.616455078125,0.0,51.79941177368164,50.747413635253906,50.95323944091797,0.0,9347560
2006-05-11,25.878129959106445,50.98373031616211,0.0,52.241554260253906,50.8541374206543,52.05097579956055,0.0,11203351
2006-05-12,25.224218368530273,49.69541549682617,0.0,50.84651565551758,49.58106994628906,50.69404983520508,0.0,12730407
2006-05-15,24.57804298400879,48.42234802246094,0.0,49.19990921020508,47.759132385253906,49.0169563293457,0.0,17493258
2006-05-16,25.01142120361328,49.27614212036133,0.0,50.091819763183594,48.597679138183594,48.78826141357422,0.0,15211660
2006-05-17,24.574176788330078,48.41472625732422,0.0,49.87837219238281,47.926841735839844,49.28376388549805,0.0,16636265
2006-05-18,24.29788589477539,47.59904479980469,0.274434,48.52145004272461,47.58380126953125,48.407100677490234,0.0,12774614
2006-05-19,24.406843185424805,47.812496185302734,0.0,48.42234802246094,46.615657806396484,47.59904479980469,0.0,15678526
2006-05-22,24.348466873168945,47.69814682006836,0.0,48.208900451660156,46.51655578613281,47.286495208740234,0.0,15161812
2006-05-23,24.399059295654297,47.79724884033203,0.0,49.527706146240234,47.51519012451172,48.483333587646484,0.0,14698881
2006-05-24,23.795894622802734,46.615657806396484,0.0,47.5228157043457,46.135398864746094,47.33985900878906,0.0,20025801
2006-05-25,24.418519973754883,47.835365295410156,0.0,48.33849334716797,46.82148361206055,47.1187858581543,0.0,17660905
2006-05-26,24.694808959960938,48.376609802246094,0.0,48.56718826293945,47.477073669433594,48.025943756103516,0.0,10019591
2006-05-30,24.118881225585938,47.24837875366211,0.0,48.971214294433594,47.22550964355469,48.826377868652344,0.0,11337285
2006-05-31,24.628643035888672,48.24701690673828,0.0,48.27750778198242,47.08066940307617,47.33985900878906,0.0,11928903
2006-06-01,24.7882022857666,48.559566497802734,0.0,48.78826141357422,47.545684814453125,47.72101593017578,0.0,11609219
2006-06-02,25.103404998779297,49.177040100097656,0.0,49.47434616088867,48.376609802246094,48.97883987426758,0.0,9269378
2006-06-05,24.336793899536133,47.67527770996094,0.0,49.84025573730469,47.67527770996094,49.741153717041016,0.0,14679466
2006-06-06,24.087751388549805,47.18739318847656,0.0,47.949710845947266,46.8977165222168,47.63716125488281,0.0,16979036
2006-06-07,23.55074691772461,46.135398864746094,0.0,47.29412078857422,46.10490417480469,47.172149658203125,0.0,16992022
2006-06-08,23.772546768188477,46.56991958618164,0.0,46.6232795715332,44.79372024536133,45.72374725341797,0.0,25223380
2006-06-09,23.5701961517334,46.17351531982422,0.0,47.172149658203125,45.944820404052734,46.76811981201172,0.0,12775533
2006-06-12,23.20440101623535,45.45693588256836,0.0,46.730003356933594,45.380706787109375,46.29548645019531,0.0,11952121
2006-06-13,22.535083770751953,44.145751953125,0.0,45.66276168823242,43.95517349243164,45.228240966796875,0.0,20667136
2006-06-14,23.138242721557617,45.32734298706055,0.0,45.34259033203125,44.100013732910156,44.13813018798828,0.0,14746630
2006-06-15,24.02937889099121,47.07304763793945,0.0,47.26362609863281,45.594154357910156,45.685630798339844,0.0,16430576
2006-06-16,23.803668975830078,46.63090515136719,0.0,47.07304763793945,45.891456604003906,46.59278869628906,0.0,14623453
2006-06-19,23.03706169128418,45.1291389465332,0.0,46.63090515136719,44.99954605102539,46.6232795715332,0.0,12954330
2006-06-20,22.881418228149414,44.824214935302734,0.0,45.70087814331055,44.68699645996094,45.58652877807617,0.0,13489409
2006-06-21,23.29001235961914,45.6246452331543,0.0,46.19638442993164,44.824214935302734,45.05290985107422,0.0,14033934
2006-06-22,23.644126892089844,46.318355560302734,0.0,46.44794845581055,45.4035758972168,45.891456604003906,0.0,11330464
2006-06-23,23.838695526123047,46.69951248168945,0.0,47.43895721435547,46.50130844116211,46.50130844116211,0.0,9923830
2006-06-26,24.16557502746582,47.33985900878906,0.0,47.49994659423828,46.22687530517578,46.539424896240234,0.0,8648507
2006-06-27,24.418519973754883,47.835365295410156,0.0,48.856868743896484,47.43895721435547,47.43895721435547,0.0,14471285
2006-06-28,24.959415435791016,48.89498519897461,0.0,49.06269454956055,47.99544906616211,48.254638671875,0.0,11040164
2006-06-29,25.671545028686523,50.29002380371094,0.0,50.31289291381836,49.123680114746094,49.16941833496094,0.0,12429744
2006-06-30,25.500335693359375,49.95460510253906,0.0,50.76266098022461,49.72591018676758,50.39674758911133,0.0,8675005
2006-07-03,26.002317428588867,50.937992095947266,0.0,51.0904541015625,50.30527114868164,50.52634048461914,0.0,4648331
2006-07-05,26.29416275024414,51.50973129272461,0.0,51.77654266357422,50.25190734863281,50.62544250488281,0.0,15712108
2006-07-06,26.29416275024414,51.50973129272461,0.0,52.20343780517578,51.395381927490234,51.53260040283203,0.0,13251844
2006-07-07,26.14629554748535,51.22005081176758,0.0,52.57697296142578,51.0904541015625,51.8375244140625,0.0,12308010
2006-07-10,26.20466423034668,51.33439636230469,0.0,51.94424819946289,50.77028274536133,51.212425231933594,0.0,8640898
2006-07-11,26.426477432250977,51.768917083740234,0.0,51.9747428894043,51.212425231933594,51.685062408447266,0.0,8099129
2006-07-12,26.442033767700195,51.79941177368164,0.0,52.5998420715332,51.715553283691406,52.028106689453125,0.0,12489037
2006-07-13,26.10348892211914,51.13619613647461,0.0,52.31778335571289,50.96848678588867,52.10433578491211,0.0,11634406
2006-07-14,26.247474670410156,51.418251037597656,0.0,51.75366973876953,50.51109313964844,51.608829498291016,0.0,10897573
2006-07-17,25.35245704650879,49.66492462158203,0.0,51.235294342041016,49.20753479003906,50.77028274536133,0.0,14525724
2006-07-18,25.45751953125,49.870750427246094,0.0,50.31289291381836,49.16941833496094,50.11469268798828,0.0,11347123
2006-07-19,25.640411376953125,50.22903823852539,0.0,50.450111389160156,49.3904914855957,49.84025573730469,0.0,14078928
2006-07-20,25.072261810302734,49.11605453491211,0.0,50.57970428466797,49.09318542480469,50.22903823852539,0.0,9861520
2006-07-21,24.760950088500977,48.506202697753906,0.0,49.58869171142578,48.36898422241211,49.58106994628906,0.0,11628502
2006-07-24,25.597604751586914,50.14518356323242,0.0,50.59495162963867,48.73489761352539,49.05507278442383,0.0,10575397
2006-07-25,26.247474670410156,51.418251037597656,0.0,51.52497482299805,50.351009368896484,50.65593338012695,0.0,11197842
2006-07-26,26.69498062133789,52.29491424560547,0.0,53.30879592895508,51.15143966674805,51.608829498291016,0.0,17517001
2006-07-27,26.605009078979492,51.845149993896484,0.274434,53.24781036376953,51.64694595336914,52.94288635253906,0.0,11871577
2006-07-28,26.58152198791504,51.79941177368164,0.0,52.0052375793457,51.0904541015625,51.74604797363281,0.0,12377929
2006-07-31,26.851465225219727,52.325408935546875,0.0,52.87427520751953,51.59358596801758,51.99761199951172,0.0,8170097
2006-08-01,26.863197326660156,52.3482780456543,0.0,52.538856506347656,51.921382904052734,52.18819046020508,0.0,8039311
2006-08-02,27.004024505615234,52.622711181640625,0.0,53.933895111083984,52.53123474121094,52.68369674682617,0.0,13887669
2006-08-03,26.906221389770508,52.432132720947266,0.0,53.02674102783203,52.12720489501953,52.19581604003906,0.0,7916134
2006-08-04,26.80451202392578,52.23393249511719,0.0,53.11821746826172,51.77654266357422,52.98100280761719,0.0,7272832
2006-08-07,26.448530197143555,51.54022216796875,0.0,52.5998420715332,51.30390548706055,52.485496520996094,0.0,12784846
2006-08-08,26.456350326538086,51.55546951293945,0.0,52.27204513549805,51.2276725769043,51.26578903198242,0.0,9341788
2006-08-09,26.953166961669922,52.52360916137695,0.0,53.14870834350586,51.91375732421875,52.134830474853516,0.0,11254117
2006-08-10,26.640207290649414,51.91375732421875,0.0,52.53123474121094,51.54022216796875,52.218685150146484,0.0,9155776
2006-08-11,26.749753952026367,52.12720489501953,0.0,52.19581604003906,51.2276725769043,51.608829498291016,0.0,7142702
2006-08-14,26.139490127563477,50.937992095947266,0.0,51.89850997924805,50.55683517456055,51.875640869140625,0.0,7984216
2006-08-15,26.198163986206055,51.05234146118164,0.0,51.761295318603516,50.62544250488281,51.761295318603516,0.0,6681214
2006-08-16,26.092548370361328,50.84651565551758,0.0,51.63932418823242,50.41199493408203,51.212425231933594,0.0,8184658
2006-08-17,25.928241729736328,50.52634048461914,0.0,50.77028274536133,50.03845977783203,50.33576202392578,0.0,9486741
2006-08-18,25.975194931030273,50.617820739746094,0.0,50.87700653076172,50.18330001831055,50.59495162963867,0.0,8885154
2006-08-21,26.1590518951416,50.97610855102539,0.0,51.174312591552734,50.80839920043945,50.88462829589844,0.0,11047248
2006-08-22,26.245100021362305,51.14381790161133,0.0,51.204803466796875,50.81602096557617,50.84651565551758,0.0,8623320
2006-08-23,25.814802169799805,50.30527114868164,0.0,51.22005081176758,50.122314453125,51.03709411621094,0.0,7176940
2006-08-24,25.77958869934082,50.23666000366211,0.0,50.465354919433594,49.9698486328125,50.03845977783203,0.0,7935811
2006-08-25,25.936065673828125,50.541587829589844,0.0,51.08283233642578,50.31289291381836,50.541587829589844,0.0,6240977
2006-08-28,25.701351165771484,50.084197998046875,0.0,50.51871871948242,49.9850959777832,50.122314453125,0.0,6430268
2006-08-29,25.306251525878906,49.31425857543945,0.0,50.007965087890625,49.13892364501953,50.000343322753906,0.0,11470432
2006-08-30,24.840730667114258,48.407100677490234,0.0,49.42860412597656,47.682899475097656,49.367618560791016,0.0,15617397
2006-08-31,24.81334686279297,48.35374069213867,0.0,48.597679138183594,47.95733642578125,48.376609802246094,0.0,9417741
2006-09-01,25.13021469116211,48.971214294433594,0.0,48.97883987426758,48.36898422241211,48.78826141357422,0.0,6922452
2006-09-05,25.145870208740234,49.001708984375,0.0,49.19990921020508,48.49857711791992,48.826377868652344,0.0,8243951
2006-09-06,24.163970947265625,47.088294982910156,0.0,48.56718826293945,46.9815673828125,48.559566497802734,0.0,17464923
2006-09-07,24.066171646118164,46.8977165222168,0.0,47.37797546386719,46.36409378051758,46.92058563232422,0.0,14891583
2006-09-08,23.60456657409668,45.9981803894043,0.0,47.24837875366211,45.85334014892578,46.79098892211914,0.0,14748991
2006-09-11,23.00212860107422,44.824214935302734,0.0,45.601776123046875,44.41256332397461,45.54841232299805,0.0,23258186
2006-09-12,22.743934631347656,44.32108688354492,0.0,45.29684829711914,44.16862106323242,44.938560485839844,0.0,18099305
2006-09-13,23.14295768737793,45.09864807128906,0.0,45.47218322753906,44.32108688354492,44.488792419433594,0.0,16602814
2006-09-14,22.86130714416504,44.549781799316406,0.0,45.708499908447266,44.214359283447266,45.35783386230469,0.0,18788914
2006-09-15,22.72829246520996,44.290592193603516,0.0,44.854705810546875,44.23722839355469,44.59552001953125,0.0,17855443
2006-09-18,23.10774803161621,45.0300407409668,0.0,45.54079055786133,44.45830154418945,44.63363265991211,0.0,13337635
2006-09-19,22.806541442871094,44.44305419921875,0.0,45.61702346801758,44.19911575317383,45.44931411743164,0.0,16115090
2006-09-20,22.395780563354492,43.64262390136719,0.0,44.450679779052734,43.47491455078125,44.42018508911133,0.0,19594747
2006-09-21,22.77132225036621,44.374446868896484,0.0,44.80134582519531,43.83320236206055,43.83320236206055,0.0,16101054
2006-09-22,22.704830169677734,44.24485397338867,0.0,44.847084045410156,43.61212921142578,44.78609848022461,0.0,11229980
2006-09-25,22.41925621032715,43.68836212158203,0.0,44.214359283447266,43.10900115966797,43.71885681152344,0.0,21572665
2006-09-26,22.865209579467773,44.557403564453125,0.0,44.57264709472656,43.56639099121094,43.83320236206055,0.0,16669059
2006-09-27,23.11947250366211,45.05290985107422,0.0,45.39595031738281,44.2829704284668,44.97667694091797,0.0,20182429
2006-09-28,23.0529842376709,44.92331314086914,0.0,45.53316879272461,44.641258239746094,45.24348831176758,0.0,16000571
2006-09-29,23.287689208984375,45.380706787109375,0.0,45.54841232299805,44.63363265991211,44.97667694091797,0.0,11250576
2006-10-02,22.904315948486328,44.63363265991211,0.0,45.891456604003906,44.62601089477539,45.525543212890625,0.0,12515536
2006-10-03,21.918529510498047,42.71259689331055,0.0,44.023780822753906,42.43816375732422,44.023780822753906,0.0,22698051
2006-10-04,22.211910247802734,43.284332275390625,0.0,43.284332275390625,41.85117721557617,42.7888298034668,0.0,26553798
2006-10-05,22.642223358154297,44.12288284301758,0.0,44.519287109375,43.703609466552734,43.77983856201172,0.0,21362123
2006-10-06,22.693090438842773,44.22198486328125,0.0,44.45830154418945,43.51302719116211,44.13813018798828,0.0,13271783
2006-10-09,22.48184585571289,43.810333251953125,0.0,44.824214935302734,43.71123123168945,44.70986557006836,0.0,11513721
2006-10-10,22.759584426879883,44.35157775878906,0.0,44.549781799316406,43.64262390136719,43.74934768676758,0.0,14047445
2006-10-11,22.544429779052734,43.93230438232422,0.0,44.473548889160156,43.68074035644531,44.06189727783203,0.0,12258818
2006-10-12,23.006032943725586,44.83183670043945,0.0,45.0300407409668,44.01615905761719,44.08476638793945,0.0,18175520
2006-10-13,23.483291625976562,45.761863708496094,0.0,46.242122650146484,45.09864807128906,45.09864807128906,0.0,15050441
2006-10-16,23.897958755493164,46.56991958618164,0.0,46.615657806396484,45.487430572509766,45.594154357910156,0.0,12534557
2006-10-17,23.78451156616211,46.348846435546875,0.0,46.806236267089844,45.868587493896484,46.806236267089844,0.0,12183128
2006-10-18,23.60064697265625,45.99055862426758,0.0,46.836727142333984,45.73136901855469,46.386962890625,0.0,13118041
2006-10-19,23.913604736328125,46.60041046142578,0.0,46.798614501953125,45.838096618652344,46.12777328491211,0.0,11062989
2006-10-20,23.807971954345703,46.39458465576172,0.0,47.012062072753906,46.059165954589844,46.882469177246094,0.0,12575222
2006-10-23,23.74930191040039,46.28023910522461,0.0,46.36409378051758,45.6246452331543,45.90670394897461,0.0,11895452
2006-10-24,24.019229888916016,46.806236267089844,0.0,47.019683837890625,45.85334014892578,45.891456604003906,0.0,14778900
2006-10-25,24.547338485717773,47.835365295410156,0.0,48.17840576171875,46.615657806396484,46.615657806396484,0.0,17924050
2006-10-26,24.332176208496094,47.41608810424805,0.0,48.24701690673828,47.065425872802734,48.224143981933594,0.0,12412822
2006-10-27,24.07643699645996,46.646148681640625,0.274434,47.40084457397461,46.615657806396484,47.26362609863281,0.0,10550079
2006-10-30,23.529495239257812,45.58652877807617,0.0,46.188758850097656,45.28922653198242,46.165889739990234,0.0,16953325
2006-10-31,23.70262336730957,45.92194747924805,0.0,46.005802154541016,44.847084045410156,45.53316879272461,0.0,21357925
2006-11-01,23.490161895751953,45.51029968261719,0.0,46.30310821533203,45.037662506103516,45.967689514160156,0.0,16449990
2006-11-02,23.490161895751953,45.51029968261719,0.0,45.80760192871094,44.99954605102539,45.35783386230469,0.0,11945956
2006-11-03,23.989850997924805,46.47843933105469,0.0,46.836727142333984,45.838096618652344,45.84571838378906,0.0,13726975
2006-11-06,24.02133560180664,46.539424896240234,0.0,47.08066940307617,46.3717155456543,46.57754135131836,0.0,15233698
2006-11-07,23.99773406982422,46.49368667602539,0.0,46.86722183227539,46.15064239501953,46.86722183227539,0.0,11747613
2006-11-08,24.54072380065918,47.545684814453125,0.0,47.812496185302734,46.318355560302734,46.425079345703125,0.0,19978970
2006-11-09,24.910572052001953,48.26226043701172,0.0,48.971214294433594,47.82773971557617,48.025943756103516,0.0,18569845
2006-11-10,24.824016571044922,48.09455108642578,0.0,48.36136245727539,47.69814682006836,48.17078399658203,0.0,8094144
2006-11-13,24.8161563873291,48.07930374145508,0.0,48.6129264831543,47.33985900878906,47.41608810424805,0.0,12852797
2006-11-14,24.96959686279297,48.376609802246094,0.0,48.666290283203125,48.07930374145508,48.483333587646484,0.0,10725728
2006-11-15,25.174213409423828,48.773014068603516,0.0,49.10843276977539,48.16315841674805,48.376609802246094,0.0,11255691
2006-11-16,24.501375198364258,47.469451904296875,0.0,49.20753479003906,47.43133544921875,49.16941833496094,0.0,15984305
2006-11-17,24.670570373535156,47.79724884033203,0.0,47.98020553588867,46.92820739746094,46.95869827270508,0.0,14164719
2006-11-20,24.717784881591797,47.88872528076172,0.0,48.46808624267578,47.26362609863281,47.37797546386719,0.0,12111110
2006-11-21,25.3079833984375,49.03219985961914,0.0,49.21515655517578,48.14791488647461,48.254638671875,0.0,16540110
2006-11-22,25.374868392944336,49.16179656982422,0.0,49.550575256347656,48.483333587646484,49.31425857543945,0.0,13472225
2006-11-24,25.296178817749023,49.00933074951172,0.0,49.56582260131836,48.97883987426758,49.07794189453125,0.0,3389012
2006-11-27,25.2568302154541,48.933101654052734,0.0,49.54295349121094,48.90260696411133,49.154170989990234,0.0,9679706
2006-11-28,25.540122985839844,49.48196792602539,0.0,49.99272155761719,49.06269454956055,49.13130187988281,0.0,12762152
2006-11-29,26.146080017089844,50.65593338012695,0.0,51.15906524658203,49.718284606933594,49.75640106201172,0.0,16909117
2006-11-30,26.48052215576172,51.30390548706055,0.0,51.578338623046875,50.55683517456055,50.831268310546875,0.0,17341221
2006-12-01,26.508075714111328,51.35726547241211,0.0,51.44112014770508,50.351009368896484,50.99897766113281,0.0,12714928
2006-12-04,26.46479034423828,51.27341079711914,0.0,51.41062927246094,50.724544525146484,51.35726547241211,0.0,11436063
2006-12-05,26.79136085510254,51.90613555908203,0.0,52.31778335571289,51.120948791503906,51.89850997924805,0.0,17672842
2006-12-06,27.106151580810547,52.515987396240234,0.0,53.27067947387695,51.80703353881836,51.8375244140625,0.0,23042921
2006-12-07,27.420923233032227,53.12583923339844,0.0,53.552738189697266,52.28729248046875,52.7523078918457,0.0,20458037
2006-12-08,27.95210838317871,54.15496826171875,0.0,54.41415786743164,53.46126174926758,53.59085464477539,0.0,19622950
2006-12-11,27.83799171447754,53.933895111083984,0.0,54.12447738647461,53.4688835144043,53.857666015625,0.0,11748007
2006-12-12,27.778982162475586,53.819549560546875,0.0,54.17783737182617,53.453636169433594,54.04824447631836,0.0,13609307
2006-12-13,27.936365127563477,54.12447738647461,0.0,54.597110748291016,53.78905487060547,54.010128021240234,0.0,12130918
2006-12-14,28.750858306884766,55.70247268676758,0.0,56.28945541381836,54.376041412353516,54.81056213378906,0.0,20696914
2006-12-15,28.632795333862305,55.473777770996094,0.0,56.04551315307617,55.1993408203125,55.984527587890625,0.0,17581017
2006-12-18,28.526561737060547,55.267948150634766,0.0,57.08988571166992,55.03163146972656,56.78496170043945,0.0,25770528
2006-12-19,28.735109329223633,55.67197799682617,0.0,55.83206558227539,53.96438980102539,54.88679122924805,0.0,18781568
2006-12-20,28.526561737060547,55.267948150634766,0.0,56.15986251831055,55.26032638549805,56.15986251831055,0.0,12746280
2006-12-21,28.35737419128418,54.940155029296875,0.0,55.51951599121094,54.459896087646484,55.32893753051758,0.0,12402197
2006-12-22,27.956045150756836,54.16259002685547,0.0,55.100242614746094,54.16259002685547,54.88679122924805,0.0,7892128
2006-12-26,28.20785903930664,54.650474548339844,0.0,54.91728591918945,54.0787353515625,54.4675178527832,0.0,7627015
2006-12-27,28.384925842285156,54.99351501464844,0.0,55.344181060791016,54.2159538269043,54.566619873046875,0.0,8161701
2006-12-28,28.593448638916016,55.397544860839844,0.0,55.75583267211914,54.9630241394043,55.09261703491211,0.0,9430597
2006-12-29,28.310157775878906,54.84867477416992,0.0,55.450904846191406,54.642852783203125,55.19171905517578,0.0,9276199
2007-01-03,26.830717086791992,51.982364654541016,0.0,54.50563430786133,51.761295318603516,54.353172302246094,0.0,27097929
2007-01-04,25.996564865112305,50.36625671386719,0.0,51.44112014770508,49.64967727661133,51.15143966674805,0.0,35752601
2007-01-05,26.527740478515625,51.395381927490234,0.0,51.570716857910156,50.36625671386719,50.84651565551758,0.0,21196837
2007-01-08,26.874000549316406,52.066219329833984,0.0,52.27204513549805,51.15143966674805,51.91375732421875,0.0,21997948
2007-01-09,26.1696834564209,50.70167541503906,0.0,51.570716857910156,50.62544250488281,51.07521057128906,0.0,26330269
2007-01-10,25.390615463256836,49.19228744506836,0.0,51.2276725769043,49.08556365966797,50.31289291381836,0.0,30872608
2007-01-11,24.32431983947754,47.12641143798828,0.0,49.123680114746094,46.95107650756836,48.407100677490234,0.0,43260637
2007-01-12,25.115177154541016,48.65866470336914,0.0,48.780635833740234,47.48469924926758,47.629539489746094,0.0,25158840
2007-01-16,24.71384620666504,47.881103515625,0.0,48.994083404541016,47.6447868347168,48.696781158447266,0.0,22196160
2007-01-17,25.00501823425293,48.44521713256836,0.0,48.84162139892578,47.80487060546875,47.80487060546875,0.0,23623126
2007-01-18,24.635149002075195,47.728641510009766,0.0,49.09318542480469,47.58380126953125,48.826377868652344,0.0,20948515
2007-01-19,25.162405014038086,48.750144958496094,0.0,48.963592529296875,47.99544906616211,48.025943756103516,0.0,18354973
2007-01-22,24.93812370300293,48.31562423706055,0.0,49.2227783203125,48.12504577636719,49.09318542480469,0.0,17610794
2007-01-23,25.563753128051758,49.527706146240234,0.0,49.786895751953125,48.53669357299805,48.68153381347656,0.0,20757912
2007-01-24,25.819499969482422,50.02321243286133,0.0,50.17567443847656,49.13130187988281,49.550575256347656,0.0,16555327
2007-01-25,25.2056884765625,48.83399963378906,0.0,50.05370330810547,48.72727584838867,50.02321243286133,0.0,12395769
2007-01-26,25.48505401611328,49.375244140625,0.0,49.634429931640625,48.856868743896484,49.13892364501953,0.0,11096309
2007-01-29,25.426021575927734,49.260894775390625,0.0,49.8859977722168,49.13892364501953,49.51245880126953,0.0,12873786
2007-01-30,25.831287384033203,50.04608154296875,0.0,50.18330001831055,49.3599967956543,49.497215270996094,0.0,14656903
2007-01-31,26.130346298217773,50.62544250488281,0.0,50.80077362060547,49.66492462158203,49.99272155761719,0.0,20985639
2007-02-01,26.48447036743164,51.311527252197266,0.0,51.395381927490234,50.572078704833984,50.84651565551758,0.0,18305519
2007-02-02,26.47658920288086,51.29627990722656,0.0,51.4792366027832,50.70929718017578,51.342018127441406,0.0,9122851
2007-02-05,26.378211975097656,51.1057014465332,0.0,51.662193298339844,50.98373031616211,51.38013458251953,0.0,8588427
2007-02-06,26.22083854675293,50.80077362060547,0.0,51.73080062866211,50.495849609375,51.59358596801758,0.0,10935614
2007-02-07,26.059526443481445,50.48822784423828,0.0,51.02946853637695,50.1375617980957,50.95323944091797,0.0,13050877
2007-02-08,26.31134605407715,50.97610855102539,0.0,51.174312591552734,50.01559066772461,50.47298049926758,0.0,13042351
2007-02-09,26.358545303344727,51.06758499145508,0.0,51.32677459716797,50.716922760009766,51.07521057128906,0.0,12404952
2007-02-12,25.98082160949707,50.33576202392578,0.0,50.89225387573242,50.084197998046875,50.38912582397461,0.0,11896370
2007-02-13,26.468713760375977,51.281036376953125,0.0,51.342018127441406,50.42723846435547,50.42723846435547,0.0,12818428
2007-02-14,26.543481826782227,51.42587661743164,0.0,51.91375732421875,51.2276725769043,51.25816345214844,0.0,12464769
2007-02-15,26.191139221191406,50.43486404418945,0.31255,51.14381790161133,50.1375617980957,51.13619613647461,0.0,13664402
2007-02-16,26.187192916870117,50.42723846435547,0.0,50.617820739746094,50.122314453125,50.168052673339844,0.0,9262425
2007-02-20,25.96154022216797,49.99272155761719,0.0,50.04608154296875,49.56582260131836,50.01559066772461,0.0,9518618
2007-02-21,26.24260711669922,50.533966064453125,0.0,50.58732604980469,49.29901123046875,49.93935775756836,0.0,14115134
2007-02-22,26.4761905670166,50.98373031616211,0.0,51.05234146118164,50.007965087890625,50.533966064453125,0.0,11803627
2007-02-23,26.60286521911621,51.2276725769043,0.0,51.63932418823242,51.15143966674805,51.281036376953125,0.0,11579310
2007-02-26,26.90373420715332,51.80703353881836,0.0,52.172943115234375,51.42587661743164,51.52497482299805,0.0,10336257
2007-02-27,25.75172996520996,49.58869171142578,0.0,51.4792366027832,48.79588317871094,50.99897766113281,0.0,22189338
2007-02-28,25.85862922668457,49.794517517089844,0.0,50.648311614990234,49.28376388549805,49.93173599243164,0.0,18449160
2007-03-01,26.108034133911133,50.274776458740234,0.0,50.572078704833984,48.994083404541016,49.48196792602539,0.0,18910254
2007-03-02,25.704225540161133,49.497215270996094,0.0,50.30527114868164,49.177040100097656,50.076576232910156,0.0,14175082
2007-03-05,25.53003692626953,49.16179656982422,0.0,50.076576232910156,48.65866470336914,48.87211608886719,0.0,16213737
2007-03-06,26.056550979614258,50.17567443847656,0.0,50.28239822387695,49.46672058105469,49.57344436645508,0.0,12598834
2007-03-07,26.587026596069336,51.197181701660156,0.0,52.409263610839844,50.091819763183594,50.17567443847656,0.0,21467329
2007-03-08,26.749338150024414,51.50973129272461,0.0,51.94424819946289,51.25054168701172,51.685062408447266,0.0,13201733
2007-03-09,26.84038734436035,51.685062408447266,0.0,52.066219329833984,51.40300750732422,51.959495544433594,0.0,15994274
2007-03-12,26.618698120117188,51.25816345214844,0.0,51.63169860839844,50.92274475097656,51.07521057128906,0.0,14047445
2007-03-13,26.361371994018555,50.76266098022461,0.0,52.172943115234375,50.73979187011719,51.14381790161133,0.0,16996614
2007-03-14,26.883926391601562,51.768917083740234,0.0,51.79941177368164,50.21379089355469,51.02946853637695,0.0,20495554
2007-03-15,26.33365821838379,50.70929718017578,0.0,51.6012077331543,50.66355895996094,51.45636749267578,0.0,17054857
2007-03-16,25.866539001464844,49.80976486206055,0.0,50.80077362060547,49.68779373168945,50.70167541503906,0.0,18978861
2007-03-19,25.989253997802734,50.04608154296875,0.0,50.43486404418945,49.634429931640625,50.05370330810547,0.0,19416081
2007-03-20,26.250530242919922,50.54920959472656,0.0,50.62544250488281,49.527706146240234,50.244285583496094,0.0,16360789
2007-03-21,26.590993881225586,51.204803466796875,0.0,51.494483947753906,50.50347137451172,50.67880630493164,0.0,14972782
2007-03-22,27.188766479492188,52.355899810791016,0.0,52.859031677246094,51.43349838256836,51.43349838256836,0.0,21206151
2007-03-23,27.41440773010254,52.79042053222656,0.0,53.24018859863281,52.37114715576172,52.7523078918457,0.0,14397300
2007-03-26,27.537139892578125,53.02674102783203,0.0,53.38502883911133,52.57697296142578,52.988624572753906,0.0,13499904
2007-03-27,27.505464553833008,52.965755462646484,0.0,53.156333923339844,52.5998420715332,52.83616256713867,0.0,10996744
2007-03-28,27.410444259643555,52.782798767089844,0.0,53.735694885253906,51.53260040283203,53.30117416381836,0.0,15348742
2007-03-29,27.382728576660156,52.729434967041016,0.0,53.24781036376953,52.49311828613281,53.20207214355469,0.0,14241328
2007-03-30,27.058130264282227,52.10433578491211,0.0,52.66082763671875,51.8375244140625,52.432132720947266,0.0,14176001
2007-04-02,26.99478530883789,51.982364654541016,0.0,52.42451095581055,51.685062408447266,52.2263069152832,0.0,13252631
2007-04-03,26.856225967407227,51.715553283691406,0.0,52.089088439941406,51.2276725769043,51.56309127807617,0.0,13470651
2007-04-04,26.816654205322266,51.63932418823242,0.0,51.791786193847656,50.79315185546875,51.44112014770508,0.0,14998625
2007-04-05,26.90373420715332,51.80703353881836,0.0,52.111961364746094,51.342018127441406,51.59358596801758,0.0,9081267
2007-04-09,27.085834503173828,52.15769958496094,0.0,52.7218132019043,50.495849609375,51.0904541015625,0.0,12707057
2007-04-10,27.49358367919922,52.94288635253906,0.0,53.20969772338867,52.355899810791016,52.355899810791016,0.0,15897202
2007-04-11,27.406492233276367,52.77517318725586,0.0,53.3316650390625,52.615089416503906,53.17158126831055,0.0,14216404
2007-04-12,27.90530014038086,53.735694885253906,0.0,53.811927795410156,52.63033676147461,53.12583923339844,0.0,15600737
2007-04-13,27.92508316040039,53.77381134033203,0.0,53.94914245605469,53.232566833496094,53.75094223022461,0.0,12914451
2007-04-16,27.948835372924805,53.819549560546875,0.0,53.98725891113281,53.255435943603516,53.94152069091797,0.0,10367215
2007-04-17,27.88153839111328,53.68995666503906,0.0,54.25407028198242,53.38502883911133,53.903404235839844,0.0,12064017
2007-04-18,27.647979736328125,53.24018859863281,0.0,53.43076705932617,52.9581298828125,53.30879592895508,0.0,10414440
2007-04-19,27.426280975341797,52.813289642333984,0.0,53.080101013183594,52.47787094116211,52.79804611206055,0.0,8786114
2007-04-20,28.206157684326172,54.31505584716797,0.0,54.36841583251953,52.881900787353516,53.40027618408203,0.0,16229216
2007-04-23,27.948835372924805,53.819549560546875,0.0,54.62760543823242,53.659461975097656,54.086360931396484,0.0,17301343
2007-04-24,27.568798065185547,53.08772659301758,0.0,53.83479690551758,52.90476989746094,53.4688835144043,0.0,14245919
2007-04-25,28.035934448242188,53.98725891113281,0.0,54.299808502197266,52.63033676147461,53.27067947387695,0.0,18387374
2007-04-26,28.000307083129883,53.91865158081055,0.0,54.12447738647461,53.19445037841797,53.19445037841797,0.0,12953936
2007-04-27,27.727148056030273,53.39265060424805,0.0,53.827171325683594,52.965755462646484,53.66708755493164,0.0,11577343
2007-04-30,27.454004287719727,52.86665344238281,0.0,53.926273345947266,52.698944091796875,53.0953483581543,0.0,14266252
2007-05-01,27.390647888183594,52.74468231201172,0.0,53.285926818847656,52.39401626586914,52.83616256713867,0.0,12722405
2007-05-02,27.48170280456543,52.920013427734375,0.0,53.110595703125,52.37114715576172,52.75992965698242,0.0,12135903
2007-05-03,27.70736312866211,53.35453414916992,0.0,53.560359954833984,52.5845947265625,52.729434967041016,0.0,18584668
2007-05-04,27.786531448364258,53.50699996948242,0.0,54.086360931396484,53.285926818847656,53.4688835144043,0.0,11104836
2007-05-07,27.845914840698242,53.62134552001953,0.0,53.628971099853516,52.94288635253906,53.32404327392578,0.0,9066312
2007-05-08,27.81028938293457,53.552738189697266,0.0,53.78143310546875,53.02674102783203,53.38502883911133,0.0,9688232
2007-05-09,27.75487518310547,53.446014404296875,0.0,53.68995666503906,52.813289642333984,53.40789794921875,0.0,15474543
2007-05-10,27.34712028503418,52.66082763671875,0.0,53.7204475402832,52.37114715576172,53.522247314453125,0.0,12943311
2007-05-11,27.786531448364258,53.50699996948242,0.0,53.78143310546875,52.90476989746094,52.90476989746094,0.0,14257988
2007-05-14,27.996353149414062,53.91102600097656,0.0,54.04824447631836,53.50699996948242,53.50699996948242,0.0,14010977
2007-05-15,27.996353149414062,53.91102600097656,0.0,54.54375076293945,53.68233108520508,53.68233108520508,0.0,13104530
2007-05-16,28.443700790405273,54.77244567871094,0.0,54.787689208984375,53.857666015625,54.0787353515625,0.0,20797135
2007-05-17,29.164335250854492,55.83968734741211,0.31255,56.098876953125,54.12447738647461,54.52088165283203,0.0,20607056
2007-05-18,29.80138397216797,57.05939483642578,0.0,57.257598876953125,55.450904846191406,56.0836296081543,0.0,23021145
2007-05-21,30.2034969329834,57.8293342590332,0.0,58.54591369628906,57.364322662353516,57.54727554321289,0.0,23177642
2007-05-22,30.199512481689453,57.821712493896484,0.0,58.62214279174805,57.17374038696289,57.17374038696289,0.0,18116096
2007-05-23,30.541934967041016,58.47730255126953,0.0,59.28535842895508,58.12663650512695,58.13426208496094,0.0,19036973
2007-05-24,29.93673324584961,57.318580627441406,0.0,59.11002731323242,56.922176361083984,58.39344787597656,0.0,27765368
2007-05-25,30.42646598815918,58.256229400634766,0.0,58.35533142089844,57.48629379272461,57.745479583740234,0.0,15270559
2007-05-29,30.00044822692871,57.4405517578125,0.0,58.15713119506836,56.922176361083984,58.149505615234375,0.0,13853694
2007-05-30,30.77682876586914,58.92707061767578,0.0,59.06428527832031,57.105133056640625,57.15087127685547,0.0,17119528
2007-05-31,30.828584671020508,59.02617263793945,0.0,59.40732955932617,58.63739013671875,59.17101287841797,0.0,17746696
2007-06-01,31.3979434967041,60.11628341674805,0.0,60.37546920776367,59.36159133911133,59.39208221435547,0.0,15130197
2007-06-04,31.61693000793457,60.53555679321289,0.0,60.916717529296875,59.84947204589844,60.13153076171875,0.0,11614991
2007-06-05,31.56915283203125,60.4440803527832,0.0,60.72613525390625,59.95619583129883,60.29161834716797,0.0,10026543
2007-06-06,31.21479606628418,59.76561737060547,0.0,60.15439987182617,59.346343994140625,59.94095230102539,0.0,12944491
2007-06-07,30.760910034179688,58.896575927734375,0.0,60.169647216796875,58.77460861206055,59.712257385253906,0.0,13287525
2007-06-08,30.772846221923828,58.91944885253906,0.0,58.99567794799805,58.088523864746094,58.47730255126953,0.0,14432193
2007-06-11,31.003774642944336,59.36159133911133,0.0,59.879966735839844,58.72886657714844,59.079532623291016,0.0,10085574
2007-06-12,30.705162048339844,58.789852142333984,0.0,59.605533599853516,58.73649215698242,59.346343994140625,0.0,12539935
2007-06-13,30.955995559692383,59.270111083984375,0.0,59.605533599853516,58.92707061767578,58.9346923828125,0.0,17689108
2007-06-14,31.541259765625,60.390716552734375,0.0,60.543182373046875,59.460693359375,59.712257385253906,0.0,11042263
2007-06-15,32.058868408203125,61.38172912597656,0.0,61.5646858215332,60.68802261352539,60.977699279785156,0.0,15666851
2007-06-18,32.12654113769531,61.511322021484375,0.0,62.05256652832031,61.45796203613281,61.5341911315918,0.0,9902973
2007-06-19,31.943397521972656,61.1606559753418,0.0,61.36648178100586,60.8176155090332,61.20639419555664,0.0,11506244
2007-06-20,31.135169982910156,59.613155364990234,0.0,61.579933166503906,59.536922454833984,61.297874450683594,0.0,14220864
2007-06-21,31.720458984375,60.733760833740234,0.0,60.89384841918945,59.84185028076172,60.16202163696289,0.0,13560115
2007-06-22,31.35016441345215,60.02480697631836,0.0,60.98532485961914,59.58266067504883,60.67277526855469,0.0,16291788
2007-06-25,31.071462631225586,59.49118423461914,0.0,60.627037048339844,59.31584930419922,59.65127182006836,0.0,16821490
2007-06-26,30.179616928100586,57.78359603881836,0.0,59.87234115600586,57.41006088256836,59.76561737060547,0.0,22542341
2007-06-27,30.760910034179688,58.896575927734375,0.0,59.079532623291016,56.82307434082031,56.998409271240234,0.0,20131794
2007-06-28,30.55387306213379,58.50017166137695,0.0,59.453067779541016,58.340087890625,59.11002731323242,0.0,13105579
2007-06-29,31.254592895507812,59.84185028076172,0.0,59.86471939086914,59.02617263793945,59.4454460144043,0.0,14610335
2007-07-02,31.855810165405273,60.99294662475586,0.0,61.36648178100586,60.13153076171875,60.13915252685547,0.0,17804283
2007-07-03,32.098697662353516,61.45796203613281,0.0,61.79338073730469,60.68802261352539,60.74138259887695,0.0,7178645
2007-07-05,32.138492584228516,61.5341911315918,0.0,61.94584274291992,60.88622283935547,61.5341911315918,0.0,16047139
2007-07-06,32.26589584350586,61.778133392333984,0.0,62.2965087890625,61.671409606933594,61.90010452270508,0.0,10261616
2007-07-09,33.464324951171875,64.07270812988281,0.0,64.59107971191406,61.73239517211914,61.86198806762695,0.0,23530382
2007-07-10,33.492210388183594,64.12606811523438,0.0,66.22244262695312,63.539085388183594,63.92024230957031,0.0,29525923
2007-07-11,34.07749938964844,65.24667358398438,0.0,65.73455810546875,64.47673034667969,64.55296325683594,0.0,23350929
2007-07-12,35.291831970214844,67.57173919677734,0.0,67.57936096191406,65.24667358398438,65.82603454589844,0.0,23512673
2007-07-13,35.90100860595703,68.73808288574219,0.0,69.24883270263672,67.08385467529297,68.1511001586914,0.0,18268920
2007-07-16,34.69062423706055,66.42063903808594,0.0,68.69996643066406,65.3152847290039,68.3035659790039,0.0,33744512
2007-07-17,34.232749938964844,65.54397583007812,0.0,67.38878631591797,65.2847900390625,66.89328002929688,0.0,18855946
2007-07-18,34.798126220703125,66.62646484375,0.0,66.74081420898438,65.14757537841797,65.1628189086914,0.0,17864101
2007-07-19,34.782196044921875,66.59597778320312,0.0,67.41927337646484,66.54261016845703,67.01525115966797,0.0,12353136
2007-07-20,34.36016845703125,65.78791809082031,0.0,66.45875549316406,65.27716827392578,66.39777374267578,0.0,15357268
2007-07-23,34.093406677246094,65.27716827392578,0.0,65.73455810546875,64.04983520507812,65.70406341552734,0.0,15912287
2007-07-24,32.77951431274414,62.76152038574219,0.0,64.89601135253906,62.38798522949219,64.86551666259766,0.0,20865085
2007-07-25,33.55989074707031,64.25566101074219,0.0,64.7587890625,61.968711853027344,62.95972442626953,0.0,19029890
2007-07-26,32.57247543334961,62.365116119384766,0.0,64.01934814453125,60.37546920776367,63.2798957824707,0.0,24674133
2007-07-27,31.932241439819336,60.832862854003906,0.31255,62.47184371948242,60.276371002197266,61.76288986206055,0.0,22963557
2007-07-30,32.5684814453125,62.044944763183594,0.0,62.31937789916992,60.61941146850586,61.36648178100586,0.0,15877656
2007-07-31,32.34840774536133,61.62567138671875,0.0,63.1807975769043,61.49607849121094,62.83013153076172,0.0,16410899
2007-08-01,32.3123779296875,61.55706024169922,0.0,62.95210266113281,59.73512649536133,61.09204864501953,0.0,21978140
2007-08-02,32.116302490234375,61.183528900146484,0.0,62.12879943847656,60.11628341674805,61.82387161254883,0.0,18130526
2007-08-03,31.04790687561035,59.14814376831055,0.0,62.02969741821289,59.079532623291016,61.000572204589844,0.0,19157396
2007-08-06,31.59210777282715,60.18489074707031,0.0,60.32973098754883,57.35669708251953,59.40732955932617,0.0,22262536
2007-08-07,32.004249572753906,60.97007751464844,0.0,61.701900482177734,58.85083770751953,59.37683868408203,0.0,20824157
2007-08-08,32.28036117553711,61.49607849121094,0.0,62.448970794677734,60.604164123535156,61.07680130004883,0.0,15891167
2007-08-09,31.30399513244629,59.636024475097656,0.0,61.28262710571289,59.62840270996094,59.99431228637695,0.0,16635084
2007-08-10,31.295991897583008,59.62077713012695,0.0,60.0705451965332,57.936058044433594,59.079532623291016,0.0,22175564
2007-08-13,31.69214630126953,60.37546920776367,0.0,61.26738357543945,59.85709762573242,60.23825454711914,0.0,14312820
2007-08-14,31.556093215942383,60.11628341674805,0.0,61.28262710571289,59.879966735839844,60.90147018432617,0.0,15047423
2007-08-15,30.963878631591797,58.98805618286133,0.0,61.06917953491211,58.74411392211914,60.1925163269043,0.0,18794948
2007-08-16,30.923864364624023,58.91182327270508,0.0,59.36159133911133,56.22084426879883,57.94368362426758,0.0,29146422
2007-08-17,31.66412925720215,60.32210922241211,0.0,60.98532485961914,59.51405334472656,60.14677429199219,0.0,19568249
2007-08-20,31.956247329711914,60.87860107421875,0.0,61.290252685546875,59.65127182006836,60.14677429199219,0.0,15471394
2007-08-21,31.30800437927246,59.643646240234375,0.0,60.74138259887695,59.30060577392578,60.26112365722656,0.0,15295614
2007-08-22,31.57210350036621,60.14677429199219,0.0,60.306861877441406,59.5445442199707,59.979068756103516,0.0,16117189
2007-08-23,31.772174835205078,60.52793502807617,0.0,60.87860107421875,59.62077713012695,60.79474639892578,0.0,11948580
2007-08-24,32.30836486816406,61.5494384765625,0.0,61.747642517089844,60.66515350341797,60.82523727416992,0.0,11980718
2007-08-27,32.4044189453125,61.73239517211914,0.0,62.144046783447266,61.000572204589844,61.01581573486328,0.0,14288552
2007-08-28,31.536088943481445,60.07816696166992,0.0,61.480831146240234,59.94857406616211,61.12254333496094,0.0,12163320
2007-08-29,32.72053909301758,62.334625244140625,0.0,62.58618927001953,60.32973098754883,60.627037048339844,0.0,12144955
2007-08-30,32.52846145629883,61.968711853027344,0.0,62.69291305541992,61.595176696777344,61.9229736328125,0.0,12321128
2007-08-31,32.7685546875,62.42610168457031,0.0,63.12743377685547,62.18978500366211,62.85300064086914,0.0,11687271
2007-09-04,33.4047966003418,63.638187408447266,0.0,64.15656280517578,62.18978500366211,62.28888702392578,0.0,11915129
2007-09-05,32.860595703125,62.601436614990234,0.0,63.4171142578125,62.08306121826172,63.4171142578125,0.0,13089051
2007-09-06,33.46482849121094,63.752532958984375,0.0,63.95835876464844,62.95210266113281,63.081695556640625,0.0,12805835
2007-09-07,33.13669967651367,63.12743377685547,0.0,63.63056182861328,62.631927490234375,63.081695556640625,0.0,11457707
2007-09-10,32.88860321044922,62.6547966003418,0.0,63.348506927490234,61.694278717041016,63.20366668701172,0.0,12573517
2007-09-11,33.42481231689453,63.67630386352539,0.0,63.9278678894043,61.770511627197266,63.01308822631836,0.0,15336017
2007-09-12,33.9530143737793,64.68256378173828,0.0,65.02560424804688,63.33325958251953,63.33325958251953,0.0,13077769
2007-09-13,34.05706024169922,64.8807601928711,0.0,65.64308166503906,64.690185546875,65.22380828857422,0.0,10311727
2007-09-14,34.121070861816406,65.00273132324219,0.0,65.49061584472656,64.24041748046875,64.49198150634766,0.0,9459587
2007-09-17,33.904998779296875,64.59107971191406,0.0,65.30003356933594,64.35476684570312,64.57583618164062,0.0,9470869
2007-09-18,35.12947082519531,66.92377471923828,0.0,67.26681518554688,64.21754455566406,64.53009796142578,0.0,14467481
2007-09-19,35.32954406738281,67.304931640625,0.0,68.22733306884766,67.00762176513672,67.44976806640625,0.0,14017667
2007-09-20,35.3775520324707,67.39640808105469,0.0,67.83092498779297,63.65343475341797,67.50312805175781,0.0,9503795
2007-09-21,35.589637756347656,67.8004379272461,0.0,68.33405303955078,67.39640808105469,67.98339080810547,0.0,12698137
2007-09-24,35.6856689453125,67.98339080810547,0.0,68.41028594970703,67.41165161132812,67.8004379272461,0.0,16151951
2007-09-25,34.92938232421875,66.54261016845703,0.0,67.13722229003906,66.38252258300781,67.13722229003906,0.0,13338553
2007-09-26,34.933387756347656,66.55023956298828,0.0,67.32017517089844,65.71930694580078,67.04573822021484,0.0,13280047
2007-09-27,35.19749450683594,67.0533676147461,0.0,67.46501159667969,66.73319244384766,67.20582580566406,0.0,15066051
2007-09-28,35.121456146240234,66.90852355957031,0.0,67.76994323730469,66.41301727294922,67.20582580566406,0.0,9340214
2007-10-01,34.969390869140625,66.61884307861328,0.0,66.94664001464844,66.02423858642578,66.14620971679688,0.0,12942655
2007-10-02,34.20109176635742,65.15519714355469,0.0,66.1538314819336,64.4157485961914,66.1538314819336,0.0,16613964
2007-10-03,33.63690185546875,64.08032989501953,0.0,64.61395263671875,63.645809173583984,64.33189392089844,0.0,15673279
2007-10-04,33.588863372802734,63.988853454589844,0.0,64.40812683105469,62.822509765625,63.569576263427734,0.0,18757562
2007-10-05,33.69293212890625,64.18705749511719,0.0,64.45386505126953,63.60769271850586,64.23279571533203,0.0,8878595
2007-10-08,33.74493408203125,64.2861557006836,0.0,64.53009796142578,63.65343475341797,63.69154739379883,0.0,10002538
2007-10-09,34.365177154541016,65.46774291992188,0.0,65.80316162109375,64.37001037597656,64.62919616699219,0.0,13744946
2007-10-10,34.70530700683594,66.11571502685547,0.0,66.59597778320312,64.30902862548828,64.30902862548828,0.0,12706008
2007-10-11,34.3011474609375,65.34577178955078,0.0,66.90852355957031,64.79690551757812,66.38252258300781,0.0,15167583
2007-10-12,34.3011474609375,65.34577178955078,0.0,66.22244262695312,65.1628189086914,65.76505279541016,0.0,8677760
2007-10-15,34.5572395324707,65.83365631103516,0.0,66.21481323242188,65.1628189086914,66.01661682128906,0.0,12188506
2007-10-16,35.13346862792969,66.931396484375,0.0,67.19820404052734,65.58209228515625,65.71168518066406,0.0,16477669
2007-10-17,34.99740219116211,66.67220306396484,0.0,67.70895385742188,65.86415100097656,67.06098937988281,0.0,16318942
2007-10-18,35.21748733520508,67.09147644042969,0.0,67.24394226074219,66.184326171875,66.32916259765625,0.0,10839985
2007-10-19,34.041038513183594,64.85027313232422,0.0,66.83991241455078,64.30902862548828,66.83229064941406,0.0,14934872
2007-10-22,33.2607536315918,63.36375045776367,0.0,64.2861557006836,62.20503234863281,64.02696990966797,0.0,17359324
2007-10-23,33.30075454711914,63.43998336791992,0.0,63.98122787475586,62.38036346435547,63.569576263427734,0.0,13599468
2007-10-24,32.67251205444336,62.24314880371094,0.0,63.43998336791992,61.36648178100586,63.43998336791992,0.0,19098890
2007-10-25,33.48884201049805,63.79827117919922,0.0,64.4157485961914,61.961090087890625,62.624305725097656,0.0,17230244
2007-10-26,33.9370002746582,64.65206909179688,0.0,65.04846954345703,63.88212966918945,64.88838195800781,0.0,12036732
2007-10-29,34.02949142456055,64.51484680175781,0.31255,64.88838195800781,64.40050506591797,64.80452728271484,0.0,8811956
2007-10-30,33.26148223876953,63.0588264465332,0.0,63.904998779296875,62.85300064086914,63.88212966918945,0.0,16354492
2007-10-31,34.16218185424805,64.76641845703125,0.0,65.19331359863281,62.96734619140625,63.60769271850586,0.0,17593347
2007-11-01,33.458499908447266,63.4323616027832,0.0,64.74354553222656,63.0283317565918,63.72966384887695,0.0,15496843
2007-11-02,34.005367279052734,64.46910858154297,0.0,64.68256378173828,62.85300064086914,63.371376037597656,0.0,16268832
2007-11-05,33.74401092529297,63.97360610961914,0.0,64.79690551757812,63.0435791015625,63.0588264465332,0.0,13243973
2007-11-06,34.23455810546875,64.90363311767578,0.0,65.01798248291016,64.02696990966797,64.02696990966797,0.0,13341964
2007-11-07,33.136837005615234,62.822509765625,0.0,65.17044067382812,62.77676773071289,64.49960327148438,0.0,15673279
2007-11-08,33.75606918334961,63.99647521972656,0.0,64.9417495727539,62.738651275634766,62.738651275634766,0.0,19210392
2007-11-09,33.197139739990234,62.93685531616211,0.0,63.70679473876953,62.12879943847656,62.997840881347656,0.0,16529485
2007-11-12,31.75360870361328,60.200138092041016,0.0,62.48708724975586,60.0705451965332,62.342247009277344,0.0,18372945
2007-11-13,32.07529067993164,60.809993743896484,0.0,60.848106384277344,58.896575927734375,60.581298828125,0.0,16904788
2007-11-14,31.914447784423828,60.50506591796875,0.0,62.23552322387695,60.101036071777344,61.35123825073242,0.0,15640484
2007-11-15,31.37965965270996,59.49118423461914,0.0,60.82523727416992,58.74411392211914,60.0552978515625,0.0,17940316
2007-11-16,31.737525939941406,60.169647216796875,0.0,60.77949905395508,59.55216979980469,59.979068756103516,0.0,16191043
2007-11-19,31.013761520385742,58.79747772216797,0.0,60.40596389770508,58.76698303222656,59.879966735839844,0.0,14484534
2007-11-20,31.882286071777344,60.4440803527832,0.0,60.88622283935547,59.11002731323242,59.11002731323242,0.0,20189251
2007-11-21,31.29119110107422,59.3234748840332,0.0,61.07680130004883,59.21675109863281,59.97144317626953,0.0,14630667
2007-11-23,31.813934326171875,60.31448745727539,0.0,60.48981857299805,59.422576904296875,59.59790802001953,0.0,6545837
2007-11-26,30.84086036682129,58.46968078613281,0.0,60.90147018432617,58.40107345581055,60.22300720214844,0.0,16494854
2007-11-27,30.583507537841797,57.98179626464844,0.0,58.2028694152832,56.548641204833984,58.16475296020508,0.0,23776081
2007-11-28,31.2509822845459,59.24724197387695,0.0,59.52167510986328,58.012290954589844,58.141883850097656,0.0,21050573
2007-11-29,31.693307876586914,60.085792541503906,0.0,60.4135856628418,59.25486755371094,59.39208221435547,0.0,17729380
2007-11-30,32.183868408203125,61.01581573486328,0.0,61.595176696777344,59.84185028076172,60.4288330078125,0.0,27904418
2007-12-03,32.26831817626953,61.1759033203125,0.0,61.55706024169922,60.017181396484375,60.23063278198242,0.0,13068849
2007-12-04,32.05116271972656,60.764251708984375,0.0,61.34361267089844,60.497440338134766,60.93196105957031,0.0,11577080
2007-12-05,32.71462631225586,62.02207565307617,0.0,62.342247009277344,61.44271469116211,62.09068298339844,0.0,14380509
2007-12-06,33.49470138549805,63.50096893310547,0.0,63.7754020690918,61.90010452270508,61.90010452270508,0.0,11459150
2007-12-07,33.49470138549805,63.50096893310547,0.0,63.943111419677734,62.6852912902832,63.65343475341797,0.0,9183455
2007-12-10,33.55501937866211,63.615318298339844,0.0,64.03459167480469,63.31039047241211,63.5543327331543,0.0,8595773
2007-12-11,32.84732437133789,62.27363967895508,0.0,64.08795166015625,62.13642120361328,63.615318298339844,0.0,13376726
2007-12-12,33.52285385131836,63.5543327331543,0.0,64.5682144165039,62.83013153076172,63.462852478027344,0.0,15668425
2007-12-13,34.03351974487305,64.52247619628906,0.0,64.60633087158203,62.974971771240234,63.112186431884766,0.0,12527866
2007-12-14,33.49067687988281,63.49334716796875,0.0,64.52247619628906,63.4018669128418,63.86688232421875,0.0,12767137
2007-12-17,32.935791015625,62.441349029541016,0.0,63.39424514770508,62.18216323852539,63.20366668701172,0.0,12471591
2007-12-18,33.5911865234375,63.68392562866211,0.0,63.943111419677734,62.64717483520508,62.891117095947266,0.0,13977264
2007-12-19,33.85255813598633,64.17942810058594,0.0,64.6368179321289,63.47047805786133,63.82114028930664,0.0,11110214
2007-12-20,34.27074432373047,64.97223663330078,0.0,65.02560424804688,63.92024230957031,64.52247619628906,0.0,12366385
2007-12-21,34.8658332824707,66.10047149658203,0.0,66.38252258300781,65.063720703125,65.063720703125,0.0,19534273
2007-12-24,35.0588493347168,66.46637725830078,0.0,66.98475646972656,66.09284973144531,66.33678436279297,0.0,5629945
2007-12-26,35.77459716796875,67.82330322265625,0.0,68.06724548339844,66.54261016845703,66.8094253540039,0.0,10250204
2007-12-27,35.64591979980469,67.57936096191406,0.0,68.07486724853516,67.41927337646484,67.78518676757812,0.0,10633115
2007-12-28,35.83893585205078,67.94527435302734,0.0,68.5246353149414,67.57936096191406,67.84617614746094,0.0,9596276
2007-12-31,35.50518798828125,67.31255340576172,0.0,67.94527435302734,66.85516357421875,67.92240142822266,0.0,8596035
2008-01-02,35.34032440185547,67.0,0.0,68.38742065429688,66.21481323242188,67.65559387207031,0.0,15079169
2008-01-03,35.485076904296875,67.2744369506836,0.0,67.88429260253906,67.09147644042969,67.09147644042969,0.0,11269334
2008-01-04,34.40343475341797,65.22380828857422,0.0,66.93901824951172,65.10183715820312,66.38252258300781,0.0,14580295
2008-01-07,33.9329833984375,64.33189392089844,0.0,65.9327621459961,63.87450408935547,65.74980163574219,0.0,17771620
2008-01-08,33.17705535888672,62.898738861083984,0.0,65.26192474365234,62.715782165527344,64.68256378173828,0.0,16222919
2008-01-09,33.65956115722656,63.81351852416992,0.0,63.98122787475586,62.631927490234375,62.92923355102539,0.0,16939026
2008-01-10,33.735958099365234,63.95835876464844,0.0,64.23279571533203,63.0588264465332,63.22653579711914,0.0,17302917
2008-01-11,33.390167236328125,63.30276870727539,0.0,64.5682144165039,62.99021530151367,63.49334716796875,0.0,14558519
2008-01-14,33.530879974365234,63.569576263427734,0.0,64.11844635009766,63.20366668701172,64.01934814453125,0.0,13133651
2008-01-15,32.413063049316406,61.45033645629883,0.0,63.615318298339844,61.45033645629883,62.9063606262207,0.0,20028950
2008-01-16,30.997682571411133,58.76698303222656,0.0,61.44271469116211,58.46968078613281,61.1759033203125,0.0,29591513
2008-01-17,29.546098709106445,56.01502227783203,0.0,59.559791564941406,55.73296356201172,58.92707061767578,0.0,26460923
2008-01-18,29.308866500854492,55.56525421142578,0.0,57.288089752197266,54.482765197753906,56.41142654418945,0.0,31310090
2008-01-22,28.62126922607422,54.26169204711914,0.0,54.55137252807617,51.92900466918945,52.56172561645508,0.0,37003919
2008-01-23,28.842422485351562,54.680965423583984,0.0,54.95540237426758,51.72317886352539,53.64421463012695,0.0,31989335
2008-01-24,29.944189071655273,56.76971435546875,0.0,57.12800216674805,55.09261703491211,55.28319549560547,0.0,32861020
2008-01-25,29.80747413635254,56.51052474975586,0.0,58.87370681762695,55.9464111328125,57.966552734375,0.0,22697788
2008-01-28,30.72425079345703,58.24860763549805,0.0,58.301971435546875,55.83206558227539,56.7087287902832,0.0,18141282
2008-01-29,31.472150802612305,59.6665153503418,0.0,60.00193786621094,58.44681167602539,58.44681167602539,0.0,18873262
2008-01-30,31.817949295043945,60.32210922241211,0.0,61.55706024169922,59.11764907836914,59.529300689697266,0.0,19785219
2008-01-31,32.21201705932617,61.06917953491211,0.0,61.64854049682617,58.888954162597656,59.49880599975586,0.0,20729708
2008-02-01,32.312530517578125,61.25975799560547,0.0,61.618045806884766,60.63465881347656,61.36648178100586,0.0,17141435
2008-02-04,32.07126998901367,60.8023681640625,0.0,61.45796203613281,60.649906158447266,61.26738357543945,0.0,13046024
2008-02-05,30.595569610595703,58.00466537475586,0.0,59.85709762573242,57.99704360961914,59.85709762573242,0.0,18628744
2008-02-06,29.542083740234375,56.00739669799805,0.0,58.73649215698242,55.92354202270508,58.47730255126953,0.0,20040887
2008-02-07,29.96428108215332,56.807830810546875,0.0,57.219482421875,55.63386154174805,55.694847106933594,0.0,18859619
2008-02-08,30.310089111328125,57.46342086791992,0.0,57.737857818603516,56.617252349853516,56.617252349853516,0.0,15129804
2008-02-11,30.949434280395508,58.675506591796875,0.0,58.812721252441406,57.028900146484375,57.46342086791992,0.0,18057065
2008-02-12,30.720233917236328,58.24098587036133,0.0,59.239620208740234,57.554901123046875,58.58402633666992,0.0,15608870
2008-02-13,31.624937057495117,59.95619583129883,0.0,60.26112365722656,58.18000030517578,58.47730255126953,0.0,16915676
2008-02-14,31.749584197998047,60.1925163269043,0.0,61.09204864501953,59.933326721191406,60.34497833251953,0.0,15426006
2008-02-15,31.78578758239746,60.26112365722656,0.0,60.543182373046875,59.21675109863281,60.22300720214844,0.0,13971492
2008-02-19,32.425132751464844,61.47320556640625,0.0,62.410858154296875,60.90147018432617,61.22926712036133,0.0,18531016
2008-02-20,32.81113052368164,62.20503234863281,0.0,62.715782165527344,60.45170211791992,60.8176155090332,0.0,13538995
2008-02-21,32.27730178833008,60.840484619140625,0.358289,62.01445388793945,60.58892059326172,62.01445388793945,0.0,14397562
2008-02-22,32.60083770751953,61.45033645629883,0.0,61.51894760131836,60.101036071777344,61.1759033203125,0.0,14199219
2008-02-25,33.268123626708984,62.708160400390625,0.0,62.94447708129883,61.45033645629883,61.45033645629883,0.0,11013666
2008-02-26,34.21450424194336,64.49198150634766,0.0,64.67493438720703,62.31937789916992,62.525203704833984,0.0,19828770
2008-02-27,34.02442169189453,64.1336898803711,0.0,64.67493438720703,63.752532958984375,64.0422134399414,0.0,12742344
2008-02-28,34.45714569091797,64.94937133789062,0.0,65.2542953491211,63.79827117919922,63.79827117919922,0.0,12175782
2008-02-29,33.45012283325195,63.051204681396484,0.0,65.00273132324219,62.66242218017578,64.9112548828125,0.0,14160259
2008-03-03,33.745357513427734,63.60769271850586,0.0,64.25566101074219,62.8072624206543,62.85300064086914,0.0,14292750
2008-03-04,32.96077346801758,62.12879943847656,0.0,63.424739837646484,60.88622283935547,62.891117095947266,0.0,22040712
2008-03-05,33.41777038574219,62.99021530151367,0.0,63.67630386352539,61.70952606201172,62.227901458740234,0.0,17354470
2008-03-06,32.410762786865234,61.09204864501953,0.0,62.997840881347656,60.98532485961914,62.8072624206543,0.0,14451083
2008-03-07,31.690889358520508,59.73512649536133,0.0,60.98532485961914,59.2929801940918,60.79474639892578,0.0,17438556
2008-03-10,31.282405853271484,58.965187072753906,0.0,60.13153076171875,58.866085052490234,59.84185028076172,0.0,17665365
2008-03-11,32.15190505981445,60.604164123535156,0.0,60.916717529296875,59.04141616821289,60.360225677490234,0.0,20473384
2008-03-12,31.67469596862793,59.70463180541992,0.0,60.4135856628418,59.24724197387695,60.207763671875,0.0,16292313
2008-03-13,31.55336570739746,59.47593688964844,0.0,59.986690521240234,58.74411392211914,58.82034683227539,0.0,21381406
2008-03-14,31.339027404785156,59.0719108581543,0.0,60.24587631225586,58.05802917480469,59.826602935791016,0.0,16664075
2008-03-17,30.687896728515625,57.844581604003906,0.0,58.606895446777344,56.96791458129883,57.63113021850586,0.0,21104487
2008-03-18,31.654476165771484,59.6665153503418,0.0,59.6665153503418,58.28672409057617,59.056663513183594,0.0,15046505
2008-03-19,29.769855499267578,56.11412048339844,0.0,60.207763671875,55.92354202270508,58.713619232177734,0.0,20174690
2008-03-20,30.263246536254883,57.04414749145508,0.0,57.19660949707031,54.566619873046875,55.45853042602539,0.0,26545665
2008-03-24,30.574655532836914,57.63113021850586,0.0,58.523040771484375,56.723976135253906,57.17374038696289,0.0,11997640
2008-03-25,30.141925811767578,56.815452575683594,0.0,57.8293342590332,56.358062744140625,57.745479583740234,0.0,21099109
2008-03-26,30.861793518066406,58.17237854003906,0.0,58.408695220947266,56.80020523071289,57.288089752197266,0.0,21511142
2008-03-27,30.62722396850586,57.73023223876953,0.0,59.346343994140625,57.65399932861328,58.73649215698242,0.0,13434708
2008-03-28,30.602956771850586,57.68449401855469,0.0,58.34770965576172,57.19660949707031,58.141883850097656,0.0,10697787
2008-03-31,30.821361541748047,58.09614562988281,0.0,58.45443344116211,57.471046447753906,57.821712493896484,0.0,12940687
2008-04-01,31.432024002075195,59.24724197387695,0.0,59.27773666381836,57.57014465332031,57.714988708496094,0.0,11253461
2008-04-02,31.856687545776367,60.04767608642578,0.0,60.48981857299805,58.6983757019043,59.24724197387695,0.0,11090406
2008-04-03,31.698965072631836,59.75037384033203,0.0,60.74900817871094,59.31584930419922,59.460693359375,0.0,11641883
2008-04-04,31.87286376953125,60.07816696166992,0.0,60.64228057861328,59.933326721191406,59.95619583129883,0.0,9487004
2008-04-07,31.909257888793945,60.14677429199219,0.0,61.107295989990234,59.95619583129883,60.604164123535156,0.0,10676667
2008-04-08,32.13977813720703,60.581298828125,0.0,60.74138259887695,59.605533599853516,59.605533599853516,0.0,8535299
2008-04-09,32.123600006103516,60.550804138183594,0.0,61.46558380126953,60.45170211791992,60.733760833740234,0.0,12120293
2008-04-10,32.07911682128906,60.466949462890625,0.0,60.98532485961914,59.826602935791016,60.67277526855469,0.0,13053501
2008-04-11,31.783889770507812,59.910457611083984,0.0,60.66515350341797,59.87234115600586,60.360225677490234,0.0,8228865
2008-04-14,32.27730178833008,60.840484619140625,0.0,61.1606559753418,59.9180793762207,60.03242874145508,0.0,11420584
2008-04-15,32.85562515258789,61.93059539794922,0.0,62.08306121826172,61.06917953491211,61.1759033203125,0.0,15251013
2008-04-16,33.49057388305664,63.12743377685547,0.0,63.218910217285156,62.044944763183594,62.044944763183594,0.0,14098211
2008-04-17,33.49057388305664,63.12743377685547,0.0,63.569576263427734,62.22027587890625,62.2965087890625,0.0,10965523
2008-04-18,33.92734909057617,63.95073699951172,0.0,64.03459167480469,62.83775329589844,63.38662338256836,0.0,14167080
2008-04-21,34.109344482421875,64.29377746582031,0.0,64.6596908569336,63.69917297363281,63.943111419677734,0.0,11412582
2008-04-22,34.33177185058594,64.71305084228516,0.0,64.94937133789062,64.0422134399414,64.18705749511719,0.0,11700126
2008-04-23,34.16595458984375,64.40050506591797,0.0,64.89601135253906,64.01934814453125,64.76641845703125,0.0,13159363
2008-04-24,33.522926330566406,63.188419342041016,0.0,64.11082458496094,62.77676773071289,63.744911193847656,0.0,18780649
2008-04-25,33.797943115234375,63.70679473876953,0.0,64.18705749511719,63.38662338256836,63.67630386352539,0.0,14098343
2008-04-28,34.14979553222656,64.37001037597656,0.0,64.74354553222656,63.752532958984375,63.76778030395508,0.0,14733381
2008-04-29,34.55826187133789,65.13995361328125,0.0,65.48299407958984,64.17942810058594,64.17942810058594,0.0,17849540
2008-04-30,34.84135437011719,65.67356872558594,0.0,66.07759857177734,65.02560424804688,65.32290649414062,0.0,16848512
2008-05-01,35.039520263671875,66.04710388183594,0.0,66.2529296875,64.20230102539062,64.97986602783203,0.0,19958638
2008-05-02,35.13658142089844,66.23006439208984,0.0,66.70269775390625,65.71930694580078,66.19956970214844,0.0,11751811
2008-05-05,35.257911682128906,66.45875549316406,0.0,67.08385467529297,66.29104614257812,66.32154083251953,0.0,10902557
2008-05-06,35.88881301879883,67.6479721069336,0.0,67.90715789794922,66.557861328125,66.69507598876953,0.0,21960693
2008-05-07,35.55314636230469,67.01525115966797,0.0,68.12822723388672,66.7789306640625,67.67083740234375,0.0,20276091
2008-05-08,36.17595672607422,68.18921661376953,0.0,68.22733306884766,66.98475646972656,67.08385467529297,0.0,17786837
2008-05-09,35.8766975402832,67.6250991821289,0.0,68.3035659790039,66.92377471923828,68.22733306884766,0.0,14395463
2008-05-12,35.82815933227539,67.53362274169922,0.0,67.70133209228516,66.80180358886719,67.44976806640625,0.0,12445486
2008-05-13,35.84028244018555,67.5564956665039,0.0,68.12060546875,67.00762176513672,67.39640808105469,0.0,16063143
2008-05-14,35.80793762207031,67.4955062866211,0.0,68.58562469482422,67.32779693603516,67.678466796875,0.0,18784191
2008-05-15,36.11933517456055,68.08248901367188,0.0,68.5246353149414,66.93901824951172,68.16634368896484,0.0,17076239
2008-05-16,37.19916534423828,70.11787414550781,0.0,70.24747467041016,68.425537109375,68.47127532958984,0.0,21970400
2008-05-19,37.4903678894043,70.666748046875,0.0,71.31471252441406,70.23222351074219,70.40755462646484,0.0,14394283
2008-05-20,37.83411407470703,71.31471252441406,0.0,71.76448059082031,70.94117736816406,71.18511962890625,0.0,20832946
2008-05-21,37.54292678833008,70.7658462524414,0.0,72.47343444824219,70.56002044677734,71.42144012451172,0.0,28363414
2008-05-22,37.39658737182617,70.13312530517578,0.358289,71.23847961425781,69.56900787353516,70.57526397705078,0.0,26281208
2008-05-23,37.15269088745117,69.67573547363281,0.0,70.65911865234375,69.01251983642578,70.43804931640625,0.0,22316844
2008-05-27,36.864105224609375,69.13449096679688,0.0,69.32506561279297,68.35692596435547,69.1192398071289,0.0,18038176
2008-05-28,37.62421417236328,70.56002044677734,0.0,70.56002044677734,68.50176239013672,68.6161117553711,0.0,18317062
2008-05-29,36.973838806152344,69.34031677246094,0.0,70.6133804321289,69.00489807128906,70.27033996582031,0.0,21119310
2008-05-30,37.84372329711914,70.97167205810547,0.0,70.97167205810547,69.37843322753906,69.65286254882812,0.0,31812637
2008-06-02,37.782752990722656,70.8573226928711,0.0,70.96405029296875,69.7672119140625,70.36181640625,0.0,17439737
2008-06-03,37.25432586669922,69.8663101196289,0.0,71.26897430419922,69.82057189941406,70.7658462524414,0.0,18605656
2008-06-04,36.25436782836914,67.99101257324219,0.0,69.7672119140625,67.75469970703125,69.59950256347656,0.0,21058181
2008-06-05,38.13638687133789,71.52053833007812,0.0,71.69586944580078,68.11298370361328,68.11298370361328,0.0,20433506
2008-06-06,37.4656867980957,70.2627182006836,0.0,72.98418426513672,70.1712417602539,71.7339859008789,0.0,26957043
2008-06-09,38.713600158691406,72.60302734375,0.0,73.06041717529297,70.84207916259766,70.88019561767578,0.0,18055885
2008-06-10,37.750240325927734,70.79634094238281,0.0,72.35908508300781,70.07213592529297,72.23711395263672,0.0,18528786
2008-06-11,38.24208450317383,71.71874237060547,0.0,72.23711395263672,70.91068267822266,71.42144012451172,0.0,17319052
2008-06-12,37.595767974853516,70.50666046142578,0.0,71.26897430419922,69.94254302978516,71.26897430419922,0.0,18845977
2008-06-13,38.31523895263672,71.85595703125,0.0,72.18375396728516,69.83582305908203,70.07975769042969,0.0,15376945
2008-06-16,38.44532012939453,72.09989929199219,0.0,73.07566833496094,71.96268463134766,72.22187042236328,0.0,13948667
2008-06-17,38.93311309814453,73.01467895507812,0.0,73.15189361572266,71.69586944580078,72.19137573242188,0.0,12051162
2008-06-18,38.67295455932617,72.52679443359375,0.0,72.88508605957031,71.482421875,72.42769622802734,0.0,13489278
2008-06-19,38.07134246826172,71.39856719970703,0.0,73.13665008544922,71.18511962890625,72.74024963378906,0.0,15733359
2008-06-20,37.70552062988281,70.71248626708984,0.0,71.98554992675781,70.33895111083984,71.71874237060547,0.0,19211966
2008-06-23,38.83555603027344,72.83172607421875,0.0,72.83172607421875,70.15599060058594,70.15599060058594,0.0,15818888
2008-06-24,38.4859733581543,72.17613220214844,0.0,73.12140655517578,71.7034912109375,72.43531799316406,0.0,14352568
2008-06-25,38.217689514160156,71.67300415039062,0.0,72.67926025390625,71.03265380859375,72.58778381347656,0.0,20425766
2008-06-26,37.64862060546875,70.60575866699219,0.0,72.06940460205078,70.1407470703125,71.7034912109375,0.0,19697722
2008-06-27,37.25025177001953,69.85868835449219,0.0,71.40618896484375,69.78245544433594,70.75060272216797,0.0,21068675
2008-06-30,38.368080139160156,71.95506286621094,0.0,72.15325927734375,69.91204833984375,69.91204833984375,0.0,20362801
2008-07-01,38.388423919677734,71.99317932128906,0.0,72.15325927734375,70.90306091308594,72.01604461669922,0.0,16676405
2008-07-02,36.888484954833984,69.18022918701172,0.0,72.11514282226562,68.9896469116211,72.0389175415039,0.0,24623235
2008-07-03,37.331565856933594,70.01115417480469,0.0,70.94879913330078,68.22733306884766,69.69097900390625,0.0,15693218
2008-07-07,36.72996139526367,68.88292694091797,0.0,70.77346801757812,67.9986343383789,69.45465850830078,0.0,20093227
2008-07-08,36.23810577392578,67.96051788330078,0.0,68.50939178466797,66.86278533935547,68.09774017333984,0.0,24006956
2008-07-09,35.64870834350586,66.85516357421875,0.0,69.5156478881836,66.73319244384766,68.01388549804688,0.0,19094955
2008-07-10,36.62428283691406,68.68472290039062,0.0,68.68472290039062,66.35203552246094,67.0,0.0,17158620
2008-07-11,35.823486328125,67.1829605102539,0.0,69.3631820678711,66.5273666381836,69.3631820678711,0.0,18590309
2008-07-14,35.96168518066406,67.44214630126953,0.0,68.3950424194336,66.57310485839844,67.76232147216797,0.0,12125671
2008-07-15,34.478031158447266,64.6596908569336,0.0,67.32017517089844,64.44624328613281,67.16008758544922,0.0,23061679
2008-07-16,33.81547164916992,63.4171142578125,0.0,64.74354553222656,62.95210266113281,64.60633087158203,0.0,30523278
2008-07-17,33.69351577758789,63.188419342041016,0.0,63.935489654541016,62.20503234863281,63.615318298339844,0.0,29338206
2008-07-18,34.10811996459961,63.965980529785156,0.0,64.29377746582031,62.96734619140625,63.33325958251953,0.0,19840183
2008-07-21,34.90077209472656,65.45249938964844,0.0,65.55159759521484,64.1336898803711,64.34713745117188,0.0,14313345
2008-07-22,34.27071762084961,64.27091217041016,0.0,65.54397583007812,63.859256744384766,65.17806243896484,0.0,16421656
2008-07-23,33.262638092041016,62.38036346435547,0.0,64.65206909179688,62.09830856323242,64.65206909179688,0.0,20718165
2008-07-24,33.24638748168945,62.34987258911133,0.0,63.40949249267578,61.968711853027344,62.73102951049805,0.0,18665999
2008-07-25,33.32361602783203,62.494712829589844,0.0,63.569576263427734,61.23688888549805,62.494712829589844,0.0,14774833
2008-07-28,33.43336868286133,62.700538635253906,0.0,63.531463623046875,62.0601921081543,63.33325958251953,0.0,14530709
2008-07-29,32.8160514831543,61.1911506652832,0.358289,62.814884185791016,60.45170211791992,62.35749435424805,0.0,17718492
2008-07-30,34.61894226074219,64.55296325683594,0.0,64.7892837524414,60.916717529296875,61.023441314697266,0.0,20583575
2008-07-31,33.367958068847656,62.22027587890625,0.0,64.0650863647461,62.075435638427734,64.0650863647461,0.0,18122130
2008-08-01,33.175804138183594,61.86198806762695,0.0,63.44760513305664,61.618045806884766,61.86961364746094,0.0,13562738
2008-08-04,32.48081970214844,60.5660514831543,0.0,62.20503234863281,60.23063278198242,61.93059539794922,0.0,20438360
2008-08-05,32.64026641845703,60.86335372924805,0.0,61.137786865234375,59.81135559082031,60.35260009765625,0.0,16146180
2008-08-06,33.273921966552734,62.044944763183594,0.0,62.16691589355469,60.74138259887695,60.7871208190918,0.0,14870987
2008-08-07,33.02454376220703,61.579933166503906,0.0,63.074073791503906,61.57230758666992,62.50233459472656,0.0,14188331
2008-08-08,33.07769012451172,61.67903137207031,0.0,61.73239517211914,59.73512649536133,60.98532485961914,0.0,12730407
2008-08-11,32.7996826171875,61.1606559753418,0.0,62.35749435424805,60.14677429199219,61.86198806762695,0.0,14946284
2008-08-12,32.68522262573242,60.947208404541016,0.0,61.968711853027344,60.74138259887695,61.663787841796875,0.0,13399945
2008-08-13,33.674560546875,62.792015075683594,0.0,63.081695556640625,60.79474639892578,60.840484619140625,0.0,17179740
2008-08-14,32.448097229003906,60.50506591796875,0.0,62.50995635986328,59.38446044921875,62.47946548461914,0.0,22738716
2008-08-15,31.749008178710938,59.20150375366211,0.0,60.276371002197266,58.789852142333984,60.26112365722656,0.0,20159211
2008-08-18,31.479204177856445,58.6983757019043,0.0,60.37546920776367,58.47730255126953,59.506431579589844,0.0,13331470
2008-08-19,32.399051666259766,60.4135856628418,0.0,60.657527923583984,58.47730255126953,58.47730255126953,0.0,15844468
2008-08-20,33.05315017700195,61.63329315185547,0.0,61.86961364746094,60.55842590332031,61.053932189941406,0.0,16553884
2008-08-21,34.77021026611328,64.83502197265625,0.0,65.11708068847656,62.0601921081543,62.27363967895508,0.0,20358734
2008-08-22,34.005714416503906,63.40949249267578,0.0,64.48435974121094,62.79963684082031,64.33951568603516,0.0,11522641
2008-08-25,33.44972229003906,62.37274169921875,0.0,63.7906494140625,62.01445388793945,63.43998336791992,0.0,10702509
2008-08-26,33.67866516113281,62.79963684082031,0.0,63.79827117919922,62.34987258911133,62.60905838012695,0.0,10240890
2008-08-27,34.124267578125,63.63056182861328,0.0,64.22516632080078,63.165550231933594,63.455230712890625,0.0,10999368
2008-08-28,34.058860778808594,63.50859069824219,0.0,64.64444732666016,62.50995635986328,64.14131164550781,0.0,10524762
2008-08-29,33.73180389404297,62.898738861083984,0.0,64.02696990966797,62.8072624206543,64.02696990966797,0.0,10497083
2008-09-02,32.29682540893555,60.22300720214844,0.0,61.427467346191406,59.826602935791016,61.28262710571289,0.0,16571987
2008-09-03,32.33363723754883,60.29161834716797,0.0,60.61178970336914,59.20912551879883,60.00193786621094,0.0,17706817
2008-09-04,31.26661491394043,58.301971435546875,0.0,60.840484619140625,57.80646514892578,60.15439987182617,0.0,16563198
2008-09-05,30.83735466003418,57.50153732299805,0.0,58.782230377197266,56.11412048339844,58.34770965576172,0.0,17924050
2008-09-08,30.534822463989258,56.93742370605469,0.0,58.84321594238281,56.167484283447266,58.523040771484375,0.0,19730124
2008-09-09,27.926549911499023,52.07384490966797,0.0,56.71635055541992,52.028106689453125,56.30470275878906,0.0,31471834
2008-09-10,29.381935119628906,54.787689208984375,0.0,55.344181060791016,52.74468231201172,52.782798767089844,0.0,22568184
2008-09-11,29.63134002685547,55.25270462036133,0.0,55.37467575073242,53.21731948852539,54.23882293701172,0.0,21744641
2008-09-12,30.01970863342285,55.976905822753906,0.0,56.4571647644043,54.80293655395508,55.16884994506836,0.0,15907434
2008-09-15,28.09417724609375,52.38639450073242,0.0,55.29844284057617,52.29491424560547,53.735694885253906,0.0,22636528
2008-09-16,29.549571990966797,55.100242614746094,0.0,55.473777770996094,51.38013458251953,51.715553283691406,0.0,26189120
2008-09-17,28.33945083618164,52.84378433227539,0.0,59.270111083984375,52.622711181640625,55.30606460571289,0.0,26573869
2008-09-18,29.54139518737793,55.08499526977539,0.0,55.76345443725586,52.63033676147461,54.116851806640625,0.0,27115114
2008-09-19,32.01475143432617,59.6970100402832,0.0,60.89384841918945,56.10649871826172,57.32620620727539,0.0,27555875
2008-09-22,31.7735595703125,59.24724197387695,0.0,60.4135856628418,58.385826110839844,60.383094787597656,0.0,20932118
2008-09-23,30.489858627319336,56.85356903076172,0.0,59.86471939086914,56.365684509277344,58.94231414794922,0.0,18464245
2008-09-24,30.600238800048828,57.05939483642578,0.0,57.86745071411133,56.21322250366211,57.41768264770508,0.0,15703581
2008-09-25,31.417865753173828,58.58402633666992,0.0,59.3082275390625,56.96029281616211,57.41006088256836,0.0,17714163
2008-09-26,31.16850471496582,58.119014739990234,0.0,58.26385498046875,56.60200500488281,57.23472595214844,0.0,13245547
2008-09-29,28.335376739501953,52.83616256713867,0.0,56.44953918457031,51.311527252197266,56.3199462890625,0.0,27963055
2008-09-30,29.946109771728516,55.83968734741211,0.0,55.900672912597656,53.446014404296875,53.97201156616211,0.0,25473669
2008-10-01,28.903635025024414,53.895782470703125,0.0,55.077369689941406,52.249176025390625,55.046878814697266,0.0,20429702
2008-10-02,27.685344696044922,51.62407684326172,0.0,53.14870834350586,50.716922760009766,53.13346481323242,0.0,20968848
2008-10-03,27.039409637451172,50.41961669921875,0.0,54.44464874267578,50.198543548583984,51.89850997924805,0.0,21196968
2008-10-06,26.467056274414062,49.35237503051758,0.0,49.93173599243164,45.121517181396484,48.102176666259766,0.0,32189121
2008-10-07,25.00347900390625,46.6232795715332,0.0,51.25816345214844,45.77710723876953,50.495849609375,0.0,26526119
2008-10-08,25.35915756225586,47.286495208740234,0.0,49.497215270996094,44.664127349853516,45.2816047668457,0.0,33704371
2008-10-09,22.00682258605957,41.035499572753906,0.0,48.43759536743164,41.035499572753906,48.208900451660156,0.0,28651745
2008-10-10,19.717422485351562,36.76652908325195,0.0,40.77631378173828,34.45670700073242,38.878143310546875,0.0,47384908
2008-10-13,22.992082595825195,42.872684478759766,0.0,43.177608489990234,37.566959381103516,38.71043395996094,0.0,38652971
2008-10-14,23.28643798828125,43.42155075073242,0.0,45.228240966796875,41.40141296386719,44.61076354980469,0.0,29787625
2008-10-15,20.069002151489258,37.422119140625,0.0,41.81306457519531,36.73603439331055,41.81306457519531,0.0,24539412
2008-10-16,21.234149932861328,39.594722747802734,0.0,40.11309814453125,34.53293991088867,38.07771301269531,0.0,34247584
2008-10-17,21.467187881469727,40.02924346923828,0.0,43.0403938293457,37.23154067993164,38.687564849853516,0.0,27072087
2008-10-20,23.601226806640625,44.0085334777832,0.0,44.214359283447266,40.257938385009766,41.47002029418945,0.0,22721401
2008-10-21,22.05997085571289,41.13460159301758,0.0,43.60450744628906,41.012630462646484,42.56013488769531,0.0,22002408
2008-10-22,20.056743621826172,37.39925003051758,0.0,40.30367660522461,35.72215270996094,39.861534118652344,0.0,31745342
2008-10-23,21.05017852783203,39.251678466796875,0.0,39.44988250732422,35.142791748046875,37.8109016418457,0.0,29488799
2008-10-24,19.807369232177734,36.93423843383789,0.0,37.727046966552734,35.09705352783203,35.39435958862305,0.0,21555874
2008-10-27,18.650400161743164,34.77688217163086,0.0,37.8109016418457,34.30424499511719,36.18716812133789,0.0,20959928
2008-10-28,20.506452560424805,38.23780059814453,0.0,38.771419525146484,34.30424499511719,36.69791793823242,0.0,25382238
2008-10-29,20.69628143310547,38.23017501831055,0.358289,40.3951530456543,37.33064270019531,38.573219299316406,0.0,25871929
2008-10-30,21.393728256225586,39.518489837646484,0.0,40.0216178894043,38.06246566772461,39.0687255859375,0.0,23706556
2008-10-31,21.46389389038086,39.6480827331543,0.0,41.16509246826172,38.34452438354492,38.72568130493164,0.0,21511274
2008-11-03,21.278188705444336,39.3050422668457,0.0,39.998748779296875,38.80953598022461,39.09159469604492,0.0,13302741
2008-11-04,23.015592575073242,42.5143928527832,0.0,42.6668586730957,40.25031280517578,40.32654571533203,0.0,20324365
2008-11-05,22.062278747558594,40.75344467163086,0.0,42.979408264160156,40.40277862548828,41.41666030883789,0.0,16447498
2008-11-06,20.26709747314453,37.4373664855957,0.0,40.783935546875,37.048583984375,40.212196350097656,0.0,19941060
2008-11-07,21.286428451538086,39.320289611816406,0.0,39.64046096801758,37.51359939575195,37.833770751953125,0.0,15562433
2008-11-10,21.018184661865234,38.82478332519531,0.0,40.783935546875,38.11582946777344,40.46376419067383,0.0,13605896
2008-11-11,20.25471305847168,37.41449737548828,0.0,38.45886993408203,36.6598014831543,37.643192291259766,0.0,14451346
2008-11-12,18.381103515625,33.95357894897461,0.0,36.65217971801758,33.877349853515625,36.65217971801758,0.0,19737863
2008-11-13,20.29597282409668,37.490726470947266,0.0,37.77278518676758,32.13164138793945,34.311866760253906,0.0,27854964
2008-11-14,19.55726432800293,36.126182556152344,0.0,38.09295654296875,34.685401916503906,36.530208587646484,0.0,21641534
2008-11-17,19.297277450561523,35.64592361450195,0.0,37.21629333496094,35.50108337402344,36.682674407958984,0.0,24813707
2008-11-18,20.588991165161133,38.03197479248047,0.0,38.283538818359375,35.46296691894531,35.86699295043945,0.0,26310723
2008-11-19,19.123950958251953,35.325748443603516,0.0,38.78666687011719,35.211402893066406,37.917625427246094,0.0,25378040
2008-11-20,17.250343322753906,31.864831924438477,0.0,35.775516510009766,31.460803985595703,34.4490852355957,0.0,31272704
2008-11-21,19.33028793334961,35.7069091796875,0.0,35.99658966064453,32.299354553222656,32.74149703979492,0.0,36482351
2008-11-24,20.432170867919922,37.74229431152344,0.0,39.19831848144531,35.005577087402344,36.24815368652344,0.0,29211487
2008-11-25,21.14199447631836,39.0534782409668,0.0,39.617591857910156,37.87950897216797,38.67231750488281,0.0,20232802
2008-11-26,22.557510375976562,41.6682243347168,0.0,41.87405014038086,37.910003662109375,38.48173904418945,0.0,17709703
2008-11-28,21.674362182617188,40.036865234375,0.0,40.76106643676758,39.10683822631836,40.036865234375,0.0,10234593
2008-12-01,19.8172607421875,36.606441497802734,0.0,39.23643112182617,36.56832504272461,38.63420486450195,0.0,22263979
2008-12-02,20.436296463012695,37.749916076660156,0.0,38.29878234863281,36.36249923706055,37.81852340698242,0.0,18857258
2008-12-03,20.53533935546875,37.9328727722168,0.0,38.19205856323242,35.63829803466797,36.6902961730957,0.0,21153023
2008-12-04,19.099184036254883,35.28001022338867,0.0,37.81852340698242,34.738765716552734,36.99522399902344,0.0,20033016
2008-12-05,19.714096069335938,36.415863037109375,0.0,37.0333366394043,33.27511978149414,34.75401306152344,0.0,26497129
2008-12-08,20.98516082763672,38.763797760009766,0.0,39.617591857910156,37.88713455200195,38.11582946777344,0.0,21265182
2008-12-09,21.1007137298584,38.97724533081055,0.0,40.189327239990234,38.11582946777344,38.3064079284668,0.0,18030698
2008-12-10,22.000385284423828,40.639095306396484,0.0,41.111732482910156,39.411766052246094,39.65570831298828,0.0,18250817
2008-12-11,21.794034957885742,40.257938385009766,0.0,42.07225036621094,39.74718475341797,40.95164489746094,0.0,15832661
2008-12-12,21.208009719848633,39.17544937133789,0.0,40.30367660522461,38.123451232910156,38.496986389160156,0.0,16078622
2008-12-15,21.418489456176758,39.56422805786133,0.0,40.72294998168945,38.878143310546875,40.09022903442383,0.0,15551807
2008-12-16,22.338781356811523,41.26419448852539,0.0,41.43952941894531,39.86915588378906,40.181705474853516,0.0,17833930
2008-12-17,22.045778274536133,40.72294998168945,0.0,41.84355545043945,40.61622619628906,41.043121337890625,0.0,15446208
2008-12-18,21.269920349121094,39.289794921875,0.0,40.905906677246094,38.53510284423828,40.72294998168945,0.0,20466957
2008-12-19,20.964527130126953,38.72568130493164,0.0,40.70008087158203,38.59608840942383,39.89965057373047,0.0,25511055
2008-12-22,20.44041633605957,37.757537841796875,0.0,39.244056701660156,37.26203155517578,39.137332916259766,0.0,14777326
2008-12-23,19.998842239379883,36.94186019897461,0.0,38.314029693603516,36.819889068603516,38.00910568237305,0.0,15207724
2008-12-24,19.809005737304688,36.59119415283203,0.0,37.0333366394043,36.446353912353516,36.75890350341797,0.0,5565929
2008-12-26,20.052499771118164,37.04096221923828,0.0,37.269657135009766,36.51496124267578,36.80464172363281,0.0,6745361
2008-12-29,20.22170066833496,37.353511810302734,0.0,38.10820388793945,36.8275146484375,37.74229431152344,0.0,12898054
2008-12-30,21.232776641845703,39.221187591552734,0.0,39.3050422668457,37.2010498046875,37.460235595703125,0.0,12241109
2008-12-31,21.37721824645996,39.487998962402344,0.0,39.998748779296875,38.75617218017578,38.97724533081055,0.0,13045499
2009-01-02,22.63592529296875,41.81306457519531,0.0,42.11036682128906,39.510868072509766,39.625213623046875,0.0,15538296
2009-01-05,22.891788482666016,42.28569793701172,0.0,42.72784423828125,41.50813674926758,41.66059875488281,0.0,20390217
2009-01-06,22.97846221923828,42.44578552246094,0.0,43.7874641418457,42.16373062133789,43.093753814697266,0.0,17082142
2009-01-07,21.97149658203125,40.58573532104492,0.0,41.92741012573242,40.20457458496094,41.92741012573242,0.0,13447170
2009-01-08,22.281005859375,41.157470703125,0.0,41.34804916381836,40.074981689453125,40.3951530456543,0.0,10084393
2009-01-09,21.45563316345215,39.63283920288086,0.0,41.309932708740234,39.487998962402344,41.16509246826172,0.0,13818013
2009-01-12,20.82834815979004,38.474117279052734,0.0,39.23643112182617,38.047218322753906,39.18307113647461,0.0,15255605
2009-01-13,21.137868881225586,39.04585266113281,0.0,39.49562072753906,38.27591323852539,38.321651458740234,0.0,16274735
2009-01-14,20.31248664855957,37.52122116088867,0.0,38.573219299316406,36.99522399902344,38.51223373413086,0.0,19027004
2009-01-15,19.998842239379883,36.94186019897461,0.0,37.422119140625,35.188533782958984,37.32301712036133,0.0,30470675
2009-01-16,20.378520965576172,37.643192291259766,0.0,38.25304412841797,36.84275817871094,37.650814056396484,0.0,20883450
2009-01-20,18.855703353881836,34.83024215698242,0.0,37.13243865966797,34.654911041259766,36.75890350341797,0.0,24183129
2009-01-21,20.378520965576172,37.643192291259766,0.0,37.65843963623047,34.99032974243164,34.99795150756836,0.0,21142529
2009-01-22,19.84615135192871,36.6598014831543,0.0,37.544090270996094,35.806007385253906,36.83513641357422,0.0,18106258
2009-01-23,19.883289337158203,36.72841262817383,0.0,37.33064270019531,35.44771957397461,35.72215270996094,0.0,15686528
2009-01-26,20.275346755981445,37.452613830566406,0.0,38.664695739746094,36.99522399902344,37.22391891479492,0.0,15675115
2009-01-27,20.432170867919922,37.74229431152344,0.0,38.09295654296875,36.972354888916016,37.452613830566406,0.0,14798708
2009-01-28,20.700416564941406,38.23780059814453,0.0,38.588462829589844,37.52122116088867,38.588462829589844,0.0,24500189
2009-01-29,19.462350845336914,35.95084762573242,0.0,37.36113357543945,35.73740005493164,37.36113357543945,0.0,21109210
2009-01-30,19.61504554748535,36.232906341552734,0.0,36.8122673034668,35.98896408081055,36.522586822509766,0.0,24927571
2009-02-02,18.872207641601562,34.86073684692383,0.0,35.63829803466797,34.685401916503906,35.63829803466797,0.0,22388468
2009-02-03,19.086803436279297,35.25714111328125,0.0,35.52395248413086,34.685401916503906,35.142791748046875,0.0,18161484
2009-02-04,18.913475036621094,34.93696975708008,0.0,35.699283599853516,34.69302749633789,35.699283599853516,0.0,18853716
2009-02-05,19.359182357788086,35.76026916503906,0.0,36.072818756103516,34.34998321533203,34.74638748168945,0.0,21409872
2009-02-06,19.784252166748047,36.54545593261719,0.0,36.77415084838867,35.10467529296875,35.38673400878906,0.0,16260305
2009-02-09,20.02773094177246,36.99522399902344,0.0,37.48310470581055,36.301513671875,36.61406326293945,0.0,16737404
2009-02-10,19.02903175354004,35.15041732788086,0.0,37.40687561035156,34.8226203918457,36.6902961730957,0.0,20591970
2009-02-11,18.967130661010742,35.036067962646484,0.0,35.79838562011719,34.334739685058594,35.63067626953125,0.0,16859269
2009-02-12,19.06617546081543,35.219024658203125,0.0,35.325748443603516,33.99931716918945,34.67015838623047,0.0,18736573
2009-02-13,18.84745216369629,34.814998626708984,0.0,35.54682159423828,34.761634826660156,35.26476287841797,0.0,13220623
2009-02-17,17.720808029174805,32.73387145996094,0.0,33.92308807373047,32.69575881958008,33.618160247802734,0.0,19035268
2009-02-18,17.444313049316406,32.223121643066406,0.0,33.19888687133789,31.933441162109375,32.977813720703125,0.0,20790182
2009-02-19,17.440128326416016,31.857208251953125,0.358289,32.72624969482422,31.666629791259766,32.497554779052734,0.0,14197776
2009-02-20,16.45941162109375,30.065765380859375,0.0,31.247356414794922,29.707475662231445,31.247356414794922,0.0,29925101
2009-02-23,15.683186531066895,28.647855758666992,0.0,30.97292137145996,28.43440818786621,30.622255325317383,0.0,25582023
2009-02-24,16.3801212310791,29.92092514038086,0.0,30.004779815673828,28.685972213745117,28.90704345703125,0.0,23014980
2009-02-25,16.02121925354004,29.26533317565918,0.0,29.974287033081055,28.968029022216797,29.85231590270996,0.0,24169356
2009-02-26,16.0462646484375,29.311071395874023,0.0,30.48503875732422,29.234840393066406,29.776084899902344,0.0,18981747
2009-02-27,15.587200164794922,28.472522735595703,0.0,29.56263542175293,28.1675968170166,28.60211753845215,0.0,22452221
2009-03-02,14.66072940826416,26.780181884765625,0.0,28.091365814208984,26.719194412231445,27.98464012145996,0.0,25669389
2009-03-03,14.719155311584473,26.886905670166016,0.0,27.717830657958984,26.681079864501953,27.275686264038086,0.0,25184551
2009-03-04,15.462003707885742,28.24382781982422,0.0,28.853681564331055,27.557743072509766,27.885540008544922,0.0,22203899
2009-03-05,14.77341079711914,26.986005783081055,0.0,27.786439895629883,26.551485061645508,27.603483200073242,0.0,24575617
2009-03-06,14.756720542907715,26.95551300048828,0.0,28.1675968170166,26.01024055480957,27.626352310180664,0.0,27945215
2009-03-09,15.244989395141602,27.847423553466797,0.0,28.42678451538086,26.45238494873047,26.803049087524414,0.0,29007503
2009-03-10,15.858466148376465,28.968029022216797,0.0,29.120492935180664,28.487770080566406,28.64023208618164,0.0,27099241
2009-03-11,15.850111961364746,28.952783584594727,0.0,29.692230224609375,28.403915405273438,29.158607482910156,0.0,19844643
2009-03-12,15.603897094726562,28.503015518188477,0.0,29.257709503173828,27.565366744995117,28.9832763671875,0.0,33577914
2009-03-13,15.194913864135742,27.755945205688477,0.0,28.99852180480957,26.94788932800293,28.89179801940918,0.0,34073771
2009-03-16,15.073882102966309,27.534873962402344,0.0,28.586870193481445,27.48151206970215,27.85504722595215,0.0,24962071
2009-03-17,15.691534042358398,28.663103103637695,0.0,28.685972213745117,27.367164611816406,27.641597747802734,0.0,22516237
2009-03-18,15.97948932647705,29.18910026550293,0.0,29.47115707397461,27.725452423095703,28.442031860351562,0.0,22586811
2009-03-19,15.96279239654541,29.158607482910156,0.0,30.66799545288086,29.143362045288086,30.424053192138672,0.0,34090562
2009-03-20,15.77917194366455,28.82318878173828,0.0,29.959041595458984,28.701217651367188,29.593128204345703,0.0,29402483
2009-03-23,17.00611114501953,31.06439971923828,0.0,31.087268829345703,29.539766311645508,29.57025909423828,0.0,24093403
2009-03-24,16.534536361694336,30.20298194885254,0.0,30.84332847595215,29.94379425048828,30.49266242980957,0.0,17715213
2009-03-25,16.56791877746582,30.263967514038086,0.0,30.820457458496094,29.440664291381836,30.21822738647461,0.0,20065417
2009-03-26,16.82248878479004,30.728979110717773,0.0,30.995790481567383,30.233474731445312,30.873821258544922,0.0,18042898
2009-03-27,16.830833435058594,30.744226455688477,0.0,31.125385284423828,30.195358276367188,30.340198516845703,0.0,18847944
2009-03-30,16.28413963317871,29.74559211730957,0.0,30.0352725982666,29.158607482910156,30.01240348815918,0.0,22162840
2009-03-31,16.342561721801758,29.85231590270996,0.0,30.530778884887695,29.692230224609375,30.11150360107422,0.0,22567265
2009-04-01,16.609651565551758,30.340198516845703,0.0,30.629878997802734,29.08237648010254,29.311071395874023,0.0,20260350
2009-04-02,17.298248291015625,31.598020553588867,0.0,32.39845275878906,31.14825439453125,31.262601852416992,0.0,26244084
2009-04-03,17.678007125854492,32.29172897338867,0.0,32.421321868896484,31.011037826538086,31.43031120300293,0.0,22579465
2009-04-06,17.177213668823242,31.376949310302734,0.0,32.093528747558594,30.995790481567383,31.69712257385254,0.0,19296839
2009-04-07,16.563749313354492,30.256343841552734,0.0,30.812835693359375,30.088634490966797,30.797588348388672,0.0,17314592
2009-04-08,16.50532341003418,30.149620056152344,0.0,30.302082061767578,29.326318740844727,29.989532470703125,0.0,19484163
2009-04-09,16.860048294067383,30.797588348388672,0.0,30.988168716430664,30.27921485900879,30.873821258544922,0.0,16356066
2009-04-13,16.71816062927246,30.538400650024414,0.0,30.835704803466797,30.004779815673828,30.38593864440918,0.0,12583880
2009-04-14,16.5136661529541,30.164865493774414,0.0,30.820457458496094,29.890432357788086,30.21060562133789,0.0,15434271
2009-04-15,16.56791877746582,30.263967514038086,0.0,30.363069534301758,29.54738998413086,30.065765380859375,0.0,15379044
2009-04-16,16.605485916137695,30.332576751708984,0.0,30.515531539916992,29.6617374420166,30.515531539916992,0.0,15955183
2009-04-17,16.764068603515625,30.622255325317383,0.0,30.97292137145996,30.27921485900879,30.4088077545166,0.0,16898623
2009-04-20,15.83342456817627,28.922290802001953,0.0,30.088634490966797,28.80794334411621,29.981910705566406,0.0,18406264
2009-04-21,16.15476417541504,29.509273529052734,0.0,29.63886833190918,28.60211753845215,28.701217651367188,0.0,16647415
2009-04-22,15.883505821228027,29.01376724243164,0.0,29.6464900970459,28.952783584594727,29.211971282958984,0.0,15900088
2009-04-23,16.663908004760742,30.439300537109375,0.0,30.49266242980957,29.509273529052734,29.90567970275879,0.0,24437355
2009-04-24,17.198083877563477,31.41506576538086,0.0,31.98680305480957,30.95005226135254,31.072023391723633,0.0,22069965
2009-04-27,17.122962951660156,31.277847290039062,0.0,31.506542205810547,30.530778884887695,30.728979110717773,0.0,19599994
2009-04-28,16.985252380371094,31.026283264160156,0.0,31.445558547973633,30.828081130981445,30.881444931030273,0.0,14119331
2009-04-29,17.323284149169922,31.643760681152344,0.0,32.017295837402344,31.05677604675293,31.293094635009766,0.0,18090779
2009-04-30,17.11044692993164,31.25497817993164,0.0,32.192626953125,30.889066696166992,32.05541229248047,0.0,18850699
2009-05-01,17.736433029174805,32.39845275878906,0.0,32.44419479370117,31.270225524902344,31.369325637817383,0.0,18834564
2009-05-04,18.30817985534668,33.44282531738281,0.0,33.58004379272461,32.58903121948242,32.817726135253906,0.0,18318768
2009-05-05,17.928407669067383,32.74911880493164,0.0,33.76300048828125,32.55854034423828,33.694393157958984,0.0,13097053
2009-05-06,18.45424461364746,33.70963668823242,0.0,34.05268096923828,33.00830841064453,33.237003326416016,0.0,18377667
2009-05-07,18.253929138183594,33.343727111816406,0.0,34.685401916503906,33.12265396118164,34.48720169067383,0.0,22847464
2009-05-08,19.576858520507812,35.76026916503906,0.0,36.03470230102539,34.02981185913086,34.10604476928711,0.0,29250447
2009-05-11,18.834016799926758,34.40334701538086,0.0,35.02082443237305,34.18989944458008,35.02082443237305,0.0,17200072
2009-05-12,18.975902557373047,34.662532806396484,0.0,35.211402893066406,34.26612854003906,34.86835861206055,0.0,16293100
2009-05-13,18.61282730102539,33.99931716918945,0.0,35.11992263793945,33.89259338378906,34.281375885009766,0.0,19124076
2009-05-14,18.671255111694336,34.10604476928711,0.0,34.433837890625,33.564796447753906,33.717262268066406,0.0,13025953
2009-05-15,18.33321762084961,33.48856735229492,0.0,34.16702651977539,33.22175598144531,33.915462493896484,0.0,13172612
2009-05-18,18.996774673461914,34.70064926147461,0.0,35.01319885253906,33.961204528808594,33.991695404052734,0.0,14302588
2009-05-19,19.155349731445312,34.99032974243164,0.0,35.46296691894531,34.87598419189453,34.9598388671875,0.0,14496471
2009-05-20,19.27638053894043,35.211402893066406,0.0,36.072818756103516,35.09705352783203,35.66116714477539,0.0,15022893
2009-05-21,18.8294620513916,34.0450553894043,0.358289,34.5710563659668,33.641029357910156,34.441463470458984,0.0,15663703
2009-05-22,18.711400985717773,33.831607818603516,0.0,34.433837890625,33.74775314331055,34.25088119506836,0.0,9887493
2009-05-26,18.9854679107666,34.32711410522461,0.0,34.41859436035156,33.313232421875,33.541927337646484,0.0,13306808
2009-05-27,18.749353408813477,33.90021514892578,0.0,35.142791748046875,33.74013137817383,34.41096878051758,0.0,14664774
2009-05-28,19.229995727539062,34.769256591796875,0.0,34.97508239746094,34.174652099609375,34.18989944458008,0.0,19877438
2009-05-29,19.326976776123047,34.9445915222168,0.0,35.56206512451172,34.64728927612305,35.409603118896484,0.0,18368878
2009-06-01,20.19550132751465,36.51496124267578,0.0,36.73603439331055,35.61542892456055,35.851749420166016,0.0,17637817
2009-06-02,20.208154678344727,36.53783416748047,0.0,37.13243865966797,36.423484802246094,36.59119415283203,0.0,18694858
2009-06-03,19.238422393798828,34.78450393676758,0.0,36.042327880859375,34.26612854003906,36.042327880859375,0.0,27559024
2009-06-04,19.381786346435547,35.04369354248047,0.0,35.35624313354492,34.45670700073242,35.142791748046875,0.0,26003502
2009-06-05,18.972810745239258,34.30424499511719,0.0,35.54682159423828,34.090797424316406,35.333370208740234,0.0,24437223
2009-06-08,18.981245040893555,34.31949234008789,0.0,34.53293991088867,33.70963668823242,34.12128829956055,0.0,17714688
2009-06-09,19.20470428466797,34.72351837158203,0.0,35.04369354248047,34.22801208496094,34.70064926147461,0.0,16923153
2009-06-10,19.29323959350586,34.88360595703125,0.0,35.47058868408203,34.49482345581055,35.39435958862305,0.0,17591380
2009-06-11,19.20470428466797,34.72351837158203,0.0,35.44771957397461,34.662532806396484,34.99795150756836,0.0,23353815
2009-06-12,18.70719337463379,33.8239860534668,0.0,34.29662322998047,33.36659622192383,34.27375030517578,0.0,26892371
2009-06-15,18.171743392944336,32.85584259033203,0.0,33.435203552246094,32.36033630371094,33.41233444213867,0.0,27168897
2009-06-16,18.2434139251709,32.985435485839844,0.0,33.70963668823242,32.84059524536133,33.48094177246094,0.0,21696105
2009-06-17,17.93141746520996,32.421321868896484,0.0,32.9549446105957,31.98680305480957,32.85584259033203,0.0,18551742
2009-06-18,18.049467086791992,32.63477325439453,0.0,32.7033805847168,32.047786712646484,32.37558364868164,0.0,17442360
2009-06-19,18.116924285888672,32.75674057006836,0.0,33.25987243652344,32.66526412963867,33.084537506103516,0.0,22597830
2009-06-22,17.046016693115234,30.820457458496094,0.0,32.16975784301758,30.820457458496094,32.16975784301758,0.0,25528896
2009-06-23,17.391748428344727,31.445558547973633,0.0,31.666629791259766,30.904312133789062,31.300718307495117,0.0,20632505
2009-06-24,17.581472396850586,31.78860092163086,0.0,32.44419479370117,31.643760681152344,31.880077362060547,0.0,19738126
2009-06-25,17.606767654418945,31.834339141845703,0.0,32.017295837402344,31.23973274230957,31.659006118774414,0.0,23365359
2009-06-26,17.547746658325195,31.727615356445312,0.0,31.98680305480957,31.498920440673828,31.88770294189453,0.0,15091762
2009-06-29,17.796497344970703,32.17738342285156,0.0,32.45181655883789,31.91057014465332,32.2078742980957,0.0,17603317
2009-06-30,17.733261108398438,32.06303405761719,0.0,32.44419479370117,31.483673095703125,32.10115051269531,0.0,27683644
2009-07-01,17.733261108398438,32.06303405761719,0.0,32.73387145996094,32.017295837402344,32.62714767456055,0.0,15700039
2009-07-02,17.269472122192383,31.224485397338867,0.0,31.666629791259766,31.224485397338867,31.62851333618164,0.0,16364330
2009-07-06,17.214670181274414,31.125385284423828,0.0,31.171123504638672,30.29446029663086,30.59176254272461,0.0,18032273
2009-07-07,16.860506057739258,30.48503875732422,0.0,31.133007049560547,30.141996383666992,31.05677604675293,0.0,21599951
2009-07-08,16.628612518310547,30.065765380859375,0.0,30.553647994995117,29.440664291381836,30.347822189331055,0.0,30069529
2009-07-09,16.995426177978516,30.728979110717773,0.0,31.23210906982422,30.3935604095459,30.462169647216797,0.0,21113145
2009-07-10,16.746673583984375,30.27921485900879,0.0,30.378314971923828,29.776084899902344,30.241098403930664,0.0,16662369
2009-07-13,17.126127243041992,30.965299606323242,0.0,30.980545043945312,29.85231590270996,30.46979331970215,0.0,17217257
2009-07-14,17.096614837646484,30.911935806274414,0.0,31.43793487548828,30.629878997802734,31.125385284423828,0.0,19052977
2009-07-15,17.556171417236328,31.742860794067383,0.0,31.864831924438477,31.308340072631836,31.392196655273438,0.0,18015088
2009-07-16,17.86395835876465,32.299354553222656,0.0,32.47468566894531,31.51416778564453,31.559906005859375,0.0,15230156
2009-07-17,17.868173599243164,32.306976318359375,0.0,32.5814094543457,32.017295837402344,32.314598083496094,0.0,14459741
2009-07-20,18.209688186645508,32.92445373535156,0.0,33.02355194091797,32.44419479370117,32.688133239746094,0.0,16927613
2009-07-21,18.34038543701172,33.160770416259766,0.0,33.48856735229492,32.77961349487305,33.19888687133789,0.0,16151951
2009-07-22,18.19702911376953,32.90158462524414,0.0,33.27511978149414,32.497554779052734,32.74149703979492,0.0,14611122
2009-07-23,18.546979904174805,33.534305572509766,0.0,33.694393157958984,32.82535171508789,32.85584259033203,0.0,16188813
2009-07-24,18.951736450195312,34.26612854003906,0.0,34.388099670410156,33.351348876953125,33.35897445678711,0.0,16207703
2009-07-27,19.078218460083008,34.49482345581055,0.0,34.86835861206055,34.182273864746094,34.464332580566406,0.0,14868364
2009-07-28,18.930646896362305,34.22801208496094,0.0,34.37285232543945,33.65627670288086,34.11366653442383,0.0,18384620
2009-07-29,18.261707305908203,32.672889709472656,0.358289,33.48856735229492,32.299354553222656,33.4656982421875,0.0,25487181
2009-07-30,18.402315139770508,32.92445373535156,0.0,33.4656982421875,32.672889709472656,33.130279541015625,0.0,18167781
2009-07-31,18.623872756958008,33.320858001708984,0.0,33.41995620727539,32.467063903808594,32.77961349487305,0.0,17994362
2009-08-03,19.16925048828125,34.29662322998047,0.0,34.56343460083008,33.74013137817383,33.801116943359375,0.0,17455872
2009-08-04,19.10960578918457,34.18989944458008,0.0,34.357608795166016,33.86972427368164,34.15178298950195,0.0,11498898
2009-08-05,18.998825073242188,33.991695404052734,0.0,34.24325942993164,33.65627670288086,34.205142974853516,0.0,11654738
2009-08-06,18.798564910888672,33.63340759277344,0.0,34.08317184448242,33.40471267700195,34.022186279296875,0.0,10518858
2009-08-07,18.77726173400879,33.59529113769531,0.0,34.174652099609375,33.48094177246094,34.08317184448242,0.0,9282102
2009-08-10,18.841176986694336,33.70963668823242,0.0,33.92308807373047,33.41995620727539,33.534305572509766,0.0,11141303
2009-08-11,18.585529327392578,33.25224685668945,0.0,33.74775314331055,33.20650863647461,33.58004379272461,0.0,10658171
2009-08-12,18.700572967529297,33.458072662353516,0.0,33.686767578125,33.267494201660156,33.267494201660156,0.0,14644310
2009-08-13,18.8369140625,33.7020149230957,0.0,33.73250961303711,33.25224685668945,33.564796447753906,0.0,13751112
2009-08-14,18.649436950683594,33.36659622192383,0.0,33.84685516357422,32.970191955566406,33.7020149230957,0.0,11107197
2009-08-17,18.04867172241211,32.29172897338867,0.0,32.63477325439453,32.06303405761719,32.63477325439453,0.0,13423033
2009-08-18,18.146677017211914,32.467063903808594,0.0,32.63477325439453,32.16975784301758,32.35271453857422,0.0,10646365
2009-08-19,18.37248992919922,32.871089935302734,0.0,33.267494201660156,32.05541229248047,32.146888732910156,0.0,13612849
2009-08-20,18.427879333496094,32.970191955566406,0.0,33.27511978149414,32.764366149902344,32.90920639038086,0.0,11903716
2009-08-21,18.83265495300293,33.694393157958984,0.0,33.77824783325195,33.351348876953125,33.52668380737305,0.0,20595119
2009-08-24,19.30559730529785,34.54056167602539,0.0,34.61679458618164,33.877349853515625,33.95357894897461,0.0,22353050
2009-08-25,19.18630599975586,34.32711410522461,0.0,34.93696975708008,34.205142974853516,34.685401916503906,0.0,15433877
2009-08-26,19.424907684326172,34.75401306152344,0.0,34.88360595703125,33.92308807373047,34.0450553894043,0.0,20385232
2009-08-27,19.48455047607422,34.86073684692383,0.0,34.97508239746094,33.97644805908203,34.67778015136719,0.0,19722253
2009-08-28,19.471769332885742,34.837867736816406,0.0,35.15041732788086,34.654911041259766,35.036067962646484,0.0,8721574
2009-08-31,19.18630599975586,34.32711410522461,0.0,34.56343460083008,34.05268096923828,34.45670700073242,0.0,13495312
2009-09-01,18.811349868774414,33.65627670288086,0.0,34.708274841308594,33.541927337646484,34.288997650146484,0.0,20067648
2009-09-02,18.892301559448242,33.801116943359375,0.0,34.205142974853516,33.717262268066406,34.10604476928711,0.0,13888194
2009-09-03,18.841176986694336,33.70963668823242,0.0,33.984073638916016,33.48094177246094,33.95357894897461,0.0,9436237
2009-09-04,19.160737991333008,34.281375885009766,0.0,34.395721435546875,33.59529113769531,33.59529113769531,0.0,11125299
2009-09-08,19.59959602355957,35.06656265258789,0.0,35.24951934814453,34.837867736816406,34.87598419189453,0.0,12019023
2009-09-09,19.527156829833984,34.93696975708008,0.0,35.28763198852539,34.708274841308594,35.17328643798828,0.0,13439430
2009-09-10,19.761505126953125,35.35624313354492,0.0,35.41722869873047,34.83024215698242,35.09705352783203,0.0,13255910
2009-09-11,19.582548141479492,35.036067962646484,0.0,35.62305450439453,34.853111267089844,35.44771957397461,0.0,14038918
2009-09-14,19.850984573364258,35.516326904296875,0.0,35.57731246948242,34.548187255859375,34.578678131103516,0.0,14664512
2009-09-15,19.74020004272461,35.3181266784668,0.0,35.64592361450195,35.10467529296875,35.592559814453125,0.0,19367282
2009-09-16,19.93619155883789,35.668792724609375,0.0,35.7069091796875,35.325748443603516,35.54682159423828,0.0,15822692
2009-09-17,19.93619155883789,35.668792724609375,0.0,35.87461853027344,35.333370208740234,35.57731246948242,0.0,14338794
2009-09-18,19.940458297729492,35.676414489746094,0.0,36.05757141113281,35.44771957397461,35.859371185302734,0.0,16154575
2009-09-21,19.66350555419922,35.180908203125,0.0,35.325748443603516,34.90647506713867,35.17328643798828,0.0,12531146
2009-09-22,19.872283935546875,35.554443359375,0.0,35.71453094482422,35.34099578857422,35.5696907043457,0.0,10392139
2009-09-23,19.527156829833984,34.93696975708008,0.0,35.668792724609375,34.87598419189453,35.65354537963867,0.0,18929406
2009-09-24,19.19908332824707,34.34998321533203,0.0,35.01319885253906,34.15178298950195,34.96746063232422,0.0,15408428
2009-09-25,19.19908332824707,34.34998321533203,0.0,34.79975128173828,34.23563766479492,34.38047790527344,0.0,11648704
2009-09-28,19.467510223388672,34.83024215698242,0.0,34.98270797729492,34.4490852355957,34.471954345703125,0.0,11213321
2009-09-29,19.26724624633789,34.471954345703125,0.0,35.09705352783203,34.41859436035156,35.09705352783203,0.0,14971340
2009-09-30,19.24169158935547,34.42621612548828,0.0,34.69302749633789,33.94595718383789,34.60154724121094,0.0,22286017
2009-10-01,19.386550903320312,34.685401916503906,0.0,34.929344177246094,34.2127685546875,34.30424499511719,0.0,31428282
2009-10-02,19.940458297729492,35.676414489746094,0.0,35.87461853027344,34.30424499511719,34.45670700073242,0.0,35222769
2009-10-05,20.3920955657959,36.48447036743164,0.0,36.636932373046875,35.783138275146484,35.9127311706543,0.0,23127269
2009-10-06,20.62644386291504,36.903743743896484,0.0,37.1858024597168,36.606441497802734,36.91899108886719,0.0,24299879
2009-10-07,21.176082611083984,37.88713455200195,0.0,37.92524719238281,36.59119415283203,36.6598014831543,0.0,32299836
2009-10-08,21.90467643737793,39.19069290161133,0.0,39.63283920288086,37.88713455200195,38.07771301269531,0.0,37771579
2009-10-09,21.636241912841797,38.71043395996094,0.0,39.0534782409668,38.32927703857422,38.946754455566406,0.0,16301889
2009-10-12,21.88336944580078,39.1525764465332,0.0,39.55660629272461,38.984867095947266,39.25930404663086,0.0,12099304
2009-10-13,21.717205047607422,38.85527420043945,0.0,39.25930404663086,38.420753479003906,39.137332916259766,0.0,15500385
2009-10-14,21.661815643310547,38.75617218017578,0.0,39.23643112182617,38.63420486450195,39.137332916259766,0.0,21425876
2009-10-15,22.05807113647461,39.46512985229492,0.0,39.55660629272461,38.420753479003906,38.588462829589844,0.0,22427297
2009-10-16,22.139015197753906,39.60996627807617,0.0,39.90727233886719,39.19831848144531,39.26692581176758,0.0,17429111
2009-10-19,22.61623191833496,40.46376419067383,0.0,40.70770263671875,39.64046096801758,39.83103942871094,0.0,17057874
2009-10-20,22.539527893066406,40.32654571533203,0.0,40.77631378173828,39.83103942871094,40.65434265136719,0.0,13724220
2009-10-21,22.569366455078125,40.37990951538086,0.0,41.24894714355469,39.84628677368164,40.13596725463867,0.0,17679794
2009-10-22,22.552310943603516,40.34941482543945,0.0,40.38753128051758,39.57185363769531,40.28080749511719,0.0,14509064
2009-10-23,22.14327621459961,39.617591857910156,0.0,40.57810974121094,39.358402252197266,40.456138610839844,0.0,14501062
2009-10-26,21.619203567504883,38.6799430847168,0.0,40.555240631103516,38.43600082397461,39.74718475341797,0.0,21604804
2009-10-27,21.90041732788086,39.18307113647461,0.0,39.617591857910156,38.916259765625,39.0687255859375,0.0,25983300
2009-10-28,21.29374122619629,37.727046966552734,0.381158,39.10683822631836,37.5593376159668,38.81715774536133,0.0,33992440
2009-10-29,22.085424423217773,39.12970733642578,0.0,39.297420501708984,37.940494537353516,38.14632034301758,0.0,21818757
2009-10-30,21.590627670288086,38.25304412841797,0.0,39.19069290161133,37.88713455200195,38.99249267578125,0.0,21645207
2009-11-02,21.504579544067383,38.100582122802734,0.0,38.9010124206543,37.566959381103516,38.25304412841797,0.0,14590133
2009-11-03,21.83587646484375,38.687564849853516,0.0,38.81715774536133,37.452613830566406,37.544090270996094,0.0,16482916
2009-11-04,22.051006317138672,39.0687255859375,0.0,39.64046096801758,38.878143310546875,38.9315071105957,0.0,15352021
2009-11-05,22.352188110351562,39.60234451293945,0.0,39.892024993896484,39.289794921875,39.3050422668457,0.0,12499269
2009-11-06,22.42102813720703,39.72431564331055,0.0,39.93776321411133,39.114463806152344,39.221187591552734,0.0,11081879
2009-11-09,22.73943519592285,40.288429260253906,0.0,40.57810974121094,40.13596725463867,40.24269104003906,0.0,11934412
2009-11-10,23.05352783203125,40.84492111206055,0.0,40.97451400756836,40.074981689453125,40.074981689453125,0.0,17944645
2009-11-11,22.872817993164062,40.524749755859375,0.0,41.23370361328125,40.40277862548828,41.12697982788086,0.0,14119069
2009-11-12,22.468360900878906,39.808170318603516,0.0,40.57048797607422,39.63283920288086,40.410400390625,0.0,13685260
2009-11-13,22.730825424194336,40.27318572998047,0.0,40.555240631103516,39.52611541748047,39.86915588378906,0.0,12834170
2009-11-16,23.165388107299805,41.043121337890625,0.0,41.26419448852539,40.47138595581055,40.50188064575195,0.0,12420431
2009-11-17,23.10085105895996,40.928775787353516,0.0,41.09648513793945,40.48663330078125,40.814430236816406,0.0,11048691
2009-11-18,23.05352783203125,40.84492111206055,0.0,41.13460159301758,40.456138610839844,40.982139587402344,0.0,11109820
2009-11-19,22.61465835571289,40.06735610961914,0.0,40.62384796142578,39.93776321411133,40.555240631103516,0.0,12715977
2009-11-20,22.408126831054688,39.701446533203125,0.0,40.05973434448242,39.358402252197266,39.85390853881836,0.0,15549052
2009-11-23,22.532907485961914,39.92251968383789,0.0,40.91352844238281,39.75481033325195,40.235069274902344,0.0,14094932
2009-11-24,22.666290283203125,40.158836364746094,0.0,40.25031280517578,39.48037338256836,39.85390853881836,0.0,13855924
2009-11-25,22.760940551757812,40.32654571533203,0.0,40.372283935546875,40.00637435913086,40.1740837097168,0.0,9489496
2009-11-27,22.33928108215332,39.57947540283203,0.0,39.777679443359375,38.72568130493164,38.99249267578125,0.0,6896348
2009-11-30,22.274751663208008,39.46512985229492,0.0,39.8157958984375,39.09921646118164,39.46512985229492,0.0,11052364
2009-12-01,22.485570907592773,39.838661193847656,0.0,40.33416748046875,39.693824768066406,40.33416748046875,0.0,10710774
2009-12-02,22.304853439331055,39.518489837646484,0.0,39.94538879394531,39.327911376953125,39.93776321411133,0.0,8960582
2009-12-03,22.01658821105957,39.00773620605469,0.0,39.60996627807617,38.916259765625,39.487998962402344,0.0,11591904
2009-12-04,21.797151565551758,38.61895751953125,0.0,39.85390853881836,38.496986389160156,39.44988250732422,0.0,13664796
2009-12-07,21.86599349975586,38.740928649902344,0.0,39.144954681396484,38.44362258911133,38.496986389160156,0.0,9278035
2009-12-08,21.48736000061035,38.07008743286133,0.0,38.43600082397461,37.95574188232422,38.420753479003906,0.0,13236102
2009-12-09,21.607833862304688,38.283538818359375,0.0,38.496986389160156,37.97861099243164,38.17681121826172,0.0,12065854
2009-12-10,21.896106719970703,38.794288635253906,0.0,38.86289978027344,38.3064079284668,38.5274772644043,0.0,12061918
2009-12-11,21.909021377563477,38.81715774536133,0.0,39.02298355102539,38.5579719543457,38.878143310546875,0.0,9268853
2009-12-14,21.982160568237305,38.946754455566406,0.0,39.335533142089844,38.7790412902832,39.19831848144531,0.0,13570740
2009-12-15,21.797151565551758,38.61895751953125,0.0,38.96962356567383,38.38264083862305,38.580841064453125,0.0,10321303
2009-12-16,21.883203506469727,38.771419525146484,0.0,39.2745475769043,38.73330307006836,38.840030670166016,0.0,10480423
2009-12-17,21.603527069091797,38.27591323852539,0.0,38.740928649902344,38.23017501831055,38.5274772644043,0.0,11638866
2009-12-18,21.427122116088867,37.96336364746094,0.0,38.64182662963867,37.65843963623047,38.61133575439453,0.0,19531125
2009-12-21,21.771331787109375,38.573219299316406,0.0,38.573219299316406,38.199684143066406,38.26066970825195,0.0,11246771
2009-12-22,21.874601364135742,38.75617218017578,0.0,38.870521545410156,38.5274772644043,38.62657928466797,0.0,9950591
2009-12-23,21.71970558166504,38.48173904418945,0.0,38.80191421508789,38.4055061340332,38.664695739746094,0.0,6576139
2009-12-24,21.887508392333984,38.7790412902832,0.0,38.840030670166016,38.42837905883789,38.48936462402344,0.0,2931197
2009-12-28,22.012285232543945,39.00011444091797,0.0,39.0687255859375,38.75617218017578,38.878143310546875,0.0,5286518
2009-12-29,21.857391357421875,38.72568130493164,0.0,39.167823791503906,38.67231750488281,39.0687255859375,0.0,6151644
2009-12-30,21.939146041870117,38.870521545410156,0.0,38.878143310546875,38.496986389160156,38.542724609375,0.0,5805462
2009-12-31,21.973573684692383,38.9315071105957,0.0,39.167823791503906,38.81715774536133,38.96962356567383,0.0,7838476
2010-01-04,22.62325096130371,40.082603454589844,0.0,40.158836364746094,39.28217315673828,39.46512985229492,0.0,13880848
2010-01-05,22.644773483276367,40.12071990966797,0.0,40.22744369506836,39.8005485534668,40.13596725463867,0.0,10084524
2010-01-06,22.80826759338379,40.410400390625,0.0,40.456138610839844,39.892024993896484,40.151214599609375,0.0,11631913
2010-01-07,22.717920303344727,40.25031280517578,0.0,40.47138595581055,40.0216178894043,40.181705474853516,0.0,7648922
2010-01-08,22.915842056274414,40.60097885131836,0.0,40.61622619628906,39.968257904052734,40.105472564697266,0.0,7284244
2010-01-11,23.049222946166992,40.83729934692383,0.0,40.96689224243164,40.448516845703125,40.814430236816406,0.0,8968059
2010-01-12,22.558717727661133,39.968257904052734,0.0,40.410400390625,39.85390853881836,40.40277862548828,0.0,11301079
2010-01-13,22.70071792602539,40.21982192993164,0.0,40.372283935546875,39.625213623046875,39.8005485534668,0.0,9470737
2010-01-14,22.79535484313965,40.38753128051758,0.0,40.51712417602539,40.0216178894043,40.14358901977539,0.0,8835699
2010-01-15,22.812570571899414,40.41802215576172,0.0,40.448516845703125,39.991127014160156,40.27318572998047,0.0,11596757
2010-01-19,23.109460830688477,40.94402313232422,0.0,41.012630462646484,39.98350143432617,39.98350143432617,0.0,11379262
2010-01-20,22.829790115356445,40.448516845703125,0.0,40.524749755859375,40.02924346923828,40.257938385009766,0.0,12374649
2010-01-21,22.47696876525879,39.82341766357422,0.0,40.608604431152344,39.68619918823242,40.4256477355957,0.0,20681828
2010-01-22,21.771331787109375,38.573219299316406,0.0,39.785301208496094,38.504608154296875,39.64046096801758,0.0,17651460
2010-01-25,21.83587646484375,38.687564849853516,0.0,39.320289611816406,38.61133575439453,38.847652435302734,0.0,11458232
2010-01-26,21.69818878173828,38.44362258911133,0.0,38.89339065551758,38.08533477783203,38.367393493652344,0.0,14525855
2010-01-27,21.431428909301758,37.97098922729492,0.0,38.90863800048828,37.34588623046875,38.44362258911133,0.0,15845255
2010-01-28,20.803247451782227,36.85800552368164,0.0,38.29878234863281,36.415863037109375,38.14632034301758,0.0,17975210
2010-01-29,20.652660369873047,36.59119415283203,0.0,37.25440979003906,36.423484802246094,37.086700439453125,0.0,22175040
2010-02-01,21.113039016723633,37.40687561035156,0.0,37.59745407104492,36.789398193359375,36.93423843383789,0.0,14723936
2010-02-02,21.577716827392578,38.23017501831055,0.0,38.29878234863281,37.353511810302734,37.62794494628906,0.0,16306743
2010-02-03,21.508874893188477,38.10820388793945,0.0,38.504608154296875,37.90237808227539,37.98623275756836,0.0,13534928
2010-02-04,20.72148895263672,36.713165283203125,0.0,37.8109016418457,36.522586822509766,37.803279876708984,0.0,17513722
2010-02-05,20.6440486907959,36.57594680786133,0.0,36.66742706298828,35.54682159423828,36.50733947753906,0.0,20077224
2010-02-08,20.381582260131836,36.11093521118164,0.0,36.78177261352539,36.05757141113281,36.522586822509766,0.0,10417326
2010-02-09,20.86347770690918,36.96472930908203,0.0,38.35976791381836,36.13380432128906,36.553077697753906,0.0,17508081
2010-02-10,20.76451873779297,36.789398193359375,0.0,37.086700439453125,36.4387321472168,36.979976654052734,0.0,11795625
2010-02-11,21.039888381958008,37.277278900146484,0.0,37.4373664855957,36.56070327758789,36.80464172363281,0.0,9869653
2010-02-12,20.940927505493164,37.10194778442383,0.0,37.22391891479492,36.54545593261719,36.86562728881836,0.0,13941059
2010-02-16,21.478763580322266,38.05484390258789,0.0,38.214927673339844,37.41449737548828,37.41449737548828,0.0,14967929
2010-02-17,21.212003707885742,37.58220672607422,0.0,38.3064079284668,37.34588623046875,38.047218322753906,0.0,15882378
2010-02-18,21.242414474487305,37.25440979003906,0.381158,37.47548294067383,36.99522399902344,37.0638313293457,0.0,12565646
2010-02-19,21.25545883178711,37.277278900146484,0.0,37.52122116088867,36.94186019897461,37.12481689453125,0.0,12413609
2010-02-22,21.16852569580078,37.12481689453125,0.0,37.574581146240234,36.99522399902344,37.574581146240234,0.0,10961588
2010-02-23,20.799055099487305,36.47684860229492,0.0,37.086700439453125,36.255775451660156,36.91899108886719,0.0,13906165
2010-02-24,21.01639175415039,36.85800552368164,0.0,36.98759841918945,36.309139251708984,36.48447036743164,0.0,10245744
2010-02-25,20.994661331176758,36.819889068603516,0.0,36.86562728881836,35.9432258605957,36.2862663269043,0.0,11975471
2010-02-26,20.864248275756836,36.59119415283203,0.0,36.99522399902344,36.553077697753906,36.88087463378906,0.0,10411160
2010-03-01,21.25981330871582,37.28490447998047,0.0,37.34588623046875,36.797019958496094,36.873252868652344,0.0,11431603
2010-03-02,21.6075496673584,37.89475631713867,0.0,38.05484390258789,37.50597381591797,37.60507583618164,0.0,13249220
2010-03-03,21.464107513427734,37.643192291259766,0.0,38.100582122802734,37.61269760131836,38.024349212646484,0.0,18194935
2010-03-04,21.44672203063965,37.61269760131836,0.0,37.76516342163086,37.422119140625,37.63556671142578,0.0,13562214
2010-03-05,21.911813735961914,38.42837905883789,0.0,38.504608154296875,37.910003662109375,38.00148010253906,0.0,15240519
2010-03-08,22.050922393798828,38.67231750488281,0.0,38.7790412902832,38.42837905883789,38.542724609375,0.0,8167604
2010-03-09,22.103069305419922,38.763797760009766,0.0,38.946754455566406,38.390262603759766,38.466495513916016,0.0,12696432
2010-03-10,22.3725643157959,39.23643112182617,0.0,39.35078048706055,38.763797760009766,38.7790412902832,0.0,15930521
2010-03-11,22.298677444458008,39.10683822631836,0.0,39.26692581176758,38.840030670166016,39.23643112182617,0.0,10174776
2010-03-12,22.46385383605957,39.39651870727539,0.0,39.46512985229492,39.00773620605469,39.289794921875,0.0,10019591
2010-03-15,22.450807571411133,39.37364959716797,0.0,39.701446533203125,39.00011444091797,39.20594024658203,0.0,12761890
2010-03-16,22.676847457885742,39.77005386352539,0.0,39.86915588378906,39.45750427246094,39.58709716796875,0.0,15411183
2010-03-17,23.02892303466797,40.38753128051758,0.0,40.53999328613281,39.87677764892578,39.93014144897461,0.0,15822692
2010-03-18,22.911563873291016,40.181705474853516,0.0,40.33416748046875,39.77005386352539,40.32654571533203,0.0,11119528
2010-03-19,22.763774871826172,39.92251968383789,0.0,40.38753128051758,39.411766052246094,39.92251968383789,0.0,15383635
2010-03-22,22.64641571044922,39.71669387817383,0.0,39.838661193847656,39.137332916259766,39.213565826416016,0.0,10762720
2010-03-23,22.824626922607422,40.02924346923828,0.0,40.09785079956055,39.4270133972168,39.693824768066406,0.0,11690944
2010-03-24,22.83332633972168,40.044490814208984,0.0,40.35704040527344,39.8005485534668,40.33416748046875,0.0,19336193
2010-03-25,22.39865493774414,39.28217315673828,0.0,40.28080749511719,39.251678466796875,40.25031280517578,0.0,13804108
2010-03-26,22.176963806152344,38.89339065551758,0.0,39.49562072753906,38.61895751953125,39.48037338256836,0.0,19689983
2010-03-29,22.233482360839844,38.99249267578125,0.0,39.289794921875,38.771419525146484,39.19069290161133,0.0,16935353
2010-03-30,22.281280517578125,39.07634735107422,0.0,39.17544937133789,38.81715774536133,38.946754455566406,0.0,12100878
2010-03-31,22.242162704467773,39.00773620605469,0.0,39.20594024658203,38.85527420043945,39.038230895996094,0.0,16079803
2010-04-01,22.611637115478516,39.65570831298828,0.0,39.709068298339844,39.25930404663086,39.335533142089844,0.0,11926673
2010-04-05,23.159324645996094,40.61622619628906,0.0,40.639095306396484,39.65570831298828,39.914894104003906,0.0,12295942
2010-04-06,23.168014526367188,40.631473541259766,0.0,40.73057556152344,40.32654571533203,40.532371520996094,0.0,9739392
2010-04-07,22.998497009277344,40.33416748046875,0.0,40.53999328613281,39.96063232421875,40.53999328613281,0.0,14058202
2010-04-08,23.446203231811523,41.119354248046875,0.0,41.28706359863281,40.036865234375,40.13596725463867,0.0,19218001
2010-04-09,24.04605484008789,42.17135238647461,0.0,42.28569793701172,41.32518005371094,41.33280563354492,0.0,19614161
2010-04-12,24.324228286743164,42.65923309326172,0.0,42.81932067871094,42.125614166259766,42.239959716796875,0.0,18608542
2010-04-13,24.19818687438965,42.43816375732422,0.0,43.284332275390625,42.25520706176758,42.979408264160156,0.0,18785503
2010-04-14,24.72848892211914,43.36819076538086,0.0,43.4139289855957,42.46103286743164,42.62112045288086,0.0,14976455
2010-04-15,24.802391052246094,43.49778366088867,0.0,43.82558059692383,43.19285583496094,43.36819076538086,0.0,14571506
2010-04-16,24.36336326599121,42.72784423828125,0.0,43.50540542602539,42.33906173706055,43.31482696533203,0.0,17390282
2010-04-19,24.619821548461914,43.177608489990234,0.0,43.26908874511719,42.22471237182617,42.323814392089844,0.0,14289995
2010-04-20,24.950172424316406,43.7569694519043,0.0,43.917057037353516,43.40630340576172,43.50540542602539,0.0,12094451
2010-04-21,24.871929168701172,43.619754791259766,0.0,43.93992614746094,43.12424850463867,43.86369323730469,0.0,11909882
2010-04-22,24.767606735229492,43.436798095703125,0.0,43.467288970947266,42.65923309326172,43.253841400146484,0.0,12419644
2010-04-23,25.250093460083008,44.2829704284668,0.0,44.31346130371094,43.13187026977539,43.37581253051758,0.0,15646125
2010-04-26,25.341384887695312,44.44305419921875,0.0,44.57264709472656,44.26009750366211,44.33633041381836,0.0,14325676
2010-04-27,25.011028289794922,43.86369323730469,0.0,44.587894439697266,41.36329650878906,43.83320236206055,0.0,23420585
2010-04-28,25.450037002563477,44.63363265991211,0.0,44.824214935302734,43.772216796875,43.90180969238281,0.0,22939289
2010-04-29,25.689111709594727,45.05290985107422,0.0,45.85334014892578,44.97667694091797,44.97667694091797,0.0,17990426
2010-04-30,25.728235244750977,45.121517181396484,0.0,45.31971740722656,44.06951904296875,45.197750091552734,0.0,19471963
2010-05-03,25.94992446899414,45.51029968261719,0.0,46.14302062988281,45.29684829711914,45.37308120727539,0.0,16303463
2010-05-04,25.215330123901367,44.22198486328125,0.0,45.06053161621094,43.627376556396484,45.0300407409668,0.0,19230331
2010-05-05,24.671974182128906,43.26908874511719,0.0,43.52827453613281,42.583003997802734,43.2614631652832,0.0,19376596
2010-05-06,23.946075439453125,41.99601745605469,0.0,43.32244873046875,39.64046096801758,42.89555358886719,0.0,26741384
2010-05-07,23.767858505249023,41.683467864990234,0.0,42.476280212402344,41.005008697509766,41.59199142456055,0.0,26658348
2010-05-10,24.632863998413086,43.200477600097656,0.0,43.45204544067383,42.6363639831543,42.97178268432617,0.0,19664009
2010-05-11,24.898021697998047,43.66549301147461,0.0,44.52690887451172,42.689727783203125,42.74308776855469,0.0,17015372
2010-05-12,25.071882247924805,43.970420837402344,0.0,44.183868408203125,43.45966720581055,43.60450744628906,0.0,12655110
2010-05-13,24.75021743774414,43.40630340576172,0.0,44.04664993286133,43.29195785522461,43.772216796875,0.0,14040099
2010-05-14,24.272090911865234,42.56775665283203,0.0,43.10900115966797,42.11036682128906,43.03276824951172,0.0,16283918
2010-05-17,23.989543914794922,42.07225036621094,0.0,42.83456802368164,41.36329650878906,42.75833511352539,0.0,16532240
2010-05-18,23.763511657714844,41.675846099853516,0.0,42.765960693359375,41.58436965942383,42.57537841796875,0.0,17019045
2010-05-19,23.43316650390625,41.09648513793945,0.0,41.7673225402832,40.669586181640625,41.386165618896484,0.0,18077661
2010-05-20,22.366025924682617,38.82478332519531,0.419274,39.95301055908203,38.70281219482422,39.73956298828125,0.0,31755049
2010-05-21,22.603168487548828,39.23643112182617,0.0,39.26692581176758,37.917625427246094,38.06246566772461,0.0,23895585
2010-05-24,22.00593376159668,38.199684143066406,0.0,39.26692581176758,38.14632034301758,39.1525764465332,0.0,17296227
2010-05-25,21.9224796295166,38.05484390258789,0.0,38.11582946777344,36.979976654052734,37.376380920410156,0.0,22400012
2010-05-26,21.768787384033203,37.78803253173828,0.0,38.64182662963867,37.65843963623047,38.3064079284668,0.0,17380444
2010-05-27,22.928146362304688,39.8005485534668,0.0,39.8157958984375,38.35214614868164,38.80191421508789,0.0,20260874
2010-05-28,22.774444580078125,39.53373718261719,0.0,40.082603454589844,39.320289611816406,39.991127014160156,0.0,15567680
2010-06-01,22.102537155151367,38.367393493652344,0.0,39.79292297363281,38.314029693603516,39.46512985229492,0.0,17827502
2010-06-02,23.051105499267578,40.01399612426758,0.0,40.01399612426758,38.70281219482422,39.061100006103516,0.0,18858570
2010-06-03,22.827129364013672,39.625213623046875,0.0,40.25031280517578,39.2745475769043,40.212196350097656,0.0,18174733
2010-06-04,21.983964920043945,38.16156768798828,0.0,39.144954681396484,37.87188720703125,38.83240509033203,0.0,18797047
2010-06-07,21.777568817138672,37.803279876708984,0.0,38.51985549926758,37.77278518676758,38.35976791381836,0.0,15674722
2010-06-08,22.326505661010742,38.75617218017578,0.0,38.878143310546875,37.749916076660156,37.77278518676758,0.0,19331602
2010-06-09,22.273799896240234,38.664695739746094,0.0,39.57185363769531,38.55034637451172,39.12208557128906,0.0,17130810
2010-06-10,23.437545776367188,40.68483352661133,0.0,40.852542877197266,39.45750427246094,39.693824768066406,0.0,18956298
2010-06-11,23.49465560913086,40.783935546875,0.0,40.783935546875,40.074981689453125,40.30367660522461,0.0,8953105
2010-06-14,23.187231063842773,40.25031280517578,0.0,41.683467864990234,40.181705474853516,41.279441833496094,0.0,16447891
2010-06-15,23.845970153808594,41.3937873840332,0.0,41.43952941894531,40.57810974121094,40.68483352661133,0.0,16419950
2010-06-16,23.920625686645508,41.52338409423828,0.0,41.531005859375,40.905906677246094,41.088863372802734,0.0,10568051
2010-06-17,24.23243522644043,42.06462860107422,0.0,42.1408576965332,41.309932708740234,41.74445343017578,0.0,13706642
2010-06-18,24.596923828125,42.697349548339844,0.0,42.697349548339844,42.01126480102539,42.2933235168457,0.0,14205516
2010-06-21,24.504690170288086,42.53726577758789,0.0,43.4139289855957,42.2933235168457,43.29195785522461,0.0,10946502
2010-06-22,23.916231155395508,41.5157585144043,0.0,42.83456802368164,41.355674743652344,42.46103286743164,0.0,14831896
2010-06-23,23.499038696289062,40.79155731201172,0.0,41.645355224609375,40.639095306396484,41.500511169433594,0.0,14243295
2010-06-24,23.059885025024414,40.02924346923828,0.0,40.70008087158203,39.625213623046875,40.60097885131836,0.0,19443497
2010-06-25,22.80078125,39.57947540283203,0.0,40.14358901977539,39.404144287109375,40.14358901977539,0.0,29803367
2010-06-28,22.480205535888672,39.02298355102539,0.0,39.64046096801758,39.00011444091797,39.57947540283203,0.0,13479702
2010-06-29,21.887357711791992,37.993858337402344,0.0,38.61895751953125,37.78803253173828,38.44362258911133,0.0,18225762
2010-06-30,21.5579891204834,37.422119140625,0.0,38.33689880371094,37.33064270019531,37.90237808227539,0.0,19329634
2010-07-01,21.461374282836914,37.25440979003906,0.0,37.78803253173828,36.636932373046875,37.536468505859375,0.0,18899366
2010-07-02,21.439414978027344,37.21629333496094,0.0,37.62794494628906,36.903743743896484,37.48310470581055,0.0,9494219
2010-07-06,21.606298446655273,37.50597381591797,0.0,38.3064079284668,37.056209564208984,38.09295654296875,0.0,20722494
2010-07-07,22.46703338623047,39.00011444091797,0.0,39.07634735107422,37.5593376159668,37.5593376159668,0.0,15830694
2010-07-08,22.6382999420166,39.297420501708984,0.0,39.77005386352539,38.847652435302734,39.76243209838867,0.0,11443934
2010-07-09,22.967660903930664,39.86915588378906,0.0,39.998748779296875,39.18307113647461,39.37364959716797,0.0,11313279
2010-07-12,22.87983512878418,39.71669387817383,0.0,40.12834548950195,39.47275161743164,39.670955657958984,0.0,12374912
2010-07-13,23.37167739868164,40.57048797607422,0.0,40.89828109741211,40.16645812988281,40.31892395019531,0.0,11283239
2010-07-14,23.187231063842773,40.25031280517578,0.0,40.75344467163086,39.998748779296875,40.47138595581055,0.0,10444873
2010-07-15,23.213594436645508,40.29605484008789,0.0,40.4256477355957,39.68619918823242,40.20457458496094,0.0,9567548
2010-07-16,22.770057678222656,39.52611541748047,0.0,40.25031280517578,39.335533142089844,40.09785079956055,0.0,11406416
2010-07-19,22.765655517578125,39.518489837646484,0.0,39.85390853881836,39.251678466796875,39.79292297363281,0.0,9327096
2010-07-20,23.125762939453125,40.14358901977539,0.0,40.29605484008789,38.72568130493164,38.878143310546875,0.0,12506747
2010-07-21,22.888612747192383,39.731937408447266,0.0,40.50188064575195,39.37364959716797,40.46376419067383,0.0,11407466
2010-07-22,23.39365005493164,40.608604431152344,0.0,41.08123779296875,40.074981689453125,40.24269104003906,0.0,11721771
2010-07-23,23.62200355529785,41.005008697509766,0.0,41.05836868286133,40.21982192993164,40.57810974121094,0.0,10457860
2010-07-26,23.903051376342773,41.492889404296875,0.0,41.70634078979492,40.98976135253906,41.157470703125,0.0,8437964
2010-07-27,23.907451629638672,41.500511169433594,0.0,41.8892936706543,41.25657272338867,41.72158432006836,0.0,10823063
2010-07-28,23.907451629638672,41.500511169433594,0.0,42.079872131347656,41.0202522277832,41.942657470703125,0.0,14859444
2010-07-29,24.204687118530273,41.59199142456055,0.419274,42.346683502197266,41.25657272338867,41.683467864990234,0.0,14933298
2010-07-30,24.497495651245117,42.09511947631836,0.0,42.5143928527832,41.08123779296875,41.24132537841797,0.0,15913205
2010-08-02,25.522281646728516,43.85607147216797,0.0,43.98566436767578,42.62874221801758,42.689727783203125,0.0,17988065
2010-08-03,25.53558921813965,43.87894058227539,0.0,44.1305046081543,43.29957962036133,43.352943420410156,0.0,12997881
2010-08-04,25.473480224609375,43.772216796875,0.0,44.23722839355469,43.49016189575195,43.87131881713867,0.0,13312842
2010-08-05,25.597700119018555,43.98566436767578,0.0,44.077144622802734,43.360565185546875,43.45204544067383,0.0,11103655
2010-08-06,25.25609588623047,43.398681640625,0.0,43.86369323730469,42.872684478759766,43.48253631591797,0.0,12876934
2010-08-09,25.42469024658203,43.68836212158203,0.0,43.88656234741211,43.520652770996094,43.64262390136719,0.0,8365160
2010-08-10,25.22948455810547,43.352943420410156,0.0,43.66549301147461,42.93367004394531,43.08613204956055,0.0,12286628
2010-08-11,24.626140594482422,42.316192626953125,0.0,42.689727783203125,42.079872131347656,42.65923309326172,0.0,13870616
2010-08-12,24.555160522460938,42.19422149658203,0.0,42.4152946472168,41.62248229980469,41.88167190551758,0.0,10271324
2010-08-13,24.40876007080078,41.942657470703125,0.0,42.2628288269043,41.80543899536133,41.82068634033203,0.0,8487157
2010-08-16,24.368831634521484,41.87405014038086,0.0,41.904541015625,41.3937873840332,41.77494812011719,0.0,9422070
2010-08-17,24.785839080810547,42.59062576293945,0.0,42.880306243896484,41.87405014038086,42.21709060668945,0.0,11578130
2010-08-18,24.586214065551758,42.24758529663086,0.0,42.6363639831543,41.866424560546875,42.583003997802734,0.0,7930301
2010-08-19,24.271240234375,41.70634078979492,0.0,42.125614166259766,41.409034729003906,42.01126480102539,0.0,9833710
2010-08-20,23.907447814941406,41.08123779296875,0.0,41.52338409423828,40.62384796142578,41.386165618896484,0.0,12857782
2010-08-23,23.82759666442871,40.94402313232422,0.0,41.599613189697266,40.852542877197266,41.24132537841797,0.0,14878727
2010-08-24,23.703378677368164,40.73057556152344,0.0,41.1422233581543,40.40277862548828,40.47138595581055,0.0,14798052
2010-08-25,23.716690063476562,40.75344467163086,0.0,40.928775787353516,39.892024993896484,40.40277862548828,0.0,10557163
2010-08-26,23.250864028930664,39.95301055908203,0.0,41.043121337890625,39.71669387817383,40.97451400756836,0.0,12361925
2010-08-27,23.698945999145508,40.72294998168945,0.0,41.08123779296875,39.71669387817383,40.372283935546875,0.0,14199219
2010-08-30,23.36621856689453,40.151214599609375,0.0,40.814430236816406,40.13596725463867,40.5476188659668,0.0,8570849
2010-08-31,23.259748458862305,39.968257904052734,0.0,40.257938385009766,39.64046096801758,39.838661193847656,0.0,11265268
2010-09-01,23.982872009277344,41.21083450317383,0.0,41.32518005371094,40.62384796142578,41.05074691772461,0.0,11545597
2010-09-02,24.147005081176758,41.492889404296875,0.0,41.53862762451172,40.98976135253906,41.23370361328125,0.0,6664423
2010-09-03,24.422061920166016,41.96552658081055,0.0,42.102745056152344,41.652976989746094,41.6682243347168,0.0,8186494
2010-09-07,23.8054141998291,40.905906677246094,0.0,41.759700775146484,40.852542877197266,41.645355224609375,0.0,11082404
2010-09-08,24.098215103149414,41.409034729003906,0.0,41.77494812011719,41.02787780761719,41.02787780761719,0.0,7869303
2010-09-09,24.280105590820312,41.72158432006836,0.0,42.232337951660156,41.69871520996094,41.91216278076172,0.0,7592384
2010-09-10,24.288972854614258,41.73683166503906,0.0,42.156105041503906,41.683467864990234,42.09511947631836,0.0,7317039
2010-09-13,24.568462371826172,42.21709060668945,0.0,42.43816375732422,41.91216278076172,42.133235931396484,0.0,9470344
2010-09-14,24.56402587890625,42.209468841552734,0.0,42.476280212402344,41.835933685302734,42.0417594909668,0.0,7607076
2010-09-15,24.648319244384766,42.35430908203125,0.0,42.40766906738281,41.72158432006836,41.98077392578125,0.0,8696256
2010-09-16,24.559595108032227,42.20184326171875,0.0,42.59062576293945,41.99601745605469,42.2628288269043,0.0,9146069
2010-09-17,24.519672393798828,42.133235931396484,0.0,42.499149322509766,41.98077392578125,42.2933235168457,0.0,11456002
2010-09-20,25.21173667907715,43.32244873046875,0.0,43.58163833618164,42.17135238647461,42.346683502197266,0.0,10200618
2010-09-21,25.074203491210938,43.08613204956055,0.0,43.48253631591797,42.91842269897461,43.39105987548828,0.0,11109820
2010-09-22,24.87013816833496,42.73546600341797,0.0,43.436798095703125,42.67448043823242,43.1623649597168,0.0,7976083
2010-09-23,24.497495651245117,42.09511947631836,0.0,42.67448043823242,41.92741012573242,42.316192626953125,0.0,9025647
2010-09-24,25.00322914123535,42.96416091918945,0.0,43.12424850463867,42.19422149658203,42.392425537109375,0.0,10187762
2010-09-27,24.9588680267334,42.88793182373047,0.0,43.29195785522461,42.697349548339844,43.08613204956055,0.0,7671878
2010-09-28,25.32709503173828,43.520652770996094,0.0,43.741722106933594,42.75833511352539,43.070884704589844,0.0,12702335
2010-09-29,25.446861267089844,43.726478576660156,0.0,43.98566436767578,43.18523406982422,43.47491455078125,0.0,11712195
2010-09-30,25.47791862487793,43.77983856201172,0.0,44.20673751831055,43.360565185546875,44.1305046081543,0.0,12823675
2010-10-01,25.66868019104004,44.107635498046875,0.0,44.2829704284668,43.71123123168945,44.191490173339844,0.0,15865325
2010-10-04,25.40250015258789,43.650245666503906,0.0,44.077144622802734,43.29957962036133,43.88656234741211,0.0,10609503
2010-10-05,26.081262588500977,44.81658935546875,0.0,44.86995315551758,43.96279525756836,44.0085334777832,0.0,16587204
2010-10-06,26.484970092773438,45.51029968261719,0.0,45.51029968261719,44.824214935302734,44.83945846557617,0.0,14564028
2010-10-07,26.489408493041992,45.517921447753906,0.0,45.73899459838867,45.09102249145508,45.73136901855469,0.0,11241393
2010-10-08,26.445037841796875,45.441688537597656,0.0,45.69325256347656,45.24348831176758,45.54841232299805,0.0,11496930
2010-10-11,26.524892807006836,45.57890701293945,0.0,45.73136901855469,45.37308120727539,45.5026741027832,0.0,7791120
2010-10-12,26.445037841796875,45.441688537597656,0.0,45.601776123046875,44.892822265625,45.388328552246094,0.0,11014322
2010-10-13,26.675735473632812,45.838096618652344,0.0,46.11252975463867,45.63227081298828,45.69325256347656,0.0,13165790
2010-10-14,26.760019302368164,45.98293685913086,0.0,46.242122650146484,45.70087814331055,45.944820404052734,0.0,10341373
2010-10-15,26.964094161987305,46.33359909057617,0.0,46.4022102355957,45.73899459838867,46.25736999511719,0.0,11257266
2010-10-18,27.177043914794922,46.69951248168945,0.0,46.84435272216797,46.15064239501953,46.318355560302734,0.0,16892851
2010-10-19,26.618064880371094,45.73899459838867,0.0,46.356468200683594,45.388328552246094,46.04391860961914,0.0,13672404
2010-10-20,27.181461334228516,46.70713424682617,0.0,47.02730941772461,45.66276168823242,45.8762092590332,0.0,12799670
2010-10-21,27.11492919921875,46.59278869628906,0.0,47.1492805480957,46.211631774902344,46.7757453918457,0.0,22305694
2010-10-22,27.358928680419922,47.012062072753906,0.0,47.172149658203125,46.66902160644531,46.85960006713867,0.0,24173160
2010-10-25,27.212528228759766,46.760498046875,0.0,47.7438850402832,46.714759826660156,47.34748077392578,0.0,22682834
2010-10-26,27.225839614868164,46.78336715698242,0.0,46.97394561767578,46.31072998046875,46.4022102355957,0.0,14269662
2010-10-27,26.894575119018555,45.79998016357422,0.419274,46.10490417480469,45.39595031738281,45.51029968261719,0.0,15251932
2010-10-28,26.67075538635254,45.418819427490234,0.0,46.082035064697266,45.144386291503906,46.0286750793457,0.0,13447694
2010-10-29,26.585702896118164,45.27397918701172,0.0,45.380706787109375,44.824214935302734,45.266357421875,0.0,11147862
2010-11-01,26.38874053955078,44.938560485839844,0.0,45.83047103881836,44.664127349853516,45.708499908447266,0.0,12258293
2010-11-02,26.563316345214844,45.23586654663086,0.0,45.58652877807617,44.824214935302734,45.20537185668945,0.0,13768952
2010-11-03,26.59465980529785,45.28922653198242,0.0,45.31971740722656,44.49641799926758,45.27397918701172,0.0,13562214
2010-11-04,27.418315887451172,46.691890716552734,0.0,46.85197448730469,45.594154357910156,45.79998016357422,0.0,15869916
2010-11-05,27.669008255004883,47.1187858581543,0.0,47.179771423339844,46.67664337158203,46.78336715698242,0.0,11759157
2010-11-08,27.937597274780273,47.576175689697266,0.0,47.62191390991211,46.76811981201172,46.882469177246094,0.0,11610531
2010-11-09,27.767480850219727,47.286495208740234,0.0,47.98782730102539,47.05017852783203,47.835365295410156,0.0,13672798
2010-11-10,28.295713424682617,48.186031341552734,0.0,48.23176956176758,47.00444030761719,47.24837875366211,0.0,13714250
2010-11-11,28.152454376220703,47.94208908081055,0.0,48.132667541503906,47.71339416503906,47.949710845947266,0.0,10132011
2010-11-12,27.94207000732422,47.58380126953125,0.0,47.736263275146484,47.08066940307617,47.477073669433594,0.0,11394479
2010-11-15,27.78539276123047,47.31698989868164,0.0,47.682899475097656,47.278873443603516,47.59904479980469,0.0,10426508
2010-11-16,27.27954864501953,46.455570220947266,0.0,46.722381591796875,46.12015151977539,46.722381591796875,0.0,14302064
2010-11-17,27.221351623535156,46.356468200683594,0.0,46.836727142333984,46.234500885009766,46.46319580078125,0.0,9155252
2010-11-18,27.64215850830078,47.07304763793945,0.0,47.41608810424805,46.89009094238281,47.00444030761719,0.0,8439014
2010-11-19,27.71824073791504,47.202640533447266,0.0,47.21788787841797,46.58516311645508,47.02730941772461,0.0,10254008
2010-11-22,27.525754928588867,46.87484359741211,0.0,47.07304763793945,46.14302062988281,47.07304763793945,0.0,8689959
2010-11-23,27.0915470123291,46.135398864746094,0.0,46.31072998046875,45.784732818603516,46.28786087036133,0.0,8995607
2010-11-24,27.50785255432129,46.84435272216797,0.0,46.86722183227539,46.272613525390625,46.33359909057617,0.0,7808436
2010-11-26,27.221351623535156,46.356468200683594,0.0,46.78336715698242,46.234500885009766,46.47843933105469,0.0,3374189
2010-11-29,27.16316032409668,46.25736999511719,0.0,46.425079345703125,45.411197662353516,46.07441329956055,0.0,8501586
2010-11-30,26.93486213684082,45.868587493896484,0.0,46.44032669067383,45.75423812866211,45.82284927368164,0.0,11452198
2010-12-01,27.955495834350586,47.60667037963867,0.0,47.629539489746094,46.65377426147461,46.806236267089844,0.0,13985004
2010-12-02,28.515058517456055,48.559566497802734,0.0,48.696781158447266,47.4923210144043,47.56092834472656,0.0,11490896
2010-12-03,28.613534927368164,48.72727584838867,0.0,48.83399963378906,48.429969787597656,48.52907180786133,0.0,13534928
2010-12-06,28.729917526245117,48.92547607421875,0.0,49.123680114746094,48.597679138183594,48.696781158447266,0.0,7505150
2010-12-07,28.814979553222656,49.070316314697266,0.0,49.550575256347656,49.03219985961914,49.35237503051758,0.0,10400797
2010-12-08,28.92241859436035,49.253273010253906,0.0,49.48958969116211,48.81875228881836,49.16941833496094,0.0,9009381
2010-12-09,28.949283599853516,49.29901123046875,0.0,49.520084381103516,48.971214294433594,49.51245880126953,0.0,8205122
2010-12-10,28.908985137939453,49.230403900146484,0.0,49.497215270996094,49.070316314697266,49.38286590576172,0.0,8456985
2010-12-13,29.307392120361328,49.90886688232422,0.0,50.572078704833984,49.39811325073242,49.45909881591797,0.0,12729751
2010-12-14,29.387962341308594,50.04608154296875,0.0,50.31289291381836,49.5963134765625,49.87837219238281,0.0,10241808
2010-12-15,29.15071678161621,49.64205551147461,0.0,50.02321243286133,49.5963134765625,49.87837219238281,0.0,10032578
2010-12-16,29.39691734313965,50.06132888793945,0.0,50.09944534301758,49.420982360839844,49.794517517089844,0.0,8660969
2010-12-17,29.123842239379883,49.5963134765625,0.0,50.22903823852539,49.29138946533203,50.06132888793945,0.0,14959271
2010-12-20,29.5401668548584,50.30527114868164,0.0,50.43486404418945,49.77164840698242,49.83263397216797,0.0,11691862
2010-12-21,29.826644897460938,50.79315185546875,0.0,50.99897766113281,50.450111389160156,50.57970428466797,0.0,7936729
2010-12-22,30.005720138549805,51.098079681396484,0.0,51.197181701660156,50.79315185546875,50.96086120605469,0.0,7806599
2010-12-23,30.02811050415039,51.13619613647461,0.0,51.15906524658203,50.838890075683594,50.95323944091797,0.0,5875905
2010-12-27,30.059429168701172,51.18955612182617,0.0,51.311527252197266,50.80077362060547,50.96086120605469,0.0,5756532
2010-12-28,30.238502502441406,51.494483947753906,0.0,51.608829498291016,50.96848678588867,51.29627990722656,0.0,6367171
2010-12-29,30.40860366821289,51.78416442871094,0.0,52.066219329833984,51.418251037597656,51.494483947753906,0.0,5502963
2010-12-30,30.439939498901367,51.8375244140625,0.0,52.07384490966797,51.62407684326172,51.8375244140625,0.0,5222634
2010-12-31,30.48470115661621,51.91375732421875,0.0,52.27967071533203,51.70793151855469,51.78416442871094,0.0,6363892
2011-01-03,30.54737091064453,52.02048110961914,0.0,52.45500183105469,51.8375244140625,52.42451095581055,0.0,9714599
2011-01-04,30.386219024658203,51.74604797363281,0.0,52.30253982543945,51.15143966674805,52.30253982543945,0.0,12524193
2011-01-05,30.238502502441406,51.494483947753906,0.0,51.66981506347656,51.27341079711914,51.56309127807617,0.0,12431712
2011-01-06,29.978872299194336,51.05234146118164,0.0,51.685062408447266,50.8541374206543,51.608829498291016,0.0,10508889
2011-01-07,30.04153823852539,51.15906524658203,0.0,51.4792366027832,50.77790451049805,51.16668701171875,0.0,7742453
2011-01-10,29.938566207885742,50.98373031616211,0.0,51.15143966674805,50.69404983520508,50.869384765625,0.0,6269180
2011-01-11,30.516036987304688,51.96712112426758,0.0,52.02048110961914,51.38013458251953,51.50973129272461,0.0,9711320
2011-01-12,30.748815536499023,52.363525390625,0.0,52.592220306396484,52.058597564697266,52.31778335571289,0.0,6918517
2011-01-13,30.10866928100586,51.27341079711914,0.0,52.363525390625,51.03709411621094,52.11958312988281,0.0,14240410
2011-01-14,30.314584732055664,51.62407684326172,0.0,51.70793151855469,50.907501220703125,51.288658142089844,0.0,9679443
2011-01-18,30.48021697998047,51.90613555908203,0.0,52.09671401977539,51.54022216796875,51.77654266357422,0.0,7984216
2011-01-19,30.336978912353516,51.662193298339844,0.0,52.058597564697266,51.26578903198242,52.05097579956055,0.0,7305758
2011-01-20,30.086299896240234,51.235294342041016,0.0,51.51735305786133,50.70929718017578,51.45636749267578,0.0,11582721
2011-01-21,30.28773307800293,51.578338623046875,0.0,51.81465530395508,51.0904541015625,51.74604797363281,0.0,12130000
2011-01-24,30.48470115661621,51.91375732421875,0.0,52.028106689453125,51.31915283203125,51.654571533203125,0.0,12675836
2011-01-25,30.20716094970703,51.44112014770508,0.0,51.91375732421875,50.823646545410156,51.81465530395508,0.0,11129497
2011-01-26,30.999483108520508,52.79042053222656,0.0,53.21731948852539,51.51735305786133,51.868019104003906,0.0,14982490
2011-01-27,31.06217384338379,52.89714431762695,0.0,53.14870834350586,52.46262741088867,52.912391662597656,0.0,13330551
2011-01-28,31.585914611816406,53.78905487060547,0.0,54.5894889831543,53.102970123291016,53.14870834350586,0.0,23741449
2011-01-31,31.988794326782227,54.47513961791992,0.0,54.68859100341797,53.743316650390625,54.34554672241211,0.0,20863773
2011-02-01,32.10070037841797,54.66572189331055,0.0,54.89441680908203,54.52088165283203,54.597110748291016,0.0,15245635
2011-02-02,32.279754638671875,54.970645904541016,0.0,55.38229751586914,54.42940139770508,54.61235809326172,0.0,9492251
2011-02-03,32.243953704833984,54.90966033935547,0.0,54.98589324951172,54.223575592041016,54.98589324951172,0.0,13144408
2011-02-04,32.082794189453125,54.63522720336914,0.0,55.077369689941406,54.34554672241211,54.90203857421875,0.0,13540963
2011-02-07,32.360328674316406,55.10786437988281,0.0,55.30606460571289,54.66572189331055,54.66572189331055,0.0,12774745
2011-02-08,32.23051834106445,54.88679122924805,0.0,55.14598083496094,54.61235809326172,55.077369689941406,0.0,6220382
2011-02-09,31.63066864013672,53.86528778076172,0.0,54.69621276855469,53.64421463012695,54.673343658447266,0.0,11847834
2011-02-10,31.371049880981445,53.42314529418945,0.0,53.7052001953125,53.20969772338867,53.438392639160156,0.0,14924771
2011-02-11,32.04249954223633,54.566619873046875,0.0,55.22220993041992,53.17158126831055,53.263057708740234,0.0,15899432
2011-02-14,33.02285385131836,56.23609161376953,0.0,56.365684509277344,54.833431243896484,54.856300354003906,0.0,10643872
2011-02-15,32.90199279785156,56.03026580810547,0.0,56.365684509277344,55.7100944519043,56.15986251831055,0.0,9083890
2011-02-16,33.55106735229492,57.13562774658203,0.0,57.19660949707031,56.38855743408203,56.472412109375,0.0,10405257
2011-02-17,34.1065673828125,57.57014465332031,0.503129,57.928436279296875,56.63249588012695,56.807830810546875,0.0,11677695
2011-02-18,34.603363037109375,58.408695220947266,0.0,58.48492431640625,57.33382797241211,57.89794158935547,0.0,11202039
2011-02-22,34.59884262084961,58.40107345581055,0.0,60.02480697631836,57.775970458984375,59.163387298583984,0.0,15975647
2011-02-23,35.48402404785156,59.89521026611328,0.0,60.680397033691406,58.599273681640625,58.65263748168945,0.0,18591620
2011-02-24,34.901424407958984,58.91182327270508,0.0,60.40596389770508,58.3248405456543,60.15439987182617,0.0,17269860
2011-02-25,34.901424407958984,58.91182327270508,0.0,59.22437286376953,58.53066635131836,58.9346923828125,0.0,10528172
2011-02-28,35.16788101196289,59.36159133911133,0.0,59.719879150390625,58.77460861206055,58.91182327270508,0.0,10513218
2011-03-01,35.14982223510742,59.33109664916992,0.0,60.29924011230469,59.12527084350586,59.68938446044922,0.0,13527845
2011-03-02,35.33950424194336,59.65127182006836,0.0,60.14677429199219,59.01854705810547,59.11764907836914,0.0,11534841
2011-03-03,35.926631927490234,60.64228057861328,0.0,60.840484619140625,59.76561737060547,59.84185028076172,0.0,11486960
2011-03-04,36.12079620361328,60.97007751464844,0.0,61.6866569519043,60.4135856628418,60.70326614379883,0.0,12042241
2011-03-07,35.7685432434082,60.37546920776367,0.0,61.747642517089844,60.306861877441406,61.45796203613281,0.0,10345309
2011-03-08,35.371116638183594,59.70463180541992,0.0,60.15439987182617,58.812721252441406,60.101036071777344,0.0,11719803
2011-03-09,35.24464797973633,59.49118423461914,0.0,60.13153076171875,59.270111083984375,59.59790802001953,0.0,8332496
2011-03-10,33.95302200317383,57.31095886230469,0.0,58.79747772216797,56.945045471191406,58.69075012207031,0.0,15892348
2011-03-11,34.4588508605957,58.16475296020508,0.0,58.64501190185547,56.03789138793945,56.22084426879883,0.0,9552724
2011-03-14,34.25109100341797,57.8140869140625,0.0,57.99704360961914,57.2042350769043,57.554901123046875,0.0,14889746
2011-03-15,33.862693786621094,57.15849685668945,0.0,57.593017578125,54.223575592041016,55.25270462036133,0.0,16720613
2011-03-16,33.30269241333008,56.21322250366211,0.0,57.51678466796875,55.56525421142578,57.24997329711914,0.0,16059339
2011-03-17,34.64850997924805,58.48492431640625,0.0,58.92707061767578,56.82307434082031,57.219482421875,0.0,13845298
2011-03-18,34.029788970947266,57.4405517578125,0.0,59.910457611083984,57.43292999267578,59.36159133911133,0.0,21501697
2011-03-21,35.02335739135742,59.11764907836914,0.0,59.43782043457031,58.44681167602539,58.82034683227539,0.0,16230659
2011-03-22,34.87431716918945,58.866085052490234,0.0,59.33109664916992,58.6983757019043,59.270111083984375,0.0,11117035
2011-03-23,35.4704704284668,59.87234115600586,0.0,60.169647216796875,58.54591369628906,58.599273681640625,0.0,12369927
2011-03-24,35.994354248046875,60.756629943847656,0.0,61.023441314697266,60.101036071777344,60.26874542236328,0.0,12067297
2011-03-25,36.238224029541016,61.16828155517578,0.0,61.51894760131836,60.37546920776367,60.870975494384766,0.0,10062224
2011-03-28,35.93565368652344,60.657527923583984,0.0,61.38172912597656,60.657527923583984,61.00819396972656,0.0,6901332
2011-03-29,35.59241485595703,60.07816696166992,0.0,60.573673248291016,59.68938446044922,60.177268981933594,0.0,11423338
2011-03-30,36.44145584106445,61.511322021484375,0.0,61.595176696777344,60.459327697753906,60.61941146850586,0.0,10166643
2011-03-31,36.066619873046875,60.87860107421875,0.0,62.35749435424805,60.85573196411133,61.61042404174805,0.0,11034524
2011-04-01,35.985313415527344,60.74138259887695,0.0,61.55706024169922,60.50506591796875,61.35123825073242,0.0,10012770
2011-04-04,35.985313415527344,60.74138259887695,0.0,60.98532485961914,60.33735656738281,60.98532485961914,0.0,8212992
2011-04-05,36.274356842041016,61.22926712036133,0.0,61.44271469116211,60.680397033691406,60.99294662475586,0.0,8572161
2011-04-06,36.32404327392578,61.3131217956543,0.0,61.671409606933594,61.214019775390625,61.61042404174805,0.0,9523734
2011-04-07,36.31049346923828,61.290252685546875,0.0,61.57230758666992,60.82523727416992,61.22926712036133,0.0,8159471
2011-04-08,36.48661422729492,61.587554931640625,0.0,61.884857177734375,61.3131217956543,61.55706024169922,0.0,11362340
2011-04-11,36.184043884277344,61.07680130004883,0.0,62.31937789916992,60.98532485961914,61.5341911315918,0.0,8695075
2011-04-12,34.847232818603516,58.82034683227539,0.0,60.51268768310547,58.21049118041992,60.253501892089844,0.0,16974707
2011-04-13,35.07304382324219,59.20150375366211,0.0,59.49118423461914,58.599273681640625,59.27773666381836,0.0,9284988
2011-04-14,35.35304641723633,59.67414093017578,0.0,59.92570495605469,58.85083770751953,59.00330352783203,0.0,7215769
2011-04-15,35.732418060302734,60.31448745727539,0.0,60.79474639892578,59.75799560546875,60.062923431396484,0.0,9605327
2011-04-18,35.050453186035156,59.163387298583984,0.0,59.47593688964844,58.812721252441406,59.01092529296875,0.0,8883055
2011-04-19,35.294349670410156,59.57503890991211,0.0,59.75037384033203,59.06428527832031,59.06428527832031,0.0,7589367
2011-04-20,36.12531661987305,60.977699279785156,0.0,61.107295989990234,60.4288330078125,60.58892059326172,0.0,8690091
2011-04-21,36.45953369140625,61.54181671142578,0.0,61.671409606933594,61.00819396972656,61.1911506652832,0.0,7415161
2011-04-25,36.34663009643555,61.35123825073242,0.0,61.747642517089844,60.8023681640625,61.74001693725586,0.0,6881656
2011-04-26,36.676307678222656,61.9077262878418,0.0,62.12879943847656,61.290252685546875,61.435089111328125,0.0,7739567
2011-04-27,36.053070068359375,60.85573196411133,0.0,61.73239517211914,59.76561737060547,61.28262710571289,0.0,13406110
2011-04-28,34.97820281982422,59.04141616821289,0.0,60.52031326293945,58.675506591796875,60.26874542236328,0.0,17423733
2011-04-29,35.62854766845703,60.13915252685547,0.0,60.22300720214844,59.01854705810547,59.056663513183594,0.0,12122261
2011-05-02,34.98723602294922,59.056663513183594,0.0,60.207763671875,58.713619232177734,60.123905181884766,0.0,11273532
2011-05-03,33.65946578979492,56.815452575683594,0.0,58.713619232177734,55.954036712646484,58.675506591796875,0.0,23246904
2011-05-04,33.26203918457031,56.144615173339844,0.0,56.922176361083984,55.1993408203125,56.922176361083984,0.0,20650739
2011-05-05,32.50331115722656,54.863922119140625,0.0,55.618614196777344,54.28456115722656,55.527137756347656,0.0,16738847
2011-05-06,32.94139099121094,55.603370666503906,0.0,56.74684524536133,55.267948150634766,55.51189041137695,0.0,15594571
2011-05-09,33.293636322021484,56.197975158691406,0.0,56.49528121948242,55.771080017089844,56.03026580810547,0.0,12537180
2011-05-10,33.69108200073242,56.86881637573242,0.0,57.01365661621094,56.07600784301758,56.327571868896484,0.0,9253636
2011-05-11,32.75170135498047,55.28319549560547,0.0,56.55626678466797,54.90966033935547,56.464786529541016,0.0,13287787
2011-05-12,32.30008316040039,54.52088165283203,0.0,55.19171905517578,53.87290954589844,55.161224365234375,0.0,16397388
2011-05-13,32.259429931640625,54.4522705078125,0.0,54.87916946411133,53.827171325683594,54.650474548339844,0.0,10836181
2011-05-16,32.259429931640625,54.4522705078125,0.0,54.970645904541016,53.91865158081055,54.406532287597656,0.0,10735698
2011-05-17,32.30911636352539,54.53612518310547,0.0,54.77244567871094,53.88815689086914,53.88815689086914,0.0,10869763
2011-05-18,32.88266372680664,55.504268646240234,0.0,55.96928024291992,54.51325607299805,54.749576568603516,0.0,11562126
2011-05-19,33.13333511352539,55.420413970947266,0.503129,55.76345443725586,54.92490768432617,55.41279220581055,0.0,8657427
2011-05-20,33.092315673828125,55.351806640625,0.0,55.74821090698242,54.71908187866211,55.344181060791016,0.0,10245612
2011-05-23,32.50896453857422,54.376041412353516,0.0,54.66572189331055,54.002506256103516,54.53612518310547,0.0,9205231
2011-05-24,32.77329635620117,54.81818389892578,0.0,55.687225341796875,54.749576568603516,54.8410530090332,0.0,9788060
2011-05-25,32.800636291503906,54.863922119140625,0.0,55.22220993041992,54.33792495727539,54.39128494262695,0.0,9986927
2011-05-26,32.96927261352539,55.14598083496094,0.0,55.428035736083984,54.55137252807617,54.833431243896484,0.0,8057283
2011-05-27,33.10599899291992,55.37467575073242,0.0,55.91592025756836,55.077369689941406,55.64148712158203,0.0,5669692
2011-05-31,33.37033462524414,55.81681823730469,0.0,56.49528121948242,55.428035736083984,56.29707717895508,0.0,15173618
2011-06-01,32.96927261352539,55.14598083496094,0.0,56.060760498046875,54.93252944946289,55.78632736206055,0.0,9761037
2011-06-02,32.882667541503906,55.00114059448242,0.0,55.55763244628906,54.4522705078125,55.100242614746094,0.0,8088634
2011-06-03,32.9920539855957,55.18409729003906,0.0,55.64910888671875,53.956764221191406,53.97963333129883,0.0,9610181
2011-06-06,32.32209396362305,54.06349182128906,0.0,55.267948150634766,53.819549560546875,54.81056213378906,0.0,8360175
2011-06-07,32.29930114746094,54.02537536621094,0.0,54.650474548339844,53.91102600097656,54.36079406738281,0.0,14155799
2011-06-08,32.56820297241211,54.47513961791992,0.0,55.100242614746094,54.04824447631836,54.04824447631836,0.0,10532632
2011-06-09,33.0467414855957,55.27557373046875,0.0,55.74058532714844,54.42940139770508,54.84867477416992,0.0,9136100
2011-06-10,32.581871032714844,54.49801254272461,0.0,55.237457275390625,54.42940139770508,55.054500579833984,0.0,9634843
2011-06-13,32.2446174621582,53.933895111083984,0.0,54.9630241394043,53.552738189697266,54.55137252807617,0.0,9257440
2011-06-14,32.75505065917969,54.787689208984375,0.0,55.38991928100586,54.52088165283203,54.52088165283203,0.0,9883558
2011-06-15,32.16258239746094,53.79668045043945,0.0,54.749576568603516,53.42314529418945,54.231201171875,0.0,10119943
2011-06-16,32.641117095947266,54.597110748291016,0.0,55.06974792480469,53.78143310546875,53.88815689086914,0.0,10929056
2011-06-17,32.78242111206055,54.833431243896484,0.0,55.610992431640625,54.36079406738281,55.06212615966797,0.0,12751002
2011-06-20,32.93736267089844,55.09261703491211,0.0,55.48139953613281,54.17783737182617,54.42177963256836,0.0,15493301
2011-06-21,33.60276412963867,56.20560073852539,0.0,56.52577209472656,55.51951599121094,55.64910888671875,0.0,13283852
2011-06-22,33.402252197265625,55.870182037353516,0.0,56.65536880493164,55.85493469238281,55.992149353027344,0.0,9448043
2011-06-23,33.270076751708984,55.64910888671875,0.0,55.67959976196289,54.12447738647461,54.856300354003906,0.0,11831961
2011-06-24,32.554527282714844,54.4522705078125,0.0,55.793949127197266,54.383663177490234,55.46615219116211,0.0,17719673
2011-06-27,32.71403884887695,54.71908187866211,0.0,55.03163146972656,54.330299377441406,54.36841583251953,0.0,10192616
2011-06-28,33.3885612487793,55.84730911254883,0.0,55.93116760253906,55.01638412475586,55.046878814697266,0.0,9009512
2011-06-29,33.73493194580078,56.426673889160156,0.0,56.80020523071289,56.04551315307617,56.175106048583984,0.0,10559786
2011-06-30,34.26816177368164,57.318580627441406,0.0,57.37956619262695,56.66299057006836,56.6782341003418,0.0,9932881
2011-07-01,34.582645416259766,57.844581604003906,0.0,57.936058044433594,56.845947265625,57.37956619262695,0.0,10006735
2011-07-05,34.5689582824707,57.821712493896484,0.0,58.309593200683594,57.5777702331543,57.86745071411133,0.0,10316318
2011-07-06,34.6509895324707,57.958927154541016,0.0,58.05040740966797,57.60826110839844,57.86745071411133,0.0,8072499
2011-07-07,34.979148864746094,58.50779724121094,0.0,58.6983757019043,58.13426208496094,58.5764045715332,0.0,7971098
2011-07-08,34.59630584716797,57.86745071411133,0.0,57.89794158935547,57.257598876953125,57.43292999267578,0.0,10114040
2011-07-11,34.04484939575195,56.945045471191406,0.0,57.22710418701172,56.723976135253906,57.04414749145508,0.0,8613482
2011-07-12,33.88079071044922,56.67061233520508,0.0,57.33382797241211,56.40380096435547,56.60200500488281,0.0,9560202
2011-07-13,33.908119201660156,56.71635055541992,0.0,57.41006088256836,56.40380096435547,56.731597900390625,0.0,9746082
2011-07-14,34.45957946777344,57.638755798339844,0.0,61.08442687988281,57.554901123046875,61.06917953491211,0.0,81425360
2011-07-15,34.82874298095703,58.256229400634766,0.0,58.72124481201172,58.05040740966797,58.40107345581055,0.0,54703259
2011-07-18,34.382110595703125,57.50916290283203,0.0,58.27147674560547,57.33382797241211,58.2028694152832,0.0,29702490
2011-07-19,34.377559661865234,57.50153732299805,0.0,58.225738525390625,56.945045471191406,57.928436279296875,0.0,14289208
2011-07-20,34.231712341308594,57.257598876953125,0.0,57.87507247924805,57.17374038696289,57.775970458984375,0.0,11687271
2011-07-21,34.85702896118164,57.79121780395508,0.503129,57.936058044433594,56.80020523071289,57.03652572631836,0.0,11245722
2011-07-22,34.6041259765625,57.371944427490234,0.0,57.821712493896484,57.23472595214844,57.714988708496094,0.0,10632328
2011-07-25,34.27769088745117,56.8306999206543,0.0,57.371944427490234,56.66299057006836,56.845947265625,0.0,11094604
2011-07-26,33.84547424316406,56.11412048339844,0.0,56.945045471191406,56.01502227783203,56.838321685791016,0.0,12838105
2011-07-27,33.624786376953125,55.74821090698242,0.0,56.78496170043945,55.74058532714844,56.55626678466797,0.0,13279654
2011-07-28,33.45924758911133,55.473777770996094,0.0,56.04551315307617,55.30606460571289,55.725341796875,0.0,10521876
2011-07-29,33.100608825683594,54.87916946411133,0.0,55.420413970947266,54.4675178527832,54.90203857421875,0.0,13237545
2011-08-01,33.100608825683594,54.87916946411133,0.0,55.99977493286133,54.459896087646484,55.99977493286133,0.0,11780539
2011-08-02,32.47529602050781,53.8424186706543,0.0,55.2145881652832,53.819549560546875,54.51325607299805,0.0,12745099
2011-08-03,32.4431037902832,53.78905487060547,0.0,54.32267761230469,52.889522552490234,53.850040435791016,0.0,15890774
2011-08-04,30.76944923400879,51.014225006103516,0.0,52.988624572753906,50.907501220703125,52.912391662597656,0.0,20754895
2011-08-05,31.151094436645508,51.64694595336914,0.0,52.79042053222656,49.741153717041016,51.16668701171875,0.0,24705091
2011-08-08,28.470478057861328,47.202640533447266,0.0,51.43349838256836,47.134033203125,49.68016815185547,0.0,38423933
2011-08-09,29.684335708618164,49.21515655517578,0.0,49.31425857543945,46.04391860961914,47.949710845947266,0.0,29061549
2011-08-10,28.833728790283203,47.80487060546875,0.0,49.68016815185547,47.30174255371094,49.154170989990234,0.0,20229916
2011-08-11,30.12574005126953,49.94697952270508,0.0,50.63306427001953,47.56855392456055,48.056434631347656,0.0,20693241
2011-08-12,30.36943244934082,50.351009368896484,0.0,51.16668701171875,49.794517517089844,50.7321662902832,0.0,14384182
2011-08-15,31.026931762695312,51.44112014770508,0.0,52.028106689453125,50.907501220703125,51.120948791503906,0.0,12985550
2011-08-16,30.594736099243164,50.724544525146484,0.0,51.120948791503906,50.122314453125,50.94561767578125,0.0,12622315
2011-08-17,30.72347640991211,50.937992095947266,0.0,51.54022216796875,50.59495162963867,51.29627990722656,0.0,9653339
2011-08-18,29.330291748046875,48.628173828125,0.0,49.94697952270508,48.09455108642578,49.93173599243164,0.0,21652685
2011-08-19,29.23833656311035,48.475711822509766,0.0,49.50483703613281,48.025943756103516,48.08692932128906,0.0,18009054
2011-08-22,29.118791580200195,48.27750778198242,0.0,50.076576232910156,48.04118728637695,49.84025573730469,0.0,11662216
2011-08-23,30.21308708190918,50.091819763183594,0.0,50.09944534301758,48.399478912353516,48.42234802246094,0.0,15304403
2011-08-24,30.4016170501709,50.40436935424805,0.0,50.47298049926758,49.40573501586914,49.83263397216797,0.0,10054878
2011-08-25,29.78548812866211,49.38286590576172,0.0,50.98373031616211,49.16941833496094,50.77790451049805,0.0,9999258
2011-08-26,30.121145248413086,49.93935775756836,0.0,50.32814025878906,48.407100677490234,49.001708984375,0.0,10132930
2011-08-29,31.164878845214844,51.66981506347656,0.0,51.715553283691406,50.755035400390625,50.831268310546875,0.0,10541290
2011-08-30,31.192466735839844,51.715553283691406,0.0,52.089088439941406,50.4806022644043,50.95323944091797,0.0,14379591
2011-08-31,31.298221588134766,51.89088821411133,0.0,52.409263610839844,51.494483947753906,52.066219329833984,0.0,11838258
2011-09-01,31.252239227294922,51.81465530395508,0.0,52.50074005126953,51.55546951293945,52.34065628051758,0.0,11748007
2011-09-02,30.54874038696289,50.648311614990234,0.0,51.014225006103516,50.1070671081543,50.62544250488281,0.0,11444721
2011-09-06,30.20850372314453,50.084197998046875,0.0,50.18330001831055,48.63579559326172,48.94834518432617,0.0,14460659
2011-09-07,30.948780059814453,51.311527252197266,0.0,51.37251281738281,50.59495162963867,50.81602096557617,0.0,11554517
2011-09-08,30.291276931762695,50.22141647338867,0.0,51.45636749267578,49.84025573730469,51.07521057128906,0.0,13725794
2011-09-09,29.53261375427246,48.963592529296875,0.0,50.122314453125,48.68915939331055,49.520084381103516,0.0,16024970
2011-09-12,29.53720474243164,48.971214294433594,0.0,48.9864616394043,47.98782730102539,48.34611511230469,0.0,15501828
2011-09-13,29.77629852294922,49.367618560791016,0.0,49.7640266418457,48.628173828125,49.13892364501953,0.0,10263190
2011-09-14,30.3326473236084,50.29002380371094,0.0,50.98373031616211,49.03219985961914,49.57344436645508,0.0,13171693
2011-09-15,30.76944923400879,51.014225006103516,0.0,51.1057014465332,50.3586311340332,50.68642807006836,0.0,12154006
2011-09-16,30.9395751953125,51.29627990722656,0.0,51.45636749267578,50.50347137451172,51.37251281738281,0.0,19606815
2011-09-19,30.700489044189453,50.89987564086914,0.0,51.242919921875,49.84788131713867,50.22903823852539,0.0,10983757
2011-09-20,30.81082534790039,51.08283233642578,0.0,52.0052375793457,50.84651565551758,51.14381790161133,0.0,10752488
2011-09-21,29.863662719726562,49.51245880126953,0.0,51.2276725769043,49.51245880126953,50.94561767578125,0.0,12438796
2011-09-22,28.90729522705078,47.926841735839844,0.0,48.26988220214844,47.134033203125,48.01831817626953,0.0,20736399
2011-09-23,28.74176788330078,47.652408599853516,0.0,48.208900451660156,47.11116409301758,47.15690231323242,0.0,12031878
2011-09-26,29.486618041992188,48.887359619140625,0.0,48.94834518432617,47.103538513183594,47.98020553588867,0.0,13408996
2011-09-27,29.54640007019043,48.9864616394043,0.0,50.274776458740234,48.696781158447266,49.87837219238281,0.0,12306436
2011-09-28,29.072797775268555,48.20127487182617,0.0,49.95460510253906,48.056434631347656,48.620548248291016,0.0,12599228
2011-09-29,29.59697723388672,49.070316314697266,0.0,49.29901123046875,48.07930374145508,49.29138946533203,0.0,17746171
2011-09-30,29.11419105529785,48.26988220214844,0.0,49.27614212036133,48.01069641113281,48.01069641113281,0.0,13489278
2011-10-03,28.04288101196289,46.49368667602539,0.0,47.95733642578125,46.46319580078125,47.80487060546875,0.0,15364090
2011-10-04,28.631393432617188,47.469451904296875,0.0,47.53043746948242,44.70986557006836,45.784732818603516,0.0,16659746
2011-10-05,29.394678115844727,48.73489761352539,0.0,48.79588317871094,47.43895721435547,48.1174201965332,0.0,16448810
2011-10-06,29.587778091430664,49.05507278442383,0.0,49.11605453491211,47.96495819091797,48.17840576171875,0.0,12444699
2011-10-07,29.500411987304688,48.91022872924805,0.0,49.6115608215332,48.36898422241211,49.367618560791016,0.0,11888631
2011-10-10,30.783245086669922,51.03709411621094,0.0,51.15143966674805,49.8859977722168,49.95460510253906,0.0,10621047
2011-10-11,30.8154354095459,51.0904541015625,0.0,51.35726547241211,50.52634048461914,50.57970428466797,0.0,11552156
2011-10-12,31.197063446044922,51.72317886352539,0.0,52.23393249511719,51.22005081176758,51.616455078125,0.0,11075058
2011-10-13,31.127408981323242,51.1057014465332,0.503129,51.311527252197266,50.381500244140625,50.47298049926758,0.0,11066400
2011-10-14,32.0328254699707,52.592220306396484,0.0,52.592220306396484,51.70030975341797,51.8375244140625,0.0,9908089
2011-10-17,31.731002807617188,52.09671401977539,0.0,52.7218132019043,51.67744064331055,52.38639450073242,0.0,8503685
2011-10-18,32.134979248046875,52.75992965698242,0.0,53.362159729003906,51.75366973876953,51.91375732421875,0.0,13049828
2011-10-19,32.29747772216797,53.02674102783203,0.0,53.87290954589844,52.64558029174805,52.86665344238281,0.0,11622468
2011-10-20,32.627140045166016,53.56798553466797,0.0,53.83479690551758,52.5998420715332,52.965755462646484,0.0,11259233
2011-10-21,33.35145950317383,54.757198333740234,0.0,54.88679122924805,54.032997131347656,54.13209915161133,0.0,11797986
2011-10-24,33.48612594604492,54.978271484375,0.0,55.1993408203125,54.39128494262695,54.749576568603516,0.0,9556922
2011-10-25,32.8175163269043,53.88053512573242,0.0,55.03163146972656,53.7052001953125,55.03163146972656,0.0,14405302
2011-10-26,33.379329681396484,54.80293655395508,0.0,55.24508285522461,53.484130859375,54.98589324951172,0.0,11942152
2011-10-27,33.82505798339844,55.534759521484375,0.0,56.18273162841797,55.229835510253906,55.82444381713867,0.0,15944033
2011-10-28,33.30967330932617,54.68859100341797,0.0,55.62623977661133,54.51325607299805,55.473777770996094,0.0,19665321
2011-10-31,32.339263916015625,53.0953483581543,0.0,54.04062271118164,53.0953483581543,53.87290954589844,0.0,13541750
2011-11-01,31.5360164642334,51.77654266357422,0.0,52.49311828613281,51.26578903198242,51.768917083740234,0.0,15031682
2011-11-02,32.08389663696289,52.67607498168945,0.0,53.255435943603516,52.29491424560547,52.76755142211914,0.0,10156017
2011-11-03,32.73392868041992,53.743316650390625,0.0,53.94914245605469,52.56172561645508,53.19445037841797,0.0,12149546
2011-11-04,32.83143615722656,53.903404235839844,0.0,54.002506256103516,53.03436279296875,53.232566833496094,0.0,8212599
2011-11-07,33.235374450683594,54.566619873046875,0.0,54.787689208984375,53.69757843017578,53.99488067626953,0.0,7949978
2011-11-08,33.773990631103516,55.450904846191406,0.0,55.62623977661133,54.26169204711914,54.863922119140625,0.0,10131093
2011-11-09,32.60392761230469,53.529869079589844,0.0,54.673343658447266,53.285926818847656,53.98725891113281,0.0,12178668
2011-11-10,33.17039108276367,54.459896087646484,0.0,54.749576568603516,53.476505279541016,54.269317626953125,0.0,8220076
2011-11-11,33.495399475097656,54.99351501464844,0.0,55.48139953613281,54.87154769897461,55.100242614746094,0.0,8604431
2011-11-14,33.29108810424805,54.65809631347656,0.0,54.978271484375,54.231201171875,54.74195098876953,0.0,10844707
2011-11-15,33.42575454711914,54.87916946411133,0.0,55.267948150634766,54.44464874267578,54.55899429321289,0.0,8651130
2011-11-16,32.39034652709961,53.179203033447266,0.0,54.50563430786133,52.912391662597656,54.269317626953125,0.0,13159756
2011-11-17,32.29747772216797,53.02674102783203,0.0,54.04062271118164,52.5845947265625,53.072479248046875,0.0,11358929
2011-11-18,32.162818908691406,52.805667877197266,0.0,53.35453414916992,52.47787094116211,53.29355239868164,0.0,10538142
2011-11-21,31.967823028564453,52.485496520996094,0.0,52.7523078918457,51.738426208496094,52.066219329833984,0.0,10987693
2011-11-22,31.63815689086914,51.94424819946289,0.0,52.546478271484375,51.768917083740234,52.355899810791016,0.0,8898534
2011-11-23,31.076332092285156,51.021846771240234,0.0,51.654571533203125,51.021846771240234,51.288658142089844,0.0,11323511
2011-11-25,30.709537506103516,50.41961669921875,0.0,51.204803466796875,50.41199493408203,50.89225387573242,0.0,5497585
2011-11-28,31.234203338623047,51.281036376953125,0.0,52.04335021972656,50.838890075683594,51.89850997924805,0.0,13043663
2011-11-29,31.63815689086914,51.94424819946289,0.0,52.2110595703125,51.281036376953125,51.45636749267578,0.0,11096440
2011-11-30,33.11466979980469,54.36841583251953,0.0,54.406532287597656,53.369781494140625,53.38502883911133,0.0,15364877
2011-12-01,33.31896209716797,54.703834533691406,0.0,54.80293655395508,54.13972091674805,54.24644470214844,0.0,9337066
2011-12-02,33.68576431274414,55.30606460571289,0.0,55.74058532714844,54.76482009887695,55.1993408203125,0.0,14742038
2011-12-05,33.81113815307617,55.51189041137695,0.0,56.3351936340332,55.13835525512695,55.81681823730469,0.0,12112422
2011-12-06,33.68112564086914,55.29844284057617,0.0,55.877803802490234,55.29844284057617,55.580501556396484,0.0,11239032
2011-12-07,33.620750427246094,55.1993408203125,0.0,55.55763244628906,54.61997985839844,55.01638412475586,0.0,11222634
2011-12-08,32.975364685058594,54.13972091674805,0.0,55.13835525512695,53.97201156616211,54.93252944946289,0.0,9983123
2011-12-09,33.40718460083008,54.84867477416992,0.0,55.161224365234375,54.383663177490234,54.42177963256836,0.0,9268853
2011-12-12,32.724647521972656,53.72806930541992,0.0,54.42940139770508,53.17158126831055,54.23882293701172,0.0,9719584
2011-12-13,32.43212890625,53.24781036376953,0.0,54.61997985839844,53.02674102783203,54.0787353515625,0.0,12212118
2011-12-14,31.81460189819336,52.23393249511719,0.0,53.32404327392578,51.959495544433594,52.920013427734375,0.0,12136428
2011-12-15,31.707786560058594,52.058597564697266,0.0,52.85140609741211,51.80703353881836,52.60746765136719,0.0,9276986
2011-12-16,31.758882522583008,52.142452239990234,0.0,52.68369674682617,51.82228088378906,52.67607498168945,0.0,22967493
2011-12-19,31.503503799438477,51.72317886352539,0.0,52.409263610839844,51.570716857910156,51.868019104003906,0.0,8296553
2011-12-20,32.399627685546875,53.19445037841797,0.0,53.362159729003906,52.698944091796875,52.77517318725586,0.0,8933559
2011-12-21,32.7896614074707,53.83479690551758,0.0,53.956764221191406,53.16395568847656,53.3316650390625,0.0,9004527
2011-12-22,33.30967330932617,54.68859100341797,0.0,54.81818389892578,53.819549560546875,53.91865158081055,0.0,9878836
2011-12-23,33.63005828857422,55.2145881652832,0.0,55.22220993041992,54.749576568603516,54.79531478881836,0.0,5381754
2011-12-27,33.86684799194336,55.603370666503906,0.0,55.77870178222656,55.03163146972656,55.03163146972656,0.0,5836945
2011-12-28,33.34682083129883,54.749576568603516,0.0,55.73296356201172,54.69621276855469,55.603370666503906,0.0,6935833
2011-12-29,33.8343505859375,55.55000686645508,0.0,55.580501556396484,54.81818389892578,54.81818389892578,0.0,5944119
2011-12-30,33.8343505859375,55.55000686645508,0.0,55.801570892333984,55.428035736083984,55.5881233215332,0.0,6077397
2012-01-03,34.43796157836914,56.541019439697266,0.0,57.04414749145508,56.350440979003906,56.350440979003906,0.0,10172677
2012-01-04,34.27543640136719,56.274208068847656,0.0,56.48003387451172,55.85493469238281,56.3351936340332,0.0,7411094
2012-01-05,34.001502990722656,55.82444381713867,0.0,56.00739669799805,55.36705017089844,55.84730911254883,0.0,10276177
2012-01-06,33.73685073852539,55.38991928100586,0.0,56.03026580810547,55.3365592956543,55.99977493286133,0.0,7268372
2012-01-09,33.86684799194336,55.603370666503906,0.0,55.67959976196289,55.25270462036133,55.46615219116211,0.0,10997793
2012-01-10,34.024715423583984,55.86255645751953,0.0,56.274208068847656,55.725341796875,56.068382263183594,0.0,6925994
2012-01-11,33.43505096435547,54.89441680908203,0.0,55.67197799682617,54.84867477416992,55.55763244628906,0.0,9819280
2012-01-12,32.854652404785156,53.94152069091797,0.0,54.65809631347656,53.87290954589844,54.4675178527832,0.0,14941562
2012-01-13,32.65964126586914,53.62134552001953,0.0,54.04062271118164,53.40027618408203,53.659461975097656,0.0,12567089
2012-01-17,32.873226165771484,53.97201156616211,0.0,54.32267761230469,53.735694885253906,54.12447738647461,0.0,8332234
2012-01-18,33.198238372802734,54.50563430786133,0.0,54.680965423583984,53.743316650390625,54.04062271118164,0.0,9496186
2012-01-19,33.0914421081543,54.330299377441406,0.0,54.726707458496094,53.97963333129883,54.673343658447266,0.0,10689391
2012-01-20,33.05895233154297,54.276939392089844,0.0,54.276939392089844,53.68233108520508,54.14734649658203,0.0,10097118
2012-01-23,32.76178741455078,53.78905487060547,0.0,54.15496826171875,53.66708755493164,53.956764221191406,0.0,12179192
2012-01-24,32.785003662109375,53.827171325683594,0.0,54.07111358642578,53.377403259277344,53.4688835144043,0.0,10897310
2012-01-25,32.49247741699219,53.3469123840332,0.0,54.597110748291016,52.60746765136719,54.51325607299805,0.0,22200882
2012-01-26,32.283565521240234,53.003868103027344,0.0,53.735694885253906,52.87427520751953,53.72806930541992,0.0,13117516
2012-01-27,32.223182678222656,52.90476989746094,0.0,53.179203033447266,52.439754486083984,52.66082763671875,0.0,10192616
2012-01-30,31.90744972229004,52.38639450073242,0.0,52.64558029174805,52.028106689453125,52.53123474121094,0.0,15003872
2012-01-31,31.670656204223633,51.99761199951172,0.0,52.729434967041016,51.8375244140625,52.60746765136719,0.0,28422444
2012-02-01,32.1860466003418,52.84378433227539,0.0,53.0953483581543,52.249176025390625,52.52360916137695,0.0,13598813
2012-02-02,32.459991455078125,53.29355239868164,0.0,53.41551971435547,52.7523078918457,52.75992965698242,0.0,11579442
2012-02-03,32.71536636352539,53.712825775146484,0.0,53.86528778076172,53.41551971435547,53.819549560546875,0.0,13078950
2012-02-06,33.11466979980469,54.36841583251953,0.0,54.39891052246094,53.51462173461914,53.54511642456055,0.0,8888696
2012-02-07,33.39325714111328,54.8258056640625,0.0,54.98589324951172,54.330299377441406,54.490386962890625,0.0,10817029
2012-02-08,33.546478271484375,55.077369689941406,0.0,55.2145881652832,54.673343658447266,55.10786437988281,0.0,7713331
2012-02-09,33.221466064453125,54.54375076293945,0.0,55.267948150634766,54.307430267333984,55.06974792480469,0.0,31544638
2012-02-10,33.546478271484375,55.077369689941406,0.0,55.24508285522461,54.4675178527832,54.642852783203125,0.0,46148676
2012-02-13,33.80649185180664,55.504268646240234,0.0,55.580501556396484,54.87154769897461,55.41279220581055,0.0,41798121
2012-02-14,34.173301696777344,56.10649871826172,0.0,56.34281539916992,55.351806640625,55.35942840576172,0.0,10558212
2012-02-15,34.10365295410156,55.992149353027344,0.0,56.41142654418945,55.73296356201172,56.41142654418945,0.0,11559633
2012-02-16,34.098976135253906,55.48139953613281,0.503129,55.610992431640625,54.99351501464844,55.5881233215332,0.0,11008025
2012-02-17,34.37070846557617,55.92354202270508,0.0,56.04551315307617,55.618614196777344,55.76345443725586,0.0,10545619
2012-02-21,34.590904235839844,56.281829833984375,0.0,56.51052474975586,56.12174606323242,56.365684509277344,0.0,12840204
2012-02-22,34.731468200683594,56.51052474975586,0.0,56.78496170043945,56.34281539916992,56.434295654296875,0.0,8688517
2012-02-23,35.05005645751953,57.028900146484375,0.0,57.17374038696289,56.56388854980469,56.6934814453125,0.0,9835284
2012-02-24,35.58417892456055,57.89794158935547,0.0,58.12663650512695,57.17374038696289,57.23472595214844,0.0,14767750
2012-02-27,35.80906677246094,58.26385498046875,0.0,58.5764045715332,57.70736312866211,57.852203369140625,0.0,10564640
2012-02-28,36.20262145996094,58.90420150756836,0.0,59.02617263793945,58.24098587036133,58.515419006347656,0.0,14028949
2012-02-29,35.86528778076172,58.35533142089844,0.0,59.24724197387695,57.98179626464844,58.9499397277832,0.0,15948493
2012-03-01,36.64771270751953,59.62840270996094,0.0,59.643646240234375,58.705997467041016,58.782230377197266,0.0,12182341
2012-03-02,36.38066482543945,59.19388198852539,0.0,59.605533599853516,59.00330352783203,59.39970779418945,0.0,9302697
2012-03-05,36.33849334716797,59.12527084350586,0.0,59.24724197387695,58.53066635131836,58.888954162597656,0.0,9240912
2012-03-06,35.81843948364258,58.27910232543945,0.0,58.47730255126953,57.882694244384766,58.16475296020508,0.0,11580884
2012-03-07,36.085487365722656,58.713619232177734,0.0,59.079532623291016,58.15713119506836,58.27910232543945,0.0,9301516
2012-03-08,36.179203033447266,58.866085052490234,0.0,59.19388198852539,58.80509948730469,59.049041748046875,0.0,8055840
2012-03-09,36.15108871459961,58.82034683227539,0.0,59.460693359375,58.759361267089844,58.87370681762695,0.0,11161505
2012-03-12,36.22136306762695,58.9346923828125,0.0,59.3082275390625,58.683128356933594,58.82796859741211,0.0,9714993
2012-03-13,36.43219757080078,59.27773666381836,0.0,59.31584930419922,58.72886657714844,59.21675109863281,0.0,11394610
2012-03-14,36.315059661865234,59.087154388427734,0.0,59.5445442199707,58.91182327270508,59.30060577392578,0.0,10688735
2012-03-15,35.90275955200195,58.416316986083984,0.0,59.231998443603516,58.035160064697266,59.0719108581543,0.0,12184046
2012-03-16,36.16044998168945,58.83559036254883,0.0,59.0719108581543,58.53828811645508,58.62214279174805,0.0,19925449
2012-03-19,36.577449798583984,59.51405334472656,0.0,59.6817626953125,58.713619232177734,58.87370681762695,0.0,7828506
2012-03-20,36.34318542480469,59.132896423339844,0.0,59.453067779541016,58.782230377197266,59.087154388427734,0.0,9302172
2012-03-21,36.21200180053711,58.91944885253906,0.0,59.31584930419922,58.683128356933594,59.28535842895508,0.0,10526205
2012-03-22,35.55606460571289,57.852203369140625,0.0,58.6983757019043,57.72261047363281,58.591651916503906,0.0,12144036
2012-03-23,35.84654998779297,58.3248405456543,0.0,58.606895446777344,57.593017578125,57.94368362426758,0.0,10680340
2012-03-26,36.24477767944336,58.972808837890625,0.0,59.03379440307617,58.64501190185547,58.759361267089844,0.0,7875862
2012-03-27,36.001163482666016,58.5764045715332,0.0,59.079532623291016,58.54591369628906,59.06428527832031,0.0,8212730
2012-03-28,35.59823226928711,57.92081069946289,0.0,58.53828811645508,57.562522888183594,58.408695220947266,0.0,9905203
2012-03-29,35.51389694213867,57.78359603881836,0.0,57.821712493896484,56.74684524536133,57.32620620727539,0.0,10084918
2012-03-30,35.6122932434082,57.94368362426758,0.0,58.37057876586914,57.8140869140625,58.05802917480469,0.0,9034829
2012-04-02,36.01521682739258,58.599273681640625,0.0,58.9346923828125,57.844581604003906,57.928436279296875,0.0,7962309
2012-04-03,35.752838134765625,58.17237854003906,0.0,58.50779724121094,57.692115783691406,58.439186096191406,0.0,8912308
2012-04-04,35.691932678222656,58.07327651977539,0.0,58.50779724121094,57.478668212890625,57.73023223876953,0.0,9762349
2012-04-05,35.3077507019043,57.448177337646484,0.0,58.2028694152832,57.364322662353516,57.98179626464844,0.0,8342204
2012-04-09,35.16250991821289,57.211856842041016,0.0,57.54727554321289,56.86881637573242,56.914554595947266,0.0,8865739
2012-04-10,34.52531433105469,56.175106048583984,0.0,57.364322662353516,55.984527587890625,57.13562774658203,0.0,12813050
2012-04-11,34.45972442626953,56.068382263183594,0.0,57.00603103637695,55.96928024291992,56.7087287902832,0.0,12058508
2012-04-12,34.91888427734375,56.815452575683594,0.0,56.97554016113281,56.01502227783203,56.01502227783203,0.0,11161898
2012-04-13,34.49721145629883,56.12936782836914,0.0,56.90693283081055,56.12936782836914,56.541019439697266,0.0,9080611
2012-04-16,34.590904235839844,56.281829833984375,0.0,56.807830810546875,56.12174606323242,56.26658630371094,0.0,16771248
2012-04-17,34.79237365722656,56.60962677001953,0.0,56.92980194091797,56.57913589477539,56.71635055541992,0.0,7822603
2012-04-18,34.33790969848633,55.870182037353516,0.0,56.281829833984375,55.77870178222656,55.89305114746094,0.0,9701744
2012-04-19,34.1505012512207,55.56525421142578,0.0,55.9464111328125,55.11548614501953,55.793949127197266,0.0,9462342
2012-04-20,34.14582061767578,55.55763244628906,0.0,56.060760498046875,55.397544860839844,55.73296356201172,0.0,9299155
2012-04-23,33.88812255859375,55.13835525512695,0.0,55.43566131591797,54.406532287597656,54.68859100341797,0.0,10106956
2012-04-24,33.67729187011719,54.79531478881836,0.0,55.2145881652832,54.749576568603516,54.99351501464844,0.0,11502964
2012-04-25,33.27436065673828,54.13972091674805,0.0,55.054500579833984,53.76618576049805,55.054500579833984,0.0,13373972
2012-04-26,33.82253646850586,55.03163146972656,0.0,55.161224365234375,54.06349182128906,54.17783737182617,0.0,10519383
2012-04-27,33.724151611328125,54.87154769897461,0.0,55.267948150634766,54.52850341796875,55.16884994506836,0.0,7357573
2012-04-30,33.56016159057617,54.604736328125,0.0,55.11548614501953,54.42940139770508,54.84867477416992,0.0,9670261
2012-05-01,34.731143951416016,56.5099983215332,0.0,56.7400016784668,55.459999084472656,55.91999816894531,1.311791,15247300
2012-05-02,33.551124572753906,54.59000015258789,0.0,55.83000183105469,54.43000030517578,55.83000183105469,0.0,14678600
2012-05-03,33.348297119140625,54.2599983215332,0.0,54.959999084472656,53.810001373291016,54.66999816894531,0.0,12943300
2012-05-04,32.678367614746094,53.16999816894531,0.0,54.0,52.959999084472656,53.79999923706055,0.0,12443400
2012-05-07,32.78899383544922,53.349998474121094,0.0,53.43000030517578,52.130001068115234,52.2400016784668,0.0,12194300
2012-05-08,33.37902069091797,54.310001373291016,0.0,54.4900016784668,52.72999954223633,52.84000015258789,0.0,14149700
2012-05-09,32.862754821777344,53.470001220703125,0.0,53.93000030517578,52.68000030517578,53.68000030517578,0.0,10859400
2012-05-10,33.323699951171875,54.220001220703125,0.0,54.599998474121094,53.81999969482422,54.09000015258789,0.0,30869700
2012-05-11,32.881187438964844,53.5,0.0,54.5,53.43000030517578,54.0099983215332,0.0,31293500
2012-05-14,32.530860900878906,52.93000030517578,0.0,53.16999816894531,52.5099983215332,52.65999984741211,0.0,31388900
2012-05-15,32.28502655029297,52.529998779296875,0.0,53.119998931884766,52.40999984741211,53.0,0.0,8085600
2012-05-16,32.15597152709961,52.31999969482422,0.0,53.11000061035156,52.31999969482422,52.75,0.0,10259300
2012-05-17,31.863405227661133,51.189998626708984,0.66,52.08000183105469,51.16999816894531,51.79999923706055,0.0,8634200
2012-05-18,31.633094787597656,50.81999969482422,0.0,51.61000061035156,50.65999984741211,51.33000183105469,0.0,13088300
2012-05-21,32.224449157714844,51.77000045776367,0.0,51.880001068115234,50.79999923706055,50.81999969482422,0.0,9445000
2012-05-22,32.16218566894531,51.66999816894531,0.0,52.45000076293945,51.36000061035156,51.9900016784668,0.0,8906600
2012-05-23,32.423614501953125,52.09000015258789,0.0,52.119998931884766,50.970001220703125,51.29999923706055,0.0,8513800
2012-05-24,32.454742431640625,52.13999938964844,0.0,52.38999938964844,51.56999969482422,52.36000061035156,0.0,7334200
2012-05-25,32.43606185913086,52.11000061035156,0.0,52.439998626708984,51.970001220703125,52.220001220703125,0.0,5785400
2012-05-29,33.15812301635742,53.27000045776367,0.0,53.5,52.709999084472656,52.90999984741211,0.0,10987600
2012-05-30,32.392486572265625,52.040000915527344,0.0,52.7599983215332,51.90999984741211,52.689998626708984,0.0,9675800
2012-05-31,32.46718215942383,52.15999984741211,0.0,52.63999938964844,51.34000015258789,52.189998626708984,0.0,12155900
2012-06-01,31.863405227661133,51.189998626708984,0.0,51.63999938964844,50.88999938964844,51.400001525878906,0.0,16184000
2012-06-04,31.931880950927734,51.29999923706055,0.0,51.52000045776367,50.619998931884766,51.400001525878906,0.0,9257700
2012-06-05,32.28667449951172,51.869998931884766,0.0,52.0,51.349998474121094,51.779998779296875,0.0,9662800
2012-06-06,33.3510856628418,53.58000183105469,0.0,53.58000183105469,52.400001525878906,52.400001525878906,0.0,15104200
2012-06-07,33.494239807128906,53.810001373291016,0.0,54.59000015258789,53.75,54.2400016784668,0.0,14205400
2012-06-08,33.59382629394531,53.970001220703125,0.0,54.279998779296875,53.56999969482422,53.77000045776367,0.0,8630900
2012-06-11,33.53779983520508,53.880001068115234,0.0,54.77000045776367,53.79999923706055,54.5099983215332,0.0,9279500
2012-06-12,34.054447174072266,54.709999084472656,0.0,54.75,53.939998626708984,54.27000045776367,0.0,7442100
2012-06-13,33.674747467041016,54.099998474121094,0.0,54.84000015258789,53.84000015258789,54.630001068115234,0.0,9045900
2012-06-14,34.03575897216797,54.68000030517578,0.0,54.88999938964844,53.790000915527344,54.029998779296875,0.0,9699500
2012-06-15,34.52128601074219,55.459999084472656,0.0,55.459999084472656,54.709999084472656,54.7599983215332,0.0,12542400
2012-06-18,34.278541564941406,55.06999969482422,0.0,55.2400016784668,54.540000915527344,55.029998779296875,0.0,8850100
2012-06-19,34.633331298828125,55.63999938964844,0.0,56.0,55.29999923706055,55.5,0.0,9477800
2012-06-20,33.886383056640625,54.439998626708984,0.0,55.54999923706055,53.9900016784668,55.34000015258789,0.0,11757400
2012-06-21,32.84066390991211,52.7599983215332,0.0,54.47999954223633,52.68000030517578,54.33000183105469,0.0,12560600
2012-06-22,33.24524688720703,53.40999984741211,0.0,53.70000076293945,52.75,53.189998626708984,0.0,12575700
2012-06-25,32.965152740478516,52.959999084472656,0.0,53.04999923706055,52.290000915527344,52.81999969482422,0.0,6980100
2012-06-26,33.3884162902832,53.63999938964844,0.0,53.88999938964844,53.0,53.349998474121094,0.0,7548900
2012-06-27,33.892601013183594,54.45000076293945,0.0,54.599998474121094,53.7400016784668,53.88999938964844,0.0,9130600
2012-06-28,33.942413330078125,54.529998779296875,0.0,54.61000061035156,53.65999984741211,54.06999969482422,0.0,8444900
2012-06-29,34.7827262878418,55.880001068115234,0.0,55.880001068115234,55.25,55.68000030517578,0.0,8550500
2012-07-02,34.68935012817383,55.72999954223633,0.0,56.099998474121094,55.189998626708984,55.970001220703125,0.0,6163100
2012-07-03,35.112613677978516,56.40999984741211,0.0,56.470001220703125,55.81999969482422,56.0099983215332,0.0,5784200
2012-07-05,34.409236907958984,55.279998779296875,0.0,56.310001373291016,55.189998626708984,56.22999954223633,0.0,19880900
2012-07-06,34.079341888427734,54.75,0.0,54.90999984741211,54.25,54.77000045776367,0.0,16980400
2012-07-09,33.81791305541992,54.33000183105469,0.0,54.75,54.04999923706055,54.66999816894531,0.0,13532900
2012-07-10,33.28882598876953,53.47999954223633,0.0,54.75,53.22999954223633,54.61000061035156,0.0,7696800
2012-07-11,33.83658218383789,54.36000061035156,0.0,54.650001525878906,53.38999938964844,53.5,0.0,11461300
2012-07-12,33.60005569458008,53.97999954223633,0.0,54.25,53.5,53.849998474121094,0.0,6494800
2012-07-13,34.22250747680664,54.97999954223633,0.0,55.04999923706055,54.11000061035156,54.2400016784668,0.0,5514900
2012-07-16,34.52128601074219,55.459999084472656,0.0,55.619998931884766,54.599998474121094,54.90999984741211,0.0,6008900
2012-07-17,35.03169631958008,56.279998779296875,0.0,56.36000061035156,55.08000183105469,55.77000045776367,0.0,6910500
2012-07-18,35.336708068847656,56.77000045776367,0.0,56.88999938964844,56.02000045776367,56.209999084472656,0.0,6103700
2012-07-19,35.50043869018555,56.369998931884766,0.66,56.560001373291016,55.95000076293945,56.41999816894531,0.0,7473200
2012-07-20,35.26114273071289,55.9900016784668,0.0,56.06999969482422,55.5099983215332,56.06999969482422,0.0,7843500
2012-07-23,34.66913604736328,55.04999923706055,0.0,55.189998626708984,54.349998474121094,54.81999969482422,0.0,7692500
2012-07-24,34.41094207763672,54.63999938964844,0.0,55.130001068115234,53.83000183105469,55.040000915527344,0.0,6951600
2012-07-25,33.52925109863281,53.2400016784668,0.0,54.599998474121094,52.84000015258789,54.2599983215332,0.0,12716800
2012-07-26,34.259788513183594,54.400001525878906,0.0,54.529998779296875,53.31999969482422,54.029998779296875,0.0,10981800
2012-07-27,34.6187629699707,54.970001220703125,0.0,55.15999984741211,54.47999954223633,54.869998931884766,0.0,13707500
2012-07-30,34.54949188232422,54.86000061035156,0.0,55.15999984741211,54.560001373291016,54.939998626708984,0.0,5810000
2012-07-31,34.28498458862305,54.439998626708984,0.0,55.099998474121094,54.15999984741211,54.849998474121094,0.0,8958000
2012-08-01,34.77619934082031,55.220001220703125,0.0,55.41999816894531,54.279998779296875,54.63999938964844,0.0,7613900
2012-08-02,34.417232513427734,54.650001525878906,0.0,55.209999084472656,54.189998626708984,54.619998931884766,0.0,8003900
2012-08-03,35.08479690551758,55.709999084472656,0.0,55.9900016784668,55.40999984741211,55.560001373291016,0.0,6640700
2012-08-06,35.198150634765625,55.88999938964844,0.0,56.38999938964844,55.79999923706055,55.93000030517578,0.0,5922800
2012-08-07,35.55083084106445,56.45000076293945,0.0,56.70000076293945,56.2400016784668,56.34000015258789,0.0,7858300
2012-08-08,36.0042610168457,57.16999816894531,0.0,57.349998474121094,56.029998779296875,56.029998779296875,0.0,10027100
2012-08-09,35.95387649536133,57.09000015258789,0.0,57.369998931884766,56.849998474121094,57.16999816894531,0.0,5093100
2012-08-10,36.073524475097656,57.279998779296875,0.0,57.31999969482422,56.58000183105469,56.79999923706055,0.0,4700600
2012-08-13,36.09243392944336,57.310001373291016,0.0,57.650001525878906,57.040000915527344,57.459999084472656,0.0,5692900
2012-08-14,36.11761474609375,57.349998474121094,0.0,57.7599983215332,57.209999084472656,57.66999816894531,0.0,4445100
2012-08-15,36.048343658447266,57.2400016784668,0.0,57.5,57.06999969482422,57.36000061035156,0.0,4052100
2012-08-16,36.24357604980469,57.54999923706055,0.0,57.68000030517578,57.220001220703125,57.290000915527344,0.0,5065300
2012-08-17,36.142818450927734,57.38999938964844,0.0,57.77000045776367,57.25,57.7400016784668,0.0,5182300
2012-08-20,35.91609573364258,57.029998779296875,0.0,57.369998931884766,56.869998931884766,57.34000015258789,0.0,7862600
2012-08-21,35.664180755615234,56.630001068115234,0.0,57.29999923706055,56.56999969482422,57.11000061035156,0.0,6032000
2012-08-22,35.69567108154297,56.68000030517578,0.0,56.779998779296875,56.20000076293945,56.4900016784668,0.0,4454500
2012-08-23,35.368194580078125,56.15999984741211,0.0,56.650001525878906,56.060001373291016,56.650001525878906,0.0,4637000
2012-08-24,35.494136810302734,56.36000061035156,0.0,56.45000076293945,55.779998779296875,56.06999969482422,0.0,3931300
2012-08-27,35.50674819946289,56.380001068115234,0.0,56.77000045776367,56.33000183105469,56.41999816894531,0.0,3412500
2012-08-28,35.557125091552734,56.459999084472656,0.0,56.630001068115234,56.27000045776367,56.439998626708984,0.0,4057800
2012-08-29,35.48785400390625,56.349998474121094,0.0,56.560001373291016,56.15999984741211,56.380001068115234,0.0,6401500
2012-08-30,35.33671188354492,56.11000061035156,0.0,56.34000015258789,55.970001220703125,56.130001068115234,0.0,4001000
2012-08-31,35.76494598388672,56.790000915527344,0.0,57.130001068115234,56.540000915527344,56.56999969482422,0.0,11848700
2012-09-04,35.399681091308594,56.209999084472656,0.0,57.0,56.0,56.959999084472656,0.0,5698700
2012-09-05,34.55575942993164,54.869998931884766,0.0,56.18000030517578,54.83000183105469,56.15999984741211,0.0,8608700
2012-09-06,35.13517761230469,55.790000915527344,0.0,56.18000030517578,55.27000045776367,55.27000045776367,0.0,6560600
2012-09-07,35.67048263549805,56.63999938964844,0.0,56.68000030517578,56.0,56.029998779296875,0.0,5837500
2012-09-10,35.38077926635742,56.18000030517578,0.0,56.68000030517578,56.150001525878906,56.66999816894531,0.0,4696400
2012-09-11,35.50043869018555,56.369998931884766,0.0,56.79999923706055,56.349998474121094,56.41999816894531,0.0,5112500
2012-09-12,35.60750198364258,56.540000915527344,0.0,56.779998779296875,56.36000061035156,56.72999954223633,0.0,4807300
2012-09-13,36.30655288696289,57.650001525878906,0.0,57.970001220703125,56.099998474121094,56.66999816894531,0.0,7735800
2012-09-14,36.65924072265625,58.209999084472656,0.0,58.900001525878906,57.88999938964844,57.88999938964844,0.0,8576300
2012-09-17,36.71590042114258,58.29999923706055,0.0,58.75,58.02000045776367,58.099998474121094,0.0,11627300
2012-09-18,36.413604736328125,57.81999969482422,0.0,58.38999938964844,57.599998474121094,58.36000061035156,0.0,5837400
2012-09-19,36.09243392944336,57.310001373291016,0.0,57.880001068115234,57.2599983215332,57.709999084472656,0.0,5166100
2012-09-20,36.26875686645508,57.59000015258789,0.0,57.7599983215332,56.77000045776367,57.11000061035156,0.0,6137000
2012-09-21,36.1239128112793,57.36000061035156,0.0,57.849998474121094,57.130001068115234,57.7599983215332,0.0,12777500
2012-09-24,36.50179672241211,57.959999084472656,0.0,58.060001373291016,57.04999923706055,57.099998474121094,0.0,7289900
2012-09-25,36.1553955078125,57.40999984741211,0.0,58.08000183105469,57.349998474121094,58.060001373291016,0.0,7457600
2012-09-26,35.90348815917969,57.0099983215332,0.0,57.470001220703125,56.880001068115234,57.31999969482422,0.0,6459100
2012-09-27,36.142818450927734,57.38999938964844,0.0,57.459999084472656,57.02000045776367,57.29999923706055,0.0,4240200
2012-09-28,36.01055145263672,57.18000030517578,0.0,57.31999969482422,56.83000183105469,57.16999816894531,0.0,5013500
2012-10-01,36.1553955078125,57.40999984741211,0.0,57.849998474121094,57.25,57.47999954223633,0.0,4817600
2012-10-02,36.13021469116211,57.369998931884766,0.0,57.810001373291016,57.040000915527344,57.70000076293945,0.0,5187800
2012-10-03,35.75235366821289,56.77000045776367,0.0,57.38999938964844,56.59000015258789,57.31999969482422,0.0,6840200
2012-10-04,36.14911651611328,57.400001525878906,0.0,57.45000076293945,56.810001373291016,57.119998931884766,0.0,4432200
2012-10-05,36.26248550415039,57.58000183105469,0.0,58.029998779296875,57.40999984741211,57.61000061035156,0.0,4362700
2012-10-08,36.287662506103516,57.619998931884766,0.0,57.689998626708984,57.27000045776367,57.369998931884766,0.0,2463200
2012-10-09,36.401004791259766,57.79999923706055,0.0,58.22999954223633,57.619998931884766,57.709999084472656,0.0,4924800
2012-10-10,36.048343658447266,57.2400016784668,0.0,57.83000183105469,57.130001068115234,57.70000076293945,0.0,6493600
2012-10-11,36.0802001953125,56.630001068115234,0.66,57.08000183105469,56.630001068115234,57.08000183105469,0.0,5972900
2012-10-12,35.7871208190918,56.16999816894531,0.0,56.88999938964844,55.900001525878906,56.79999923706055,0.0,5854900
2012-10-15,36.1821403503418,56.790000915527344,0.0,56.88999938964844,55.88999938964844,56.16999816894531,0.0,4697500
2012-10-16,36.71095275878906,57.619998931884766,0.0,57.79999923706055,56.959999084472656,57.150001525878906,0.0,5490300
2012-10-17,37.02952575683594,58.119998931884766,0.0,58.279998779296875,57.36000061035156,57.470001220703125,0.0,4687000
2012-10-18,37.12508773803711,58.27000045776367,0.0,58.52000045776367,58.099998474121094,58.25,0.0,4853400
2012-10-19,36.602630615234375,57.45000076293945,0.0,58.349998474121094,57.33000183105469,58.20000076293945,0.0,5982800
2012-10-22,36.341426849365234,57.040000915527344,0.0,57.540000915527344,56.43000030517578,57.52000045776367,0.0,5891200
2012-10-23,35.717041015625,56.060001373291016,0.0,56.33000183105469,55.70000076293945,56.2599983215332,0.0,6852800
2012-10-24,35.64695739746094,55.95000076293945,0.0,56.43000030517578,55.810001373291016,56.08000183105469,0.0,6605000
2012-10-25,36.41787338256836,57.15999984741211,0.0,57.529998779296875,56.650001525878906,56.709999084472656,0.0,9705100
2012-10-26,36.513450622558594,57.310001373291016,0.0,57.56999969482422,57.0,57.0099983215332,0.0,6012900
2012-10-31,36.85749816894531,57.849998474121094,0.0,57.91999816894531,57.5,57.61000061035156,0.0,6167800
2012-11-01,37.22065353393555,58.41999816894531,0.0,58.5,57.91999816894531,58.0,0.0,6731500
2012-11-02,36.730064392089844,57.650001525878906,0.0,58.79999923706055,57.560001373291016,58.61000061035156,0.0,11408200
2012-11-05,36.65361022949219,57.529998779296875,0.0,57.81999969482422,57.279998779296875,57.4900016784668,0.0,4805200
2012-11-06,37.09321975708008,58.220001220703125,0.0,58.40999984741211,57.470001220703125,57.540000915527344,0.0,7424500
2012-11-07,36.169403076171875,56.77000045776367,0.0,57.54999923706055,56.56999969482422,57.43000030517578,0.0,7946200
2012-11-08,35.58961486816406,55.86000061035156,0.0,56.9900016784668,55.849998474121094,56.72999954223633,0.0,6084800
2012-11-09,35.46857452392578,55.66999816894531,0.0,56.2599983215332,55.61000061035156,55.68000030517578,0.0,5695900
2012-11-12,35.44945526123047,55.63999938964844,0.0,56.04999923706055,55.439998626708984,55.83000183105469,0.0,3989300
2012-11-13,35.264686584472656,55.349998474121094,0.0,56.0,55.25,55.310001373291016,0.0,4463300
2012-11-14,34.895172119140625,54.77000045776367,0.0,55.70000076293945,54.65999984741211,55.369998931884766,0.0,6435000
2012-11-15,34.780487060546875,54.59000015258789,0.0,55.13999938964844,54.119998931884766,54.650001525878906,0.0,7598900
2012-11-16,35.06081771850586,55.029998779296875,0.0,55.13999938964844,53.95000076293945,54.56999969482422,0.0,8942400
2012-11-19,35.50678634643555,55.72999954223633,0.0,56.0099983215332,55.43000030517578,55.689998626708984,0.0,5675300
2012-11-20,35.443084716796875,55.630001068115234,0.0,55.689998626708984,55.15999984741211,55.630001068115234,0.0,4432200
2012-11-21,35.71066665649414,56.04999923706055,0.0,56.060001373291016,55.529998779296875,55.81999969482422,0.0,3325700
2012-11-23,36.10568618774414,56.66999816894531,0.0,56.70000076293945,56.09000015258789,56.310001373291016,0.0,2057300
2012-11-26,36.18851852416992,56.79999923706055,0.0,56.79999923706055,56.0099983215332,56.22999954223633,0.0,5478400
2012-11-27,35.79349136352539,56.18000030517578,0.0,57.0099983215332,56.13999938964844,56.66999816894531,0.0,7198000
2012-11-28,36.35416793823242,57.060001373291016,0.0,57.06999969482422,55.779998779296875,55.939998626708984,0.0,7168100
2012-11-29,36.3032112121582,56.97999954223633,0.0,57.380001068115234,56.869998931884766,57.310001373291016,0.0,4398400
2012-11-30,36.27771759033203,56.939998626708984,0.0,57.20000076293945,56.75,57.130001068115234,0.0,7627100
2012-12-03,36.42424774169922,57.16999816894531,0.0,57.400001525878906,56.869998931884766,57.33000183105469,0.0,7163100
2012-12-04,36.21400451660156,56.84000015258789,0.0,57.20000076293945,56.56999969482422,57.06999969482422,0.0,5416200
2012-12-05,36.43061447143555,57.18000030517578,0.0,57.61000061035156,56.650001525878906,56.84000015258789,0.0,6072900
2012-12-06,36.53892135620117,57.349998474121094,0.0,57.5099983215332,56.91999816894531,57.18000030517578,0.0,6688700
2012-12-07,36.914833068847656,57.939998626708984,0.0,57.939998626708984,57.400001525878906,57.4900016784668,0.0,5342100
2012-12-10,36.87660217285156,57.880001068115234,0.0,58.08000183105469,57.59000015258789,57.59000015258789,0.0,5328400
2012-12-11,37.02952575683594,58.119998931884766,0.0,58.380001068115234,57.849998474121094,58.0099983215332,0.0,4806400
2012-12-12,37.08049392700195,58.20000076293945,0.0,58.75,58.09000015258789,58.36000061035156,0.0,5480200
2012-12-13,36.87660217285156,57.880001068115234,0.0,58.130001068115234,57.529998779296875,58.099998474121094,0.0,6066100
2012-12-14,36.75554656982422,57.689998626708984,0.0,57.90999984741211,57.54999923706055,57.59000015258789,0.0,3858000
2012-12-17,37.1314582824707,58.279998779296875,0.0,58.65999984741211,57.66999816894531,57.97999954223633,0.0,5484600
2012-12-18,37.781314849853516,59.29999923706055,0.0,59.34000015258789,58.18000030517578,58.220001220703125,0.0,7308900
2012-12-19,37.71760940551758,59.20000076293945,0.0,59.650001525878906,59.20000076293945,59.34000015258789,0.0,6877500
2012-12-20,37.76857376098633,59.279998779296875,0.0,59.5,58.529998779296875,59.29999923706055,0.0,7144500
2012-12-21,37.341712951660156,58.61000061035156,0.0,59.029998779296875,58.209999084472656,58.540000915527344,0.0,15284900
2012-12-24,37.23339080810547,58.439998626708984,0.0,58.689998626708984,58.33000183105469,58.560001373291016,0.0,2121500
2012-12-26,36.921199798583984,57.95000076293945,0.0,58.66999816894531,57.880001068115234,58.619998931884766,0.0,4761600
2012-12-27,36.88935852050781,57.900001525878906,0.0,58.189998626708984,57.20000076293945,58.0,0.0,5110800
2012-12-28,36.36054611206055,57.06999969482422,0.0,57.70000076293945,57.0099983215332,57.630001068115234,0.0,4861000
2012-12-31,36.946693420410156,57.9900016784668,0.0,58.02000045776367,56.84000015258789,56.97999954223633,0.0,6877700
2013-01-02,37.723968505859375,59.209999084472656,0.0,59.22999954223633,58.5099983215332,59.150001525878906,0.0,6263400
2013-01-03,37.698482513427734,59.16999816894531,0.0,59.470001220703125,58.869998931884766,59.13999938964844,0.0,4377500
2013-01-04,38.11901092529297,59.83000183105469,0.0,59.900001525878906,59.25,59.290000915527344,0.0,4827700
2013-01-07,37.698482513427734,59.16999816894531,0.0,59.709999084472656,59.040000915527344,59.630001068115234,0.0,5489500
2013-01-08,37.18880081176758,58.369998931884766,0.0,59.09000015258789,58.25,58.9900016784668,0.0,6137700
2013-01-09,37.11235046386719,58.25,0.0,58.66999816894531,58.16999816894531,58.59000015258789,0.0,4156300
2013-01-10,37.27161407470703,58.5,0.0,58.630001068115234,58.119998931884766,58.529998779296875,0.0,5433800
2013-01-11,37.12508773803711,58.27000045776367,0.0,58.36000061035156,58.029998779296875,58.33000183105469,0.0,3964700
2013-01-14,37.252506256103516,58.470001220703125,0.0,58.54999923706055,58.189998626708984,58.20000076293945,0.0,4219900
2013-01-15,37.60929870605469,59.029998779296875,0.0,59.08000183105469,58.279998779296875,58.400001525878906,0.0,6180400
2013-01-16,37.51372146606445,58.880001068115234,0.0,59.13999938964844,58.72999954223633,58.939998626708984,0.0,5598100
2013-01-17,37.679378509521484,59.13999938964844,0.0,59.31999969482422,58.650001525878906,59.11000061035156,0.0,5299700
2013-01-18,37.76220703125,59.27000045776367,0.0,59.36000061035156,58.970001220703125,59.060001373291016,0.0,5309500
2013-01-22,38.214561462402344,59.97999954223633,0.0,59.97999954223633,59.16999816894531,59.29999923706055,0.0,4712600
2013-01-23,37.94060516357422,59.54999923706055,0.0,59.91999816894531,59.43000030517578,59.84000015258789,0.0,4493400
2013-01-24,38.488521575927734,60.40999984741211,0.0,60.58000183105469,59.52000045776367,59.66999816894531,0.0,7088600
2013-01-25,38.902652740478516,61.060001373291016,0.0,61.099998474121094,60.34000015258789,60.470001220703125,0.0,5500100
2013-01-28,38.70514678955078,60.75,0.0,60.939998626708984,60.18000030517578,60.880001068115234,0.0,4889300
2013-01-29,39.28493118286133,61.65999984741211,0.0,61.7599983215332,60.939998626708984,61.0,0.0,7362200
2013-01-30,38.92176055908203,61.09000015258789,0.0,62.04999923706055,60.91999816894531,61.66999816894531,0.0,6792500
2013-01-31,36.95304870605469,58.0,0.0,59.459999084472656,57.810001373291016,59.20000076293945,0.0,16914000
2013-02-01,37.47549819946289,58.81999969482422,0.0,58.84000015258789,58.02000045776367,58.470001220703125,0.0,11468700
2013-02-04,36.97218322753906,58.029998779296875,0.0,58.47999954223633,58.0,58.470001220703125,0.0,7313100
2013-02-05,36.774662017822266,57.720001220703125,0.0,58.529998779296875,57.630001068115234,58.439998626708984,0.0,7783100
2013-02-06,36.691829681396484,57.59000015258789,0.0,57.70000076293945,57.04999923706055,57.5,0.0,6874600
2013-02-07,36.717323303222656,57.630001068115234,0.0,57.84000015258789,57.36000061035156,57.66999816894531,0.0,5705900
2013-02-08,36.87023162841797,57.869998931884766,0.0,57.869998931884766,57.58000183105469,57.81999969482422,0.0,17871800
2013-02-11,36.691829681396484,57.59000015258789,0.0,57.939998626708984,57.529998779296875,57.939998626708984,0.0,19329700
2013-02-12,37.11235046386719,58.25,0.0,58.2599983215332,57.599998474121094,57.84000015258789,0.0,21826800
2013-02-13,37.341712951660156,58.61000061035156,0.0,58.619998931884766,58.0,58.349998474121094,0.0,6789300
2013-02-14,37.32236862182617,57.91999816894531,0.66,58.0099983215332,57.619998931884766,57.79999923706055,0.0,5764400
2013-02-15,36.742431640625,57.02000045776367,0.0,58.0099983215332,56.779998779296875,57.900001525878906,0.0,9695600
2013-02-19,37.76054763793945,58.599998474121094,0.0,58.61000061035156,57.52000045776367,57.63999938964844,0.0,8119800
2013-02-20,37.1612663269043,57.66999816894531,0.0,58.61000061035156,57.63999938964844,58.599998474121094,0.0,5925400
2013-02-21,37.444801330566406,58.11000061035156,0.0,58.15999984741211,57.09000015258789,57.560001373291016,0.0,7297900
2013-02-22,37.50281524658203,58.20000076293945,0.0,58.33000183105469,57.650001525878906,58.29999923706055,0.0,4386600
2013-02-25,36.65866470336914,56.88999938964844,0.0,58.54999923706055,56.83000183105469,58.470001220703125,0.0,8408400
2013-02-26,37.21284866333008,57.75,0.0,57.91999816894531,56.95000076293945,57.29999923706055,0.0,7763500
2013-02-27,37.39968490600586,58.040000915527344,0.0,58.18000030517578,57.40999984741211,57.560001373291016,0.0,6116300
2013-02-28,37.341705322265625,57.95000076293945,0.0,58.29999923706055,57.849998474121094,57.900001525878906,0.0,7527700
2013-03-01,37.55434799194336,58.279998779296875,0.0,58.279998779296875,57.650001525878906,57.93000030517578,0.0,6730000
2013-03-04,37.12905502319336,57.619998931884766,0.0,58.189998626708984,57.25,58.13999938964844,0.0,5845200
2013-03-05,37.15483093261719,57.65999984741211,0.0,58.0099983215332,57.36000061035156,57.939998626708984,0.0,7151000
2013-03-06,37.37391662597656,58.0,0.0,58.040000915527344,57.439998626708984,57.93000030517578,0.0,6691100
2013-03-07,37.28371810913086,57.86000061035156,0.0,58.13999938964844,57.849998474121094,58.0,0.0,5329000
2013-03-08,37.625240325927734,58.38999938964844,0.0,58.4900016784668,57.83000183105469,57.970001220703125,0.0,4797900
2013-03-11,37.65745162963867,58.439998626708984,0.0,58.599998474121094,58.08000183105469,58.40999984741211,0.0,4726000
2013-03-12,37.844322204589844,58.72999954223633,0.0,58.91999816894531,58.45000076293945,58.560001373291016,0.0,4664700
2013-03-13,37.876529693603516,58.779998779296875,0.0,58.939998626708984,58.560001373291016,58.7599983215332,0.0,4485100
2013-03-14,38.35338592529297,59.52000045776367,0.0,59.560001373291016,58.869998931884766,59.0,0.0,5129700
2013-03-15,38.06342315673828,59.06999969482422,0.0,59.38999938964844,58.810001373291016,59.099998474121094,0.0,10303400
2013-03-18,38.114959716796875,59.150001525878906,0.0,59.650001525878906,58.54999923706055,58.66999816894531,0.0,5002900
2013-03-19,38.21806716918945,59.310001373291016,0.0,59.47999954223633,58.709999084472656,59.209999084472656,0.0,6748900
2013-03-20,38.94620132446289,60.439998626708984,0.0,60.540000915527344,59.630001068115234,60.0,0.0,8178800
2013-03-21,39.268394470214844,60.939998626708984,0.0,61.029998779296875,60.0099983215332,60.16999816894531,0.0,8993500
2013-03-22,39.249061584472656,60.90999984741211,0.0,61.11000061035156,60.68000030517578,61.11000061035156,0.0,6440800
2013-03-25,38.79800033569336,60.209999084472656,0.0,61.189998626708984,60.060001373291016,61.0,0.0,5776900
2013-03-26,38.94620132446289,60.439998626708984,0.0,60.619998931884766,60.08000183105469,60.5,0.0,4516300
2013-03-27,38.90754318237305,60.380001068115234,0.0,60.709999084472656,60.029998779296875,60.20000076293945,0.0,4103200
2013-03-28,38.72712326049805,60.099998474121094,0.0,60.59000015258789,60.060001373291016,60.400001525878906,0.0,5293000
2013-04-01,38.97199249267578,60.47999954223633,0.0,60.70000076293945,60.02000045776367,60.20000076293945,0.0,4118900
2013-04-02,38.68846130371094,60.040000915527344,0.0,60.650001525878906,59.849998474121094,60.58000183105469,0.0,4769900
2013-04-03,38.19872283935547,59.279998779296875,0.0,60.349998474121094,59.130001068115234,60.13999938964844,0.0,5535500
2013-04-04,37.94097137451172,58.880001068115234,0.0,59.40999984741211,58.70000076293945,59.220001220703125,0.0,4965200
2013-04-05,37.72188949584961,58.540000915527344,0.0,58.689998626708984,58.060001373291016,58.380001068115234,0.0,6736500
2013-04-08,38.21806716918945,59.310001373291016,0.0,59.34000015258789,58.5099983215332,58.599998474121094,0.0,4744100
2013-04-09,38.52090835571289,59.779998779296875,0.0,60.060001373291016,59.0,59.5099983215332,0.0,4618100
2013-04-10,38.823768615722656,60.25,0.0,60.599998474121094,59.88999938964844,59.97999954223633,0.0,5449400
2013-04-11,38.765785217285156,60.15999984741211,0.0,60.630001068115234,59.83000183105469,60.400001525878906,0.0,6837200
2013-04-12,38.250274658203125,59.36000061035156,0.0,59.86000061035156,59.08000183105469,59.630001068115234,0.0,5148200
2013-04-15,36.88419723510742,57.2400016784668,0.0,58.720001220703125,57.20000076293945,58.720001220703125,0.0,9785400
2013-04-16,37.01307678222656,57.439998626708984,0.0,58.0099983215332,56.880001068115234,58.0099983215332,0.0,9318800
2013-04-17,36.60711669921875,56.810001373291016,0.0,57.20000076293945,56.380001068115234,57.16999816894531,0.0,7038700
2013-04-18,36.93574905395508,57.31999969482422,0.0,57.56999969482422,56.470001220703125,56.959999084472656,0.0,6182100
2013-04-19,37.04529571533203,57.4900016784668,0.0,57.9900016784668,57.040000915527344,57.63999938964844,0.0,6411900
2013-04-22,36.98085403442383,57.38999938964844,0.0,57.790000915527344,56.91999816894531,57.58000183105469,0.0,5465400
2013-04-23,37.23215866088867,57.779998779296875,0.0,57.79999923706055,57.0,57.61000061035156,0.0,7522300
2013-04-24,37.54146194458008,58.2599983215332,0.0,58.54999923706055,57.88999938964844,57.88999938964844,0.0,7812100
2013-04-25,37.61235046386719,58.369998931884766,0.0,58.77000045776367,57.720001220703125,58.369998931884766,0.0,6285700
2013-04-26,37.960304260253906,58.90999984741211,0.0,59.0,58.36000061035156,58.41999816894531,0.0,6303600
2013-04-29,38.598243713378906,59.900001525878906,0.0,60.04999923706055,59.02000045776367,59.290000915527344,0.0,5645200
2013-04-30,38.95265579223633,60.45000076293945,0.0,60.45000076293945,59.5099983215332,59.84000015258789,0.0,6207700
2013-05-01,38.66912078857422,60.0099983215332,0.0,60.720001220703125,59.900001525878906,60.150001525878906,0.0,7150200
2013-05-02,39.28129577636719,60.959999084472656,0.0,61.22999954223633,59.95000076293945,60.099998474121094,0.0,8343100
2013-05-03,39.89987564086914,61.91999816894531,0.0,61.970001220703125,61.25,61.40999984741211,0.0,6456400
2013-05-06,40.09320068359375,62.220001220703125,0.0,62.41999816894531,61.709999084472656,61.959999084472656,0.0,5802500
2013-05-07,40.492713928222656,62.84000015258789,0.0,62.9900016784668,62.2599983215332,62.380001068115234,0.0,5933700
2013-05-08,40.33162307739258,62.59000015258789,0.0,62.939998626708984,62.33000183105469,62.79999923706055,0.0,6497100
2013-05-09,40.325172424316406,62.58000183105469,0.0,62.88999938964844,62.33000183105469,62.560001373291016,0.0,11026300
2013-05-10,40.099647521972656,62.22999954223633,0.0,62.58000183105469,61.81999969482422,62.439998626708984,0.0,12466000
2013-05-13,39.951446533203125,62.0,0.0,62.33000183105469,61.75,62.11000061035156,0.0,12518500
2013-05-14,40.63447189331055,63.060001373291016,0.0,63.13999938964844,61.84000015258789,62.02000045776367,0.0,6927600
2013-05-15,40.22207260131836,62.41999816894531,0.0,62.84000015258789,61.86000061035156,62.84000015258789,0.0,8092100
2013-05-16,40.228515625,62.43000030517578,0.0,62.869998931884766,62.2400016784668,62.369998931884766,0.0,5214000
2013-05-17,40.795570373535156,63.310001373291016,0.0,63.310001373291016,62.369998931884766,62.38999938964844,0.0,7076800
2013-05-20,41.25950622558594,64.02999877929688,0.0,64.45999908447266,63.25,63.29999923706055,0.0,6215900
2013-05-21,41.4399528503418,64.30999755859375,0.0,64.7699966430664,63.79999923706055,64.25,0.0,6543700
2013-05-22,40.84748077392578,62.7400016784668,0.66,63.970001220703125,62.56999969482422,63.540000915527344,0.0,9364600
2013-05-23,40.88003921508789,62.790000915527344,0.0,62.93000030517578,61.900001525878906,62.029998779296875,0.0,5274700
2013-05-24,40.710758209228516,62.529998779296875,0.0,62.619998931884766,62.18000030517578,62.540000915527344,0.0,4623700
2013-05-28,40.9125862121582,62.84000015258789,0.0,63.61000061035156,62.720001220703125,63.2400016784668,0.0,5906600
2013-05-29,40.87351608276367,62.779998779296875,0.0,63.0099983215332,62.20000076293945,62.4900016784668,0.0,6431700
2013-05-30,40.54800033569336,62.279998779296875,0.0,62.61000061035156,62.04999923706055,62.58000183105469,0.0,5658200
2013-05-31,39.935997009277344,61.34000015258789,0.0,62.650001525878906,61.34000015258789,62.119998931884766,0.0,8032400
2013-06-03,40.424285888671875,62.09000015258789,0.0,62.099998474121094,61.279998779296875,61.58000183105469,0.0,6813400
2013-06-04,40.1573600769043,61.68000030517578,0.0,62.08000183105469,61.31999969482422,61.88999938964844,0.0,5171300
2013-06-05,40.118289947509766,61.619998931884766,0.0,62.11000061035156,61.439998626708984,61.959999084472656,0.0,7571900
2013-06-06,40.307106018066406,61.90999984741211,0.0,61.91999816894531,60.959999084472656,61.5099983215332,0.0,6616200
2013-06-07,40.574039459228516,62.31999969482422,0.0,62.380001068115234,61.7599983215332,62.16999816894531,0.0,5081700
2013-06-10,40.495914459228516,62.20000076293945,0.0,62.439998626708984,61.95000076293945,62.36000061035156,0.0,4148100
2013-06-11,40.307106018066406,61.90999984741211,0.0,62.18000030517578,61.36000061035156,61.720001220703125,0.0,4698000
2013-06-12,39.63651657104492,60.880001068115234,0.0,62.27000045776367,60.790000915527344,62.27000045776367,0.0,5031600
2013-06-13,40.13783645629883,61.650001525878906,0.0,61.720001220703125,60.380001068115234,60.66999816894531,0.0,5346900
2013-06-14,39.73417663574219,61.029998779296875,0.0,61.709999084472656,60.869998931884766,61.66999816894531,0.0,3327800
2013-06-17,40.3266487121582,61.939998626708984,0.0,62.04999923706055,61.439998626708984,61.45000076293945,0.0,3664000
2013-06-18,40.43081283569336,62.099998474121094,0.0,62.22999954223633,61.75,61.939998626708984,0.0,3437300
2013-06-19,40.176883697509766,61.709999084472656,0.0,62.56999969482422,61.709999084472656,62.150001525878906,0.0,5932600
2013-06-20,39.24588394165039,60.279998779296875,0.0,61.209999084472656,60.119998931884766,61.130001068115234,0.0,7998200
2013-06-21,39.29795455932617,60.36000061035156,0.0,60.79999923706055,59.54999923706055,60.77000045776367,0.0,8780900
2013-06-24,38.640384674072266,59.349998474121094,0.0,59.900001525878906,58.709999084472656,59.779998779296875,0.0,7389700
2013-06-25,38.95291519165039,59.83000183105469,0.0,60.02000045776367,59.369998931884766,59.810001373291016,0.0,6078400
2013-06-26,39.2784309387207,60.33000183105469,0.0,60.45000076293945,59.7599983215332,60.369998931884766,0.0,4009600
2013-06-27,39.284934997558594,60.34000015258789,0.0,61.099998474121094,60.310001373291016,60.619998931884766,0.0,3704500
2013-06-28,39.38911437988281,60.5,0.0,60.77000045776367,60.040000915527344,60.29999923706055,0.0,6160900
2013-07-01,39.8643913269043,61.22999954223633,0.0,61.630001068115234,60.72999954223633,60.72999954223633,0.0,5100100
2013-07-02,40.228973388671875,61.790000915527344,0.0,62.189998626708984,61.04999923706055,61.209999084472656,0.0,6708000
2013-07-03,40.26152801513672,61.84000015258789,0.0,62.0099983215332,61.060001373291016,61.470001220703125,0.0,3780700
2013-07-05,40.567527770996094,62.310001373291016,0.0,62.41999816894531,61.52000045776367,62.11000061035156,0.0,4281700
2013-07-08,41.04280090332031,63.040000915527344,0.0,63.209999084472656,62.310001373291016,62.5099983215332,0.0,5872800
2013-07-09,41.34230041503906,63.5,0.0,63.68000030517578,63.209999084472656,63.310001373291016,0.0,4831500
2013-07-10,41.361820220947266,63.529998779296875,0.0,63.880001068115234,63.310001373291016,63.619998931884766,0.0,4849600
2013-07-11,41.876155853271484,64.31999969482422,0.0,64.44000244140625,63.880001068115234,64.11000061035156,0.0,6187500
2013-07-12,42.21470260620117,64.83999633789062,0.0,64.8499984741211,64.25,64.26000213623047,0.0,16577100
2013-07-15,42.4881591796875,65.26000213623047,0.0,65.31999969482422,64.66999816894531,64.79000091552734,0.0,15601600
2013-07-16,42.286319732666016,64.94999694824219,0.0,65.4000015258789,64.70999908447266,65.23999786376953,0.0,16526800
2013-07-17,42.6834716796875,65.55999755859375,0.0,65.63999938964844,65.12999725341797,65.23999786376953,0.0,4853300
2013-07-18,42.96639633178711,65.30000305175781,0.69,65.77999877929688,65.1500015258789,65.37000274658203,0.0,5061400
2013-07-19,43.42697525024414,66.0,0.0,66.0,65.27999877929688,65.58999633789062,0.0,6958100
2013-07-22,43.31515121459961,65.83000183105469,0.0,66.16999816894531,65.72000122070312,66.08000183105469,0.0,3984000
2013-07-23,43.505958557128906,66.12000274658203,0.0,66.23999786376953,65.91999816894531,65.97000122070312,0.0,4089800
2013-07-24,43.1572380065918,65.58999633789062,0.0,66.25,65.12999725341797,66.25,0.0,5025400
2013-07-25,43.23618698120117,65.70999908447266,0.0,65.93000030517578,65.30000305175781,65.41000366210938,0.0,4094800
2013-07-26,43.24276351928711,65.72000122070312,0.0,65.7300033569336,65.33000183105469,65.41000366210938,0.0,3118000
2013-07-29,42.88743209838867,65.18000030517578,0.0,65.58000183105469,64.9000015258789,65.54000091552734,0.0,4255200
2013-07-30,42.657142639160156,64.83000183105469,0.0,65.45999908447266,64.51000213623047,65.44999694824219,0.0,5285100
2013-07-31,42.67688751220703,64.86000061035156,0.0,65.63999938964844,64.86000061035156,64.91999816894531,0.0,5529900
2013-08-01,43.486209869384766,66.08999633789062,0.0,66.29000091552734,65.5199966430664,65.72000122070312,0.0,7272900
2013-08-02,44.23631286621094,67.2300033569336,0.0,67.2300033569336,65.79000091552734,65.95999908447266,0.0,7520800
2013-08-05,44.20999526977539,67.19000244140625,0.0,67.41999816894531,66.56999969482422,67.0,0.0,4002600
2013-08-06,44.144203186035156,67.08999633789062,0.0,67.47000122070312,66.62999725341797,67.12000274658203,0.0,6248000
2013-08-07,43.769142150878906,66.5199966430664,0.0,66.97000122070312,66.27999877929688,66.93000030517578,0.0,4168400
2013-08-08,44.144203186035156,67.08999633789062,0.0,67.29000091552734,66.37000274658203,67.04000091552734,0.0,4646200
2013-08-09,43.9731330871582,66.83000183105469,0.0,67.0199966430664,66.16999816894531,67.01000213623047,0.0,3668600
2013-08-12,43.492801666259766,66.0999984741211,0.0,66.5199966430664,66.05999755859375,66.31999969482422,0.0,4489200
2013-08-13,44.019195556640625,66.9000015258789,0.0,67.30000305175781,66.30000305175781,66.43000030517578,0.0,4963300
2013-08-14,44.19025421142578,67.16000366210938,0.0,67.5,66.72000122070312,67.1500015258789,0.0,6488600
2013-08-15,44.492923736572266,67.62000274658203,0.0,67.69999694824219,66.62000274658203,66.76000213623047,0.0,6475900
2013-08-16,44.334999084472656,67.37999725341797,0.0,67.91000366210938,66.97000122070312,67.37000274658203,0.0,6536000
2013-08-19,43.31515121459961,65.83000183105469,0.0,67.41000366210938,65.79000091552734,67.41000366210938,0.0,6449400
2013-08-20,43.41383361816406,65.9800033569336,0.0,66.4000015258789,65.55999755859375,65.81999969482422,0.0,5589600
2013-08-21,43.11116409301758,65.5199966430664,0.0,66.0199966430664,65.29000091552734,65.97000122070312,0.0,4414200
2013-08-22,43.52570724487305,66.1500015258789,0.0,66.43000030517578,65.44999694824219,65.58000183105469,0.0,4100800
2013-08-23,43.788883209228516,66.55000305175781,0.0,66.6500015258789,66.04000091552734,66.26000213623047,0.0,4396400
2013-08-26,43.63097381591797,66.30999755859375,0.0,66.94000244140625,66.20999908447266,66.58999633789062,0.0,3214400
2013-08-27,43.440155029296875,66.0199966430664,0.0,66.55999755859375,65.94000244140625,65.94999694824219,0.0,5352100
2013-08-28,43.93365478515625,66.7699966430664,0.0,67.33000183105469,66.18000030517578,66.18000030517578,0.0,6656000
2013-08-29,43.53227233886719,66.16000366210938,0.0,66.55000305175781,65.9800033569336,66.51000213623047,0.0,4382800
2013-08-30,43.6243782043457,66.30000305175781,0.0,66.54000091552734,66.12000274658203,66.27999877929688,0.0,4963300
2013-09-03,43.94679641723633,66.79000091552734,0.0,66.98999786376953,66.51000213623047,66.95999908447266,0.0,5541900
2013-09-04,44.51926040649414,67.66000366210938,0.0,68.0999984741211,66.70999908447266,66.87000274658203,0.0,6529100
2013-09-05,44.59162139892578,67.7699966430664,0.0,68.11000061035156,67.45999908447266,67.66000366210938,0.0,4285000
2013-09-06,44.874549865722656,68.19999694824219,0.0,68.7699966430664,67.44999694824219,67.87999725341797,0.0,5990100
2013-09-09,45.3154182434082,68.87000274658203,0.0,68.91999816894531,68.05000305175781,68.25,0.0,5166400
2013-09-10,45.17724609375,68.66000366210938,0.0,68.97000122070312,68.30999755859375,68.9000015258789,0.0,4464700
2013-09-11,45.50621795654297,69.16000366210938,0.0,69.37999725341797,68.58000183105469,68.7300033569336,0.0,3782500
2013-09-12,45.256195068359375,68.77999877929688,0.0,69.20999908447266,68.72000122070312,69.19000244140625,0.0,3616300
2013-09-13,45.52596664428711,69.19000244140625,0.0,69.41999816894531,68.87999725341797,69.13999938964844,0.0,3996100
2013-09-16,45.62466049194336,69.33999633789062,0.0,69.80999755859375,69.13999938964844,69.7699966430664,0.0,4780300
2013-09-17,45.861549377441406,69.69999694824219,0.0,69.91999816894531,69.26000213623047,69.30999755859375,0.0,3737500
2013-09-18,46.427398681640625,70.55999755859375,0.0,70.94000244140625,69.41999816894531,69.58999633789062,0.0,5209400
2013-09-19,46.61162567138672,70.83999633789062,0.0,70.91000366210938,70.05999755859375,70.5999984741211,0.0,4741300
2013-09-20,46.716915130615234,71.0,0.0,71.08999633789062,70.2699966430664,70.8499984741211,0.0,10130600
2013-09-23,46.4405632019043,70.58000183105469,0.0,70.7300033569336,69.80000305175781,70.66000366210938,0.0,4680500
2013-09-24,46.3221321105957,70.4000015258789,0.0,71.04000091552734,70.33999633789062,70.62999725341797,0.0,5739700
2013-09-25,46.26948165893555,70.31999969482422,0.0,70.69000244140625,70.02999877929688,70.48999786376953,0.0,3970000
2013-09-26,46.210269927978516,70.2300033569336,0.0,70.44000244140625,69.88999938964844,70.33999633789062,0.0,3836600
2013-09-27,46.262908935546875,70.30999755859375,0.0,70.37999725341797,69.91999816894531,70.16000366210938,0.0,3423000
2013-09-30,45.736534118652344,69.51000213623047,0.0,69.91999816894531,69.30000305175781,69.69000244140625,0.0,4802100
2013-10-01,46.08525085449219,70.04000091552734,0.0,70.44999694824219,69.31999969482422,69.45999908447266,0.0,4141300
2013-10-02,46.29580307006836,70.36000061035156,0.0,70.56999969482422,69.75,70.0199966430664,0.0,5022400
2013-10-03,46.170799255371094,70.16999816894531,0.0,70.31999969482422,69.56999969482422,70.19000244140625,0.0,6550800
2013-10-04,46.69718551635742,70.97000122070312,0.0,70.98999786376953,70.02999877929688,70.18000030517578,0.0,4996700
2013-10-07,46.63796615600586,70.87999725341797,0.0,71.18000030517578,70.1500015258789,70.4000015258789,0.0,4621600
2013-10-08,46.170799255371094,70.16999816894531,0.0,71.12999725341797,70.1500015258789,70.7699966430664,0.0,5142800
2013-10-09,45.907588958740234,69.7699966430664,0.0,70.38999938964844,69.62000274658203,70.23999786376953,0.0,5768400
2013-10-10,47.23670959472656,71.08000183105469,0.69,71.11000061035156,69.69000244140625,69.80000305175781,0.0,4454400
2013-10-11,47.65538787841797,71.70999908447266,0.0,71.8499984741211,70.76000213623047,70.81999969482422,0.0,4592100
2013-10-14,47.82151794433594,71.95999908447266,0.0,72.02999877929688,71.25,71.30000305175781,0.0,4223800
2013-10-15,47.775001525878906,71.88999938964844,0.0,72.25,71.47000122070312,71.9000015258789,0.0,6252200
2013-10-16,48.48606872558594,72.95999908447266,0.0,73.08999633789062,72.19999694824219,72.31999969482422,0.0,5534800
2013-10-17,48.7851448059082,73.41000366210938,0.0,73.47000122070312,72.54000091552734,72.68000030517578,0.0,4494300
2013-10-18,48.79841613769531,73.43000030517578,0.0,73.58999633789062,72.7300033569336,73.58000183105469,0.0,5223700
2013-10-21,48.5458984375,73.05000305175781,0.0,73.58000183105469,72.9000015258789,73.52999877929688,0.0,3407000
2013-10-22,48.685462951660156,73.26000213623047,0.0,73.52999877929688,72.87999725341797,73.26000213623047,0.0,3597300
2013-10-23,48.107276916503906,72.38999938964844,0.0,72.91999816894531,71.94999694824219,72.91999816894531,0.0,4442600
2013-10-24,48.771846771240234,73.38999938964844,0.0,73.48999786376953,72.44000244140625,72.66999816894531,0.0,3707900
2013-10-25,49.21708297729492,74.05999755859375,0.0,74.0999984741211,73.01000213623047,73.52999877929688,0.0,4218700
2013-10-28,49.104122161865234,73.88999938964844,0.0,74.05999755859375,73.5999984741211,73.91000366210938,0.0,3480100
2013-10-29,49.40317916870117,74.33999633789062,0.0,74.58999633789062,74.0,74.19999694824219,0.0,3389900
2013-10-30,48.678794860839844,73.25,0.0,74.4800033569336,72.87000274658203,74.4000015258789,0.0,5278500
2013-10-31,48.731964111328125,73.33000183105469,0.0,74.4800033569336,73.27999877929688,73.66000366210938,0.0,5556600
2013-11-01,48.57246398925781,73.08999633789062,0.0,73.55999755859375,72.20999908447266,73.55999755859375,0.0,4921000
2013-11-04,48.731964111328125,73.33000183105469,0.0,73.51000213623047,72.83999633789062,73.37000274658203,0.0,3604300
2013-11-05,48.22692108154297,72.56999969482422,0.0,73.27999877929688,72.5,73.02999877929688,0.0,4592500
2013-11-06,49.11076736450195,73.9000015258789,0.0,73.97000122070312,73.11000061035156,73.19000244140625,0.0,5644300
2013-11-07,48.187042236328125,72.51000213623047,0.0,73.93000030517578,72.2699966430664,73.8499984741211,0.0,5836600
2013-11-08,48.97121047973633,73.69000244140625,0.0,73.72000122070312,72.37000274658203,72.48999786376953,0.0,4819600
2013-11-11,48.884788513183594,73.55999755859375,0.0,73.83000183105469,73.33000183105469,73.45999908447266,0.0,2786700
2013-11-12,48.39305114746094,72.81999969482422,0.0,73.47000122070312,72.61000061035156,73.25,0.0,3125000
2013-11-13,48.73862075805664,73.33999633789062,0.0,73.36000061035156,72.56999969482422,72.73999786376953,0.0,3463600
2013-11-14,48.96456527709961,73.68000030517578,0.0,73.80000305175781,73.19999694824219,73.58000183105469,0.0,3833000
2013-11-15,48.7120475769043,73.30000305175781,0.0,73.56999969482422,72.75,73.55000305175781,0.0,5341200
2013-11-18,48.05411911010742,72.30999755859375,0.0,73.62999725341797,72.19999694824219,73.47000122070312,0.0,4718300
2013-11-19,48.020896911621094,72.26000213623047,0.0,72.69000244140625,71.76000213623047,72.12000274658203,0.0,7124200
2013-11-20,48.014244079589844,72.25,0.0,72.93000030517578,72.08999633789062,72.48999786376953,0.0,4139300
2013-11-21,48.73862075805664,73.33999633789062,0.0,73.5999984741211,72.4000015258789,72.47000122070312,0.0,3988900
2013-11-22,49.19050979614258,74.0199966430664,0.0,74.06999969482422,73.23999786376953,73.48999786376953,0.0,3633800
2013-11-25,48.38639450073242,72.80999755859375,0.0,73.91999816894531,72.75,73.76000213623047,0.0,5294800
2013-11-26,48.466129302978516,72.93000030517578,0.0,73.51000213623047,72.48999786376953,72.81999969482422,0.0,4089800
2013-11-27,48.2601318359375,72.62000274658203,0.0,73.4000015258789,72.37999725341797,72.94000244140625,0.0,3301300
2013-11-29,48.37974548339844,72.80000305175781,0.0,73.54000091552734,72.5,72.63999938964844,0.0,2434300
2013-12-02,48.22692108154297,72.56999969482422,0.0,73.48999786376953,72.25,73.38999938964844,0.0,5696100
2013-12-03,48.16044235229492,72.47000122070312,0.0,73.13999938964844,72.13999938964844,72.47000122070312,0.0,5411900
2013-12-04,47.456016540527344,71.41000366210938,0.0,72.62000274658203,71.12000274658203,72.33999633789062,0.0,5399100
2013-12-05,47.077205657958984,70.83999633789062,0.0,71.3499984741211,70.12000274658203,71.20999908447266,0.0,5040400
2013-12-06,47.03068542480469,70.7699966430664,0.0,71.4800033569336,70.19999694824219,71.18000030517578,0.0,5560700
2013-12-09,46.8114128112793,70.44000244140625,0.0,70.98999786376953,70.19999694824219,70.55000305175781,0.0,4952900
2013-12-10,46.72500228881836,70.30999755859375,0.0,70.62999725341797,69.80999755859375,70.19999694824219,0.0,4712300
2013-12-11,45.927528381347656,69.11000061035156,0.0,70.33000183105469,69.05000305175781,70.30999755859375,0.0,5776900
2013-12-12,46.17344284057617,69.4800033569336,0.0,69.79000091552734,68.91000366210938,69.12999725341797,0.0,5714600
2013-12-13,46.14019012451172,69.43000030517578,0.0,70.16000366210938,69.29000091552734,69.54000091552734,0.0,4649000
2013-12-16,46.37944030761719,69.79000091552734,0.0,70.13999938964844,69.5199966430664,69.69999694824219,0.0,4167400
2013-12-17,45.89430236816406,69.05999755859375,0.0,69.8499984741211,69.05000305175781,69.81999969482422,0.0,4880900
2013-12-18,46.12024688720703,69.4000015258789,0.0,69.5999984741211,68.2300033569336,69.44999694824219,0.0,7959500
2013-12-19,45.907588958740234,69.08000183105469,0.0,69.37999725341797,68.72000122070312,68.91000366210938,0.0,6962200
2013-12-20,46.43923568725586,69.87999725341797,0.0,70.48999786376953,69.05000305175781,69.11000061035156,0.0,8311700
2013-12-23,46.22658157348633,69.55999755859375,0.0,70.75,69.44999694824219,70.08000183105469,0.0,4177400
2013-12-24,46.47248077392578,69.93000030517578,0.0,69.9800033569336,69.30999755859375,69.62999725341797,0.0,1625000
2013-12-26,46.6452522277832,70.19000244140625,0.0,70.44000244140625,69.93000030517578,70.0,0.0,2413200
2013-12-27,46.778167724609375,70.38999938964844,0.0,70.58999633789062,70.05999755859375,70.06999969482422,0.0,1965600
2013-12-30,46.45917892456055,69.91000366210938,0.0,70.63999938964844,69.87000274658203,70.47000122070312,0.0,3035400
2013-12-31,46.95094680786133,70.6500015258789,0.0,70.73999786376953,69.75,69.94999694824219,0.0,3281300
2014-01-02,46.37278747558594,69.77999877929688,0.0,70.91999816894531,69.52999877929688,70.2699966430664,0.0,4351800
2014-01-03,46.49241256713867,69.95999908447266,0.0,70.3499984741211,69.83000183105469,70.08000183105469,0.0,3095000
2014-01-06,46.6917724609375,70.26000213623047,0.0,70.80999755859375,70.0199966430664,70.33999633789062,0.0,4418300
2014-01-07,46.76488494873047,70.37000274658203,0.0,70.48999786376953,69.95999908447266,70.25,0.0,3659500
2014-01-08,46.3129768371582,69.69000244140625,0.0,70.4800033569336,69.5199966430664,70.4800033569336,0.0,6405300
2014-01-09,46.160125732421875,69.45999908447266,0.0,69.93000030517578,69.12999725341797,69.80999755859375,0.0,4078900
2014-01-10,45.76803970336914,68.87000274658203,0.0,69.77999877929688,68.79000091552734,69.62000274658203,0.0,4799400
2014-01-13,45.017086029052734,67.73999786376953,0.0,68.75,67.4800033569336,68.68000030517578,0.0,7244000
2014-01-14,45.40253829956055,68.31999969482422,0.0,68.37999725341797,67.66000366210938,67.83000183105469,0.0,4783800
2014-01-15,45.2430419921875,68.08000183105469,0.0,68.69999694824219,67.80999755859375,68.37000274658203,0.0,4573700
2014-01-16,45.07689666748047,67.83000183105469,0.0,68.06999969482422,67.08999633789062,68.05000305175781,0.0,5356700
2014-01-17,44.8642578125,67.51000213623047,0.0,68.29000091552734,67.5,68.0199966430664,0.0,4852000
2014-01-21,45.36266326904297,68.26000213623047,0.0,68.2699966430664,67.70999908447266,68.08000183105469,0.0,4711800
2014-01-22,45.435760498046875,68.37000274658203,0.0,68.79000091552734,68.05000305175781,68.48999786376953,0.0,4100700
2014-01-23,45.09019470214844,67.8499984741211,0.0,68.58999633789062,67.5999984741211,68.05000305175781,0.0,4333500
2014-01-24,44.23955154418945,66.56999969482422,0.0,67.7699966430664,66.4000015258789,67.7699966430664,0.0,6016100
2014-01-27,43.76772689819336,65.86000061035156,0.0,66.5999984741211,65.63999938964844,66.27999877929688,0.0,5381000
2014-01-28,44.00031661987305,66.20999908447266,0.0,66.27999877929688,65.7300033569336,65.94999694824219,0.0,4338000
2014-01-29,43.741127014160156,65.81999969482422,0.0,66.20999908447266,65.33999633789062,66.16999816894531,0.0,5671600
2014-01-30,43.69462966918945,65.75,0.0,66.6500015258789,65.31999969482422,66.5999984741211,0.0,5527800
2014-01-31,43.16297912597656,64.94999694824219,0.0,65.4800033569336,64.3499984741211,65.05000305175781,0.0,10717600
2014-02-03,42.438602447509766,63.86000061035156,0.0,65.38999938964844,63.77000045776367,65.0999984741211,0.0,7768000
2014-02-04,42.33892059326172,63.709999084472656,0.0,64.08000183105469,63.45000076293945,64.0199966430664,0.0,6543700
2014-02-05,42.17278289794922,63.459999084472656,0.0,63.810001373291016,62.7400016784668,63.68000030517578,0.0,6528300
2014-02-06,42.73101043701172,64.30000305175781,0.0,64.4000015258789,63.459999084472656,63.68000030517578,0.0,5546800
2014-02-07,43.17627716064453,64.97000122070312,0.0,65.0,64.16000366210938,64.79000091552734,0.0,5337100
2014-02-10,42.91709899902344,64.58000183105469,0.0,64.95999908447266,64.12999725341797,64.95999908447266,0.0,5854800
2014-02-11,43.575016021728516,65.56999969482422,0.0,65.69999694824219,64.5999984741211,64.6500015258789,0.0,5754200
2014-02-12,43.342403411865234,65.22000122070312,0.0,66.79000091552734,65.08999633789062,66.62999725341797,0.0,6962800
2014-02-13,43.46330261230469,64.70999908447266,0.69,65.11000061035156,64.2300033569336,64.44000244140625,0.0,5844700
2014-02-14,44.014076232910156,65.52999877929688,0.0,65.6500015258789,64.5,64.66000366210938,0.0,4596800
2014-02-18,43.90660095214844,65.37000274658203,0.0,65.7300033569336,65.19999694824219,65.56999969482422,0.0,4877100
2014-02-19,43.65808868408203,65.0,0.0,66.0,64.98999786376953,65.26000213623047,0.0,6144900
2014-02-20,43.60436248779297,64.91999816894531,0.0,65.19999694824219,64.87000274658203,64.9800033569336,0.0,6111800
2014-02-21,43.44316482543945,64.68000030517578,0.0,65.02999877929688,64.62999725341797,64.98999786376953,0.0,6576200
2014-02-24,44.61186218261719,66.41999816894531,0.0,66.79000091552734,64.9800033569336,65.0,0.0,8054500
2014-02-25,44.67900848388672,66.5199966430664,0.0,66.8499984741211,66.13999938964844,66.30000305175781,0.0,5871500
2014-02-26,44.41706466674805,66.12999725341797,0.0,66.80000305175781,65.83000183105469,66.62999725341797,0.0,5159400
2014-02-27,44.49766540527344,66.25,0.0,66.25,65.33000183105469,66.0,0.0,4988900
2014-02-28,44.66558837890625,66.5,0.0,66.87999725341797,65.62000274658203,66.29000091552734,0.0,6263300
2014-03-03,44.5379753112793,66.30999755859375,0.0,67.19999694824219,65.9800033569336,66.36000061035156,0.0,6218300
2014-03-04,44.66558837890625,66.5,0.0,66.88999938964844,66.3499984741211,66.80000305175781,0.0,4906600
2014-03-05,44.53124237060547,66.30000305175781,0.0,67.0,66.25,66.58000183105469,0.0,4671500
2014-03-06,44.59170913696289,66.38999938964844,0.0,66.66999816894531,66.30000305175781,66.5999984741211,0.0,3996600
2014-03-07,44.67230987548828,66.51000213623047,0.0,67.0,66.30999755859375,66.63999938964844,0.0,4938700
2014-03-10,44.927547454833984,66.88999938964844,0.0,66.94000244140625,66.0999984741211,66.4000015258789,0.0,3711400
2014-03-11,44.68573760986328,66.52999877929688,0.0,67.38999938964844,66.27999877929688,67.0,0.0,4415600
2014-03-12,44.69245910644531,66.54000091552734,0.0,66.75,66.01000213623047,66.16999816894531,0.0,4135300
2014-03-13,44.544677734375,66.31999969482422,0.0,66.83999633789062,66.08999633789062,66.77999877929688,0.0,4531900
2014-03-14,44.732749938964844,66.5999984741211,0.0,66.70999908447266,66.04000091552734,66.08999633789062,0.0,4648300
2014-03-17,45.196189880371094,67.29000091552734,0.0,67.29000091552734,66.6500015258789,66.73999786376953,0.0,4663900
2014-03-18,45.740238189697266,68.0999984741211,0.0,68.12000274658203,67.3499984741211,67.41999816894531,0.0,5658600
2014-03-19,45.33726119995117,67.5,0.0,68.41000366210938,67.02999877929688,68.37999725341797,0.0,4322600
2014-03-20,45.60590744018555,67.9000015258789,0.0,68.0,67.11000061035156,67.41000366210938,0.0,3968600
2014-03-21,45.32383346557617,67.4800033569336,0.0,68.4800033569336,67.47000122070312,68.45999908447266,0.0,9094200
2014-03-24,45.377532958984375,67.55999755859375,0.0,68.06999969482422,67.41000366210938,67.68000030517578,0.0,5339900
2014-03-25,45.93500900268555,68.38999938964844,0.0,68.47000122070312,67.68000030517578,67.94000244140625,0.0,5986600
2014-03-26,46.076072692871094,68.5999984741211,0.0,69.19000244140625,68.48999786376953,68.70999908447266,0.0,5732100
2014-03-27,46.53953552246094,69.29000091552734,0.0,69.61000061035156,68.61000061035156,68.61000061035156,0.0,6049900
2014-03-28,47.251468658447266,70.3499984741211,0.0,70.4000015258789,69.16999816894531,69.43000030517578,0.0,5763100
2014-03-31,47.251468658447266,70.3499984741211,0.0,70.98999786376953,70.12999725341797,70.76000213623047,0.0,5020800
2014-04-01,47.22461700439453,70.30999755859375,0.0,70.66999816894531,70.12999725341797,70.47000122070312,0.0,4957700
2014-04-02,47.61417770385742,70.88999938964844,0.0,71.0,70.25,70.30999755859375,0.0,5672800
2014-04-03,47.150733947753906,70.19999694824219,0.0,70.91999816894531,70.18000030517578,70.91999816894531,0.0,5161000
2014-04-04,47.16416931152344,70.22000122070312,0.0,71.0,70.04000091552734,70.83000183105469,0.0,5520200
2014-04-07,46.66714859008789,69.4800033569336,0.0,70.23999786376953,69.33000183105469,70.23999786376953,0.0,5528800
2014-04-08,47.06342315673828,70.06999969482422,0.0,70.2300033569336,69.45999908447266,70.01000213623047,0.0,5751200
2014-04-09,48.050758361816406,71.54000091552734,0.0,71.55999755859375,70.06999969482422,70.11000061035156,0.0,7536400
2014-04-10,46.82161331176758,69.70999908447266,0.0,70.83000183105469,69.70999908447266,70.7300033569336,0.0,7581100
2014-04-11,47.60076141357422,70.87000274658203,0.0,71.36000061035156,69.9800033569336,70.27999877929688,0.0,8390800
2014-04-14,48.03059768676758,71.51000213623047,0.0,71.62999725341797,70.58999633789062,71.62999725341797,0.0,6240700
2014-04-15,48.99110794067383,72.94000244140625,0.0,73.0199966430664,71.29000091552734,71.47000122070312,0.0,7615000
2014-04-16,49.55529022216797,73.77999877929688,0.0,73.87000274658203,73.19000244140625,73.37999725341797,0.0,7284800
2014-04-17,50.220237731933594,74.7699966430664,0.0,74.88999938964844,73.55000305175781,73.56999969482422,0.0,7229700
2014-04-21,50.10605239868164,74.5999984741211,0.0,74.94999694824219,74.19999694824219,74.7300033569336,0.0,6328900
2014-04-22,49.81722640991211,74.16999816894531,0.0,74.69000244140625,73.94000244140625,74.69000244140625,0.0,5086300
2014-04-23,49.716487884521484,74.0199966430664,0.0,74.54000091552734,73.94999694824219,74.16000366210938,0.0,5285700
2014-04-24,50.03216552734375,74.48999786376953,0.0,74.63999938964844,73.94999694824219,74.41999816894531,0.0,5250300
2014-04-25,49.97171401977539,74.4000015258789,0.0,74.5,74.1500015258789,74.44000244140625,0.0,4658500
2014-04-28,50.1396369934082,74.6500015258789,0.0,74.83000183105469,74.08000183105469,74.55999755859375,0.0,5190800
2014-04-29,50.15979766845703,74.68000030517578,0.0,75.33999633789062,74.66999816894531,74.98999786376953,0.0,5293400
2014-04-30,49.911277770996094,74.30999755859375,0.0,75.02999877929688,74.16999816894531,75.02999877929688,0.0,6853600
2014-05-01,50.39487838745117,75.02999877929688,0.0,75.33000183105469,74.05000305175781,75.01000213623047,0.0,5895900
2014-05-02,51.39563751220703,76.5199966430664,0.0,76.8499984741211,74.87000274658203,74.87999725341797,0.0,9359500
2014-05-05,51.64414978027344,76.88999938964844,0.0,77.30000305175781,76.22000122070312,76.4000015258789,0.0,5842700
2014-05-06,51.771766662597656,77.08000183105469,0.0,77.30000305175781,76.63999938964844,77.19999694824219,0.0,5020100
2014-05-07,52.46358871459961,78.11000061035156,0.0,78.22000122070312,77.33999633789062,77.62000274658203,0.0,7189300
2014-05-08,51.72475814819336,77.01000213623047,0.0,78.06999969482422,76.7699966430664,77.91999816894531,0.0,6709900
2014-05-09,52.147911071777344,77.63999938964844,0.0,77.6500015258789,76.91000366210938,77.0999984741211,0.0,5609600
2014-05-12,52.665077209472656,78.41000366210938,0.0,78.41999816894531,77.79000091552734,78.11000061035156,0.0,4979100
2014-05-13,52.81956481933594,78.63999938964844,0.0,78.81999969482422,78.23999786376953,78.44999694824219,0.0,5229000
2014-05-14,52.745697021484375,78.52999877929688,0.0,78.79000091552734,78.3499984741211,78.73999786376953,0.0,4463000
2014-05-15,52.46358871459961,78.11000061035156,0.0,78.68000030517578,77.5199966430664,78.45999908447266,0.0,7914100
2014-05-16,52.43000411987305,78.05999755859375,0.0,78.23999786376953,77.44999694824219,78.11000061035156,0.0,5868000
2014-05-19,52.67852783203125,78.43000030517578,0.0,78.56999969482422,77.94000244140625,78.01000213623047,0.0,3341700
2014-05-20,52.75241470336914,78.54000091552734,0.0,78.68000030517578,78.11000061035156,78.5,0.0,4353500
2014-05-21,53.213199615478516,78.52999877929688,0.69,78.66000366210938,78.04000091552734,78.23999786376953,0.0,4484300
2014-05-22,53.16574478149414,78.45999908447266,0.0,78.75,78.13999938964844,78.4000015258789,0.0,3508900
2014-05-23,53.14542007446289,78.43000030517578,0.0,78.7699966430664,78.30000305175781,78.52999877929688,0.0,3566300
2014-05-27,53.55876159667969,79.04000091552734,0.0,79.05000305175781,78.45999908447266,78.45999908447266,0.0,4175600
2014-05-28,53.91789627075195,79.56999969482422,0.0,80.54000091552734,79.51000213623047,79.80999755859375,0.0,6549900
2014-05-29,53.904354095458984,79.55000305175781,0.0,79.83999633789062,78.9000015258789,79.48999786376953,0.0,4065600
2014-05-30,54.168636322021484,79.94000244140625,0.0,80.11000061035156,79.20999908447266,79.41999816894531,0.0,5991400
2014-06-02,53.856910705566406,79.4800033569336,0.0,80.55000305175781,79.05000305175781,80.20999908447266,0.0,5071900
2014-06-03,54.087318420410156,79.81999969482422,0.0,79.87000274658203,79.27999877929688,79.47000122070312,0.0,4551700
2014-06-04,54.07377243041992,79.80000305175781,0.0,79.98999786376953,79.58000183105469,79.72000122070312,0.0,3585400
2014-06-05,54.24315643310547,80.05000305175781,0.0,80.05999755859375,79.5,79.80999755859375,0.0,4144600
2014-06-06,54.778480529785156,80.83999633789062,0.0,81.18000030517578,80.22000122070312,80.36000061035156,0.0,5409500
2014-06-09,54.785255432128906,80.8499984741211,0.0,81.12999725341797,80.4000015258789,80.56999969482422,0.0,3213400
2014-06-10,55.313777923583984,81.62999725341797,0.0,81.66000366210938,80.55999755859375,80.83000183105469,0.0,6663400
2014-06-11,55.53063201904297,81.94999694824219,0.0,82.0999984741211,81.45999908447266,81.5,0.0,4538300
2014-06-12,56.147254943847656,82.86000061035156,0.0,83.23999786376953,82.12999725341797,82.1500015258789,0.0,6279100
2014-06-13,56.29634475708008,83.08000183105469,0.0,83.08999633789062,82.05000305175781,82.80000305175781,0.0,4374900
2014-06-16,56.70969772338867,83.69000244140625,0.0,83.83000183105469,82.91999816894531,83.19000244140625,0.0,4753500
2014-06-17,56.750328063964844,83.75,0.0,83.77999877929688,82.63999938964844,83.18000030517578,0.0,4859500
2014-06-18,57.082366943359375,84.23999786376953,0.0,84.30000305175781,83.18000030517578,83.56999969482422,0.0,4511900
2014-06-19,57.441497802734375,84.7699966430664,0.0,84.7699966430664,84.13999938964844,84.2699966430664,0.0,4083800
2014-06-20,57.8412971496582,85.36000061035156,0.0,85.45999908447266,84.77999877929688,85.11000061035156,0.0,7426200
2014-06-23,58.34271240234375,86.0999984741211,0.0,86.43000030517578,85.47000122070312,85.58999633789062,0.0,5943500
2014-06-24,57.46183776855469,84.80000305175781,0.0,86.0199966430664,84.79000091552734,86.0199966430664,0.0,8087800
2014-06-25,58.017494201660156,85.62000274658203,0.0,85.7300033569336,84.6500015258789,84.6500015258789,0.0,4980600
2014-06-26,58.247867584228516,85.95999908447266,0.0,85.97000122070312,84.55999755859375,85.58999633789062,0.0,4587900
2014-06-27,58.27497100830078,86.0,0.0,86.05999755859375,85.4000015258789,85.75,0.0,4511900
2014-06-30,58.092010498046875,85.7300033569336,0.0,85.93000030517578,85.22000122070312,85.80999755859375,0.0,4045900
2014-07-01,58.3494873046875,86.11000061035156,0.0,86.38999938964844,85.63999938964844,86.25,0.0,3537900
2014-07-02,58.180110931396484,85.86000061035156,0.0,85.9800033569336,85.30999755859375,85.80999755859375,0.0,3513600
2014-07-03,58.5460090637207,86.4000015258789,0.0,86.4000015258789,85.54000091552734,85.7300033569336,0.0,2669800
2014-07-07,58.34271240234375,86.0999984741211,0.0,86.20999908447266,85.18000030517578,85.83999633789062,0.0,3925600
2014-07-08,58.30207824707031,86.04000091552734,0.0,86.6500015258789,85.7300033569336,85.9800033569336,0.0,4988900
2014-07-09,58.139442443847656,85.80000305175781,0.0,86.29000091552734,85.70999908447266,86.06999969482422,0.0,5722700
2014-07-10,58.05134582519531,85.66999816894531,0.0,85.93000030517578,82.77999877929688,84.91000366210938,0.0,8248600
2014-07-11,57.41439437866211,84.7300033569336,0.0,85.61000061035156,84.44000244140625,85.5199966430664,0.0,4875800
2014-07-14,58.16654586791992,85.83999633789062,0.0,85.9000015258789,84.91999816894531,85.12999725341797,0.0,4671900
2014-07-15,57.40084457397461,84.70999908447266,0.0,85.80000305175781,84.31999969482422,85.62999725341797,0.0,6041900
2014-07-16,58.74256134033203,86.69000244140625,0.0,86.76000213623047,85.16999816894531,85.22000122070312,0.0,6313600
2014-07-17,57.86780548095703,84.68000030517578,0.73,86.4000015258789,84.58000183105469,86.0199966430664,0.0,5087400
2014-07-18,57.9224967956543,84.76000213623047,0.0,85.20999908447266,84.5199966430664,84.9000015258789,0.0,4689200
2014-07-21,57.765323638916016,84.52999877929688,0.0,85.16999816894531,84.33000183105469,84.87999725341797,0.0,4718900
2014-07-22,58.78352737426758,86.0199966430664,0.0,86.11000061035156,84.86000061035156,84.93000030517578,0.0,4426100
2014-07-23,59.289241790771484,86.76000213623047,0.0,86.87000274658203,85.69000244140625,86.12000274658203,0.0,4104700
2014-07-24,58.94072341918945,86.25,0.0,87.08999633789062,86.23999786376953,86.68000030517578,0.0,5033400
2014-07-25,58.71518325805664,85.91999816894531,0.0,86.63999938964844,85.77999877929688,86.16000366210938,0.0,3047300
2014-07-28,58.21634292602539,85.19000244140625,0.0,86.11000061035156,85.08000183105469,86.0,0.0,4804400
2014-07-29,57.888309478759766,84.70999908447266,0.0,85.44000244140625,84.69999694824219,85.01000213623047,0.0,4054300
2014-07-30,57.83364486694336,84.62999725341797,0.0,85.88999938964844,84.11000061035156,85.25,0.0,5531800
2014-07-31,56.378074645996094,82.5,0.0,84.55999755859375,82.37000274658203,84.22000122070312,0.0,7106000
2014-08-01,55.14799880981445,80.69999694824219,0.0,81.93000030517578,79.83000183105469,81.91000366210938,0.0,9530200
2014-08-04,56.02271270751953,81.9800033569336,0.0,82.16000366210938,80.30000305175781,80.76000213623047,0.0,5609600
2014-08-05,54.49196243286133,79.73999786376953,0.0,81.58999633789062,79.37999725341797,81.44000244140625,0.0,6406400
2014-08-06,55.08650207519531,80.61000061035156,0.0,81.5,79.5,79.6500015258789,0.0,5412400
2014-08-07,54.38945388793945,79.58999633789062,0.0,80.9800033569336,79.16999816894531,80.83000183105469,0.0,4055500
2014-08-08,55.57853317260742,81.33000183105469,0.0,81.43000030517578,79.69000244140625,79.69000244140625,0.0,4104900
2014-08-11,55.21634292602539,80.80000305175781,0.0,81.87999725341797,80.76000213623047,81.7300033569336,0.0,3583300
2014-08-12,54.95664978027344,80.41999816894531,0.0,80.76000213623047,80.08999633789062,80.5199966430664,0.0,4046400
2014-08-13,55.277835845947266,80.88999938964844,0.0,81.41999816894531,80.72000122070312,81.19000244140625,0.0,3837600
2014-08-14,54.78581237792969,80.16999816894531,0.0,81.20999908447266,79.94999694824219,81.12000274658203,0.0,4557800
2014-08-15,55.09333801269531,80.62000274658203,0.0,80.88999938964844,79.80999755859375,80.26000213623047,0.0,5433200
2014-08-18,54.21861267089844,79.33999633789062,0.0,80.94999694824219,78.91000366210938,80.94999694824219,0.0,8478100
2014-08-19,54.60811996459961,79.91000366210938,0.0,80.18000030517578,79.4000015258789,79.6500015258789,0.0,5417300
2014-08-20,55.01133728027344,80.5,0.0,80.5999984741211,79.7699966430664,80.19000244140625,0.0,4301800
2014-08-21,55.33934020996094,80.9800033569336,0.0,81.06999969482422,80.4000015258789,80.56999969482422,0.0,3122100
2014-08-22,54.833648681640625,80.23999786376953,0.0,80.91000366210938,79.87000274658203,80.68000030517578,0.0,3645600
2014-08-25,55.21634292602539,80.80000305175781,0.0,80.98999786376953,80.30999755859375,80.33000183105469,0.0,3531700
2014-08-26,55.038658142089844,80.54000091552734,0.0,81.0,80.52999877929688,80.7300033569336,0.0,3335600
2014-08-27,55.37353515625,81.02999877929688,0.0,81.47000122070312,80.61000061035156,80.87999725341797,0.0,3146400
2014-08-28,55.120662689208984,80.66000366210938,0.0,81.0,80.54000091552734,80.88999938964844,0.0,2987000
2014-08-29,55.50336456298828,81.22000122070312,0.0,81.2300033569336,80.66000366210938,80.87000274658203,0.0,3409200
2014-09-02,54.81999969482422,80.22000122070312,0.0,81.0999984741211,79.7699966430664,81.05999755859375,0.0,5578000
2014-09-03,55.28468322753906,80.9000015258789,0.0,81.37000274658203,80.80000305175781,80.9800033569336,0.0,5902700
2014-09-04,54.567138671875,79.8499984741211,0.0,81.23999786376953,79.44999694824219,81.13999938964844,0.0,5772500
2014-09-05,54.908809661865234,80.3499984741211,0.0,80.48999786376953,79.47000122070312,79.77999877929688,0.0,3596500
2014-09-08,54.006771087646484,79.02999877929688,0.0,80.05000305175781,78.66000366210938,79.94000244140625,0.0,6122800
2014-09-09,53.958946228027344,78.95999908447266,0.0,79.75,78.44000244140625,79.47000122070312,0.0,6466800
2014-09-10,53.97945785522461,78.98999786376953,0.0,79.01000213623047,77.70999908447266,78.76000213623047,0.0,6569200
2014-09-11,54.245948791503906,79.37999725341797,0.0,79.44999694824219,78.0199966430664,78.2300033569336,0.0,4310300
2014-09-12,53.610416412353516,78.44999694824219,0.0,79.22000122070312,78.11000061035156,79.20999908447266,0.0,3950800
2014-09-15,54.25962829589844,79.4000015258789,0.0,79.62000274658203,77.95999908447266,78.23999786376953,0.0,3919800
2014-09-16,55.182167053222656,80.75,0.0,81.27999877929688,79.31999969482422,79.5,0.0,6172500
2014-09-17,55.10700225830078,80.63999938964844,0.0,81.08999633789062,80.37000274658203,81.0,0.0,4242500
2014-09-18,54.64915084838867,79.97000122070312,0.0,80.87000274658203,79.6500015258789,80.83999633789062,0.0,4424100
2014-09-19,55.05232620239258,80.55999755859375,0.0,81.0,80.30999755859375,80.45999908447266,0.0,8054300
2014-09-22,54.45096206665039,79.68000030517578,0.0,80.33000183105469,79.41000366210938,80.33000183105469,0.0,5235600
2014-09-23,53.92476272583008,78.91000366210938,0.0,79.83999633789062,78.86000061035156,79.54000091552734,0.0,4344800
2014-09-24,53.794918060302734,78.72000122070312,0.0,79.08000183105469,77.58999633789062,78.8499984741211,0.0,6278900
2014-09-25,53.00905227661133,77.56999969482422,0.0,78.69999694824219,77.56999969482422,78.69999694824219,0.0,4911400
2014-09-26,53.384918212890625,78.12000274658203,0.0,78.47000122070312,77.12000274658203,77.5999984741211,0.0,5253100
2014-09-29,53.193565368652344,77.83999633789062,0.0,77.94999694824219,76.77999877929688,77.5,0.0,5887100
2014-09-30,52.29150390625,76.5199966430664,0.0,77.63999938964844,75.91999816894531,77.31999969482422,0.0,8400600
2014-10-01,51.25277328491211,75.0,0.0,76.5199966430664,74.58000183105469,76.2699966430664,0.0,8719600
2014-10-02,51.04094314575195,74.69000244140625,0.0,75.12999725341797,73.37000274658203,74.56999969482422,0.0,7414200
2014-10-03,51.09562683105469,74.7699966430664,0.0,75.16999816894531,74.11000061035156,74.94999694824219,0.0,5562700
2014-10-06,51.2254524230957,74.95999908447266,0.0,75.73999786376953,74.31999969482422,75.26000213623047,0.0,6384900
2014-10-07,50.50792694091797,73.91000366210938,0.0,75.33999633789062,73.88999938964844,74.62000274658203,0.0,7293900
2014-10-08,50.93161392211914,74.52999877929688,0.0,74.62999725341797,72.66000366210938,73.68000030517578,0.0,11995700
2014-10-09,49.30290985107422,71.44000244140625,0.73,73.56999969482422,71.4000015258789,73.44999694824219,0.0,10351000
2014-10-10,48.557552337646484,70.36000061035156,0.0,71.9000015258789,69.91000366210938,71.4000015258789,0.0,10320600
2014-10-13,46.9771614074707,68.06999969482422,0.0,70.62000274658203,68.0,70.12000274658203,0.0,8606300
2014-10-14,45.68662643432617,66.19999694824219,0.0,68.62000274658203,65.91000366210938,68.2699966430664,0.0,13016100
2014-10-15,45.72112274169922,66.25,0.0,66.3499984741211,63.560001373291016,63.790000915527344,0.0,16072300
2014-10-16,46.19041442871094,66.93000030517578,0.0,67.37000274658203,64.88999938964844,64.95999908447266,0.0,12799200
2014-10-17,46.98405838012695,68.08000183105469,0.0,70.0199966430664,67.5,67.93000030517578,0.0,11005600
2014-10-20,47.50164794921875,68.83000183105469,0.0,68.95999908447266,67.33000183105469,68.18000030517578,0.0,6742800
2014-10-21,48.71628189086914,70.58999633789062,0.0,70.83999633789062,69.6500015258789,70.06999969482422,0.0,9000900
2014-10-22,47.922645568847656,69.44000244140625,0.0,71.44999694824219,69.37999725341797,71.0,0.0,9845000
2014-10-23,48.309120178222656,70.0,0.0,70.91999816894531,69.69999694824219,70.79000091552734,0.0,7660700
2014-10-24,48.35741424560547,70.06999969482422,0.0,70.26000213623047,69.11000061035156,69.98999786376953,0.0,5421600
2014-10-27,47.50164794921875,68.83000183105469,0.0,69.16999816894531,68.26000213623047,69.0199966430664,0.0,7491000
2014-10-28,48.460941314697266,70.22000122070312,0.0,70.27999877929688,68.69000244140625,69.08000183105469,0.0,5758400
2014-10-29,48.826717376708984,70.75,0.0,72.1500015258789,70.20999908447266,71.91000366210938,0.0,7751900
2014-10-30,49.240787506103516,71.3499984741211,0.0,71.91000366210938,69.25,69.37000274658203,0.0,7172900
2014-10-31,49.79289627075195,72.1500015258789,0.0,72.23999786376953,70.06999969482422,71.58999633789062,0.0,9434100
2014-11-03,48.695587158203125,70.55999755859375,0.0,72.56999969482422,70.47000122070312,72.26000213623047,0.0,9544400
2014-11-04,47.46024703979492,68.7699966430664,0.0,69.83999633789062,68.20999908447266,69.19999694824219,0.0,10962400
2014-11-05,48.226287841796875,69.87999725341797,0.0,70.25,68.9800033569336,69.94999694824219,0.0,7883400
2014-11-06,49.220096588134766,71.31999969482422,0.0,71.3499984741211,69.48999786376953,69.72000122070312,0.0,7761100
2014-11-07,49.79978561401367,72.16000366210938,0.0,72.30999755859375,71.4000015258789,71.44000244140625,0.0,7367200
2014-11-10,49.41332244873047,71.5999984741211,0.0,73.22000122070312,71.45999908447266,72.81999969482422,0.0,7301800
2014-11-11,49.51685333251953,71.75,0.0,71.94999694824219,71.06999969482422,71.5199966430664,0.0,5921800
2014-11-12,49.13726043701172,71.19999694824219,0.0,71.87999725341797,71.08999633789062,71.36000061035156,0.0,5751500
2014-11-13,48.5506591796875,70.3499984741211,0.0,71.0,69.54000091552734,70.77999877929688,0.0,7521100
2014-11-14,49.282196044921875,71.41000366210938,0.0,71.45999908447266,70.48999786376953,70.56999969482422,0.0,5272700
2014-11-17,49.28908920288086,71.41999816894531,0.0,71.7699966430664,70.61000061035156,71.02999877929688,0.0,5100600
2014-11-18,49.46162414550781,71.66999816894531,0.0,72.1500015258789,71.06999969482422,71.52999877929688,0.0,5305700
2014-11-19,49.77908706665039,72.12999725341797,0.0,72.4800033569336,71.31999969482422,72.36000061035156,0.0,6372600
2014-11-20,50.524444580078125,73.20999908447266,0.0,73.25,72.12999725341797,72.12999725341797,0.0,5726300
2014-11-21,50.821197509765625,73.63999938964844,0.0,74.68000030517578,73.18000030517578,74.47000122070312,0.0,8938200
2014-11-24,50.60723876953125,73.33000183105469,0.0,73.79000091552734,72.66000366210938,73.55999755859375,0.0,6118600
2014-11-25,49.5030403137207,71.7300033569336,0.0,73.91000366210938,71.56999969482422,73.9000015258789,0.0,8907100
2014-11-26,48.881927490234375,70.83000183105469,0.0,71.75,70.55000305175781,71.75,0.0,7391200
2014-11-28,45.59690475463867,66.06999969482422,0.0,68.13999938964844,65.6500015258789,67.69999694824219,0.0,11779100
2014-12-01,46.770118713378906,67.7699966430664,0.0,67.9000015258789,65.4000015258789,65.93000030517578,0.0,14028700
2014-12-02,47.76390075683594,69.20999908447266,0.0,69.58000183105469,67.23999786376953,67.33000183105469,0.0,11685600
2014-12-03,48.861228942871094,70.80000305175781,0.0,71.22000122070312,69.27999877929688,69.66000366210938,0.0,11904000
2014-12-04,47.83291244506836,69.30999755859375,0.0,70.43000030517578,68.68000030517578,70.16000366210938,0.0,10649700
2014-12-05,46.82532501220703,67.8499984741211,0.0,69.37000274658203,67.47000122070312,69.37000274658203,0.0,9822100
2014-12-08,44.8791618347168,65.02999877929688,0.0,67.12999725341797,64.87999725341797,66.9800033569336,0.0,10164200
2014-12-09,44.83085250854492,64.95999908447266,0.0,66.25,63.369998931884766,64.3499984741211,0.0,12127800
2014-12-10,43.850868225097656,63.540000915527344,0.0,64.1500015258789,62.83000183105469,63.90999984741211,0.0,9843100
2014-12-11,43.899169921875,63.61000061035156,0.0,65.44999694824219,63.29999923706055,63.29999923706055,0.0,8175100
2014-12-12,43.09862518310547,62.45000076293945,0.0,63.790000915527344,62.310001373291016,62.689998626708984,0.0,8678400
2014-12-15,42.574119567871094,61.689998626708984,0.0,63.5,61.5,63.279998779296875,0.0,9823200
2014-12-16,43.63003921508789,63.220001220703125,0.0,64.9800033569336,60.84000015258789,61.439998626708984,0.0,12951500
2014-12-17,46.197322845458984,66.94000244140625,0.0,67.66999816894531,64.01000213623047,64.13999938964844,0.0,15364100
2014-12-18,48.13658142089844,69.75,0.0,69.83999633789062,66.66000366210938,69.22000122070312,0.0,15948500
2014-12-19,48.985435485839844,70.9800033569336,0.0,71.0,68.62999725341797,69.62999725341797,0.0,17823400
2014-12-22,47.97786331176758,69.5199966430664,0.0,70.44999694824219,68.48999786376953,70.08000183105469,0.0,9510100
2014-12-23,49.033756256103516,71.05000305175781,0.0,71.37000274658203,69.80000305175781,70.31999969482422,0.0,8170900
2014-12-24,48.39883804321289,70.12999725341797,0.0,70.62999725341797,68.94000244140625,70.54000091552734,0.0,3849000
2014-12-26,48.226287841796875,69.87999725341797,0.0,70.79000091552734,69.5199966430664,70.55000305175781,0.0,3340100
2014-12-29,48.38503646850586,70.11000061035156,0.0,70.68000030517578,69.55000305175781,70.44999694824219,0.0,5241500
2014-12-30,48.260799407958984,69.93000030517578,0.0,70.19999694824219,69.2699966430664,69.61000061035156,0.0,4537900
2014-12-31,47.66038131713867,69.05999755859375,0.0,69.75,68.69999694824219,69.33999633789062,0.0,5923600
2015-01-02,47.56376266479492,68.91999816894531,0.0,69.4800033569336,68.2300033569336,68.5,0.0,5701800
2015-01-05,45.300148010253906,65.63999938964844,0.0,67.9800033569336,65.43000030517578,67.70999908447266,0.0,10938900
2015-01-06,43.42988204956055,62.93000030517578,0.0,66.5999984741211,62.880001068115234,65.29000091552734,0.0,18054700
2015-01-07,43.71975326538086,63.349998474121094,0.0,64.2300033569336,62.849998474121094,64.01000213623047,0.0,12350500
2015-01-08,44.810142517089844,64.93000030517578,0.0,65.48999786376953,63.900001525878906,64.8499984741211,0.0,10348300
2015-01-09,44.803253173828125,64.91999816894531,0.0,65.33999633789062,64.01000213623047,64.94000244140625,0.0,7984100
2015-01-12,43.5265007019043,63.06999969482422,0.0,64.2699966430664,62.61000061035156,64.1500015258789,0.0,8317100
2015-01-13,43.09172058105469,62.439998626708984,0.0,63.83000183105469,61.5099983215332,63.189998626708984,0.0,10240900
2015-01-14,43.21595001220703,62.619998931884766,0.0,62.779998779296875,60.849998474121094,61.81999969482422,0.0,10005400
2015-01-15,42.38090133666992,61.40999984741211,0.0,63.869998931884766,61.380001068115234,63.61000061035156,0.0,9994000
2015-01-16,43.53341293334961,63.08000183105469,0.0,63.47999954223633,61.47999954223633,61.75,0.0,10031400
2015-01-20,43.60932540893555,63.189998626708984,0.0,63.279998779296875,61.7599983215332,62.810001373291016,0.0,6890500
2015-01-21,44.5410041809082,64.54000091552734,0.0,64.77999877929688,63.22999954223633,63.88999938964844,0.0,7979700
2015-01-22,45.06550598144531,65.30000305175781,0.0,65.58000183105469,64.0,65.0999984741211,0.0,8759500
2015-01-23,44.61691665649414,64.6500015258789,0.0,65.70999908447266,64.63999938964844,65.3499984741211,0.0,6392900
2015-01-26,45.424373626708984,65.81999969482422,0.0,66.0,63.88999938964844,64.88999938964844,0.0,5861100
2015-01-27,45.23112869262695,65.54000091552734,0.0,66.1500015258789,65.05999755859375,65.29000091552734,0.0,5939900
2015-01-28,43.188350677490234,62.58000183105469,0.0,65.44999694824219,62.5,65.26000213623047,0.0,8679300
2015-01-29,43.35397720336914,62.81999969482422,0.0,63.58000183105469,60.63999938964844,63.18000030517578,0.0,11360100
2015-01-30,43.46439743041992,62.97999954223633,0.0,63.810001373291016,61.150001525878906,62.22999954223633,0.0,10524300
2015-02-02,45.38986587524414,65.7699966430664,0.0,65.77999877929688,63.40999984741211,64.47000122070312,0.0,10075800
2015-02-03,46.74941635131836,67.73999786376953,0.0,67.95999908447266,66.51000213623047,66.93000030517578,0.0,15631700
2015-02-04,45.458858489990234,65.87000274658203,0.0,66.66000366210938,65.23999786376953,66.62000274658203,0.0,12243300
2015-02-05,46.632083892822266,67.56999969482422,0.0,67.58999633789062,66.29000091552734,67.0199966430664,0.0,8707900
2015-02-06,46.576873779296875,67.48999786376953,0.0,68.37999725341797,67.18000030517578,68.23999786376953,0.0,7653100
2015-02-09,46.82532501220703,67.8499984741211,0.0,68.61000061035156,67.63999938964844,67.97000122070312,0.0,8070600
2015-02-10,46.92193603515625,67.98999786376953,0.0,68.11000061035156,66.5,67.86000061035156,0.0,7876600
2015-02-11,46.84602737426758,67.87999725341797,0.0,68.47000122070312,66.80000305175781,67.2300033569336,0.0,8365400
2015-02-12,47.4669189453125,68.04000091552734,0.73,68.8499984741211,67.62000274658203,68.23999786376953,0.0,8642800
2015-02-13,48.750579833984375,69.87999725341797,0.0,70.11000061035156,68.69999694824219,68.83000183105469,0.0,8419200
2015-02-17,48.46455764770508,69.47000122070312,0.0,69.97000122070312,68.5199966430664,69.1500015258789,0.0,7652700
2015-02-18,47.250667572021484,67.7300033569336,0.0,69.05999755859375,67.61000061035156,68.02999877929688,0.0,8932600
2015-02-19,47.03439712524414,67.41999816894531,0.0,67.8499984741211,65.41999816894531,66.05999755859375,0.0,9022600
2015-02-20,47.006492614746094,67.37999725341797,0.0,67.41999816894531,66.33000183105469,67.19000244140625,0.0,8781600
2015-02-23,46.68558120727539,66.91999816894531,0.0,67.54000091552734,66.51000213623047,66.68000030517578,0.0,6072800
2015-02-24,46.804168701171875,67.08999633789062,0.0,67.4800033569336,66.76000213623047,67.47000122070312,0.0,4867500
2015-02-25,47.11114501953125,67.52999877929688,0.0,67.83999633789062,66.95999908447266,67.47000122070312,0.0,6151800
2015-02-26,45.939117431640625,65.8499984741211,0.0,66.88999938964844,65.58999633789062,66.88999938964844,0.0,7837000
2015-02-27,45.48564529418945,65.19999694824219,0.0,66.0999984741211,65.12999725341797,66.0,0.0,6963500
2015-03-02,44.92756271362305,64.4000015258789,0.0,65.36000061035156,63.83000183105469,65.19999694824219,0.0,8059200
2015-03-03,45.1926383972168,64.77999877929688,0.0,65.2699966430664,64.2699966430664,64.36000061035156,0.0,5424700
2015-03-04,44.82289123535156,64.25,0.0,64.79000091552734,63.66999816894531,64.79000091552734,0.0,5487100
2015-03-05,44.181068420410156,63.33000183105469,0.0,64.08000183105469,63.33000183105469,64.01000213623047,0.0,5987600
2015-03-06,43.80435562133789,62.790000915527344,0.0,63.68000030517578,62.66999816894531,63.0,0.0,6732800
2015-03-09,43.2323112487793,61.970001220703125,0.0,63.34000015258789,61.970001220703125,62.77000045776367,0.0,6492800
2015-03-10,42.46489334106445,60.869998931884766,0.0,61.720001220703125,60.689998626708984,60.9900016784668,0.0,8922400
2015-03-11,42.764888763427734,61.29999923706055,0.0,61.869998931884766,60.810001373291016,60.95000076293945,0.0,6341200
2015-03-12,42.8067512512207,61.36000061035156,0.0,61.90999984741211,61.31999969482422,61.58000183105469,0.0,5520900
2015-03-13,43.002079010009766,61.63999938964844,0.0,61.79999923706055,60.56999969482422,60.7599983215332,0.0,8255800
2015-03-16,43.53228759765625,62.400001525878906,0.0,62.459999084472656,60.83000183105469,61.209999084472656,0.0,6318000
2015-03-17,43.26020431518555,62.0099983215332,0.0,62.4900016784668,61.380001068115234,62.0099983215332,0.0,6488900
2015-03-18,44.397342681884766,63.63999938964844,0.0,64.30999755859375,61.5099983215332,61.540000915527344,0.0,9536300
2015-03-19,43.78342056274414,62.7599983215332,0.0,63.310001373291016,62.45000076293945,62.779998779296875,0.0,7907100
2015-03-20,44.536869049072266,63.84000015258789,0.0,64.12000274658203,63.0,63.150001525878906,0.0,10059900
2015-03-23,44.1113166809082,63.22999954223633,0.0,64.18000030517578,63.209999084472656,64.0,0.0,7428600
2015-03-24,43.63692092895508,62.54999923706055,0.0,63.619998931884766,62.529998779296875,63.45000076293945,0.0,6377400
2015-03-25,43.985755920410156,63.04999923706055,0.0,63.5,62.65999984741211,63.220001220703125,0.0,7662300
2015-03-26,44.118289947509766,63.2400016784668,0.0,64.13999938964844,62.91999816894531,63.95000076293945,0.0,6889900
2015-03-27,43.90202331542969,62.93000030517578,0.0,63.09000015258789,62.459999084472656,62.959999084472656,0.0,5199100
2015-03-30,44.64849853515625,64.0,0.0,64.1500015258789,63.400001525878906,63.47999954223633,0.0,6027400
2015-03-31,43.434608459472656,62.2599983215332,0.0,63.470001220703125,62.2400016784668,63.25,0.0,9169700
2015-04-01,43.964813232421875,63.02000045776367,0.0,63.4900016784668,62.63999938964844,62.709999084472656,0.0,8939300
2015-04-02,44.07643127441406,63.18000030517578,0.0,63.40999984741211,62.56999969482422,62.709999084472656,0.0,5908200
2015-04-06,45.61820983886719,65.38999938964844,0.0,65.87999725341797,63.400001525878906,63.41999816894531,0.0,10170000
2015-04-07,45.897254943847656,65.79000091552734,0.0,66.04000091552734,65.06999969482422,65.26000213623047,0.0,7177200
2015-04-08,45.21356964111328,64.80999755859375,0.0,66.2300033569336,64.80000305175781,66.06999969482422,0.0,8571600
2015-04-09,46.74138641357422,67.0,0.0,67.45999908447266,64.86000061035156,65.0199966430664,0.0,10984100
2015-04-10,46.41350173950195,66.52999877929688,0.0,67.4000015258789,66.38999938964844,67.36000061035156,0.0,6015900
2015-04-13,46.28096008300781,66.33999633789062,0.0,67.41999816894531,66.33000183105469,66.9000015258789,0.0,5737100
2015-04-14,47.69017791748047,68.36000061035156,0.0,68.55000305175781,66.73999786376953,66.81999969482422,0.0,8917600
2015-04-15,48.415706634521484,69.4000015258789,0.0,69.66000366210938,68.5,68.91000366210938,0.0,7773700
2015-04-16,48.14363479614258,69.01000213623047,0.0,69.72000122070312,68.20999908447266,68.98999786376953,0.0,8395000
2015-04-17,47.22276306152344,67.69000244140625,0.0,68.58999633789062,67.18000030517578,68.58999633789062,0.0,9616700
2015-04-20,47.86457061767578,68.61000061035156,0.0,69.25,68.05000305175781,68.08999633789062,0.0,7846100
2015-04-21,47.45296859741211,68.0199966430664,0.0,68.98999786376953,67.6500015258789,68.61000061035156,0.0,5563400
2015-04-22,47.35529708862305,67.87999725341797,0.0,68.13999938964844,67.12999725341797,67.94999694824219,0.0,4480200
2015-04-23,47.62041473388672,68.26000213623047,0.0,68.87999725341797,68.01000213623047,68.26000213623047,0.0,4627500
2015-04-24,47.09718322753906,67.51000213623047,0.0,67.87000274658203,67.02999877929688,67.8499984741211,0.0,6275700
2015-04-27,46.78325653076172,67.05999755859375,0.0,67.97000122070312,67.0,67.77999877929688,0.0,4427900
2015-04-28,47.25763702392578,67.73999786376953,0.0,67.76000213623047,67.01000213623047,67.19999694824219,0.0,4265700
2015-04-29,47.480899810791016,68.05999755859375,0.0,68.30999755859375,67.22000122070312,67.41999816894531,0.0,6038400
2015-04-30,47.38319778442383,67.91999816894531,0.0,69.02999877929688,67.66000366210938,69.0199966430664,0.0,7365700
2015-05-01,47.04833984375,67.44000244140625,0.0,67.9800033569336,66.97000122070312,67.73999786376953,0.0,5974400
2015-05-04,46.75534439086914,67.0199966430664,0.0,67.62000274658203,66.69999694824219,67.41000366210938,0.0,6638100
2015-05-05,46.88091278076172,67.19999694824219,0.0,68.36000061035156,66.9800033569336,67.44000244140625,0.0,9142900
2015-05-06,46.90184783935547,67.2300033569336,0.0,68.16999816894531,66.79000091552734,67.95999908447266,0.0,7089600
2015-05-07,46.476287841796875,66.62000274658203,0.0,67.52999877929688,66.0999984741211,67.52999877929688,0.0,6298900
2015-05-08,46.85997772216797,67.16999816894531,0.0,67.37000274658203,66.36000061035156,67.13999938964844,0.0,5961200
2015-05-11,45.54146957397461,65.27999877929688,0.0,67.19999694824219,65.11000061035156,67.12000274658203,0.0,7261800
2015-05-12,45.62519073486328,65.4000015258789,0.0,65.6500015258789,65.05000305175781,65.29000091552734,0.0,4719700
2015-05-13,45.61820983886719,65.38999938964844,0.0,66.02999877929688,65.1500015258789,65.80000305175781,0.0,5424500
2015-05-14,45.63912582397461,65.41999816894531,0.0,66.11000061035156,65.33000183105469,65.54000091552734,0.0,4345300
2015-05-15,45.87632369995117,65.76000213623047,0.0,66.05999755859375,65.05999755859375,65.25,0.0,4728800
2015-05-18,46.07167434692383,66.04000091552734,0.0,66.22000122070312,65.18000030517578,65.75,0.0,5158600
2015-05-19,45.42984390258789,65.12000274658203,0.0,65.75,65.11000061035156,65.75,0.0,7946000
2015-05-20,45.70499801635742,64.77999877929688,0.73,64.94999694824219,64.12000274658203,64.75,0.0,4837600
2015-05-21,46.26944351196289,65.58000183105469,0.0,65.75,64.87000274658203,65.12999725341797,0.0,6049900
2015-05-22,45.93784713745117,65.11000061035156,0.0,65.66000366210938,64.9000015258789,65.04000091552734,0.0,3804900
2015-05-26,45.04179000854492,63.84000015258789,0.0,64.81999969482422,63.5,64.56999969482422,0.0,6128800
2015-05-27,45.02766418457031,63.81999969482422,0.0,64.98999786376953,63.70000076293945,63.939998626708984,0.0,6754900
2015-05-28,45.055908203125,63.86000061035156,0.0,63.95000076293945,63.11000061035156,63.529998779296875,0.0,5192500
2015-05-29,44.92892074584961,63.68000030517578,0.0,64.08000183105469,63.439998626708984,63.70000076293945,0.0,5701600
2015-06-01,44.8795280456543,63.61000061035156,0.0,64.47000122070312,63.2400016784668,64.45999908447266,0.0,4140400
2015-06-02,45.20405960083008,64.06999969482422,0.0,64.31999969482422,63.40999984741211,63.70000076293945,0.0,5076800
2015-06-03,45.01356506347656,63.79999923706055,0.0,64.29000091552734,63.619998931884766,63.810001373291016,0.0,5380800
2015-06-04,44.44914245605469,63.0,0.0,63.7400016784668,62.93000030517578,63.40999984741211,0.0,5361700
2015-06-05,44.47735595703125,63.040000915527344,0.0,64.22000122070312,62.709999084472656,62.7599983215332,0.0,5809900
2015-06-08,44.75252914428711,63.43000030517578,0.0,63.470001220703125,62.779998779296875,62.91999816894531,0.0,6630600
2015-06-09,44.49147033691406,63.060001373291016,0.0,64.33000183105469,63.060001373291016,63.779998779296875,0.0,6316900
2015-06-10,45.16878890991211,64.0199966430664,0.0,64.23999786376953,63.4900016784668,63.90999984741211,0.0,4776300
2015-06-11,45.175846099853516,64.02999877929688,0.0,64.23999786376953,63.849998474121094,63.970001220703125,0.0,3890700
2015-06-12,44.8089599609375,63.5099983215332,0.0,63.849998474121094,63.130001068115234,63.7599983215332,0.0,4996900
2015-06-15,44.63962936401367,63.27000045776367,0.0,63.63999938964844,62.79999923706055,63.08000183105469,0.0,4710200
2015-06-16,44.75252914428711,63.43000030517578,0.0,63.54999923706055,62.689998626708984,63.439998626708984,0.0,5310200
2015-06-17,44.51264572143555,63.09000015258789,0.0,64.12999725341797,62.709999084472656,63.880001068115234,0.0,4741000
2015-06-18,44.399749755859375,62.93000030517578,0.0,63.5,62.79999923706055,63.150001525878906,0.0,5413300
2015-06-19,43.99054718017578,62.349998474121094,0.0,63.279998779296875,62.130001068115234,62.54999923706055,0.0,13125900
2015-06-22,44.15280532836914,62.58000183105469,0.0,62.970001220703125,62.189998626708984,62.47999954223633,0.0,4356600
2015-06-23,44.56907653808594,63.16999816894531,0.0,63.349998474121094,62.5099983215332,62.68000030517578,0.0,3643700
2015-06-24,44.32921600341797,62.83000183105469,0.0,63.54999923706055,62.83000183105469,63.130001068115234,0.0,3974800
2015-06-25,43.89882278442383,62.220001220703125,0.0,63.16999816894531,62.130001068115234,63.16999816894531,0.0,4706500
2015-06-26,43.87059783935547,62.18000030517578,0.0,62.279998779296875,61.720001220703125,62.150001525878906,0.0,6684200
2015-06-29,43.045101165771484,61.0099983215332,0.0,61.7400016784668,61.0,61.41999816894531,0.0,5256900
2015-06-30,43.32733154296875,61.40999984741211,0.0,61.61000061035156,60.86000061035156,61.529998779296875,0.0,5356200
2015-07-01,42.35368347167969,60.029998779296875,0.0,61.5099983215332,59.689998626708984,61.5099983215332,0.0,7394100
2015-07-02,42.69939041137695,60.52000045776367,0.0,60.77000045776367,60.18000030517578,60.18000030517578,0.0,6777200
2015-07-06,41.6693000793457,59.060001373291016,0.0,59.7599983215332,58.720001220703125,59.52000045776367,0.0,7553700
2015-07-07,42.0855827331543,59.650001525878906,0.0,59.900001525878906,58.2400016784668,58.900001525878906,0.0,7129800
2015-07-08,41.175418853759766,58.36000061035156,0.0,59.720001220703125,58.08000183105469,59.13999938964844,0.0,5629100
2015-07-09,41.39414978027344,58.66999816894531,0.0,59.7599983215332,58.65999984741211,59.650001525878906,0.0,5436600
2015-07-10,41.71868896484375,59.130001068115234,0.0,59.540000915527344,58.66999816894531,59.310001373291016,0.0,5056900
2015-07-13,41.577579498291016,58.93000030517578,0.0,59.20000076293945,58.63999938964844,59.11000061035156,0.0,4905900
2015-07-14,42.000911712646484,59.529998779296875,0.0,59.7400016784668,58.689998626708984,58.75,0.0,5481000
2015-07-15,41.217750549316406,58.41999816894531,0.0,59.54999923706055,58.130001068115234,59.11000061035156,0.0,5229800
2015-07-16,40.886138916015625,57.95000076293945,0.0,58.779998779296875,57.68000030517578,58.61000061035156,0.0,5322900
2015-07-17,40.35698699951172,57.20000076293945,0.0,57.88999938964844,56.650001525878906,57.599998474121094,0.0,7363800
2015-07-20,39.912506103515625,56.56999969482422,0.0,57.20000076293945,56.15999984741211,57.18000030517578,0.0,8086900
2015-07-21,39.85606002807617,56.4900016784668,0.0,57.15999984741211,56.16999816894531,56.7599983215332,0.0,8424500
2015-07-22,39.39039993286133,55.83000183105469,0.0,56.38999938964844,55.66999816894531,56.290000915527344,0.0,10373300
2015-07-23,38.639644622802734,54.040000915527344,0.74,55.310001373291016,53.29999923706055,55.099998474121094,0.0,12065300
2015-07-24,37.24535369873047,52.09000015258789,0.0,53.95000076293945,51.97999954223633,53.95000076293945,0.0,13241700
2015-07-27,36.21572494506836,50.650001525878906,0.0,52.02000045776367,50.540000915527344,51.34000015258789,0.0,14268100
2015-07-28,37.35260009765625,52.2400016784668,0.0,52.959999084472656,50.869998931884766,50.939998626708984,0.0,13384600
2015-07-29,37.82450866699219,52.900001525878906,0.0,53.439998626708984,52.0,52.04999923706055,0.0,11816700
2015-07-30,37.23103713989258,52.06999969482422,0.0,53.290000915527344,51.880001068115234,52.9900016784668,0.0,10081600
2015-07-31,35.99406433105469,50.34000015258789,0.0,51.45000076293945,50.25,51.43000030517578,0.0,12202300
2015-08-03,35.54360580444336,49.709999084472656,0.0,50.470001220703125,49.33000183105469,49.79999923706055,0.0,11241100
2015-08-04,35.65800094604492,49.869998931884766,0.0,50.34000015258789,49.59000015258789,49.59000015258789,0.0,7690600
2015-08-05,35.12173843383789,49.119998931884766,0.0,50.849998474121094,49.029998779296875,50.29999923706055,0.0,8047200
2015-08-06,35.95115280151367,50.279998779296875,0.0,50.36000061035156,48.33000183105469,48.88999938964844,0.0,11641100
2015-08-07,34.92153549194336,48.84000015258789,0.0,50.650001525878906,48.61000061035156,50.25,0.0,10286300
2015-08-10,35.893951416015625,50.20000076293945,0.0,50.209999084472656,48.54999923706055,48.88999938964844,0.0,10574000
2015-08-11,36.036956787109375,50.400001525878906,0.0,50.52000045776367,49.060001373291016,49.279998779296875,0.0,10713600
2015-08-12,36.85210037231445,51.540000915527344,0.0,51.880001068115234,50.150001525878906,50.209999084472656,0.0,13986500
2015-08-13,35.82246398925781,50.099998474121094,0.0,51.04999923706055,49.86000061035156,51.0,0.0,10045500
2015-08-14,35.58650207519531,49.77000045776367,0.0,50.290000915527344,49.689998626708984,49.9900016784668,0.0,7850100
2015-08-17,35.436344146728516,49.560001373291016,0.0,49.810001373291016,49.2599983215332,49.47999954223633,0.0,5807400
2015-08-18,35.40060043334961,49.5099983215332,0.0,49.790000915527344,49.130001068115234,49.619998931884766,0.0,7310200
2015-08-19,34.092105865478516,47.68000030517578,0.0,49.279998779296875,47.04999923706055,49.279998779296875,0.0,14528500
2015-08-20,33.60590362548828,47.0,0.0,48.099998474121094,47.0,47.45000076293945,0.0,10554700
2015-08-21,32.454715728759766,45.38999938964844,0.0,47.380001068115234,45.380001068115234,46.65999984741211,0.0,13905700
2015-08-24,30.695764541625977,42.93000030517578,0.0,44.93000030517578,41.099998474121094,41.97999954223633,0.0,21256700
2015-08-25,30.166664123535156,42.189998626708984,0.0,45.02000045776367,42.13999938964844,45.02000045776367,0.0,15891800
2015-08-26,31.038978576660156,43.40999984741211,0.0,43.56999969482422,42.25,42.93000030517578,0.0,18991000
2015-08-27,32.79792404174805,45.869998931884766,0.0,46.529998779296875,44.45000076293945,44.619998931884766,0.0,19431600
2015-08-28,33.47718811035156,46.81999969482422,0.0,48.0,45.560001373291016,45.560001373291016,0.0,14902000
2015-08-31,35.143192291259766,49.150001525878906,0.0,49.31999969482422,45.70000076293945,46.29999923706055,0.0,17775100
2015-09-01,34.14216232299805,47.75,0.0,48.16999816894531,46.790000915527344,48.16999816894531,0.0,17192400
2015-09-02,34.456764221191406,48.189998626708984,0.0,48.65999984741211,47.0,48.29999923706055,0.0,11265800
2015-09-03,34.449623107910156,48.18000030517578,0.0,49.869998931884766,47.77000045776367,48.5,0.0,9703800
2015-09-04,33.748905181884766,47.20000076293945,0.0,47.599998474121094,46.86000061035156,47.209999084472656,0.0,10520200
2015-09-08,34.64982986450195,48.459999084472656,0.0,48.68000030517578,47.150001525878906,48.27000045776367,0.0,13561500
2015-09-09,34.21365737915039,47.849998474121094,0.0,49.70000076293945,47.59000015258789,49.04999923706055,0.0,16203100
2015-09-10,34.628379821777344,48.43000030517578,0.0,48.75,47.33000183105469,48.0,0.0,8874700
2015-09-11,33.863311767578125,47.36000061035156,0.0,47.7599983215332,46.95000076293945,47.7400016784668,0.0,9270700
2015-09-14,33.44145584106445,46.77000045776367,0.0,47.150001525878906,46.34000015258789,47.119998931884766,0.0,8768800
2015-09-15,33.806114196777344,47.279998779296875,0.0,47.790000915527344,47.11000061035156,47.150001525878906,0.0,6678200
2015-09-16,35.37199783325195,49.470001220703125,0.0,49.540000915527344,47.63999938964844,47.709999084472656,0.0,11354000
2015-09-17,35.843910217285156,50.130001068115234,0.0,50.90999984741211,49.060001373291016,49.40999984741211,0.0,14823600
2015-09-18,34.57832717895508,48.36000061035156,0.0,49.52000045776367,47.93000030517578,49.150001525878906,0.0,12763300
2015-09-21,34.85718536376953,48.75,0.0,49.0,48.13999938964844,48.849998474121094,0.0,7728200
2015-09-22,34.76423645019531,48.619998931884766,0.0,49.0,47.61000061035156,47.72999954223633,0.0,10223400
2015-09-23,34.22080993652344,47.86000061035156,0.0,48.97999954223633,47.810001373291016,48.720001220703125,0.0,6323000
2015-09-24,34.149314880371094,47.7599983215332,0.0,48.22999954223633,47.33000183105469,47.5099983215332,0.0,8185800
2015-09-25,33.74174880981445,47.189998626708984,0.0,48.540000915527344,46.91999816894531,48.540000915527344,0.0,8631400
2015-09-28,32.78362274169922,45.849998474121094,0.0,47.04999923706055,45.84000015258789,46.439998626708984,0.0,8003400
2015-09-29,33.29844284057617,46.56999969482422,0.0,46.689998626708984,45.720001220703125,46.279998779296875,0.0,7978000
2015-09-30,34.29230499267578,47.959999084472656,0.0,48.0,46.900001525878906,46.91999816894531,0.0,8814400
2015-10-01,34.435325622558594,48.15999984741211,0.0,49.400001525878906,47.540000915527344,48.689998626708984,0.0,10430300
2015-10-02,36.60182189941406,51.189998626708984,0.0,51.189998626708984,47.560001373291016,47.58000183105469,0.0,12573500
2015-10-05,37.88170623779297,52.97999954223633,0.0,53.130001068115234,51.5099983215332,51.939998626708984,0.0,12806600
2015-10-06,39.42613983154297,55.13999938964844,0.0,55.529998779296875,53.060001373291016,53.18000030517578,0.0,15414000
2015-10-07,39.51908874511719,55.27000045776367,0.0,56.380001068115234,53.84000015258789,55.939998626708984,0.0,13745300
2015-10-08,40.241268157958984,56.279998779296875,0.0,56.54999923706055,54.59000015258789,55.0,0.0,9496900
2015-10-09,40.11256408691406,56.099998474121094,0.0,56.689998626708984,55.209999084472656,56.59000015258789,0.0,9118800
2015-10-12,39.51908874511719,55.27000045776367,0.0,56.099998474121094,54.459999084472656,56.06999969482422,0.0,7484500
2015-10-13,39.35465621948242,55.040000915527344,0.0,55.900001525878906,54.36000061035156,54.779998779296875,0.0,6214700
2015-10-14,39.65495681762695,55.459999084472656,0.0,55.70000076293945,54.88999938964844,55.04999923706055,0.0,6410200
2015-10-15,40.024566650390625,55.22999954223633,0.74,55.279998779296875,53.79999923706055,54.36000061035156,0.0,7832400
2015-10-16,40.024566650390625,55.22999954223633,0.0,55.95000076293945,54.5099983215332,55.689998626708984,0.0,7317000
2015-10-19,38.90854263305664,53.689998626708984,0.0,54.779998779296875,53.47999954223633,54.4900016784668,0.0,7980700
2015-10-20,38.79983139038086,53.540000915527344,0.0,54.25,53.189998626708984,53.900001525878906,0.0,8553600
2015-10-21,38.38676071166992,52.970001220703125,0.0,53.81999969482422,52.900001525878906,53.40999984741211,0.0,6331400
2015-10-22,39.553497314453125,54.58000183105469,0.0,54.7599983215332,53.189998626708984,53.33000183105469,0.0,7372600
2015-10-23,39.57524108886719,54.61000061035156,0.0,54.810001373291016,53.650001525878906,54.29999923706055,0.0,5907200
2015-10-26,38.372276306152344,52.95000076293945,0.0,54.56999969482422,52.939998626708984,54.560001373291016,0.0,5565200
2015-10-27,37.45914840698242,51.689998626708984,0.0,52.130001068115234,50.7400016784668,52.0099983215332,0.0,7990200
2015-10-28,38.654876708984375,53.34000015258789,0.0,53.66999816894531,51.58000183105469,51.75,0.0,9326000
2015-10-29,38.8577995300293,53.619998931884766,0.0,54.54999923706055,51.13999938964844,52.189998626708984,0.0,9326300
2015-10-30,38.66213607788086,53.349998474121094,0.0,54.16999816894531,52.59000015258789,53.93000030517578,0.0,7544600
2015-11-02,39.814395904541016,54.939998626708984,0.0,55.25,52.869998931884766,53.0,0.0,8140600
2015-11-03,41.11157989501953,56.72999954223633,0.0,57.150001525878906,55.15999984741211,55.29999923706055,0.0,9126400
2015-11-04,40.82895278930664,56.34000015258789,0.0,56.79999923706055,55.470001220703125,56.72999954223633,0.0,8720200
2015-11-05,40.78546905517578,56.279998779296875,0.0,57.2400016784668,55.77000045776367,55.880001068115234,0.0,7232800
2015-11-06,40.4158821105957,55.77000045776367,0.0,56.439998626708984,55.0,55.77000045776367,0.0,6562200
2015-11-09,39.596981048583984,54.63999938964844,0.0,56.13999938964844,54.38999938964844,55.630001068115234,0.0,5615200
2015-11-10,39.60422897338867,54.650001525878906,0.0,55.150001525878906,54.0,54.47999954223633,0.0,5186800
2015-11-11,38.72735595703125,53.439998626708984,0.0,54.7400016784668,53.33000183105469,54.52000045776367,0.0,6977700
2015-11-12,37.66206359863281,51.970001220703125,0.0,53.08000183105469,51.79999923706055,52.45000076293945,0.0,7391100
2015-11-13,37.56061553955078,51.83000183105469,0.0,52.11000061035156,51.029998779296875,51.88999938964844,0.0,6390900
2015-11-16,39.401329040527344,54.369998931884766,0.0,54.439998626708984,51.59000015258789,51.900001525878906,0.0,8294200
2015-11-17,39.06071090698242,53.900001525878906,0.0,54.689998626708984,53.45000076293945,54.150001525878906,0.0,6222900
2015-11-18,39.48103713989258,54.47999954223633,0.0,55.06999969482422,53.439998626708984,54.439998626708984,0.0,4918700
2015-11-19,38.8143310546875,53.560001373291016,0.0,54.470001220703125,53.18000030517578,54.189998626708984,0.0,6315700
2015-11-20,38.357765197753906,52.93000030517578,0.0,54.04999923706055,52.63999938964844,53.619998931884766,0.0,5729300
2015-11-23,38.61142349243164,53.279998779296875,0.0,53.77000045776367,52.470001220703125,52.790000915527344,0.0,5609900
2015-11-24,40.08977508544922,55.31999969482422,0.0,55.61000061035156,53.380001068115234,53.459999084472656,0.0,8209400
2015-11-25,39.4085693359375,54.380001068115234,0.0,55.08000183105469,54.31999969482422,54.9900016784668,0.0,5144100
2015-11-27,38.7563591003418,53.47999954223633,0.0,54.09000015258789,53.25,53.83000183105469,0.0,2786000
2015-11-30,39.16941833496094,54.04999923706055,0.0,54.4900016784668,53.349998474121094,53.5099983215332,0.0,8738300
2015-12-01,39.57524108886719,54.61000061035156,0.0,54.75,53.900001525878906,54.459999084472656,0.0,7704100
2015-12-02,38.0823860168457,52.54999923706055,0.0,54.56999969482422,52.18000030517578,54.209999084472656,0.0,10649300
2015-12-03,37.40117263793945,51.61000061035156,0.0,52.97999954223633,51.47999954223633,52.810001373291016,0.0,10673000
2015-12-04,37.096805572509766,51.189998626708984,0.0,51.4900016784668,50.15999984741211,50.84000015258789,0.0,9393900
2015-12-07,35.502498626708984,48.9900016784668,0.0,50.290000915527344,48.15999984741211,49.72999954223633,0.0,11541400
2015-12-08,35.00246047973633,48.29999923706055,0.0,49.150001525878906,46.880001068115234,47.650001525878906,0.0,8723000
2015-12-09,35.12566375732422,48.470001220703125,0.0,49.7400016784668,47.75,48.349998474121094,0.0,9891000
2015-12-10,35.66916275024414,49.220001220703125,0.0,49.95000076293945,48.0099983215332,48.22999954223633,0.0,11059900
2015-12-11,34.8792724609375,48.130001068115234,0.0,48.45000076293945,46.810001373291016,48.25,0.0,14658400
2015-12-14,35.89382553100586,49.529998779296875,0.0,50.13999938964844,47.400001525878906,47.58000183105469,0.0,14173900
2015-12-15,36.6402587890625,50.560001373291016,0.0,51.060001373291016,50.13999938964844,50.349998474121094,0.0,10759900
2015-12-16,35.76337814331055,49.349998474121094,0.0,50.84000015258789,49.119998931884766,50.29999923706055,0.0,11438900
2015-12-17,34.26327896118164,47.279998779296875,0.0,49.459999084472656,46.91999816894531,49.369998931884766,0.0,12951100
2015-12-18,33.284950256347656,45.93000030517578,0.0,47.58000183105469,45.7599983215332,47.04999923706055,0.0,16525400
2015-12-21,32.683448791503906,45.099998474121094,0.0,46.150001525878906,44.560001373291016,46.029998779296875,0.0,10873300
2015-12-22,33.5385856628418,46.279998779296875,0.0,46.560001373291016,44.90999984741211,45.18000030517578,0.0,10361500
2015-12-23,35.531490325927734,49.029998779296875,0.0,49.06999969482422,47.27000045776367,47.290000915527344,0.0,9806900
2015-12-24,35.2126350402832,48.59000015258789,0.0,49.209999084472656,48.060001373291016,49.040000915527344,0.0,3262100
2015-12-28,34.198062896728516,47.189998626708984,0.0,47.790000915527344,46.939998626708984,47.61000061035156,0.0,8786600
2015-12-29,34.61836624145508,47.77000045776367,0.0,48.369998931884766,47.20000076293945,48.22999954223633,0.0,6285300
2015-12-30,33.7704963684082,46.599998474121094,0.0,47.7400016784668,46.540000915527344,46.939998626708984,0.0,6605100
2015-12-31,33.83571243286133,46.689998626708984,0.0,47.20000076293945,45.880001068115234,46.060001373291016,0.0,6681700
2016-01-04,33.97340393066406,46.880001068115234,0.0,47.77000045776367,46.08000183105469,46.40999984741211,0.0,8918000
2016-01-05,34.35023880004883,47.400001525878906,0.0,47.52000045776367,45.9900016784668,46.66999816894531,0.0,7012400
2016-01-06,32.8646240234375,45.349998474121094,0.0,46.31999969482422,45.040000915527344,46.099998474121094,0.0,10995600
2016-01-07,31.929790496826172,44.060001373291016,0.0,45.619998931884766,43.91999816894531,44.7400016784668,0.0,10844000
2016-01-08,31.37177848815918,43.290000915527344,0.0,44.59000015258789,42.869998931884766,44.18000030517578,0.0,9118800
2016-01-11,29.7992000579834,41.119998931884766,0.0,43.619998931884766,40.599998474121094,43.31999969482422,0.0,17258800
2016-01-12,29.168718338012695,40.25,0.0,42.040000915527344,39.130001068115234,41.869998931884766,0.0,16782900
2016-01-13,28.26285743713379,39.0,0.0,41.790000915527344,38.869998931884766,40.75,0.0,19016500
2016-01-14,29.893404006958008,41.25,0.0,41.83000183105469,38.65999984741211,39.209999084472656,0.0,18244800
2016-01-15,28.523744583129883,39.36000061035156,0.0,40.45000076293945,38.36000061035156,39.34000015258789,0.0,19118600
2016-01-19,26.378664016723633,36.400001525878906,0.0,39.88999938964844,35.599998474121094,39.7400016784668,0.0,20838200
2016-01-20,25.182924270629883,34.75,0.0,35.61000061035156,32.709999084472656,35.540000915527344,0.0,31382700
2016-01-21,26.748260498046875,36.90999984741211,0.0,37.34000015258789,34.63999938964844,34.869998931884766,0.0,19576200
2016-01-22,27.299020767211914,37.66999816894531,0.0,39.56999969482422,36.7400016784668,38.209999084472656,0.0,18558700
2016-01-25,24.784353256225586,34.20000076293945,0.0,37.47999954223633,34.189998626708984,36.79999923706055,0.0,19646800
2016-01-26,25.61773681640625,35.349998474121094,0.0,35.90999984741211,33.439998626708984,35.06999969482422,0.0,28696200
2016-01-27,26.240976333618164,36.209999084472656,0.0,37.72999954223633,34.18000030517578,34.91999816894531,0.0,22071800
2016-01-28,27.552663803100586,38.02000045776367,0.0,39.43000030517578,37.08000183105469,37.91999816894531,0.0,16876200
2016-01-29,28.320829391479492,39.08000183105469,0.0,39.27000045776367,37.52000045776367,38.09000015258789,0.0,18712600
2016-02-01,27.97297477722168,38.599998474121094,0.0,38.97999954223633,37.61000061035156,38.2400016784668,0.0,12782800
2016-02-02,26.516357421875,36.59000015258789,0.0,38.18000030517578,36.439998626708984,37.61000061035156,0.0,15918800
2016-02-03,27.99472999572754,38.630001068115234,0.0,38.72999954223633,35.59000015258789,37.59000015258789,0.0,19847700
2016-02-04,25.59600257873535,35.31999969482422,0.0,39.0,35.02000045776367,38.5,0.0,49188200
2016-02-05,23.842262268066406,32.900001525878906,0.0,34.40999984741211,31.59000015258789,34.02000045776367,0.0,46173200
2016-02-08,24.951025009155273,34.43000030517578,0.0,34.5,31.68000030517578,31.950000762939453,0.0,21946200
2016-02-09,24.335041046142578,33.58000183105469,0.0,34.15999984741211,32.70000076293945,33.220001220703125,0.0,20405400
2016-02-10,23.43642807006836,32.34000015258789,0.0,34.380001068115234,32.060001373291016,33.290000915527344,0.0,16643400
2016-02-11,23.283063888549805,31.8799991607666,0.25,32.380001068115234,31.049999237060547,31.229999542236328,0.0,20843100
2016-02-12,24.02800178527832,32.900001525878906,0.0,33.349998474121094,31.899999618530273,32.290000915527344,0.0,14965400
2016-02-16,23.925750732421875,32.7599983215332,0.0,33.70000076293945,32.54999923706055,33.4900016784668,0.0,12851700
2016-02-17,24.765642166137695,33.90999984741211,0.0,34.38999938964844,33.029998779296875,33.29999923706055,0.0,18316600
2016-02-18,24.61227035522461,33.70000076293945,0.0,34.5099983215332,33.439998626708984,34.47999954223633,0.0,16898700
2016-02-19,24.006093978881836,32.869998931884766,0.0,33.279998779296875,32.09000015258789,33.150001525878906,0.0,14644000
2016-02-22,25.16002082824707,34.45000076293945,0.0,34.70000076293945,32.869998931884766,32.869998931884766,0.0,11544000
2016-02-23,24.0426082611084,32.91999816894531,0.0,34.61000061035156,32.90999984741211,33.91999816894531,0.0,9719600
2016-02-24,24.07181739807129,32.959999084472656,0.0,33.040000915527344,31.81999969482422,32.099998474121094,0.0,10965300
2016-02-25,24.144853591918945,33.060001373291016,0.0,33.349998474121094,31.969999313354492,33.06999969482422,0.0,10323200
2016-02-26,24.919008255004883,34.119998931884766,0.0,34.810001373291016,33.81999969482422,33.86000061035156,0.0,11003000
2016-02-29,24.707212448120117,33.83000183105469,0.0,34.59000015258789,33.58000183105469,34.56999969482422,0.0,10521700
2016-03-01,25.167322158813477,34.459999084472656,0.0,34.75,33.34000015258789,34.06999969482422,0.0,11581000
2016-03-02,26.64990234375,36.4900016784668,0.0,36.5099983215332,34.099998474121094,34.279998779296875,0.0,16943700
2016-03-03,28.161693572998047,38.560001373291016,0.0,38.810001373291016,36.31999969482422,36.5,0.0,20248700
2016-03-04,30.03133773803711,41.119998931884766,0.0,41.68000030517578,38.79999923706055,38.91999816894531,0.0,24819100
2016-03-07,30.2358341217041,41.400001525878906,0.0,42.45000076293945,40.900001525878906,41.25,0.0,17548300
2016-03-08,28.205514907836914,38.619998931884766,0.0,41.25,38.560001373291016,41.20000076293945,0.0,14129300
2016-03-09,28.519561767578125,39.04999923706055,0.0,39.720001220703125,38.380001068115234,39.349998474121094,0.0,13347800
2016-03-10,28.504953384399414,39.029998779296875,0.0,39.13999938964844,38.36000061035156,38.869998931884766,0.0,10860100
2016-03-11,29.59316062927246,40.52000045776367,0.0,40.65999984741211,39.72999954223633,39.79999923706055,0.0,13656300
2016-03-14,29.22068214416504,40.0099983215332,0.0,40.459999084472656,39.38999938964844,39.70000076293945,0.0,9316700
2016-03-15,29.08922004699707,39.83000183105469,0.0,39.849998474121094,38.81999969482422,39.209999084472656,0.0,7838800
2016-03-16,30.579097747802734,41.869998931884766,0.0,41.970001220703125,40.18000030517578,40.2400016784668,0.0,10151400
2016-03-17,31.41167640686035,43.0099983215332,0.0,43.779998779296875,42.189998626708984,42.400001525878906,0.0,12435000
2016-03-18,31.418987274169922,43.02000045776367,0.0,44.400001525878906,42.45000076293945,43.59000015258789,0.0,20946200
2016-03-21,31.097637176513672,42.58000183105469,0.0,43.40999984741211,42.15999984741211,42.72999954223633,0.0,8409600
2016-03-22,30.6156063079834,41.91999816894531,0.0,42.779998779296875,41.90999984741211,42.25,0.0,8245300
2016-03-23,29.103836059570312,39.849998474121094,0.0,41.68000030517578,39.810001373291016,41.290000915527344,0.0,11232700
2016-03-24,29.24259376525879,40.040000915527344,0.0,40.099998474121094,38.529998779296875,38.93000030517578,0.0,9218300
2016-03-28,28.97966766357422,39.68000030517578,0.0,40.150001525878906,39.02000045776367,40.099998474121094,0.0,6647600
2016-03-29,28.93584632873535,39.619998931884766,0.0,39.72999954223633,38.560001373291016,39.02000045776367,0.0,8115800
2016-03-30,29.271804809570312,40.08000183105469,0.0,40.7599983215332,39.56999969482422,40.47999954223633,0.0,7777000
2016-03-31,29.410566329956055,40.27000045776367,0.0,40.540000915527344,39.70000076293945,39.959999084472656,0.0,9353100
2016-04-01,29.052705764770508,39.779998779296875,0.0,39.91999816894531,38.790000915527344,39.38999938964844,0.0,9090500
2016-04-04,28.556072235107422,39.099998474121094,0.0,40.34000015258789,38.97999954223633,39.790000915527344,0.0,8663000
2016-04-05,28.512256622314453,39.040000915527344,0.0,39.290000915527344,38.189998626708984,38.75,0.0,7838100
2016-04-06,29.76113510131836,40.75,0.0,40.97999954223633,39.16999816894531,39.400001525878906,0.0,9816800
2016-04-07,29.439777374267578,40.310001373291016,0.0,41.029998779296875,39.7400016784668,40.43000030517578,0.0,7117600
2016-04-08,30.111690521240234,41.22999954223633,0.0,41.88999938964844,40.93000030517578,41.619998931884766,0.0,8081300
2016-04-11,30.082469940185547,41.189998626708984,0.0,41.97999954223633,41.150001525878906,41.43000030517578,0.0,7177800
2016-04-12,31.747642517089844,43.470001220703125,0.0,43.83000183105469,41.36000061035156,41.56999969482422,0.0,10651800
2016-04-13,31.82798194885254,43.58000183105469,0.0,43.959999084472656,43.0099983215332,43.630001068115234,0.0,9397600
2016-04-14,32.29537582397461,44.220001220703125,0.0,44.29999923706055,43.459999084472656,43.83000183105469,0.0,8241200
2016-04-15,31.915630340576172,43.70000076293945,0.0,44.16999816894531,43.52000045776367,43.75,0.0,8164500
2016-04-18,32.86505126953125,45.0,0.0,45.0,42.040000915527344,42.09000015258789,0.0,9362700
2016-04-19,34.36954116821289,47.060001373291016,0.0,47.099998474121094,44.970001220703125,45.209999084472656,0.0,12874100
2016-04-20,34.38414001464844,47.08000183105469,0.0,47.65999984741211,46.09000015258789,46.72999954223633,0.0,8500400
2016-04-21,33.76335906982422,46.22999954223633,0.0,47.31999969482422,46.119998931884766,46.9900016784668,0.0,10010700
2016-04-22,34.77851867675781,47.619998931884766,0.0,47.7400016784668,46.2599983215332,46.34000015258789,0.0,9399900
2016-04-25,33.79256820678711,46.27000045776367,0.0,47.22999954223633,45.84000015258789,47.15999984741211,0.0,11597100
2016-04-26,35.114471435546875,48.08000183105469,0.0,48.16999816894531,46.34000015258789,46.599998474121094,0.0,10715400
2016-04-27,35.13639450073242,48.11000061035156,0.0,48.90999984741211,47.81999969482422,48.54999923706055,0.0,11556500
2016-04-28,34.81503677368164,47.66999816894531,0.0,49.349998474121094,47.5,48.130001068115234,0.0,12327600
2016-04-29,34.90267562866211,47.790000915527344,0.0,48.83000183105469,46.95000076293945,47.900001525878906,0.0,9024000
2016-05-02,34.21615982055664,46.849998474121094,0.0,47.689998626708984,46.119998931884766,47.560001373291016,0.0,8278800
2016-05-03,32.92348098754883,45.08000183105469,0.0,46.2599983215332,44.709999084472656,46.099998474121094,0.0,8770100
2016-05-04,31.703807830810547,43.40999984741211,0.0,45.650001525878906,43.189998626708984,45.16999816894531,0.0,9267000
2016-05-05,31.557750701904297,43.209999084472656,0.0,44.97999954223633,42.7599983215332,44.540000915527344,0.0,8384600
2016-05-06,31.229097366333008,42.7599983215332,0.0,43.58000183105469,42.27000045776367,42.72999954223633,0.0,8148100
2016-05-09,30.41842269897461,41.650001525878906,0.0,42.4900016784668,41.119998931884766,42.310001373291016,0.0,7049800
2016-05-10,31.309425354003906,42.869998931884766,0.0,42.88999938964844,41.58000183105469,41.619998931884766,0.0,7969500
2016-05-11,31.901002883911133,43.68000030517578,0.0,44.43000030517578,42.310001373291016,42.869998931884766,0.0,8913000
2016-05-12,31.937528610229492,43.72999954223633,0.0,44.689998626708984,43.04999923706055,44.04999923706055,0.0,8380800
2016-05-13,31.418987274169922,43.02000045776367,0.0,43.91999816894531,42.84000015258789,43.369998931884766,0.0,6203300
2016-05-16,32.19314193725586,44.08000183105469,0.0,44.5099983215332,43.790000915527344,43.790000915527344,0.0,7837900
2016-05-17,31.974037170410156,43.779998779296875,0.0,44.45000076293945,43.459999084472656,43.880001068115234,0.0,11746900
2016-05-18,31.834482192993164,43.34000015258789,0.25,44.119998931884766,43.04999923706055,43.380001068115234,0.0,8155000
2016-05-19,31.84916114807129,43.36000061035156,0.0,43.619998931884766,42.06999969482422,42.75,0.0,6284300
2016-05-20,32.01077651977539,43.58000183105469,0.0,43.9900016784668,43.040000915527344,43.52000045776367,0.0,6397700
2016-05-23,32.01810836791992,43.59000015258789,0.0,43.91999816894531,43.0,43.20000076293945,0.0,6753800
2016-05-24,31.922626495361328,43.459999084472656,0.0,43.97999954223633,43.290000915527344,43.91999816894531,0.0,5989300
2016-05-25,32.980342864990234,44.900001525878906,0.0,45.060001373291016,43.849998474121094,43.900001525878906,0.0,6456200
2016-05-26,32.85546875,44.72999954223633,0.0,45.779998779296875,44.689998626708984,45.41999816894531,0.0,7813700
2016-05-27,32.561668395996094,44.33000183105469,0.0,44.43000030517578,43.849998474121094,44.27000045776367,0.0,6068600
2016-05-31,32.16501998901367,43.790000915527344,0.0,45.27000045776367,43.68000030517578,44.59000015258789,0.0,9511600
2016-06-01,32.36334228515625,44.060001373291016,0.0,44.08000183105469,43.209999084472656,43.369998931884766,0.0,7262100
2016-06-02,32.59838104248047,44.380001068115234,0.0,44.630001068115234,43.45000076293945,43.75,0.0,7016600
2016-06-03,32.45149230957031,44.18000030517578,0.0,44.720001220703125,43.70000076293945,44.38999938964844,0.0,6086800
2016-06-06,33.43574142456055,45.52000045776367,0.0,45.630001068115234,44.470001220703125,44.79999923706055,0.0,7813100
2016-06-07,34.91949462890625,47.540000915527344,0.0,47.56999969482422,45.79999923706055,45.970001220703125,0.0,11227800
2016-06-08,34.88276672363281,47.4900016784668,0.0,48.45000076293945,47.439998626708984,47.95000076293945,0.0,9641000
2016-06-09,34.207000732421875,46.56999969482422,0.0,47.13999938964844,46.54999923706055,46.720001220703125,0.0,5425100
2016-06-10,32.69387435913086,44.5099983215332,0.0,46.119998931884766,44.2599983215332,45.900001525878906,0.0,9008300
2016-06-13,32.23112487792969,43.880001068115234,0.0,44.959999084472656,43.79999923706055,43.959999084472656,0.0,7394900
2016-06-14,32.5543098449707,44.31999969482422,0.0,44.599998474121094,43.349998474121094,43.84000015258789,0.0,7324500
2016-06-15,32.10625457763672,43.709999084472656,0.0,44.5099983215332,43.40999984741211,43.90999984741211,0.0,6898000
2016-06-16,31.70226287841797,43.15999984741211,0.0,43.31999969482422,42.220001220703125,43.20000076293945,0.0,7010100
2016-06-17,32.429447174072266,44.150001525878906,0.0,44.7400016784668,43.5099983215332,43.599998474121094,0.0,9672800
2016-06-20,32.82608413696289,44.689998626708984,0.0,45.36000061035156,44.56999969482422,45.0,0.0,8374600
2016-06-21,32.90688705444336,44.79999923706055,0.0,45.08000183105469,44.25,44.58000183105469,0.0,6783300
2016-06-22,32.31194305419922,43.9900016784668,0.0,45.18000030517578,43.90999984741211,45.119998931884766,0.0,8649100
2016-06-23,33.51655960083008,45.630001068115234,0.0,45.63999938964844,44.27000045776367,44.599998474121094,0.0,7714800
2016-06-24,31.709604263305664,43.16999816894531,0.0,44.41999816894531,42.91999816894531,43.31999969482422,0.0,13630200
2016-06-27,29.95408821105957,40.779998779296875,0.0,42.65999984741211,40.52000045776367,42.5099983215332,0.0,11940900
2016-06-28,30.813488006591797,41.95000076293945,0.0,42.13999938964844,41.439998626708984,41.970001220703125,0.0,8996500
2016-06-29,32.253150939941406,43.90999984741211,0.0,44.220001220703125,42.189998626708984,42.5,0.0,10234900
2016-06-30,32.02544403076172,43.599998474121094,0.0,44.119998931884766,43.209999084472656,43.720001220703125,0.0,9342200
2016-07-01,31.959360122680664,43.5099983215332,0.0,44.41999816894531,43.5,43.849998474121094,0.0,9611800
2016-07-05,30.62985610961914,41.70000076293945,0.0,42.77000045776367,41.369998931884766,42.720001220703125,0.0,10189600
2016-07-06,30.776758193969727,41.900001525878906,0.0,42.029998779296875,41.16999816894531,41.54999923706055,0.0,7023900
2016-07-07,30.490297317504883,41.5099983215332,0.0,42.790000915527344,41.189998626708984,42.29999923706055,0.0,8827900
2016-07-08,31.07059097290039,42.29999923706055,0.0,42.43000030517578,41.619998931884766,42.349998474121094,0.0,10801900
2016-07-11,31.18074607849121,42.45000076293945,0.0,42.959999084472656,42.400001525878906,42.7400016784668,0.0,6345700
2016-07-12,32.17235565185547,43.79999923706055,0.0,44.290000915527344,43.11000061035156,43.15999984741211,0.0,10303100
2016-07-13,31.489246368408203,42.869998931884766,0.0,44.04999923706055,42.11000061035156,43.79999923706055,0.0,9203700
2016-07-14,31.599435806274414,43.02000045776367,0.0,43.52000045776367,42.68000030517578,43.5099983215332,0.0,6580800
2016-07-15,31.540658950805664,42.939998626708984,0.0,43.4900016784668,42.68000030517578,43.27000045776367,0.0,5898400
2016-07-18,31.371736526489258,42.709999084472656,0.0,42.939998626708984,42.209999084472656,42.72999954223633,0.0,5261500
2016-07-19,30.784101486206055,41.90999984741211,0.0,42.650001525878906,41.70000076293945,42.45000076293945,0.0,7262300
2016-07-20,30.872243881225586,42.029998779296875,0.0,42.33000183105469,41.279998779296875,41.720001220703125,0.0,6695900
2016-07-21,30.325437545776367,41.040000915527344,0.25,42.209999084472656,40.880001068115234,41.79999923706055,0.0,8733800
2016-07-22,30.11854362487793,40.7599983215332,0.0,41.290000915527344,40.619998931884766,41.11000061035156,0.0,7306100
2016-07-25,29.734302520751953,40.2400016784668,0.0,40.66999816894531,39.810001373291016,40.43000030517578,0.0,7482400
2016-07-26,30.140710830688477,40.790000915527344,0.0,40.86000061035156,39.95000076293945,40.04999923706055,0.0,5896000
2016-07-27,29.608686447143555,40.06999969482422,0.0,41.439998626708984,40.0,40.939998626708984,0.0,10159400
2016-07-28,29.74907684326172,40.2599983215332,0.0,40.77000045776367,39.66999816894531,40.25,0.0,11526700
2016-07-29,30.162887573242188,40.81999969482422,0.0,40.90999984741211,39.66999816894531,39.77000045776367,0.0,8138900
2016-08-01,29.26877784729004,39.61000061035156,0.0,40.41999816894531,39.41999816894531,40.40999984741211,0.0,9592300
2016-08-02,29.40178871154785,39.790000915527344,0.0,40.04999923706055,38.79999923706055,39.810001373291016,0.0,7145800
2016-08-03,29.786020278930664,40.310001373291016,0.0,40.34000015258789,39.5,39.81999969482422,0.0,8586700
2016-08-04,29.6308536529541,40.099998474121094,0.0,40.459999084472656,39.65999984741211,40.16999816894531,0.0,6914900
2016-08-05,30.000314712524414,40.599998474121094,0.0,40.63999938964844,39.91999816894531,40.290000915527344,0.0,8736100
2016-08-08,30.709678649902344,41.560001373291016,0.0,41.79999923706055,40.90999984741211,40.97999954223633,0.0,9679500
2016-08-09,30.473220825195312,41.2400016784668,0.0,41.93000030517578,41.040000915527344,41.7400016784668,0.0,7076600
2016-08-10,30.000314712524414,40.599998474121094,0.0,41.540000915527344,40.5,41.45000076293945,0.0,6375500
2016-08-11,30.58406639099121,41.38999938964844,0.0,41.709999084472656,40.31999969482422,40.790000915527344,0.0,8784800
2016-08-12,30.569286346435547,41.369998931884766,0.0,41.650001525878906,41.18000030517578,41.54999923706055,0.0,4948800
2016-08-15,31.167810440063477,42.18000030517578,0.0,42.2400016784668,41.56999969482422,41.65999984741211,0.0,5896200
2016-08-16,31.670289993286133,42.86000061035156,0.0,43.060001373291016,41.7599983215332,42.18000030517578,0.0,10973800
2016-08-17,31.921520233154297,43.20000076293945,0.0,43.25,42.400001525878906,42.689998626708984,0.0,8857700
2016-08-18,32.20969772338867,43.59000015258789,0.0,43.689998626708984,43.13999938964844,43.34000015258789,0.0,6991500
2016-08-19,32.010189056396484,43.31999969482422,0.0,43.47999954223633,43.02000045776367,43.279998779296875,0.0,6190100
2016-08-22,31.500333786010742,42.630001068115234,0.0,42.93000030517578,42.310001373291016,42.7400016784668,0.0,6179600
2016-08-23,31.936294555664062,43.220001220703125,0.0,43.33000183105469,42.459999084472656,42.599998474121094,0.0,6179700
2016-08-24,31.74418830871582,42.959999084472656,0.0,43.369998931884766,42.849998474121094,42.959999084472656,0.0,5511400
2016-08-25,31.611160278320312,42.779998779296875,0.0,43.029998779296875,42.41999816894531,42.900001525878906,0.0,4504900
2016-08-26,31.25650405883789,42.29999923706055,0.0,43.290000915527344,42.13999938964844,42.900001525878906,0.0,5654600
2016-08-29,31.293424606323242,42.349998474121094,0.0,42.470001220703125,42.02000045776367,42.18000030517578,0.0,4461000
2016-08-30,31.204750061035156,42.22999954223633,0.0,42.869998931884766,42.099998474121094,42.59000015258789,0.0,5425200
2016-08-31,30.33282470703125,41.04999923706055,0.0,42.130001068115234,40.77000045776367,42.060001373291016,0.0,8770600
2016-09-01,30.000314712524414,40.599998474121094,0.0,41.099998474121094,40.130001068115234,40.900001525878906,0.0,7536600
2016-09-02,30.23676109313965,40.91999816894531,0.0,41.310001373291016,40.81999969482422,41.150001525878906,0.0,5606700
2016-09-06,30.295881271362305,41.0,0.0,41.22999954223633,40.61000061035156,41.040000915527344,0.0,6654500
2016-09-07,30.65056610107422,41.47999954223633,0.0,41.5,41.02000045776367,41.220001220703125,0.0,6368800
2016-09-08,31.980627059936523,43.279998779296875,0.0,43.34000015258789,41.66999816894531,41.91999816894531,0.0,10714900
2016-09-09,31.219541549682617,42.25,0.0,43.43000030517578,42.220001220703125,42.83000183105469,0.0,12586100
2016-09-12,31.52988624572754,42.66999816894531,0.0,43.130001068115234,41.560001373291016,41.970001220703125,0.0,10222600
2016-09-13,30.303279876708984,41.0099983215332,0.0,42.02000045776367,40.66999816894531,41.91999816894531,0.0,11732300
2016-09-14,29.549571990966797,39.9900016784668,0.0,41.45000076293945,39.880001068115234,40.86000061035156,0.0,10031800
2016-09-15,29.579124450683594,40.029998779296875,0.0,40.4900016784668,39.77000045776367,40.0099983215332,0.0,7802700
2016-09-16,29.460901260375977,39.869998931884766,0.0,39.97999954223633,39.5,39.619998931884766,0.0,9604200
2016-09-19,29.02492904663086,39.279998779296875,0.0,40.2400016784668,39.279998779296875,40.119998931884766,0.0,5424200
2016-09-20,28.82542610168457,39.0099983215332,0.0,39.83000183105469,39.0,39.33000183105469,0.0,5877200
2016-09-21,29.601287841796875,40.060001373291016,0.0,40.130001068115234,39.34000015258789,39.47999954223633,0.0,6385800
2016-09-22,30.310667037963867,41.02000045776367,0.0,41.33000183105469,40.75,40.75,0.0,7920200
2016-09-23,29.512624740600586,39.939998626708984,0.0,41.209999084472656,39.599998474121094,40.36000061035156,0.0,8530000
2016-09-26,29.57173728942871,40.02000045776367,0.0,40.77000045776367,39.9900016784668,40.08000183105469,0.0,4985900
2016-09-27,29.13576316833496,39.43000030517578,0.0,39.599998474121094,39.0,39.540000915527344,0.0,7796400
2016-09-28,31.167810440063477,42.18000030517578,0.0,42.27000045776367,39.119998931884766,39.599998474121094,0.0,13568400
2016-09-29,32.26141357421875,43.65999984741211,0.0,44.15999984741211,41.970001220703125,41.970001220703125,0.0,16585900
2016-09-30,32.12103271484375,43.470001220703125,0.0,44.119998931884766,43.22999954223633,43.81999969482422,0.0,8814000
2016-10-03,32.09147644042969,43.43000030517578,0.0,43.810001373291016,42.79999923706055,43.68000030517578,0.0,5244200
2016-10-04,31.67766761779785,42.869998931884766,0.0,43.540000915527344,42.59000015258789,43.43000030517578,0.0,6263800
2016-10-05,32.44615173339844,43.90999984741211,0.0,44.119998931884766,43.310001373291016,43.5,0.0,6424100
2016-10-06,32.89689636230469,44.52000045776367,0.0,44.560001373291016,43.529998779296875,44.06999969482422,0.0,8231600
2016-10-07,32.675209045410156,44.220001220703125,0.0,44.689998626708984,44.02000045776367,44.5,0.0,8281700
2016-10-10,32.80083084106445,44.38999938964844,0.0,45.040000915527344,44.36000061035156,44.630001068115234,0.0,9102100
2016-10-11,32.017578125,43.33000183105469,0.0,44.59000015258789,43.18000030517578,44.31999969482422,0.0,6899400
2016-10-12,32.12103271484375,43.470001220703125,0.0,43.540000915527344,42.56999969482422,43.16999816894531,0.0,5759100
2016-10-13,31.325801849365234,42.150001525878906,0.25,42.689998626708984,41.869998931884766,42.650001525878906,0.0,7443500
2016-10-14,30.96906280517578,41.66999816894531,0.0,42.7400016784668,41.63999938964844,42.349998474121094,0.0,6571300
2016-10-17,30.545448303222656,41.099998474121094,0.0,41.81999969482422,40.81999969482422,41.58000183105469,0.0,5645300
2016-10-18,30.21100616455078,40.650001525878906,0.0,41.619998931884766,40.369998931884766,41.59000015258789,0.0,6896900
2016-10-19,31.006221771240234,41.720001220703125,0.0,42.099998474121094,40.880001068115234,40.959999084472656,0.0,9634100
2016-10-20,30.835294723510742,41.4900016784668,0.0,42.06999969482422,41.09000015258789,41.380001068115234,0.0,6446100
2016-10-21,30.872465133666992,41.540000915527344,0.0,41.599998474121094,40.959999084472656,41.16999816894531,0.0,5553200
2016-10-24,31.3926944732666,42.2400016784668,0.0,42.560001373291016,41.63999938964844,41.869998931884766,0.0,9333800
2016-10-25,31.073123931884766,41.810001373291016,0.0,42.650001525878906,41.77000045776367,42.130001068115234,0.0,6268300
2016-10-26,31.065683364868164,41.79999923706055,0.0,42.290000915527344,41.130001068115234,41.25,0.0,8420200
2016-10-27,32.70073318481445,44.0,0.0,44.849998474121094,42.150001525878906,42.189998626708984,0.0,16604200
2016-10-28,33.4216194152832,44.970001220703125,0.0,45.84000015258789,44.290000915527344,44.70000076293945,0.0,18410500
2016-10-31,32.29197311401367,43.45000076293945,0.0,44.79999923706055,43.25,44.7599983215332,0.0,11284000
2016-11-01,32.358856201171875,43.540000915527344,0.0,44.06999969482422,42.540000915527344,43.970001220703125,0.0,8954800
2016-11-02,32.12844467163086,43.22999954223633,0.0,43.560001373291016,42.349998474121094,42.91999816894531,0.0,7498400
2016-11-03,32.4034423828125,43.599998474121094,0.0,44.0099983215332,43.09000015258789,43.459999084472656,0.0,6653900
2016-11-04,31.779151916503906,42.7599983215332,0.0,43.79999923706055,42.68000030517578,43.34000015258789,0.0,7323000
2016-11-07,32.64126205444336,43.91999816894531,0.0,44.0,43.18000030517578,43.5,0.0,5780400
2016-11-08,32.945980072021484,44.33000183105469,0.0,44.849998474121094,43.5,43.630001068115234,0.0,6343200
2016-11-09,33.98645782470703,45.72999954223633,0.0,46.209999084472656,43.38999938964844,43.470001220703125,0.0,10856700
2016-11-10,33.280418395996094,44.779998779296875,0.0,45.7400016784668,44.349998474121094,45.66999816894531,0.0,11182100
2016-11-11,32.6561279296875,43.939998626708984,0.0,44.68000030517578,43.41999816894531,44.310001373291016,0.0,8155500
2016-11-14,32.797340393066406,44.130001068115234,0.0,44.2599983215332,43.41999816894531,43.58000183105469,0.0,10020100
2016-11-15,33.652008056640625,45.279998779296875,0.0,45.59000015258789,44.25,44.25,0.0,11199700
2016-11-16,32.983131408691406,44.380001068115234,0.0,45.650001525878906,44.18000030517578,45.15999984741211,0.0,6800600
2016-11-17,32.41087341308594,43.61000061035156,0.0,45.08000183105469,43.5,44.79999923706055,0.0,6757600
2016-11-18,33.26555252075195,44.7599983215332,0.0,44.959999084472656,43.66999816894531,43.709999084472656,0.0,8429400
2016-11-21,34.45466995239258,46.36000061035156,0.0,46.5,45.540000915527344,45.63999938964844,0.0,9890700
2016-11-22,34.239131927490234,46.06999969482422,0.0,46.689998626708984,45.279998779296875,46.290000915527344,0.0,7255500
2016-11-23,34.410064697265625,46.29999923706055,0.0,46.45000076293945,45.529998779296875,45.720001220703125,0.0,4870600
2016-11-25,34.00131607055664,45.75,0.0,46.040000915527344,45.16999816894531,45.79999923706055,0.0,3494400
2016-11-28,33.81549835205078,45.5,0.0,46.849998474121094,45.38999938964844,46.720001220703125,0.0,9429500
2016-11-29,32.87165451049805,44.22999954223633,0.0,44.54999923706055,43.83000183105469,44.470001220703125,0.0,9376700
2016-11-30,36.05998229980469,48.52000045776367,0.0,49.31999969482422,46.22999954223633,46.29999923706055,0.0,20897800
2016-12-01,35.83702087402344,48.220001220703125,0.0,50.150001525878906,48.040000915527344,50.13999938964844,0.0,11105900
2016-12-02,35.7626953125,48.119998931884766,0.0,48.47999954223633,47.72999954223633,48.04999923706055,0.0,5805000
2016-12-05,36.32752990722656,48.880001068115234,0.0,50.099998474121094,48.630001068115234,48.83000183105469,0.0,8860700
2016-12-06,37.08559036254883,49.900001525878906,0.0,50.04999923706055,48.130001068115234,48.470001220703125,0.0,7168300
2016-12-07,37.08559036254883,49.900001525878906,0.0,50.040000915527344,49.25,49.459999084472656,0.0,9074300
2016-12-08,36.996402740478516,49.779998779296875,0.0,50.18000030517578,48.91999816894531,50.09000015258789,0.0,5904600
2016-12-09,37.732173919677734,50.77000045776367,0.0,50.81999969482422,49.81999969482422,49.970001220703125,0.0,6126100
2016-12-12,38.1855354309082,51.380001068115234,0.0,53.099998474121094,51.27000045776367,52.15999984741211,0.0,10748300
2016-12-13,39.1219596862793,52.63999938964844,0.0,53.16999816894531,51.630001068115234,52.2599983215332,0.0,7962200
2016-12-14,38.267269134521484,51.4900016784668,0.0,52.619998931884766,51.380001068115234,52.2400016784668,0.0,8596500
2016-12-15,38.45307922363281,51.7400016784668,0.0,52.130001068115234,50.58000183105469,51.119998931884766,0.0,7934900
2016-12-16,38.601722717285156,51.939998626708984,0.0,52.13999938964844,51.56999969482422,51.97999954223633,0.0,10313100
2016-12-19,38.631431579589844,51.97999954223633,0.0,52.09000015258789,51.560001373291016,52.0,0.0,4748000
2016-12-20,38.31187057495117,51.54999923706055,0.0,52.58000183105469,51.36000061035156,52.220001220703125,0.0,4659500
2016-12-21,38.25982666015625,51.47999954223633,0.0,52.15999984741211,51.439998626708984,51.84000015258789,0.0,4187200
2016-12-22,38.304443359375,51.540000915527344,0.0,51.779998779296875,51.380001068115234,51.54999923706055,0.0,4594800
2016-12-23,38.178096771240234,51.369998931884766,0.0,51.650001525878906,51.220001220703125,51.34000015258789,0.0,2860000
2016-12-27,38.34904479980469,51.599998474121094,0.0,51.939998626708984,51.349998474121094,51.45000076293945,0.0,2995400
2016-12-28,37.732173919677734,50.77000045776367,0.0,51.7400016784668,50.630001068115234,51.470001220703125,0.0,4275500
2016-12-29,37.56123733520508,50.540000915527344,0.0,50.81999969482422,50.2400016784668,50.65999984741211,0.0,3634500
2016-12-30,37.26395797729492,50.13999938964844,0.0,50.84000015258789,49.93000030517578,50.40999984741211,0.0,4806300
2017-01-03,37.613243103027344,50.61000061035156,0.0,51.61000061035156,49.91999816894531,50.81999969482422,0.0,7032600
2017-01-04,37.962562561035156,51.08000183105469,0.0,51.099998474121094,50.31999969482422,50.70000076293945,0.0,4990000
2017-01-05,37.8510856628418,50.93000030517578,0.0,51.68000030517578,50.720001220703125,51.209999084472656,0.0,4727100
2017-01-06,37.70988464355469,50.7400016784668,0.0,51.08000183105469,50.290000915527344,51.02000045776367,0.0,3472500
2017-01-09,36.9072265625,49.65999984741211,0.0,50.529998779296875,49.630001068115234,50.27000045776367,0.0,5765600
2017-01-10,36.9072265625,49.65999984741211,0.0,50.040000915527344,49.369998931884766,49.880001068115234,0.0,5447900
2017-01-11,38.06660461425781,51.220001220703125,0.0,51.4900016784668,49.459999084472656,49.959999084472656,0.0,8689400
2017-01-12,37.271392822265625,50.150001525878906,0.0,51.529998779296875,50.09000015258789,51.5,0.0,6963300
2017-01-13,37.598392486572266,50.59000015258789,0.0,50.869998931884766,49.84000015258789,49.900001525878906,0.0,4413300
2017-01-17,37.271392822265625,50.150001525878906,0.0,50.709999084472656,50.0,50.560001373291016,0.0,4995100
2017-01-18,37.360572814941406,50.27000045776367,0.0,50.59000015258789,49.790000915527344,49.79999923706055,0.0,4970000
2017-01-19,37.05587387084961,49.86000061035156,0.0,50.45000076293945,49.779998779296875,50.20000076293945,0.0,4915300
2017-01-20,37.70244216918945,50.72999954223633,0.0,51.09000015258789,50.31999969482422,50.38999938964844,0.0,5888500
2017-01-23,37.11530685424805,49.939998626708984,0.0,50.56999969482422,49.58000183105469,50.2599983215332,0.0,5969500
2017-01-24,37.360572814941406,50.27000045776367,0.0,51.400001525878906,50.0099983215332,50.13999938964844,0.0,5919200
2017-01-25,37.67271041870117,50.689998626708984,0.0,51.22999954223633,50.31999969482422,50.40999984741211,0.0,5991200
2017-01-26,37.62812423706055,50.630001068115234,0.0,51.02000045776367,50.34000015258789,50.630001068115234,0.0,4164100
2017-01-27,36.736289978027344,49.43000030517578,0.0,50.459999084472656,49.20000076293945,50.33000183105469,0.0,5408100
2017-01-30,35.287044525146484,47.47999954223633,0.0,49.18000030517578,47.189998626708984,49.0099983215332,0.0,10483200
2017-01-31,36.23834991455078,48.7599983215332,0.0,48.790000915527344,47.369998931884766,47.810001373291016,0.0,7464500
2017-02-01,36.04511260986328,48.5,0.0,49.150001525878906,47.439998626708984,49.0,0.0,10040900
2017-02-02,36.186317443847656,48.689998626708984,0.0,49.34000015258789,47.279998779296875,48.75,0.0,8625100
2017-02-03,37.4794921875,50.43000030517578,0.0,50.4900016784668,48.81999969482422,48.849998474121094,0.0,8414400
2017-02-06,37.226802825927734,50.09000015258789,0.0,50.97999954223633,49.349998474121094,50.5,0.0,8127500
2017-02-07,36.728858947753906,49.41999816894531,0.0,50.22999954223633,49.08000183105469,49.54999923706055,0.0,7591600
2017-02-08,36.862632751464844,49.599998474121094,0.0,50.15999984741211,48.5099983215332,49.04999923706055,0.0,8588600
2017-02-09,37.018699645996094,49.810001373291016,0.0,50.33000183105469,49.47999954223633,50.040000915527344,0.0,6357000
2017-02-10,37.46326446533203,50.13999938964844,0.265,50.540000915527344,49.81999969482422,50.029998779296875,0.0,5996000
2017-02-13,37.13451385498047,49.70000076293945,0.0,50.040000915527344,49.220001220703125,50.040000915527344,0.0,6163400
2017-02-14,37.46326446533203,50.13999938964844,0.0,50.18000030517578,49.33000183105469,50.0,0.0,6063400
2017-02-15,36.880489349365234,49.36000061035156,0.0,50.290000915527344,49.310001373291016,49.83000183105469,0.0,7461800
2017-02-16,36.11834716796875,48.34000015258789,0.0,49.650001525878906,48.27000045776367,49.59000015258789,0.0,9689100
2017-02-17,35.49820327758789,47.5099983215332,0.0,48.2400016784668,47.099998474121094,48.220001220703125,0.0,10694000
2017-02-21,35.96145248413086,48.130001068115234,0.0,48.52000045776367,47.81999969482422,48.130001068115234,0.0,9577200
2017-02-22,35.191856384277344,47.099998474121094,0.0,47.939998626708984,47.029998779296875,47.79999923706055,0.0,8007700
2017-02-23,35.34129333496094,47.29999923706055,0.0,47.86000061035156,47.029998779296875,47.790000915527344,0.0,7846400
2017-02-24,35.14702224731445,47.040000915527344,0.0,47.4900016784668,46.709999084472656,47.0099983215332,0.0,6749500
2017-02-27,35.38614273071289,47.36000061035156,0.0,47.63999938964844,46.970001220703125,47.22999954223633,0.0,6208300
2017-02-28,35.54304504394531,47.56999969482422,0.0,47.66999816894531,47.0,47.16999816894531,0.0,6710600
2017-03-01,36.64884567260742,49.04999923706055,0.0,49.22999954223633,47.86000061035156,48.0,0.0,9194500
2017-03-02,36.0212287902832,48.209999084472656,0.0,48.81999969482422,47.90999984741211,48.619998931884766,0.0,5955300
2017-03-03,35.729820251464844,47.81999969482422,0.0,48.439998626708984,47.63999938964844,48.189998626708984,0.0,5290100
2017-03-06,36.10341262817383,48.31999969482422,0.0,48.470001220703125,47.34000015258789,47.779998779296875,0.0,6078500
2017-03-07,35.65512466430664,47.720001220703125,0.0,48.5099983215332,47.599998474121094,48.45000076293945,0.0,5652800
2017-03-08,34.3027229309082,45.90999984741211,0.0,47.65999984741211,45.810001373291016,47.40999984741211,0.0,9435500
2017-03-09,34.72862243652344,46.47999954223633,0.0,46.630001068115234,45.47999954223633,45.61000061035156,0.0,7235900
2017-03-10,34.12339401245117,45.66999816894531,0.0,46.880001068115234,45.47999954223633,46.880001068115234,0.0,8455400
2017-03-13,34.250431060791016,45.84000015258789,0.0,46.16999816894531,45.540000915527344,45.68000030517578,0.0,6333800
2017-03-14,33.577964782714844,44.939998626708984,0.0,45.20000076293945,44.189998626708984,45.150001525878906,0.0,10538300
2017-03-15,34.250431060791016,45.84000015258789,0.0,46.119998931884766,44.849998474121094,45.470001220703125,0.0,7573400
2017-03-16,34.250431060791016,45.84000015258789,0.0,46.130001068115234,45.5099983215332,45.95000076293945,0.0,6393700
2017-03-17,34.13833236694336,45.689998626708984,0.0,46.36000061035156,45.63999938964844,45.970001220703125,0.0,8359700
2017-03-20,34.265377044677734,45.86000061035156,0.0,45.97999954223633,45.04999923706055,45.400001525878906,0.0,5754200
2017-03-21,33.75728988647461,45.18000030517578,0.0,46.16999816894531,44.880001068115234,46.040000915527344,0.0,6504200
2017-03-22,33.36128616333008,44.650001525878906,0.0,45.31999969482422,44.630001068115234,45.029998779296875,0.0,7852200
2017-03-23,33.23427963256836,44.47999954223633,0.0,45.0,44.349998474121094,44.650001525878906,0.0,9149400
2017-03-24,32.95035171508789,44.099998474121094,0.0,44.880001068115234,43.970001220703125,44.63999938964844,0.0,8797100
2017-03-27,33.09231948852539,44.290000915527344,0.0,44.439998626708984,43.2599983215332,43.4900016784668,0.0,6231900
2017-03-28,33.9067268371582,45.380001068115234,0.0,45.4900016784668,44.20000076293945,44.40999984741211,0.0,7034800
2017-03-29,34.332611083984375,45.95000076293945,0.0,46.060001373291016,45.0099983215332,45.33000183105469,0.0,6040800
2017-03-30,37.358673095703125,50.0,0.0,50.40999984741211,48.61000061035156,49.33000183105469,0.0,40059800
2017-03-31,37.26152801513672,49.869998931884766,0.0,50.04999923706055,49.02000045776367,49.63999938964844,0.0,13410500
2017-04-03,36.94773864746094,49.45000076293945,0.0,49.93000030517578,48.79999923706055,49.900001525878906,0.0,7711800
2017-04-04,37.15692901611328,49.72999954223633,0.0,49.790000915527344,49.04999923706055,49.43000030517578,0.0,6175900
2017-04-05,36.69367980957031,49.11000061035156,0.0,50.40999984741211,48.95000076293945,50.0099983215332,0.0,7490900
2017-04-06,37.216705322265625,49.810001373291016,0.0,49.970001220703125,49.15999984741211,49.38999938964844,0.0,6823800
2017-04-07,37.01495361328125,49.540000915527344,0.0,50.0,49.380001068115234,49.849998474121094,0.0,5857400
2017-04-10,37.47074890136719,50.150001525878906,0.0,50.470001220703125,49.72999954223633,49.790000915527344,0.0,6737400
2017-04-11,37.47074890136719,50.150001525878906,0.0,50.2400016784668,49.56999969482422,50.150001525878906,0.0,7395200
2017-04-12,36.940250396728516,49.439998626708984,0.0,50.619998931884766,49.29999923706055,50.13999938964844,0.0,7623000
2017-04-13,36.32755661010742,48.619998931884766,0.0,49.790000915527344,48.540000915527344,49.599998474121094,0.0,8807100
2017-04-17,36.574134826660156,48.95000076293945,0.0,49.02000045776367,48.459999084472656,48.59000015258789,0.0,5286600
2017-04-18,36.3798713684082,48.689998626708984,0.0,49.27000045776367,48.43000030517578,48.61000061035156,0.0,6046600
2017-04-19,35.86431884765625,48.0,0.0,49.06999969482422,47.81999969482422,48.7599983215332,0.0,6165200
2017-04-20,35.826961517333984,47.95000076293945,0.0,48.68000030517578,47.88999938964844,48.02000045776367,0.0,6278800
2017-04-21,35.670047760009766,47.7400016784668,0.0,48.130001068115234,47.29999923706055,47.86000061035156,0.0,6056300
2017-04-24,35.79706954956055,47.90999984741211,0.0,48.189998626708984,47.709999084472656,48.0,0.0,5750700
2017-04-25,36.454586029052734,48.790000915527344,0.0,48.900001525878906,47.79999923706055,47.970001220703125,0.0,7023200
2017-04-26,36.11834716796875,48.34000015258789,0.0,49.529998779296875,48.2400016784668,48.27000045776367,0.0,6536900
2017-04-27,35.759708404541016,47.86000061035156,0.0,48.13999938964844,46.86000061035156,47.83000183105469,0.0,7302700
2017-04-28,35.79706954956055,47.90999984741211,0.0,48.31999969482422,47.7400016784668,48.150001525878906,0.0,6429000
2017-05-01,35.47579574584961,47.47999954223633,0.0,48.029998779296875,47.459999084472656,47.900001525878906,0.0,5795400
2017-05-02,34.89298629760742,46.70000076293945,0.0,47.619998931884766,46.27000045776367,47.560001373291016,0.0,10390500
2017-05-03,35.17692184448242,47.08000183105469,0.0,47.439998626708984,46.25,46.25,0.0,5757200
2017-05-04,34.31018829345703,45.91999816894531,0.0,46.849998474121094,45.689998626708984,46.779998779296875,0.0,9999300
2017-05-05,34.94529342651367,46.77000045776367,0.0,46.849998474121094,45.88999938964844,45.95000076293945,0.0,7894400
2017-05-08,35.214271545410156,47.130001068115234,0.0,47.22999954223633,46.52000045776367,46.79999923706055,0.0,5861200
2017-05-09,34.57170486450195,46.27000045776367,0.0,47.209999084472656,46.060001373291016,47.18000030517578,0.0,6157400
2017-05-10,35.57292938232422,47.61000061035156,0.0,47.86000061035156,46.529998779296875,46.709999084472656,0.0,7950300
2017-05-11,35.629276275634766,47.41999816894531,0.265,47.810001373291016,47.0099983215332,47.0099983215332,0.0,8569900
2017-05-12,35.29117202758789,46.970001220703125,0.0,47.66999816894531,46.59000015258789,47.400001525878906,0.0,9151900
2017-05-15,35.64430236816406,47.439998626708984,0.0,48.33000183105469,47.2599983215332,48.09000015258789,0.0,7675600
2017-05-16,35.4113655090332,47.130001068115234,0.0,47.720001220703125,46.68000030517578,47.66999816894531,0.0,5288200
2017-05-17,34.87042236328125,46.40999984741211,0.0,47.400001525878906,46.33000183105469,47.130001068115234,0.0,7512800
2017-05-18,34.87791442871094,46.41999816894531,0.0,46.959999084472656,45.81999969482422,46.0,0.0,6543500
2017-05-19,35.67436218261719,47.47999954223633,0.0,47.689998626708984,46.619998931884766,46.88999938964844,0.0,7206200
2017-05-22,35.26110076904297,46.93000030517578,0.0,47.900001525878906,46.869998931884766,47.83000183105469,0.0,7967900
2017-05-23,35.13338088989258,46.7599983215332,0.0,47.33000183105469,46.66999816894531,46.86000061035156,0.0,7436700
2017-05-24,35.06575393676758,46.66999816894531,0.0,46.75,46.13999938964844,46.63999938964844,0.0,7765700
2017-05-25,33.84855651855469,45.04999923706055,0.0,46.970001220703125,44.68000030517578,46.470001220703125,0.0,12772200
2017-05-26,34.07395553588867,45.349998474121094,0.0,45.400001525878906,44.68000030517578,45.33000183105469,0.0,10758900
2017-05-30,33.6532096862793,44.790000915527344,0.0,45.09000015258789,44.529998779296875,44.93000030517578,0.0,9280900
2017-05-31,33.578067779541016,44.689998626708984,0.0,44.86000061035156,44.09000015258789,44.31999969482422,0.0,8770800
2017-06-01,33.70581817626953,44.86000061035156,0.0,45.31999969482422,44.38999938964844,44.79999923706055,0.0,7946800
2017-06-02,33.25498962402344,44.2599983215332,0.0,44.619998931884766,44.02000045776367,44.58000183105469,0.0,8000900
2017-06-05,33.074649810791016,44.02000045776367,0.0,44.529998779296875,44.0,44.060001373291016,0.0,5731300
2017-06-06,33.4202995300293,44.47999954223633,0.0,44.5099983215332,43.79999923706055,43.95000076293945,0.0,8584000
2017-06-07,32.729042053222656,43.560001373291016,0.0,44.43000030517578,43.2400016784668,44.20000076293945,0.0,13140900
2017-06-08,32.36087417602539,43.06999969482422,0.0,43.849998474121094,43.02000045776367,43.560001373291016,0.0,9179500
2017-06-09,33.675750732421875,44.81999969482422,0.0,44.939998626708984,43.06999969482422,43.099998474121094,0.0,10412900
2017-06-12,34.351959228515625,45.720001220703125,0.0,46.040000915527344,45.25,45.25,0.0,13550400
2017-06-13,34.88542175292969,46.43000030517578,0.0,46.65999984741211,45.61000061035156,45.720001220703125,0.0,8601000
2017-06-14,34.12656021118164,45.41999816894531,0.0,46.11000061035156,45.189998626708984,46.060001373291016,0.0,7069600
2017-06-15,34.10402297973633,45.38999938964844,0.0,45.849998474121094,44.900001525878906,45.36000061035156,0.0,9672500
2017-06-16,34.960575103759766,46.529998779296875,0.0,46.66999816894531,45.61000061035156,45.81999969482422,0.0,11639600
2017-06-19,34.83283996582031,46.36000061035156,0.0,46.720001220703125,46.220001220703125,46.540000915527344,0.0,6029900
2017-06-20,34.42710876464844,45.81999969482422,0.0,46.040000915527344,45.29999923706055,45.40999984741211,0.0,7739600
2017-06-21,33.7734260559082,44.95000076293945,0.0,46.220001220703125,44.65999984741211,45.81999969482422,0.0,10790300
2017-06-22,33.66823196411133,44.810001373291016,0.0,45.38999938964844,44.59000015258789,44.9900016784668,0.0,8881300
2017-06-23,33.68327713012695,44.83000183105469,0.0,45.310001373291016,44.470001220703125,44.790000915527344,0.0,8483100
2017-06-26,33.23244857788086,44.22999954223633,0.0,44.959999084472656,44.060001373291016,44.93000030517578,0.0,9047500
2017-06-27,33.0370979309082,43.970001220703125,0.0,44.630001068115234,43.959999084472656,44.52000045776367,0.0,8697100
2017-06-28,33.029579162597656,43.959999084472656,0.0,44.34000015258789,43.720001220703125,44.04999923706055,0.0,6983500
2017-06-29,33.119747161865234,44.08000183105469,0.0,44.65999984741211,43.97999954223633,44.060001373291016,0.0,8252400
2017-06-30,33.029579162597656,43.959999084472656,0.0,44.58000183105469,43.70000076293945,44.38999938964844,0.0,9126700
2017-07-03,34.306884765625,45.65999984741211,0.0,45.83000183105469,44.189998626708984,44.209999084472656,0.0,5742900
2017-07-05,33.17985916137695,44.15999984741211,0.0,45.45000076293945,43.7599983215332,45.27000045776367,0.0,7725500
2017-07-06,32.54119873046875,43.310001373291016,0.0,44.310001373291016,43.220001220703125,44.150001525878906,0.0,7155500
2017-07-07,32.30827713012695,43.0,0.0,43.279998779296875,42.5,43.119998931884766,0.0,8494200
2017-07-10,32.488609313964844,43.2400016784668,0.0,43.47999954223633,42.77000045776367,42.83000183105469,0.0,5631900
2017-07-11,32.57125473022461,43.349998474121094,0.0,43.65999984741211,42.91999816894531,43.25,0.0,5782600
2017-07-12,32.488609313964844,43.2400016784668,0.0,44.0,42.93000030517578,43.81999969482422,0.0,7907900
2017-07-13,32.496116638183594,43.25,0.0,43.470001220703125,42.900001525878906,43.220001220703125,0.0,7014100
2017-07-14,32.646392822265625,43.45000076293945,0.0,43.779998779296875,43.27000045776367,43.31999969482422,0.0,5467300
2017-07-17,32.45103073120117,43.189998626708984,0.0,43.52000045776367,43.09000015258789,43.310001373291016,0.0,7014700
2017-07-18,32.36087417602539,43.06999969482422,0.0,43.45000076293945,42.79999923706055,43.45000076293945,0.0,6834800
2017-07-19,32.80417251586914,43.65999984741211,0.0,43.75,42.939998626708984,42.95000076293945,0.0,8823000
2017-07-20,32.679439544677734,43.22999954223633,0.265,43.83000183105469,43.099998474121094,43.779998779296875,0.0,7663000
2017-07-21,32.241004943847656,42.650001525878906,0.0,43.15999984741211,42.56999969482422,42.959999084472656,0.0,6480600
2017-07-24,32.21076202392578,42.61000061035156,0.0,42.959999084472656,42.540000915527344,42.72999954223633,0.0,6094100
2017-07-25,32.9969482421875,43.650001525878906,0.0,43.959999084472656,43.22999954223633,43.349998474121094,0.0,8641100
2017-07-26,33.034751892089844,43.70000076293945,0.0,44.380001068115234,43.58000183105469,43.90999984741211,0.0,7124500
2017-07-27,33.76044464111328,44.65999984741211,0.0,44.65999984741211,43.81999969482422,44.34000015258789,0.0,9803100
2017-07-28,34.214012145996094,45.2599983215332,0.0,45.939998626708984,44.619998931884766,44.72999954223633,0.0,10794900
2017-07-31,34.29716110229492,45.369998931884766,0.0,45.869998931884766,45.20000076293945,45.33000183105469,0.0,8368400
2017-08-01,33.82847595214844,44.75,0.0,45.33000183105469,44.619998931884766,45.33000183105469,0.0,6685100
2017-08-02,34.47858810424805,45.61000061035156,0.0,45.630001068115234,44.27000045776367,44.38999938964844,0.0,9562300
2017-08-03,33.94943618774414,44.90999984741211,0.0,45.95000076293945,44.68000030517578,45.63999938964844,0.0,9204100
2017-08-04,34.44080352783203,45.560001373291016,0.0,45.59000015258789,44.86000061035156,44.939998626708984,0.0,6105600
2017-08-07,34.145973205566406,45.16999816894531,0.0,45.47999954223633,44.83000183105469,45.27000045776367,0.0,6370200
2017-08-08,34.493709564208984,45.630001068115234,0.0,46.11000061035156,45.0,45.150001525878906,0.0,8032000
2017-08-09,34.50883483886719,45.650001525878906,0.0,46.0,45.369998931884766,45.790000915527344,0.0,7451100
2017-08-10,33.99478530883789,44.970001220703125,0.0,45.95000076293945,44.93000030517578,45.68000030517578,0.0,6441400
2017-08-11,33.85871505737305,44.790000915527344,0.0,45.380001068115234,44.66999816894531,44.959999084472656,0.0,4206900
2017-08-14,33.66972351074219,44.540000915527344,0.0,45.09000015258789,44.400001525878906,44.79999923706055,0.0,5063100
2017-08-15,33.639495849609375,44.5,0.0,44.70000076293945,44.04999923706055,44.439998626708984,0.0,8179300
2017-08-16,33.02718734741211,43.689998626708984,0.0,44.65999984741211,43.5099983215332,44.59000015258789,0.0,5795800
2017-08-17,32.505577087402344,43.0,0.0,43.86000061035156,42.959999084472656,43.5,0.0,6422500
2017-08-18,32.5887336730957,43.11000061035156,0.0,43.560001373291016,42.5099983215332,42.959999084472656,0.0,7310400
2017-08-21,32.127601623535156,42.5,0.0,42.939998626708984,42.27000045776367,42.900001525878906,0.0,5709600
2017-08-22,32.649208068847656,43.189998626708984,0.0,43.36000061035156,42.619998931884766,42.63999938964844,0.0,5850200
2017-08-23,33.02718734741211,43.689998626708984,0.0,43.95000076293945,42.83000183105469,42.95000076293945,0.0,5240900
2017-08-24,32.73236083984375,43.29999923706055,0.0,43.560001373291016,43.08000183105469,43.52000045776367,0.0,4370000
2017-08-25,32.94401168823242,43.58000183105469,0.0,44.11000061035156,43.36000061035156,43.4900016784668,0.0,5393800
2017-08-28,32.543373107910156,43.04999923706055,0.0,43.630001068115234,42.70000076293945,43.599998474121094,0.0,4593400
2017-08-29,32.392189025878906,42.849998474121094,0.0,42.9900016784668,42.43000030517578,42.720001220703125,0.0,4592900
2017-08-30,32.81550598144531,43.40999984741211,0.0,43.5,42.41999816894531,42.630001068115234,0.0,6846900
2017-08-31,33.00449752807617,43.65999984741211,0.0,44.150001525878906,43.52000045776367,43.779998779296875,0.0,7660100
2017-09-01,33.442935943603516,44.2400016784668,0.0,44.38999938964844,43.47999954223633,43.7599983215332,0.0,4808800
2017-09-05,33.556339263916016,44.38999938964844,0.0,44.709999084472656,44.11000061035156,44.4900016784668,0.0,5438800
2017-09-06,34.06282424926758,45.060001373291016,0.0,45.349998474121094,44.72999954223633,44.75,0.0,5939300
2017-09-07,34.10061264038086,45.11000061035156,0.0,45.189998626708984,44.470001220703125,44.900001525878906,0.0,5184700
2017-09-08,33.6168098449707,44.470001220703125,0.0,45.0,44.099998474121094,45.0,0.0,4147400
2017-09-11,33.96454620361328,44.93000030517578,0.0,45.290000915527344,44.5,44.65999984741211,0.0,4809400
2017-09-12,33.96454620361328,44.93000030517578,0.0,45.290000915527344,44.790000915527344,45.029998779296875,0.0,5189000
2017-09-13,34.44080352783203,45.560001373291016,0.0,45.790000915527344,45.0,45.040000915527344,0.0,6178600
2017-09-14,34.64490509033203,45.83000183105469,0.0,46.36000061035156,45.650001525878906,45.7400016784668,0.0,6573400
2017-09-15,35.1589469909668,46.5099983215332,0.0,46.5099983215332,45.779998779296875,45.83000183105469,0.0,11895000
2017-09-18,35.59739685058594,47.09000015258789,0.0,47.22999954223633,46.16999816894531,46.20000076293945,0.0,6988900
2017-09-19,35.945133209228516,47.54999923706055,0.0,47.779998779296875,47.09000015258789,47.11000061035156,0.0,6216100
2017-09-20,36.534759521484375,48.33000183105469,0.0,48.79999923706055,47.79999923706055,47.86000061035156,0.0,8843300
2017-09-21,36.80690002441406,48.689998626708984,0.0,48.779998779296875,47.88999938964844,48.189998626708984,0.0,5790700
2017-09-22,37.101715087890625,49.08000183105469,0.0,49.650001525878906,48.630001068115234,48.70000076293945,0.0,7388200
2017-09-25,37.78207778930664,49.97999954223633,0.0,50.189998626708984,49.38999938964844,49.40999984741211,0.0,6800100
2017-09-26,37.54771041870117,49.66999816894531,0.0,50.029998779296875,49.220001220703125,49.72999954223633,0.0,5434200
2017-09-27,37.9635009765625,50.220001220703125,0.0,50.220001220703125,49.58000183105469,49.66999816894531,0.0,5369500
2017-09-28,37.79718017578125,50.0,0.0,50.83000183105469,49.810001373291016,50.45000076293945,0.0,5490600
2017-09-29,37.834964752197266,50.04999923706055,0.0,50.099998474121094,49.61000061035156,49.779998779296875,0.0,4175700
2017-10-02,38.03152847290039,50.310001373291016,0.0,50.33000183105469,49.29999923706055,49.54999923706055,0.0,4832100
2017-10-03,37.2226676940918,49.2400016784668,0.0,50.22999954223633,49.22999954223633,50.16999816894531,0.0,6742100
2017-10-04,37.27558517456055,49.310001373291016,0.0,49.59000015258789,48.90999984741211,49.36000061035156,0.0,5432400
2017-10-05,37.57040023803711,49.70000076293945,0.0,49.790000915527344,49.40999984741211,49.459999084472656,0.0,5295400
2017-10-06,36.935401916503906,48.86000061035156,0.0,49.439998626708984,48.70000076293945,49.150001525878906,0.0,3902900
2017-10-09,36.97319793701172,48.90999984741211,0.0,49.20000076293945,48.83000183105469,49.099998474121094,0.0,4765500
2017-10-10,37.18486404418945,49.189998626708984,0.0,49.68000030517578,49.11000061035156,49.369998931884766,0.0,5252800
2017-10-11,37.494808197021484,49.599998474121094,0.0,49.72999954223633,48.88999938964844,49.20000076293945,0.0,4534800
2017-10-12,37.65354919433594,49.810001373291016,0.0,49.869998931884766,49.0099983215332,49.09000015258789,0.0,4443100
2017-10-13,37.54336166381836,49.400001525878906,0.265,50.15999984741211,49.36000061035156,49.9900016784668,0.0,4629900
2017-10-16,37.786556243896484,49.720001220703125,0.0,50.130001068115234,49.650001525878906,49.709999084472656,0.0,4301600
2017-10-17,37.786556243896484,49.720001220703125,0.0,49.939998626708984,49.31999969482422,49.70000076293945,0.0,3579000
2017-10-18,37.7789421081543,49.709999084472656,0.0,50.18000030517578,49.560001373291016,49.75,0.0,6481700
2017-10-19,37.7789421081543,49.709999084472656,0.0,50.040000915527344,49.29999923706055,49.38999938964844,0.0,4015400
2017-10-20,38.18933868408203,50.25,0.0,50.400001525878906,49.560001373291016,49.900001525878906,0.0,5993200
2017-10-23,38.19694900512695,50.2599983215332,0.0,50.75,49.93000030517578,50.279998779296875,0.0,5589000
2017-10-24,38.75173568725586,50.9900016784668,0.0,51.31999969482422,50.41999816894531,50.47999954223633,0.0,7609400
2017-10-25,37.96894454956055,49.959999084472656,0.0,51.130001068115234,49.75,51.060001373291016,0.0,6989700
2017-10-26,39.10892105102539,51.459999084472656,0.0,51.77000045776367,49.790000915527344,50.38999938964844,0.0,7564600
2017-10-27,38.91893005371094,51.209999084472656,0.0,52.22999954223633,50.20000076293945,51.15999984741211,0.0,7835700
2017-10-30,39.05572509765625,51.38999938964844,0.0,51.79999923706055,50.88999938964844,51.38999938964844,0.0,6647600
2017-10-31,38.87333297729492,51.150001525878906,0.0,51.61000061035156,51.02000045776367,51.31999969482422,0.0,6171500
2017-11-01,39.5953254699707,52.099998474121094,0.0,52.279998779296875,51.43000030517578,51.810001373291016,0.0,6455500
2017-11-02,39.884117126464844,52.47999954223633,0.0,52.59000015258789,51.689998626708984,52.060001373291016,0.0,6177100
2017-11-03,40.248905181884766,52.959999084472656,0.0,53.27000045776367,51.9900016784668,52.369998931884766,0.0,8030100
2017-11-06,40.78849411010742,53.66999816894531,0.0,53.939998626708984,52.79999923706055,53.0099983215332,0.0,8438900
2017-11-07,40.644107818603516,53.47999954223633,0.0,54.06999969482422,52.93000030517578,53.93000030517578,0.0,8577500
2017-11-08,40.674503326416016,53.52000045776367,0.0,54.220001220703125,53.15999984741211,54.099998474121094,0.0,7513000
2017-11-09,40.682098388671875,53.529998779296875,0.0,53.650001525878906,52.83000183105469,53.27000045776367,0.0,6709400
2017-11-10,40.27170944213867,52.9900016784668,0.0,53.4900016784668,52.5,53.400001525878906,0.0,5504600
2017-11-13,39.952518463134766,52.56999969482422,0.0,52.959999084472656,52.5099983215332,52.65999984741211,0.0,6728300
2017-11-14,38.934139251708984,51.22999954223633,0.0,52.43000030517578,51.08000183105469,52.189998626708984,0.0,6945000
2017-11-15,38.37174606323242,50.4900016784668,0.0,51.16999816894531,49.95000076293945,50.7400016784668,0.0,7262700
2017-11-16,38.16655349731445,50.220001220703125,0.0,50.650001525878906,50.08000183105469,50.400001525878906,0.0,5694900
2017-11-17,38.098148345947266,50.130001068115234,0.0,50.52000045776367,50.0,50.2400016784668,0.0,4191800
2017-11-20,38.06015396118164,50.08000183105469,0.0,50.25,49.58000183105469,50.0,0.0,4429600
2017-11-21,38.00694274902344,50.0099983215332,0.0,50.7400016784668,49.66999816894531,50.27000045776367,0.0,6331500
2017-11-22,38.16655349731445,50.220001220703125,0.0,50.59000015258789,50.02000045776367,50.52000045776367,0.0,4818700
2017-11-24,38.3565559387207,50.470001220703125,0.0,50.869998931884766,50.439998626708984,50.45000076293945,0.0,2288900
2017-11-27,37.360965728759766,49.15999984741211,0.0,50.25,49.08000183105469,50.220001220703125,0.0,6369000
2017-11-28,38.098148345947266,50.130001068115234,0.0,50.15999984741211,48.970001220703125,49.36000061035156,0.0,6524700
2017-11-29,38.554134368896484,50.72999954223633,0.0,50.83000183105469,49.720001220703125,49.91999816894531,0.0,6897800
2017-11-30,38.66813278198242,50.880001068115234,0.0,51.779998779296875,50.650001525878906,50.91999816894531,0.0,11184300
2017-12-01,39.32172775268555,51.7400016784668,0.0,52.470001220703125,51.22999954223633,51.5099983215332,0.0,6683900
2017-12-04,38.979740142822266,51.290000915527344,0.0,52.36000061035156,51.25,51.869998931884766,0.0,6168500
2017-12-05,38.934139251708984,51.22999954223633,0.0,51.70000076293945,51.11000061035156,51.22999954223633,0.0,4531700
2017-12-06,38.288143157958984,50.380001068115234,0.0,51.2400016784668,50.31999969482422,51.06999969482422,0.0,4437300
2017-12-07,38.40973663330078,50.540000915527344,0.0,50.83000183105469,50.08000183105469,50.31999969482422,0.0,4037800
2017-12-08,39.192527770996094,51.56999969482422,0.0,51.709999084472656,50.7400016784668,50.869998931884766,0.0,5316200
2017-12-11,39.28372573852539,51.689998626708984,0.0,52.310001373291016,51.40999984741211,51.540000915527344,0.0,4040400
2017-12-12,39.488929748535156,51.959999084472656,0.0,52.060001373291016,51.209999084472656,51.880001068115234,0.0,6200200
2017-12-13,39.276123046875,51.68000030517578,0.0,52.09000015258789,51.58000183105469,51.91999816894531,0.0,4906800
2017-12-14,39.754913330078125,52.310001373291016,0.0,52.7599983215332,51.849998474121094,51.900001525878906,0.0,6436200
2017-12-15,39.64851379394531,52.16999816894531,0.0,53.04999923706055,52.060001373291016,52.779998779296875,0.0,11363400
2017-12-18,39.77772521972656,52.34000015258789,0.0,52.65999984741211,52.11000061035156,52.11000061035156,0.0,5565300
2017-12-19,40.03610610961914,52.68000030517578,0.0,52.93000030517578,52.13999938964844,52.459999084472656,0.0,4795800
2017-12-20,41.22929000854492,54.25,0.0,54.5099983215332,52.459999084472656,52.900001525878906,0.0,8064600
2017-12-21,42.521278381347656,55.95000076293945,0.0,56.06999969482422,54.029998779296875,54.150001525878906,0.0,7824700
2017-12-22,42.17927932739258,55.5,0.0,56.209999084472656,55.459999084472656,56.04999923706055,0.0,3911900
2017-12-26,42.734066009521484,56.22999954223633,0.0,56.369998931884766,55.540000915527344,55.779998779296875,0.0,3194900
2017-12-27,42.247676849365234,55.59000015258789,0.0,56.06999969482422,55.13999938964844,56.060001373291016,0.0,4369600
2017-12-28,41.93607711791992,55.18000030517578,0.0,55.59000015258789,55.099998474121094,55.4900016784668,0.0,4240600
2017-12-29,41.71567916870117,54.88999938964844,0.0,55.5,54.869998931884766,55.439998626708984,0.0,3668500
2018-01-02,42.042484283447266,55.31999969482422,0.0,55.5099983215332,54.81999969482422,55.09000015258789,0.0,3985200
2018-01-03,42.81766891479492,56.34000015258789,0.0,56.38999938964844,55.33000183105469,55.380001068115234,0.0,4105800
2018-01-04,43.3116569519043,56.9900016784668,0.0,57.189998626708984,56.09000015258789,56.40999984741211,0.0,4897200
2018-01-05,43.22805404663086,56.880001068115234,0.0,56.90999984741211,56.18000030517578,56.68000030517578,0.0,3771900
2018-01-08,43.668853759765625,57.459999084472656,0.0,57.459999084472656,56.59000015258789,56.7599983215332,0.0,4522900
2018-01-09,44.02602767944336,57.93000030517578,0.0,58.31999969482422,57.40999984741211,57.470001220703125,0.0,5519700
2018-01-10,43.81325149536133,57.650001525878906,0.0,58.279998779296875,57.560001373291016,58.13999938964844,0.0,4627900
2018-01-11,44.97602462768555,59.18000030517578,0.0,59.47999954223633,57.540000915527344,58.16999816894531,0.0,7341800
2018-01-12,45.637210845947266,60.04999923706055,0.0,60.2400016784668,59.119998931884766,59.38999938964844,0.0,6742100
2018-01-16,44.71763229370117,58.84000015258789,0.0,60.220001220703125,58.79999923706055,60.0,0.0,5458600
2018-01-17,45.4928092956543,59.86000061035156,0.0,60.189998626708984,58.779998779296875,58.970001220703125,0.0,5798400
2018-01-18,45.416812896728516,59.7599983215332,0.0,60.060001373291016,59.150001525878906,59.619998931884766,0.0,4554800
2018-01-19,45.409217834472656,59.75,0.0,59.810001373291016,59.27000045776367,59.68000030517578,0.0,5037500
2018-01-22,46.10839080810547,60.66999816894531,0.0,60.68000030517578,59.790000915527344,59.86000061035156,0.0,5748800
2018-01-23,45.95641326904297,60.470001220703125,0.0,60.70000076293945,60.029998779296875,60.61000061035156,0.0,5478800
2018-01-24,45.97161865234375,60.4900016784668,0.0,61.31999969482422,60.45000076293945,60.540000915527344,0.0,4992000
2018-01-25,45.20402526855469,59.47999954223633,0.0,60.900001525878906,59.400001525878906,60.75,0.0,5473400
2018-01-26,45.8956184387207,60.38999938964844,0.0,60.52000045776367,59.61000061035156,59.70000076293945,0.0,5277700
2018-01-29,45.340824127197266,59.65999984741211,0.0,60.529998779296875,59.560001373291016,59.91999816894531,0.0,4167600
2018-01-30,44.428829193115234,58.459999084472656,0.0,59.31999969482422,58.08000183105469,58.939998626708984,0.0,6381000
2018-01-31,44.69483184814453,58.810001373291016,0.0,59.2400016784668,58.279998779296875,58.529998779296875,0.0,7073700
2018-02-01,45.105224609375,59.349998474121094,0.0,59.970001220703125,58.150001525878906,59.0,0.0,7011000
2018-02-02,43.866432189941406,57.720001220703125,0.0,59.439998626708984,57.61000061035156,59.16999816894531,0.0,8433300
2018-02-05,42.513675689697266,55.939998626708984,0.0,58.470001220703125,55.40999984741211,57.13999938964844,0.0,11060300
2018-02-06,42.513675689697266,55.939998626708984,0.0,56.540000915527344,54.41999816894531,54.75,0.0,11013500
2018-02-07,42.2780876159668,55.630001068115234,0.0,56.970001220703125,55.630001068115234,56.060001373291016,0.0,7721700
2018-02-08,40.46170425415039,53.2400016784668,0.0,55.83000183105469,53.22999954223633,55.619998931884766,0.0,8618400
2018-02-09,39.74729537963867,52.02000045776367,0.285,53.599998474121094,50.18000030517578,53.2400016784668,0.0,9685600
2018-02-12,40.80935287475586,53.40999984741211,0.0,53.959999084472656,52.54999923706055,52.630001068115234,0.0,7035400
2018-02-13,40.7406005859375,53.31999969482422,0.0,53.939998626708984,52.61000061035156,52.93000030517578,0.0,5438300
2018-02-14,42.413909912109375,55.5099983215332,0.0,55.86000061035156,52.540000915527344,52.70000076293945,0.0,6612400
2018-02-15,41.67276382446289,54.540000915527344,0.0,55.709999084472656,53.7599983215332,55.63999938964844,0.0,6190800
2018-02-16,41.75681686401367,54.650001525878906,0.0,55.060001373291016,54.22999954223633,54.38999938964844,0.0,5070900
2018-02-20,41.9019889831543,54.84000015258789,0.0,55.29999923706055,54.34000015258789,54.599998474121094,0.0,4262900
2018-02-21,41.06914138793945,53.75,0.0,55.439998626708984,53.72999954223633,54.59000015258789,0.0,5287000
2018-02-22,41.955467224121094,54.90999984741211,0.0,55.5,54.189998626708984,54.2599983215332,0.0,5565900
2018-02-23,43.59059524536133,57.04999923706055,0.0,57.13999938964844,55.06999969482422,55.349998474121094,0.0,6513900
2018-02-26,43.2391357421875,56.59000015258789,0.0,57.540000915527344,56.52000045776367,57.2599983215332,0.0,5986300
2018-02-27,42.65842819213867,55.83000183105469,0.0,57.619998931884766,55.81999969482422,56.5,0.0,5378300
2018-02-28,41.49702835083008,54.310001373291016,0.0,56.58000183105469,54.29999923706055,56.02000045776367,0.0,5889900
2018-03-01,41.1684684753418,53.880001068115234,0.0,55.0099983215332,53.52000045776367,54.5,0.0,5135400
2018-03-02,41.306007385253906,54.060001373291016,0.0,54.209999084472656,52.779998779296875,53.540000915527344,0.0,4574400
2018-03-05,41.25252914428711,53.9900016784668,0.0,54.22999954223633,53.310001373291016,53.4900016784668,0.0,5266000
2018-03-06,41.306007385253906,54.060001373291016,0.0,54.38999938964844,53.5,54.279998779296875,0.0,4931900
2018-03-07,41.31364822387695,54.06999969482422,0.0,54.459999084472656,53.2400016784668,53.310001373291016,0.0,7245800
2018-03-08,40.931617736816406,53.56999969482422,0.0,54.380001068115234,52.91999816894531,54.130001068115234,0.0,4726000
2018-03-09,42.07008361816406,55.060001373291016,0.0,55.06999969482422,54.0099983215332,54.06999969482422,0.0,5310000
2018-03-12,41.82558059692383,54.7400016784668,0.0,55.40999984741211,54.59000015258789,55.0099983215332,0.0,5074400
2018-03-13,41.22959518432617,53.959999084472656,0.0,55.209999084472656,53.58000183105469,54.939998626708984,0.0,5528100
2018-03-14,41.22959518432617,53.959999084472656,0.0,54.72999954223633,53.869998931884766,54.34000015258789,0.0,4101600
2018-03-15,41.2830810546875,54.029998779296875,0.0,54.5099983215332,53.380001068115234,54.310001373291016,0.0,4934600
2018-03-16,41.97076416015625,54.93000030517578,0.0,55.189998626708984,53.63999938964844,54.11000061035156,0.0,13000800
2018-03-19,40.931617736816406,53.56999969482422,0.0,54.90999984741211,53.380001068115234,54.7599983215332,0.0,4822000
2018-03-20,41.79502487182617,54.70000076293945,0.0,55.470001220703125,53.90999984741211,54.099998474121094,0.0,5140600
2018-03-21,43.58295440673828,57.040000915527344,0.0,57.59000015258789,55.040000915527344,55.099998474121094,0.0,7720100
2018-03-22,43.17036819458008,56.5,0.0,57.279998779296875,56.04999923706055,56.40999984741211,0.0,11053200
2018-03-23,44.11780548095703,57.7400016784668,0.0,58.380001068115234,56.970001220703125,57.040000915527344,0.0,9442000
2018-03-26,45.14167404174805,59.08000183105469,0.0,59.099998474121094,58.209999084472656,58.369998931884766,0.0,8795700
2018-03-27,45.18751907348633,59.13999938964844,0.0,59.81999969482422,58.689998626708984,59.150001525878906,0.0,9089600
2018-03-28,44.87424850463867,58.72999954223633,0.0,59.7400016784668,58.43000030517578,59.15999984741211,0.0,13327600
2018-03-29,45.30213165283203,59.290000915527344,0.0,59.59000015258789,58.7400016784668,58.7400016784668,0.0,8469200
2018-04-02,44.38524627685547,58.09000015258789,0.0,59.29999923706055,56.56999969482422,59.27000045776367,0.0,7403800
2018-04-03,45.8675537109375,60.029998779296875,0.0,60.08000183105469,57.86000061035156,58.540000915527344,0.0,8257300
2018-04-04,45.50844955444336,59.560001373291016,0.0,59.7400016784668,58.45000076293945,58.81999969482422,0.0,8174200
2018-04-05,46.19609451293945,60.459999084472656,0.0,61.16999816894531,59.72999954223633,59.83000183105469,0.0,6822600
2018-04-06,45.279212951660156,59.2599983215332,0.0,60.650001525878906,58.540000915527344,60.209999084472656,0.0,8837500
2018-04-09,46.318355560302734,60.619998931884766,0.0,61.150001525878906,59.5099983215332,59.86000061035156,0.0,10832100
2018-04-10,47.632564544677734,62.34000015258789,0.0,63.0,61.380001068115234,61.439998626708984,0.0,11069900
2018-04-11,48.31260299682617,63.22999954223633,0.0,63.279998779296875,61.599998474121094,62.29999923706055,0.0,10014100
2018-04-12,48.32024383544922,63.2400016784668,0.0,63.880001068115234,62.84000015258789,63.290000915527344,0.0,10336200
2018-04-13,49.588600158691406,64.9000015258789,0.0,65.0,63.7400016784668,63.95000076293945,0.0,9672900
2018-04-16,50.22279357910156,65.7300033569336,0.0,65.98999786376953,64.37999725341797,64.97000122070312,0.0,8534900
2018-04-17,50.81877136230469,66.51000213623047,0.0,66.91000366210938,65.45999908447266,65.91999816894531,0.0,8312600
2018-04-18,50.75000762939453,66.41999816894531,0.0,67.30000305175781,66.37999725341797,67.0,0.0,11015600
2018-04-19,50.66596221923828,66.30999755859375,0.0,66.5999984741211,65.55000305175781,65.88999938964844,0.0,8366300
2018-04-20,50.268638610839844,65.79000091552734,0.0,66.11000061035156,65.33999633789062,65.8499984741211,0.0,7008400
2018-04-23,50.031776428222656,65.4800033569336,0.0,65.62999725341797,64.47000122070312,65.58000183105469,0.0,9209700
2018-04-24,49.90186309814453,65.30999755859375,0.0,66.62000274658203,64.8499984741211,66.0,0.0,8731600
2018-04-25,49.71085739135742,65.05999755859375,0.0,65.55999755859375,63.91999816894531,64.95999908447266,0.0,9869100
2018-04-26,51.170249938964844,66.97000122070312,0.0,67.12999725341797,65.0999984741211,65.75,0.0,10574600
2018-04-27,49.626808166503906,64.94999694824219,0.0,66.76000213623047,64.94999694824219,66.43000030517578,0.0,6398800
2018-04-30,50.04704284667969,65.5,0.0,66.1500015258789,64.76000213623047,64.87999725341797,0.0,6381300
2018-05-01,50.20750045776367,65.70999908447266,0.0,65.77999877929688,64.55000305175781,65.05000305175781,0.0,7433800
2018-05-02,50.00884246826172,65.44999694824219,0.0,66.0,65.13999938964844,65.18000030517578,0.0,6810000
2018-05-03,50.421451568603516,65.98999786376953,0.0,66.16000366210938,64.31999969482422,64.9000015258789,0.0,7088800
2018-05-04,51.08618927001953,66.86000061035156,0.0,67.08999633789062,65.5999984741211,66.0,0.0,6302200
2018-05-07,51.01742935180664,66.7699966430664,0.0,68.63999938964844,66.69000244140625,67.2699966430664,0.0,9121500
2018-05-08,51.75857162475586,67.73999786376953,0.0,67.73999786376953,65.44999694824219,66.80000305175781,0.0,8988400
2018-05-09,52.49209213256836,68.69999694824219,0.0,70.1500015258789,68.5,68.61000061035156,0.0,9271200
2018-05-10,52.981109619140625,69.33999633789062,0.0,69.70999908447266,68.6500015258789,69.45999908447266,0.0,6512300
2018-05-11,53.2764778137207,69.44000244140625,0.285,69.88999938964844,68.87000274658203,69.12000274658203,0.0,6382200
2018-05-14,53.391571044921875,69.58999633789062,0.0,70.20999908447266,69.3499984741211,69.5,0.0,8805200
2018-05-15,53.77519226074219,70.08999633789062,0.0,70.58999633789062,69.23999786376953,69.55000305175781,0.0,5962700
2018-05-16,53.591064453125,69.8499984741211,0.0,70.19999694824219,69.0999984741211,70.0,0.0,4363400
2018-05-17,54.2125129699707,70.66000366210938,0.0,71.0,70.08999633789062,70.19999694824219,0.0,5592700
2018-05-18,53.360877990722656,69.55000305175781,0.0,70.83000183105469,69.52999877929688,70.5,0.0,5094700
2018-05-21,54.2125129699707,70.66000366210938,0.0,70.77999877929688,69.56999969482422,70.0,0.0,5440000
2018-05-22,53.805885314941406,70.12999725341797,0.0,71.70999908447266,69.94000244140625,70.7699966430664,0.0,6079500
2018-05-23,53.030975341796875,69.12000274658203,0.0,69.87000274658203,68.27999877929688,69.62000274658203,0.0,6407500
2018-05-24,52.51692199707031,68.44999694824219,0.0,68.81999969482422,67.41000366210938,68.0,0.0,6404900
2018-05-25,50.230587005615234,65.47000122070312,0.0,66.86000061035156,64.44000244140625,66.80000305175781,0.0,8315800
2018-05-29,50.41471481323242,65.70999908447266,0.0,65.81999969482422,64.33999633789062,64.80000305175781,0.0,6310100
2018-05-30,52.21004867553711,68.05000305175781,0.0,68.73999786376953,66.16999816894531,66.33999633789062,0.0,10273400
2018-05-31,51.70367431640625,67.38999938964844,0.0,68.33999633789062,66.94000244140625,67.58000183105469,0.0,8508800
2018-06-01,52.394187927246094,68.29000091552734,0.0,68.97000122070312,67.33999633789062,67.76000213623047,0.0,7116200
2018-06-04,52.09496307373047,67.9000015258789,0.0,69.4000015258789,67.5999984741211,68.94999694824219,0.0,5599200
2018-06-05,51.83409118652344,67.55999755859375,0.0,68.55999755859375,67.5199966430664,67.72000122070312,0.0,6333100
2018-06-06,52.0796012878418,67.87999725341797,0.0,68.41999816894531,67.30999755859375,67.70999908447266,0.0,6412200
2018-06-07,53.30718231201172,69.4800033569336,0.0,69.68000030517578,68.26000213623047,68.5,0.0,7693500
2018-06-08,53.26882553100586,69.43000030517578,0.0,70.37000274658203,68.93000030517578,69.9800033569336,0.0,6656100
2018-06-11,54.08207321166992,70.48999786376953,0.0,70.98999786376953,69.5199966430664,69.95999908447266,0.0,6237300
2018-06-12,53.26882553100586,69.43000030517578,0.0,70.31999969482422,69.12999725341797,70.06999969482422,0.0,8329000
2018-06-13,53.41460037231445,69.62000274658203,0.0,69.93000030517578,68.66999816894531,69.3499984741211,0.0,6741100
2018-06-14,52.27140808105469,68.12999725341797,0.0,70.0199966430664,67.83999633789062,69.98999786376953,0.0,5694600
2018-06-15,50.146183013916016,65.36000061035156,0.0,67.80000305175781,65.20999908447266,67.44999694824219,0.0,15982700
2018-06-18,51.09756851196289,66.5999984741211,0.0,67.76000213623047,65.38999938964844,65.56999969482422,0.0,7680100
2018-06-19,50.836700439453125,66.26000213623047,0.0,67.04000091552734,65.43000030517578,65.72000122070312,0.0,5211500
2018-06-20,51.76504898071289,67.47000122070312,0.0,67.62999725341797,66.79000091552734,67.16000366210938,0.0,6323400
2018-06-21,49.954376220703125,65.11000061035156,0.0,66.95999908447266,64.79000091552734,66.86000061035156,0.0,7439700
2018-06-22,52.00288772583008,67.77999877929688,0.0,68.41000366210938,67.25,67.47000122070312,0.0,10945200
2018-06-25,50.74462890625,66.13999938964844,0.0,68.12999725341797,65.37000274658203,67.79000091552734,0.0,5274300
2018-06-26,51.66530990600586,67.33999633789062,0.0,67.63999938964844,66.16999816894531,66.41000366210938,0.0,4956700
2018-06-27,52.73942565917969,68.73999786376953,0.0,69.5199966430664,68.08999633789062,68.2300033569336,0.0,7625000
2018-06-28,52.48625183105469,68.41000366210938,0.0,69.5,67.94000244140625,69.30000305175781,0.0,3958100
2018-06-29,53.41460037231445,69.62000274658203,0.0,70.62999725341797,68.70999908447266,68.94000244140625,0.0,7132000
2018-07-02,52.624332427978516,68.58999633789062,0.0,69.33000183105469,68.19999694824219,68.91000366210938,0.0,4952800
2018-07-03,53.36854934692383,69.55999755859375,0.0,71.44000244140625,69.36000061035156,69.36000061035156,0.0,5338400
2018-07-05,52.88519287109375,68.93000030517578,0.0,70.56999969482422,68.63999938964844,70.05000305175781,0.0,5719800
2018-07-06,53.437625885009766,69.6500015258789,0.0,69.80999755859375,68.47000122070312,68.69000244140625,0.0,4429600
2018-07-09,54.47336196899414,71.0,0.0,71.0,69.87999725341797,70.1500015258789,0.0,5271400
2018-07-10,55.041114807128906,71.73999786376953,0.0,72.0,71.36000061035156,71.48999786376953,0.0,5246400
2018-07-11,53.7445068359375,70.05000305175781,0.0,71.76000213623047,69.43000030517578,70.91999816894531,0.0,5636400
2018-07-12,54.818641662597656,71.44999694824219,0.0,71.69999694824219,70.41000366210938,70.86000061035156,0.0,6386700
2018-07-13,55.2406005859375,72.0,0.0,72.56999969482422,71.3499984741211,71.37000274658203,0.0,6313300
2018-07-16,54.15114212036133,70.58000183105469,0.0,71.58999633789062,69.54000091552734,70.87999725341797,0.0,6216200
2018-07-17,53.920963287353516,70.27999877929688,0.0,70.69000244140625,69.0999984741211,70.22000122070312,0.0,5724000
2018-07-18,53.97468185424805,70.3499984741211,0.0,70.5,68.80999755859375,69.4800033569336,0.0,5667700
2018-07-19,53.46831130981445,69.69000244140625,0.0,70.44000244140625,69.48999786376953,70.12999725341797,0.0,5959200
2018-07-20,53.93437576293945,70.01000213623047,0.285,70.13999938964844,69.69000244140625,69.75,0.0,5617200
2018-07-23,53.91127395629883,69.9800033569336,0.0,70.62000274658203,69.88999938964844,70.5,0.0,7936900
2018-07-24,54.581485748291016,70.8499984741211,0.0,71.55000305175781,70.37000274658203,70.69999694824219,0.0,4709100
2018-07-25,55.089935302734375,71.51000213623047,0.0,71.5999984741211,70.48999786376953,70.91999816894531,0.0,5148300
2018-07-26,55.31336975097656,71.80000305175781,0.0,71.94000244140625,70.61000061035156,71.22000122070312,0.0,7360100
2018-07-27,55.04373550415039,71.44999694824219,0.0,72.2699966430664,71.19000244140625,71.4800033569336,0.0,5587200
2018-07-30,55.67544174194336,72.2699966430664,0.0,72.94000244140625,72.13999938964844,72.30000305175781,0.0,4934100
2018-07-31,55.598392486572266,72.16999816894531,0.0,72.77999877929688,71.87999725341797,72.54000091552734,0.0,5422200
2018-08-01,55.3210563659668,71.80999755859375,0.0,72.05000305175781,70.91000366210938,71.5199966430664,0.0,5313200
2018-08-02,55.12845993041992,71.55999755859375,0.0,71.68000030517578,70.9800033569336,71.36000061035156,0.0,4669400
2018-08-03,54.920467376708984,71.29000091552734,0.0,71.4800033569336,70.61000061035156,71.25,0.0,4028500
2018-08-06,55.259456634521484,71.7300033569336,0.0,72.1500015258789,71.06999969482422,71.44000244140625,0.0,7177600
2018-08-07,56.160789489746094,72.9000015258789,0.0,73.76000213623047,72.38999938964844,72.55000305175781,0.0,5631400
2018-08-08,54.99752426147461,71.38999938964844,0.0,72.54000091552734,70.7300033569336,72.2300033569336,0.0,5784400
2018-08-09,55.27484893798828,71.75,0.0,72.63999938964844,71.5199966430664,72.19999694824219,0.0,5975600
2018-08-10,55.42121124267578,71.94000244140625,0.0,72.02999877929688,71.23999786376953,71.5999984741211,0.0,4855500
2018-08-13,54.75098419189453,71.06999969482422,0.0,72.5199966430664,71.01000213623047,71.91000366210938,0.0,4322200
2018-08-14,55.5830078125,72.1500015258789,0.0,72.69000244140625,71.70999908447266,71.93000030517578,0.0,5223300
2018-08-15,52.24725341796875,67.81999969482422,0.0,71.37000274658203,67.70999908447266,71.27999877929688,0.0,7944500
2018-08-16,53.4721565246582,69.41000366210938,0.0,69.66000366210938,68.22000122070312,68.2699966430664,0.0,5453000
2018-08-17,53.749488830566406,69.7699966430664,0.0,70.11000061035156,69.31999969482422,69.87000274658203,0.0,4435200
2018-08-20,54.3272590637207,70.5199966430664,0.0,71.06999969482422,69.68000030517578,69.68000030517578,0.0,4659000
2018-08-21,54.61229705810547,70.88999938964844,0.0,71.55999755859375,70.79000091552734,71.04000091552734,0.0,3717600
2018-08-22,55.467430114746094,72.0,0.0,72.51000213623047,71.37999725341797,71.45999908447266,0.0,5019300
2018-08-23,55.505958557128906,72.05000305175781,0.0,72.11000061035156,71.22000122070312,71.55000305175781,0.0,3995500
2018-08-24,55.93735885620117,72.61000061035156,0.0,73.55999755859375,72.33999633789062,72.73999786376953,0.0,4934000
2018-08-27,56.114559173583984,72.83999633789062,0.0,73.18000030517578,72.61000061035156,72.61000061035156,0.0,3389300
2018-08-28,55.505958557128906,72.05000305175781,0.0,73.08999633789062,71.91999816894531,72.83999633789062,0.0,4072200
2018-08-29,56.65382385253906,73.54000091552734,0.0,73.73999786376953,72.4800033569336,72.7699966430664,0.0,4887000
2018-08-30,56.66924285888672,73.55999755859375,0.0,74.43000030517578,73.26000213623047,73.68000030517578,0.0,5141200
2018-08-31,56.5690803527832,73.43000030517578,0.0,73.54000091552734,72.97000122070312,73.08000183105469,0.0,4152300
2018-09-04,56.32257080078125,73.11000061035156,0.0,74.13999938964844,72.83000183105469,73.93000030517578,0.0,3447600
2018-09-05,56.23781204223633,73.0,0.0,73.11000061035156,72.04000091552734,72.83999633789062,0.0,5080200
2018-09-06,54.342674255371094,70.54000091552734,0.0,72.47000122070312,70.51000213623047,72.16999816894531,0.0,5443700
2018-09-07,54.096160888671875,70.22000122070312,0.0,70.62000274658203,69.41999816894531,69.93000030517578,0.0,4370600
2018-09-10,54.8126220703125,71.1500015258789,0.0,71.6500015258789,70.5199966430664,70.55999755859375,0.0,5188600
2018-09-11,55.05913162231445,71.47000122070312,0.0,72.08000183105469,70.5999984741211,70.98999786376953,0.0,4172200
2018-09-12,55.44432067871094,71.97000122070312,0.0,72.52999877929688,71.69000244140625,72.1500015258789,0.0,6137200
2018-09-13,55.89116668701172,72.55000305175781,0.0,72.58000183105469,71.12000274658203,71.98999786376953,0.0,4038600
2018-09-14,56.62301254272461,73.5,0.0,73.93000030517578,72.41000366210938,72.41000366210938,0.0,4618500
2018-09-17,57.193084716796875,74.23999786376953,0.0,74.9000015258789,73.62000274658203,73.70999908447266,0.0,6010100
2018-09-18,57.80939483642578,75.04000091552734,0.0,75.7300033569336,74.62999725341797,74.75,0.0,5989500
2018-09-19,58.186893463134766,75.52999877929688,0.0,75.86000061035156,74.6500015258789,75.0,0.0,3952800
2018-09-20,58.055931091308594,75.36000061035156,0.0,76.1500015258789,74.80999755859375,75.0999984741211,0.0,5220300
2018-09-21,58.76467514038086,76.27999877929688,0.0,76.66000366210938,75.36000061035156,75.7699966430664,0.0,15114300
2018-09-24,59.36554718017578,77.05999755859375,0.0,77.9000015258789,76.79000091552734,77.0,0.0,6377300
2018-09-25,60.17446517944336,78.11000061035156,0.0,78.61000061035156,77.63999938964844,77.94999694824219,0.0,6145100
2018-09-26,59.5350456237793,77.27999877929688,0.0,78.38999938964844,77.19999694824219,77.73999786376953,0.0,6148000
2018-09-27,59.71994400024414,77.5199966430664,0.0,77.98999786376953,77.30999755859375,77.72000122070312,0.0,4367000
2018-09-28,59.627506256103516,77.4000015258789,0.0,78.68000030517578,77.31999969482422,77.31999969482422,0.0,6190100
2018-10-01,61.54572677612305,79.88999938964844,0.0,80.23999786376953,77.73999786376953,77.7699966430664,0.0,6407200
2018-10-02,60.3054084777832,78.27999877929688,0.0,79.47000122070312,78.22000122070312,79.29000091552734,0.0,4534600
2018-10-03,60.52885055541992,78.56999969482422,0.0,78.91000366210938,77.88999938964844,78.62999725341797,0.0,6825500
2018-10-04,60.3054084777832,78.27999877929688,0.0,78.87999725341797,77.58999633789062,78.41000366210938,0.0,4457100
2018-10-05,60.390159606933594,78.38999938964844,0.0,78.56999969482422,77.58999633789062,78.0,0.0,6535600
2018-10-08,60.3054084777832,78.27999877929688,0.0,78.7699966430664,77.2699966430664,77.7300033569336,0.0,4034400
2018-10-09,61.16826629638672,79.4000015258789,0.0,79.95999908447266,78.13999938964844,78.58999633789062,0.0,4869600
2018-10-10,57.84791946411133,75.08999633789062,0.0,79.6500015258789,75.01000213623047,79.56999969482422,0.0,8332100
2018-10-11,56.07602310180664,72.79000091552734,0.0,74.7699966430664,71.93000030517578,74.16000366210938,0.0,9326500
2018-10-12,57.11656951904297,73.83000183105469,0.305,74.25,72.58999633789062,73.72000122070312,0.0,6296100
2018-10-15,56.68333435058594,73.2699966430664,0.0,74.19000244140625,73.01000213623047,73.83000183105469,0.0,6125000
2018-10-16,57.09335708618164,73.80000305175781,0.0,74.18000030517578,73.2300033569336,73.76000213623047,0.0,5726200
2018-10-17,56.072174072265625,72.4800033569336,0.0,74.06999969482422,72.22000122070312,74.06999969482422,0.0,7302700
2018-10-18,56.15727233886719,72.58999633789062,0.0,73.18000030517578,71.51000213623047,71.62000274658203,0.0,7800900
2018-10-19,56.07992172241211,72.48999786376953,0.0,73.9000015258789,72.26000213623047,72.66999816894531,0.0,5658000
2018-10-22,55.7395133972168,72.05000305175781,0.0,72.7699966430664,71.26000213623047,72.61000061035156,0.0,5385700
2018-10-23,53.55015563964844,69.22000122070312,0.0,70.58999633789062,68.20999908447266,70.54000091552734,0.0,7502000
2018-10-24,50.81927490234375,65.69000244140625,0.0,70.0199966430664,65.0,69.69999694824219,0.0,9260000
2018-10-25,52.62181854248047,68.0199966430664,0.0,68.69000244140625,66.54000091552734,67.87999725341797,0.0,8727300
2018-10-26,52.9776725769043,68.4800033569336,0.0,69.06999969482422,66.66999816894531,66.95999908447266,0.0,8193800
2018-10-29,52.103477478027344,67.3499984741211,0.0,69.70999908447266,66.22000122070312,69.18000030517578,0.0,6853100
2018-10-30,53.78225326538086,69.5199966430664,0.0,69.70999908447266,66.86000061035156,67.18000030517578,0.0,6506900
2018-10-31,54.07623291015625,69.9000015258789,0.0,71.81999969482422,69.75,70.38999938964844,0.0,6591400
2018-11-01,53.82866668701172,69.58000183105469,0.0,70.94999694824219,68.48999786376953,70.19999694824219,0.0,7826500
2018-11-02,52.48255920410156,67.83999633789062,0.0,70.25,67.37999725341797,69.69000244140625,0.0,5725200
2018-11-05,53.403160095214844,69.02999877929688,0.0,69.5,68.25,68.69000244140625,0.0,4955500
2018-11-06,53.76678466796875,69.5,0.0,69.56999969482422,68.25,69.3499984741211,0.0,6150200
2018-11-07,54.17679977416992,70.02999877929688,0.0,71.26000213623047,69.25,70.73999786376953,0.0,6585500
2018-11-08,51.763092041015625,66.91000366210938,0.0,70.30999755859375,66.66999816894531,69.76000213623047,0.0,9826900
2018-11-09,51.623844146728516,66.7300033569336,0.0,67.20999908447266,64.79000091552734,65.7300033569336,0.0,9190700
2018-11-12,50.393775939941406,65.13999938964844,0.0,68.06999969482422,65.13999938964844,67.58999633789062,0.0,6766600
2018-11-13,49.29524230957031,63.720001220703125,0.0,65.58000183105469,62.599998474121094,64.77999877929688,0.0,11213800
2018-11-14,49.60468292236328,64.12000274658203,0.0,66.01000213623047,63.52000045776367,64.81999969482422,0.0,9708500
2018-11-15,50.44792938232422,65.20999908447266,0.0,65.29000091552734,63.25,63.58000183105469,0.0,7782600
2018-11-16,51.15193176269531,66.12000274658203,0.0,66.44000244140625,65.37999725341797,65.58999633789062,0.0,7993600
2018-11-19,51.39949417114258,66.44000244140625,0.0,66.7300033569336,65.02999877929688,65.37000274658203,0.0,7793900
2018-11-20,49.50412368774414,63.9900016784668,0.0,65.55999755859375,63.220001220703125,65.55999755859375,0.0,7453900
2018-11-21,50.65681457519531,65.4800033569336,0.0,66.1500015258789,64.22000122070312,64.41000366210938,0.0,6392600
2018-11-23,49.35713195800781,63.79999923706055,0.0,63.93000030517578,62.40999984741211,62.880001068115234,0.0,5361000
2018-11-26,50.053382873535156,64.69999694824219,0.0,65.5999984741211,64.52999877929688,64.69999694824219,0.0,6355100
2018-11-27,50.50208282470703,65.27999877929688,0.0,65.5999984741211,64.1500015258789,64.7300033569336,0.0,6116400
2018-11-28,51.32984924316406,66.3499984741211,0.0,66.62999725341797,65.08999633789062,65.11000061035156,0.0,5602100
2018-11-29,51.732139587402344,66.87000274658203,0.0,67.51000213623047,66.20999908447266,66.45999908447266,0.0,4606000
2018-11-30,51.198341369628906,66.18000030517578,0.0,66.94000244140625,65.43000030517578,66.02999877929688,0.0,7175400
2018-12-03,53.46506118774414,69.11000061035156,0.0,69.26000213623047,67.55999755859375,68.0999984741211,0.0,7497100
2018-12-04,51.77083969116211,66.91999816894531,0.0,69.72000122070312,66.79000091552734,69.43000030517578,0.0,7532200
2018-12-06,51.53099822998047,66.61000061035156,0.0,66.61000061035156,64.30999755859375,64.91999816894531,0.0,8412000
2018-12-07,50.98947525024414,65.91000366210938,0.0,69.12000274658203,65.80999755859375,68.23999786376953,0.0,8095500
2018-12-10,50.4401969909668,65.19999694824219,0.0,65.79000091552734,63.29999923706055,65.08999633789062,0.0,8750900
2018-12-11,50.62587356567383,65.44000244140625,0.0,66.75,64.7300033569336,66.13999938964844,0.0,5569200
2018-12-12,50.49435043334961,65.2699966430664,0.0,67.05999755859375,65.22000122070312,66.05000305175781,0.0,5544900
2018-12-13,51.15966033935547,66.12999725341797,0.0,67.08000183105469,64.88999938964844,65.12000274658203,0.0,6417200
2018-12-14,49.93734359741211,64.55000305175781,0.0,66.29000091552734,64.30999755859375,66.12000274658203,0.0,6445900
2018-12-17,48.8310661315918,63.119998931884766,0.0,64.83999633789062,62.689998626708984,64.56999969482422,0.0,7018300
2018-12-18,47.89496994018555,61.90999984741211,0.0,63.619998931884766,61.470001220703125,63.029998779296875,0.0,6806200
2018-12-19,47.40760040283203,61.279998779296875,0.0,63.7599983215332,60.81999969482422,62.560001373291016,0.0,7699800
2018-12-20,46.417354583740234,60.0,0.0,61.720001220703125,59.66999816894531,60.27000045776367,0.0,8372900
2018-12-21,46.262638092041016,59.79999923706055,0.0,60.970001220703125,58.810001373291016,59.209999084472656,0.0,15043600
2018-12-24,44.104225158691406,57.0099983215332,0.0,59.68000030517578,57.0099983215332,58.83000183105469,0.0,3842800
2018-12-26,47.57780456542969,61.5,0.0,61.529998779296875,56.75,57.68000030517578,0.0,7263900
2018-12-27,48.142547607421875,62.22999954223633,0.0,62.2400016784668,59.45000076293945,60.630001068115234,0.0,6131000
2018-12-28,47.70930862426758,61.66999816894531,0.0,62.869998931884766,61.150001525878906,62.75,0.0,5053700
2018-12-31,48.235374450683594,62.349998474121094,0.0,62.72999954223633,61.689998626708984,62.130001068115234,0.0,5290800
2019-01-02,49.032203674316406,63.380001068115234,0.0,63.849998474121094,60.43000030517578,60.689998626708984,0.0,5735400
2019-01-03,48.10385513305664,62.18000030517578,0.0,63.709999084472656,61.65999984741211,63.540000915527344,0.0,4727300
2019-01-04,49.31844711303711,63.75,0.0,63.90999984741211,62.65999984741211,63.08000183105469,0.0,7700100
2019-01-07,49.10183334350586,63.470001220703125,0.0,64.2699966430664,62.689998626708984,63.90999984741211,0.0,6272200
2019-01-08,49.75940704345703,64.31999969482422,0.0,64.58000183105469,63.459999084472656,64.20999908447266,0.0,5774900
2019-01-09,51.407222747802734,66.44999694824219,0.0,66.75,64.5999984741211,65.06999969482422,0.0,8350300
2019-01-10,52.5599365234375,67.94000244140625,0.0,68.01000213623047,65.43000030517578,65.87000274658203,0.0,8811100
2019-01-11,51.360801696777344,66.38999938964844,0.0,67.33999633789062,65.79000091552734,67.27999877929688,0.0,6018300
2019-01-14,50.757389068603516,65.61000061035156,0.0,66.31999969482422,65.33000183105469,65.62000274658203,0.0,4972000
2019-01-15,51.08229064941406,66.02999877929688,0.0,66.77999877929688,65.76000213623047,66.04000091552734,0.0,4504100
2019-01-16,50.79606246948242,65.66000366210938,0.0,66.2699966430664,65.48999786376953,65.73999786376953,0.0,5402300
2019-01-17,51.879146575927734,67.05999755859375,0.0,67.16999816894531,65.01000213623047,65.05999755859375,0.0,5997400
2019-01-18,52.52898406982422,67.9000015258789,0.0,68.30999755859375,67.16999816894531,67.63999938964844,0.0,6073800
2019-01-22,50.865684509277344,65.75,0.0,67.23999786376953,65.58000183105469,67.0,0.0,6915500
2019-01-23,50.95079803466797,65.86000061035156,0.0,66.45999908447266,65.1500015258789,66.22000122070312,0.0,5938700
2019-01-24,51.15193176269531,66.12000274658203,0.0,66.7300033569336,65.44999694824219,65.97000122070312,0.0,5789900
2019-01-25,51.8249626159668,66.98999786376953,0.0,67.61000061035156,66.5199966430664,66.6500015258789,0.0,4504500
2019-01-28,50.55623245239258,65.3499984741211,0.0,65.87000274658203,64.87999725341797,65.87000274658203,0.0,5942800
2019-01-29,50.51755905151367,65.30000305175781,0.0,66.29000091552734,65.25,66.20999908447266,0.0,5308800
2019-01-30,50.81927490234375,65.69000244140625,0.0,66.0999984741211,65.11000061035156,65.80000305175781,0.0,8087400
2019-01-31,52.36653137207031,67.69000244140625,0.0,68.30999755859375,65.9000015258789,66.54000091552734,0.0,9927700
2019-02-01,53.132389068603516,68.68000030517578,0.0,69.44999694824219,68.0999984741211,68.33999633789062,0.0,7486400
2019-02-04,54.09943389892578,69.93000030517578,0.0,70.01000213623047,68.19000244140625,68.19000244140625,0.0,5593100
2019-02-05,53.58108901977539,69.26000213623047,0.0,69.95999908447266,69.11000061035156,69.6500015258789,0.0,4483900
2019-02-06,53.46506118774414,69.11000061035156,0.0,69.55000305175781,68.51000213623047,68.66000366210938,0.0,4071300
2019-02-07,52.204063415527344,67.4800033569336,0.0,68.83000183105469,67.25,68.37000274658203,0.0,6230300
2019-02-08,51.49299240112305,66.26000213623047,0.305,67.08000183105469,65.26000213623047,66.80000305175781,0.0,6554900
2019-02-11,51.866004943847656,66.73999786376953,0.0,67.06999969482422,65.58000183105469,65.58000183105469,0.0,5200400
2019-02-12,52.417755126953125,67.44999694824219,0.0,68.30000305175781,67.23999786376953,68.01000213623047,0.0,3958000
2019-02-13,52.67420959472656,67.77999877929688,0.0,68.83000183105469,67.63999938964844,67.70999908447266,0.0,5839800
2019-02-14,53.700050354003906,69.0999984741211,0.0,69.69000244140625,67.5,67.5,0.0,5442800
2019-02-15,54.53935623168945,70.18000030517578,0.0,70.31999969482422,69.4800033569336,69.94000244140625,0.0,5173500
2019-02-19,54.00312423706055,69.48999786376953,0.0,70.01000213623047,69.18000030517578,69.5199966430664,0.0,5189600
2019-02-20,54.904598236083984,70.6500015258789,0.0,70.75,69.44999694824219,69.45999908447266,0.0,5837100
2019-02-21,54.58598327636719,70.23999786376953,0.0,70.83999633789062,69.93000030517578,70.23999786376953,0.0,5984300
2019-02-22,54.37615203857422,69.97000122070312,0.0,71.01000213623047,69.87000274658203,70.8499984741211,0.0,5225500
2019-02-25,53.81660842895508,69.25,0.0,70.01000213623047,69.2300033569336,69.66000366210938,0.0,5160900
2019-02-26,53.560157775878906,68.91999816894531,0.0,69.52999877929688,68.73999786376953,69.0999984741211,0.0,4689900
2019-02-27,53.79329299926758,69.22000122070312,0.0,70.33999633789062,68.76000213623047,69.29000091552734,0.0,5355700
2019-02-28,52.7286376953125,67.8499984741211,0.0,69.19000244140625,67.66000366210938,69.1500015258789,0.0,8154300
2019-03-01,53.56792449951172,68.93000030517578,0.0,69.11000061035156,68.08999633789062,68.08999633789062,0.0,7372600
2019-03-04,54.32175064086914,69.9000015258789,0.0,70.05999755859375,68.7300033569336,69.5999984741211,0.0,6625800
2019-03-05,53.63010025024414,69.01000213623047,0.0,70.05999755859375,68.5199966430664,70.0,0.0,7635500
2019-03-06,53.07056427001953,68.29000091552734,0.0,68.63999938964844,67.94000244140625,68.61000061035156,0.0,7296300
2019-03-07,52.80634689331055,67.94999694824219,0.0,68.4000015258789,67.55000305175781,68.36000061035156,0.0,6964300
2019-03-08,50.84797668457031,65.43000030517578,0.0,66.69999694824219,64.91000366210938,66.69999694824219,0.0,8068800
2019-03-11,51.18991470336914,65.87000274658203,0.0,66.33999633789062,65.33999633789062,66.19999694824219,0.0,8703500
2019-03-12,51.003379821777344,65.62999725341797,0.0,66.41999816894531,65.1500015258789,66.16999816894531,0.0,11790200
2019-03-13,52.340065002441406,67.3499984741211,0.0,67.36000061035156,66.02999877929688,66.08999633789062,0.0,8324800
2019-03-14,52.083614349365234,67.0199966430664,0.0,67.86000061035156,66.97000122070312,67.27999877929688,0.0,7315500
2019-03-15,52.52656173706055,67.58999633789062,0.0,67.93000030517578,66.52999877929688,66.55999755859375,0.0,16733200
2019-03-18,52.5421142578125,67.61000061035156,0.0,68.30000305175781,67.30000305175781,67.87999725341797,0.0,7712200
2019-03-19,52.340065002441406,67.3499984741211,0.0,68.5,67.0999984741211,68.13999938964844,0.0,6456400
2019-03-20,52.48772430419922,67.54000091552734,0.0,68.16000366210938,66.66999816894531,67.38999938964844,0.0,7117300
2019-03-21,52.954002380371094,68.13999938964844,0.0,68.27999877929688,67.26000213623047,67.7300033569336,0.0,5580900
2019-03-22,51.3453369140625,66.06999969482422,0.0,67.75,65.38999938964844,67.45999908447266,0.0,5182100
2019-03-25,52.12246322631836,67.06999969482422,0.0,67.48999786376953,65.5199966430664,66.04000091552734,0.0,8070000
2019-03-26,53.2803840637207,68.55999755859375,0.0,69.5999984741211,67.91000366210938,67.97000122070312,0.0,7245200
2019-03-27,52.7752571105957,67.91000366210938,0.0,69.08000183105469,67.58000183105469,68.30000305175781,0.0,5015600
2019-03-28,52.363365173339844,67.37999725341797,0.0,67.61000061035156,66.76000213623047,67.4000015258789,0.0,5122100
2019-03-29,51.866004943847656,66.73999786376953,0.0,68.54000091552734,66.58000183105469,68.27999877929688,0.0,6810900
2019-04-01,52.60429763793945,67.69000244140625,0.0,68.12000274658203,67.30999755859375,67.48999786376953,0.0,5309000
2019-04-02,51.56291580200195,66.3499984741211,0.0,67.83000183105469,66.08999633789062,67.58999633789062,0.0,5833000
2019-04-03,50.910133361816406,65.51000213623047,0.0,66.95999908447266,65.16999816894531,66.80999755859375,0.0,5490800
2019-04-04,50.638126373291016,65.16000366210938,0.0,65.7699966430664,64.97000122070312,65.56999969482422,0.0,6397900
2019-04-05,51.384193420410156,66.12000274658203,0.0,66.19000244140625,65.26000213623047,65.51000213623047,0.0,8337800
2019-04-08,51.71834182739258,66.55000305175781,0.0,67.5199966430664,66.19000244140625,66.51000213623047,0.0,5705200
2019-04-09,51.05778121948242,65.69999694824219,0.0,66.27999877929688,65.44999694824219,66.20999908447266,0.0,4707300
2019-04-10,52.04475021362305,66.97000122070312,0.0,67.18000030517578,66.02999877929688,66.08000183105469,0.0,6629000
2019-04-11,51.578460693359375,66.37000274658203,0.0,67.5999984741211,65.72000122070312,66.63999938964844,0.0,9486900
2019-04-12,52.35560989379883,67.37000274658203,0.0,68.22000122070312,67.25,67.55999755859375,0.0,9913100
2019-04-15,51.555137634277344,66.33999633789062,0.0,67.2300033569336,66.20999908447266,67.05999755859375,0.0,7284800
2019-04-16,51.16658401489258,65.83999633789062,0.0,66.91000366210938,65.83999633789062,66.76000213623047,0.0,7790500
2019-04-17,51.11996078491211,65.77999877929688,0.0,67.0,65.77999877929688,66.48999786376953,0.0,7907100
2019-04-18,51.213218688964844,65.9000015258789,0.0,66.38999938964844,65.5199966430664,65.94000244140625,0.0,6033400
2019-04-22,52.03697204589844,66.95999908447266,0.0,67.30000305175781,66.33000183105469,66.69999694824219,0.0,9061600
2019-04-23,51.6406364440918,66.44999694824219,0.0,67.41999816894531,66.43000030517578,66.98999786376953,0.0,8133500
2019-04-24,50.28064727783203,64.69999694824219,0.0,67.0,64.69000244140625,67.0,0.0,7624600
2019-04-25,49.71334457397461,63.970001220703125,0.0,64.6500015258789,63.93000030517578,64.62999725341797,0.0,7305000
2019-04-26,48.78855514526367,62.779998779296875,0.0,63.650001525878906,62.08000183105469,63.58000183105469,0.0,9216800
2019-04-29,48.687522888183594,62.650001525878906,0.0,63.119998931884766,62.36000061035156,62.77000045776367,0.0,6769300
2019-04-30,49.052772521972656,63.119998931884766,0.0,63.970001220703125,62.54999923706055,63.54999923706055,0.0,9358300
2019-05-01,48.70305633544922,62.66999816894531,0.0,64.52999877929688,62.66999816894531,63.72999954223633,0.0,12032000
2019-05-02,47.630611419677734,61.290000915527344,0.0,63.310001373291016,61.279998779296875,62.20000076293945,0.0,12614200
2019-05-03,48.190147399902344,62.0099983215332,0.0,62.880001068115234,61.52000045776367,61.900001525878906,0.0,6883800
2019-05-06,48.08913040161133,61.880001068115234,0.0,62.349998474121094,60.97999954223633,61.25,0.0,7402400
2019-05-07,47.40525436401367,61.0,0.0,61.34000015258789,60.29999923706055,61.15999984741211,0.0,6452200
2019-05-08,47.73942947387695,61.43000030517578,0.0,62.13999938964844,60.959999084472656,61.040000915527344,0.0,4809000
2019-05-09,47.824893951416016,61.540000915527344,0.0,61.83000183105469,60.650001525878906,60.83000183105469,0.0,7799800
2019-05-10,48.359886169433594,61.91999816894531,0.305,62.279998779296875,60.470001220703125,61.27000045776367,0.0,6411500
2019-05-13,47.789756774902344,61.189998626708984,0.0,61.90999984741211,60.81999969482422,61.4900016784668,0.0,6280300
2019-05-14,48.672298431396484,62.31999969482422,0.0,62.88999938964844,61.439998626708984,61.4900016784668,0.0,5259000
2019-05-15,48.453617095947266,62.040000915527344,0.0,62.31999969482422,61.29999923706055,62.0,0.0,6316300
2019-05-16,48.86754608154297,62.56999969482422,0.0,63.130001068115234,62.5,62.599998474121094,0.0,5312500
2019-05-17,48.500457763671875,62.099998474121094,0.0,62.56999969482422,61.81999969482422,61.970001220703125,0.0,4906100
2019-05-20,48.773826599121094,62.45000076293945,0.0,62.560001373291016,61.880001068115234,62.029998779296875,0.0,4794800
2019-05-21,49.68760681152344,63.619998931884766,0.0,63.959999084472656,62.689998626708984,62.70000076293945,0.0,5855300
2019-05-22,49.242427825927734,63.04999923706055,0.0,63.709999084472656,62.7400016784668,63.06999969482422,0.0,5156300
2019-05-23,46.469852447509766,59.5,0.0,61.970001220703125,59.220001220703125,61.84000015258789,0.0,8896800
2019-05-24,46.76664733886719,59.880001068115234,0.0,60.40999984741211,58.93000030517578,60.02000045776367,0.0,6070700
2019-05-28,46.899410247802734,60.04999923706055,0.0,60.63999938964844,59.779998779296875,60.029998779296875,0.0,5685800
2019-05-29,46.96970748901367,60.13999938964844,0.0,60.349998474121094,58.939998626708984,59.290000915527344,0.0,6828300
2019-05-30,46.04030227661133,58.95000076293945,0.0,60.310001373291016,58.599998474121094,60.06999969482422,0.0,5817900
2019-05-31,46.04810333251953,58.959999084472656,0.0,59.400001525878906,57.81999969482422,58.04999923706055,0.0,6939500
2019-06-03,46.40736770629883,59.41999816894531,0.0,60.20000076293945,59.02000045776367,59.06999969482422,0.0,6541500
2019-06-04,46.1574592590332,59.099998474121094,0.0,60.0,58.959999084472656,59.869998931884766,0.0,7260500
2019-06-05,44.57981491088867,57.08000183105469,0.0,59.29999923706055,56.97999954223633,59.209999084472656,0.0,11839200
2019-06-06,45.45454025268555,58.20000076293945,0.0,58.529998779296875,57.290000915527344,57.380001068115234,0.0,7370600
2019-06-07,46.04810333251953,58.959999084472656,0.0,59.310001373291016,58.150001525878906,58.310001373291016,0.0,5893000
2019-06-10,46.28240966796875,59.2599983215332,0.0,59.689998626708984,58.790000915527344,59.33000183105469,0.0,5268400
2019-06-11,45.86847686767578,58.72999954223633,0.0,59.869998931884766,58.65999984741211,59.689998626708984,0.0,5280300
2019-06-12,45.727901458740234,58.54999923706055,0.0,58.61000061035156,57.880001068115234,58.16999816894531,0.0,5677400
2019-06-13,46.12621307373047,59.060001373291016,0.0,59.619998931884766,58.86000061035156,59.349998474121094,0.0,5174200
2019-06-14,45.93876647949219,58.81999969482422,0.0,59.38999938964844,58.689998626708984,59.060001373291016,0.0,3590500
2019-06-17,46.087162017822266,59.0099983215332,0.0,59.11000061035156,58.279998779296875,58.349998474121094,0.0,4575000
2019-06-18,46.72758483886719,59.83000183105469,0.0,60.220001220703125,59.209999084472656,59.43000030517578,0.0,4980000
2019-06-19,46.58700942993164,59.650001525878906,0.0,60.290000915527344,59.38999938964844,59.75,0.0,4469100
2019-06-20,47.40705871582031,60.70000076293945,0.0,61.20000076293945,60.400001525878906,60.72999954223633,0.0,9437900
2019-06-21,47.11809539794922,60.33000183105469,0.0,60.9900016784668,60.27000045776367,60.70000076293945,0.0,9147100
2019-06-24,47.26647186279297,60.52000045776367,0.0,60.779998779296875,60.27000045776367,60.31999969482422,0.0,3701800
2019-06-25,46.68073272705078,59.77000045776367,0.0,60.880001068115234,59.7599983215332,60.29999923706055,0.0,5024000
2019-06-26,49.00812911987305,62.75,0.0,63.29999923706055,60.81999969482422,60.83000183105469,0.0,9509900
2019-06-27,47.85223388671875,61.27000045776367,0.0,62.86000061035156,60.880001068115234,62.58000183105469,0.0,6004700
2019-06-28,47.64137268066406,61.0,0.0,61.689998626708984,60.68000030517578,61.27000045776367,0.0,6108800
2019-07-01,48.61761474609375,62.25,0.0,62.810001373291016,61.709999084472656,62.0,0.0,6272200
2019-07-02,46.93845748901367,60.099998474121094,0.0,62.33000183105469,59.90999984741211,62.22999954223633,0.0,8132300
2019-07-03,47.2508659362793,60.5,0.0,60.7599983215332,59.9900016784668,60.52000045776367,0.0,4881900
2019-07-05,46.78226089477539,59.900001525878906,0.0,60.58000183105469,59.59000015258789,60.189998626708984,0.0,4584300
2019-07-08,46.77443313598633,59.88999938964844,0.0,60.54999923706055,59.75,59.79999923706055,0.0,7176000
2019-07-09,46.77443313598633,59.88999938964844,0.0,60.18000030517578,59.0,59.97999954223633,0.0,6057000
2019-07-10,47.80537796020508,61.209999084472656,0.0,61.27000045776367,60.25,60.47999954223633,0.0,5983900
2019-07-11,48.0006217956543,61.459999084472656,0.0,61.470001220703125,60.7599983215332,61.04999923706055,0.0,4194600
2019-07-12,48.23493194580078,61.7599983215332,0.0,61.959999084472656,61.279998779296875,61.45000076293945,0.0,4806300
2019-07-15,47.36800765991211,60.650001525878906,0.0,61.90999984741211,60.58000183105469,61.849998474121094,0.0,5051000
2019-07-16,46.665103912353516,59.75,0.0,60.83000183105469,59.56999969482422,60.650001525878906,0.0,6011300
2019-07-17,46.68853759765625,59.779998779296875,0.0,60.540000915527344,59.77000045776367,60.11000061035156,0.0,7055900
2019-07-18,47.11027526855469,60.31999969482422,0.0,60.439998626708984,59.790000915527344,60.060001373291016,0.0,5711600
2019-07-19,47.3575439453125,60.33000183105469,0.305,60.58000183105469,59.36000061035156,59.93000030517578,0.0,5136000
2019-07-22,47.443885803222656,60.439998626708984,0.0,60.95000076293945,59.970001220703125,60.459999084472656,0.0,3320500
2019-07-23,47.318302154541016,60.279998779296875,0.0,60.459999084472656,59.84000015258789,60.34000015258789,0.0,4431900
2019-07-24,47.16130447387695,60.08000183105469,0.0,60.720001220703125,59.88999938964844,60.130001068115234,0.0,4405000
2019-07-25,46.34492492675781,59.040000915527344,0.0,60.599998474121094,58.900001525878906,60.59000015258789,0.0,5019300
2019-07-26,46.11729049682617,58.75,0.0,59.36000061035156,58.439998626708984,58.900001525878906,0.0,6704100
2019-07-29,45.67769241333008,58.189998626708984,0.0,58.810001373291016,57.47999954223633,58.689998626708984,0.0,6597500
2019-07-30,46.713863372802734,59.5099983215332,0.0,59.86000061035156,57.02000045776367,57.099998474121094,0.0,5927800
2019-07-31,46.37632751464844,59.08000183105469,0.0,59.7400016784668,58.380001068115234,59.47999954223633,0.0,8268500
2019-08-01,46.156532287597656,58.79999923706055,0.0,60.279998779296875,57.88999938964844,58.08000183105469,0.0,7924200
2019-08-02,44.32754898071289,56.470001220703125,0.0,59.310001373291016,56.31999969482422,58.939998626708984,0.0,7697700
2019-08-05,42.922447204589844,54.68000030517578,0.0,55.709999084472656,54.22999954223633,55.54999923706055,0.0,7474600
2019-08-06,42.5692024230957,54.22999954223633,0.0,55.029998779296875,53.91999816894531,55.02000045776367,0.0,6166900
2019-08-07,41.8548583984375,53.31999969482422,0.0,53.720001220703125,52.29999923706055,53.279998779296875,0.0,9289600
2019-08-08,43.228572845458984,55.06999969482422,0.0,55.09000015258789,53.29999923706055,53.779998779296875,0.0,7444800
2019-08-09,42.39650344848633,54.0099983215332,0.0,55.470001220703125,53.97999954223633,54.959999084472656,0.0,5391700
2019-08-12,41.697872161865234,53.119998931884766,0.0,53.93000030517578,52.849998474121094,53.790000915527344,0.0,4726100
2019-08-13,42.2866096496582,53.869998931884766,0.0,54.83000183105469,52.439998626708984,52.84000015258789,0.0,6461800
2019-08-14,40.64601516723633,51.779998779296875,0.0,52.86000061035156,51.5099983215332,52.459999084472656,0.0,7851800
2019-08-15,39.963077545166016,50.90999984741211,0.0,52.0099983215332,50.59000015258789,51.400001525878906,0.0,6069800
2019-08-16,40.402679443359375,51.470001220703125,0.0,51.79999923706055,50.79999923706055,51.04999923706055,0.0,5273200
2019-08-19,42.3415641784668,53.939998626708984,0.0,54.29999923706055,52.459999084472656,52.56999969482422,0.0,9315400
2019-08-20,41.37603759765625,52.709999084472656,0.0,53.599998474121094,52.650001525878906,53.5099983215332,0.0,5297700
2019-08-21,41.313255310058594,52.630001068115234,0.0,53.66999816894531,52.38999938964844,53.33000183105469,0.0,6044600
2019-08-22,41.02280044555664,52.2599983215332,0.0,53.349998474121094,52.22999954223633,52.90999984741211,0.0,4316200
2019-08-23,39.57844924926758,50.41999816894531,0.0,52.189998626708984,50.130001068115234,51.650001525878906,0.0,7133400
2019-08-26,40.32417297363281,51.369998931884766,0.0,51.709999084472656,50.689998626708984,51.04999923706055,0.0,4989100
2019-08-27,40.018028259277344,50.97999954223633,0.0,51.849998474121094,50.52000045776367,51.72999954223633,0.0,5342100
2019-08-28,40.77946090698242,51.95000076293945,0.0,52.2400016784668,51.25,51.40999984741211,0.0,4880300
2019-08-29,41.046348571777344,52.290000915527344,0.0,52.95000076293945,52.209999084472656,52.310001373291016,0.0,6401900
2019-08-30,40.96001434326172,52.18000030517578,0.0,52.939998626708984,51.619998931884766,52.36000061035156,0.0,5131500
2019-09-03,40.85010528564453,52.040000915527344,0.0,52.119998931884766,50.7400016784668,51.04999923706055,0.0,5142300
2019-09-04,41.83917999267578,53.29999923706055,0.0,53.47999954223633,52.599998474121094,52.790000915527344,0.0,5803100
2019-09-05,41.94907760620117,53.439998626708984,0.0,54.2400016784668,53.290000915527344,53.59000015258789,0.0,6014500
2019-09-06,42.09821319580078,53.630001068115234,0.0,53.790000915527344,52.68000030517578,53.08000183105469,0.0,4635000
2019-09-09,43.15007019042969,54.970001220703125,0.0,55.04999923706055,53.869998931884766,54.20000076293945,0.0,6176800
2019-09-10,44.20980453491211,56.31999969482422,0.0,57.4900016784668,55.38999938964844,55.540000915527344,0.0,8567700
2019-09-11,44.90057373046875,57.20000076293945,0.0,57.47999954223633,56.290000915527344,56.72999954223633,0.0,7940300
2019-09-12,44.23334884643555,56.349998474121094,0.0,56.970001220703125,55.58000183105469,55.9900016784668,0.0,5712300
2019-09-13,45.01047897338867,57.34000015258789,0.0,57.70000076293945,56.869998931884766,56.97999954223633,0.0,7885300
2019-09-16,49.084495544433594,62.529998779296875,0.0,63.150001525878906,60.5099983215332,61.45000076293945,0.0,17898000
2019-09-17,48.05616760253906,61.220001220703125,0.0,63.220001220703125,60.20000076293945,62.470001220703125,0.0,13487100
2019-09-18,47.10634994506836,60.0099983215332,0.0,60.369998931884766,59.27000045776367,60.0,0.0,7412500
2019-09-19,47.074954986572266,59.970001220703125,0.0,60.689998626708984,59.75,60.47999954223633,0.0,6270700
2019-09-20,47.74217987060547,60.81999969482422,0.0,61.220001220703125,60.130001068115234,60.25,0.0,18124800
2019-09-23,47.239810943603516,60.18000030517578,0.0,60.66999816894531,59.86000061035156,60.0,0.0,6729300
2019-09-24,46.54902648925781,59.29999923706055,0.0,60.060001373291016,58.349998474121094,59.9900016784668,0.0,9370200
2019-09-25,46.69032287597656,59.47999954223633,0.0,59.5,58.29999923706055,58.459999084472656,0.0,5788200
2019-09-26,45.277374267578125,57.68000030517578,0.0,59.130001068115234,57.290000915527344,59.060001373291016,0.0,6655400
2019-09-27,45.45005416870117,57.900001525878906,0.0,58.34000015258789,56.959999084472656,57.060001373291016,0.0,4329300
2019-09-30,44.72788619995117,56.97999954223633,0.0,57.90999984741211,56.689998626708984,57.56999969482422,0.0,5923700
2019-10-01,43.2913818359375,55.150001525878906,0.0,57.70000076293945,55.029998779296875,57.5,0.0,6329000
2019-10-02,41.658626556396484,53.06999969482422,0.0,55.040000915527344,53.0,54.790000915527344,0.0,6135600
2019-10-03,42.12175369262695,53.65999984741211,0.0,53.810001373291016,52.29999923706055,52.790000915527344,0.0,4238200
2019-10-04,41.99617385864258,53.5,0.0,53.9900016784668,52.70000076293945,53.529998779296875,0.0,5148300
2019-10-07,42.85963439941406,54.599998474121094,0.0,55.630001068115234,53.79999923706055,54.150001525878906,0.0,8158600
2019-10-08,42.310157775878906,53.900001525878906,0.0,55.380001068115234,53.72999954223633,53.900001525878906,0.0,6968700
2019-10-09,43.12653732299805,54.939998626708984,0.0,55.349998474121094,54.290000915527344,54.59000015258789,0.0,5632100
2019-10-10,43.86441421508789,55.880001068115234,0.0,56.0099983215332,55.0,55.0,0.0,5426500
2019-10-11,44.296138763427734,56.43000030517578,0.0,56.9900016784668,56.20000076293945,56.47999954223633,0.0,6810600
2019-10-14,44.06064987182617,56.130001068115234,0.0,56.45000076293945,55.63999938964844,55.83000183105469,0.0,4402900
2019-10-15,43.91936111450195,55.95000076293945,0.0,56.4900016784668,55.40999984741211,55.790000915527344,0.0,6226000
2019-10-16,43.191715240478516,54.61000061035156,0.42,55.7400016784668,54.560001373291016,55.43000030517578,0.0,5190700
2019-10-17,43.128448486328125,54.529998779296875,0.0,54.86000061035156,53.97999954223633,54.7599983215332,0.0,4364300
2019-10-18,42.66972351074219,53.95000076293945,0.0,54.880001068115234,53.95000076293945,54.65999984741211,0.0,5160400
2019-10-21,44.25944900512695,55.959999084472656,0.0,56.11000061035156,54.08000183105469,54.25,0.0,6734100
2019-10-22,44.71818542480469,56.540000915527344,0.0,57.650001525878906,55.93000030517578,55.939998626708984,0.0,6187300
2019-10-23,44.48881149291992,56.25,0.0,56.81999969482422,55.56999969482422,56.619998931884766,0.0,5252400
2019-10-24,44.41763687133789,56.15999984741211,0.0,56.900001525878906,55.72999954223633,56.56999969482422,0.0,4552100
2019-10-25,44.56790542602539,56.349998474121094,0.0,56.70000076293945,55.59000015258789,56.09000015258789,0.0,3046000
2019-10-28,44.03799057006836,55.68000030517578,0.0,56.95000076293945,54.86000061035156,56.47999954223633,0.0,7574600
2019-10-29,45.1531867980957,57.09000015258789,0.0,57.970001220703125,54.38999938964844,55.79999923706055,0.0,8699200
2019-10-30,43.53181457519531,55.040000915527344,0.0,57.459999084472656,54.95000076293945,57.439998626708984,0.0,7907800
2019-10-31,43.658355712890625,55.20000076293945,0.0,55.20000076293945,54.130001068115234,54.869998931884766,0.0,6346400
2019-11-01,45.20063018798828,57.150001525878906,0.0,57.4900016784668,55.470001220703125,55.650001525878906,0.0,6483600
2019-11-04,45.87291717529297,58.0,0.0,58.56999969482422,57.209999084472656,57.7599983215332,0.0,5667900
2019-11-05,46.276268005371094,58.5099983215332,0.0,59.33000183105469,58.36000061035156,58.619998931884766,0.0,7545200
2019-11-06,45.58026885986328,57.630001068115234,0.0,59.08000183105469,57.349998474121094,58.25,0.0,5464900
2019-11-07,47.090911865234375,59.540000915527344,0.0,59.630001068115234,58.29999923706055,58.29999923706055,0.0,9492200
2019-11-08,46.79036331176758,59.15999984741211,0.0,59.29999923706055,57.91999816894531,58.88999938964844,0.0,4769000
2019-11-11,46.59263229370117,58.90999984741211,0.0,59.2400016784668,58.29999923706055,58.65999984741211,0.0,3716200
2019-11-12,46.054832458496094,58.22999954223633,0.0,59.45000076293945,57.939998626708984,58.97999954223633,0.0,4939900
2019-11-13,45.5249137878418,57.560001373291016,0.0,58.02000045776367,57.220001220703125,57.84000015258789,0.0,4644200
2019-11-14,45.27972412109375,57.25,0.0,58.04999923706055,56.959999084472656,57.7599983215332,0.0,3971200
2019-11-15,46.070648193359375,58.25,0.0,58.290000915527344,57.54999923706055,57.560001373291016,0.0,4261900
2019-11-18,44.8447265625,56.70000076293945,0.0,57.779998779296875,56.38999938964844,57.70000076293945,0.0,5793300
2019-11-19,45.21644973754883,57.16999816894531,0.0,57.529998779296875,56.29999923706055,56.83000183105469,0.0,6588000
2019-11-20,46.94855499267578,59.36000061035156,0.0,59.54999923706055,56.91999816894531,57.099998474121094,0.0,10097500
2019-11-21,47.62083053588867,60.209999084472656,0.0,60.54999923706055,59.400001525878906,59.54999923706055,0.0,10527300
2019-11-22,47.37564468383789,59.900001525878906,0.0,61.38999938964844,59.63999938964844,60.4900016784668,0.0,6575300
2019-11-25,48.28519821166992,61.04999923706055,0.0,61.15999984741211,59.209999084472656,60.0,0.0,7721200
2019-11-26,47.5417366027832,60.11000061035156,0.0,61.36000061035156,60.06999969482422,60.79999923706055,0.0,8151100
2019-11-27,47.72365188598633,60.34000015258789,0.0,60.47999954223633,59.27000045776367,60.349998474121094,0.0,5998400
2019-11-29,47.40727996826172,59.939998626708984,0.0,60.29999923706055,59.43000030517578,59.61000061035156,0.0,2707100
2019-12-02,47.74736785888672,60.369998931884766,0.0,61.29999923706055,60.02000045776367,60.2400016784668,0.0,7171500
2019-12-03,46.57682418823242,58.88999938964844,0.0,59.90999984741211,58.61000061035156,59.7400016784668,0.0,6110000
2019-12-04,47.95301055908203,60.630001068115234,0.0,61.04999923706055,59.18000030517578,59.36000061035156,0.0,8036700
2019-12-05,47.32819366455078,59.84000015258789,0.0,61.27000045776367,59.439998626708984,61.0,0.0,5047000
2019-12-06,49.01283645629883,61.970001220703125,0.0,62.130001068115234,60.130001068115234,60.310001373291016,0.0,8311100
2019-12-09,48.9021110534668,61.83000183105469,0.0,62.220001220703125,61.380001068115234,61.58000183105469,0.0,5256500
2019-12-10,48.846744537353516,61.7599983215332,0.0,62.0099983215332,61.33000183105469,61.84000015258789,0.0,4630200
2019-12-11,48.78347396850586,61.68000030517578,0.0,61.84000015258789,61.029998779296875,61.369998931884766,0.0,3959200
2019-12-12,49.50320816040039,62.59000015258789,0.0,62.95000076293945,61.369998931884766,61.4900016784668,0.0,5162700
2019-12-13,49.5901985168457,62.70000076293945,0.0,64.06999969482422,62.4900016784668,63.45000076293945,0.0,6965000
2019-12-16,49.685115814208984,62.81999969482422,0.0,63.56999969482422,62.529998779296875,63.04999923706055,0.0,5590000
2019-12-17,50.23875045776367,63.52000045776367,0.0,63.779998779296875,62.900001525878906,62.900001525878906,0.0,6211100
2019-12-18,49.98565673828125,63.20000076293945,0.0,63.959999084472656,63.150001525878906,63.470001220703125,0.0,5598400
2019-12-19,49.97774124145508,63.189998626708984,0.0,63.369998931884766,62.90999984741211,62.97999954223633,0.0,5197100
2019-12-20,50.396934509277344,63.720001220703125,0.0,64.0199966430664,63.22999954223633,63.93000030517578,0.0,11008000
2019-12-23,51.09292984008789,64.5999984741211,0.0,64.83000183105469,63.459999084472656,63.66999816894531,0.0,7019800
2019-12-24,51.14829635620117,64.66999816894531,0.0,65.51000213623047,64.61000061035156,64.76000213623047,0.0,3188400
2019-12-26,51.40929412841797,65.0,0.0,65.73999786376953,64.8499984741211,65.08999633789062,0.0,4835200
2019-12-27,51.39348220825195,64.9800033569336,0.0,65.62999725341797,64.61000061035156,65.19999694824219,0.0,5414300
2019-12-30,51.10084533691406,64.61000061035156,0.0,65.25,64.52999877929688,65.06999969482422,0.0,3665200
2019-12-31,51.433021545410156,65.02999877929688,0.0,65.16999816894531,63.900001525878906,64.1500015258789,0.0,3639800
2020-01-02,51.77311706542969,65.45999908447266,0.0,65.68000030517578,64.8499984741211,65.27999877929688,0.0,4122800
2020-01-03,51.96293640136719,65.69999694824219,0.0,67.12999725341797,65.06999969482422,67.04000091552734,0.0,6333200
2020-01-06,52.57984924316406,66.4800033569336,0.0,66.94000244140625,65.87999725341797,66.27999877929688,0.0,8823800
2020-01-07,52.57984924316406,66.4800033569336,0.0,66.48999786376953,65.73999786376953,66.44000244140625,0.0,5974800
2020-01-08,51.361839294433594,64.94000244140625,0.0,66.62999725341797,64.5199966430664,66.44999694824219,0.0,6470100
2020-01-09,52.25558090209961,66.06999969482422,0.0,66.1500015258789,64.29000091552734,64.56999969482422,0.0,6005100
2020-01-10,51.741477966308594,65.41999816894531,0.0,66.19999694824219,65.33000183105469,65.86000061035156,0.0,7233100
2020-01-13,51.51211166381836,65.12999725341797,0.0,65.51000213623047,64.87999725341797,65.36000061035156,0.0,3675300
2020-01-14,51.52001953125,65.13999938964844,0.0,65.33000183105469,64.66000366210938,65.22000122070312,0.0,6119400
2020-01-15,51.40929412841797,65.0,0.0,65.33000183105469,64.44000244140625,65.0,0.0,3933300
2020-01-16,51.464664459228516,65.06999969482422,0.0,65.61000061035156,64.76000213623047,65.38999938964844,0.0,4315200
2020-01-17,51.464664459228516,65.06999969482422,0.0,65.43000030517578,64.83999633789062,65.27999877929688,0.0,4765500
2020-01-21,50.64211654663086,64.02999877929688,0.0,64.8499984741211,63.939998626708984,64.56999969482422,0.0,6974000
2020-01-22,49.83538055419922,63.0099983215332,0.0,63.79999923706055,62.83000183105469,63.79999923706055,0.0,6755800
2020-01-23,49.938209533691406,63.13999938964844,0.0,63.36000061035156,61.619998931884766,62.0099983215332,0.0,6199900
2020-01-24,49.52692413330078,62.619998931884766,0.0,62.70000076293945,62.04999923706055,62.70000076293945,0.0,5689500
2020-01-27,48.27728271484375,61.040000915527344,0.0,61.83000183105469,60.84000015258789,61.369998931884766,0.0,7321100
2020-01-28,48.388023376464844,61.18000030517578,0.0,61.68000030517578,60.900001525878906,61.61000061035156,0.0,4824700
2020-01-29,47.84228515625,60.4900016784668,0.0,61.68000030517578,60.27000045776367,61.59000015258789,0.0,4102500
2020-01-30,48.15864944458008,60.88999938964844,0.0,60.9900016784668,59.59000015258789,59.75,0.0,6931500
2020-01-31,47.00391387939453,59.43000030517578,0.0,60.40999984741211,59.119998931884766,60.0,0.0,7673000
2020-02-03,46.806182861328125,59.18000030517578,0.0,60.34000015258789,58.86000061035156,59.40999984741211,0.0,7015300
2020-02-04,44.67863845825195,56.4900016784668,0.0,59.81999969482422,56.43000030517578,58.93000030517578,0.0,13403000
2020-02-05,46.48982238769531,58.779998779296875,0.0,58.95000076293945,56.81999969482422,57.279998779296875,0.0,12891800
2020-02-06,46.19718551635742,58.40999984741211,0.0,59.06999969482422,57.93000030517578,59.06999969482422,0.0,5901700
2020-02-07,45.86500930786133,57.9900016784668,0.0,58.369998931884766,57.560001373291016,57.810001373291016,0.0,5081800
2020-02-10,45.77009201049805,57.869998931884766,0.0,58.13999938964844,57.209999084472656,57.459999084472656,0.0,6756300
2020-02-11,46.434452056884766,58.709999084472656,0.0,59.0099983215332,58.209999084472656,58.849998474121094,0.0,6143000
2020-02-12,47.2649040222168,59.7599983215332,0.0,61.150001525878906,59.540000915527344,59.900001525878906,0.0,5906800
2020-02-13,46.85073471069336,58.81999969482422,0.42,59.45000076293945,58.599998474121094,59.09000015258789,0.0,5995600
2020-02-14,46.691429138183594,58.619998931884766,0.0,59.099998474121094,58.18000030517578,58.869998931884766,0.0,4204500
2020-02-18,46.43655014038086,58.29999923706055,0.0,58.56999969482422,57.709999084472656,58.40999984741211,0.0,3937800
2020-02-19,47.20118713378906,59.2599983215332,0.0,59.36000061035156,58.68000030517578,58.75,0.0,5267400
2020-02-20,46.898521423339844,58.880001068115234,0.0,59.54999923706055,58.58000183105469,59.25,0.0,5755000
2020-02-21,46.54804229736328,58.439998626708984,0.0,58.61000061035156,57.77000045776367,58.31999969482422,0.0,5216300
2020-02-24,44.90724182128906,56.380001068115234,0.0,56.939998626708984,55.9900016784668,56.150001525878906,0.0,10350200
2020-02-25,42.87615203857422,53.83000183105469,0.0,56.689998626708984,53.540000915527344,56.52000045776367,0.0,10447900
2020-02-26,40.75741958618164,51.16999816894531,0.0,54.25,51.11000061035156,54.02000045776367,0.0,11646700
2020-02-27,37.539527893066406,47.130001068115234,0.0,49.61000061035156,47.130001068115234,49.599998474121094,0.0,14676100
2020-02-28,38.5670166015625,48.41999816894531,0.0,48.439998626708984,45.119998931884766,45.41999816894531,0.0,16558800
2020-03-02,39.21220016479492,49.22999954223633,0.0,49.380001068115234,46.880001068115234,49.31999969482422,0.0,10672800
2020-03-03,38.328067779541016,48.119998931884766,0.0,51.4900016784668,47.45000076293945,49.529998779296875,0.0,11785400
2020-03-04,39.37150955200195,49.43000030517578,0.0,49.54999923706055,47.7400016784668,48.75,0.0,8924200
2020-03-05,37.993553161621094,47.70000076293945,0.0,48.63999938964844,46.779998779296875,47.97999954223633,0.0,9603800
2020-03-06,36.1058235168457,45.33000183105469,0.0,46.4900016784668,44.68000030517578,45.97999954223633,0.0,14504800
2020-03-09,27.137102127075195,34.06999969482422,0.0,36.20000076293945,32.0,33.95000076293945,0.0,29828600
2020-03-10,27.782276153564453,34.880001068115234,0.0,37.41999816894531,33.0,36.63999938964844,0.0,20337700
2020-03-11,25.934370040893555,32.560001373291016,0.0,33.95000076293945,31.510000228881836,33.59000015258789,0.0,18460700
2020-03-12,22.461589813232422,28.200000762939453,0.0,31.40999984741211,27.81999969482422,30.34000015258789,0.0,16581700
2020-03-13,24.994489669799805,31.3799991607666,0.0,31.739999771118164,27.59000015258789,30.600000381469727,0.0,17506900
2020-03-16,20.772991180419922,26.079999923706055,0.0,31.149999618530273,25.90999984741211,27.489999771118164,0.0,13774100
2020-03-17,20.90839385986328,26.25,0.0,26.850000381469727,24.389999389648438,26.360000610351562,0.0,18692900
2020-03-18,18.056880950927734,22.670000076293945,0.0,25.600000381469727,20.84000015258789,24.25,0.0,17039700
2020-03-19,20.382699966430664,25.59000015258789,0.0,25.989999771118164,21.0,23.1299991607666,0.0,15655100
2020-03-20,21.378334045410156,26.84000015258789,0.0,28.389999389648438,25.889999389648438,27.059999465942383,0.0,23790200
2020-03-23,19.554323196411133,24.549999237060547,0.0,26.969999313354492,23.350000381469727,26.75,0.0,16239400
2020-03-24,24.484725952148438,30.739999771118164,0.0,30.8700008392334,26.450000762939453,26.450000762939453,0.0,16724400
2020-03-25,24.644027709960938,30.940000534057617,0.0,32.560001373291016,29.489999771118164,31.229999542236328,0.0,14295900
2020-03-26,25.560012817382812,32.09000015258789,0.0,32.459999084472656,30.399999618530273,31.1200008392334,0.0,13576900
2020-03-27,23.297927856445312,29.25,0.0,30.270000457763672,28.799999237060547,30.1200008392334,0.0,10647200
2020-03-30,23.32978630065918,29.290000915527344,0.0,30.139999389648438,27.520000457763672,28.510000228881836,0.0,11089600
2020-03-31,24.532514572143555,30.799999237060547,0.0,31.920000076293945,29.709999084472656,30.030000686645508,0.0,13481100
2020-04-01,23.592632293701172,29.6200008392334,0.0,30.530000686645508,28.829999923706055,29.31999969482422,0.0,11101400
2020-04-02,26.96984100341797,33.86000061035156,0.0,35.41999816894531,30.709999084472656,31.25,0.0,14693200
2020-04-03,26.213151931762695,32.90999984741211,0.0,34.97999954223633,31.610000610351562,34.61000061035156,0.0,11505000
2020-04-06,26.12553596496582,32.79999923706055,0.0,33.79999923706055,31.790000915527344,33.47999954223633,0.0,13532900
2020-04-07,26.499897003173828,33.27000045776367,0.0,35.939998626708984,33.02000045776367,34.880001068115234,0.0,11704200
2020-04-08,28.419485092163086,35.68000030517578,0.0,35.88999938964844,33.869998931884766,34.04999923706055,0.0,8171100
2020-04-09,27.662803649902344,34.72999954223633,0.0,37.97999954223633,33.290000915527344,37.93000030517578,0.0,14176800
2020-04-13,27.320302963256836,34.29999923706055,0.0,35.97999954223633,33.77000045776367,35.939998626708984,0.0,10222000
2020-04-14,27.145069122314453,34.08000183105469,0.0,34.470001220703125,33.66999816894531,34.369998931884766,0.0,11082200
2020-04-15,25.647626876831055,32.20000076293945,0.0,33.0,30.729999542236328,32.16999816894531,0.0,11354700
2020-04-16,24.74757194519043,31.06999969482422,0.0,32.22999954223633,30.520000457763672,31.84000015258789,0.0,13220600
2020-04-17,28.084943771362305,35.2599983215332,0.0,35.369998931884766,31.850000381469727,31.979999542236328,0.0,13162600
2020-04-20,27.535358428955078,34.56999969482422,0.0,35.66999816894531,32.400001525878906,32.470001220703125,0.0,13226400
2020-04-21,26.436174392700195,33.189998626708984,0.0,34.130001068115234,32.61000061035156,32.95000076293945,0.0,13639500
2020-04-22,27.86192512512207,34.97999954223633,0.0,35.529998779296875,34.540000915527344,35.20000076293945,0.0,12048400
2020-04-23,28.817737579345703,36.18000030517578,0.0,37.20000076293945,35.369998931884766,36.61000061035156,0.0,9849600
2020-04-24,28.746051788330078,36.09000015258789,0.0,37.29999923706055,35.779998779296875,36.970001220703125,0.0,8683900
2020-04-27,29.590362548828125,37.150001525878906,0.0,37.40999984741211,34.68000030517578,35.869998931884766,0.0,8302500
2020-04-28,30.64971160888672,38.47999954223633,0.0,38.9900016784668,37.560001373291016,37.88999938964844,0.0,9445700
2020-04-29,33.62068557739258,42.209999084472656,0.0,42.54999923706055,39.63999938964844,40.06999969482422,0.0,12958100
2020-04-30,33.533077239990234,42.099998474121094,0.0,43.58000183105469,40.84000015258789,42.58000183105469,0.0,11760700
2020-05-01,31.175403594970703,39.13999938964844,0.0,41.29999923706055,38.709999084472656,40.540000915527344,0.0,9256700
2020-05-04,32.14714050292969,40.36000061035156,0.0,40.400001525878906,38.150001525878906,38.619998931884766,0.0,12515600
2020-05-05,32.593196868896484,40.91999816894531,0.0,43.56999969482422,40.65999984741211,43.099998474121094,0.0,10096700
2020-05-06,32.25069808959961,40.4900016784668,0.0,41.83000183105469,39.81999969482422,41.09000015258789,0.0,8213000
2020-05-07,33.787960052490234,42.41999816894531,0.0,43.349998474121094,41.90999984741211,42.0,0.0,9520700
2020-05-08,34.65679168701172,43.08000183105469,0.42,43.349998474121094,42.060001373291016,43.119998931884766,0.0,6974200
2020-05-11,34.00516891479492,42.27000045776367,0.0,43.279998779296875,42.08000183105469,42.22999954223633,0.0,7076800
2020-05-12,33.45009994506836,41.58000183105469,0.0,43.150001525878906,41.529998779296875,42.619998931884766,0.0,7375900
2020-05-13,32.09052276611328,39.88999938964844,0.0,41.18000030517578,39.540000915527344,41.02000045776367,0.0,7666400
2020-05-14,32.12269592285156,39.93000030517578,0.0,40.459999084472656,37.779998779296875,38.93000030517578,0.0,6718700
2020-05-15,32.87891387939453,40.869998931884766,0.0,41.54999923706055,39.720001220703125,39.869998931884766,0.0,7242300
2020-05-18,35.07512664794922,43.599998474121094,0.0,44.61000061035156,43.16999816894531,43.45000076293945,0.0,9047300
2020-05-19,34.32695770263672,42.66999816894531,0.0,43.880001068115234,42.61000061035156,43.70000076293945,0.0,6126300
2020-05-20,35.51758575439453,44.150001525878906,0.0,44.79999923706055,43.29999923706055,43.59000015258789,0.0,7203000
2020-05-21,35.17165756225586,43.720001220703125,0.0,44.869998931884766,43.619998931884766,44.38999938964844,0.0,6646000
2020-05-22,34.81768798828125,43.279998779296875,0.0,43.36000061035156,42.29999923706055,42.90999984741211,0.0,4674000
2020-05-26,35.131431579589844,43.66999816894531,0.0,45.119998931884766,43.5,44.810001373291016,0.0,7702600
2020-05-27,35.9359130859375,44.66999816894531,0.0,44.68000030517578,42.959999084472656,44.34000015258789,0.0,5768100
2020-05-28,34.60047912597656,43.0099983215332,0.0,44.720001220703125,42.779998779296875,44.720001220703125,0.0,5871500
2020-05-29,33.932777404785156,42.18000030517578,0.0,42.779998779296875,41.66999816894531,42.61000061035156,0.0,10172200
2020-06-01,34.906185150146484,43.38999938964844,0.0,43.70000076293945,41.63999938964844,42.2599983215332,0.0,6344300
2020-06-02,35.557804107666016,44.20000076293945,0.0,44.689998626708984,43.70000076293945,44.02000045776367,0.0,5858300
2020-06-03,36.29792785644531,45.119998931884766,0.0,45.22999954223633,44.02000045776367,45.11000061035156,0.0,8024200
2020-06-04,35.96808624267578,44.709999084472656,0.0,45.130001068115234,44.18000030517578,44.68000030517578,0.0,5577000
2020-06-05,39.08945846557617,48.59000015258789,0.0,48.779998779296875,47.029998779296875,47.38999938964844,0.0,11578800
2020-06-08,40.4731559753418,50.310001373291016,0.0,50.790000915527344,48.810001373291016,50.209999084472656,0.0,10242200
2020-06-09,39.12162399291992,48.630001068115234,0.0,49.189998626708984,47.880001068115234,48.25,0.0,8203600
2020-06-10,36.93346405029297,45.90999984741211,0.0,48.290000915527344,45.869998931884766,48.040000915527344,0.0,7882300
2020-06-11,33.88449478149414,42.119998931884766,0.0,44.25,41.79999923706055,42.08000183105469,0.0,8435200
2020-06-12,35.179710388183594,43.72999954223633,0.0,45.40999984741211,42.11000061035156,45.310001373291016,0.0,8928400
2020-06-15,34.87400817871094,43.349998474121094,0.0,43.90999984741211,40.849998474121094,41.06999969482422,0.0,7992100
2020-06-16,36.289886474609375,45.11000061035156,0.0,45.68000030517578,43.599998474121094,45.29999923706055,0.0,6932400
2020-06-17,35.41301345825195,44.02000045776367,0.0,45.099998474121094,43.90999984741211,44.9900016784668,0.0,5967200
2020-06-18,35.7589225769043,44.45000076293945,0.0,44.84000015258789,43.18000030517578,43.529998779296875,0.0,7293700
2020-06-19,35.155574798583984,43.70000076293945,0.0,45.900001525878906,43.380001068115234,45.900001525878906,0.0,13702800
2020-06-22,35.04295349121094,43.560001373291016,0.0,43.97999954223633,42.65999984741211,43.2400016784668,0.0,5009100
2020-06-23,35.24406433105469,43.810001373291016,0.0,44.529998779296875,43.59000015258789,44.119998931884766,0.0,4962200
2020-06-24,32.975440979003906,40.9900016784668,0.0,43.16999816894531,40.93000030517578,43.0,0.0,7137200
2020-06-25,33.83622741699219,42.060001373291016,0.0,42.119998931884766,40.5099983215332,40.65999984741211,0.0,5981000
2020-06-26,32.4605712890625,40.349998474121094,0.0,41.619998931884766,40.15999984741211,41.56999969482422,0.0,8399400
2020-06-29,33.224830627441406,41.29999923706055,0.0,41.349998474121094,39.91999816894531,40.400001525878906,0.0,5764800
2020-06-30,33.80405044555664,42.02000045776367,0.0,42.34000015258789,40.279998779296875,40.869998931884766,0.0,6313900
2020-07-01,32.774314880371094,40.7400016784668,0.0,42.83000183105469,40.68000030517578,42.349998474121094,0.0,5600000
2020-07-02,33.61096954345703,41.779998779296875,0.0,42.5099983215332,41.58000183105469,41.81999969482422,0.0,4775000
2020-07-06,33.49031448364258,41.630001068115234,0.0,42.869998931884766,41.36000061035156,42.630001068115234,0.0,5825100
2020-07-07,32.693878173828125,40.63999938964844,0.0,41.630001068115234,40.56999969482422,41.150001525878906,0.0,5995100
2020-07-08,33.01566696166992,41.040000915527344,0.0,41.56999969482422,40.29999923706055,40.58000183105469,0.0,4896800
2020-07-09,30.851625442504883,38.349998474121094,0.0,40.88999938964844,38.290000915527344,40.65999984741211,0.0,9189500
2020-07-10,31.92961883544922,39.689998626708984,0.0,39.81999969482422,38.220001220703125,38.36000061035156,0.0,9218300
2020-07-13,31.905485153198242,39.65999984741211,0.0,40.5099983215332,39.0,40.130001068115234,0.0,5887000
2020-07-14,33.23287582397461,41.310001373291016,0.0,41.34000015258789,39.27000045776367,39.439998626708984,0.0,4953500
2020-07-15,33.482261657714844,41.619998931884766,0.0,42.41999816894531,41.04999923706055,42.189998626708984,0.0,5777100
2020-07-16,33.458133697509766,41.59000015258789,0.0,42.060001373291016,40.65999984741211,41.290000915527344,0.0,4655700
2020-07-17,32.47478103637695,39.959999084472656,0.42,41.66999816894531,39.779998779296875,41.349998474121094,0.0,6699300
2020-07-20,31.96278953552246,39.33000183105469,0.0,40.34000015258789,39.2400016784668,39.959999084472656,0.0,6407600
2020-07-21,33.85634994506836,41.65999984741211,0.0,42.08000183105469,40.0,40.099998474121094,0.0,7950900
2020-07-22,33.23058319091797,40.88999938964844,0.0,41.25,40.31999969482422,41.06999969482422,0.0,5158400
2020-07-23,32.88111877441406,40.459999084472656,0.0,41.130001068115234,40.22999954223633,40.529998779296875,0.0,5953500
2020-07-24,32.734832763671875,40.279998779296875,0.0,41.36000061035156,40.15999984741211,40.7400016784668,0.0,5202600
2020-07-27,32.32037353515625,39.77000045776367,0.0,40.47999954223633,39.439998626708984,39.91999816894531,0.0,5312400
2020-07-28,31.662097930908203,38.959999084472656,0.0,39.959999084472656,38.79999923706055,39.56999969482422,0.0,6188300
2020-07-29,32.45853042602539,39.939998626708984,0.0,39.939998626708984,38.599998474121094,38.970001220703125,0.0,6305200
2020-07-30,30.58936882019043,37.63999938964844,0.0,38.470001220703125,35.900001525878906,38.119998931884766,0.0,13421000
2020-07-31,30.386186599731445,37.38999938964844,0.0,37.599998474121094,36.709999084472656,37.04999923706055,0.0,7719900
2020-08-03,29.833560943603516,36.709999084472656,0.0,37.38999938964844,36.689998626708984,37.27000045776367,0.0,8064700
2020-08-04,30.58936882019043,37.63999938964844,0.0,38.06999969482422,36.470001220703125,36.65999984741211,0.0,5808100
2020-08-05,30.89818000793457,38.02000045776367,0.0,38.689998626708984,37.709999084472656,38.5,0.0,7315000
2020-08-06,30.922561645507812,38.04999923706055,0.0,38.43000030517578,37.61000061035156,37.63999938964844,0.0,6588700
2020-08-07,31.125728607177734,38.29999923706055,0.0,38.38999938964844,37.349998474121094,37.869998931884766,0.0,4445300
2020-08-10,32.21471405029297,39.63999938964844,0.0,39.66999816894531,38.45000076293945,38.5099983215332,0.0,5612600
2020-08-11,32.2716178894043,39.709999084472656,0.0,41.150001525878906,39.58000183105469,40.56999969482422,0.0,7975900
2020-08-12,33.85634994506836,41.65999984741211,0.0,41.68000030517578,40.25,40.369998931884766,0.0,11822500
2020-08-13,33.01927947998047,40.630001068115234,0.0,41.83000183105469,40.619998931884766,41.150001525878906,0.0,8286400
2020-08-14,33.17369079589844,40.81999969482422,0.0,41.0,39.959999084472656,40.220001220703125,0.0,3349800
2020-08-17,33.076171875,40.70000076293945,0.0,40.97999954223633,39.90999984741211,40.75,0.0,6089300
2020-08-18,32.775474548339844,40.33000183105469,0.0,41.33000183105469,40.130001068115234,40.619998931884766,0.0,5711500
2020-08-19,32.22285461425781,39.650001525878906,0.0,40.31999969482422,39.52000045776367,40.11000061035156,0.0,4526200
2020-08-20,31.507692337036133,38.77000045776367,0.0,39.310001373291016,38.72999954223633,39.060001373291016,0.0,3943200
2020-08-21,31.011960983276367,38.15999984741211,0.0,38.810001373291016,37.95000076293945,38.63999938964844,0.0,5034200
2020-08-24,31.588951110839844,38.869998931884766,0.0,39.560001373291016,38.09000015258789,38.34000015258789,0.0,5357400
2020-08-25,31.572708129882812,38.849998474121094,0.0,39.45000076293945,38.45000076293945,39.40999984741211,0.0,4160600
2020-08-26,30.524351119995117,37.560001373291016,0.0,38.959999084472656,37.52000045776367,38.83000183105469,0.0,6753300
2020-08-27,31.003828048706055,38.150001525878906,0.0,38.279998779296875,37.5,37.77000045776367,0.0,6231600
2020-08-28,31.19074249267578,38.380001068115234,0.0,38.459999084472656,37.880001068115234,38.33000183105469,0.0,5058100
2020-08-31,30.792531967163086,37.88999938964844,0.0,38.45000076293945,37.56999969482422,38.349998474121094,0.0,6165700
2020-09-01,30.19927406311035,37.15999984741211,0.0,37.599998474121094,36.619998931884766,37.41999816894531,0.0,6267700
2020-09-02,29.56537628173828,36.380001068115234,0.0,37.16999816894531,36.380001068115234,37.0,0.0,7441600
2020-09-03,29.24843406677246,35.9900016784668,0.0,36.869998931884766,35.84000015258789,36.029998779296875,0.0,8733400
2020-09-04,29.142786026000977,35.86000061035156,0.0,36.689998626708984,35.66999816894531,36.36000061035156,0.0,8285300
2020-09-08,27.679962158203125,34.060001373291016,0.0,35.29999923706055,33.7400016784668,35.29999923706055,0.0,9338600
2020-09-09,28.005027770996094,34.459999084472656,0.0,34.849998474121094,34.220001220703125,34.849998474121094,0.0,6440000
2020-09-10,26.753503799438477,32.91999816894531,0.0,34.52000045776367,32.86000061035156,34.43000030517578,0.0,8582800
2020-09-11,26.907907485961914,33.11000061035156,0.0,33.439998626708984,32.63999938964844,32.880001068115234,0.0,6769100
2020-09-14,27.241113662719727,33.52000045776367,0.0,33.869998931884766,33.0099983215332,33.2400016784668,0.0,5436000
2020-09-15,27.468669891357422,33.79999923706055,0.0,34.220001220703125,33.61000061035156,33.72999954223633,0.0,8333400
2020-09-16,28.5089054107666,35.08000183105469,0.0,35.529998779296875,33.650001525878906,34.119998931884766,0.0,9240700
2020-09-17,29.32970428466797,36.09000015258789,0.0,36.11000061035156,34.15999984741211,34.400001525878906,0.0,13147700
2020-09-18,29.150915145874023,35.869998931884766,0.0,36.45000076293945,35.400001525878906,35.79999923706055,0.0,12409800
2020-09-21,27.923763275146484,34.36000061035156,0.0,35.08000183105469,34.09000015258789,34.810001373291016,0.0,11316000
2020-09-22,27.875001907348633,34.29999923706055,0.0,34.810001373291016,34.0099983215332,34.34000015258789,0.0,7963000
2020-09-23,26.753503799438477,32.91999816894531,0.0,34.59000015258789,32.880001068115234,34.36000061035156,0.0,7714500
2020-09-24,27.306119918823242,33.599998474121094,0.0,34.2599983215332,32.459999084472656,32.810001373291016,0.0,7084000
2020-09-25,27.387388229370117,33.70000076293945,0.0,33.9900016784668,32.97999954223633,33.09000015258789,0.0,5240900
2020-09-28,27.395524978637695,33.709999084472656,0.0,34.7400016784668,33.619998931884766,34.34000015258789,0.0,8958400
2020-09-29,26.379667282104492,32.459999084472656,0.0,33.779998779296875,32.16999816894531,33.720001220703125,0.0,6662600
2020-09-30,26.68848419189453,32.84000015258789,0.0,33.290000915527344,32.54999923706055,32.72999954223633,0.0,8111700
2020-10-01,26.355283737182617,32.43000030517578,0.0,32.7400016784668,31.690000534057617,32.22999954223633,0.0,7929600
2020-10-02,26.875404357910156,33.06999969482422,0.0,33.290000915527344,31.450000762939453,31.579999923706055,0.0,7069100
2020-10-05,27.858745574951172,34.279998779296875,0.0,34.310001373291016,33.22999954223633,33.560001373291016,0.0,5652500
2020-10-06,27.062318801879883,33.29999923706055,0.0,35.08000183105469,33.119998931884766,34.880001068115234,0.0,6645600
2020-10-07,27.899383544921875,34.33000183105469,0.0,34.529998779296875,33.31999969482422,33.470001220703125,0.0,6633200
2020-10-08,28.874605178833008,35.529998779296875,0.0,35.619998931884766,34.29999923706055,34.5,0.0,6758800
2020-10-09,28.54952049255371,35.130001068115234,0.0,35.970001220703125,34.84000015258789,35.939998626708984,0.0,6382000
2020-10-12,28.923358917236328,35.59000015258789,0.0,35.84000015258789,34.72999954223633,35.06999969482422,0.0,7214600
2020-10-13,28.346349716186523,34.880001068115234,0.0,36.0,34.70000076293945,35.529998779296875,0.0,8121000
2020-10-14,28.061920166015625,34.529998779296875,0.0,35.529998779296875,34.040000915527344,34.040000915527344,0.0,9817400
2020-10-15,28.768949508666992,35.400001525878906,0.0,35.470001220703125,33.66999816894531,33.869998931884766,0.0,8633700
2020-10-16,27.781742095947266,33.77000045776367,0.43,34.970001220703125,33.75,34.810001373291016,0.0,8312900
2020-10-19,26.901485443115234,32.70000076293945,0.0,34.20000076293945,32.68000030517578,34.119998931884766,0.0,21684100
2020-10-20,26.802757263183594,32.58000183105469,0.0,33.04999923706055,32.06999969482422,32.90999984741211,0.0,19243000
2020-10-21,25.206769943237305,30.639999389648438,0.0,32.40999984741211,30.579999923706055,32.16999816894531,0.0,19210200
2020-10-22,26.25156593322754,31.90999984741211,0.0,31.969999313354492,30.469999313354492,30.6200008392334,0.0,15029400
2020-10-23,26.769855499267578,32.540000915527344,0.0,33.189998626708984,31.920000076293945,32.27000045776367,0.0,15335200
2020-10-26,24.94351577758789,30.31999969482422,0.0,31.93000030517578,30.079999923706055,31.760000228881836,0.0,11522800
2020-10-27,24.894145965576172,30.260000228881836,0.0,30.690000534057617,29.959999084472656,30.15999984741211,0.0,13017800
2020-10-28,23.68482208251953,28.790000915527344,0.0,29.809999465942383,28.549999237060547,29.360000610351562,0.0,15274500
2020-10-29,23.989212036132812,29.15999984741211,0.0,29.190000534057617,27.530000686645508,28.1200008392334,0.0,15560100
2020-10-30,23.544965744018555,28.6200008392334,0.0,28.969999313354492,27.6299991607666,28.93000030517578,0.0,15681700
2020-11-02,24.869464874267578,30.229999542236328,0.0,30.549999237060547,28.510000228881836,29.420000076293945,0.0,13762900
2020-11-03,24.112613677978516,29.309999465942383,0.0,30.739999771118164,29.139999389648438,30.719999313354492,0.0,12131300
2020-11-04,24.992874145507812,30.3799991607666,0.0,30.6200008392334,29.209999084472656,29.59000015258789,0.0,15178400
2020-11-05,24.778974533081055,30.1200008392334,0.0,30.90999984741211,30.040000915527344,30.100000381469727,0.0,10316600
2020-11-06,24.01388931274414,29.190000534057617,0.0,30.649999618530273,28.780000686645508,30.1299991607666,0.0,10484500
2020-11-09,27.460895538330078,33.380001068115234,0.0,34.83000183105469,32.869998931884766,33.15999984741211,0.0,17614500
2020-11-10,29.22965431213379,35.529998779296875,0.0,35.540000915527344,33.59000015258789,34.349998474121094,0.0,20650600
2020-11-11,29.02398109436035,35.279998779296875,0.0,36.20000076293945,35.060001373291016,35.959999084472656,0.0,17225000
2020-11-12,27.979185104370117,34.0099983215332,0.0,35.209999084472656,33.599998474121094,34.599998474121094,0.0,10944500
2020-11-13,29.089801788330078,35.36000061035156,0.0,35.560001373291016,34.25,34.349998474121094,0.0,11997500
2020-11-16,31.327470779418945,38.08000183105469,0.0,38.130001068115234,36.400001525878906,36.95000076293945,0.0,18701200
2020-11-17,31.960941314697266,38.849998474121094,0.0,39.130001068115234,37.2400016784668,37.52000045776367,0.0,14466800
2020-11-18,32.232418060302734,39.18000030517578,0.0,40.869998931884766,38.650001525878906,38.959999084472656,0.0,23319600
2020-11-19,32.47099304199219,39.470001220703125,0.0,39.61000061035156,38.380001068115234,38.709999084472656,0.0,12504100
2020-11-20,32.61907196044922,39.650001525878906,0.0,39.93000030517578,39.13999938964844,39.310001373291016,0.0,12037800
2020-11-23,35.13645553588867,42.709999084472656,0.0,42.84000015258789,40.27000045776367,40.36000061035156,0.0,14643900
2020-11-24,36.535011291503906,44.40999984741211,0.0,45.36000061035156,43.779998779296875,44.08000183105469,0.0,15439200
2020-11-25,35.89332580566406,43.630001068115234,0.0,44.439998626708984,43.36000061035156,44.0,0.0,15644800
2020-11-27,35.19404602050781,42.779998779296875,0.0,43.90999984741211,42.400001525878906,43.400001525878906,0.0,4694000
2020-11-30,32.5450325012207,39.560001373291016,0.0,42.040000915527344,39.540000915527344,41.93000030517578,0.0,20248600
2020-12-01,32.30644989013672,39.27000045776367,0.0,40.95000076293945,39.220001220703125,40.900001525878906,0.0,12424900
2020-12-02,32.88233184814453,39.970001220703125,0.0,40.970001220703125,38.83000183105469,39.18000030517578,0.0,12460200
2020-12-03,33.89422607421875,41.20000076293945,0.0,42.150001525878906,39.630001068115234,40.04999923706055,0.0,16215400
2020-12-04,36.41983413696289,44.27000045776367,0.0,44.349998474121094,42.11000061035156,42.290000915527344,0.0,12730500
2020-12-07,35.226959228515625,42.81999969482422,0.0,43.439998626708984,42.52000045776367,43.349998474121094,0.0,10586100
2020-12-08,35.11177444458008,42.68000030517578,0.0,43.439998626708984,41.70000076293945,42.0,0.0,10575500
2020-12-09,35.128231048583984,42.70000076293945,0.0,43.5,41.720001220703125,43.279998779296875,0.0,10773100
2020-12-10,36.19770431518555,44.0,0.0,44.220001220703125,42.45000076293945,42.61000061035156,0.0,14997800
2020-12-11,35.7699089050293,43.47999954223633,0.0,43.81999969482422,43.16999816894531,43.5099983215332,0.0,14242300
2020-12-14,34.815608978271484,42.31999969482422,0.0,44.25,42.2599983215332,44.08000183105469,0.0,17094500
2020-12-15,35.21050262451172,42.79999923706055,0.0,42.97999954223633,41.709999084472656,42.65999984741211,0.0,9853600
2020-12-16,34.815608978271484,42.31999969482422,0.0,42.939998626708984,42.130001068115234,42.849998474121094,0.0,9311000
2020-12-17,34.527687072753906,41.970001220703125,0.0,42.77000045776367,41.619998931884766,42.77000045776367,0.0,9294200
2020-12-18,33.713226318359375,40.97999954223633,0.0,42.20000076293945,40.72999954223633,41.9900016784668,0.0,20819300
2020-12-21,33.10445022583008,40.2400016784668,0.0,40.91999816894531,38.93000030517578,39.40999984741211,0.0,10998100
2020-12-22,32.10901641845703,39.029998779296875,0.0,40.279998779296875,38.880001068115234,40.20000076293945,0.0,9189600
2020-12-23,32.972816467285156,40.08000183105469,0.0,40.709999084472656,39.33000183105469,39.40999984741211,0.0,6137600
2020-12-24,32.4874382019043,39.4900016784668,0.0,40.0099983215332,38.959999084472656,40.0099983215332,0.0,3530300
2020-12-28,32.33114242553711,39.29999923706055,0.0,40.470001220703125,39.099998474121094,39.560001373291016,0.0,6178200
2020-12-29,32.14191818237305,39.06999969482422,0.0,39.939998626708984,38.77000045776367,39.36000061035156,0.0,7003100
2020-12-30,32.915225982666016,40.0099983215332,0.0,40.040000915527344,38.810001373291016,38.9900016784668,0.0,6268900
2020-12-31,32.89878463745117,39.9900016784668,0.0,40.290000915527344,39.61000061035156,39.90999984741211,0.0,7612500
2021-01-04,32.553260803222656,39.56999969482422,0.0,40.650001525878906,39.18000030517578,40.5,0.0,8597600
2021-01-05,34.42074203491211,41.84000015258789,0.0,42.869998931884766,40.0,40.2400016784668,0.0,12393600
2021-01-06,35.794593811035156,43.5099983215332,0.0,43.95000076293945,41.91999816894531,42.529998779296875,0.0,11035300
2021-01-07,36.77356719970703,44.70000076293945,0.0,44.9900016784668,43.599998474121094,44.04999923706055,0.0,9648200
2021-01-08,36.77356719970703,44.70000076293945,0.0,45.47999954223633,44.189998626708984,45.0,0.0,9448700
2021-01-11,37.31654357910156,45.36000061035156,0.0,45.709999084472656,43.310001373291016,44.099998474121094,0.0,10839600
2021-01-12,39.011260986328125,47.41999816894531,0.0,47.66999816894531,45.720001220703125,46.02000045776367,0.0,13013700
2021-01-13,38.690406799316406,47.029998779296875,0.0,47.470001220703125,46.599998474121094,47.349998474121094,0.0,11839900
2021-01-14,39.38145446777344,47.869998931884766,0.0,48.290000915527344,46.77000045776367,47.41999816894531,0.0,12857900
2021-01-15,37.11910629272461,45.119998931884766,0.0,47.279998779296875,44.529998779296875,47.279998779296875,0.0,30004600
2021-01-19,37.84305191040039,46.0,0.0,46.150001525878906,44.86000061035156,45.150001525878906,0.0,14498800
2021-01-20,37.31654357910156,45.36000061035156,0.0,46.4900016784668,45.29999923706055,46.369998931884766,0.0,21178000
2021-01-21,35.531333923339844,43.189998626708984,0.0,45.70000076293945,42.70000076293945,45.40999984741211,0.0,16897000
2021-01-22,35.12001037597656,42.689998626708984,0.0,42.97999954223633,41.75,42.060001373291016,0.0,9535400
2021-01-25,35.029510498046875,42.58000183105469,0.0,42.630001068115234,41.2400016784668,42.130001068115234,0.0,10739700
2021-01-26,34.289100646972656,41.68000030517578,0.0,43.70000076293945,41.61000061035156,43.06999969482422,0.0,7616300
2021-01-27,33.44175338745117,40.650001525878906,0.0,42.09000015258789,40.209999084472656,40.97999954223633,0.0,8841600
2021-01-28,33.8201789855957,41.11000061035156,0.0,41.63999938964844,40.380001068115234,41.11000061035156,0.0,10283300
2021-01-29,32.93167495727539,40.029998779296875,0.0,41.459999084472656,39.97999954223633,40.61000061035156,0.0,11660400
2021-02-01,33.49110794067383,40.709999084472656,0.0,40.97999954223633,39.70000076293945,40.43000030517578,0.0,9229400
2021-02-02,33.70499801635742,40.970001220703125,0.0,42.29999923706055,40.900001525878906,41.54999923706055,0.0,8834000
2021-02-03,35.54779052734375,43.209999084472656,0.0,43.630001068115234,41.0099983215332,41.25,0.0,11133600
2021-02-04,36.205936431884766,44.0099983215332,0.0,44.02000045776367,42.59000015258789,43.61000061035156,0.0,11372300
2021-02-05,36.54322814941406,44.41999816894531,0.0,44.91999816894531,44.09000015258789,44.88999938964844,0.0,9543400
2021-02-08,38.4847412109375,46.779998779296875,0.0,47.22999954223633,45.099998474121094,45.25,0.0,12181600
2021-02-09,38.56700134277344,46.880001068115234,0.0,47.439998626708984,45.86000061035156,46.220001220703125,0.0,8990300
2021-02-10,38.87139892578125,47.25,0.0,48.0,46.40999984741211,47.189998626708984,0.0,10853200
2021-02-11,38.55591583251953,46.439998626708984,0.43,46.52000045776367,45.209999084472656,46.5,0.0,8939100
2021-02-12,39.15367889404297,47.15999984741211,0.0,47.220001220703125,45.95000076293945,46.11000061035156,0.0,8805400
2021-02-16,40.556766510009766,48.849998474121094,0.0,49.22999954223633,47.81999969482422,48.0,0.0,11066700
2021-02-17,40.98019027709961,49.36000061035156,0.0,49.47999954223633,48.2599983215332,49.189998626708984,0.0,9055700
2021-02-18,39.593711853027344,47.689998626708984,0.0,49.130001068115234,47.630001068115234,49.0,0.0,8382200
2021-02-19,40.199771881103516,48.41999816894531,0.0,48.56999969482422,47.5099983215332,47.650001525878906,0.0,8502500
2021-02-22,42.24213790893555,50.880001068115234,0.0,51.68000030517578,48.810001373291016,49.16999816894531,0.0,12331000
2021-02-23,43.2550163269043,52.099998474121094,0.0,52.5,49.65999984741211,52.0,0.0,10796500
2021-02-24,45.38871383666992,54.66999816894531,0.0,54.88999938964844,51.459999084472656,52.0,0.0,12286600
2021-02-25,44.02713394165039,53.029998779296875,0.0,55.5099983215332,52.02000045776367,54.970001220703125,0.0,12864500
2021-02-26,43.180294036865234,52.0099983215332,0.0,52.86000061035156,50.86000061035156,52.599998474121094,0.0,13234100
2021-03-01,43.678443908691406,52.61000061035156,0.0,53.959999084472656,52.16999816894531,53.470001220703125,0.0,7182500
2021-03-02,43.404457092285156,52.279998779296875,0.0,53.290000915527344,52.2400016784668,52.5099983215332,0.0,7741100
2021-03-03,44.55018997192383,53.65999984741211,0.0,54.7599983215332,52.54999923706055,52.65999984741211,0.0,8007500
2021-03-04,46.17742919921875,55.619998931884766,0.0,56.9900016784668,53.68000030517578,53.959999084472656,0.0,15181000
2021-03-05,48.435665130615234,58.34000015258789,0.0,59.4900016784668,57.11000061035156,58.0,0.0,18699600
2021-03-08,48.800968170166016,58.779998779296875,0.0,59.939998626708984,57.689998626708984,58.77000045776367,0.0,11283400
2021-03-09,48.07037353515625,57.900001525878906,0.0,59.599998474121094,57.45000076293945,58.630001068115234,0.0,10193200
2021-03-10,49.33231735229492,59.41999816894531,0.0,59.77000045776367,57.380001068115234,57.86000061035156,0.0,12002400
2021-03-11,49.67270278930664,59.83000183105469,0.0,61.13999938964844,59.400001525878906,59.5099983215332,0.0,9328100
2021-03-12,49.141353607177734,59.189998626708984,0.0,60.470001220703125,58.97999954223633,60.2400016784668,0.0,6758400
2021-03-15,48.28622817993164,58.15999984741211,0.0,58.56999969482422,56.970001220703125,57.88999938964844,0.0,9825200
2021-03-16,46.974464416503906,56.58000183105469,0.0,57.400001525878906,55.970001220703125,57.08000183105469,0.0,9399900
2021-03-17,47.182029724121094,56.83000183105469,0.0,57.130001068115234,55.52000045776367,56.31999969482422,0.0,9461700
2021-03-18,44.317718505859375,53.380001068115234,0.0,56.58000183105469,53.11000061035156,56.40999984741211,0.0,12297200
2021-03-19,43.670143127441406,52.599998474121094,0.0,54.119998931884766,52.349998474121094,53.290000915527344,0.0,26925500
2021-03-22,43.37125778198242,52.2400016784668,0.0,53.0099983215332,52.040000915527344,52.86000061035156,0.0,11003000
2021-03-23,42.931236267089844,51.709999084472656,0.0,52.779998779296875,50.529998779296875,51.119998931884766,0.0,11853800
2021-03-24,44.17658233642578,53.209999084472656,0.0,53.95000076293945,52.68000030517578,52.7599983215332,0.0,9671100
2021-03-25,44.4754638671875,53.56999969482422,0.0,53.79999923706055,51.56999969482422,52.060001373291016,0.0,9275200
2021-03-26,45.69590377807617,55.040000915527344,0.0,55.119998931884766,54.029998779296875,54.65999984741211,0.0,8723100
2021-03-29,44.69962692260742,53.84000015258789,0.0,54.52000045776367,53.119998931884766,54.5,0.0,7901000
2021-03-30,44.359230041503906,53.43000030517578,0.0,54.15999984741211,53.040000915527344,53.20000076293945,0.0,7910200
2021-03-31,43.977325439453125,52.970001220703125,0.0,53.689998626708984,52.650001525878906,53.310001373291016,0.0,9293100
2021-04-01,44.84906005859375,54.02000045776367,0.0,54.040000915527344,52.529998779296875,53.119998931884766,0.0,10165000
2021-04-05,43.346351623535156,52.209999084472656,0.0,53.90999984741211,51.95000076293945,53.90999984741211,0.0,10460000
2021-04-06,43.65353775024414,52.58000183105469,0.0,53.65999984741211,52.40999984741211,52.619998931884766,0.0,6253600
2021-04-07,43.48749542236328,52.380001068115234,0.0,53.15999984741211,52.13999938964844,52.790000915527344,0.0,12408400
2021-04-08,42.54102325439453,51.2400016784668,0.0,51.81999969482422,51.040000915527344,51.619998931884766,0.0,10040800
2021-04-09,42.53272247314453,51.22999954223633,0.0,51.9900016784668,50.91999816894531,51.369998931884766,0.0,6665300
2021-04-12,42.22554397583008,50.86000061035156,0.0,52.2400016784668,50.81999969482422,51.75,0.0,8564000
2021-04-13,42.16741943359375,50.790000915527344,0.0,51.33000183105469,50.38999938964844,50.47999954223633,0.0,6980000
2021-04-14,43.74485778808594,52.689998626708984,0.0,53.560001373291016,51.380001068115234,51.380001068115234,0.0,8342200
2021-04-15,43.088985443115234,51.900001525878906,0.0,52.810001373291016,51.77000045776367,52.70000076293945,0.0,6763700
2021-04-16,42.41649627685547,51.09000015258789,0.0,52.29999923706055,51.040000915527344,52.2400016784668,0.0,7665500
2021-04-19,42.250450134277344,50.88999938964844,0.0,51.72999954223633,50.58000183105469,51.290000915527344,0.0,6587700
2021-04-20,40.39072799682617,48.650001525878906,0.0,50.63999938964844,48.41999816894531,50.5,0.0,11928600
2021-04-21,41.54475021362305,50.040000915527344,0.0,50.130001068115234,47.849998474121094,48.029998779296875,0.0,7718900
2021-04-22,41.0632209777832,49.459999084472656,0.0,50.08000183105469,49.189998626708984,50.040000915527344,0.0,6582700
2021-04-23,41.279075622558594,49.720001220703125,0.0,50.0,49.15999984741211,49.43000030517578,0.0,5670100
2021-04-26,41.71908950805664,50.25,0.0,50.91999816894531,49.599998474121094,49.63999938964844,0.0,6642400
2021-04-27,42.59083557128906,51.29999923706055,0.0,51.689998626708984,50.2599983215332,50.439998626708984,0.0,8309600
2021-04-28,44.035438537597656,53.040000915527344,0.0,53.349998474121094,51.66999816894531,51.70000076293945,0.0,8897100
2021-04-29,44.11015701293945,53.130001068115234,0.0,54.5,52.849998474121094,54.0,0.0,9446900
2021-04-30,42.4580078125,51.13999938964844,0.0,53.0099983215332,50.970001220703125,52.18000030517578,0.0,9448200
2021-05-03,43.786373138427734,52.7400016784668,0.0,52.93000030517578,51.560001373291016,51.91999816894531,0.0,9325100
2021-05-04,43.645233154296875,52.56999969482422,0.0,53.029998779296875,51.63999938964844,51.72999954223633,0.0,12834300
2021-05-05,46.027992248535156,55.439998626708984,0.0,55.66999816894531,53.220001220703125,54.349998474121094,0.0,12715300
2021-05-06,46.243858337402344,55.70000076293945,0.0,55.720001220703125,53.689998626708984,55.5,0.0,9648200
2021-05-07,47.406185150146484,57.099998474121094,0.0,57.34000015258789,54.81999969482422,55.06999969482422,0.0,9645500
2021-05-10,47.323150634765625,57.0,0.0,59.34000015258789,56.959999084472656,58.209999084472656,0.0,8801700
2021-05-11,46.260459899902344,55.720001220703125,0.0,56.720001220703125,55.150001525878906,55.790000915527344,0.0,9741400
2021-05-12,46.235557556152344,55.689998626708984,0.0,57.709999084472656,55.459999084472656,56.11000061035156,0.0,7925100
2021-05-13,45.38212966918945,54.2400016784668,0.43,55.43000030517578,53.56999969482422,54.61000061035156,0.0,7581500
2021-05-14,47.2897834777832,56.52000045776367,0.0,56.650001525878906,55.029998779296875,55.040000915527344,0.0,6419900
2021-05-17,48.77910232543945,58.29999923706055,0.0,58.33000183105469,56.06999969482422,56.06999969482422,0.0,11441900
2021-05-18,47.93404769897461,57.290000915527344,0.0,58.63999938964844,56.959999084472656,58.27000045776367,0.0,10322000
2021-05-19,46.5032958984375,55.58000183105469,0.0,56.529998779296875,54.81999969482422,55.939998626708984,0.0,9406200
2021-05-20,46.34431076049805,55.38999938964844,0.0,55.65999984741211,54.630001068115234,55.650001525878906,0.0,8798800
2021-05-21,46.561866760253906,55.650001525878906,0.0,56.43000030517578,55.56999969482422,56.060001373291016,0.0,6032300
2021-05-24,46.9383659362793,56.099998474121094,0.0,56.2599983215332,55.2599983215332,56.119998931884766,0.0,6372800
2021-05-25,45.917606353759766,54.880001068115234,0.0,56.380001068115234,54.77000045776367,56.0,0.0,8090600
2021-05-26,46.369415283203125,55.41999816894531,0.0,55.560001373291016,54.66999816894531,55.06999969482422,0.0,6716000
2021-05-27,46.46146774291992,55.529998779296875,0.0,56.31999969482422,55.119998931884766,55.72999954223633,0.0,7484100
2021-05-28,46.63716506958008,55.7400016784668,0.0,55.95000076293945,55.31999969482422,55.79999923706055,0.0,5745400
2021-06-01,48.75399398803711,58.27000045776367,0.0,58.47999954223633,57.04999923706055,57.08000183105469,0.0,9943600
2021-06-02,49.35641098022461,58.9900016784668,0.0,59.40999984741211,57.7400016784668,58.65999984741211,0.0,6103300
2021-06-03,49.75802230834961,59.470001220703125,0.0,60.0,58.560001373291016,58.720001220703125,0.0,8280800
2021-06-04,50.075958251953125,59.849998474121094,0.0,60.130001068115234,58.900001525878906,59.81999969482422,0.0,6504800
2021-06-07,50.042503356933594,59.810001373291016,0.0,60.529998779296875,59.59000015258789,59.810001373291016,0.0,5405100
2021-06-08,50.59471893310547,60.470001220703125,0.0,60.619998931884766,58.630001068115234,59.43000030517578,0.0,7345200
2021-06-09,49.933719635009766,59.68000030517578,0.0,60.880001068115234,59.58000183105469,60.630001068115234,0.0,7026300
2021-06-10,50.34369659423828,60.16999816894531,0.0,61.279998779296875,59.279998779296875,61.0099983215332,0.0,9396000
2021-06-11,50.176368713378906,59.970001220703125,0.0,60.93000030517578,59.79999923706055,60.5,0.0,8117000
2021-06-14,50.460845947265625,60.310001373291016,0.0,61.06999969482422,59.849998474121094,60.650001525878906,0.0,7744300
2021-06-15,51.18040466308594,61.16999816894531,0.0,61.560001373291016,60.470001220703125,60.70000076293945,0.0,7835700
2021-06-16,51.14693069458008,61.130001068115234,0.0,61.779998779296875,60.560001373291016,61.09000015258789,0.0,9745800
2021-06-17,49.37314987182617,59.0099983215332,0.0,61.56999969482422,58.54999923706055,60.900001525878906,0.0,13667200
2021-06-18,48.13483810424805,57.529998779296875,0.0,59.209999084472656,57.47999954223633,57.880001068115234,0.0,18583800
2021-06-21,50.577980041503906,60.45000076293945,0.0,60.529998779296875,58.209999084472656,58.22999954223633,0.0,8234300
2021-06-22,50.86245346069336,60.790000915527344,0.0,61.119998931884766,59.63999938964844,60.150001525878906,0.0,6745100
2021-06-23,50.83735275268555,60.7599983215332,0.0,62.349998474121094,60.75,61.099998474121094,0.0,8184000
2021-06-24,51.364463806152344,61.38999938964844,0.0,61.5099983215332,60.31999969482422,60.970001220703125,0.0,6424400
2021-06-25,51.29753112792969,61.310001373291016,0.0,61.75,61.02000045776367,61.70000076293945,0.0,8099200
2021-06-28,49.858436584472656,59.59000015258789,0.0,61.16999816894531,59.369998931884766,61.119998931884766,0.0,7647300
2021-06-29,49.40660858154297,59.04999923706055,0.0,60.20000076293945,58.84000015258789,60.099998474121094,0.0,6437000
2021-06-30,50.95448303222656,60.900001525878906,0.0,60.95000076293945,59.810001373291016,60.47999954223633,0.0,9309600
2021-07-01,52.611141204833984,62.880001068115234,0.0,63.56999969482422,62.349998474121094,62.689998626708984,0.0,11637200
2021-07-02,52.50236892700195,62.75,0.0,63.16999816894531,61.59000015258789,62.459999084472656,0.0,7635000
2021-07-06,50.43573760986328,60.279998779296875,0.0,62.88999938964844,60.209999084472656,62.779998779296875,0.0,11699400
2021-07-07,49.37314987182617,59.0099983215332,0.0,60.779998779296875,58.630001068115234,60.0,0.0,8239600
2021-07-08,49.54047393798828,59.209999084472656,0.0,59.63999938964844,57.9900016784668,58.25,0.0,10551500
2021-07-09,50.31022644042969,60.130001068115234,0.0,60.459999084472656,59.34000015258789,59.75,0.0,6973700
2021-07-12,50.03412628173828,59.79999923706055,0.0,60.439998626708984,58.72999954223633,58.90999984741211,0.0,6063100
2021-07-13,49.7496452331543,59.459999084472656,0.0,59.9900016784668,58.79999923706055,59.4900016784668,0.0,6510400
2021-07-14,48.251976013183594,57.66999816894531,0.0,60.61000061035156,57.34000015258789,59.88999938964844,0.0,8489600
2021-07-15,47.75832748413086,57.08000183105469,0.0,58.220001220703125,56.790000915527344,57.0,0.0,8723300
2021-07-16,46.43634796142578,55.5,0.0,57.900001525878906,55.310001373291016,57.70000076293945,0.0,8805300
2021-07-19,44.93031311035156,53.70000076293945,0.0,54.29999923706055,52.81999969482422,53.43000030517578,0.0,13342100
2021-07-20,45.57457733154297,54.470001220703125,0.0,55.25,53.279998779296875,53.5,0.0,9358200
2021-07-21,47.708126068115234,57.02000045776367,0.0,57.41999816894531,55.61000061035156,55.72999954223633,0.0,9378000
2021-07-22,47.41529083251953,56.66999816894531,0.0,57.209999084472656,56.18000030517578,57.02000045776367,0.0,6765500
2021-07-23,46.65650939941406,55.34000015258789,0.43,56.279998779296875,54.7400016784668,56.0,0.0,10623800
2021-07-26,47.94642639160156,56.869998931884766,0.0,57.349998474121094,55.56999969482422,55.709999084472656,0.0,8756300
2021-07-27,47.49116134643555,56.33000183105469,0.0,56.619998931884766,55.34000015258789,56.15999984741211,0.0,7363600
2021-07-28,47.81996154785156,56.720001220703125,0.0,57.150001525878906,55.810001373291016,56.47999954223633,0.0,6167200
2021-07-29,48.123470306396484,57.08000183105469,0.0,57.84000015258789,56.86000061035156,57.41999816894531,0.0,6306400
2021-07-30,47.26353073120117,56.060001373291016,0.0,56.900001525878906,55.720001220703125,56.7599983215332,0.0,8660100
2021-08-02,46.69023513793945,55.380001068115234,0.0,57.7599983215332,55.33000183105469,56.529998779296875,0.0,8469500
2021-08-03,47.75251770019531,56.63999938964844,0.0,56.77000045776367,54.5099983215332,55.09000015258789,0.0,9888200
2021-08-04,46.31084442138672,54.93000030517578,0.0,56.5,54.90999984741211,55.33000183105469,0.0,7629600
2021-08-05,47.1707878112793,55.95000076293945,0.0,56.619998931884766,55.04999923706055,55.459999084472656,0.0,6573100
2021-08-06,47.63448715209961,56.5,0.0,57.16999816894531,56.099998474121094,56.59000015258789,0.0,5038900
2021-08-09,46.74924850463867,55.45000076293945,0.0,56.16999816894531,55.22999954223633,55.66999816894531,0.0,5410600
2021-08-10,47.61762619018555,56.47999954223633,0.0,56.779998779296875,55.7599983215332,55.849998474121094,0.0,6781800
2021-08-11,48.216217041015625,57.189998626708984,0.0,57.36000061035156,55.95000076293945,56.380001068115234,0.0,6071800
2021-08-12,48.08975601196289,57.040000915527344,0.0,57.58000183105469,56.529998779296875,57.13999938964844,0.0,4729200
2021-08-13,47.187652587890625,55.970001220703125,0.0,57.22999954223633,55.849998474121094,56.95000076293945,0.0,7399800
2021-08-16,46.209659576416016,54.810001373291016,0.0,55.58000183105469,54.599998474121094,55.220001220703125,0.0,7464600
2021-08-17,45.96516799926758,54.52000045776367,0.0,55.439998626708984,54.25,54.40999984741211,0.0,6497900
2021-08-18,45.13051223754883,53.529998779296875,0.0,55.060001373291016,53.459999084472656,54.380001068115234,0.0,6647700
2021-08-19,44.21155548095703,52.439998626708984,0.0,52.97999954223633,51.40999984741211,52.66999816894531,0.0,11306400
2021-08-20,44.489768981933594,52.77000045776367,0.0,52.9900016784668,51.59000015258789,51.869998931884766,0.0,7068200
2021-08-23,46.192813873291016,54.790000915527344,0.0,55.130001068115234,54.02000045776367,54.150001525878906,0.0,8022200
2021-08-24,46.715518951416016,55.40999984741211,0.0,55.689998626708984,54.63999938964844,55.18000030517578,0.0,6245500
2021-08-25,47.229801177978516,56.02000045776367,0.0,56.38999938964844,55.04999923706055,55.45000076293945,0.0,6125200
2021-08-26,46.47945785522461,55.130001068115234,0.0,56.09000015258789,54.959999084472656,55.75,0.0,5209000
2021-08-27,47.83683395385742,56.7400016784668,0.0,57.119998931884766,55.52000045776367,55.790000915527344,0.0,6549100
2021-08-30,47.38156509399414,56.20000076293945,0.0,57.13999938964844,56.18000030517578,56.97999954223633,0.0,4838600
2021-08-31,46.81669998168945,55.529998779296875,0.0,56.33000183105469,55.29999923706055,55.75,0.0,10500500
2021-09-01,46.07477951049805,54.650001525878906,0.0,55.91999816894531,54.41999816894531,55.560001373291016,0.0,9319800
2021-09-02,47.71879959106445,56.599998474121094,0.0,56.97999954223633,55.209999084472656,55.2599983215332,0.0,6696600
2021-09-03,47.4152946472168,56.2400016784668,0.0,56.95000076293945,55.939998626708984,56.34000015258789,0.0,7954200
2021-09-07,47.196083068847656,55.97999954223633,0.0,56.47999954223633,55.31999969482422,55.88999938964844,0.0,6632600
2021-09-08,46.605926513671875,55.279998779296875,0.0,56.61000061035156,55.189998626708984,56.31999969482422,0.0,5228900
2021-09-09,46.858856201171875,55.58000183105469,0.0,56.540000915527344,54.83000183105469,55.150001525878906,0.0,6285800
2021-09-10,46.98530960083008,55.72999954223633,0.0,56.7400016784668,55.459999084472656,56.61000061035156,0.0,5055200
2021-09-13,48.5534553527832,57.59000015258789,0.0,58.08000183105469,56.56999969482422,56.56999969482422,0.0,8456500
2021-09-14,48.00544357299805,56.939998626708984,0.0,58.290000915527344,56.61000061035156,58.220001220703125,0.0,7880700
2021-09-15,50.01199722290039,59.31999969482422,0.0,59.459999084472656,58.060001373291016,58.09000015258789,0.0,10766000
2021-09-16,49.93611526489258,59.22999954223633,0.0,59.65999984741211,58.7599983215332,59.279998779296875,0.0,8773100
2021-09-17,49.67475891113281,58.91999816894531,0.0,59.90999984741211,58.779998779296875,59.06999969482422,0.0,13741300
2021-09-20,48.11505126953125,57.06999969482422,0.0,58.0099983215332,56.29999923706055,57.4900016784668,0.0,10001800
2021-09-21,50.02043914794922,59.33000183105469,0.0,59.83000183105469,57.720001220703125,58.470001220703125,0.0,13923100
2021-09-22,52.49067306518555,62.2599983215332,0.0,62.88999938964844,60.209999084472656,60.209999084472656,0.0,15753000
2021-09-23,53.713157653808594,63.709999084472656,0.0,64.12000274658203,62.25,62.25,0.0,11886800
2021-09-24,54.817596435546875,65.0199966430664,0.0,65.69000244140625,63.540000915527344,63.790000915527344,0.0,11128300
2021-09-27,56.24242401123047,66.70999908447266,0.0,66.94999694824219,65.80000305175781,66.69999694824219,0.0,13508700
2021-09-28,57.16138458251953,67.80000305175781,0.0,68.63999938964844,67.16999816894531,67.55000305175781,0.0,14995200
2021-09-29,57.363731384277344,68.04000091552734,0.0,68.4800033569336,66.61000061035156,67.62999725341797,0.0,10563700
2021-09-30,57.13610076904297,67.7699966430664,0.0,68.88999938964844,67.72000122070312,68.22000122070312,0.0,15845900
2021-10-01,59.10049057006836,70.0999984741211,0.0,70.33000183105469,68.30999755859375,68.37999725341797,0.0,13482300
2021-10-04,60.272377014160156,71.48999786376953,0.0,72.61000061035156,70.62999725341797,70.8499984741211,0.0,12423500
2021-10-05,60.47473907470703,71.7300033569336,0.0,72.86000061035156,70.70999908447266,72.0999984741211,0.0,11270100
2021-10-06,60.54217529296875,71.80999755859375,0.0,72.11000061035156,69.79000091552734,70.4000015258789,0.0,10613500
2021-10-07,60.28924560546875,71.51000213623047,0.0,72.12999725341797,70.61000061035156,72.01000213623047,0.0,11521300
2021-10-08,63.1641731262207,74.91999816894531,0.0,75.0999984741211,72.19000244140625,72.19000244140625,0.0,12310500
2021-10-11,62.363243103027344,73.97000122070312,0.0,75.5199966430664,73.75,75.12999725341797,0.0,9585200
2021-10-12,61.89112091064453,73.41000366210938,0.0,74.61000061035156,73.0199966430664,74.13999938964844,0.0,7635600
2021-10-13,61.739356994628906,73.2300033569336,0.0,73.76000213623047,71.45999908447266,72.44999694824219,0.0,8517500
2021-10-14,62.26207733154297,73.8499984741211,0.0,74.61000061035156,72.83999633789062,74.29000091552734,0.0,8152600
2021-10-15,62.50656509399414,74.13999938964844,0.0,74.93000030517578,74.12999725341797,74.62999725341797,0.0,6945100
2021-10-18,62.810081481933594,74.5,0.0,75.75,74.12999725341797,74.7699966430664,0.0,9917700
2021-10-19,63.501407623291016,75.31999969482422,0.0,75.8499984741211,74.37999725341797,74.83999633789062,0.0,6589400
2021-10-20,64.09156036376953,76.0199966430664,0.0,76.0999984741211,74.54000091552734,74.72000122070312,0.0,5506000
2021-10-21,62.88595199584961,74.58999633789062,0.0,75.6500015258789,74.11000061035156,75.6500015258789,0.0,5836300
2021-10-22,63.838645935058594,75.72000122070312,0.0,76.08000183105469,74.98999786376953,75.12000274658203,0.0,7170200
2021-10-25,64.5130844116211,76.5199966430664,0.0,77.9800033569336,76.19999694824219,76.55999755859375,0.0,7471200
2021-10-26,64.9430923461914,77.02999877929688,0.0,77.62999725341797,76.47000122070312,76.69000244140625,0.0,5898200
2021-10-27,63.128028869628906,74.43000030517578,0.46,76.66000366210938,74.25,75.55999755859375,0.0,9025600
2021-10-28,63.738704681396484,75.1500015258789,0.0,75.33999633789062,74.12000274658203,74.37000274658203,0.0,5195900
2021-10-29,63.17891311645508,74.48999786376953,0.0,75.30000305175781,73.97000122070312,74.43000030517578,0.0,8079300
2021-11-01,63.26375198364258,74.58999633789062,0.0,75.41000366210938,74.41999816894531,74.94999694824219,0.0,11944600
2021-11-02,61.94062805175781,73.02999877929688,0.0,75.25,72.80999755859375,74.54000091552734,0.0,10891900
2021-11-03,61.69465637207031,72.73999786376953,0.0,73.69000244140625,72.25,72.6500015258789,0.0,9311800
2021-11-04,62.17811584472656,73.30999755859375,0.0,74.77999877929688,72.87000274658203,74.0,0.0,8573500
2021-11-05,63.9931526184082,75.44999694824219,0.0,75.80999755859375,73.91999816894531,74.55999755859375,0.0,6987600
2021-11-08,64.40028381347656,75.93000030517578,0.0,77.1500015258789,75.45999908447266,75.66999816894531,0.0,6957700
2021-11-09,64.24759674072266,75.75,0.0,75.98999786376953,74.72000122070312,75.80999755859375,0.0,6049800
2021-11-10,61.91519546508789,73.0,0.0,74.97000122070312,72.93000030517578,74.5,0.0,7484700
2021-11-11,61.18577575683594,72.13999938964844,0.0,73.66000366210938,71.98999786376953,73.30000305175781,0.0,7784500
2021-11-12,61.37236022949219,72.36000061035156,0.0,72.54000091552734,71.5,71.58999633789062,0.0,5329600
2021-11-15,61.67769241333008,72.72000122070312,0.0,73.38999938964844,71.73999786376953,72.2300033569336,0.0,6181400
2021-11-16,61.60983657836914,72.63999938964844,0.0,73.80999755859375,72.56999969482422,73.0,0.0,7451100
2021-11-17,61.041587829589844,71.97000122070312,0.0,73.93000030517578,71.7300033569336,72.12000274658203,0.0,7628600
2021-11-18,61.67769241333008,72.72000122070312,0.0,73.20999908447266,71.61000061035156,72.12000274658203,0.0,6548800
2021-11-19,59.03995132446289,69.61000061035156,0.0,71.30000305175781,69.41000366210938,70.91999816894531,0.0,8817100
2021-11-22,60.97373580932617,71.88999938964844,0.0,72.83000183105469,69.61000061035156,69.63999938964844,0.0,7445600
2021-11-23,62.576751708984375,73.77999877929688,0.0,74.72000122070312,72.83999633789062,72.91000366210938,0.0,9107200
2021-11-24,63.467308044433594,74.83000183105469,0.0,75.48999786376953,73.19999694824219,73.2300033569336,0.0,7215800
2021-11-26,60.625999450683594,71.4800033569336,0.0,71.62000274658203,69.33999633789062,70.52999877929688,0.0,10258700
2021-11-29,61.19424057006836,72.1500015258789,0.0,74.69999694824219,71.94999694824219,73.4800033569336,0.0,9191600
2021-11-30,59.48098373413086,70.12999725341797,0.0,72.23999786376953,70.01000213623047,70.69000244140625,0.0,15723700
2021-12-01,58.69218444824219,69.19999694824219,0.0,72.18000030517578,69.1500015258789,72.01000213623047,0.0,10070500
2021-12-02,60.439388275146484,71.26000213623047,0.0,71.6500015258789,68.23999786376953,69.19000244140625,0.0,8410900
2021-12-03,60.31216812133789,71.11000061035156,0.0,72.94000244140625,70.18000030517578,72.16999816894531,0.0,6995700
2021-12-06,61.7540283203125,72.80999755859375,0.0,73.51000213623047,71.62999725341797,72.5,0.0,6200100
2021-12-07,63.246795654296875,74.56999969482422,0.0,75.95999908447266,74.0999984741211,74.16000366210938,0.0,8136600
2021-12-08,62.856632232666016,74.11000061035156,0.0,75.37000274658203,73.58999633789062,74.62000274658203,0.0,6313200
2021-12-09,61.533504486083984,72.55000305175781,0.0,73.95999908447266,72.45999908447266,73.95999908447266,0.0,6511600
2021-12-10,62.330772399902344,73.48999786376953,0.0,73.6500015258789,71.58999633789062,73.38999938964844,0.0,6065000
2021-12-13,60.235843658447266,71.0199966430664,0.0,73.12999725341797,70.5199966430664,72.87000274658203,0.0,5719100
2021-12-14,59.947479248046875,70.68000030517578,0.0,71.73999786376953,70.02999877929688,70.55999755859375,0.0,6669300
2021-12-15,59.97291564941406,70.70999908447266,0.0,71.22000122070312,68.66999816894531,70.61000061035156,0.0,6805600
2021-12-16,60.81256866455078,71.69999694824219,0.0,73.05999755859375,71.31999969482422,71.7300033569336,0.0,7068200
2021-12-17,58.1917724609375,68.61000061035156,0.0,71.0999984741211,68.5,70.9000015258789,0.0,22913100
2021-12-20,58.18331527709961,68.5999984741211,0.0,68.63999938964844,66.05999755859375,67.05000305175781,0.0,11485000
2021-12-21,59.947479248046875,70.68000030517578,0.0,70.83999633789062,69.30000305175781,69.43000030517578,0.0,6324800
2021-12-22,60.28673553466797,71.08000183105469,0.0,71.62000274658203,69.86000061035156,70.5,0.0,3775100
2021-12-23,60.38002014160156,71.19000244140625,0.0,72.13999938964844,71.04000091552734,71.29000091552734,0.0,3902700
2021-12-27,62.09329605102539,73.20999908447266,0.0,73.25,70.45999908447266,71.19000244140625,0.0,3967800
2021-12-28,62.0169563293457,73.12000274658203,0.0,73.91999816894531,72.88999938964844,73.41000366210938,0.0,3383700
2021-12-29,61.847328186035156,72.91999816894531,0.0,73.77999877929688,72.44000244140625,73.26000213623047,0.0,3947300
2021-12-30,61.30451202392578,72.27999877929688,0.0,73.69999694824219,72.19999694824219,73.08000183105469,0.0,3340200
2021-12-31,61.389564514160156,72.18000030517578,0.2,72.66999816894531,71.68000030517578,71.80999755859375,0.0,3453900
2022-01-03,62.741851806640625,73.7699966430664,0.0,73.95999908447266,72.0199966430664,72.02999877929688,0.0,5769900
2022-01-04,65.46348571777344,76.97000122070312,0.0,77.37999725341797,74.27999877929688,74.55999755859375,0.0,9189300
2022-01-05,64.34082794189453,75.6500015258789,0.0,78.2699966430664,75.5199966430664,77.9800033569336,0.0,9034500
2022-01-06,66.75625610351562,78.48999786376953,0.0,78.79000091552734,76.9000015258789,77.81999969482422,0.0,8679000
2022-01-07,68.5848388671875,80.63999938964844,0.0,80.93000030517578,78.37999725341797,78.87000274658203,0.0,10838800
2022-01-10,68.91654205322266,81.02999877929688,0.0,81.16000366210938,79.20999908447266,80.6500015258789,0.0,9125400
2022-01-11,71.09384155273438,83.58999633789062,0.0,83.7699966430664,80.62999725341797,81.61000061035156,0.0,8510600
2022-01-12,71.78275299072266,84.4000015258789,0.0,84.54000091552734,83.0999984741211,84.0,0.0,7740100
2022-01-13,71.11935424804688,83.62000274658203,0.0,84.86000061035156,83.19000244140625,83.94000244140625,0.0,6814000
2022-01-14,73.7729263305664,86.73999786376953,0.0,86.87000274658203,83.87000274658203,84.22000122070312,0.0,7946600
2022-01-18,74.4278335571289,87.51000213623047,0.0,89.11000061035156,85.81999969482422,88.0,0.0,10782900
2022-01-19,74.23221588134766,87.27999877929688,0.0,88.44000244140625,85.72000122070312,87.88999938964844,0.0,7370100
2022-01-20,72.82887268066406,85.62999725341797,0.0,88.47000122070312,85.4000015258789,86.05000305175781,0.0,7707700
2022-01-21,70.3539047241211,82.72000122070312,0.0,85.11000061035156,82.1500015258789,84.91000366210938,0.0,10625600
2022-01-24,70.60905456542969,83.0199966430664,0.0,83.44999694824219,78.77999877929688,80.69999694824219,0.0,9505400
2022-01-25,74.08763885498047,87.11000061035156,0.0,87.26000213623047,81.31999969482422,83.12000274658203,0.0,8514800
2022-01-26,74.04511260986328,87.05999755859375,0.0,89.19000244140625,86.36000061035156,88.72000122070312,0.0,9416400
2022-01-27,76.25641632080078,89.66000366210938,0.0,89.73999786376953,87.80999755859375,88.94999694824219,0.0,9624600
2022-01-28,75.8822021484375,89.22000122070312,0.0,89.72000122070312,87.69999694824219,87.9800033569336,0.0,11561400
2022-01-31,75.37188720703125,88.62000274658203,0.0,89.43000030517578,86.91999816894531,88.77999877929688,0.0,7539800
2022-02-01,77.8553695678711,91.54000091552734,0.0,91.88999938964844,87.22000122070312,87.4000015258789,0.0,9424900
2022-02-02,78.42520904541016,92.20999908447266,0.0,92.61000061035156,88.9800033569336,90.44999694824219,0.0,8803400
2022-02-03,77.2855453491211,90.87000274658203,0.0,92.94999694824219,89.47000122070312,92.77999877929688,0.0,13258500
2022-02-04,78.13602447509766,91.87000274658203,0.0,94.93000030517578,91.75,92.0,0.0,12035300
2022-02-07,79.04608917236328,92.94000244140625,0.0,94.2300033569336,89.68000030517578,90.41999816894531,0.0,8420600
2022-02-08,77.67676544189453,91.33000183105469,0.0,93.1500015258789,90.0,91.94999694824219,0.0,7481500
2022-02-09,79.05459594726562,92.94999694824219,0.0,94.04000091552734,91.25,91.52999877929688,0.0,6973200
2022-02-10,78.17003631591797,91.91000366210938,0.0,94.33000183105469,91.29000091552734,92.23999786376953,0.0,7149900
2022-02-11,79.9394760131836,93.5199966430664,0.46,93.69000244140625,91.3499984741211,91.83999633789062,0.0,9580800
2022-02-14,78.25553894042969,91.55000305175781,0.0,92.72000122070312,90.20999908447266,92.5,0.0,7274400
2022-02-15,76.6570816040039,89.68000030517578,0.0,89.91999816894531,87.7300033569336,88.68000030517578,0.0,8379300
2022-02-16,77.1101303100586,90.20999908447266,0.0,91.9000015258789,89.63999938964844,89.7699966430664,0.0,6854400
2022-02-17,77.92218017578125,91.16000366210938,0.0,91.8499984741211,90.16000366210938,90.16000366210938,0.0,6842800
2022-02-18,76.61433410644531,89.62999725341797,0.0,90.63999938964844,88.69999694824219,89.61000061035156,0.0,6574800
2022-02-22,75.07575225830078,87.83000183105469,0.0,92.8499984741211,86.41999816894531,92.7300033569336,0.0,9267500
2022-02-23,75.41764068603516,88.2300033569336,0.0,89.4800033569336,87.3499984741211,88.0,0.0,7355000
2022-02-24,74.9902572631836,87.7300033569336,0.0,90.25,85.29000091552734,90.0,0.0,11509300
2022-02-25,78.01618957519531,91.2699966430664,0.0,91.5199966430664,87.81999969482422,88.37999725341797,0.0,10563000
2022-02-28,81.08488464355469,94.86000061035156,0.0,95.06999969482422,89.8499984741211,90.66999816894531,0.0,15096000
2022-03-01,82.87992095947266,96.95999908447266,0.0,98.45999908447266,94.80000305175781,95.8499984741211,0.0,14453500
2022-03-02,83.8031005859375,98.04000091552734,0.0,99.97000122070312,97.19000244140625,98.37000274658203,0.0,16168000
2022-03-03,83.26457977294922,97.41000366210938,0.0,98.19000244140625,95.62999725341797,97.19999694824219,0.0,8704900
2022-03-04,85.7092514038086,100.2699966430664,0.0,100.33999633789062,97.44000244140625,97.61000061035156,0.0,10977300
2022-03-07,86.56403350830078,101.2699966430664,0.0,103.7699966430664,99.12000274658203,101.48999786376953,0.0,13788800
2022-03-08,84.45272827148438,98.80000305175781,0.0,104.44000244140625,95.86000061035156,101.51000213623047,0.0,17231400
2022-03-09,82.23883056640625,96.20999908447266,0.0,98.72000122070312,92.76000213623047,95.36000061035156,0.0,12656200
2022-03-10,85.23912811279297,99.72000122070312,0.0,99.83000183105469,96.44000244140625,97.27999877929688,0.0,9481000
2022-03-11,84.1193618774414,98.41000366210938,0.0,101.05999755859375,98.16000366210938,98.83000183105469,0.0,7666500
2022-03-14,82.5294418334961,96.55000305175781,0.0,97.55000305175781,94.20999908447266,97.37999725341797,0.0,10532200
2022-03-15,81.24728393554688,95.05000305175781,0.0,95.81999969482422,92.31999969482422,92.86000061035156,0.0,8863600
2022-03-16,81.05067443847656,94.81999969482422,0.0,95.76000213623047,94.0999984741211,95.19999694824219,0.0,9314200
2022-03-17,84.4783706665039,98.83000183105469,0.0,99.06999969482422,96.51000213623047,96.6500015258789,0.0,8868300
2022-03-18,85.13654327392578,99.5999984741211,0.0,100.1500015258789,98.47000122070312,99.11000061035156,0.0,16146900
2022-03-21,87.83767700195312,102.76000213623047,0.0,103.97000122070312,100.87000274658203,101.16999816894531,0.0,8107400
2022-03-22,86.99143981933594,101.7699966430664,0.0,102.87000274658203,100.31999969482422,102.66999816894531,0.0,6377500
2022-03-23,89.21387481689453,104.37000274658203,0.0,105.0199966430664,103.19000244140625,103.22000122070312,0.0,7681500
2022-03-24,89.35919189453125,104.54000091552734,0.0,105.8499984741211,103.75,104.97000122070312,0.0,6192500
2022-03-25,91.88933563232422,107.5,0.0,107.5199966430664,103.81999969482422,104.16999816894531,0.0,7833800
2022-03-28,88.47020721435547,103.5,0.0,105.13999938964844,103.01000213623047,105.05999755859375,0.0,6091100
2022-03-29,86.06828308105469,100.69000244140625,0.0,100.94000244140625,97.83999633789062,99.98999786376953,0.0,10977600
2022-03-30,86.67697143554688,101.0999984741211,0.3,102.76000213623047,100.5999984741211,101.33999633789062,0.0,6069200
2022-03-31,85.73388671875,100.0,0.0,102.44999694824219,99.4000015258789,100.0,0.0,9777900
2022-04-01,86.23117065429688,100.58000183105469,0.0,101.66000366210938,99.27999877929688,100.1500015258789,0.0,6934100
2022-04-04,86.20545196533203,100.55000305175781,0.0,101.91000366210938,99.62000274658203,101.41000366210938,0.0,4946500
2022-04-05,84.06208038330078,98.05000305175781,0.0,101.66000366210938,97.9000015258789,100.8499984741211,0.0,5708100
2022-04-06,83.62484741210938,97.54000091552734,0.0,100.16999816894531,96.81999969482422,99.75,0.0,5680000
2022-04-07,85.69960021972656,99.95999908447266,0.0,100.19999694824219,96.91000366210938,98.7300033569336,0.0,6285300
2022-04-08,88.34879302978516,103.05000305175781,0.0,103.30999755859375,100.52999877929688,100.69000244140625,0.0,6175200
2022-04-11,84.00209045410156,97.9800033569336,0.0,102.0,97.79000091552734,101.9000015258789,0.0,7002200
2022-04-12,85.73388671875,100.0,0.0,101.87999725341797,99.41000366210938,100.05000305175781,0.0,7412100
2022-04-13,85.93109893798828,100.2300033569336,0.0,101.7300033569336,98.91999816894531,101.08000183105469,0.0,7365100
2022-04-14,86.90845489501953,101.37000274658203,0.0,102.37999725341797,99.83999633789062,100.19000244140625,0.0,6337800
2022-04-18,88.70889282226562,103.47000122070312,0.0,104.11000061035156,101.69999694824219,102.70999908447266,0.0,4867000
2022-04-19,87.07135009765625,101.55999755859375,0.0,103.58000183105469,101.0199966430664,102.83000183105469,0.0,5331700
2022-04-20,88.02301025390625,102.66999816894531,0.0,103.47000122070312,101.37999725341797,102.0999984741211,0.0,6059200
2022-04-21,84.59364318847656,98.66999816894531,0.0,103.76000213623047,98.30999755859375,103.12000274658203,0.0,6290600
2022-04-22,82.3131103515625,96.01000213623047,0.0,99.44999694824219,95.7699966430664,97.87000274658203,0.0,6483900
2022-04-25,78.58368682861328,91.66000366210938,0.0,93.41999816894531,88.80000305175781,93.0,0.0,11913400
2022-04-26,78.29220581054688,91.31999969482422,0.0,94.29000091552734,91.30000305175781,92.51000213623047,0.0,5970100
2022-04-27,79.78396606445312,93.05999755859375,0.0,93.93000030517578,88.7699966430664,91.72000122070312,0.0,6765800
2022-04-28,83.63343048095703,97.55000305175781,0.0,98.45999908447266,91.19999694824219,93.04000091552734,0.0,9520600
2022-04-29,81.89302062988281,95.5199966430664,0.0,98.80999755859375,94.91999816894531,97.75,0.0,8777700
2022-05-02,82.23596954345703,95.91999816894531,0.0,96.05000305175781,92.58000183105469,94.2699966430664,0.0,6980500
2022-05-03,84.81658172607422,98.93000030517578,0.0,99.52999877929688,96.13999938964844,96.68000030517578,0.0,5748000
2022-05-04,89.04322814941406,103.86000061035156,0.0,104.19000244140625,99.11000061035156,101.0,0.0,7989800
2022-05-05,88.18590545654297,102.86000061035156,0.0,106.58999633789062,100.52999877929688,104.58999633789062,0.0,10593000
2022-05-06,92.32685089111328,107.69000244140625,0.0,107.70999908447266,102.80000305175781,104.16999816894531,0.0,9213100
2022-05-09,83.3333511352539,97.19999694824219,0.0,105.5,96.4800033569336,105.16999816894531,0.0,9750900
2022-05-10,84.01922607421875,98.0,0.0,101.5199966430664,95.97000122070312,98.87999725341797,0.0,7845900
2022-05-11,84.9108657836914,99.04000091552734,0.0,102.88999938964844,98.80000305175781,99.70999908447266,0.0,6651600
2022-05-12,85.39096069335938,99.5999984741211,0.0,99.66000366210938,95.47000122070312,98.44999694824219,0.0,7244400
2022-05-13,88.22874450683594,102.91000366210938,0.0,103.80999755859375,100.69999694824219,100.83000183105469,0.0,6549900
2022-05-16,90.85537719726562,105.5,0.46,107.08999633789062,102.63999938964844,103.08000183105469,0.0,7990600
2022-05-17,92.16437530517578,107.0199966430664,0.0,108.30000305175781,105.70999908447266,107.08000183105469,0.0,6577500
2022-05-18,89.97697448730469,104.4800033569336,0.0,108.0999984741211,102.76000213623047,107.72000122070312,0.0,8957000
2022-05-19,90.08894348144531,104.61000061035156,0.0,106.70999908447266,101.83000183105469,101.83000183105469,0.0,6784100
2022-05-20,90.4420166015625,105.0199966430664,0.0,107.55000305175781,102.19000244140625,105.12999725341797,0.0,6717700
2022-05-23,93.88675689697266,109.0199966430664,0.0,109.43000030517578,105.7699966430664,106.04000091552734,0.0,8646900
2022-05-24,94.28292083740234,109.4800033569336,0.0,109.9800033569336,106.30000305175781,107.94999694824219,0.0,6859100
2022-05-25,95.76416778564453,111.19999694824219,0.0,111.52999877929688,109.55000305175781,109.94999694824219,0.0,6707000
2022-05-26,97.44347381591797,113.1500015258789,0.0,114.5999984741211,112.18000030517578,112.62999725341797,0.0,6159000
2022-05-27,98.69220733642578,114.5999984741211,0.0,114.5999984741211,111.87000274658203,112.1500015258789,0.0,6788700
2022-05-31,96.76313781738281,112.36000061035156,0.0,117.98999786376953,111.31999969482422,116.2300033569336,0.0,17278500
2022-06-01,99.68256378173828,115.75,0.0,117.30000305175781,114.18000030517578,114.36000061035156,0.0,7246600
2022-06-02,99.00224304199219,114.95999908447266,0.0,115.94999694824219,113.11000061035156,114.26000213623047,0.0,5042700
2022-06-03,101.72359466552734,118.12000274658203,0.0,118.41999816894531,115.12000274658203,115.44999694824219,0.0,5387100
2022-06-06,101.08629608154297,117.37999725341797,0.0,118.80999755859375,116.62000274658203,118.19000244140625,0.0,5608400
2022-06-07,105.67642974853516,122.70999908447266,0.0,122.70999908447266,117.12999725341797,117.18000030517578,0.0,8559000
2022-06-08,104.9444351196289,121.86000061035156,0.0,124.08000183105469,121.5,122.72000122070312,0.0,7010900
2022-06-09,102.10250854492188,118.55999755859375,0.0,121.77999877929688,118.43000030517578,120.62000274658203,0.0,6643000
2022-06-10,100.61265563964844,116.83000183105469,0.0,119.63999938964844,115.30000305175781,117.0,0.0,7298800
2022-06-13,96.24642944335938,111.76000213623047,0.0,114.0199966430664,108.37000274658203,112.44999694824219,0.0,9516900
2022-06-14,96.01390075683594,111.48999786376953,0.0,116.16000366210938,110.04000091552734,114.0199966430664,0.0,7737700
2022-06-15,94.15372467041016,109.33000183105469,0.0,112.05999755859375,107.58999633789062,111.48999786376953,0.0,7681400
2022-06-16,88.20292663574219,102.41999816894531,0.0,106.20999908447266,101.12999725341797,105.01000213623047,0.0,11848400
2022-06-17,80.72781372070312,93.73999786376953,0.0,102.33999633789062,92.80999755859375,101.48999786376953,0.0,24455100
2022-06-21,85.49879455566406,99.27999877929688,0.0,100.0999984741211,95.9800033569336,96.0199966430664,0.0,10454900
2022-06-22,80.1422119140625,93.05999755859375,0.0,95.05000305175781,91.45999908447266,92.8499984741211,0.0,11284200
2022-06-23,75.68985748291016,87.88999938964844,0.0,94.19999694824219,87.26000213623047,93.75,0.0,13554900
2022-06-24,78.29066467285156,90.91000366210938,0.0,92.05000305175781,88.36000061035156,90.0,0.0,12282400
2022-06-27,80.04373168945312,92.2300033569336,0.7,93.79000091552734,90.94999694824219,91.58000183105469,0.0,8986100
2022-06-28,82.638671875,95.22000122070312,0.0,97.06999969482422,93.55000305175781,94.9800033569336,0.0,8903000
2022-06-29,79.37548828125,91.45999908447266,0.0,97.44999694824219,91.27999877929688,96.88999938964844,0.0,7990100
2022-06-30,77.94351196289062,89.80999755859375,0.0,91.70999908447266,87.83000183105469,88.55999755859375,0.0,12748900
2022-07-01,78.95890045166016,90.9800033569336,0.0,92.30999755859375,88.30999755859375,91.93000030517578,0.0,6005000
2022-07-05,73.45660400390625,84.63999938964844,0.0,89.3499984741211,83.05999755859375,89.3499984741211,0.0,13483600
2022-07-06,72.328369140625,83.33999633789062,0.0,85.69000244140625,80.44000244140625,83.70999908447266,0.0,12130900
2022-07-07,74.94065856933594,86.3499984741211,0.0,87.20999908447266,85.68000030517578,86.19000244140625,0.0,8072400
2022-07-08,75.03612518310547,86.45999908447266,0.0,87.86000061035156,84.66999816894531,87.52999877929688,0.0,5615500
2022-07-11,74.2463607788086,85.55000305175781,0.0,86.5999984741211,84.19000244140625,85.58999633789062,0.0,4685700
2022-07-12,72.4238510131836,83.44999694824219,0.0,84.04000091552734,81.61000061035156,82.55999755859375,0.0,5573100
2022-07-13,72.12876892089844,83.11000061035156,0.0,85.19000244140625,82.36000061035156,82.36000061035156,0.0,5535300
2022-07-14,70.82695770263672,81.61000061035156,0.0,81.7699966430664,78.30000305175781,79.83000183105469,0.0,8890200
2022-07-15,71.93783569335938,82.88999938964844,0.0,83.94000244140625,81.81999969482422,83.87000274658203,0.0,5899000
2022-07-18,73.82978057861328,85.06999969482422,0.0,86.38999938964844,84.6500015258789,84.73999786376953,0.0,7057600
2022-07-19,76.78923034667969,88.4800033569336,0.0,88.70999908447266,84.87999725341797,85.41000366210938,0.0,6674800
2022-07-20,78.72457122802734,90.70999908447266,0.0,91.22000122070312,87.22000122070312,87.75,0.0,7720500
2022-07-21,77.17977905273438,88.93000030517578,0.0,89.05999755859375,86.87000274658203,87.3499984741211,0.0,8016700
2022-07-22,76.48545837402344,88.12999725341797,0.0,90.19000244140625,87.54000091552734,89.20999908447266,0.0,6243500
2022-07-25,79.88753509521484,92.05000305175781,0.0,92.13999938964844,87.79000091552734,89.45999908447266,0.0,5815100
2022-07-26,79.05435943603516,91.08999633789062,0.0,94.18000030517578,89.97000122070312,93.44000244140625,0.0,7127000
2022-07-27,80.94635009765625,93.2699966430664,0.0,93.66000366210938,91.29000091552734,92.04000091552734,0.0,6237800
2022-07-28,81.63195037841797,94.05999755859375,0.0,95.26000213623047,92.5999984741211,94.22000122070312,0.0,4656100
2022-07-29,84.55667114257812,97.43000030517578,0.0,97.91999816894531,95.4000015258789,96.18000030517578,0.0,7394800
2022-08-01,82.53453063964844,95.0999984741211,0.0,96.05999755859375,93.68000030517578,95.30999755859375,0.0,5598900
2022-08-02,82.19608306884766,94.70999908447266,0.0,95.8499984741211,93.93000030517578,95.0999984741211,0.0,4653000
2022-08-03,79.25399017333984,91.31999969482422,0.0,95.68000030517578,90.43000030517578,95.3499984741211,0.0,6783300
2022-08-04,78.00422668457031,89.87999725341797,0.0,93.0,89.27999877929688,92.73999786376953,0.0,7810500
2022-08-05,80.58182525634766,92.8499984741211,0.0,93.41999816894531,88.0,88.22000122070312,0.0,5848000
2022-08-08,81.2587661743164,93.62999725341797,0.0,94.69000244140625,92.8499984741211,93.0199966430664,0.0,4788100
2022-08-09,82.8903579711914,95.51000213623047,0.0,97.27999877929688,94.86000061035156,95.30000305175781,0.0,7477700
2022-08-10,83.29827117919922,95.9800033569336,0.0,96.30999755859375,93.16000366210938,95.38999938964844,0.0,5625500
2022-08-11,87.09955596923828,100.36000061035156,0.0,101.31999969482422,97.5199966430664,98.12000274658203,0.0,6481600
2022-08-12,89.17375946044922,102.75,0.0,102.95999908447266,99.3499984741211,99.75,0.0,6683800
2022-08-15,87.8486328125,100.7699966430664,0.46,101.45999908447266,97.55000305175781,98.38999938964844,0.0,6585900
2022-08-16,87.26455688476562,100.0999984741211,0.0,102.05000305175781,98.93000030517578,101.20999908447266,0.0,6924400
2022-08-17,88.36300659179688,101.36000061035156,0.0,102.69000244140625,99.7699966430664,100.0999984741211,0.0,5346500
2022-08-18,91.4316635131836,104.87999725341797,0.0,105.11000061035156,102.22000122070312,102.6500015258789,0.0,5966500
2022-08-19,91.65830993652344,105.13999938964844,0.0,105.69000244140625,103.52999877929688,104.58999633789062,0.0,7067100
2022-08-22,91.7454833984375,105.23999786376953,0.0,105.69999694824219,102.54000091552734,103.66999816894531,0.0,6701700
2022-08-23,94.54386138916016,108.44999694824219,0.0,110.68000030517578,106.73999786376953,107.2300033569336,0.0,8253000
2022-08-24,96.34844970703125,110.5199966430664,0.0,110.76000213623047,107.83999633789062,108.11000061035156,0.0,6286100
2022-08-25,97.70843505859375,112.08000183105469,0.0,112.13999938964844,110.6500015258789,111.44999694824219,0.0,5241000
2022-08-26,97.74329376220703,112.12000274658203,0.0,114.25,111.48999786376953,112.62000274658203,0.0,6508800
2022-08-29,98.87657928466797,113.41999816894531,0.0,115.47000122070312,111.88999938964844,112.08999633789062,0.0,6479700
2022-08-30,96.33100891113281,110.5,0.0,111.51000213623047,108.9000015258789,111.16999816894531,0.0,7746900
2022-08-31,95.41565704345703,109.44999694824219,0.0,111.86000061035156,107.05000305175781,107.8499984741211,0.0,6775700
2022-09-01,93.74185180664062,107.52999877929688,0.0,108.94000244140625,105.75,107.77999877929688,0.0,6717300
2022-09-02,96.12179565429688,110.26000213623047,0.0,112.0,109.0,109.63999938964844,0.0,6096400
2022-09-06,94.70079803466797,108.62999725341797,0.0,111.68000030517578,108.08000183105469,111.0,0.0,7270900
2022-09-07,93.0705795288086,106.76000213623047,0.0,107.51000213623047,104.76000213623047,105.81999969482422,0.0,6890900
2022-09-08,94.43055725097656,108.31999969482422,0.0,109.19000244140625,106.5999984741211,107.33999633789062,0.0,7147200
2022-09-09,97.61253356933594,111.97000122070312,0.0,112.41999816894531,109.87000274658203,110.05000305175781,0.0,6085000
2022-09-12,99.72222900390625,114.38999938964844,0.0,115.41000366210938,112.81999969482422,112.94999694824219,0.0,6208600
2022-09-13,97.92637634277344,112.33000183105469,0.0,114.38999938964844,111.81999969482422,112.9000015258789,0.0,6977400
2022-09-14,102.61649322509766,117.70999908447266,0.0,118.38999938964844,113.45999908447266,113.69000244140625,0.0,9457900
2022-09-15,100.74219512939453,115.55999755859375,0.0,117.22000122070312,114.62999725341797,115.13999938964844,0.0,9997500
2022-09-16,98.62378692626953,113.12999725341797,0.0,115.63999938964844,111.19999694824219,115.56999969482422,0.0,14608000
2022-09-19,98.39714813232422,112.87000274658203,0.0,113.4800033569336,109.44000244140625,109.80000305175781,0.0,6600600
2022-09-20,97.69969177246094,112.06999969482422,0.0,112.83999633789062,110.55000305175781,112.55000305175781,0.0,5655400
2022-09-21,96.84535217285156,111.08999633789062,0.0,114.88999938964844,111.05999755859375,114.16999816894531,0.0,5818000
2022-09-22,95.94742584228516,110.05999755859375,0.0,113.8499984741211,109.93000030517578,113.19999694824219,0.0,4971600
2022-09-23,87.69174194335938,100.58999633789062,0.0,105.2699966430664,99.5999984741211,105.08999633789062,0.0,10157300
2022-09-26,86.4799575805664,99.19999694824219,0.0,102.72000122070312,99.12000274658203,100.08999633789062,0.0,8719000
2022-09-27,86.09638977050781,98.76000213623047,0.0,102.58000183105469,98.5199966430664,101.37000274658203,0.0,8779000
2022-09-28,91.08389282226562,103.0,1.4,103.44000244140625,98.45999908447266,98.83000183105469,0.0,9207500
2022-09-29,91.66754913330078,103.66000366210938,0.0,104.08999633789062,99.88999938964844,101.58999633789062,0.0,5929800
2022-09-30,90.500244140625,102.33999633789062,0.0,103.93000030517578,101.0,102.43000030517578,0.0,7172000
2022-10-03,97.24752807617188,109.97000122070312,0.0,110.83999633789062,106.52999877929688,106.93000030517578,0.0,7701900
2022-10-04,102.24388885498047,115.62000274658203,0.0,115.8499984741211,111.72000122070312,112.47000122070312,0.0,7582900
2022-10-05,102.51801300048828,115.93000030517578,0.0,117.26000213623047,113.76000213623047,116.25,0.0,10073000
2022-10-06,104.0390396118164,117.6500015258789,0.0,118.36000061035156,114.68000030517578,114.79000091552734,0.0,6388900
2022-10-07,104.7995376586914,118.51000213623047,0.0,121.36000061035156,117.31999969482422,118.13999938964844,0.0,9373500
2022-10-10,103.28738403320312,116.80000305175781,0.0,120.44000244140625,115.44999694824219,118.61000061035156,0.0,5883200
2022-10-11,102.20851135253906,115.58000183105469,0.0,118.11000061035156,113.20999908447266,114.11000061035156,0.0,7602400
2022-10-12,102.84520721435547,116.30000305175781,0.0,117.33999633789062,113.98999786376953,114.76000213623047,0.0,6221600
2022-10-13,108.5401611328125,122.73999786376953,0.0,123.41000366210938,114.43000030517578,114.5,0.0,7999100
2022-10-14,104.31316375732422,117.95999908447266,0.0,122.9800033569336,117.04000091552734,121.08999633789062,0.0,7646000
2022-10-17,104.66688537597656,118.36000061035156,0.0,121.44000244140625,118.0199966430664,119.77999877929688,0.0,6667000
2022-10-18,104.25125885009766,117.88999938964844,0.0,120.04000091552734,115.69999694824219,119.58000183105469,0.0,6826200
2022-10-19,107.09873962402344,121.11000061035156,0.0,121.5999984741211,118.08999633789062,118.41999816894531,0.0,5500400
2022-10-20,107.71776580810547,121.80999755859375,0.0,124.91000366210938,121.77999877929688,122.5,0.0,6456100
2022-10-21,110.08771514892578,124.48999786376953,0.0,124.76000213623047,121.56999969482422,122.66999816894531,0.0,5886200
2022-10-24,110.66251373291016,125.13999938964844,0.0,126.4000015258789,124.19999694824219,124.52999877929688,0.0,5734900
2022-10-25,109.60134887695312,123.94000244140625,0.0,125.48999786376953,122.87999725341797,124.33000183105469,0.0,7000800
2022-10-26,111.92706298828125,126.56999969482422,0.0,128.17999267578125,124.58000183105469,124.72000122070312,0.0,8139100
2022-10-27,111.98898315429688,126.63999938964844,0.0,129.4499969482422,126.23999786376953,127.69999694824219,0.0,8948500
2022-10-28,112.45767211914062,127.16999816894531,0.0,128.99000549316406,124.01000213623047,128.5,0.0,7293200
2022-10-31,111.50260162353516,126.08999633789062,0.0,129.99000549316406,125.56999969482422,125.58000183105469,0.0,7121000
2022-11-01,112.99707794189453,127.77999877929688,0.0,129.32000732421875,126.88999938964844,128.74000549316406,0.0,5875600
2022-11-02,111.87403106689453,126.51000213623047,0.0,129.8000030517578,125.79000091552734,127.08000183105469,0.0,7680400
2022-11-03,118.33832550048828,133.82000732421875,0.0,136.1199951171875,128.2899932861328,129.6199951171875,0.0,13209100
2022-11-04,117.0118637084961,132.32000732421875,0.0,138.49000549316406,129.64999389648438,137.0,0.0,10663700
2022-11-07,119.32875061035156,134.94000244140625,0.0,136.4199981689453,132.61000061035156,132.75,0.0,6882400
2022-11-08,118.88656616210938,134.44000244140625,0.0,135.27999877929688,132.22999572753906,134.3000030517578,0.0,5039800
2022-11-09,110.76863098144531,125.26000213623047,0.0,132.57000732421875,124.88999938964844,132.4600067138672,0.0,7069500
2022-11-10,114.48274230957031,129.4600067138672,0.0,129.77000427246094,125.56999969482422,128.10000610351562,0.0,7543900
2022-11-11,118.46212768554688,133.9600067138672,0.0,134.85000610351562,130.55999755859375,131.1999969482422,0.0,8662000
2022-11-14,118.08930969238281,133.02999877929688,0.51,135.67999267578125,132.27999877929688,132.3800048828125,0.0,6163400
2022-11-15,119.0302505493164,134.08999633789062,0.0,134.83999633789062,131.91000366210938,133.58999633789062,0.0,8300600
2022-11-16,114.72496032714844,129.24000549316406,0.0,133.5,129.08999633789062,132.5800018310547,0.0,7365600
2022-11-17,116.45596313476562,131.19000244140625,0.0,131.3699951171875,127.02999877929688,127.58999633789062,0.0,5735800
2022-11-18,114.14794921875,128.58999633789062,0.0,129.1999969482422,126.5,128.41000366210938,0.0,5727200
2022-11-21,111.39611053466797,125.48999786376953,0.0,127.11000061035156,121.80999755859375,125.04000091552734,0.0,6573200
2022-11-22,115.3818130493164,129.97999572753906,0.0,130.5500030517578,126.45999908447266,128.0,0.0,5604200
2022-11-23,112.50572967529297,126.73999786376953,0.0,129.22000122070312,125.80000305175781,127.58999633789062,0.0,7482600
2022-11-25,112.56787109375,126.80999755859375,0.0,127.7699966430664,126.5,126.88999938964844,0.0,2547800
2022-11-28,109.93142700195312,123.83999633789062,0.0,125.05999755859375,121.23999786376953,122.69999694824219,0.0,5648600
2022-11-29,110.2953872680664,124.25,0.0,126.83000183105469,123.91999816894531,125.81999969482422,0.0,4909700
2022-11-30,109.63849639892578,123.51000213623047,0.0,126.68000030517578,122.44000244140625,126.6500015258789,0.0,8484500
2022-12-01,109.23902130126953,123.05999755859375,0.0,125.37000274658203,122.88999938964844,124.66999816894531,0.0,5285100
2022-12-02,108.45787048339844,122.18000030517578,0.0,123.87000274658203,121.33999633789062,122.12000274658203,0.0,4879700
2022-12-05,105.96346282958984,119.37000274658203,0.0,124.69000244140625,118.70999908447266,124.26000213623047,0.0,5478700
2022-12-06,102.62574005126953,115.61000061035156,0.0,119.73999786376953,114.54000091552734,118.44000244140625,0.0,6498400
2022-12-07,101.97771453857422,114.87999725341797,0.0,117.5999984741211,114.08999633789062,116.29000091552734,0.0,6099100
2022-12-08,99.95381927490234,112.5999984741211,0.0,117.88999938964844,111.87999725341797,117.79000091552734,0.0,7720400
2022-12-09,97.66356658935547,110.0199966430664,0.0,113.94999694824219,109.7300033569336,112.41000366210938,0.0,6385700
2022-12-12,99.22589111328125,111.77999877929688,0.0,112.30000305175781,110.06999969482422,110.9000015258789,0.0,5636500
2022-12-13,100.67283630371094,113.41000366210938,0.0,115.58999633789062,113.37000274658203,114.44999694824219,0.0,6285200
2022-12-14,100.19348907470703,112.87000274658203,0.0,115.6500015258789,112.04000091552734,114.75,0.0,5927000
2022-12-15,99.90943145751953,112.55000305175781,0.0,112.91999816894531,110.47000122070312,111.63999938964844,0.0,6400900
2022-12-16,98.0363998413086,110.44000244140625,0.0,111.22000122070312,109.01000213623047,110.44999694824219,0.0,17422600
2022-12-19,98.0363998413086,110.44000244140625,0.0,112.76000213623047,109.63999938964844,112.16000366210938,0.0,4991400
2022-12-20,99.9981918334961,112.6500015258789,0.0,113.80999755859375,110.0,110.44999694824219,0.0,5538700
2022-12-21,103.22050476074219,116.27999877929688,0.0,116.66999816894531,113.55000305175781,114.94000244140625,0.0,5433000
2022-12-22,100.2201156616211,112.9000015258789,0.0,116.77999877929688,109.83999633789062,116.05000305175781,0.0,5295400
2022-12-23,104.5522689819336,117.05000305175781,0.7,117.0999984741211,113.6500015258789,113.6500015258789,0.0,5001500
2022-12-27,105.8206558227539,118.47000122070312,0.0,119.05999755859375,117.05999755859375,117.91999816894531,0.0,3849400
2022-12-28,102.99803924560547,115.30999755859375,0.0,118.2699966430664,114.73999786376953,118.20999908447266,0.0,3856400
2022-12-29,103.96273803710938,116.38999938964844,0.0,117.0,114.62000274658203,114.7300033569336,0.0,2921600
2022-12-30,105.40083312988281,118.0,0.0,118.20999908447266,116.01000213623047,116.06999969482422,0.0,4220500
2023-01-03,101.0418701171875,113.12000274658203,0.0,117.9800033569336,111.91999816894531,116.55999755859375,0.0,5424400
2023-01-04,101.23837280273438,113.33999633789062,0.0,114.30999755859375,110.45999908447266,111.22000122070312,0.0,4837600
2023-01-05,104.30216217041016,116.7699966430664,0.0,117.80000305175781,113.52999877929688,113.52999877929688,0.0,5177700
2023-01-06,105.60627746582031,118.2300033569336,0.0,120.19000244140625,117.54000091552734,118.5,0.0,4442300
2023-01-09,104.82914733886719,117.36000061035156,0.0,120.66000366210938,116.86000061035156,120.31999969482422,0.0,5403200
2023-01-10,105.47227478027344,118.08000183105469,0.0,118.62000274658203,116.68000030517578,118.2300033569336,0.0,4042700
2023-01-11,105.61520385742188,118.23999786376953,0.0,119.55000305175781,116.91000366210938,119.19000244140625,0.0,4569900
2023-01-12,107.33020782470703,120.16000366210938,0.0,121.0999984741211,117.8499984741211,118.38999938964844,0.0,5072500
2023-01-13,108.50032806396484,121.47000122070312,0.0,121.8499984741211,118.51000213623047,120.58000183105469,0.0,4360200
2023-01-17,107.40165710449219,120.23999786376953,0.0,122.54000091552734,119.55999755859375,121.05999755859375,0.0,5228500
2023-01-18,105.89212036132812,118.55000305175781,0.0,123.70999908447266,118.36000061035156,121.19999694824219,0.0,5138700
2023-01-19,106.86571502685547,119.63999938964844,0.0,120.26000213623047,116.26000213623047,117.55000305175781,0.0,5049100
2023-01-20,108.79509735107422,121.80000305175781,0.0,121.91000366210938,119.25,120.16000366210938,0.0,5101400
2023-01-23,107.30341339111328,120.12999725341797,0.0,123.16999816894531,119.97000122070312,122.45999908447266,0.0,3963200
2023-01-24,106.12434387207031,118.80999755859375,0.0,121.0,117.63999938964844,121.0,0.0,4216900
2023-01-25,107.5177993774414,120.37000274658203,0.0,120.37999725341797,116.63999938964844,118.19999694824219,0.0,3984700
2023-01-26,111.34080505371094,124.6500015258789,0.0,124.7300033569336,120.80000305175781,122.29000091552734,0.0,5807400
2023-01-27,110.4118423461914,123.61000061035156,0.0,126.38999938964844,123.5199966430664,124.69000244140625,0.0,4857500
2023-01-30,107.66070556640625,120.52999877929688,0.0,122.5999984741211,120.33000183105469,122.08999633789062,0.0,5246300
2023-01-31,108.85762786865234,121.87000274658203,0.0,122.08999633789062,119.0999984741211,120.22000122070312,0.0,5200100
2023-02-01,105.13285827636719,117.69999694824219,0.0,120.97000122070312,115.19999694824219,120.70999908447266,0.0,7282300
2023-02-02,99.41619873046875,111.30000305175781,0.0,115.38999938964844,109.76000213623047,113.48999786376953,0.0,11531300
2023-02-03,96.56681060791016,108.11000061035156,0.0,112.38999938964844,107.76000213623047,111.30999755859375,0.0,13504200
2023-02-06,96.01300811767578,107.48999786376953,0.0,109.94999694824219,106.7300033569336,108.56999969482422,0.0,11516300
2023-02-07,100.059326171875,112.0199966430664,0.0,112.1500015258789,107.41000366210938,108.41000366210938,0.0,7370600
2023-02-08,98.96067810058594,110.79000091552734,0.0,113.0,109.83999633789062,112.2300033569336,0.0,6713200
2023-02-09,98.19248962402344,109.93000030517578,0.0,111.73999786376953,109.8499984741211,110.61000061035156,0.0,5768300
2023-02-10,102.77474975585938,115.05999755859375,0.0,115.37000274658203,111.83000183105469,111.9800033569336,0.0,10779200
2023-02-13,100.76502227783203,112.30999755859375,0.51,114.0999984741211,112.12000274658203,113.94999694824219,0.0,6018200
2023-02-14,101.87753295898438,113.55000305175781,0.0,114.44999694824219,110.55000305175781,111.0,0.0,7308100
2023-02-15,100.1728515625,111.6500015258789,0.0,112.16999816894531,109.9800033569336,111.81999969482422,0.0,7203700
2023-02-16,97.2210464477539,108.36000061035156,0.0,111.70999908447266,108.08999633789062,110.87999725341797,0.0,6531900
2023-02-17,93.41691589355469,104.12000274658203,0.0,106.66999816894531,103.16999816894531,106.13999938964844,0.0,11294500
2023-02-21,94.48456573486328,105.30999755859375,0.0,106.12000274658203,103.51000213623047,104.01000213623047,0.0,7200600
2023-02-22,93.38101959228516,104.08000183105469,0.0,105.4800033569336,102.95999908447266,105.4800033569336,0.0,7929500
2023-02-23,94.59225463867188,105.43000030517578,0.0,106.4000015258789,104.06999969482422,106.0,0.0,6095800
2023-02-24,94.43074798583984,105.25,0.0,105.55000305175781,103.36000061035156,104.16999816894531,0.0,5617900
2023-02-27,94.97804260253906,105.86000061035156,0.0,106.18000030517578,103.44000244140625,105.16999816894531,0.0,7429300
2023-02-28,92.72605895996094,103.3499984741211,0.0,107.30999755859375,103.30999755859375,106.66000366210938,0.0,8771800
2023-03-01,95.32794952392578,106.25,0.0,107.68000030517578,103.2300033569336,103.7300033569336,0.0,6064700
2023-03-02,97.19414520263672,108.33000183105469,0.0,108.95999908447266,105.77999877929688,106.06999969482422,0.0,5458600
2023-03-03,97.4722671508789,108.63999938964844,0.0,109.08000183105469,105.81999969482422,106.2699966430664,0.0,7075100
2023-03-06,98.29769897460938,109.55999755859375,0.0,109.5999984741211,107.0999984741211,107.58000183105469,0.0,6200900
2023-03-07,96.58403015136719,107.6500015258789,0.0,108.91999816894531,106.66999816894531,108.58999633789062,0.0,4973200
2023-03-08,96.20722198486328,107.2300033569336,0.0,108.52999877929688,105.76000213623047,107.0,0.0,4576800
2023-03-09,94.93315887451172,105.80999755859375,0.0,109.25,105.36000061035156,107.91999816894531,0.0,5191600
2023-03-10,93.50664520263672,104.22000122070312,0.0,107.33000183105469,103.5999984741211,105.7300033569336,0.0,5313100
2023-03-13,90.33052062988281,100.68000030517578,0.0,103.58000183105469,99.56999969482422,102.0,0.0,8789700
2023-03-14,90.94062805175781,101.36000061035156,0.0,104.41999816894531,99.62000274658203,101.05000305175781,0.0,7090800
2023-03-15,85.44971466064453,95.23999786376953,0.0,98.70999908447266,93.58999633789062,97.41999816894531,0.0,10661200
2023-03-16,86.49048614501953,96.4000015258789,0.0,96.5,91.52999877929688,92.01000213623047,0.0,10111500
2023-03-17,84.68710327148438,94.38999938964844,0.0,96.94999694824219,93.5,96.3499984741211,0.0,17056000
2023-03-20,86.27515411376953,96.16000366210938,0.0,96.88999938964844,94.70999908447266,94.83999633789062,0.0,7932900
2023-03-21,89.4602279663086,99.70999908447266,0.0,100.08999633789062,98.0,98.08999633789062,0.0,6770200
2023-03-22,88.25797271728516,98.37000274658203,0.0,101.08999633789062,98.29000091552734,100.0,0.0,5635500
2023-03-23,86.5084228515625,96.41999816894531,0.0,99.76000213623047,95.5,98.51000213623047,0.0,5866400
2023-03-24,85.62020874023438,95.43000030517578,0.0,95.9000015258789,93.26000213623047,94.55999755859375,0.0,8385900
2023-03-27,87.45948791503906,97.4800033569336,0.0,98.5,95.5999984741211,96.30999755859375,0.0,6049700
2023-03-28,88.4073715209961,97.93000030517578,0.6,98.69000244140625,96.43000030517578,96.61000061035156,0.0,3792000
2023-03-29,90.0503921508789,99.75,0.0,100.30000305175781,98.66999816894531,99.63999938964844,0.0,7596300
2023-03-30,89.59901428222656,99.25,0.0,100.86000061035156,98.87000274658203,100.61000061035156,0.0,5461100
2023-03-31,89.56291961669922,99.20999908447266,0.0,99.9000015258789,98.94000244140625,99.80999755859375,0.0,7708800
2023-04-03,97.8773422241211,108.41999816894531,0.0,109.13999938964844,105.01000213623047,105.12999725341797,0.0,12394300
2023-04-04,95.96348571777344,106.30000305175781,0.0,108.7699966430664,105.11000061035156,108.33000183105469,0.0,5425500
2023-04-05,97.2724838256836,107.75,0.0,107.87999725341797,105.91999816894531,106.91000366210938,0.0,5806800
2023-04-06,95.92738342285156,106.26000213623047,0.0,107.73999786376953,105.88999938964844,106.9000015258789,0.0,5087800
2023-04-10,95.64751434326172,105.94999694824219,0.0,108.01000213623047,105.61000061035156,107.04000091552734,0.0,4374700
2023-04-11,96.3697280883789,106.75,0.0,107.19999694824219,105.48999786376953,106.0999984741211,0.0,4812200
2023-04-12,97.07388305664062,107.52999877929688,0.0,109.08999633789062,107.41000366210938,108.4800033569336,0.0,8108200
2023-04-13,98.43704223632812,109.04000091552734,0.0,109.9000015258789,107.12000274658203,107.94000244140625,0.0,7160100
2023-04-14,97.9495620727539,108.5,0.0,110.0199966430664,108.12000274658203,109.4800033569336,0.0,5052100
2023-04-17,95.34056854248047,105.61000061035156,0.0,107.69000244140625,105.5199966430664,106.80000305175781,0.0,6278800
2023-04-18,94.74476623535156,104.94999694824219,0.0,105.69999694824219,104.0999984741211,104.98999786376953,0.0,7745300
2023-04-19,95.02462768554688,105.26000213623047,0.0,105.80999755859375,103.5,103.8499984741211,0.0,4717500
2023-04-20,93.68850708007812,103.77999877929688,0.0,103.9000015258789,102.12000274658203,103.44999694824219,0.0,5351600
2023-04-21,92.31632995605469,102.26000213623047,0.0,104.19999694824219,101.62999725341797,104.0999984741211,0.0,5279000
2023-04-24,93.57115936279297,103.6500015258789,0.0,103.94999694824219,101.7699966430664,101.94999694824219,0.0,5215800
2023-04-25,92.16285705566406,102.08999633789062,0.0,102.41000366210938,100.4800033569336,101.5999984741211,0.0,5355800
2023-04-26,90.70037841796875,100.47000122070312,0.0,102.12999725341797,99.6500015258789,101.33000183105469,0.0,4295000
2023-04-27,91.38648223876953,101.2300033569336,0.0,101.93000030517578,99.80999755859375,100.44999694824219,0.0,4196700
2023-04-28,92.88506317138672,102.88999938964844,0.0,103.7300033569336,100.31999969482422,100.56999969482422,0.0,6638200
2023-05-01,92.56008911132812,102.52999877929688,0.0,103.01000213623047,101.12999725341797,101.58000183105469,0.0,3644900
2023-05-02,89.04833984375,98.63999938964844,0.0,101.38999938964844,97.4800033569336,100.87999725341797,0.0,8100100
2023-05-03,86.74627685546875,96.08999633789062,0.0,97.58000183105469,95.69999694824219,96.83000183105469,0.0,9085100
2023-05-04,87.89280700683594,97.36000061035156,0.0,98.5199966430664,95.80999755859375,96.19999694824219,0.0,6840000
2023-05-05,90.610107421875,100.37000274658203,0.0,101.5999984741211,98.94000244140625,101.12000274658203,0.0,5566700
2023-05-08,91.08858489990234,100.9000015258789,0.0,102.75,100.5999984741211,102.08999633789062,0.0,5058900
2023-05-09,91.65730285644531,101.52999877929688,0.0,102.62000274658203,99.94999694824219,100.01000213623047,0.0,4896100
2023-05-10,90.70037841796875,100.47000122070312,0.0,102.26000213623047,99.55000305175781,101.98999786376953,0.0,5285900
2023-05-11,90.17678833007812,99.88999938964844,0.0,100.12000274658203,98.55000305175781,98.87999725341797,0.0,5671700
2023-05-12,89.76151275634766,99.43000030517578,0.0,100.94999694824219,98.70999908447266,100.63999938964844,0.0,5004400
2023-05-15,91.0046615600586,100.29000091552734,0.51,100.44999694824219,98.45999908447266,99.33000183105469,0.0,5838100
2023-05-16,88.99020385742188,98.06999969482422,0.0,100.55999755859375,97.41999816894531,99.87000274658203,0.0,4822200
2023-05-17,91.38578796386719,100.70999908447266,0.0,101.45999908447266,98.55999755859375,99.54000091552734,0.0,5013700
2023-05-18,91.41301727294922,100.73999786376953,0.0,100.8499984741211,99.25,100.19999694824219,0.0,5503400
2023-05-19,93.10079193115234,102.5999984741211,0.0,103.58999633789062,101.83000183105469,102.33000183105469,0.0,6068200
2023-05-22,94.12618255615234,103.7300033569336,0.0,104.91999816894531,102.41999816894531,102.7300033569336,0.0,5561900
2023-05-23,94.7250747680664,104.38999938964844,0.0,105.56999969482422,103.98999786376953,104.45999908447266,0.0,5415700
2023-05-24,94.35302734375,103.9800033569336,0.0,105.68000030517578,103.47000122070312,105.48999786376953,0.0,5141900
2023-05-25,92.2750473022461,101.69000244140625,0.0,102.4000015258789,100.5,101.94000244140625,0.0,4951900
2023-05-26,92.42024230957031,101.8499984741211,0.0,102.8499984741211,100.87999725341797,102.66999816894531,0.0,5709500
2023-05-30,91.8304214477539,101.19999694824219,0.0,101.58999633789062,100.02999877929688,100.69999694824219,0.0,6721800
2023-05-31,90.1063232421875,99.30000305175781,0.0,100.98999786376953,99.2300033569336,99.43000030517578,0.0,22757300
2023-06-01,90.31502532958984,99.52999877929688,0.0,100.9800033569336,98.37999725341797,99.56999969482422,0.0,5857800
2023-06-02,92.87394714355469,102.3499984741211,0.0,102.93000030517578,100.4800033569336,101.36000061035156,0.0,4958500
2023-06-05,92.61986541748047,102.06999969482422,0.0,104.25,100.97000122070312,104.25,0.0,5153900
2023-06-06,92.50189971923828,101.94000244140625,0.0,102.73999786376953,100.3499984741211,101.05000305175781,0.0,3622400
2023-06-07,95.106201171875,104.80999755859375,0.0,105.4800033569336,102.31999969482422,102.31999969482422,0.0,4827700
2023-06-08,94.8611831665039,104.54000091552734,0.0,105.56999969482422,102.58999633789062,104.8499984741211,0.0,5231300
2023-06-09,94.27137756347656,103.88999938964844,0.0,105.44999694824219,103.62999725341797,104.83999633789062,0.0,4085100
2023-06-12,93.3004379272461,102.81999969482422,0.0,104.1500015258789,101.43000030517578,102.20999908447266,0.0,6049600
2023-06-13,93.83582305908203,103.41000366210938,0.0,105.47000122070312,103.22000122070312,103.8499984741211,0.0,4904300
2023-06-14,93.16433715820312,102.66999816894531,0.0,104.94999694824219,102.04000091552734,104.43000030517578,0.0,4915300
2023-06-15,94.5073013305664,104.1500015258789,0.0,105.30999755859375,102.83000183105469,102.88999938964844,0.0,4614600
2023-06-16,95.20600891113281,104.91999816894531,0.0,105.4800033569336,104.22000122070312,104.86000061035156,0.0,9928200
2023-06-20,92.58357238769531,102.02999877929688,0.0,104.75,101.0199966430664,104.12999725341797,0.0,8590000
2023-06-21,94.09895324707031,103.69999694824219,0.0,104.43000030517578,101.80000305175781,101.80000305175781,0.0,6477500
2023-06-22,92.03912353515625,101.43000030517578,0.0,102.87999725341797,101.0999984741211,102.63999938964844,0.0,4967700
2023-06-23,91.1589126586914,100.45999908447266,0.0,100.91999816894531,99.62999725341797,100.02999877929688,0.0,7149000
2023-06-26,92.48259735107422,101.30999755859375,0.6,101.87000274658203,100.0,100.16000366210938,0.0,4361000
2023-06-27,92.00790405273438,100.79000091552734,0.0,101.62000274658203,100.33000183105469,101.01000213623047,0.0,3816900
2023-06-28,93.57801818847656,102.51000213623047,0.0,102.72000122070312,99.95999908447266,100.81999969482422,0.0,5463000
2023-06-29,94.08011627197266,103.05999755859375,0.0,103.30999755859375,101.80999755859375,102.51000213623047,0.0,4260300
2023-06-30,94.58219146728516,103.61000061035156,0.0,104.4000015258789,102.54000091552734,103.75,0.0,7000000
2023-07-03,95.1481704711914,104.2300033569336,0.0,104.98999786376953,103.62999725341797,103.94999694824219,0.0,2234000
2023-07-05,94.95645141601562,104.0199966430664,0.0,105.0,103.13999938964844,105.0,0.0,4154900
2023-07-06,91.59710693359375,100.33999633789062,0.0,103.62999725341797,99.3499984741211,102.80000305175781,0.0,6004500
2023-07-07,94.23528289794922,103.2300033569336,0.0,104.61000061035156,100.12000274658203,100.55000305175781,0.0,7393100
2023-07-10,95.25769805908203,104.3499984741211,0.0,104.45999908447266,102.75,102.8499984741211,0.0,6405900
2023-07-11,98.07847595214844,107.44000244140625,0.0,107.61000061035156,104.8499984741211,105.0,0.0,5648500
2023-07-12,99.78553009033203,109.30999755859375,0.0,109.56999969482422,108.44999694824219,108.63999938964844,0.0,6229200
2023-07-13,100.91748046875,110.55000305175781,0.0,111.76000213623047,109.58000183105469,109.88999938964844,0.0,6054900
2023-07-14,97.75894927978516,107.08999633789062,0.0,110.2300033569336,106.44999694824219,110.06999969482422,0.0,4738200
2023-07-17,97.16558837890625,106.44000244140625,0.0,107.66000366210938,106.13999938964844,106.69000244140625,0.0,4081400
2023-07-18,99.27430725097656,108.75,0.0,109.5,106.4000015258789,106.44999694824219,0.0,4396800
2023-07-19,99.94072723388672,109.4800033569336,0.0,110.69000244140625,108.7699966430664,108.7699966430664,0.0,5408200
2023-07-20,101.95814514160156,111.69000244140625,0.0,111.77999877929688,110.19999694824219,110.5,0.0,6702300
2023-07-21,103.0535888671875,112.88999938964844,0.0,113.19999694824219,111.8499984741211,112.16999816894531,0.0,4957000
2023-07-24,104.72415161132812,114.72000122070312,0.0,115.69999694824219,113.4000015258789,113.4000015258789,0.0,3999600
2023-07-25,106.05692291259766,116.18000030517578,0.0,116.5199966430664,113.9000015258789,114.37000274658203,0.0,3664700
2023-07-26,106.65027618408203,116.83000183105469,0.0,117.13999938964844,115.16000366210938,115.31999969482422,0.0,4006300
2023-07-27,105.69176483154297,115.77999877929688,0.0,117.88999938964844,115.33000183105469,117.33999633789062,0.0,4568500
2023-07-28,105.8287124633789,115.93000030517578,0.0,116.30000305175781,114.66999816894531,115.73999786376953,0.0,3138800
2023-07-31,107.4627456665039,117.72000122070312,0.0,118.25,116.76000213623047,117.22000122070312,0.0,4126100
2023-08-01,107.15235900878906,117.37999725341797,0.0,117.83000183105469,116.19000244140625,117.26000213623047,0.0,3308200
2023-08-02,105.51832580566406,115.58999633789062,0.0,117.54000091552734,114.91000366210938,116.69000244140625,0.0,4577800
2023-08-03,104.97059631347656,114.98999786376953,0.0,117.29000091552734,113.01000213623047,114.91000366210938,0.0,7285300
2023-08-04,103.80213928222656,113.70999908447266,0.0,116.69000244140625,113.58000183105469,115.87000274658203,0.0,6928700
2023-08-07,104.50503540039062,114.4800033569336,0.0,114.5999984741211,113.25,114.48999786376953,0.0,3635100
2023-08-08,105.51832580566406,115.58999633789062,0.0,115.79000091552734,111.30000305175781,112.6500015258789,0.0,4281300
2023-08-09,106.29426574707031,116.44000244140625,0.0,118.83999633789062,116.30000305175781,116.7300033569336,0.0,4818800
2023-08-10,105.7374038696289,115.83000183105469,0.0,117.58999633789062,115.16000366210938,116.29000091552734,0.0,3589300
2023-08-11,107.54488372802734,117.80999755859375,0.0,118.05000305175781,115.47000122070312,115.9800033569336,0.0,3771600
2023-08-14,107.43537139892578,117.69000244140625,0.0,117.77999877929688,116.30000305175781,117.16999816894531,0.0,4252400
2023-08-15,105.90422821044922,115.51000213623047,0.51,116.8499984741211,114.97000122070312,116.5,0.0,4214900
2023-08-16,105.10657501220703,114.63999938964844,0.0,116.91000366210938,114.55999755859375,115.75,0.0,3767200
2023-08-17,107.02278137207031,116.7300033569336,0.0,117.87999725341797,116.22000122070312,116.5,0.0,4044700
2023-08-18,107.53619384765625,117.29000091552734,0.0,118.02999877929688,115.6500015258789,115.83999633789062,0.0,4267600
2023-08-21,107.46286010742188,117.20999908447266,0.0,119.11000061035156,116.54000091552734,118.13999938964844,0.0,3271600
2023-08-22,106.49100494384766,116.1500015258789,0.0,117.73999786376953,116.08000183105469,117.58999633789062,0.0,3194300
2023-08-23,106.17927551269531,115.80999755859375,0.0,116.33999633789062,113.86000061035156,115.01000213623047,0.0,3136700
2023-08-24,105.2532730102539,114.80000305175781,0.0,116.37999725341797,114.73999786376953,115.19000244140625,0.0,3538500
2023-08-25,106.83025360107422,116.5199966430664,0.0,117.12999725341797,114.76000213623047,115.69000244140625,0.0,3710300
2023-08-28,107.74707794189453,117.5199966430664,0.0,118.4000015258789,116.41999816894531,116.4800033569336,0.0,2821600
2023-08-29,107.87544250488281,117.66000366210938,0.0,118.0999984741211,116.58000183105469,117.86000061035156,0.0,3213700
2023-08-30,108.82896423339844,118.69999694824219,0.0,118.94000244140625,118.01000213623047,118.2699966430664,0.0,2847500
2023-08-31,109.13152313232422,119.02999877929688,0.0,119.55999755859375,118.0999984741211,119.16999816894531,0.0,4395700
2023-09-01,111.98286437988281,122.13999938964844,0.0,122.5,119.97000122070312,120.0,0.0,6398300
2023-09-05,112.61551666259766,122.83000183105469,0.0,124.98999786376953,122.55999755859375,122.7699966430664,0.0,5785700
2023-09-06,112.83554077148438,123.06999969482422,0.0,123.44000244140625,121.91999816894531,122.47000122070312,0.0,4664000
2023-09-07,111.58863067626953,121.70999908447266,0.0,123.68000030517578,121.61000061035156,122.98999786376953,0.0,3503900
2023-09-08,112.5146484375,122.72000122070312,0.0,124.01000213623047,122.44999694824219,122.76000213623047,0.0,4368400
2023-09-11,110.42427062988281,120.44000244140625,0.0,123.9000015258789,119.81999969482422,123.44000244140625,0.0,4294500
2023-09-12,112.84471893310547,123.08000183105469,0.0,123.44000244140625,121.19999694824219,121.25,0.0,4486600
2023-09-13,112.13874816894531,122.30999755859375,0.0,123.69999694824219,121.47000122070312,123.4800033569336,0.0,3879700
2023-09-14,114.14662170410156,124.5,0.0,124.88999938964844,123.44000244140625,123.5,0.0,4686200
2023-09-15,113.2939682006836,123.56999969482422,0.0,125.98999786376953,123.19000244140625,124.05000305175781,0.0,12441000
2023-09-18,114.1282958984375,124.4800033569336,0.0,125.7300033569336,124.06999969482422,125.18000030517578,0.0,4945300
2023-09-19,112.91805267333984,123.16000366210938,0.0,126.02999877929688,122.18000030517578,125.83999633789062,0.0,4190700
2023-09-20,111.09355926513672,121.16999816894531,0.0,123.80999755859375,121.05999755859375,122.62999725341797,0.0,3444600
2023-09-21,109.1681900024414,119.06999969482422,0.0,122.16000366210938,118.75,122.02999877929688,0.0,4470700
2023-09-22,109.2507095336914,119.16000366210938,0.0,121.18000030517578,119.04000091552734,119.91999816894531,0.0,3641100
2023-09-25,111.00186157226562,121.06999969482422,0.0,121.2699966430664,118.88999938964844,119.29000091552734,0.0,3291300
2023-09-26,110.14920043945312,120.13999938964844,0.0,121.44000244140625,119.33999633789062,119.80000305175781,0.0,5204500
2023-09-27,113.4203109741211,123.08999633789062,0.6,123.91999816894531,120.80000305175781,121.72000122070312,0.0,5364100
2023-09-28,113.07939147949219,122.72000122070312,0.0,124.30999755859375,122.18000030517578,122.86000061035156,0.0,3964600
2023-09-29,110.38877868652344,119.80000305175781,0.0,122.61000061035156,119.63999938964844,122.4800033569336,0.0,5308900
2023-10-02,107.90087890625,117.0999984741211,0.0,120.30999755859375,115.95999908447266,120.23999786376953,0.0,4769500
2023-10-03,108.3615951538086,117.5999984741211,0.0,117.66999816894531,116.06999969482422,116.76000213623047,0.0,4162600
2023-10-04,104.42705535888672,113.33000183105469,0.0,115.62999725341797,111.66999816894531,115.31999969482422,0.0,7287600
2023-10-05,104.50997924804688,113.41999816894531,0.0,114.58000183105469,112.19000244140625,112.51000213623047,0.0,4070100
2023-10-06,106.26993560791016,115.33000183105469,0.0,116.58999633789062,113.16000366210938,114.37999725341797,0.0,4209700
2023-10-09,112.2500991821289,121.81999969482422,0.0,121.87000274658203,118.75,118.95999908447266,0.0,6532800
2023-10-10,110.93241882324219,120.38999938964844,0.0,122.23999786376953,120.19000244140625,121.25,0.0,5705500
2023-10-11,110.60992431640625,120.04000091552734,0.0,120.19000244140625,118.02999877929688,119.5,0.0,7300700
2023-10-12,111.59585571289062,121.11000061035156,0.0,121.7300033569336,120.45999908447266,121.08000183105469,0.0,3859500
2023-10-13,115.05127716064453,124.86000061035156,0.0,125.97000122070312,123.43000030517578,124.05999755859375,0.0,5589100
2023-10-16,115.46592712402344,125.30999755859375,0.0,126.12000274658203,124.18000030517578,125.58000183105469,0.0,3769500
2023-10-17,115.60414123535156,125.45999908447266,0.0,126.43000030517578,124.94000244140625,125.19999694824219,0.0,4213800
2023-10-18,116.64537811279297,126.58999633789062,0.0,127.23999786376953,125.44999694824219,126.20999908447266,0.0,4781900
2023-10-19,116.45187377929688,126.37999725341797,0.0,127.3499984741211,124.87000274658203,125.69000244140625,0.0,4491300
2023-10-20,114.3141098022461,124.05999755859375,0.0,126.66999816894531,123.86000061035156,126.19000244140625,0.0,5289400
2023-10-23,111.80778503417969,121.33999633789062,0.0,123.16000366210938,120.63999938964844,123.05999755859375,0.0,5969400
2023-10-24,110.52699279785156,119.94999694824219,0.0,121.98999786376953,119.9000015258789,121.56999969482422,0.0,4664400
2023-10-25,110.95085144042969,120.41000366210938,0.0,120.93000030517578,118.7699966430664,119.52999877929688,0.0,5010600
2023-10-26,109.01583099365234,118.30999755859375,0.0,119.16000366210938,117.25,118.7300033569336,0.0,6066500
2023-10-27,108.54589080810547,117.80000305175781,0.0,118.33999633789062,116.44000244140625,117.69999694824219,0.0,5312500
2023-10-30,108.85918426513672,118.13999938964844,0.0,118.5,116.51000213623047,117.77999877929688,0.0,5830500
2023-10-31,109.46733856201172,118.80000305175781,0.0,118.98999786376953,116.48999786376953,117.9000015258789,0.0,4505000
2023-11-01,107.50466918945312,116.66999816894531,0.0,119.7699966430664,116.48999786376953,119.4800033569336,0.0,8350900
2023-11-02,112.43437957763672,122.0199966430664,0.0,123.25,117.37000274658203,117.87000274658203,0.0,9068700
2023-11-03,110.34269714355469,119.75,0.0,121.88999938964844,119.3499984741211,121.5,0.0,5935600
2023-11-06,109.16326141357422,118.47000122070312,0.0,120.55999755859375,118.19000244140625,120.23999786376953,0.0,4610800
2023-11-07,106.19621276855469,115.25,0.0,116.5,114.33000183105469,116.41999816894531,0.0,5491000
2023-11-08,105.45905303955078,114.44999694824219,0.0,115.62000274658203,113.97000122070312,115.19999694824219,0.0,5884300
2023-11-09,105.18262481689453,114.1500015258789,0.0,116.06999969482422,114.05000305175781,115.6500015258789,0.0,4306200
2023-11-10,106.5279312133789,115.61000061035156,0.0,116.20999908447266,114.5999984741211,115.23999786376953,0.0,4602300
2023-11-13,106.83353424072266,115.36000061035156,0.58,115.91000366210938,114.98999786376953,114.98999786376953,0.0,3225700
2023-11-14,107.00023651123047,115.54000091552734,0.0,116.80999755859375,115.33999633789062,116.0,0.0,5421700
2023-11-15,106.52792358398438,115.02999877929688,0.0,116.66999816894531,114.87999725341797,115.0,0.0,4733300
2023-11-16,103.7126235961914,111.98999786376953,0.0,113.76000213623047,109.9800033569336,113.51000213623047,0.0,6733200
2023-11-17,106.1204605102539,114.58999633789062,0.0,115.52999877929688,112.2300033569336,112.80000305175781,0.0,5799100
2023-11-20,106.86133575439453,115.38999938964844,0.0,116.58000183105469,114.58999633789062,114.98999786376953,0.0,4046400
2023-11-21,106.6575927734375,115.16999816894531,0.0,115.62999725341797,114.55999755859375,115.18000030517578,0.0,3720200
2023-11-22,106.36123657226562,114.8499984741211,0.0,115.12999725341797,111.16000366210938,112.0199966430664,0.0,4559000
2023-11-24,106.95392608642578,115.48999786376953,0.0,116.56999969482422,114.86000061035156,114.88999938964844,0.0,2159200
2023-11-27,106.31494140625,114.80000305175781,0.0,115.12999725341797,113.36000061035156,114.9800033569336,0.0,5289500
2023-11-28,106.48163604736328,114.9800033569336,0.0,115.9800033569336,114.4800033569336,115.26000213623047,0.0,3469100
2023-11-29,105.54627227783203,113.97000122070312,0.0,115.55999755859375,113.31999969482422,115.36000061035156,0.0,6065300
2023-11-30,107.02803039550781,115.56999969482422,0.0,116.69999694824219,113.63999938964844,115.16999816894531,0.0,10242700
2023-12-01,106.71314239501953,115.2300033569336,0.0,117.04000091552734,114.8499984741211,115.02999877929688,0.0,4675800
2023-12-04,106.06489562988281,114.52999877929688,0.0,115.91999816894531,113.87999725341797,114.08000183105469,0.0,4824800
2023-12-05,104.77763366699219,113.13999938964844,0.0,114.9000015258789,113.04000091552734,114.7300033569336,0.0,5821400
2023-12-06,102.35128784179688,110.5199966430664,0.0,112.33000183105469,109.73999786376953,112.33000183105469,0.0,7489500
2023-12-07,102.65687561035156,110.8499984741211,0.0,111.91000366210938,110.6500015258789,111.31999969482422,0.0,5816800
2023-12-08,103.78671264648438,112.06999969482422,0.0,112.19000244140625,111.05999755859375,111.73999786376953,0.0,5713900
2023-12-11,103.87007141113281,112.16000366210938,0.0,112.62999725341797,111.54000091552734,112.12000274658203,0.0,7250100
2023-12-12,102.85136413574219,111.05999755859375,0.0,111.4800033569336,109.69999694824219,110.7699966430664,0.0,6888800
2023-12-13,103.58296203613281,111.8499984741211,0.0,112.26000213623047,110.87000274658203,111.5,0.0,8570100
2023-12-14,106.45384216308594,114.94999694824219,0.0,116.3499984741211,112.75,112.94999694824219,0.0,11490400
2023-12-15,106.07414245605469,114.54000091552734,0.0,115.73999786376953,113.62000274658203,114.3499984741211,0.0,30860400
2023-12-18,106.40754699707031,114.9000015258789,0.0,117.2699966430664,114.6500015258789,115.83000183105469,0.0,7000500
2023-12-19,107.8800048828125,116.48999786376953,0.0,116.63999938964844,114.25,114.94999694824219,0.0,6379200
2023-12-20,108.06523132324219,116.69000244140625,0.0,118.94000244140625,116.37999725341797,116.87000274658203,0.0,7767200
2023-12-21,108.19489288330078,116.83000183105469,0.0,116.87999725341797,115.27999877929688,116.5,0.0,4149300
2023-12-22,108.96355438232422,117.66000366210938,0.0,118.62999725341797,117.29000091552734,118.0,0.0,4299400
2023-12-26,110.2230224609375,119.0199966430664,0.0,119.43000030517578,118.37999725341797,118.69999694824219,0.0,2893600
2023-12-27,109.7322006225586,118.48999786376953,0.0,119.63999938964844,118.08000183105469,118.51000213623047,0.0,3441400
2023-12-28,107.88928985595703,116.5,0.0,118.19999694824219,116.44000244140625,117.66000366210938,0.0,3711400
2023-12-29,107.49105834960938,116.06999969482422,0.0,117.55000305175781,115.80999755859375,117.20999908447266,0.0,3643600
2024-01-02,108.89871215820312,117.58999633789062,0.0,118.80000305175781,116.8499984741211,117.16999816894531,0.0,4688400
2024-01-03,111.06575775146484,119.93000030517578,0.0,120.18000030517578,117.41000366210938,117.94999694824219,0.0,4881900
2024-01-04,107.8707504272461,116.4800033569336,0.0,121.23999786376953,116.2699966430664,120.61000061035156,0.0,5891500
2024-01-05,107.91706848144531,116.52999877929688,0.0,117.7699966430664,116.0,117.5,0.0,3984600
2024-01-08,106.03710174560547,114.5,0.0,115.05000305175781,112.4800033569336,114.95999908447266,0.0,6769600
2024-01-09,104.42572021484375,112.76000213623047,0.0,114.5,112.25,114.5,0.0,5935600
2024-01-10,102.96248626708984,111.18000030517578,0.0,112.7300033569336,110.83000183105469,112.7300033569336,0.0,4445200
2024-01-11,102.7957992553711,111.0,0.0,112.23999786376953,110.94000244140625,111.61000061035156,0.0,4212600
2024-01-12,103.44405364990234,111.69999694824219,0.0,113.37000274658203,111.05000305175781,113.0,0.0,5549800
2024-01-16,100.61023712158203,108.63999938964844,0.0,111.73999786376953,108.33999633789062,111.5,0.0,6677500
2024-01-17,99.61931610107422,107.56999969482422,0.0,108.54000091552734,106.58000183105469,106.91999816894531,0.0,4864100
2024-01-18,99.026611328125,106.93000030517578,0.0,107.33999633789062,105.7699966430664,107.33999633789062,0.0,6150900
2024-01-19,99.89714813232422,107.87000274658203,0.0,107.91999816894531,105.91999816894531,106.05000305175781,0.0,5702200
2024-01-22,100.07310485839844,108.05999755859375,0.0,108.38999938964844,107.0,107.5,0.0,5740200
2024-01-23,100.00827026367188,107.98999786376953,0.0,109.41999816894531,107.6500015258789,107.81999969482422,0.0,3969500
2024-01-24,101.56410217285156,109.66999816894531,0.0,110.0199966430664,108.41999816894531,108.91999816894531,0.0,5332000
2024-01-25,103.7681884765625,112.05000305175781,0.0,112.08000183105469,109.26000213623047,109.80000305175781,0.0,5958700
2024-01-26,103.93489074707031,112.2300033569336,0.0,112.44999694824219,110.44000244140625,112.04000091552734,0.0,4156000
2024-01-29,103.35144805908203,111.5999984741211,0.0,112.0999984741211,110.48999786376953,112.04000091552734,0.0,4705700
2024-01-30,105.62036895751953,114.05000305175781,0.0,114.33000183105469,110.76000213623047,111.20999908447266,0.0,6206500
2024-01-31,103.60150146484375,111.87000274658203,0.0,114.0999984741211,111.79000091552734,113.97000122070312,0.0,5501400
2024-02-01,103.147705078125,111.37999725341797,0.0,113.22000122070312,110.80000305175781,112.33999633789062,0.0,5255200
2024-02-02,102.45315551757812,110.62999725341797,0.0,111.94999694824219,109.69000244140625,111.66000366210938,0.0,4610200
2024-02-05,101.8419189453125,109.97000122070312,0.0,110.86000061035156,109.29000091552734,110.25,0.0,4520400
2024-02-06,103.27735900878906,111.5199966430664,0.0,112.44999694824219,110.19999694824219,110.87999725341797,0.0,4777100
2024-02-07,104.01824188232422,112.31999969482422,0.0,112.97000122070312,111.44999694824219,111.72000122070312,0.0,6100700
2024-02-08,105.48145294189453,113.9000015258789,0.0,115.29000091552734,112.58999633789062,113.11000061035156,0.0,7715500
2024-02-09,102.9439697265625,111.16000366210938,0.0,114.30000305175781,111.0199966430664,113.98999786376953,0.0,5974000
2024-02-12,102.88841247558594,111.0999984741211,0.0,112.13999938964844,110.52999877929688,111.2699966430664,0.0,5802000
2024-02-13,101.65670013427734,109.7699966430664,0.0,111.93000030517578,108.83999633789062,111.0999984741211,0.0,6321100
2024-02-14,101.98085021972656,110.12000274658203,0.0,111.04000091552734,109.5199966430664,110.19999694824219,0.0,7248400
2024-02-15,103.52911376953125,111.0,0.78,111.69999694824219,108.83999633789062,109.04000091552734,0.0,9421900
2024-02-16,103.12803649902344,110.56999969482422,0.0,111.80000305175781,110.4000015258789,111.4800033569336,0.0,6967800
2024-02-20,102.16736602783203,109.54000091552734,0.0,111.62999725341797,109.36000061035156,110.55000305175781,0.0,6458300
2024-02-21,105.27325439453125,112.87000274658203,0.0,113.66999816894531,109.69999694824219,110.0,0.0,6925500
2024-02-22,104.6669921875,112.22000122070312,0.0,112.91000366210938,111.30999755859375,112.05999755859375,0.0,5104900
2024-02-23,104.00477600097656,111.51000213623047,0.0,112.26000213623047,110.0999984741211,111.08999633789062,0.0,5206200
2024-02-26,104.8535385131836,112.41999816894531,0.0,112.5199966430664,110.61000061035156,111.19999694824219,0.0,5751200
2024-02-27,104.09806060791016,111.61000061035156,0.0,113.33000183105469,111.05999755859375,113.02999877929688,0.0,5060000
2024-02-28,104.49911499023438,112.04000091552734,0.0,113.31999969482422,111.1500015258789,111.9000015258789,0.0,4578900
2024-02-29,104.96546173095703,112.54000091552734,0.0,113.16000366210938,111.8499984741211,112.51000213623047,0.0,6624000
2024-03-01,106.55104064941406,114.23999786376953,0.0,115.52999877929688,113.62999725341797,113.80000305175781,0.0,5094300
2024-03-04,104.12602996826172,111.63999938964844,0.0,114.38999938964844,111.58000183105469,114.04000091552734,0.0,5877200
2024-03-05,103.73429870605469,111.22000122070312,0.0,112.80000305175781,110.8499984741211,111.20999908447266,0.0,6247000
2024-03-06,104.45247650146484,111.98999786376953,0.0,112.9000015258789,111.4800033569336,112.30000305175781,0.0,4888700
2024-03-07,105.1520004272461,112.73999786376953,0.0,113.43000030517578,111.69000244140625,111.7300033569336,0.0,5097300
2024-03-08,105.39450073242188,113.0,0.0,113.20999908447266,111.86000061035156,112.20999908447266,0.0,5227600
2024-03-11,107.49305725097656,115.25,0.0,115.36000061035156,112.6500015258789,113.37000274658203,0.0,5899300
2024-03-12,107.27853393554688,115.0199966430664,0.0,115.7300033569336,114.36000061035156,115.08000183105469,0.0,5653000
2024-03-13,109.63827514648438,117.55000305175781,0.0,118.61000061035156,116.16999816894531,116.80000305175781,0.0,7685400
2024-03-14,111.71817779541016,119.77999877929688,0.0,119.98999786376953,118.73999786376953,119.16999816894531,0.0,7800800
2024-03-15,111.9606704711914,120.04000091552734,0.0,120.80000305175781,119.12999725341797,119.12999725341797,0.0,17549000
2024-03-18,112.1658706665039,120.26000213623047,0.0,121.06999969482422,119.16000366210938,120.9000015258789,0.0,4827900
2024-03-19,113.8073959350586,122.0199966430664,0.0,122.16000366210938,120.30000305175781,120.36000061035156,0.0,4457800
2024-03-20,113.70481872558594,121.91000366210938,0.0,122.36000061035156,121.02999877929688,121.22000122070312,0.0,3597000
2024-03-21,115.1971206665039,123.51000213623047,0.0,123.58999633789062,121.68000030517578,122.06999969482422,0.0,4925600
2024-03-22,114.74942016601562,123.02999877929688,0.0,124.05000305175781,122.70999908447266,123.55000305175781,0.0,4976100
2024-03-25,117.73404693603516,126.2300033569336,0.0,126.6500015258789,123.1500015258789,123.72000122070312,0.0,7054400
2024-03-26,117.51018524169922,125.98999786376953,0.0,126.9000015258789,125.19999694824219,126.5,0.0,5203400
2024-03-27,118.30299377441406,126.83999633789062,0.0,127.0199966430664,125.31999969482422,125.6500015258789,0.0,3847800
2024-03-28,118.71337127685547,127.27999877929688,0.0,128.63999938964844,126.70999908447266,128.0,0.0,4657800
2024-04-01,120.01914978027344,128.67999267578125,0.0,128.94000244140625,126.75,128.0,0.0,3036000
2024-04-02,121.87520599365234,130.6699981689453,0.0,130.83999633789062,128.6300048828125,129.52000427246094,0.0,4969700
2024-04-03,122.77059936523438,131.6300048828125,0.0,132.0,130.52000427246094,130.91000366210938,0.0,3707300
2024-04-04,122.88253784179688,131.75,0.0,132.42999267578125,131.0500030517578,132.1300048828125,0.0,3908400
2024-04-05,124.53339385986328,133.52000427246094,0.0,133.83999633789062,131.19000244140625,131.9600067138672,0.0,3595500
2024-04-08,123.5074234008789,132.4199981689453,0.0,134.02000427246094,132.17999267578125,133.75,0.0,4481900
2024-04-09,123.348876953125,132.25,0.0,133.1999969482422,131.00999450683594,132.7899932861328,0.0,3756000
2024-04-10,123.8805160522461,132.82000732421875,0.0,133.67999267578125,131.75999450683594,132.47999572753906,0.0,4402400
2024-04-11,123.97378540039062,132.9199981689453,0.0,133.19000244140625,130.64999389648438,132.5399932861328,0.0,4328800
2024-04-12,122.3695297241211,131.1999969482422,0.0,135.17999267578125,130.38999938964844,134.27999877929688,0.0,4955300
2024-04-15,121.48348999023438,130.25,0.0,132.61000061035156,130.02999877929688,132.1300048828125,0.0,4219300
2024-04-16,120.81194305419922,129.52999877929688,0.0,130.8000030517578,128.5,130.0,0.0,3878600
2024-04-17,119.69271087646484,128.3300018310547,0.0,130.13999938964844,127.55000305175781,129.1199951171875,0.0,3869700
2024-04-18,119.20771026611328,127.80999755859375,0.0,129.22000122070312,127.25,128.72999572753906,0.0,3588200
2024-04-19,120.67204284667969,129.3800048828125,0.0,130.50999450683594,127.80999755859375,128.13999938964844,0.0,3984800
2024-04-22,120.62540435791016,129.3300018310547,0.0,130.39999389648438,126.94000244140625,128.61000061035156,0.0,4194900
2024-04-23,121.10106658935547,129.83999633789062,0.0,130.19000244140625,127.7300033569336,128.6300048828125,0.0,3773600
2024-04-24,120.57877349853516,129.27999877929688,0.0,129.69000244140625,128.2899932861328,129.3699951171875,0.0,3846600
2024-04-25,121.35291290283203,130.11000061035156,0.0,130.63999938964844,128.3000030517578,129.6999969482422,0.0,3666400
2024-04-26,121.47416687011719,130.24000549316406,0.0,130.77000427246094,128.86000061035156,129.4600067138672,0.0,4823100
2024-04-29,121.45550537109375,130.22000122070312,0.0,130.44000244140625,128.8000030517578,129.75,0.0,3609400
2024-04-30,117.16512298583984,125.62000274658203,0.0,129.85000610351562,125.43000030517578,129.80999755859375,0.0,6296800
2024-05-01,115.97126007080078,124.33999633789062,0.0,125.7300033569336,123.41999816894531,125.08000183105469,0.0,5423500
2024-05-02,114.02191162109375,122.25,0.0,125.19999694824219,121.66000366210938,124.72000122070312,0.0,7685900
2024-05-03,114.00326538085938,122.2300033569336,0.0,122.68000030517578,120.87999725341797,122.51000213623047,0.0,5020700
2024-05-06,115.23442840576172,123.55000305175781,0.0,125.22000122070312,123.0199966430664,123.08000183105469,0.0,4848600
2024-05-07,115.22511291503906,123.54000091552734,0.0,124.94000244140625,123.06999969482422,123.66000366210938,0.0,5902000
2024-05-08,114.77740478515625,123.05999755859375,0.0,123.97000122070312,122.69999694824219,122.83000183105469,0.0,4200200
2024-05-09,115.085205078125,123.38999938964844,0.0,124.2300033569336,122.6500015258789,122.98999786376953,0.0,5430500
2024-05-10,114.42816162109375,121.91000366210938,0.78,123.9800033569336,121.56999969482422,123.04000091552734,0.0,4515900
2024-05-13,114.12779998779297,121.58999633789062,0.0,122.55999755859375,121.2699966430664,121.87000274658203,0.0,6421200
2024-05-14,113.61154174804688,121.04000091552734,0.0,122.16999816894531,120.43000030517578,121.52999877929688,0.0,6144700
2024-05-15,113.29241180419922,120.69999694824219,0.0,121.91000366210938,118.66000366210938,120.66999816894531,0.0,6138600
2024-05-16,112.47581481933594,119.83000183105469,0.0,121.38999938964844,119.5999984741211,120.3499984741211,0.0,5002900
2024-05-17,114.24043273925781,121.70999908447266,0.0,121.98999786376953,120.05999755859375,120.9000015258789,0.0,4450300
2024-05-20,113.47076416015625,120.88999938964844,0.0,122.11000061035156,120.48999786376953,121.75,0.0,2814700
2024-05-21,113.02021026611328,120.41000366210938,0.0,121.7300033569336,120.29000091552734,120.69000244140625,0.0,2756700
2024-05-22,110.93646240234375,118.19000244140625,0.0,119.72000122070312,117.38999938964844,119.5199966430664,0.0,4468100
2024-05-23,110.42961120605469,117.6500015258789,0.0,119.43000030517578,117.19999694824219,118.83000183105469,0.0,3757200
2024-05-24,110.05416107177734,117.25,0.0,118.58999633789062,116.86000061035156,118.38999938964844,0.0,2851100
2024-05-28,111.65921020507812,118.95999908447266,0.0,119.2300033569336,117.7300033569336,117.83000183105469,0.0,3830700
2024-05-29,108.17689514160156,115.25,0.0,117.66000366210938,113.80999755859375,117.5999984741211,0.0,14290900
2024-05-30,106.6093978881836,113.58000183105469,0.0,116.37999725341797,112.93000030517578,115.69999694824219,0.0,9914300
2024-05-31,109.33141326904297,116.4800033569336,0.0,116.54000091552734,113.7699966430664,113.86000061035156,0.0,13830200
2024-06-03,106.881591796875,113.87000274658203,0.0,116.43000030517578,112.95999908447266,116.26000213623047,0.0,7129500
2024-06-04,105.3797836303711,112.2699966430664,0.0,113.0,111.30000305175781,112.80000305175781,0.0,7683600
2024-06-05,105.34224700927734,112.2300033569336,0.0,112.44999694824219,111.30000305175781,112.05999755859375,0.0,5119100
2024-06-06,105.3140640258789,112.19999694824219,0.0,112.4000015258789,111.54000091552734,111.7699966430664,0.0,5355200
2024-06-07,105.12635803222656,112.0,0.0,112.79000091552734,111.1500015258789,111.97000122070312,0.0,4375700
2024-06-10,106.3465805053711,113.30000305175781,0.0,114.0,111.97000122070312,112.37999725341797,0.0,5307300
2024-06-11,106.65631866455078,113.62999725341797,0.0,113.6500015258789,112.6500015258789,113.19000244140625,0.0,4181900
2024-06-12,105.30470275878906,112.19000244140625,0.0,114.97000122070312,111.55999755859375,114.5,0.0,8650100
2024-06-13,104.08447265625,110.88999938964844,0.0,112.16999816894531,110.08999633789062,112.0,0.0,5939300
2024-06-14,102.67654418945312,109.38999938964844,0.0,111.18000030517578,109.12000274658203,111.18000030517578,0.0,5690400
2024-06-17,102.81732177734375,109.54000091552734,0.0,109.9000015258789,108.4800033569336,108.9000015258789,0.0,5754200
2024-06-18,102.6953125,109.41000366210938,0.0,111.19999694824219,109.01000213623047,110.06999969482422,0.0,5690200
2024-06-20,104.49747467041016,111.33000183105469,0.0,111.8499984741211,109.26000213623047,109.5999984741211,0.0,5442400
2024-06-21,104.50687408447266,111.33999633789062,0.0,112.26000213623047,110.7300033569336,111.83000183105469,0.0,27096700
2024-06-24,108.10181427001953,115.16999816894531,0.0,115.98999786376953,111.91000366210938,112.25,0.0,8802700
2024-06-25,107.93284606933594,114.98999786376953,0.0,115.05999755859375,113.66000366210938,114.70999908447266,0.0,4956400
2024-06-26,106.6375503540039,113.61000061035156,0.0,115.19999694824219,112.76000213623047,115.19999694824219,0.0,5366500
2024-06-27,106.97544860839844,113.97000122070312,0.0,114.33000183105469,113.11000061035156,114.0,0.0,3846500
2024-06-28,107.36028289794922,114.37999725341797,0.0,115.56999969482422,113.63999938964844,115.4000015258789,0.0,7191800
2024-07-01,107.34151458740234,114.36000061035156,0.0,115.45999908447266,113.6500015258789,115.04000091552734,0.0,3925100
2024-07-02,107.11624908447266,114.12000274658203,0.0,115.61000061035156,113.33000183105469,115.37999725341797,0.0,3836700
2024-07-03,107.72635650634766,114.7699966430664,0.0,115.66000366210938,113.69999694824219,114.05000305175781,0.0,2326200
2024-07-05,105.6426010131836,112.55000305175781,0.0,114.72000122070312,112.13999938964844,114.52999877929688,0.0,4188300
2024-07-08,105.34224700927734,112.2300033569336,0.0,112.63999938964844,111.31999969482422,111.97000122070312,0.0,4199600
2024-07-09,104.3660659790039,111.19000244140625,0.0,112.63999938964844,110.66000366210938,110.91000366210938,0.0,3460400
2024-07-10,105.62383270263672,112.52999877929688,0.0,112.62999725341797,110.4800033569336,110.79000091552734,0.0,3867700
2024-07-11,106.99421691894531,113.98999786376953,0.0,114.37999725341797,111.95999908447266,112.52999877929688,0.0,5839100
2024-07-12,106.19639587402344,113.13999938964844,0.0,114.5999984741211,112.8499984741211,114.4000015258789,0.0,4505900
2024-07-15,107.53863525390625,114.56999969482422,0.0,115.19999694824219,113.0199966430664,114.01000213623047,0.0,5118100
2024-07-16,108.1205825805664,115.19000244140625,0.0,115.41999816894531,113.1500015258789,113.72000122070312,0.0,4633700
2024-07-17,108.95596313476562,116.08000183105469,0.0,117.4000015258789,115.52999877929688,115.75,0.0,6484000
2024-07-18,109.45343017578125,116.61000061035156,0.0,118.4000015258789,115.3499984741211,116.30000305175781,0.0,5957100
2024-07-19,107.33213806152344,114.3499984741211,0.0,117.31999969482422,114.2300033569336,117.16000366210938,0.0,7559100
2024-07-22,105.42672729492188,112.31999969482422,0.0,113.66999816894531,112.0999984741211,113.5999984741211,0.0,5172800
2024-07-23,104.02816772460938,110.83000183105469,0.0,112.05000305175781,110.06999969482422,111.8499984741211,0.0,5714300
2024-07-24,104.2815933227539,111.0999984741211,0.0,112.41999816894531,110.51000213623047,111.72000122070312,0.0,4808000
2024-07-25,104.21588897705078,111.02999877929688,0.0,112.04000091552734,110.44999694824219,111.0,0.0,5492100
2024-07-26,104.05631256103516,110.86000061035156,0.0,111.54000091552734,109.93000030517578,111.1500015258789,0.0,5198800
2024-07-29,102.42310333251953,109.12000274658203,0.0,111.29000091552734,108.37999725341797,111.23999786376953,0.0,4629500
2024-07-30,103.16462707519531,109.91000366210938,0.0,110.2699966430664,108.94000244140625,109.16999816894531,0.0,9794200
2024-07-31,104.37545013427734,111.19999694824219,0.0,112.4000015258789,111.0999984741211,111.61000061035156,0.0,7554600
2024-08-01,101.73790740966797,108.38999938964844,0.0,112.68000030517578,107.91999816894531,112.44999694824219,0.0,9704600
2024-08-02,99.27869415283203,105.7699966430664,0.0,108.08000183105469,103.9800033569336,107.72000122070312,0.0,7445100
2024-08-05,98.15234375,104.56999969482422,0.0,105.30999755859375,102.2699966430664,104.0,0.0,8475000
2024-08-06,99.30685424804688,105.80000305175781,0.0,106.44999694824219,104.11000061035156,104.56999969482422,0.0,8424900
2024-08-07,100.36750030517578,106.93000030517578,0.0,108.44000244140625,106.44000244140625,107.25,0.0,7735400
2024-08-08,101.62527465820312,108.2699966430664,0.0,108.63999938964844,106.91999816894531,107.23999786376953,0.0,5392900
2024-08-09,101.94440460205078,108.61000061035156,0.0,109.0999984741211,107.08999633789062,108.2699966430664,0.0,5776200
2024-08-12,104.02432250976562,110.02999877929688,0.78,110.2300033569336,108.27999877929688,108.44999694824219,0.0,5906900
2024-08-13,102.42655944824219,108.33999633789062,0.0,109.37999725341797,107.86000061035156,108.98999786376953,0.0,5866800
2024-08-14,103.362548828125,109.33000183105469,0.0,109.83999633789062,108.2300033569336,108.51000213623047,0.0,6388000
2024-08-15,105.15882873535156,111.2300033569336,0.0,111.37000274658203,109.68000030517578,109.68000030517578,0.0,6307000
2024-08-16,105.1115493774414,111.18000030517578,0.0,111.37999725341797,109.86000061035156,110.31999969482422,0.0,3819100
2024-08-19,105.6409912109375,111.73999786376953,0.0,112.75,111.12000274658203,111.22000122070312,0.0,4335600
2024-08-20,103.85414123535156,109.8499984741211,0.0,111.80999755859375,108.8499984741211,111.56999969482422,0.0,6783300
2024-08-21,103.63671112060547,109.62000274658203,0.0,111.19000244140625,108.9000015258789,110.80999755859375,0.0,4011900
2024-08-22,103.96760559082031,109.97000122070312,0.0,110.5199966430664,109.41000366210938,109.5999984741211,0.0,3644500
2024-08-23,105.31954193115234,111.4000015258789,0.0,111.48999786376953,110.2699966430664,110.83000183105469,0.0,4024200
2024-08-26,107.36164093017578,113.55999755859375,0.0,115.02999877929688,112.94000244140625,113.0199966430664,0.0,6253900
2024-08-27,106.29332733154297,112.43000030517578,0.0,113.66000366210938,112.05999755859375,113.66000366210938,0.0,3521700
2024-08-28,106.02861022949219,112.1500015258789,0.0,112.19999694824219,110.63999938964844,112.04000091552734,0.0,4506400
2024-08-29,108.12743377685547,114.37000274658203,0.0,115.13999938964844,112.06999969482422,112.9800033569336,0.0,5270200
2024-08-30,107.5791015625,113.79000091552734,0.0,114.04000091552734,112.41000366210938,113.12000274658203,0.0,5559500
2024-09-03,103.85414123535156,109.8499984741211,0.0,111.91000366210938,109.20999908447266,111.9000015258789,0.0,6369900
2024-09-04,102.63455200195312,108.55999755859375,0.0,111.19000244140625,108.44000244140625,110.33000183105469,0.0,6251500
2024-09-05,101.58514404296875,107.44999694824219,0.0,109.38999938964844,107.29000091552734,109.22000122070312,0.0,5582400
2024-09-06,100.23319244384766,106.0199966430664,0.0,108.62000274658203,105.72000122070312,107.7300033569336,0.0,5229900
2024-09-09,99.83612823486328,105.5999984741211,0.0,106.66999816894531,105.54000091552734,106.05000305175781,0.0,6477000
2024-09-10,98.32344818115234,104.0,0.0,105.73999786376953,103.23999786376953,105.55000305175781,0.0,5611500
2024-09-11,96.97151184082031,102.56999969482422,0.0,104.04000091552734,101.30000305175781,103.80000305175781,0.0,6803100
2024-09-12,97.28348541259766,102.9000015258789,0.0,103.68000030517578,102.1500015258789,102.72000122070312,0.0,6775900
2024-09-13,97.85074615478516,103.5,0.0,104.37000274658203,103.05000305175781,103.31999969482422,0.0,5441600
2024-09-16,99.78885650634766,105.55000305175781,0.0,105.69000244140625,104.44999694824219,104.95999908447266,0.0,9325300
2024-09-17,102.3792953491211,108.29000091552734,0.0,108.5,105.30000305175781,105.51000213623047,0.0,8661300
2024-09-18,102.6912841796875,108.62000274658203,0.0,109.93000030517578,107.51000213623047,107.5199966430664,0.0,7424100
2024-09-19,104.51593780517578,110.55000305175781,0.0,111.3499984741211,109.37000274658203,110.5,0.0,7990700
2024-09-20,103.87305450439453,109.87000274658203,0.0,111.73999786376953,109.7300033569336,111.16000366210938,0.0,33515100
2024-09-23,103.702880859375,109.69000244140625,0.0,110.94000244140625,107.48999786376953,110.0999984741211,0.0,8197600
2024-09-24,102.9654541015625,108.91000366210938,0.0,111.47000122070312,108.77999877929688,111.33999633789062,0.0,7787400
2024-09-25,99.95903778076172,105.7300033569336,0.0,108.81999969482422,105.69000244140625,108.5,0.0,6561400
2024-09-26,96.7257080078125,102.30999755859375,0.0,104.22000122070312,102.16999816894531,103.0,0.0,9524000
2024-09-27,99.00416564941406,104.72000122070312,0.0,104.83999633789062,102.5999984741211,102.62999725341797,0.0,5489500
2024-09-30,99.53358459472656,105.27999877929688,0.0,105.58000183105469,103.87000274658203,104.4000015258789,0.0,6584000
2024-10-01,103.4003677368164,109.37000274658203,0.0,109.68000030517578,104.0999984741211,104.54000091552734,0.0,8067600
2024-10-02,104.3363037109375,110.36000061035156,0.0,111.63999938964844,108.58999633789062,111.27999877929688,0.0,7559900
2024-10-03,106.28386688232422,112.41999816894531,0.0,112.51000213623047,109.98999786376953,110.69999694824219,0.0,7397400
2024-10-04,108.28815460205078,114.54000091552734,0.0,114.62999725341797,112.05000305175781,113.56999969482422,0.0,7585100
2024-10-07,108.45833587646484,114.72000122070312,0.0,116.08000183105469,114.44000244140625,114.94000244140625,0.0,4899800
2024-10-08,104.75230407714844,110.80000305175781,0.0,112.91999816894531,110.16000366210938,112.73999786376953,0.0,5579800
2024-10-09,104.91302490234375,110.97000122070312,0.0,111.5199966430664,109.55000305175781,109.91000366210938,0.0,4217200
2024-10-10,105.75444030761719,111.86000061035156,0.0,112.83000183105469,110.76000213623047,111.63999938964844,0.0,3946400
2024-10-11,104.45921325683594,110.48999786376953,0.0,111.69999694824219,110.2699966430664,110.75,0.0,6820300
2024-10-14,103.49488830566406,109.47000122070312,0.0,110.43000030517578,108.9000015258789,109.69999694824219,0.0,5174000
2024-10-15,99.4674072265625,105.20999908447266,0.0,107.12999725341797,105.12000274658203,106.0,0.0,6395700
2024-10-16,99.42015075683594,105.16000366210938,0.0,106.0,105.04000091552734,105.63999938964844,0.0,4602900
2024-10-17,100.3561019897461,106.1500015258789,0.0,106.23999786376953,104.94000244140625,105.31999969482422,0.0,5093400
2024-10-18,99.90230560302734,105.66999816894531,0.0,106.13999938964844,104.69999694824219,105.93000030517578,0.0,4326600
2024-10-21,99.25940704345703,104.98999786376953,0.0,106.83999633789062,104.69000244140625,106.6500015258789,0.0,4387000
2024-10-22,99.26886749267578,105.0,0.0,105.80999755859375,104.76000213623047,105.77999877929688,0.0,4710800
2024-10-23,98.80561828613281,104.51000213623047,0.0,105.05999755859375,103.66000366210938,104.58999633789062,0.0,4541300
2024-10-24,98.67326354980469,104.37000274658203,0.0,105.16999816894531,103.44999694824219,105.0,0.0,3504600
2024-10-25,98.8528823852539,104.55999755859375,0.0,105.43000030517578,104.25,105.05999755859375,0.0,3823100
2024-10-28,97.62385559082031,103.26000213623047,0.0,103.3499984741211,101.5,101.80000305175781,0.0,4438900
2024-10-29,96.73514556884766,102.31999969482422,0.0,103.76000213623047,102.16000366210938,102.95999908447266,0.0,3809400
2024-10-30,97.35912322998047,102.9800033569336,0.0,103.43000030517578,102.37000274658203,102.86000061035156,0.0,6413100
2024-10-31,103.56106567382812,109.54000091552734,0.0,110.6500015258789,106.0,106.97000122070312,0.0,11969400
2024-11-01,101.95384979248047,107.83999633789062,0.0,110.01000213623047,106.68000030517578,109.51000213623047,0.0,7428000
2024-11-04,102.91818237304688,108.86000061035156,0.0,110.06999969482422,108.72000122070312,109.0,0.0,5441700
2024-11-05,103.24908447265625,109.20999908447266,0.0,110.0199966430664,108.58000183105469,109.19000244140625,0.0,6003100
2024-11-06,107.42782592773438,113.62999725341797,0.0,114.87000274658203,111.38999938964844,112.0,0.0,7733600
2024-11-07,106.26496887207031,112.4000015258789,0.0,113.98999786376953,111.86000061035156,113.91000366210938,0.0,5442000
2024-11-08,106.23640441894531,111.58999633789062,0.78,112.0,110.55999755859375,111.0999984741211,0.0,5314000
2024-11-11,106.6743392944336,112.05000305175781,0.0,112.75,110.94999694824219,111.5199966430664,0.0,3820200
2024-11-12,105.33198547363281,110.63999938964844,0.0,112.83000183105469,110.47000122070312,112.45999908447266,0.0,5175700
2024-11-13,106.45538330078125,111.81999969482422,0.0,112.45999908447266,109.5,110.41999816894531,0.0,5961600
2024-11-14,107.50260162353516,112.91999816894531,0.0,113.0199966430664,111.3499984741211,112.58999633789062,0.0,4389900
2024-11-15,106.931396484375,112.31999969482422,0.0,114.06999969482422,111.87999725341797,112.68000030517578,0.0,4124000
2024-11-18,108.30229949951172,113.76000213623047,0.0,114.45999908447266,112.75,113.38999938964844,0.0,5089000
2024-11-19,107.66444396972656,113.08999633789062,0.0,114.13999938964844,112.25,112.62000274658203,0.0,5100000
2024-11-20,107.98812866210938,113.43000030517578,0.0,113.98999786376953,112.63999938964844,112.9000015258789,0.0,4092700
2024-11-21,106.53153228759766,111.9000015258789,0.0,115.37999725341797,111.5,114.2699966430664,0.0,12535500
2024-11-22,106.38872528076172,111.75,0.0,112.7300033569336,111.12999725341797,112.16999816894531,0.0,7516200
2024-11-25,101.00979614257812,106.0999984741211,0.0,111.95999908447266,105.54000091552734,111.9000015258789,0.0,23447400
2024-11-26,101.65715789794922,106.77999877929688,0.0,107.3499984741211,104.9000015258789,106.62000274658203,0.0,12073700
2024-11-27,102.23790740966797,107.38999938964844,0.0,108.98999786376953,107.11000061035156,107.36000061035156,0.0,6237600
2024-11-29,103.14231872558594,108.33999633789062,0.0,108.5199966430664,107.36000061035156,107.75,0.0,3918700
2024-12-02,101.0478744506836,106.13999938964844,0.0,108.73999786376953,105.54000091552734,108.33999633789062,0.0,5939700
2024-12-03,100.96218872070312,106.05000305175781,0.0,107.66999816894531,105.70999908447266,107.02999877929688,0.0,5862600
2024-12-04,98.5440444946289,103.51000213623047,0.0,106.11000061035156,102.83000183105469,105.94000244140625,0.0,7291000
2024-12-05,99.42943572998047,104.44000244140625,0.0,105.87000274658203,104.01000213623047,105.08000183105469,0.0,7074700
2024-12-06,98.2679672241211,103.22000122070312,0.0,104.58999633789062,102.4000015258789,104.44999694824219,0.0,5365600
2024-12-09,98.2108383178711,103.16000366210938,0.0,105.05000305175781,102.87999725341797,104.22000122070312,0.0,6526500
2024-12-10,97.44921112060547,102.36000061035156,0.0,104.13999938964844,102.0999984741211,103.62999725341797,0.0,5860800
2024-12-11,97.2873764038086,102.19000244140625,0.0,102.72000122070312,101.69000244140625,102.36000061035156,0.0,8195500
2024-12-12,96.06878662109375,100.91000366210938,0.0,102.62000274658203,100.87000274658203,102.37999725341797,0.0,5908600
2024-12-13,96.17350006103516,101.0199966430664,0.0,102.26000213623047,100.58000183105469,101.05000305175781,0.0,6887800
2024-12-16,94.79307556152344,99.56999969482422,0.0,101.48999786376953,99.43000030517578,101.12999725341797,0.0,7441800
2024-12-17,93.5459213256836,98.26000213623047,0.0,99.26000213623047,96.75,98.7699966430664,0.0,8737800
2024-12-18,91.25154113769531,95.8499984741211,0.0,98.51000213623047,95.75,98.0,0.0,8466500
2024-12-19,90.61369323730469,95.18000030517578,0.0,96.98999786376953,95.0999984741211,96.98999786376953,0.0,9951200
2024-12-20,90.55656433105469,95.12000274658203,0.0,96.37999725341797,94.2300033569336,94.76000213623047,0.0,29542200
2024-12-23,91.75611877441406,96.37999725341797,0.0,96.87999725341797,94.58000183105469,95.43000030517578,0.0,7892300
2024-12-24,92.45108795166016,97.11000061035156,0.0,97.19000244140625,95.8499984741211,96.5,0.0,2677400
2024-12-26,92.24165344238281,96.88999938964844,0.0,97.1500015258789,96.23999786376953,97.12999725341797,0.0,4325600
2024-12-27,92.27020263671875,96.91999816894531,0.0,97.9800033569336,96.47000122070312,97.0,0.0,5889700
2024-12-30,92.43204498291016,97.08999633789062,0.0,97.5999984741211,96.13999938964844,97.25,0.0,5238800
2024-12-31,94.41226959228516,99.16999816894531,0.0,99.30000305175781,97.0999984741211,97.30000305175781,0.0,5556400
2025-01-02,95.27861022949219,100.08000183105469,0.0,101.27999877929688,99.5199966430664,100.0,0.0,5080600
2025-01-03,96.24015045166016,101.08999633789062,0.0,101.4000015258789,100.29000091552734,100.62000274658203,0.0,5758200
2025-01-06,95.19292449951172,99.98999786376953,0.0,102.1500015258789,99.63999938964844,101.55000305175781,0.0,5935500
2025-01-07,96.79231262207031,101.66999816894531,0.0,102.48999786376953,99.91000366210938,100.5,0.0,5074700
2025-01-08,96.7447280883789,101.62000274658203,0.0,102.44999694824219,100.75,101.0,0.0,5119900
2025-01-10,97.03032684326172,101.91999816894531,0.0,104.44000244140625,101.19000244140625,103.5,0.0,7013200
2025-01-13,99.2295150756836,104.2300033569336,0.0,105.0999984741211,102.0199966430664,102.0199966430664,0.0,7342100
2025-01-14,99.84832000732422,104.87999725341797,0.0,104.94999694824219,103.1500015258789,103.37999725341797,0.0,4808100
2025-01-15,100.4195327758789,105.4800033569336,0.0,105.87000274658203,104.44000244140625,105.0199966430664,0.0,4566900
2025-01-16,100.54329681396484,105.61000061035156,0.0,106.16999816894531,105.08999633789062,105.19000244140625,0.0,5273500
2025-01-17,100.77178192138672,105.8499984741211,0.0,106.1500015258789,105.16999816894531,105.80000305175781,0.0,8559300
2025-01-21,99.27711486816406,104.27999877929688,0.0,105.7300033569336,104.04000091552734,105.0,0.0,7144700
2025-01-22,98.11563873291016,103.05999755859375,0.0,104.98999786376953,102.91999816894531,104.27999877929688,0.0,4839100
2025-01-23,99.00102233886719,103.98999786376953,0.0,105.4800033569336,103.62999725341797,104.11000061035156,0.0,5734200
2025-01-24,96.94464874267578,101.83000183105469,0.0,104.75,101.7300033569336,104.51000213623047,0.0,5962100
2025-01-27,97.76338958740234,102.69000244140625,0.0,103.70999908447266,101.4000015258789,102.45999908447266,0.0,6831000
2025-01-28,96.5162353515625,101.37999725341797,0.0,103.33000183105469,100.73999786376953,102.88999938964844,0.0,4742100
2025-01-29,96.68759155273438,101.55999755859375,0.0,101.9000015258789,100.3499984741211,101.1500015258789,0.0,4130600
2025-01-30,96.59239959716797,101.45999908447266,0.0,102.2699966430664,100.94000244140625,102.0,0.0,4046900
2025-01-31,94.08858489990234,98.83000183105469,0.0,101.33999633789062,98.55999755859375,101.33000183105469,0.0,6264900
2025-02-03,93.75536346435547,98.4800033569336,0.0,98.94000244140625,97.04000091552734,98.75,0.0,5948600
2025-02-04,95.75462341308594,100.58000183105469,0.0,100.80000305175781,97.52999877929688,97.69999694824219,0.0,5310900
2025-02-05,95.4023666381836,100.20999908447266,0.0,100.87999725341797,99.4000015258789,100.52999877929688,0.0,6961100
2025-02-06,95.14532470703125,99.94000244140625,0.0,101.0999984741211,98.5999984741211,98.88999938964844,0.0,8543400
2025-02-07,93.64112854003906,98.36000061035156,0.0,100.44999694824219,98.2699966430664,100.05999755859375,0.0,12121700
2025-02-10,94.70738983154297,99.4800033569336,0.0,99.61000061035156,97.81999969482422,99.61000061035156,0.0,10338500
2025-02-11,96.83039855957031,101.70999908447266,0.0,102.61000061035156,99.19999694824219,99.52999877929688,0.0,8063700
2025-02-12,93.67919921875,98.4000015258789,0.0,101.70999908447266,98.33000183105469,101.0,0.0,7585800
2025-02-13,92.25116729736328,96.9000015258789,0.0,98.01000213623047,96.41000366210938,97.81999969482422,0.0,9329100
2025-02-14,92.38553619384766,96.26000213623047,0.78,98.45999908447266,96.23999786376953,96.91000366210938,0.0,7960800
2025-02-18,93.52762603759766,97.44999694824219,0.0,97.62999725341797,95.29000091552734,96.23999786376953,0.0,11777700
2025-02-19,95.56230163574219,99.56999969482422,0.0,100.29000091552734,98.16000366210938,98.3499984741211,0.0,7515100
2025-02-20,97.89450073242188,102.0,0.0,102.08999633789062,99.19999694824219,99.75,0.0,6309200
2025-02-21,93.99790954589844,97.94000244140625,0.0,101.56999969482422,97.79000091552734,101.05000305175781,0.0,8562200
2025-02-24,94.84249114990234,98.81999969482422,0.0,99.3499984741211,97.88999938964844,98.05999755859375,0.0,6277700
2025-02-25,93.17253112792969,97.08000183105469,0.0,99.76000213623047,96.87999725341797,99.27999877929688,0.0,5822000
2025-02-26,92.26075744628906,96.12999725341797,0.0,97.4000015258789,95.2300033569336,97.30000305175781,0.0,6292400
2025-02-27,93.45085906982422,97.37000274658203,0.0,98.98999786376953,96.30999755859375,97.19999694824219,0.0,6306300
2025-02-28,95.15921783447266,99.1500015258789,0.0,99.19000244140625,96.08999633789062,97.12999725341797,0.0,9002600
2025-03-03,88.90164184570312,92.62999725341797,0.0,99.76000213623047,91.55999755859375,99.75,0.0,12640200
2025-03-04,86.99173736572266,90.63999938964844,0.0,92.11000061035156,88.47000122070312,91.05999755859375,0.0,14000500
2025-03-05,85.30256652832031,88.87999725341797,0.0,89.4000015258789,86.80999755859375,88.83000183105469,0.0,12081100
2025-03-06,85.03384399414062,88.5999984741211,0.0,89.63999938964844,87.91999816894531,88.80000305175781,0.0,8679000
2025-03-07,86.98213195800781,90.62999725341797,0.0,91.06999969482422,89.38999938964844,89.38999938964844,0.0,8603700
2025-03-10,89.16078186035156,92.9000015258789,0.0,94.02999877929688,90.6500015258789,91.44999694824219,0.0,12086700
2025-03-11,91.56974792480469,95.41000366210938,0.0,96.13999938964844,92.9000015258789,92.9000015258789,0.0,14544100
2025-03-12,93.81555938720703,97.75,0.0,97.79000091552734,95.01000213623047,95.18000030517578,0.0,10147300
2025-03-13,92.31835174560547,96.19000244140625,0.0,99.37000274658203,96.13999938964844,97.0,0.0,11354700
2025-03-14,94.9672622680664,98.94999694824219,0.0,99.63999938964844,96.22000122070312,96.94000244140625,0.0,7625800
2025-03-17,95.36077117919922,99.36000061035156,0.0,100.5199966430664,99.0199966430664,99.25,0.0,8031100
2025-03-18,96.4836654663086,100.52999877929688,0.0,100.93000030517578,98.7300033569336,100.45999908447266,0.0,7861500
2025-03-19,97.25147247314453,101.33000183105469,0.0,102.66000366210938,100.2699966430664,100.5,0.0,8784600
2025-03-20,98.19202423095703,102.30999755859375,0.0,102.62999725341797,100.83999633789062,101.1500015258789,0.0,11577800
2025-03-21,97.81771850585938,101.91999816894531,0.0,102.95999908447266,101.33999633789062,102.41000366210938,0.0,55090400
2025-03-24,98.07685089111328,102.19000244140625,0.0,102.93000030517578,101.56999969482422,102.02999877929688,0.0,6768300
2025-03-25,98.42235565185547,102.55000305175781,0.0,103.3499984741211,101.41999816894531,102.58000183105469,0.0,6556500
2025-03-26,99.04619598388672,103.19999694824219,0.0,104.87000274658203,102.61000061035156,103.6500015258789,0.0,7168400
2025-03-27,98.68148803710938,102.81999969482422,0.0,103.83999633789062,102.2300033569336,102.9000015258789,0.0,4712000
2025-03-28,98.2496109008789,102.37000274658203,0.0,103.26000213623047,101.61000061035156,102.44000244140625,0.0,3745400
2025-03-31,100.79293060302734,105.0199966430664,0.0,105.45999908447266,102.01000213623047,102.22000122070312,0.0,7905800
2025-04-01,101.1480484008789,105.38999938964844,0.0,105.70999908447266,104.0199966430664,104.91000366210938,0.0,6809500
2025-04-02,101.8294677734375,106.0999984741211,0.0,106.19999694824219,104.23999786376953,104.4000015258789,0.0,6527500
2025-04-03,91.41619110107422,95.25,0.0,101.44000244140625,95.12000274658203,100.33000183105469,0.0,13870900
2025-04-04,82.81682586669922,86.29000091552734,0.0,92.6500015258789,85.55000305175781,92.0999984741211,0.0,15158400
2025-04-07,82.2217788696289,85.66999816894531,0.0,89.41999816894531,81.72000122070312,84.01000213623047,0.0,12870200
2025-04-08,79.33293914794922,82.66000366210938,0.0,88.27999877929688,81.2699966430664,87.1500015258789,0.0,11509800
2025-04-09,87.82671356201172,91.51000213623047,0.0,92.47000122070312,79.87999725341797,81.11000061035156,0.0,17841900
2025-04-10,79.93756866455078,83.29000091552734,0.0,88.6500015258789,80.80000305175781,88.5,0.0,15621900
2025-04-11,82.91280364990234,86.38999938964844,0.0,86.9800033569336,82.45999908447266,83.30000305175781,0.0,9233400
2025-04-14,82.97038269042969,86.44999694824219,0.0,88.62000274658203,85.58999633789062,88.5999984741211,0.0,6537200
2025-04-15,82.269775390625,85.72000122070312,0.0,87.70999908447266,85.47000122070312,86.5999984741211,0.0,5739600
2025-04-16,82.8840103149414,86.36000061035156,0.0,88.36000061035156,86.01000213623047,86.37999725341797,0.0,6093300
2025-04-17,85.3985595703125,88.9800033569336,0.0,90.4800033569336,87.69000244140625,87.80999755859375,0.0,7804400
2025-04-21,84.02610778808594,87.55000305175781,0.0,87.86000061035156,86.33000183105469,87.26000213623047,0.0,6213500
2025-04-22,86.14715576171875,89.76000213623047,0.0,90.47000122070312,87.81999969482422,88.88999938964844,0.0,5556800
2025-04-23,86.31031799316406,89.93000030517578,0.0,91.66999816894531,89.08000183105469,90.77999877929688,0.0,7699600
2025-04-24,88.10504913330078,91.80000305175781,0.0,92.20999908447266,90.13999938964844,90.75,0.0,6520300
2025-04-25,88.02825927734375,91.72000122070312,0.0,92.01000213623047,90.61000061035156,90.6500015258789,0.0,4736600
2025-04-28,89.1895751953125,92.93000030517578,0.0,93.33999633789062,91.62000274658203,91.62000274658203,0.0,4667600
2025-04-29,88.18182373046875,91.87999725341797,0.0,92.61000061035156,90.38999938964844,91.0,0.0,4828800
2025-04-30,85.53292846679688,89.12000274658203,0.0,90.75,88.06999969482422,90.7300033569336,0.0,8415300
2025-05-01,87.00133514404297,90.6500015258789,0.0,91.37999725341797,88.25,88.43000030517578,0.0,8027600
2025-05-02,87.73075103759766,91.41000366210938,0.0,92.44000244140625,89.69999694824219,91.76000213623047,0.0,6895400
2025-05-05,84.08369445800781,87.61000061035156,0.0,89.80999755859375,87.55000305175781,89.80999755859375,0.0,9275000
2025-05-06,84.10289001464844,87.62999725341797,0.0,89.56999969482422,87.58000183105469,88.5199966430664,0.0,8902400
2025-05-07,84.17967224121094,87.70999908447266,0.0,88.31999969482422,86.87999725341797,88.19999694824219,0.0,9200900
2025-05-08,85.24498748779297,88.81999969482422,0.0,92.26000213623047,88.69000244140625,89.36000061035156,0.0,15884200
2025-05-09,85.02424621582031,88.58999633789062,0.0,91.06999969482422,88.30000305175781,90.88999938964844,0.0,7569300
2025-05-12,88.55613708496094,92.2699966430664,0.0,94.22000122070312,92.08999633789062,93.38999938964844,0.0,8799600
2025-05-13,90.37965393066406,94.16999816894531,0.0,95.08000183105469,92.29000091552734,92.7300033569336,0.0,8293600
2025-05-14,88.84405517578125,92.56999969482422,0.0,93.81999969482422,92.37000274658203,93.01000213623047,0.0,7605200
2025-05-15,89.2183609008789,92.95999908447266,0.0,93.08000183105469,90.7300033569336,90.91000366210938,0.0,6696200
2025-05-16,88.70968627929688,92.43000030517578,0.0,93.62000274658203,91.51000213623047,93.56999969482422,0.0,6696200
2025-05-19,87.50946807861328,90.41000366210938,0.78,91.9000015258789,90.0,91.75,0.0,7190100
2025-05-20,86.81257629394531,89.69000244140625,0.0,90.43000030517578,89.22000122070312,90.16000366210938,0.0,5313200
2025-05-21,84.35405731201172,87.1500015258789,0.0,89.55999755859375,87.04000091552734,89.55999755859375,0.0,8639100
2025-05-22,83.36677551269531,86.12999725341797,0.0,86.56999969482422,84.86000061035156,86.37999725341797,0.0,6587200
2025-05-23,82.45693969726562,85.19000244140625,0.0,85.72000122070312,84.7699966430664,85.04000091552734,0.0,6789600
2025-05-27,82.80538940429688,85.55000305175781,0.0,85.79000091552734,84.55999755859375,85.6500015258789,0.0,7227100
2025-05-28,81.86651611328125,84.58000183105469,0.0,86.61000061035156,84.27999877929688,86.5199966430664,0.0,6793000
2025-05-29,82.85379028320312,85.5999984741211,0.0,85.61000061035156,84.33999633789062,84.80000305175781,0.0,6999800
2025-05-30,82.61180114746094,85.3499984741211,0.0,86.05000305175781,84.54000091552734,84.94999694824219,0.0,20170600
2025-06-02,83.93785858154297,86.72000122070312,0.0,87.55999755859375,85.86000061035156,87.05000305175781,0.0,8634400
2025-06-03,85.08967590332031,87.91000366210938,0.0,88.5999984741211,85.37999725341797,86.66000366210938,0.0,5642900
2025-06-04,83.19255065917969,85.94999694824219,0.0,88.87000274658203,85.80000305175781,87.94999694824219,0.0,7268000
2025-06-05,82.61180114746094,85.3499984741211,0.0,86.83999633789062,85.2300033569336,86.83999633789062,0.0,5110200
2025-06-06,84.42181396484375,87.22000122070312,0.0,87.79000091552734,86.7300033569336,86.75,0.0,6042100
2025-06-09,85.21551513671875,88.04000091552734,0.0,88.80999755859375,87.0199966430664,87.80000305175781,0.0,6212600
2025-06-10,88.25476837158203,91.18000030517578,0.0,91.69000244140625,89.08000183105469,89.33000183105469,0.0,9687600
2025-06-11,90.35514068603516,93.3499984741211,0.0,93.81999969482422,91.13999938964844,91.81999969482422,0.0,8738500
2025-06-12,91.65216064453125,94.69000244140625,0.0,94.76000213623047,92.12999725341797,92.69999694824219,0.0,7862300
2025-06-13,93.8493423461914,96.95999908447266,0.0,98.25,95.45999908447266,96.52999877929688,0.0,16849700
2025-06-16,91.95221710205078,95.0,0.0,96.91999816894531,94.01000213623047,96.12000274658203,0.0,10330400
2025-06-17,92.43617248535156,95.5,0.0,96.75,94.83000183105469,95.93000030517578,0.0,9468100
2025-06-18,90.79072570800781,93.80000305175781,0.0,96.1500015258789,93.30999755859375,95.5199966430664,0.0,9116000
2025-06-20,91.65216064453125,94.69000244140625,0.0,95.18000030517578,93.69000244140625,94.3499984741211,0.0,16026400
2025-06-23,88.76776123046875,91.70999908447266,0.0,96.30999755859375,91.1500015258789,96.25,0.0,9749700
2025-06-24,86.5221939086914,89.38999938964844,0.0,91.6500015258789,89.04000091552734,90.23999786376953,0.0,11016200
2025-06-25,86.14470672607422,89.0,0.0,90.0199966430664,88.80000305175781,89.30999755859375,0.0,8380800
2025-06-26,87.97406768798828,90.88999938964844,0.0,90.91000366210938,89.20999908447266,89.27999877929688,0.0,6545000
2025-06-27,87.27717590332031,90.16999816894531,0.0,90.94999694824219,89.80000305175781,90.9000015258789,0.0,7555700
2025-06-30,86.86096954345703,89.73999786376953,0.0,90.19000244140625,89.0999984741211,89.51000213623047,0.0,6518900
2025-07-01,89.03878784179688,91.98999786376953,0.0,92.33000183105469,89.19999694824219,89.86000061035156,0.0,11895200
2025-07-02,91.41018676757812,94.44000244140625,0.0,94.4800033569336,91.91000366210938,93.12000274658203,0.0,9436000
2025-07-03,90.674560546875,93.68000030517578,0.0,94.7699966430664,93.55000305175781,93.94999694824219,0.0,4331500
2025-07-07,89.58081817626953,92.55000305175781,0.0,93.72000122070312,91.23999786376953,93.3499984741211,0.0,6287100
2025-07-08,92.71686553955078,95.79000091552734,0.0,96.91999816894531,92.5199966430664,92.55000305175781,0.0,12934700
2025-07-09,91.49729919433594,94.52999877929688,0.0,95.79000091552734,94.4000015258789,95.22000122070312,0.0,5351500
2025-07-10,92.31034851074219,95.37000274658203,0.0,95.54000091552734,93.19999694824219,94.0999984741211,0.0,4065100
2025-07-11,92.54264831542969,95.61000061035156,0.0,96.19000244140625,94.66000366210938,94.69999694824219,0.0,4903400
2025-07-14,91.14884185791016,94.16999816894531,0.0,95.66000366210938,93.80999755859375,94.95999908447266,0.0,5504200
2025-07-15,89.58081817626953,92.55000305175781,0.0,94.55999755859375,92.47000122070312,94.2699966430664,0.0,4152400
2025-07-16,88.57418060302734,91.51000213623047,0.0,93.0,91.0999984741211,92.41000366210938,0.0,3773700
2025-07-17,89.83247375488281,92.80999755859375,0.0,92.97000122070312,90.7699966430664,91.0999984741211,0.0,4899400
2025-07-18,88.70001220703125,91.63999938964844,0.0,93.75,90.91999816894531,93.37000274658203,0.0,7968000
2025-07-21,88.0805435180664,91.0,0.0,92.1500015258789,90.9000015258789,91.73999786376953,0.0,4436500
2025-07-22,89.99702453613281,92.9800033569336,0.0,93.30000305175781,91.1500015258789,91.25,0.0,5545500
2025-07-23,91.99093627929688,95.04000091552734,0.0,95.27999877929688,93.1500015258789,93.54000091552734,0.0,6921500
2025-07-24,92.55232238769531,95.62000274658203,0.0,95.79000091552734,94.30000305175781,94.4000015258789,0.0,5047900
2025-07-25,91.90381622314453,94.94999694824219,0.0,96.01000213623047,94.73999786376953,95.69999694824219,0.0,4501800
2025-07-28,93.90740203857422,97.0199966430664,0.0,97.31999969482422,95.69000244140625,95.69000244140625,0.0,4632400
2025-07-29,94.8462905883789,97.98999786376953,0.0,98.06999969482422,96.6500015258789,97.30999755859375,0.0,5157700
2025-07-30,93.56864166259766,96.66999816894531,0.0,97.44999694824219,95.87000274658203,97.38999938964844,0.0,6607600
2025-07-31,92.28130340576172,95.33999633789062,0.0,96.94999694824219,95.0999984741211,95.26000213623047,0.0,5648100
2025-08-01,89.7840805053711,92.76000213623047,0.0,95.48999786376953,92.37999725341797,94.94000244140625,0.0,6349200
2025-08-04,89.8711929321289,92.8499984741211,0.0,93.87000274658203,92.0999984741211,92.25,0.0,9384500
2025-08-05,90.2099609375,93.19999694824219,0.0,93.51000213623047,91.95999908447266,93.1500015258789,0.0,7716200
2025-08-06,90.12285614013672,93.11000061035156,0.0,95.69999694824219,92.58000183105469,94.58999633789062,0.0,7078500
2025-08-07,89.62921905517578,92.5999984741211,0.0,95.13999938964844,91.18000030517578,92.04000091552734,0.0,10307300
2025-08-08,90.89718627929688,93.91000366210938,0.0,94.93000030517578,91.69999694824219,93.55999755859375,0.0,8765300
2025-08-11,90.52937316894531,93.52999877929688,0.0,95.5,92.87000274658203,94.61000061035156,0.0,6491400
2025-08-12,91.55535888671875,94.58999633789062,0.0,96.77999877929688,93.52999877929688,94.38999938964844,0.0,7524800
2025-08-13,92.80398559570312,95.87999725341797,0.0,95.87999725341797,94.26000213623047,94.4000015258789,0.0,7263300
2025-08-14,92.58137512207031,95.6500015258789,0.0,95.77999877929688,94.29000091552734,95.5999984741211,0.0,10057700
2025-08-15,92.27163696289062,95.33000183105469,0.0,96.43000030517578,94.7300033569336,95.44999694824219,0.0,6564700
2025-08-18,91.7348861694336,94.0,0.78,94.5999984741211,93.33999633789062,94.45999908447266,0.0,4849500
2025-08-19,91.50067138671875,93.76000213623047,0.0,94.55999755859375,93.19000244140625,93.54000091552734,0.0,5412100
2025-08-20,92.60343170166016,94.88999938964844,0.0,95.19999694824219,93.94999694824219,94.0,0.0,6133300
2025-08-21,92.49608612060547,94.77999877929688,0.0,95.37000274658203,93.80999755859375,94.76000213623047,0.0,5342100
2025-08-22,94.4478988647461,96.77999877929688,0.0,97.4000015258789,95.18000030517578,95.2300033569336,0.0,6338400
2025-08-25,95.81416320800781,98.18000030517578,0.0,98.22000122070312,96.19999694824219,96.79000091552734,0.0,6850800
2025-08-26,94.71139526367188,97.05000305175781,0.0,98.0,96.37999725341797,97.58999633789062,0.0,7052100
2025-08-27,95.54090118408203,97.9000015258789,0.0,98.62999725341797,96.7699966430664,97.0999984741211,0.0,5759500
2025-08-28,96.07765197753906,98.44999694824219,0.0,98.66000366210938,96.83000183105469,98.06999969482422,0.0,4241000
2025-08-29,96.58512115478516,98.97000122070312,0.0,99.31999969482422,98.05999755859375,98.29000091552734,0.0,4594300
2025-09-02,96.6046371459961,98.98999786376953,0.0,99.6500015258789,97.79000091552734,99.0999984741211,0.0,5192300
2025-09-03,92.36922454833984,94.6500015258789,0.0,98.27999877929688,94.33999633789062,97.62999725341797,0.0,9793500
2025-09-04,93.46222686767578,95.7699966430664,0.0,96.16999816894531,93.9800033569336,94.55000305175781,0.0,5612700
2025-09-05,90.7101821899414,92.94999694824219,0.0,94.87000274658203,92.12999725341797,94.12999725341797,0.0,8510300
2025-09-08,89.19754028320312,91.4000015258789,0.0,93.2300033569336,90.51000213623047,93.02999877929688,0.0,9750600
2025-09-09,89.64645385742188,91.86000061035156,0.0,93.66000366210938,91.44999694824219,92.30999755859375,0.0,5838300
2025-09-10,92.04717254638672,94.31999969482422,0.0,94.33000183105469,91.69000244140625,91.86000061035156,0.0,4353800
2025-09-11,91.86174774169922,94.12999725341797,0.0,94.16000366210938,92.68000030517578,92.83000183105469,0.0,4721000
2025-09-12,90.20272064208984,92.43000030517578,0.0,95.06999969482422,92.41999816894531,94.76000213623047,0.0,5170400
2025-09-15,90.1051254272461,92.33000183105469,0.0,93.05000305175781,91.69000244140625,92.69999694824219,0.0,4932100
2025-09-16,92.26187133789062,94.54000091552734,0.0,95.0999984741211,92.6500015258789,93.08000183105469,0.0,7860400
2025-09-17,91.5592269897461,93.81999969482422,0.0,95.19999694824219,93.13999938964844,94.0199966430664,0.0,7072700
2025-09-18,91.2274169921875,93.4800033569336,0.0,94.4000015258789,92.91000366210938,93.5999984741211,0.0,4416600
2025-09-19,89.70500183105469,91.91999816894531,0.0,93.83000183105469,91.37000274658203,93.79000091552734,0.0,15284100
2025-09-22,89.79283905029297,92.01000213623047,0.0,92.83000183105469,91.08000183105469,91.5,0.0,5798800
2025-09-23,91.2176513671875,93.47000122070312,0.0,95.52999877929688,92.5999984741211,92.5999984741211,0.0,8241900
2025-09-24,93.32560729980469,95.62999725341797,0.0,96.6500015258789,94.0,94.48999786376953,0.0,7935600
2025-09-25,94.47716522216797,96.80999755859375,0.0,97.06999969482422,95.19999694824219,95.19999694824219,0.0,8076300
2025-09-26,96.10693359375,98.4800033569336,0.0,99.6500015258789,96.86000061035156,97.05999755859375,0.0,6812900
2025-09-29,93.5403060913086,95.8499984741211,0.0,97.38999938964844,94.66000366210938,97.19999694824219,0.0,8700500
2025-09-30,92.3106689453125,94.58999633789062,0.0,95.06999969482422,93.55000305175781,94.61000061035156,0.0,7318300
2025-10-01,93.15969848632812,95.45999908447266,0.0,95.94000244140625,93.83000183105469,94.2699966430664,0.0,4794600
2025-10-02,91.12982177734375,93.37999725341797,0.0,96.13999938964844,93.12999725341797,95.0,0.0,5428600
2025-10-03,91.89102935791016,94.16000366210938,0.0,94.70999908447266,93.4800033569336,93.66000366210938,0.0,4321600
2025-10-06,92.62295532226562,94.91000366210938,0.0,95.41999816894531,94.33999633789062,94.77999877929688,0.0,3454100
2025-10-07,92.93524932861328,95.2300033569336,0.0,95.27999877929688,92.62999725341797,94.44999694824219,0.0,4071900
2025-10-08,91.49090576171875,93.75,0.0,95.20999908447266,93.29000091552734,95.19000244140625,0.0,5289400
2025-10-09,89.7342758178711,91.94999694824219,0.0,95.0199966430664,91.81999969482422,94.30999755859375,0.0,6940000
2025-10-10,85.52812957763672,87.63999938964844,0.0,91.0,87.63999938964844,90.91999816894531,0.0,7892400
2025-10-13,86.64067077636719,88.77999877929688,0.0,88.9800033569336,87.58000183105469,88.36000061035156,0.0,5887300
2025-10-14,86.04537200927734,88.16999816894531,0.0,88.88999938964844,86.75,86.9000015258789,0.0,6003900
2025-10-15,85.62572479248047,87.73999786376953,0.0,88.98999786376953,86.58999633789062,88.93000030517578,0.0,6036100
2025-10-16,84.81573486328125,86.91000366210938,0.0,88.43000030517578,85.5999984741211,87.62000274658203,0.0,7816600
2025-10-17,84.3960952758789,86.4800033569336,0.0,87.48999786376953,86.12999725341797,86.93000030517578,0.0,5774600
2025-10-20,84.96211242675781,87.05999755859375,0.0,87.25,86.19999694824219,86.69999694824219,0.0,4636400
2025-10-21,84.32778930664062,86.41000366210938,0.0,87.68000030517578,86.23999786376953,87.25,0.0,5895500
2025-10-22,85.3036880493164,87.41000366210938,0.0,87.76000213623047,86.5199966430664,87.2699966430664,0.0,8307800
2025-10-23,87.90934753417969,90.08000183105469,0.0,90.98999786376953,89.1500015258789,89.70999908447266,0.0,7866300
2025-10-24,85.90874481201172,88.02999877929688,0.0,90.5999984741211,87.93000030517578,90.48999786376953,0.0,7886600
2025-10-27,86.55284118652344,88.69000244140625,0.0,89.38999938964844,88.30999755859375,88.69999694824219,0.0,5716000
2025-10-28,84.69862365722656,86.79000091552734,0.0,88.36000061035156,86.69000244140625,88.30000305175781,0.0,5234800
2025-10-29,85.95753479003906,88.08000183105469,0.0,88.41000366210938,86.73999786376953,86.8499984741211,0.0,5476300
2025-10-30,86.0160903930664,88.13999938964844,0.0,89.25,87.29000091552734,87.93000030517578,0.0,6114200
2025-10-31,86.71874237060547,88.86000061035156,0.0,89.61000061035156,87.52999877929688,87.91000366210938,0.0,5635800
2025-11-03,86.43572998046875,88.56999969482422,0.0,88.83000183105469,87.38999938964844,88.69999694824219,0.0,5310100
2025-11-04,85.79164123535156,87.91000366210938,0.0,88.06999969482422,87.01000213623047,87.37000274658203,0.0,5740400
2025-11-05,85.58668518066406,87.69999694824219,0.0,88.70999908447266,87.55999755859375,87.61000061035156,0.0,6384600
2025-11-06,83.59585571289062,85.66000366210938,0.0,88.36000061035156,85.56999969482422,87.0,0.0,13101800
2025-11-07,84.73766326904297,86.83000183105469,0.0,87.37999725341797,85.58999633789062,86.0999984741211,0.0,7567400
2025-11-10,86.10393524169922,88.2300033569336,0.0,88.55000305175781,86.4000015258789,87.33000183105469,0.0,6071400
2025-11-11,88.50464630126953,90.69000244140625,0.0,91.38999938964844,88.80000305175781,89.12000274658203,0.0,6561600
2025-11-12,86.92367553710938,89.06999969482422,0.0,90.26000213623047,88.94000244140625,89.33000183105469,0.0,6941500
2025-11-13,87.26524353027344,89.41999816894531,0.0,90.66000366210938,88.63999938964844,89.54000091552734,0.0,8207700
2025-11-14,89.16826629638672,91.37000274658203,0.0,91.81999969482422,88.66999816894531,90.23999786376953,0.0,7628400
2025-11-17,87.38548278808594,88.72000122070312,0.84,90.72000122070312,88.0999984741211,90.52999877929688,0.0,8610800
2025-11-18,88.33103942871094,89.68000030517578,0.0,90.3499984741211,88.0999984741211,88.4000015258789,0.0,6876800
2025-11-19,86.6566162109375,87.9800033569336,0.0,88.5,87.04000091552734,88.0,0.0,5092900
2025-11-20,86.15428161621094,87.47000122070312,0.0,90.58999633789062,87.44000244140625,88.48999786376953,0.0,4911200
2025-11-21,86.0557861328125,87.37000274658203,0.0,88.48999786376953,86.54000091552734,87.4000015258789,0.0,7046600
2025-11-24,86.24292755126953,87.55999755859375,0.0,88.12999725341797,86.31999969482422,87.0999984741211,0.0,7143900
2025-11-25,85.31707000732422,86.62000274658203,0.0,86.9800033569336,85.69999694824219,86.66000366210938,0.0,6926400
2025-11-26,85.77999877929688,87.08999633789062,0.0,87.63999938964844,86.4000015258789,86.44999694824219,0.0,5066000
2025-11-28,87.3559341430664,88.69000244140625,0.0,89.38999938964844,86.87999725341797,87.08999633789062,0.0,3304700
2025-12-01,88.9023208618164,90.26000213623047,0.0,91.18000030517578,88.77999877929688,89.12999725341797,0.0,8525400
2025-12-02,87.94690704345703,89.29000091552734,0.0,90.4000015258789,88.58000183105469,90.08000183105469,0.0,5135000
2025-12-03,90.42900085449219,91.80999755859375,0.0,91.83999633789062,89.97000122070312,90.0199966430664,0.0,5647600
2025-12-04,91.71929931640625,93.12000274658203,0.0,93.19999694824219,91.63999938964844,91.63999938964844,0.0,7312400
2025-12-05,92.28073120117188,93.69000244140625,0.0,95.06999969482422,92.08000183105469,92.2699966430664,0.0,9873600
2025-12-08,91.48290252685547,92.87999725341797,0.0,94.23999786376953,92.26000213623047,92.52999877929688,0.0,7974900
2025-12-09,92.0246353149414,93.43000030517578,0.0,93.62999725341797,92.18000030517578,92.62999725341797,0.0,6177200
2025-12-10,95.34394836425781,96.80000305175781,0.0,97.41000366210938,93.55999755859375,93.7300033569336,0.0,10640100
2025-12-11,95.25529479980469,96.70999908447266,0.0,97.70999908447266,95.91000366210938,96.16000366210938,0.0,8225500
2025-12-12,94.10289764404297,95.54000091552734,0.0,97.66000366210938,95.23999786376953,97.44000244140625,0.0,5731300
2025-12-15,92.94064331054688,94.36000061035156,0.0,95.5999984741211,93.30999755859375,95.54000091552734,0.0,8942100
2025-12-16,89.4046401977539,90.7699966430664,0.0,93.41000366210938,90.76000213623047,93.33000183105469,0.0,9060400
2025-12-17,93.5316162109375,94.95999908447266,0.0,95.12000274658203,91.80999755859375,91.93000030517578,0.0,9661000
2025-12-18,90.84268951416016,92.2300033569336,0.0,94.48999786376953,92.16000366210938,94.25,0.0,7336900
2025-12-19,90.55705261230469,91.94000244140625,0.0,93.4000015258789,91.5999984741211,92.44999694824219,0.0,14612600
2025-12-22,91.90643310546875,93.30999755859375,0.0,94.52999877929688,92.56999969482422,93.11000061035156,0.0,4850700
2025-12-23,91.33516693115234,92.7300033569336,0.0,93.77999877929688,92.44000244140625,93.3499984741211,0.0,5671100
2025-12-24,90.41915130615234,91.80000305175781,0.0,93.16000366210938,91.69000244140625,92.75,0.0,3079200
2025-12-26,90.16307067871094,91.54000091552734,0.0,92.4800033569336,90.75,91.91000366210938,0.0,4575600
2025-12-29,91.23666381835938,92.62999725341797,0.0,92.7300033569336,91.69999694824219,92.0,0.0,5256400
2025-12-30,92.68455505371094,94.0999984741211,0.0,94.30999755859375,93.11000061035156,93.3499984741211,0.0,4553600
2025-12-31,92.20193481445312,93.61000061035156,0.0,94.58999633789062,93.41999816894531,94.44999694824219,0.0,3551700
2026-01-02,95.24544525146484,96.69999694824219,0.0,96.94000244140625,93.12999725341797,93.61000061035156,0.0,7005600
2026-01-05,97.70783996582031,99.19999694824219,0.0,102.9800033569336,97.11000061035156,101.19999694824219,0.0,15706500
2026-01-06,95.64928436279297,97.11000061035156,0.0,100.30999755859375,96.9800033569336,100.19999694824219,0.0,9026900
2026-01-07,92.52696990966797,93.94000244140625,0.0,97.23999786376953,93.91000366210938,97.19000244140625,0.0,7988400
2026-01-08,97.23506164550781,98.72000122070312,0.0,99.86000061035156,94.33000183105469,94.4000015258789,0.0,9605200
2026-01-09,96.04326629638672,97.51000213623047,0.0,100.30000305175781,97.27999877929688,99.13999938964844,0.0,8940700
2026-01-12,94.0634994506836,95.5,0.0,98.7300033569336,94.68000030517578,98.61000061035156,0.0,10232900
2026-01-13,95.0090560913086,96.45999908447266,0.0,97.75,95.9000015258789,97.0,0.0,7868300
2026-01-14,98.83069610595703,100.33999633789062,0.0,101.91999816894531,96.5999984741211,96.5999984741211,0.0,13563700
2026-01-15,97.44190216064453,98.93000030517578,0.0,100.5199966430664,98.16000366210938,98.98999786376953,0.0,7461400
2026-01-16,96.7130355834961,98.19000244140625,0.0,98.94999694824219,97.12999725341797,97.5,0.0,8939200
2026-01-20,94.08319091796875,95.5199966430664,0.0,98.66999816894531,94.9800033569336,97.5999984741211,0.0,10796700
2026-01-21,95.68868255615234,97.1500015258789,0.0,97.91999816894531,96.37999725341797,97.04000091552734,0.0,10599100
2026-01-22,95.42273712158203,96.87999725341797,0.0,97.01000213623047,95.97000122070312,97.01000213623047,0.0,7771200
2026-01-23,96.8706283569336,98.3499984741211,0.0,99.41000366210938,97.69000244140625,98.37999725341797,0.0,6972800
2026-01-26,96.96912384033203,98.44999694824219,0.0,99.69000244140625,97.7699966430664,99.55000305175781,0.0,7278200
2026-01-27,98.3677749633789,99.87000274658203,0.0,99.93000030517578,98.29000091552734,98.75,0.0,7276900
2026-01-28,99.86489868164062,101.38999938964844,0.0,101.5199966430664,99.83999633789062,100.43000030517578,0.0,6817400
2026-01-29,101.25369262695312,102.80000305175781,0.0,105.72000122070312,102.69000244140625,104.30000305175781,0.0,14466900
2026-01-30,102.66218566894531,104.2300033569336,0.0,104.2699966430664,101.7300033569336,102.30999755859375,0.0,9169000
2026-02-02,100.25888061523438,101.79000091552734,0.0,103.05999755859375,100.5,101.51000213623047,0.0,7514000
2026-02-03,103.33195495605469,104.91000366210938,0.0,105.2300033569336,101.75,102.41999816894531,0.0,9346600
2026-02-04,105.97164154052734,107.58999633789062,0.0,108.33999633789062,105.45999908447266,105.47000122070312,0.0,10367100
2026-02-05,103.4009017944336,104.9800033569336,0.0,108.44000244140625,103.1500015258789,106.94999694824219,0.0,10441000
2026-02-06,106.00119018554688,107.62000274658203,0.0,108.12999725341797,105.12000274658203,105.25,0.0,6756100
2026-02-09,107.06494140625,108.69999694824219,0.0,108.88999938964844,107.05999755859375,107.5999984741211,0.0,6337800
2026-02-10,105.88299560546875,107.5,0.0,108.68000030517578,107.11000061035156,108.55000305175781,0.0,5255300
2026-02-11,109.53719329833984,111.20999908447266,0.0,111.44000244140625,108.43000030517578,108.5,0.0,8984700
2026-02-12,109.16290283203125,110.83000183105469,0.0,111.9800033569336,108.69999694824219,111.20999908447266,0.0,12517700
2026-02-13,109.75387573242188,111.43000030517578,0.0,112.06999969482422,110.38999938964844,110.38999938964844,0.0,6836400
2026-02-17,107.14373779296875,108.77999877929688,0.0,112.97000122070312,107.87999725341797,111.66000366210938,0.0,7619400
2026-02-18,109.70470428466797,110.5199966430664,0.84,110.80999755859375,108.83999633789062,109.91999816894531,0.0,9456200
2026-02-19,110.76681518554688,111.58999633789062,0.0,113.80000305175781,111.06999969482422,112.0,0.0,8851700
2026-02-20,109.71463775634766,110.52999877929688,0.0,111.44000244140625,109.58000183105469,111.22000122070312,0.0,6822800
2026-02-23,109.06942749023438,109.87999725341797,0.0,111.91000366210938,109.68000030517578,110.69999694824219,0.0,4871900
2026-02-24,109.7741928100586,110.58999633789062,0.0,110.9000015258789,108.4000015258789,110.23999786376953,0.0,5152200
2026-02-25,109.19847869873047,110.01000213623047,0.0,111.52999877929688,108.66000366210938,110.98999786376953,0.0,6907000
2026-02-26,109.88337707519531,110.69999694824219,0.0,111.69000244140625,108.11000061035156,109.16999816894531,0.0,7205800
2026-02-27,112.6230239868164,113.45999908447266,0.0,113.79000091552734,111.05999755859375,112.4000015258789,0.0,9009900
2026-03-02,117.36775970458984,118.23999786376953,0.0,119.30000305175781,115.72000122070312,119.27999877929688,0.0,19667900
2026-03-03,117.64569091796875,118.5199966430664,0.0,122.5,117.30000305175781,120.8499984741211,0.0,17354700
2026-03-04,114.79686737060547,115.6500015258789,0.0,117.44000244140625,114.43000030517578,116.38999938964844,0.0,10160600
2026-03-05,115.95823669433594,116.81999969482422,0.0,118.5199966430664,115.83000183105469,117.0,0.0,9875700
2026-03-06,116.20639038085938,117.06999969482422,0.0,119.4800033569336,116.5999984741211,118.7699966430664,0.0,11554600
2026-03-09,116.16668701171875,117.02999877929688,0.0,118.7699966430664,116.19999694824219,117.54000091552734,0.0,13694700
2026-03-10,113.30793762207031,114.1500015258789,0.0,116.54000091552734,112.93000030517578,116.12000274658203,0.0,13917900
2026-03-11,116.16668701171875,117.02999877929688,0.0,117.16000366210938,114.0,114.6500015258789,0.0,9522800
2026-03-12,119.37286376953125,120.26000213623047,0.0,120.98999786376953,117.66000366210938,118.0,0.0,12766400
2026-03-13,120.99083709716797,121.88999938964844,0.0,122.26000213623047,119.23999786376953,119.68000030517578,0.0,10884500
2026-03-16,120.42504119873047,121.31999969482422,0.0,122.37999725341797,120.4000015258789,121.19000244140625,0.0,7556800
2026-03-17,121.96360778808594,122.87000274658203,0.0,123.95999908447266,121.20999908447266,121.94999694824219,0.0,7953100
2026-03-18,122.73785400390625,123.6500015258789,0.0,124.87000274658203,123.11000061035156,123.80000305175781,0.0,10273000
2026-03-19,125.09036254882812,126.0199966430664,0.0,126.3499984741211,123.97000122070312,124.70999908447266,0.0,11205400
2026-03-20,125.98372650146484,126.91999816894531,0.0,128.1300048828125,126.11000061035156,126.30000305175781,0.0,31964000
2026-03-23,126.25173950195312,127.19000244140625,0.0,128.36000061035156,122.94999694824219,123.62999725341797,0.0,10584000
2026-03-24,128.39581298828125,129.35000610351562,0.0,131.0,127.44000244140625,127.52999877929688,0.0,10439700
2026-03-25,127.97889709472656,128.92999267578125,0.0,129.67999267578125,127.80999755859375,128.0,0.0,7495800
2026-03-26,132.26702880859375,133.25,0.0,133.5500030517578,129.63999938964844,129.63999938964844,0.0,8168000
2026-03-27,132.81297302246094,133.8000030517578,0.0,134.8699951171875,132.3300018310547,133.0800018310547,0.0,9182900
2026-03-30,131.90968322753906,132.88999938964844,0.0,135.8699951171875,131.91000366210938,135.14999389648438,0.0,8913900
2026-03-31,131.02626037597656,132.0,0.0,135.1999969482422,128.35000610351562,132.75999450683594,0.0,13519300
2026-04-01,127.43296813964844,128.3800048828125,0.0,129.92999267578125,126.44000244140625,128.14999389648438,0.0,12979900
2026-04-02,129.5571746826172,130.52000427246094,0.0,134.41000366210938,129.11000061035156,131.3000030517578,0.0,7383800
2026-04-06,130.66891479492188,131.63999938964844,0.0,131.72999572753906,129.35000610351562,130.5,0.0,4210000
2026-04-07,130.79795837402344,131.77000427246094,0.0,133.69000244140625,131.14999389648438,132.0,0.0,6794300
2026-04-08,124.29627227783203,125.22000122070312,0.0,125.88999938964844,120.69999694824219,122.16000366210938,0.0,12713800
2026-04-09,122.5591812133789,123.47000122070312,0.0,127.91000366210938,123.27999877929688,126.29000091552734,0.0,9069400
2026-04-10,121.6459732055664,122.55000305175781,0.0,124.05000305175781,121.31999969482422,123.30000305175781,0.0,10487700
2026-04-13,122.70807647705078,123.62000274658203,0.0,125.33000183105469,122.37999725341797,124.95999908447266,0.0,8639400
2026-04-14,117.91370391845703,118.79000091552734,0.0,122.27999877929688,117.94999694824219,121.63999938964844,0.0,9849200
2026-04-15,118.04273986816406,118.91999816894531,0.0,120.36000061035156,117.3499984741211,118.16999816894531,0.0,6592500
2026-04-16,120.6731948852539,121.56999969482422,0.0,122.44000244140625,119.37000274658203,119.51000213623047,0.0,6904300
2026-04-17,115.18399047851562,116.04000091552734,0.0,116.5,112.20999908447266,116.33000183105469,0.0,11665700
2026-04-20,115.5909652709961,116.44999694824219,0.0,118.22000122070312,116.06999969482422,116.83999633789062,0.0,6124700
2026-04-21,119.37286376953125,120.26000213623047,0.0,120.62000274658203,116.72000122070312,117.04000091552734,0.0,8138900
2026-04-22,121.69559478759766,122.5999984741211,0.0,123.2300033569336,120.91000366210938,121.44000244140625,0.0,6562700
2026-04-23,123.45254516601562,124.37000274658203,0.0,125.58000183105469,123.37999725341797,123.38999938964844,0.0,7958100
2026-04-24,120.8617935180664,121.76000213623047,0.0,124.13999938964844,120.48999786376953,123.47000122070312,0.0,10968300
2026-04-27,120.78238677978516,121.68000030517578,0.0,123.6500015258789,120.22000122070312,122.20999908447266,0.0,12215400
2026-04-28,123.40290832519531,124.31999969482422,0.0,124.55999755859375,122.45999908447266,124.16999816894531,0.0,7241100
2026-04-29,127.30391693115234,128.25,0.0,128.27999877929688,125.08000183105469,126.0,0.0,9676900
2026-04-30,124.85214233398438,125.77999877929688,0.0,128.10000610351562,123.7699966430664,124.54000091552734,0.0,11948000
2026-05-01,122.28125,123.19000244140625,0.0,125.76000213623047,122.47000122070312,125.0,0.0,7784300
2026-05-04,123.98856353759766,124.91000366210938,0.0,125.2699966430664,121.69999694824219,124.01000213623047,0.0,7793500
2026-05-05,122.41028594970703,123.31999969482422,0.0,124.75,123.0199966430664,124.06999969482422,0.0,7258300
2026-05-06,118.02289581298828,118.9000015258789,0.0,120.0,117.41999816894531,117.95999908447266,0.0,13180800
2026-05-07,114.03254699707031,114.87999725341797,0.0,116.23999786376953,114.05000305175781,116.12999725341797,0.0,10356600
2026-05-08,113.02999877929688,113.87000274658203,0.0,115.48999786376953,113.62000274658203,114.63999938964844,0.0,8009500
2026-05-11,115.55000305175781,115.55000305175781,0.84,115.97000122070312,113.80000305175781,114.43000030517578,0.0,6200100
2026-05-12,117.87000274658203,117.87000274658203,0.0,118.25,115.68000030517578,116.66999816894531,0.0,6875300
2026-05-13,117.4000015258789,117.4000015258789,0.0,118.01000213623047,115.69000244140625,117.6500015258789,0.0,5977100
2026-05-14,118.97000122070312,118.97000122070312,0.0,119.5199966430664,117.01000213623047,117.12999725341797,0.0,5316400
2026-05-15,122.41000366210938,122.41000366210938,0.0,122.4800033569336,120.48999786376953,120.77999877929688,0.0,7059500
2026-05-18,124.54000091552734,124.54000091552734,0.0,125.1500015258789,120.38999938964844,122.0,0.0,5805200
2026-05-19,125.11000061035156,125.11000061035156,0.0,126.0,124.12000274658203,125.86000061035156,0.0,6029000
2026-05-20,122.36000061035156,122.36000061035156,0.0,126.0,121.7699966430664,124.2699966430664,0.0,5665700
2026-05-21,120.55000305175781,120.55000305175781,0.0,124.41000366210938,119.80000305175781,124.01000213623047,0.0,5754500
2026-05-22,120.45999908447266,120.45999908447266,0.0,121.58999633789062,119.5999984741211,120.05000305175781,0.0,4947400
2026-05-26,116.56999969482422,116.56999969482422,0.0,119.88999938964844,116.18000030517578,118.75,0.0,7178800
2026-05-27,115.12999725341797,115.12999725341797,0.0,116.44999694824219,114.23999786376953,115.20999908447266,0.0,5828700
2026-05-28,114.98999786376953,114.98999786376953,0.0,116.88999938964844,114.44999694824219,115.83000183105469,0.0,5989400
2026-05-29,113.9800033569336,113.9800033569336,0.0,114.55000305175781,112.63999938964844,114.12000274658203,0.0,12401400
2026-06-01,115.58000183105469,115.58000183105469,0.0,117.5999984741211,115.31999969482422,115.69999694824219,0.0,7449900
2026-06-02,116.87000274658203,116.87000274658203,0.0,117.44999694824219,115.37000274658203,115.4800033569336,0.0,6113600
2026-06-03,119.05000305175781,119.05000305175781,0.0,119.55000305175781,116.91000366210938,117.58999633789062,0.0,7091700
2026-06-04,119.2300033569336,119.2300033569336,0.0,119.58000183105469,117.5999984741211,117.9800033569336,0.0,4813500
2026-06-05,117.13999938964844,117.13999938964844,0.0,119.7699966430664,116.98999786376953,119.5,0.0,5989900
2026-06-08,118.88999938964844,118.88999938964844,0.0,120.0199966430664,117.97000122070312,117.97000122070312,0.0,4758800
2026-06-09,116.79000091552734,116.79000091552734,0.0,118.12000274658203,114.86000061035156,118.0,0.0,6289000
2026-06-10,119.91999816894531,119.91999816894531,0.0,121.38999938964844,117.63999938964844,118.0,0.0,8723300
2026-06-11,115.36000061035156,115.36000061035156,0.0,121.5199966430664,115.31999969482422,120.9800033569336,0.0,6704700
2026-06-12,116.9800033569336,116.9800033569336,0.0,118.51000213623047,113.80000305175781,114.25,0.0,6616300
2026-06-15,112.26000213623047,112.26000213623047,0.0,113.62999725341797,110.7300033569336,111.12999725341797,0.0,10860500
2026-06-16,111.33999633789062,111.33999633789062,0.0,111.36000061035156,109.4800033569336,109.8499984741211,0.0,8197500
2026-06-17,111.20999908447266,111.20999908447266,0.0,111.88999938964844,109.95999908447266,110.83000183105469,0.0,7002200
2026-06-18,107.73999786376953,107.73999786376953,0.0,109.87999725341797,106.98999786376953,109.80999755859375,0.0,22893000
2026-06-22,109.69999694824219,109.69999694824219,0.0,109.80999755859375,108.12000274658203,109.52999877929688,0.0,6867800
2026-06-23,109.97000122070312,109.97000122070312,0.0,110.56999969482422,108.8499984741211,109.4800033569336,0.0,7226200
2026-06-24,106.91999816894531,106.91999816894531,0.0,108.02999877929688,106.25,107.51000213623047,0.0,7321200
2026-06-25,106.41000366210938,106.41000366210938,0.0,107.20999908447266,105.2300033569336,105.30999755859375,0.0,7836300
2026-06-26,105.95999908447266,105.95999908447266,0.0,106.80000305175781,104.63999938964844,106.3499984741211,0.0,11265200
2026-06-29,104.19999694824219,104.19999694824219,0.0,106.69999694824219,104.12999725341797,105.87999725341797,0.0,5906000
2026-06-30,103.95999908447266,103.95999908447266,0.0,105.16999816894531,103.66000366210938,104.51000213623047,0.0,10287200
2026-07-01,103.22000122070312,103.22000122070312,0.0,104.77999877929688,102.69000244140625,103.5999984741211,0.0,5744200
2026-07-02,104.7300033569336,104.7300033569336,0.0,104.76000213623047,103.47000122070312,104.12000274658203,0.0,6934000
2026-07-06,103.58000183105469,103.58000183105469,0.0,104.62000274658203,103.4000015258789,104.3499984741211,0.0,5371800
2026-07-07,108.44000244140625,108.44000244140625,0.0,108.80999755859375,104.55000305175781,104.69999694824219,0.0,6754700
2026-07-08,110.72000122070312,110.72000122070312,0.0,111.33999633789062,109.06999969482422,110.02999877929688,0.0,9079600
2026-07-09,108.0199966430664,108.0199966430664,0.0,110.4800033569336,107.79000091552734,110.0199966430664,0.0,6611900
2026-07-10,109.04000091552734,109.04000091552734,0.0,109.41999816894531,107.61000061035156,108.8499984741211,0.0,6977900
2026-07-13,112.8499984741211,112.8499984741211,0.0,113.22000122070312,110.97000122070312,110.97000122070312,0.0,5975700
2026-07-14,111.87000274658203,111.87000274658203,0.0,113.75,110.13999938964844,113.08000183105469,0.0,6455500
2026-07-15,111.45999908447266,111.45999908447266,0.0,112.45999908447266,109.55000305175781,112.0199966430664,0.0,5953900
2026-07-16,112.83999633789062,112.83999633789062,0.0,112.88999938964844,111.80000305175781,112.22000122070312,0.0,4916500
2026-07-17,114.70999908447266,114.70999908447266,0.0,116.26000213623047,113.44999694824219,115.66999816894531,0.0,5844500
2026-07-20,115.68000030517578,115.68000030517578,0.0,116.68000030517578,113.26000213623047,113.77999877929688,0.0,6726000
2026-07-21,117.5,117.5,0.0,117.55000305175781,115.72000122070312,116.62000274658203,0.0,5062300
2026-07-22,118.79000091552734,118.79000091552734,0.0,119.73999786376953,118.4800033569336,118.94000244140625,0.0,4691800
2026-07-23,120.19999694824219,120.19999694824219,0.0,122.37999725341797,119.9800033569336,121.23999786376953,0.0,7048700
2026-07-24,120.26000213623047,120.26000213623047,0.0,121.69000244140625,119.62999725341797,120.2699966430664,0.0,4392500
2026-07-27,115.58000183105469,115.58000183105469,0.0,118.48999786376953,115.45999908447266,117.22000122070312,0.0,7322500
2026-07-28,114.0999984741211,114.0999984741211,0.0,117.19000244140625,113.20999908447266,115.98999786376953,0.0,7638000
2026-07-29,118.05999755859375,118.05999755859375,0.0,119.0,117.26000213623047,117.94999694824219,0.0,5998500
2026-07-30,119.02999877929688,119.02999877929688,0.0,119.12000274658203,116.19999694824219,116.19999694824219,0.0,6496700
2026-07-31,120.4800033569336,120.4800033569336,0.0,120.83999633789062,117.83000183105469,119.44999694824219,0.0,5801900
2026-08-03,119.16000366210938,119.16000366210938,0.0,119.27999877929688,117.13999938964844,118.54000091552734,0.0,6555200
2026-08-04,117.94000244140625,117.94000244140625,0.0,118.47000122070312,116.08000183105469,117.63999938964844,0.0,7115400
2026-08-05,115.04000091552734,115.04000091552734,0.0,119.1500015258789,114.70999908447266,118.80000305175781,0.0,7905100
2026-08-06,116.76000213623047,116.76000213623047,0.0,120.05000305175781,115.43000030517578,120.0,0.0,8648300
2026-08-07,117.61000061035156,117.61000061035156,0.0,118.5199966430664,114.88999938964844,115.61000061035156,0.0,7866000
2026-08-10,123.02999877929688,123.02999877929688,0.0,123.26000213623047,119.16999816894531,119.2300033569336,0.0,7267300
2026-08-11,125.91999816894531,125.91999816894531,0.0,126.05000305175781,122.56999969482422,122.75,0.0,5922800
2026-08-12,127.30000305175781,127.30000305175781,0.0,127.33999633789062,124.80999755859375,125.0,0.0,6063400
