Date,Adj Close,Capital Gains,Close,Dividends,High,Low,Open,Stock Splits,Volume
<<<<<<< HEAD
2022-04-21,23.25807762145996,0.0,23.850000381469727,0.0,25.719999313354492,23.520000457763672,25.719999313354492,0.0,44800
2022-04-22,22.068357467651367,0.0,22.6299991607666,0.0,23.889999389648438,22.56999969482422,23.6299991607666,0.0,53400
2022-04-25,22.565698623657227,0.0,23.139999389648438,0.0,23.139999389648438,22.270999908447266,22.6299991607666,0.0,34300
2022-04-26,21.159488677978516,0.0,21.697999954223633,0.0,23.1200008392334,21.674999237060547,23.1200008392334,0.0,44500
2022-04-27,21.07757568359375,0.0,21.61400032043457,0.0,22.399999618530273,21.56999969482422,21.899999618530273,0.0,36900
2022-04-28,21.834314346313477,0.0,22.389999389648438,0.0,22.559999465942383,21.209999084472656,22.149999618530273,0.0,36900
2022-04-29,20.693349838256836,0.0,21.219999313354492,0.0,22.97800064086914,21.118000030517578,22.25,0.0,44800
2022-05-02,21.512502670288086,0.0,22.059999465942383,0.0,22.059999465942383,20.829999923706055,21.219999313354492,0.0,41800
2022-05-03,21.290163040161133,0.0,21.832000732421875,0.0,22.450000762939453,21.655000686645508,22.030000686645508,0.0,61600
2022-05-04,22.27314567565918,0.0,22.84000015258789,0.0,22.930999755859375,20.920000076293945,22.149999618530273,0.0,57300
2022-05-05,20.478811264038086,0.0,21.0,0.0,22.850000381469727,20.600000381469727,22.850000381469727,0.0,34000
2022-05-06,19.513383865356445,0.0,20.010000228881836,0.0,21.059999465942383,19.6299991607666,21.059999465942383,0.0,30700
2022-05-09,17.18269920349121,0.0,17.6200008392334,0.0,19.209999084472656,17.385000228881836,19.209999084472656,0.0,45800
2022-05-10,16.665851593017578,0.0,17.09000015258789,0.0,18.260000228881836,16.739999771118164,18.260000228881836,0.0,39800
2022-05-11,14.949532508850098,0.0,15.329999923706055,0.0,17.0,15.220000267028809,17.0,0.0,42700
2022-05-12,15.251839637756348,0.0,15.640000343322754,0.0,16.020000457763672,14.350000381469727,14.970000267028809,0.0,31300
2022-05-13,16.8131046295166,0.0,17.240999221801758,0.0,17.549999237060547,16.690000534057617,16.690000534057617,0.0,31700
2022-05-16,15.866204261779785,0.0,16.270000457763672,0.0,17.479999542236328,16.239999771118164,17.479999542236328,0.0,33500
2022-05-17,16.74972152709961,0.0,17.176000595092773,0.0,17.239999771118164,16.489999771118164,16.8799991607666,0.0,15700
2022-05-18,16.07099151611328,0.0,16.479999542236328,0.0,17.229999542236328,16.408000946044922,16.979999542236328,0.0,33900
2022-05-19,16.60733985900879,0.0,17.030000686645508,0.0,17.5,16.31999969482422,16.31999969482422,0.0,16500
2022-05-20,16.25432586669922,0.0,16.667999267578125,0.0,17.420000076293945,15.930000305175781,17.420000076293945,0.0,38300
2022-05-23,16.38207244873047,0.0,16.798999786376953,0.0,16.93000030517578,16.344999313354492,16.8799991607666,0.0,14600
2022-05-24,15.422494888305664,0.0,15.8149995803833,0.0,16.600000381469727,15.65999984741211,16.600000381469727,0.0,13400
2022-05-25,15.944218635559082,0.0,16.350000381469727,0.0,16.3700008392334,15.779999732971191,15.800000190734863,0.0,36000
2022-05-26,16.656099319458008,0.0,17.079999923706055,0.0,17.125,16.209999084472656,16.280000686645508,0.0,29700
2022-05-27,17.339702606201172,0.0,17.7810001373291,0.0,17.889999389648438,17.239999771118164,17.239999771118164,0.0,34200
2022-05-31,17.512310028076172,0.0,17.95800018310547,0.0,18.780000686645508,17.700000762939453,18.780000686645508,0.0,32000
2022-06-01,16.60733985900879,0.0,17.030000686645508,0.0,18.139999389648438,17.010000228881836,18.079999923706055,0.0,18900
2022-06-02,17.250961303710938,0.0,17.690000534057617,0.0,17.8700008392334,16.989999771118164,16.989999771118164,0.0,17500
2022-06-03,16.70876121520996,0.0,17.134000778198242,0.0,17.579999923706055,16.989999771118164,17.579999923706055,0.0,22200
2022-06-06,16.880390167236328,0.0,17.309999465942383,0.0,17.829999923706055,17.22599983215332,17.65999984741211,0.0,16000
2022-06-07,16.802379608154297,0.0,17.229999542236328,0.0,17.229999542236328,16.649999618530273,16.989999771118164,0.0,10800
2022-06-08,16.68535804748535,0.0,17.110000610351562,0.0,17.520000457763672,16.950000762939453,17.1200008392334,0.0,12100
2022-06-09,15.563896179199219,0.0,15.960000038146973,0.0,17.0,15.956999778747559,17.0,0.0,20900
2022-06-10,14.74962043762207,0.0,15.125,0.0,15.630000114440918,15.03499984741211,15.600000381469727,0.0,17600
2022-06-13,13.350234985351562,0.0,13.6899995803833,0.0,14.770000457763672,13.5,13.850000381469727,0.0,240000
2022-06-14,13.13569450378418,0.0,13.470000267028809,0.0,13.6899995803833,13.359999656677246,13.649999618530273,0.0,26200
2022-06-15,13.490660667419434,0.0,13.833999633789062,0.0,14.07800006866455,13.470000267028809,13.550000190734863,0.0,28700
2022-06-16,12.61104679107666,0.0,12.932000160217285,0.0,13.520000457763672,12.868000030517578,13.520000457763672,0.0,24300
2022-06-17,13.017698287963867,0.0,13.348999977111816,0.0,13.4399995803833,12.9399995803833,12.9399995803833,0.0,13800
2022-06-21,13.691548347473145,0.0,14.039999961853027,0.0,14.5,13.789999961853027,13.800000190734863,0.0,56200
2022-06-22,13.184454917907715,0.0,13.520000457763672,0.0,14.010000228881836,13.470000267028809,13.75,0.0,23300
2022-06-23,13.915839195251465,0.0,14.270000457763672,0.0,14.270000457763672,13.5,13.600000381469727,0.0,18200
2022-06-24,14.598467826843262,0.0,14.970000267028809,0.0,15.079999923706055,14.489999771118164,14.489999771118164,0.0,22900
2022-06-27,13.945096015930176,0.0,14.300000190734863,0.0,14.949999809265137,14.071000099182129,14.949999809265137,0.0,30600
2022-06-28,13.223461151123047,0.0,13.5600004196167,0.0,14.489999771118164,13.4399995803833,14.399999618530273,0.0,19400
2022-06-29,12.659807205200195,0.0,12.982000350952148,0.0,13.390000343322754,12.8100004196167,13.390000343322754,0.0,11400
2022-06-30,12.098101615905762,0.0,12.406000137329102,0.0,12.739999771118164,12.15999984741211,12.720000267028809,0.0,217300
2022-07-01,12.39650821685791,0.0,12.711999893188477,0.0,12.920000076293945,12.449999809265137,12.520000457763672,0.0,23800
2022-07-05,13.13569450378418,0.0,13.470000267028809,0.0,13.479999542236328,12.189000129699707,12.569999694824219,0.0,21100
2022-07-06,12.75537395477295,0.0,13.079999923706055,0.0,13.545000076293945,12.989999771118164,13.430000305175781,0.0,23000
2022-07-07,13.79881763458252,0.0,14.149999618530273,0.0,14.149999618530273,13.140000343322754,13.239999771118164,0.0,26900
2022-07-08,14.066993713378906,0.0,14.425000190734863,0.0,14.729999542236328,13.65999984741211,13.869999885559082,0.0,16500
2022-07-11,13.2293119430542,0.0,13.565999984741211,0.0,14.5,13.550000190734863,14.5,0.0,34300
2022-07-12,13.202981948852539,0.0,13.538999557495117,0.0,13.739999771118164,13.331000328063965,13.550000190734863,0.0,4600
2022-07-13,13.125943183898926,0.0,13.460000038146973,0.0,13.5600004196167,12.899999618530273,13.130000114440918,0.0,9200
2022-07-14,13.116189002990723,0.0,13.449999809265137,0.0,13.520000457763672,12.90999984741211,13.4399995803833,0.0,8400
2022-07-15,13.633037567138672,0.0,13.979999542236328,0.0,13.979999542236328,13.494999885559082,13.710000038146973,0.0,11800
2022-07-18,14.364422798156738,0.0,14.729999542236328,0.0,15.475000381469727,14.460000038146973,14.460000038146973,0.0,45400
2022-07-19,15.627284049987793,0.0,16.024999618530273,0.0,16.040000915527344,14.78499984741211,15.0,0.0,42900
2022-07-20,16.35379409790039,0.0,16.770000457763672,0.0,17.05500030517578,16.190000534057617,16.190000534057617,0.0,55500
2022-07-21,16.636594772338867,0.0,17.059999465942383,0.0,17.059999465942383,16.229999542236328,16.469999313354492,0.0,30400
2022-07-22,15.729677200317383,0.0,16.1299991607666,0.0,17.31999969482422,15.979999542236328,17.31999969482422,0.0,40900
2022-07-25,15.125065803527832,0.0,15.510000228881836,0.0,15.979999542236328,15.430000305175781,15.90999984741211,0.0,24700
2022-07-26,13.974349975585938,0.0,14.329999923706055,0.0,15.170000076293945,14.279999732971191,15.170000076293945,0.0,38200
2022-07-27,15.28109359741211,0.0,15.670000076293945,0.0,15.774999618530273,14.720000267028809,14.75,0.0,11700
2022-07-28,15.82719612121582,0.0,16.229999542236328,0.0,16.229999542236328,15.180000305175781,15.739999771118164,0.0,25800
2022-07-29,15.847674369812012,0.0,16.250999450683594,0.0,16.545000076293945,15.760000228881836,16.110000610351562,0.0,25600
2022-08-01,15.866204261779785,0.0,16.270000457763672,0.0,16.527999877929688,15.75,16.059999465942383,0.0,15300
2022-08-02,16.47081184387207,0.0,16.889999389648438,0.0,17.17799949645996,16.09000015258789,16.09000015258789,0.0,18700
2022-08-03,17.6702880859375,0.0,18.1200008392334,0.0,18.149999618530273,17.200000762939453,17.40999984741211,0.0,35600
2022-08-04,17.884828567504883,0.0,18.34000015258789,0.0,19.399999618530273,18.18000030517578,18.920000076293945,0.0,37700
2022-08-05,18.089614868164062,0.0,18.549999237060547,0.0,19.040000915527344,18.0,18.040000915527344,0.0,24100
2022-08-08,18.538198471069336,0.0,19.010000228881836,0.0,19.690000534057617,18.780000686645508,19.190000534057617,0.0,32700
2022-08-09,17.577646255493164,0.0,18.024999618530273,0.0,18.770000457763672,17.860000610351562,18.770000457763672,0.0,23400
2022-08-10,19.211078643798828,0.0,19.700000762939453,0.0,19.700000762939453,18.764999389648438,18.920000076293945,0.0,41300
2022-08-11,18.97410774230957,0.0,19.457000732421875,0.0,21.0,19.28499984741211,20.81999969482422,0.0,40100
2022-08-12,20.030229568481445,0.0,20.540000915527344,0.0,20.540000915527344,19.110000610351562,19.729999542236328,0.0,26900
2022-08-15,20.020475387573242,0.0,20.530000686645508,0.0,20.829999923706055,20.030000686645508,20.170000076293945,0.0,37000
2022-08-16,19.376859664916992,0.0,19.8700008392334,0.0,20.420000076293945,19.280000686645508,20.420000076293945,0.0,45000
2022-08-17,18.199811935424805,0.0,18.663000106811523,0.0,19.459999084472656,18.530000686645508,19.459999084472656,0.0,47100
2022-08-18,18.006725311279297,0.0,18.46500015258789,0.0,18.940000534057617,18.299999237060547,18.889999389648438,0.0,25600
2022-08-19,16.392797470092773,0.0,16.809999465942383,0.0,17.381000518798828,16.75,17.200000762939453,0.0,44300
2022-08-22,15.778435707092285,0.0,16.18000030517578,0.0,16.469999313354492,16.1200008392334,16.219999313354492,0.0,34300
2022-08-23,15.924715042114258,0.0,16.329999923706055,0.0,16.8799991607666,16.229999542236328,16.239999771118164,0.0,19000
2022-08-24,16.168506622314453,0.0,16.579999923706055,0.0,16.93000030517578,16.299999237060547,16.299999237060547,0.0,12600
2022-08-25,16.22409439086914,0.0,16.636999130249023,0.0,16.826000213623047,16.3799991607666,16.760000228881836,0.0,19900
2022-08-26,15.212831497192383,0.0,15.600000381469727,0.0,16.809999465942383,15.550000190734863,16.809999465942383,0.0,38100
2022-08-29,15.183576583862305,0.0,15.569999694824219,0.0,15.859999656677246,15.199999809265137,15.300000190734863,0.0,13700
2022-08-30,15.134817123413086,0.0,15.520000457763672,0.0,15.960000038146973,15.1899995803833,15.600000381469727,0.0,19200
2022-08-31,15.300597190856934,0.0,15.6899995803833,0.0,16.100000381469727,15.520000457763672,15.8100004196167,0.0,26600
2022-09-01,14.92027759552002,0.0,15.300000190734863,0.0,15.449999809265137,14.710000038146973,15.449999809265137,0.0,20400
2022-09-02,14.676482200622559,0.0,15.050000190734863,0.0,15.489999771118164,14.934000015258789,15.420000076293945,0.0,17600
2022-09-06,14.344919204711914,0.0,14.710000038146973,0.0,15.149999618530273,14.614999771118164,14.899999618530273,0.0,26500
2022-09-07,14.891020774841309,0.0,15.270000457763672,0.0,15.279999732971191,14.5,14.670000076293945,0.0,15300
2022-09-08,15.641911506652832,0.0,16.040000915527344,0.0,16.040000915527344,15.069999694824219,15.069999694824219,0.0,9300
2022-09-09,16.802379608154297,0.0,17.229999542236328,0.0,17.309999465942383,16.679000854492188,16.860000610351562,0.0,19800
2022-09-12,17.01692008972168,0.0,17.450000762939453,0.0,17.709999084472656,17.19499969482422,17.649999618530273,0.0,30200
2022-09-13,15.690670013427734,0.0,16.09000015258789,0.0,16.645000457763672,16.049999237060547,16.43000030517578,0.0,21600
2022-09-14,15.74917984008789,0.0,16.149999618530273,0.0,16.219999313354492,15.803999900817871,16.1299991607666,0.0,16800
2022-09-15,15.671167373657227,0.0,16.06999969482422,0.0,16.639999389648438,15.90999984741211,15.90999984741211,0.0,18600
2022-09-16,14.842262268066406,0.0,15.220000267028809,0.0,15.670000076293945,15.09000015258789,15.670000076293945,0.0,10800
2022-09-19,14.469741821289062,0.0,14.838000297546387,0.0,15.010000228881836,14.635000228881836,14.90999984741211,0.0,16900
2022-09-20,14.081621170043945,0.0,14.4399995803833,0.0,14.75,14.399999618530273,14.510000228881836,0.0,9500
2022-09-21,13.95484733581543,0.0,14.3100004196167,0.0,15.024999618530273,14.3100004196167,14.4399995803833,0.0,13400
2022-09-22,13.43800163269043,0.0,13.779999732971191,0.0,14.380000114440918,13.600000381469727,14.359999656677246,0.0,17200
2022-09-23,13.116189002990723,0.0,13.449999809265137,0.0,13.515000343322754,13.140000343322754,13.470000267028809,0.0,27000
2022-09-26,12.882147789001465,0.0,13.210000038146973,0.0,13.8100004196167,13.210000038146973,13.4399995803833,0.0,18000
2022-09-27,13.077183723449707,0.0,13.40999984741211,0.0,13.890000343322754,13.119000434875488,13.760000228881836,0.0,11600
2022-09-28,13.837825775146484,0.0,14.1899995803833,0.0,14.210000038146973,13.350000381469727,13.350000381469727,0.0,10000
2022-09-29,13.262469291687012,0.0,13.600000381469727,0.0,13.850000381469727,13.350000381469727,13.850000381469727,0.0,31600
2022-09-30,13.291722297668457,0.0,13.630000114440918,0.0,14.289999961853027,13.460000038146973,13.5600004196167,0.0,23600
2022-10-03,13.613533973693848,0.0,13.960000038146973,0.0,14.039999961853027,13.430000305175781,13.850000381469727,0.0,15500
2022-10-04,14.814956665039062,0.0,15.192000389099121,0.0,15.279999732971191,14.670000076293945,14.670000076293945,0.0,19000
2022-10-05,14.666728973388672,0.0,15.039999961853027,0.0,15.149999618530273,14.555999755859375,14.859999656677246,0.0,12400
2022-10-06,14.62772274017334,0.0,15.0,0.0,15.109999656677246,14.862000465393066,15.029999732971191,0.0,8900
2022-10-07,13.720803260803223,0.0,14.069999694824219,0.0,14.699999809265137,13.90999984741211,14.699999809265137,0.0,7400
2022-10-10,13.428250312805176,0.0,13.770000457763672,0.0,14.15999984741211,13.510000228881836,14.15999984741211,0.0,7500
2022-10-11,13.184454917907715,0.0,13.520000457763672,0.0,13.885000228881836,13.170000076293945,13.524999618530273,0.0,42100
2022-10-12,13.340483665466309,0.0,13.680000305175781,0.0,13.720000267028809,13.25,13.520000457763672,0.0,4100
2022-10-13,13.564775466918945,0.0,13.90999984741211,0.0,13.949999809265137,12.75,13.0,0.0,21000
2022-10-14,12.813885688781738,0.0,13.140000343322754,0.0,14.079999923706055,13.140000343322754,14.069999694824219,0.0,14300
2022-10-17,13.564775466918945,0.0,13.90999984741211,0.0,14.09000015258789,13.479999542236328,13.479999542236328,0.0,14000
2022-10-18,13.574525833129883,0.0,13.920000076293945,0.0,14.630000114440918,13.770000457763672,14.579999923706055,0.0,15000
2022-10-19,13.125943183898926,0.0,13.460000038146973,0.0,13.800000190734863,13.310999870300293,13.800000190734863,0.0,17700
2022-10-20,13.116189002990723,0.0,13.449999809265137,0.0,13.979999542236328,13.3100004196167,13.3100004196167,0.0,4300
2022-10-21,13.51601505279541,0.0,13.859999656677246,0.0,13.859999656677246,13.17199993133545,13.420000076293945,0.0,24900
2022-10-24,13.701301574707031,0.0,14.050000190734863,0.0,14.140000343322754,13.645000457763672,13.899999618530273,0.0,12700
2022-10-25,14.891020774841309,0.0,15.270000457763672,0.0,15.34000015258789,13.920000076293945,13.979999542236328,0.0,18500
2022-10-26,14.71548843383789,0.0,15.09000015258789,0.0,15.84000015258789,15.069999694824219,15.229999542236328,0.0,20600
2022-10-27,14.539956092834473,0.0,14.90999984741211,0.0,15.34000015258789,14.899999618530273,15.149999618530273,0.0,35700
2022-10-28,14.842262268066406,0.0,15.220000267028809,0.0,15.220000267028809,14.600000381469727,14.880000114440918,0.0,13600
2022-10-31,14.403429985046387,0.0,14.770000457763672,0.0,15.229999542236328,14.710000038146973,15.229999542236328,0.0,10700
2022-11-01,14.032861709594727,0.0,14.390000343322754,0.0,15.14900016784668,14.390000343322754,15.140000343322754,0.0,42600
2022-11-02,13.262469291687012,0.0,13.600000381469727,0.0,14.390000343322754,13.600000381469727,14.390000343322754,0.0,18000
2022-11-03,12.91140365600586,0.0,13.239999771118164,0.0,13.75,13.199999809265137,13.460000038146973,0.0,24600
2022-11-04,13.369739532470703,0.0,13.710000038146973,0.0,14.104999542236328,13.378000259399414,13.779999732971191,0.0,33700
2022-11-07,13.356085777282715,0.0,13.696000099182129,0.0,13.90999984741211,13.489999771118164,13.90999984741211,0.0,11000
2022-11-08,12.843140602111816,0.0,13.170000076293945,0.0,13.789999961853027,12.850000381469727,13.539999961853027,0.0,17500
2022-11-09,12.014236450195312,0.0,12.319999694824219,0.0,12.890000343322754,12.27400016784668,12.789999961853027,0.0,60000
2022-11-10,13.077183723449707,0.0,13.40999984741211,0.0,13.550000190734863,12.87399959564209,13.550000190734863,0.0,26000
2022-11-11,13.603780746459961,0.0,13.949999809265137,0.0,13.954999923706055,12.850000381469727,13.130000114440918,0.0,35000
2022-11-14,13.350234985351562,0.0,13.6899995803833,0.0,13.850000381469727,13.4399995803833,13.850000381469727,0.0,19000
2022-11-15,13.564775466918945,0.0,13.90999984741211,0.0,14.194999694824219,13.78499984741211,13.899999618530273,0.0,13200
2022-11-16,12.726118087768555,0.0,13.050000190734863,0.0,13.729999542236328,12.800000190734863,13.680000305175781,0.0,34200
2022-11-17,12.287286758422852,0.0,12.600000381469727,0.0,12.8100004196167,12.439000129699707,12.619999885559082,0.0,22000
2022-11-18,12.033740043640137,0.0,12.34000015258789,0.0,12.90999984741211,12.279999732971191,12.710000038146973,0.0,24300
2022-11-21,11.31210708618164,0.0,11.600000381469727,0.0,12.199999809265137,11.510000228881836,11.9399995803833,0.0,89200
2022-11-22,11.487638473510742,0.0,11.779999732971191,0.0,11.84000015258789,11.40999984741211,11.694999694824219,0.0,14100
2022-11-23,11.775317192077637,0.0,12.074999809265137,0.0,12.100000381469727,11.779999732971191,11.949999809265137,0.0,19700
2022-11-25,11.709980010986328,0.0,12.008000373840332,0.0,12.109999656677246,11.899999618530273,12.100000381469727,0.0,7200
2022-11-28,11.37061595916748,0.0,11.65999984741211,0.0,12.006999969482422,11.569999694824219,11.899999618530273,0.0,21600
2022-11-29,11.42912769317627,0.0,11.720000267028809,0.0,11.845000267028809,11.649999618530273,11.720000267028809,0.0,14100
2022-11-30,12.068846702575684,0.0,12.37600040435791,0.0,12.420000076293945,11.663999557495117,11.859999656677246,0.0,18200
2022-12-01,11.994733810424805,0.0,12.300000190734863,0.0,12.550000190734863,12.23799991607666,12.319999694824219,0.0,22200
2022-12-02,12.228775978088379,0.0,12.539999961853027,0.0,12.553999900817871,12.050000190734863,12.079999923706055,0.0,16300
2022-12-05,11.65341854095459,0.0,11.949999809265137,0.0,12.680000305175781,11.899999618530273,12.609999656677246,0.0,26900
2022-12-06,11.175580024719238,0.0,11.460000038146973,0.0,12.050000190734863,11.369999885559082,12.0,0.0,20900
2022-12-07,11.019550323486328,0.0,11.300000190734863,0.0,11.46399974822998,11.140000343322754,11.3100004196167,0.0,15500
2022-12-08,11.13657283782959,0.0,11.420000076293945,0.0,11.600000381469727,11.25,11.380000114440918,0.0,17300
2022-12-09,11.091713905334473,0.0,11.37399959564209,0.0,11.600000381469727,11.37399959564209,11.399999618530273,0.0,10100
2022-12-12,11.292601585388184,0.0,11.579999923706055,0.0,11.680000305175781,11.210000038146973,11.210000038146973,0.0,41500
2022-12-13,11.341360092163086,0.0,11.630000114440918,0.0,12.329999923706055,11.510000228881836,12.109999656677246,0.0,25300
2022-12-14,11.39792251586914,0.0,11.687999725341797,0.0,11.899999618530273,11.550000190734863,11.670000076293945,0.0,14200
2022-12-15,10.790383338928223,0.0,11.0649995803833,0.0,11.489999771118164,11.010000228881836,11.460000038146973,0.0,19100
2022-12-16,10.492952346801758,0.0,10.760000228881836,0.0,11.039999961853027,10.510000228881836,11.0,0.0,32200
2022-12-19,10.16139030456543,0.0,10.420000076293945,0.0,10.649999618530273,10.34000015258789,10.649999618530273,0.0,18100
2022-12-20,10.219902038574219,0.0,10.479999542236328,0.0,10.711999893188477,10.289999961853027,10.300000190734863,0.0,9100
2022-12-21,10.424689292907715,0.0,10.6899995803833,0.0,10.789999961853027,10.619999885559082,10.649999618530273,0.0,25100
2022-12-22,10.307668685913086,0.0,10.569999694824219,0.0,10.619999885559082,10.210000038146973,10.619999885559082,0.0,14600
2022-12-23,10.288165092468262,0.0,10.550000190734863,0.0,10.621000289916992,10.312000274658203,10.470000267028809,0.0,35400
2022-12-27,9.898092269897461,0.0,10.149999618530273,0.0,10.449000358581543,10.149999618530273,10.430000305175781,0.0,25100
2022-12-28,9.693303108215332,0.0,9.9399995803833,0.0,10.279999732971191,9.899999618530273,10.100000381469727,0.0,61600
2022-12-29,10.18089485168457,0.0,10.4399995803833,0.0,10.5600004196167,10.079999923706055,10.154999732971191,0.0,46700
2022-12-30,10.190646171569824,0.0,10.449999809265137,0.0,10.510000228881836,10.300000190734863,10.40999984741211,0.0,29300
2023-01-03,10.19649887084961,0.0,10.456000328063965,0.0,10.880000114440918,10.269000053405762,10.850000381469727,0.0,27900
2023-01-04,11.000046730041504,0.0,11.279999732971191,0.0,11.305000305175781,10.510000228881836,10.510000228881836,0.0,21500
2023-01-05,10.629478454589844,0.0,10.899999618530273,0.0,11.079999923706055,10.696000099182129,11.079999923706055,0.0,25200
2023-01-06,10.94543743133545,0.0,11.223999977111816,0.0,11.289999961853027,10.638999938964844,11.109999656677246,0.0,12900
2023-01-09,11.711930274963379,0.0,12.010000228881836,0.0,12.300000190734863,11.4399995803833,11.4399995803833,0.0,21000
2023-01-10,12.492074966430664,0.0,12.8100004196167,0.0,12.8100004196167,11.960000038146973,11.979999542236328,0.0,31800
2023-01-11,12.267782211303711,0.0,12.579999923706055,0.0,12.869999885559082,12.399999618530273,12.800000190734863,0.0,20500
2023-01-12,13.633037567138672,0.0,13.979999542236328,0.0,14.010000228881836,12.574999809265137,12.90999984741211,0.0,81300
2023-01-13,13.769562721252441,0.0,14.119999885559082,0.0,14.4399995803833,13.550000190734863,13.550000190734863,0.0,40000
2023-01-17,14.359548568725586,0.0,14.725000381469727,0.0,14.899999618530273,14.34000015258789,14.899999618530273,0.0,45800
2023-01-18,13.477007865905762,0.0,13.819999694824219,0.0,15.140000343322754,13.770000457763672,14.890000343322754,0.0,35800
2023-01-19,13.467257499694824,0.0,13.8100004196167,0.0,13.979999542236328,13.449999809265137,13.600000381469727,0.0,14100
2023-01-20,14.432685852050781,0.0,14.800000190734863,0.0,14.800000190734863,13.779999732971191,13.836999893188477,0.0,17900
2023-01-23,14.92027759552002,0.0,15.300000190734863,0.0,15.489999771118164,14.65999984741211,14.960000038146973,0.0,50000
2023-01-24,14.74962043762207,0.0,15.125,0.0,15.649999618530273,15.010000228881836,15.199999809265137,0.0,34100
2023-01-25,14.598467826843262,0.0,14.970000267028809,0.0,15.149999618530273,14.232999801635742,14.710000038146973,0.0,34500
2023-01-26,14.734992027282715,0.0,15.109999656677246,0.0,15.529999732971191,14.880000114440918,15.390000343322754,0.0,35400
2023-01-27,15.310349464416504,0.0,15.699999809265137,0.0,15.829999923706055,15.0,15.0,0.0,24500
2023-01-30,14.539956092834473,0.0,14.90999984741211,0.0,15.829999923706055,14.869999885559082,15.5,0.0,27100
2023-01-31,14.930028915405273,0.0,15.3100004196167,0.0,15.4399995803833,15.0,15.0,0.0,17600
2023-02-01,15.739428520202637,0.0,16.139999389648438,0.0,16.149999618530273,14.930999755859375,15.3100004196167,0.0,43400
2023-02-02,17.085180282592773,0.0,17.520000457763672,0.0,17.93000030517578,16.540000915527344,16.719999313354492,0.0,71200
2023-02-03,15.944218635559082,0.0,16.350000381469727,0.0,17.59000015258789,16.290000915527344,16.84000015258789,0.0,46100
2023-02-06,15.9052095413208,0.0,16.309999465942383,0.0,16.475000381469727,15.789999961853027,16.040000915527344,0.0,25800
2023-02-07,15.719926834106445,0.0,16.1200008392334,0.0,16.242000579833984,15.600000381469727,16.170000076293945,0.0,69700
2023-02-08,15.622406959533691,0.0,16.020000457763672,0.0,16.344999313354492,15.890000343322754,16.1299991607666,0.0,27600
2023-02-09,14.237649917602539,0.0,14.600000381469727,0.0,15.819999694824219,14.569999694824219,15.75,0.0,45000
2023-02-10,14.023110389709473,0.0,14.380000114440918,0.0,14.729999542236328,14.15999984741211,14.390000343322754,0.0,27200
2023-02-13,13.769562721252441,0.0,14.119999885559082,0.0,14.380000114440918,13.920000076293945,14.380000114440918,0.0,17800
2023-02-14,14.374174118041992,0.0,14.739999771118164,0.0,14.899999618530273,14.039999961853027,14.039999961853027,0.0,27700
2023-02-15,15.534642219543457,0.0,15.930000305175781,0.0,16.149999618530273,14.850000381469727,14.850000381469727,0.0,93000
2023-02-16,15.021695137023926,0.0,15.404000282287598,0.0,16.399999618530273,15.390000343322754,15.930000305175781,0.0,74600
2023-02-17,14.949532508850098,0.0,15.329999923706055,0.0,15.5600004196167,14.968000411987305,15.100000381469727,0.0,68900
2023-02-21,14.276658058166504,0.0,14.640000343322754,0.0,15.335000038146973,14.630000114440918,14.739999771118164,0.0,51400
2023-02-22,14.232773780822754,0.0,14.595000267028809,0.0,15.09000015258789,14.350000381469727,14.8100004196167,0.0,52500
2023-02-23,14.296160697937012,0.0,14.65999984741211,0.0,14.90999984741211,14.350000381469727,14.75,0.0,50300
2023-02-24,13.735431671142578,0.0,14.085000038146973,0.0,14.539999961853027,13.899999618530273,14.539999961853027,0.0,18400
2023-02-27,13.79881763458252,0.0,14.149999618530273,0.0,14.550000190734863,14.09000015258789,14.25,0.0,35200
2023-02-28,14.252277374267578,0.0,14.614999771118164,0.0,14.930000305175781,14.404999732971191,14.404999732971191,0.0,63800
2023-03-01,14.078694343566895,0.0,14.437000274658203,0.0,14.710000038146973,14.300000190734863,14.710000038146973,0.0,13900
2023-03-02,13.995805740356445,0.0,14.35200023651123,0.0,14.388999938964844,13.8100004196167,14.1899995803833,0.0,50700
2023-03-03,14.198643684387207,0.0,14.5600004196167,0.0,14.680000305175781,14.010000228881836,14.039999961853027,0.0,18200
2023-03-06,14.105025291442871,0.0,14.46399974822998,0.0,15.050000190734863,14.46399974822998,14.720000267028809,0.0,9500
2023-03-07,13.701301574707031,0.0,14.050000190734863,0.0,14.479999542236328,14.050000190734863,14.350000381469727,0.0,9200
2023-03-08,13.793941497802734,0.0,14.145000457763672,0.0,14.229999542236328,13.899999618530273,14.119999885559082,0.0,10800
2023-03-09,12.833388328552246,0.0,13.15999984741211,0.0,14.229999542236328,13.15999984741211,14.130000114440918,0.0,68000
2023-03-10,12.306790351867676,0.0,12.619999885559082,0.0,13.170000076293945,12.5,13.039999961853027,0.0,31500
2023-03-13,13.167875289916992,0.0,13.503000259399414,0.0,13.729999542236328,12.34000015258789,12.619999885559082,0.0,39300
2023-03-14,13.843676567077637,0.0,14.196000099182129,0.0,14.9399995803833,13.960000038146973,14.260000228881836,0.0,66000
2023-03-15,13.779314994812012,0.0,14.130000114440918,0.0,14.229999542236328,13.789999961853027,14.050000190734863,0.0,20100
2023-03-16,14.091371536254883,0.0,14.449999809265137,0.0,14.640000343322754,13.9399995803833,14.15999984741211,0.0,13900
2023-03-17,14.842262268066406,0.0,15.220000267028809,0.0,15.300000190734863,14.623000144958496,15.079999923706055,0.0,23200
2023-03-20,14.783751487731934,0.0,15.15999984741211,0.0,15.6899995803833,15.029999732971191,15.6899995803833,0.0,39000
2023-03-21,15.875954627990723,0.0,16.280000686645508,0.0,16.469999313354492,15.350000381469727,15.40999984741211,0.0,41000
2023-03-22,14.930028915405273,0.0,15.3100004196167,0.0,16.510000228881836,15.140000343322754,16.510000228881836,0.0,31800
2023-03-23,14.656977653503418,0.0,15.029999732971191,0.0,15.609999656677246,14.503999710083008,15.069999694824219,0.0,25400
2023-03-24,14.276658058166504,0.0,14.640000343322754,0.0,14.880000114440918,14.484999656677246,14.84000015258789,0.0,15700
2023-03-27,13.89633846282959,0.0,14.25,0.0,14.770000457763672,14.100000381469727,14.649999618530273,0.0,19900
2023-03-28,13.857328414916992,0.0,14.210000038146973,0.0,14.369999885559082,14.0,14.130000114440918,0.0,65700
2023-03-29,14.686234474182129,0.0,15.0600004196167,0.0,15.229999542236328,14.630000114440918,14.630000114440918,0.0,20600
2023-03-30,14.76424789428711,0.0,15.140000343322754,0.0,15.510000228881836,15.050000190734863,15.25,0.0,32200
2023-03-31,15.371787071228027,0.0,15.762999534606934,0.0,15.869999885559082,15.25,15.25,0.0,33800
2023-04-03,15.149444580078125,0.0,15.53499984741211,0.0,15.770000457763672,15.239999771118164,15.770000457763672,0.0,56200
2023-04-04,14.930028915405273,0.0,15.3100004196167,0.0,15.760000228881836,15.180000305175781,15.760000228881836,0.0,24500
2023-04-05,14.413182258605957,0.0,14.779999732971191,0.0,15.430000305175781,14.649999618530273,15.430000305175781,0.0,43500
2023-04-06,14.520452499389648,0.0,14.890000343322754,0.0,15.0600004196167,14.470000267028809,14.739999771118164,0.0,11500
2023-04-10,15.368860244750977,0.0,15.760000228881836,0.0,15.850000381469727,14.630000114440918,14.850000381469727,0.0,29500
2023-04-11,16.305034637451172,0.0,16.719999313354492,0.0,16.90999984741211,16.040000915527344,16.040000915527344,0.0,52700
2023-04-12,15.973472595214844,0.0,16.3799991607666,0.0,17.0,16.334999084472656,16.90999984741211,0.0,81200
2023-04-13,17.2412109375,0.0,17.68000030517578,0.0,17.799999237060547,16.860000610351562,16.860000610351562,0.0,45000
2023-04-14,17.309473037719727,0.0,17.75,0.0,18.0,17.0,17.979999542236328,0.0,40100
2023-04-17,16.880390167236328,0.0,17.309999465942383,0.0,17.5,16.809999465942383,17.149999618530273,0.0,25400
2023-04-18,17.223657608032227,0.0,17.66200065612793,0.0,18.274999618530273,17.5,17.719999313354492,0.0,28800
2023-04-19,16.34404182434082,0.0,16.760000228881836,0.0,17.170000076293945,16.65999984741211,17.100000381469727,0.0,26100
2023-04-20,15.573649406433105,0.0,15.970000267028809,0.0,16.65999984741211,15.829999923706055,16.559999465942383,0.0,22000
2023-04-21,15.315225601196289,0.0,15.704999923706055,0.0,16.059999465942383,15.609999656677246,15.984999656677246,0.0,11700
2023-04-24,15.067529678344727,0.0,15.451000213623047,0.0,15.949999809265137,15.25,15.699999809265137,0.0,27600
2023-04-25,14.931004524230957,0.0,15.310999870300293,0.0,15.619999885559082,15.050000190734863,15.25,0.0,15800
2023-04-26,15.099710464477539,0.0,15.484000205993652,0.0,16.40999984741211,15.460000038146973,16.09000015258789,0.0,30200
2023-04-27,15.680919647216797,0.0,16.079999923706055,0.0,16.079999923706055,15.420000076293945,15.819999694824219,0.0,10900
2023-04-28,15.651660919189453,0.0,16.049999237060547,0.0,16.149999618530273,15.621999740600586,15.979999542236328,0.0,8900
2023-05-01,14.748644828796387,0.0,15.12399959564209,0.0,15.930000305175781,15.029999732971191,15.930000305175781,0.0,47700
2023-05-02,15.137742042541504,0.0,15.52299976348877,0.0,15.52299976348877,14.850000381469727,15.050000190734863,0.0,10400
2023-05-03,14.865666389465332,0.0,15.244000434875488,0.0,15.779999732971191,15.1850004196167,15.300000190734863,0.0,10500
2023-05-04,15.134817123413086,0.0,15.520000457763672,0.0,15.800000190734863,15.239999771118164,15.239999771118164,0.0,12600
2023-05-05,15.957869529724121,0.0,16.36400032043457,0.0,16.459999084472656,15.880000114440918,15.880000114440918,0.0,15500
2023-05-08,15.515137672424316,0.0,15.90999984741211,0.0,16.18000030517578,15.739999771118164,16.18000030517578,0.0,14400
2023-05-09,15.755033493041992,0.0,16.1560001373291,0.0,16.229999542236328,15.880000114440918,16.049999237060547,0.0,10500
2023-05-10,16.164609909057617,0.0,16.576000213623047,0.0,16.90999984741211,16.18000030517578,16.530000686645508,0.0,11600
2023-05-11,15.349356651306152,0.0,15.739999771118164,0.0,16.469999313354492,15.619999885559082,16.469999313354492,0.0,18800
2023-05-12,15.027547836303711,0.0,15.40999984741211,0.0,15.680000305175781,15.319999694824219,15.611000061035156,0.0,12300
2023-05-15,15.795989990234375,0.0,16.197999954223633,0.0,16.219999313354492,15.65999984741211,15.739999771118164,0.0,13200
2023-05-16,15.656538963317871,0.0,16.05500030517578,0.0,16.200000762939453,15.850000381469727,16.170000076293945,0.0,10000
2023-05-17,16.35379409790039,0.0,16.770000457763672,0.0,16.889999389648438,16.040000915527344,16.065000534057617,0.0,24200
2023-05-18,16.2006893157959,0.0,16.613000869750977,0.0,17.0,16.31999969482422,16.760000228881836,0.0,22300
2023-05-19,16.149003982543945,0.0,16.559999465942383,0.0,16.700000762939453,16.3700008392334,16.700000762939453,0.0,10200
2023-05-22,16.562480926513672,0.0,16.983999252319336,0.0,17.190000534057617,16.319000244140625,16.399999618530273,0.0,18300
2023-05-23,16.271879196166992,0.0,16.68600082397461,0.0,17.489999771118164,16.649999618530273,17.059999465942383,0.0,14400
2023-05-24,16.314786911010742,0.0,16.729999542236328,0.0,16.729999542236328,16.135000228881836,16.43000030517578,0.0,6100
2023-05-25,15.84377384185791,0.0,16.246999740600586,0.0,16.889999389648438,16.0,16.889999389648438,0.0,17800
2023-05-26,15.651660919189453,0.0,16.049999237060547,0.0,16.5,16.030000686645508,16.270000457763672,0.0,10300
2023-05-30,16.365497589111328,0.0,16.781999588012695,0.0,17.149999618530273,16.420000076293945,16.59000015258789,0.0,14800
2023-05-31,16.285531997680664,0.0,16.700000762939453,0.0,16.8700008392334,16.260000228881836,16.43000030517578,0.0,16800
2023-06-01,16.7194881439209,0.0,17.145000457763672,0.0,17.34000015258789,16.565000534057617,16.618000030517578,0.0,15200
2023-06-02,16.636594772338867,0.0,17.059999465942383,0.0,17.399999618530273,16.889999389648438,17.399999618530273,0.0,15300
2023-06-05,15.983224868774414,0.0,16.389999389648438,0.0,17.040000915527344,16.25,16.90999984741211,0.0,31100
2023-06-06,16.285531997680664,0.0,16.700000762939453,0.0,16.709999084472656,15.550000190734863,15.850000381469727,0.0,29600
2023-06-07,15.836946487426758,0.0,16.239999771118164,0.0,17.0,16.239999771118164,16.719999313354492,0.0,14700
2023-06-08,15.914960861206055,0.0,16.31999969482422,0.0,16.5,16.190000534057617,16.190000534057617,0.0,17700
2023-06-09,15.602904319763184,0.0,16.0,0.0,16.56999969482422,16.0,16.5,0.0,14100
2023-06-12,15.661413192749023,0.0,16.059999465942383,0.0,16.200000762939453,15.960000038146973,16.0,0.0,13600
2023-06-13,15.934467315673828,0.0,16.34000015258789,0.0,16.62299919128418,16.25,16.399999618530273,0.0,11400
2023-06-14,15.955920219421387,0.0,16.36199951171875,0.0,16.56999969482422,16.18400001525879,16.459999084472656,0.0,10500
2023-06-15,15.973472595214844,0.0,16.3799991607666,0.0,16.389999389648438,15.899999618530273,16.06999969482422,0.0,22400
2023-06-16,16.285531997680664,0.0,16.700000762939453,0.0,16.899999618530273,16.190000534057617,16.530000686645508,0.0,9700
2023-06-20,17.194398880004883,0.0,17.631999969482422,0.0,17.700000762939453,16.549999237060547,16.850000381469727,0.0,55300
2023-06-21,17.557167053222656,0.0,18.003999710083008,0.0,18.5,17.75,17.75,0.0,34900
2023-06-22,17.41869354248047,0.0,17.86199951171875,0.0,18.21500015258789,17.299999237060547,18.030000686645508,0.0,30400
2023-06-23,17.792186737060547,0.0,18.2450008392334,0.0,18.760000228881836,17.690000534057617,17.690000534057617,0.0,39600
2023-06-26,17.14369010925293,0.0,17.579999923706055,0.0,18.719999313354492,17.559999465942383,18.290000915527344,0.0,36300
2023-06-27,18.304157257080078,0.0,18.770000457763672,0.0,18.8700008392334,17.950000762939453,18.06999969482422,0.0,23800
2023-06-28,18.23589324951172,0.0,18.700000762939453,0.0,19.040000915527344,18.229999542236328,18.459999084472656,0.0,16900
2023-06-29,18.625965118408203,0.0,19.100000381469727,0.0,19.549999237060547,18.84000015258789,19.200000762939453,0.0,45500
2023-06-30,18.899015426635742,0.0,19.3799991607666,0.0,19.760000228881836,18.75,19.610000610351562,0.0,39600
2023-07-03,20.264272689819336,0.0,20.780000686645508,0.0,20.829999923706055,19.40999984741211,19.40999984741211,0.0,45700
2023-07-05,20.386171340942383,0.0,20.905000686645508,0.0,21.25,20.209999084472656,20.219999313354492,0.0,53500
2023-07-06,20.0887393951416,0.0,20.600000381469727,0.0,21.0,19.770000457763672,21.0,0.0,35500
2023-07-07,21.190692901611328,0.0,21.729999542236328,0.0,22.200000762939453,20.6299991607666,20.6299991607666,0.0,66400
2023-07-10,22.26339340209961,0.0,22.829999923706055,0.0,22.850000381469727,21.03499984741211,21.75,0.0,87700
2023-07-11,22.516939163208008,0.0,23.09000015258789,0.0,23.5,22.530000686645508,22.829999923706055,0.0,86600
2023-07-12,22.62421417236328,0.0,23.200000762939453,0.0,24.700000762939453,22.920000076293945,23.8799991607666,0.0,90800
2023-07-13,25.588762283325195,0.0,26.239999771118164,0.0,26.469999313354492,23.34000015258789,23.34000015258789,0.0,91500
2023-07-14,24.330778121948242,0.0,24.950000762939453,0.0,26.850000381469727,24.530000686645508,26.239999771118164,0.0,145600
2023-07-17,23.98946762084961,0.0,24.600000381469727,0.0,25.760000228881836,24.239999771118164,24.90999984741211,0.0,86200
2023-07-18,23.521377563476562,0.0,24.1200008392334,0.0,24.780000686645508,23.799999237060547,24.209999084472656,0.0,65700
2023-07-19,24.603830337524414,0.0,25.229999542236328,0.0,25.239999771118164,24.40999984741211,24.540000915527344,0.0,40200
2023-07-20,23.28733253479004,0.0,23.8799991607666,0.0,25.459999084472656,23.770000457763672,25.219999313354492,0.0,50200
2023-07-21,23.238576889038086,0.0,23.829999923706055,0.0,24.2450008392334,23.149999618530273,24.200000762939453,0.0,40700
2023-07-24,22.73147964477539,0.0,23.309999465942383,0.0,23.766000747680664,22.93000030517578,23.350000381469727,0.0,46400
2023-07-25,22.877758026123047,0.0,23.459999084472656,0.0,24.329999923706055,23.459999084472656,23.459999084472656,0.0,24900
2023-07-26,23.35072135925293,0.0,23.94499969482422,0.0,24.059999465942383,23.440000534057617,23.510000228881836,0.0,20900
2023-07-27,22.08786392211914,0.0,22.649999618530273,0.0,24.43000030517578,22.600000381469727,24.43000030517578,0.0,44400
2023-07-28,22.828998565673828,0.0,23.40999984741211,0.0,23.700000762939453,23.010000228881836,23.260000228881836,0.0,20200
2023-07-31,23.131305694580078,0.0,23.719999313354492,0.0,24.239999771118164,23.538000106811523,23.649999618530273,0.0,50900
2023-08-01,22.653465270996094,0.0,23.229999542236328,0.0,23.469999313354492,22.350000381469727,23.469999313354492,0.0,47200
2023-08-02,21.951335906982422,0.0,22.510000228881836,0.0,23.375,22.200000762939453,22.850000381469727,0.0,70900
2023-08-03,21.678281784057617,0.0,22.229999542236328,0.0,22.729999542236328,22.059999465942383,22.219999313354492,0.0,24500
2023-08-04,20.888389587402344,0.0,21.420000076293945,0.0,22.389999389648438,21.40999984741211,22.3700008392334,0.0,48100
2023-08-07,20.39104461669922,0.0,20.90999984741211,0.0,21.600000381469727,20.209999084472656,21.600000381469727,0.0,114900
2023-08-08,21.024911880493164,0.0,21.559999465942383,0.0,21.820999145507812,20.84000015258789,21.31999969482422,0.0,45000
2023-08-09,20.498313903808594,0.0,21.020000457763672,0.0,21.989999771118164,20.899999618530273,21.899999618530273,0.0,34700
2023-08-10,20.059480667114258,0.0,20.56999969482422,0.0,21.663000106811523,20.56999969482422,21.200000762939453,0.0,22100
2023-08-11,20.313032150268555,0.0,20.829999923706055,0.0,21.1299991607666,20.200000762939453,20.479999542236328,0.0,24200
2023-08-14,19.922958374023438,0.0,20.43000030517578,0.0,20.700000762939453,19.850000381469727,20.700000762939453,0.0,50700
2023-08-15,19.113557815551758,0.0,19.600000381469727,0.0,20.518999099731445,19.59000015258789,20.3799991607666,0.0,29100
2023-08-16,19.01603889465332,0.0,19.5,0.0,19.950000762939453,19.3799991607666,19.610000610351562,0.0,45000
2023-08-17,17.80681610107422,0.0,18.260000228881836,0.0,19.25,18.260000228881836,19.15999984741211,0.0,162500
2023-08-18,17.36798095703125,0.0,17.809999465942383,0.0,18.030000686645508,17.500999450683594,17.510000228881836,0.0,52700
2023-08-21,17.20220184326172,0.0,17.639999389648438,0.0,18.049999237060547,17.32200050354004,17.809999465942383,0.0,47000
2023-08-22,16.9779109954834,0.0,17.40999984741211,0.0,18.06999969482422,17.360000610351562,17.8700008392334,0.0,63900
2023-08-23,17.797061920166016,0.0,18.25,0.0,18.5,17.5,17.610000610351562,0.0,170700
2023-08-24,16.821880340576172,0.0,17.25,0.0,18.43000030517578,17.25,18.43000030517578,0.0,47700
2023-08-25,16.9779109954834,0.0,17.40999984741211,0.0,17.540000915527344,16.8799991607666,17.440000534057617,0.0,12100
2023-08-28,16.94865608215332,0.0,17.3799991607666,0.0,17.709999084472656,17.329999923706055,17.489999771118164,0.0,27300
2023-08-29,19.181819915771484,0.0,19.670000076293945,0.0,19.8700008392334,17.31999969482422,17.3799991607666,0.0,136300
2023-08-30,19.07455062866211,0.0,19.559999465942383,0.0,19.645000457763672,19.15999984741211,19.549999237060547,0.0,87100
2023-08-31,18.274900436401367,0.0,18.739999771118164,0.0,19.809999465942383,18.739999771118164,19.65999984741211,0.0,55900
2023-09-01,17.826318740844727,0.0,18.280000686645508,0.0,18.940000534057617,18.100000381469727,18.8799991607666,0.0,57700
2023-09-05,17.602025985717773,0.0,18.049999237060547,0.0,18.280000686645508,17.969999313354492,18.270000457763672,0.0,59800
2023-09-06,17.826318740844727,0.0,18.280000686645508,0.0,18.469999313354492,18.0,18.040000915527344,0.0,99500
2023-09-07,17.845821380615234,0.0,18.299999237060547,0.0,18.350000381469727,17.5,18.0,0.0,36400
2023-09-08,17.524009704589844,0.0,17.969999313354492,0.0,18.229999542236328,17.6560001373291,18.229999542236328,0.0,22500
2023-09-11,16.78287124633789,0.0,17.209999084472656,0.0,17.950000762939453,17.190000534057617,17.84000015258789,0.0,145700
2023-09-12,17.094932556152344,0.0,17.530000686645508,0.0,18.299999237060547,17.40999984741211,17.709999084472656,0.0,181900
2023-09-13,16.860889434814453,0.0,17.290000915527344,0.0,17.760000228881836,17.139999389648438,17.6200008392334,0.0,14200
2023-09-14,17.36798095703125,0.0,17.809999465942383,0.0,18.020000457763672,17.399999618530273,17.6299991607666,0.0,24700
2023-09-15,16.938905715942383,0.0,17.3700008392334,0.0,17.670000076293945,17.280000686645508,17.670000076293945,0.0,33500
2023-09-18,17.007164001464844,0.0,17.440000534057617,0.0,18.014999389648438,17.389999389648438,17.8799991607666,0.0,20300
2023-09-19,16.529327392578125,0.0,16.950000762939453,0.0,17.489999771118164,16.8799991607666,17.489999771118164,0.0,71100
2023-09-20,16.305034637451172,0.0,16.719999313354492,0.0,17.3700008392334,16.700000762939453,17.079999923706055,0.0,57200
2023-09-21,15.719926834106445,0.0,16.1200008392334,0.0,16.450000762939453,15.979999542236328,16.049999237060547,0.0,299100
2023-09-22,15.37861156463623,0.0,15.770000457763672,0.0,16.329999923706055,15.770000457763672,16.260000228881836,0.0,14700
2023-09-25,15.398116111755371,0.0,15.789999961853027,0.0,15.95199966430664,15.510000228881836,15.649999618530273,0.0,50800
2023-09-26,15.144569396972656,0.0,15.529999732971191,0.0,15.984999656677246,15.399999618530273,15.6899995803833,0.0,20400
2023-09-27,15.329853057861328,0.0,15.720000267028809,0.0,16.100000381469727,15.40999984741211,15.819999694824219,0.0,89700
2023-09-28,15.856452941894531,0.0,16.260000228881836,0.0,16.5,15.630000114440918,15.710000038146973,0.0,42600
2023-09-29,15.622406959533691,0.0,16.020000457763672,0.0,16.600000381469727,16.020000457763672,16.43000030517578,0.0,24400
2023-10-02,15.797943115234375,0.0,16.200000762939453,0.0,17.190000534057617,16.030000686645508,16.68000030517578,0.0,47200
2023-10-03,14.647226333618164,0.0,15.020000457763672,0.0,15.984999656677246,15.020000457763672,15.949999809265137,0.0,30700
2023-10-04,15.07630729675293,0.0,15.460000038146973,0.0,15.460000038146973,14.989999771118164,15.300000190734863,0.0,22500
2023-10-05,14.988539695739746,0.0,15.369999885559082,0.0,15.5600004196167,15.093000411987305,15.5,0.0,8600
2023-10-06,15.661413192749023,0.0,16.059999465942383,0.0,16.09000015258789,15.0,15.069999694824219,0.0,12600
2023-10-09,15.456626892089844,0.0,15.850000381469727,0.0,15.930000305175781,15.5,15.550000190734863,0.0,143600
2023-10-10,15.797943115234375,0.0,16.200000762939453,0.0,16.56999969482422,15.869999885559082,15.920000076293945,0.0,11800
2023-10-11,15.212831497192383,0.0,15.600000381469727,0.0,16.139999389648438,15.430000305175781,16.139999389648438,0.0,23800
2023-10-12,14.939780235290527,0.0,15.319999694824219,0.0,15.630000114440918,15.1899995803833,15.630000114440918,0.0,23900
2023-10-13,14.666728973388672,0.0,15.039999961853027,0.0,15.289999961853027,14.949999809265137,15.289999961853027,0.0,14500
2023-10-16,15.37861156463623,0.0,15.770000457763672,0.0,16.25,15.390000343322754,15.619999885559082,0.0,145600
2023-10-17,15.719926834106445,0.0,16.1200008392334,0.0,16.290000915527344,15.510000228881836,15.520000457763672,0.0,30500
2023-10-18,14.910524368286133,0.0,15.289999961853027,0.0,15.975000381469727,15.210000038146973,15.960000038146973,0.0,12100
2023-10-19,14.76424789428711,0.0,15.140000343322754,0.0,15.649999618530273,15.140000343322754,15.289999961853027,0.0,24300
2023-10-20,14.744745254516602,0.0,15.119999885559082,0.0,15.765999794006348,15.119999885559082,15.489999771118164,0.0,18300
2023-10-23,15.50538444519043,0.0,15.899999618530273,0.0,16.25,15.1899995803833,15.489999771118164,0.0,27200
2023-10-24,16.4610652923584,0.0,16.8799991607666,0.0,17.594999313354492,16.5,16.969999313354492,0.0,59000
2023-10-25,15.875954627990723,0.0,16.280000686645508,0.0,17.450000762939453,16.15999984741211,16.81999969482422,0.0,44300
2023-10-26,15.251839637756348,0.0,15.640000343322754,0.0,16.06999969482422,15.470000267028809,16.059999465942383,0.0,20700
2023-10-27,14.910524368286133,0.0,15.289999961853027,0.0,16.030000686645508,15.220000267028809,15.670000076293945,0.0,21200
2023-10-30,15.105561256408691,0.0,15.489999771118164,0.0,15.979999542236328,15.234999656677246,15.680000305175781,0.0,22100
2023-10-31,15.339605331420898,0.0,15.729999542236328,0.0,15.729999542236328,15.100000381469727,15.4399995803833,0.0,11100
2023-11-01,15.349356651306152,0.0,15.739999771118164,0.0,15.9399995803833,15.430000305175781,15.619999885559082,0.0,14100
2023-11-02,16.67560577392578,0.0,17.100000381469727,0.0,17.149999618530273,16.260000228881836,16.31999969482422,0.0,35000
2023-11-03,16.802379608154297,0.0,17.229999542236328,0.0,17.450000762939453,16.850000381469727,16.979999542236328,0.0,31300
2023-11-06,16.500072479248047,0.0,16.920000076293945,0.0,17.5,16.559999465942383,17.479999542236328,0.0,26300
2023-11-07,16.441560745239258,0.0,16.860000610351562,0.0,17.06999969482422,16.3799991607666,16.90999984741211,0.0,13700
2023-11-08,15.934467315673828,0.0,16.34000015258789,0.0,16.8799991607666,16.280000686645508,16.8799991607666,0.0,9000
2023-11-09,16.19776725769043,0.0,16.610000610351562,0.0,17.8799991607666,16.5,17.459999084472656,0.0,23100
2023-11-10,16.246524810791016,0.0,16.65999984741211,0.0,16.790000915527344,16.100000381469727,16.790000915527344,0.0,25000
2023-11-13,15.758932113647461,0.0,16.15999984741211,0.0,16.450000762939453,15.960000038146973,16.450000762939453,0.0,19300
2023-11-14,16.002727508544922,0.0,16.40999984741211,0.0,16.719999313354492,16.15999984741211,16.610000610351562,0.0,27600
2023-11-15,17.1534423828125,0.0,17.59000015258789,0.0,17.600000381469727,16.510000228881836,16.760000228881836,0.0,33100
2023-11-16,16.578086853027344,0.0,17.0,0.0,17.170000076293945,16.600000381469727,17.170000076293945,0.0,58700
2023-11-17,16.636594772338867,0.0,17.059999465942383,0.0,17.25,16.761999130249023,17.010000228881836,0.0,19400
2023-11-20,17.514259338378906,0.0,17.959999084472656,0.0,18.0,17.37700080871582,17.3799991607666,0.0,31200
2023-11-21,17.338729858398438,0.0,17.780000686645508,0.0,17.799999237060547,17.329999923706055,17.670000076293945,0.0,33400
2023-11-22,17.728801727294922,0.0,18.18000030517578,0.0,18.229999542236328,17.424999237060547,17.809999465942383,0.0,47200
2023-11-24,18.43092918395996,0.0,18.899999618530273,0.0,19.0,18.149999618530273,18.18000030517578,0.0,50500
2023-11-27,18.577207565307617,0.0,19.049999237060547,0.0,19.260000228881836,18.40999984741211,18.81999969482422,0.0,38000
2023-11-28,19.6499080657959,0.0,20.149999618530273,0.0,20.190000534057617,19.18000030517578,19.299999237060547,0.0,51400
2023-11-29,19.796184539794922,0.0,20.299999237060547,0.0,20.520000457763672,20.009000778198242,20.309999465942383,0.0,48400
2023-11-30,19.30859375,0.0,19.799999237060547,0.0,20.299999237060547,19.649999618530273,20.299999237060547,0.0,38600
2023-12-01,21.06391716003418,0.0,21.600000381469727,0.0,21.600000381469727,19.950000762939453,19.950000762939453,0.0,59300
2023-12-04,22.24388885498047,0.0,22.809999465942383,0.0,23.389999389648438,22.100000381469727,23.0,0.0,89800
2023-12-05,22.44867706298828,0.0,23.020000457763672,0.0,23.799999237060547,22.670000076293945,22.670000076293945,0.0,98400
2023-12-06,22.126869201660156,0.0,22.690000534057617,0.0,23.440000534057617,22.5,23.440000534057617,0.0,61800
2023-12-07,22.136621475219727,0.0,22.700000762939453,0.0,22.959999084472656,22.0,22.5,0.0,57200
2023-12-08,23.54088020324707,0.0,24.139999389648438,0.0,24.18000030517578,22.729999542236328,22.729999542236328,0.0,75900
2023-12-11,21.47349739074707,0.0,22.020000457763672,0.0,23.5,21.760000228881836,23.5,0.0,141200
2023-12-12,21.81481170654297,0.0,22.3700008392334,0.0,22.5,21.950000762939453,22.329999923706055,0.0,71100
2023-12-13,23.404356002807617,0.0,24.0,0.0,24.0,21.860000610351562,22.350000381469727,0.0,104800
2023-12-14,24.106489181518555,0.0,24.719999313354492,0.0,25.0,24.100000381469727,24.299999237060547,0.0,97500
2023-12-15,24.087921142578125,0.0,24.649999618530273,0.051,24.719999313354492,24.100000381469727,24.3700008392334,0.0,57000
2023-12-18,24.996713638305664,0.0,25.579999923706055,0.0,25.700000762939453,24.25,24.6200008392334,0.0,94400
2023-12-19,25.846874237060547,0.0,26.450000762939453,0.0,26.959999084472656,25.549999237060547,26.25,0.0,136900
2023-12-20,25.895734786987305,0.0,26.5,0.0,28.149999618530273,26.399999618530273,27.5,0.0,164500
2023-12-21,27.478796005249023,0.0,28.1200008392334,0.0,29.06999969482422,26.680999755859375,29.06999969482422,0.0,86500
2023-12-22,28.846872329711914,0.0,29.520000457763672,0.0,30.15999984741211,27.6299991607666,28.309999465942383,0.0,126400
2023-12-26,29.00322151184082,0.0,29.68000030517578,0.0,29.760000228881836,28.559999465942383,29.34000015258789,0.0,148200
2023-12-27,31.856639862060547,0.0,32.599998474121094,0.0,32.75,30.825000762939453,30.860000610351562,0.0,165600
2023-12-28,30.713319778442383,0.0,31.43000030517578,0.0,32.599998474121094,30.510000228881836,32.599998474121094,0.0,184600
2023-12-29,27.107460021972656,0.0,27.739999771118164,0.0,32.0,27.5,31.479999542236328,0.0,257200
2024-01-02,26.081401824951172,0.0,26.690000534057617,0.0,30.360000610351562,26.680999755859375,29.649999618530273,0.0,186800
2024-01-03,25.65143585205078,0.0,26.25,0.0,26.809999465942383,24.270000457763672,24.270000457763672,0.0,126200
2024-01-04,26.609086990356445,0.0,27.229999542236328,0.0,27.790000915527344,26.09000015258789,26.770000457763672,0.0,72200
2024-01-05,25.407136917114258,0.0,26.0,0.0,26.959999084472656,25.579999923706055,26.959999084472656,0.0,88800
2024-01-08,26.8631591796875,0.0,27.489999771118164,0.0,27.790000915527344,25.100000381469727,26.65999984741211,0.0,140700
2024-01-09,26.159578323364258,0.0,26.770000457763672,0.0,27.815000534057617,26.600000381469727,27.329999923706055,0.0,210100
2024-01-10,26.1204891204834,0.0,26.729999542236328,0.0,27.729999542236328,25.579999923706055,26.270000457763672,0.0,125200
2024-01-11,24.439708709716797,0.0,25.010000228881836,0.0,29.0,24.25,28.459999084472656,0.0,302600
2024-01-12,22.358278274536133,0.0,22.8799991607666,0.0,25.0,22.799999237060547,25.0,0.0,212100
2024-01-16,21.69378662109375,0.0,22.200000762939453,0.0,22.799999237060547,21.510000228881836,22.469999313354492,0.0,118400
2024-01-17,21.068376541137695,0.0,21.559999465942383,0.0,21.940000534057617,21.3799991607666,21.610000610351562,0.0,68400
2024-01-18,19.99346160888672,0.0,20.459999084472656,0.0,22.1299991607666,20.3799991607666,21.719999313354492,0.0,109600
2024-01-19,20.042322158813477,0.0,20.510000228881836,0.0,20.739999771118164,19.5,20.450000762939453,0.0,112700
2024-01-22,20.374570846557617,0.0,20.850000381469727,0.0,21.490999221801758,20.209999084472656,20.3799991607666,0.0,72500
2024-01-23,20.032550811767578,0.0,20.5,0.0,20.79400062561035,20.15999984741211,20.489999771118164,0.0,62900
2024-01-24,19.739391326904297,0.0,20.200000762939453,0.0,21.45199966430664,20.149999618530273,21.1299991607666,0.0,78300
2024-01-25,20.2963924407959,0.0,20.770000457763672,0.0,20.770000457763672,20.024999618530273,20.3700008392334,0.0,34900
2024-01-26,21.48857307434082,0.0,21.989999771118164,0.0,22.270000457763672,21.27199935913086,21.489999771118164,0.0,67200
2024-01-29,22.348508834838867,0.0,22.8700008392334,0.0,23.399999618530273,21.7810001373291,22.209999084472656,0.0,100500
2024-01-30,21.908767700195312,0.0,22.420000076293945,0.0,23.0,22.200000762939453,22.90999984741211,0.0,56800
2024-01-31,21.04883575439453,0.0,21.540000915527344,0.0,22.770000457763672,21.540000915527344,21.8799991607666,0.0,50600
2024-02-01,21.420169830322266,0.0,21.920000076293945,0.0,22.15999984741211,21.011999130249023,21.719999313354492,0.0,53200
2024-02-02,21.205184936523438,0.0,21.700000762939453,0.0,22.149999618530273,21.496000289916992,21.729999542236328,0.0,51500
2024-02-05,20.032550811767578,0.0,20.5,0.0,21.770000457763672,20.5,21.770000457763672,0.0,47300
2024-02-06,20.73613166809082,0.0,21.219999313354492,0.0,21.229999542236328,20.40399932861328,20.65999984741211,0.0,21700
2024-02-07,21.185644149780273,0.0,21.68000030517578,0.0,21.68000030517578,20.59000015258789,21.260000228881836,0.0,38900
2024-02-08,23.257299423217773,0.0,23.799999237060547,0.0,23.81999969482422,22.0,22.360000610351562,0.0,89400
2024-02-09,25.397363662719727,0.0,25.989999771118164,0.0,26.100000381469727,24.75,25.790000915527344,0.0,148000
2024-02-12,27.351760864257812,0.0,27.989999771118164,0.0,28.277999877929688,26.0,26.020000457763672,0.0,149700
2024-02-13,25.99345588684082,0.0,26.600000381469727,0.0,27.170000076293945,25.25,25.940000534057617,0.0,102400
2024-02-14,29.052082061767578,0.0,29.729999542236328,0.0,29.889999389648438,28.75,29.079999923706055,0.0,139000
2024-02-15,28.60257339477539,0.0,29.270000457763672,0.0,31.1200008392334,28.735000610351562,30.690000534057617,0.0,140600
2024-02-16,28.895732879638672,0.0,29.56999969482422,0.0,30.746000289916992,28.854999542236328,29.809999465942383,0.0,113900
2024-02-20,27.723094940185547,0.0,28.3700008392334,0.0,30.59000015258789,26.93000030517578,30.59000015258789,0.0,92200
2024-02-21,26.022768020629883,0.0,26.6299991607666,0.0,27.549999237060547,26.589000701904297,27.020000457763672,0.0,59700
2024-02-22,27.195409774780273,0.0,27.829999923706055,0.0,28.219999313354492,26.799999237060547,27.190000534057617,0.0,87700
2024-02-23,26.374561309814453,0.0,26.989999771118164,0.0,27.56999969482422,26.260000228881836,27.56999969482422,0.0,86600
2024-02-26,30.039052963256836,0.0,30.739999771118164,0.0,30.920000076293945,27.309999465942383,27.309999465942383,0.0,132000
2024-02-27,30.166088104248047,0.0,30.8700008392334,0.0,32.87099838256836,30.18000030517578,32.52000045776367,0.0,113600
2024-02-28,29.364784240722656,0.0,30.049999237060547,0.0,32.16999816894531,29.75,32.16999816894531,0.0,114000
2024-02-29,27.136775970458984,0.0,27.770000457763672,0.0,30.5,27.280000686645508,30.5,0.0,199300
2024-03-01,27.918533325195312,0.0,28.56999969482422,0.0,28.822999954223633,27.104999542236328,28.43000030517578,0.0,291800
2024-03-04,27.732866287231445,0.0,28.3799991607666,0.0,29.940000534057617,27.75,29.739999771118164,0.0,151200
2024-03-05,25.99345588684082,0.0,26.600000381469727,0.0,28.8700008392334,26.219999313354492,27.729999542236328,0.0,113200
2024-03-06,27.068374633789062,0.0,27.700000762939453,0.0,28.149999618530273,26.450000762939453,27.489999771118164,0.0,66600
2024-03-07,27.175865173339844,0.0,27.809999465942383,0.0,27.809999465942383,26.909000396728516,27.770000457763672,0.0,88900
2024-03-08,28.475536346435547,0.0,29.139999389648438,0.0,30.25,27.950000762939453,27.950000762939453,0.0,87300
2024-03-11,26.677492141723633,0.0,27.299999237060547,0.0,30.229999542236328,27.299999237060547,30.139999389648438,0.0,115800
2024-03-12,26.521141052246094,0.0,27.139999389648438,0.0,27.510000228881836,26.2450008392334,27.469999313354492,0.0,462000
2024-03-13,26.61886215209961,0.0,27.239999771118164,0.0,28.15999984741211,26.90999984741211,27.020000457763672,0.0,269400
2024-03-14,25.133522033691406,0.0,25.719999313354492,0.0,26.799999237060547,25.125,26.799999237060547,0.0,80900
2024-03-15,26.042314529418945,0.0,26.649999618530273,0.0,26.90999984741211,25.0,25.0,0.0,68100
2024-03-18,26.022768020629883,0.0,26.6299991607666,0.0,27.139999389648438,25.8799991607666,26.649999618530273,0.0,106400
2024-03-19,25.592803955078125,0.0,26.190000534057617,0.0,26.25,24.899999618530273,25.299999237060547,0.0,63000
2024-03-20,28.436450958251953,0.0,29.100000381469727,0.0,29.100000381469727,26.020000457763672,26.18000030517578,0.0,237700
2024-03-21,28.573257446289062,0.0,29.239999771118164,0.0,29.8700008392334,28.739999771118164,29.260000228881836,0.0,90300
2024-03-22,27.371305465698242,0.0,28.010000228881836,0.0,28.850000381469727,27.844999313354492,28.59000015258789,0.0,99000
2024-03-25,28.87618637084961,0.0,29.549999237060547,0.0,29.8700008392334,28.579999923706055,28.579999923706055,0.0,95900
2024-03-26,28.651432037353516,0.0,29.31999969482422,0.0,29.989999771118164,28.780000686645508,29.65999984741211,0.0,73200
2024-03-27,28.46576499938965,0.0,29.1299991607666,0.0,29.989999771118164,28.510000228881836,29.93000030517578,0.0,82900
2024-03-28,28.768695831298828,0.0,29.440000534057617,0.0,30.92300033569336,29.440000534057617,29.989999771118164,0.0,78200
2024-04-01,27.94784927368164,0.0,28.600000381469727,0.0,29.8799991607666,28.219999313354492,29.440000534057617,0.0,154500
2024-04-02,26.540685653686523,0.0,27.15999984741211,0.0,27.72800064086914,26.809999465942383,27.43000030517578,0.0,46100
2024-04-03,26.88270378112793,0.0,27.510000228881836,0.0,27.889999389648438,27.06999969482422,27.219999313354492,0.0,71800
2024-04-04,26.61886215209961,0.0,27.239999771118164,0.0,28.329999923706055,26.959999084472656,27.93000030517578,0.0,29900
2024-04-05,25.99345588684082,0.0,26.600000381469727,0.0,27.299999237060547,26.420000076293945,26.700000762939453,0.0,31200
2024-04-08,26.43319320678711,0.0,27.049999237060547,0.0,27.950000762939453,26.510000228881836,27.950000762939453,0.0,42500
2024-04-09,25.690526962280273,0.0,26.290000915527344,0.0,26.809999465942383,26.0,26.809999465942383,0.0,59800
2024-04-10,25.49508285522461,0.0,26.09000015258789,0.0,26.326000213623047,25.51099967956543,26.0,0.0,58500
2024-04-11,25.788244247436523,0.0,26.389999389648438,0.0,26.389999389648438,25.399999618530273,26.170000076293945,0.0,73200
2024-04-12,24.21495819091797,0.0,24.780000686645508,0.0,26.1560001373291,24.68000030517578,25.899999618530273,0.0,98600
2024-04-15,23.149810791015625,0.0,23.690000534057617,0.0,25.170000076293945,23.600000381469727,25.010000228881836,0.0,53900
2024-04-16,22.93482780456543,0.0,23.469999313354492,0.0,23.5,22.709999084472656,23.5,0.0,48900
2024-04-17,22.690526962280273,0.0,23.219999313354492,0.0,23.959999084472656,22.889999389648438,23.389999389648438,0.0,93000
2024-04-18,23.55046272277832,0.0,24.100000381469727,0.0,24.579999923706055,23.219999313354492,23.219999313354492,0.0,46300
2024-04-19,23.892480850219727,0.0,24.450000762939453,0.0,24.639999389648438,23.889999389648438,24.389999389648438,0.0,37800
2024-04-22,25.788244247436523,0.0,26.389999389648438,0.0,26.389999389648438,24.68000030517578,25.010000228881836,0.0,48300
2024-04-23,26.784982681274414,0.0,27.40999984741211,0.0,27.5,25.933000564575195,26.079999923706055,0.0,49300
2024-04-24,26.159578323364258,0.0,26.770000457763672,0.0,27.799999237060547,26.489999771118164,27.190000534057617,0.0,30400
2024-04-25,25.63189125061035,0.0,26.229999542236328,0.0,26.31999969482422,25.059999465942383,25.6299991607666,0.0,73900
2024-04-26,25.876190185546875,0.0,26.479999542236328,0.0,26.780000686645508,26.110000610351562,26.229999542236328,0.0,21100
2024-04-29,24.811046600341797,0.0,25.389999389648438,0.0,26.479999542236328,25.35300064086914,26.479999542236328,0.0,36800
2024-04-30,23.345247268676758,0.0,23.889999389648438,0.0,25.0,23.8799991607666,24.799999237060547,0.0,38400
2024-05-01,23.257299423217773,0.0,23.799999237060547,0.0,24.815000534057617,23.3700008392334,23.65999984741211,0.0,23200
2024-05-02,24.4103946685791,0.0,24.979999542236328,0.0,24.979999542236328,23.975000381469727,24.450000762939453,0.0,81700
2024-05-03,24.449481964111328,0.0,25.020000457763672,0.0,25.81999969482422,24.729999542236328,25.540000915527344,0.0,43600
2024-05-06,25.573261260986328,0.0,26.170000076293945,0.0,26.559999465942383,25.5,25.5,0.0,28900
2024-05-07,24.586288452148438,0.0,25.15999984741211,0.0,26.170000076293945,25.1299991607666,26.170000076293945,0.0,18800
2024-05-08,24.439708709716797,0.0,25.010000228881836,0.0,25.280000686645508,24.360000610351562,24.729999542236328,0.0,47400
2024-05-09,24.586288452148438,0.0,25.15999984741211,0.0,25.65999984741211,24.916000366210938,25.010000228881836,0.0,15300
2024-05-10,23.599321365356445,0.0,24.149999618530273,0.0,25.59000015258789,24.149999618530273,25.59000015258789,0.0,38000
2024-05-13,23.706811904907227,0.0,24.260000228881836,0.0,24.979999542236328,24.100000381469727,24.610000610351562,0.0,33000
2024-05-14,23.6579532623291,0.0,24.209999084472656,0.0,24.415000915527344,23.760000228881836,23.889999389648438,0.0,32700
2024-05-15,25.037755966186523,0.0,25.621999740600586,0.0,25.621999740600586,24.31100082397461,24.729999542236328,0.0,41700
2024-05-16,24.6058349609375,0.0,25.18000030517578,0.0,25.770000457763672,25.0,25.5,0.0,19700
2024-05-17,24.4103946685791,0.0,24.979999542236328,0.0,25.78499984741211,24.80900001525879,25.459999084472656,0.0,18700
2024-05-20,26.042314529418945,0.0,26.649999618530273,0.0,26.729999542236328,24.549999237060547,24.979999542236328,0.0,150100
2024-05-21,25.729610443115234,0.0,26.329999923706055,0.0,26.8700008392334,26.270000457763672,26.760000228881836,0.0,27100
2024-05-22,26.227981567382812,0.0,26.84000015258789,0.0,27.770000457763672,26.440000534057617,26.440000534057617,0.0,28600
2024-05-23,24.830591201782227,0.0,25.40999984741211,0.0,26.979999542236328,25.350000381469727,26.979999542236328,0.0,37100
2024-05-24,25.934825897216797,0.0,26.540000915527344,0.0,26.8799991607666,25.55500030517578,25.709999084472656,0.0,27200
2024-05-28,26.218210220336914,0.0,26.829999923706055,0.0,27.34000015258789,26.15999984741211,26.6299991607666,0.0,37400
2024-05-29,25.739383697509766,0.0,26.34000015258789,0.0,26.6299991607666,26.073999404907227,26.360000610351562,0.0,16300
2024-05-30,25.46576690673828,0.0,26.059999465942383,0.0,26.774999618530273,26.059999465942383,26.34000015258789,0.0,21200
2024-05-31,25.05534553527832,0.0,25.639999389648438,0.0,26.540000915527344,25.28499984741211,26.530000686645508,0.0,25100
2024-06-03,25.368045806884766,0.0,25.959999084472656,0.0,26.920000076293945,25.649999618530273,26.25,0.0,29300
2024-06-04,26.716583251953125,0.0,27.34000015258789,0.0,27.579999923706055,26.1299991607666,26.1299991607666,0.0,49000
2024-06-05,27.2442684173584,0.0,27.8799991607666,0.0,27.889999389648438,26.767000198364258,27.700000762939453,0.0,48300
2024-06-06,27.957624435424805,0.0,28.610000610351562,0.0,29.0,27.8700008392334,27.8700008392334,0.0,70500
2024-06-07,27.400619506835938,0.0,28.040000915527344,0.0,29.790000915527344,27.739999771118164,29.790000915527344,0.0,49900
2024-06-10,27.684005737304688,0.0,28.329999923706055,0.0,28.5,27.350000381469727,27.530000686645508,0.0,96200
2024-06-11,27.85013198852539,0.0,28.5,0.0,28.5,26.514999389648438,27.360000610351562,0.0,33700
2024-06-12,29.022768020629883,0.0,29.700000762939453,0.0,30.3799991607666,29.354999542236328,29.479999542236328,0.0,158800
2024-06-13,29.345245361328125,0.0,30.030000686645508,0.0,30.920000076293945,29.20599937438965,30.440000534057617,0.0,34200
2024-06-14,29.00322151184082,0.0,29.68000030517578,0.0,30.6200008392334,29.209999084472656,30.1299991607666,0.0,36700
2024-06-17,30.019506454467773,0.0,30.719999313354492,0.0,31.1299991607666,29.0,30.030000686645508,0.0,55300
2024-06-18,29.511367797851562,0.0,30.200000762939453,0.0,30.6200008392334,29.700000762939453,30.260000228881836,0.0,57700
2024-06-20,30.273578643798828,0.0,30.979999542236328,0.0,31.489999771118164,30.149999618530273,30.610000610351562,0.0,73800
2024-06-21,28.7393798828125,0.0,29.40999984741211,0.0,30.280000686645508,28.75,30.270000457763672,0.0,52000
2024-06-24,27.9771671295166,0.0,28.6299991607666,0.0,29.100000381469727,28.0,29.0,0.0,132900
2024-06-25,29.21820640563965,0.0,29.899999618530273,0.0,30.170000076293945,28.90999984741211,29.239999771118164,0.0,126200
2024-06-26,28.5537109375,0.0,29.219999313354492,0.0,30.489999771118164,29.219999313354492,29.479999542236328,0.0,43900
2024-06-27,29.09117317199707,0.0,29.770000457763672,0.0,30.290000915527344,29.18000030517578,30.0,0.0,11800
2024-06-28,28.837100982666016,0.0,29.510000228881836,0.0,29.700000762939453,29.100000381469727,29.700000762939453,0.0,16200
2024-07-01,30.15631675720215,0.0,30.860000610351562,0.0,31.149999618530273,29.82900047302246,30.649999618530273,0.0,34700
2024-07-02,30.293123245239258,0.0,31.0,0.0,31.239999771118164,30.434999465942383,30.899999618530273,0.0,42700
2024-07-03,30.273578643798828,0.0,30.979999542236328,0.0,31.040000915527344,30.21500015258789,30.510000228881836,0.0,33300
2024-07-05,30.078144073486328,0.0,30.780000686645508,0.0,30.875,28.8799991607666,30.0,0.0,90400
2024-07-08,30.15631675720215,0.0,30.860000610351562,0.0,31.850000381469727,30.52400016784668,31.200000762939453,0.0,58100
2024-07-09,29.335472106933594,0.0,30.020000457763672,0.0,31.25,29.666000366210938,31.0,0.0,22300
2024-07-10,29.120487213134766,0.0,29.799999237060547,0.0,30.190000534057617,29.350000381469727,30.139999389648438,0.0,81900
2024-07-11,28.5439395904541,0.0,29.209999084472656,0.0,30.770000457763672,29.139999389648438,29.799999237060547,0.0,75700
2024-07-12,30.078144073486328,0.0,30.780000686645508,0.0,30.979999542236328,29.239999771118164,29.450000762939453,0.0,78400
2024-07-15,32.73611831665039,0.0,33.5,0.0,33.599998474121094,31.719999313354492,31.989999771118164,0.0,69100
2024-07-16,34.44621276855469,0.0,35.25,0.0,35.459999084472656,33.5,33.68000030517578,0.0,56700
2024-07-17,33.74263000488281,0.0,34.529998779296875,0.0,35.9900016784668,33.50899887084961,34.689998626708984,0.0,48400
2024-07-18,31.270322799682617,0.0,32.0,0.0,34.77000045776367,31.68000030517578,34.77000045776367,0.0,47000
2024-07-19,32.921783447265625,0.0,33.689998626708984,0.0,33.90999984741211,31.729999542236328,32.0,0.0,35100
2024-07-22,33.42015838623047,0.0,34.20000076293945,0.0,34.619998931884766,32.689998626708984,34.04999923706055,0.0,44800
2024-07-23,32.30615234375,0.0,33.060001373291016,0.0,34.18000030517578,32.810001373291016,34.029998779296875,0.0,32400
2024-07-24,30.6156005859375,0.0,31.329999923706055,0.0,33.439998626708984,31.309999465942383,32.7599983215332,0.0,73300
2024-07-25,29.325698852539062,0.0,30.010000228881836,0.0,31.110000610351562,29.770000457763672,31.030000686645508,0.0,71500
2024-07-26,30.381072998046875,0.0,31.09000015258789,0.0,31.959999084472656,30.8700008392334,31.020000457763672,0.0,70800
2024-07-29,29.726350784301758,0.0,30.420000076293945,0.0,32.29999923706055,30.224000930786133,31.8799991607666,0.0,62200
2024-07-30,28.885957717895508,0.0,29.559999465942383,0.0,30.559999465942383,29.229999542236328,30.270000457763672,0.0,33500
2024-07-31,29.345245361328125,0.0,30.030000686645508,0.0,30.899999618530273,29.739999771118164,30.110000610351562,0.0,59600
2024-08-01,27.820812225341797,0.0,28.469999313354492,0.0,30.101999282836914,28.06999969482422,29.760000228881836,0.0,48400
2024-08-02,25.915281295776367,0.0,26.520000457763672,0.0,27.915000915527344,26.5,27.899999618530273,0.0,75900
2024-08-05,24.889219284057617,0.0,25.469999313354492,0.0,25.690000534057617,22.5,23.09000015258789,0.0,85100
2024-08-06,25.25078582763672,0.0,25.84000015258789,0.0,26.43000030517578,25.079999923706055,25.649999618530273,0.0,72200
2024-08-07,24.371307373046875,0.0,24.940000534057617,0.0,26.78700065612793,24.740999221801758,26.579999923706055,0.0,33900
2024-08-08,26.413650512695312,0.0,27.030000686645508,0.0,27.10300064086914,25.290000915527344,25.290000915527344,0.0,47000
2024-08-09,25.77846908569336,0.0,26.3799991607666,0.0,26.899999618530273,26.149999618530273,26.899999618530273,0.0,26000
2024-08-12,24.928308486938477,0.0,25.510000228881836,0.0,26.270000457763672,25.437000274658203,26.260000228881836,0.0,31300
2024-08-13,25.153064727783203,0.0,25.739999771118164,0.0,26.360000610351562,25.514999389648438,25.700000762939453,0.0,17900
2024-08-14,24.928308486938477,0.0,25.510000228881836,0.0,26.1200008392334,25.5,26.1200008392334,0.0,15900
2024-08-15,25.397363662719727,0.0,25.989999771118164,0.0,26.652000427246094,25.889999389648438,25.889999389648438,0.0,24000
2024-08-16,26.38433265686035,0.0,27.0,0.0,27.020000457763672,26.149999618530273,26.229999542236328,0.0,30900
2024-08-19,26.80453109741211,0.0,27.43000030517578,0.0,27.59000015258789,26.815000534057617,27.0,0.0,35900
2024-08-20,26.97065544128418,0.0,27.600000381469727,0.0,28.200000762939453,27.017000198364258,27.770000457763672,0.0,29500
2024-08-21,27.517881393432617,0.0,28.15999984741211,0.0,28.229999542236328,27.43000030517578,27.479999542236328,0.0,18300
2024-08-22,26.93156623840332,0.0,27.559999465942383,0.0,28.3700008392334,27.559999465942383,28.270000457763672,0.0,33400
2024-08-23,28.221464157104492,0.0,28.8799991607666,0.0,28.969999313354492,27.79800033569336,27.93000030517578,0.0,28400
2024-08-26,28.035797119140625,0.0,28.690000534057617,0.0,28.969999313354492,28.516000747680664,28.969999313354492,0.0,24600
2024-08-27,26.94133758544922,0.0,27.56999969482422,0.0,28.219999313354492,27.31999969482422,28.219999313354492,0.0,58700
2024-08-28,26.159578323364258,0.0,26.770000457763672,0.0,27.56999969482422,26.299999237060547,27.56999969482422,0.0,135700
2024-08-29,26.247526168823242,0.0,26.860000610351562,0.0,28.0,26.860000610351562,27.040000915527344,0.0,77000
2024-08-30,26.01300048828125,0.0,26.6200008392334,0.0,27.170000076293945,26.3799991607666,27.170000076293945,0.0,16900
2024-09-03,24.351762771606445,0.0,24.920000076293945,0.0,26.5,24.889999389648438,26.5,0.0,133500
2024-09-04,24.185638427734375,0.0,24.75,0.0,25.43000030517578,24.5,24.690000534057617,0.0,18900
2024-09-05,23.931568145751953,0.0,24.489999771118164,0.0,25.190000534057617,24.350000381469727,24.75,0.0,27200
2024-09-06,23.02277374267578,0.0,23.559999465942383,0.0,24.802000045776367,23.329999923706055,24.790000915527344,0.0,41600
2024-09-09,24.019515991210938,0.0,24.579999923706055,0.0,24.6200008392334,23.959999084472656,23.979999542236328,0.0,12600
2024-09-10,24.750459671020508,0.0,25.327999114990234,0.0,25.389999389648438,24.270000457763672,24.649999618530273,0.0,14000
2024-09-11,24.928308486938477,0.0,25.510000228881836,0.0,25.510000228881836,24.28499984741211,25.049999237060547,0.0,21600
2024-09-12,24.986940383911133,0.0,25.56999969482422,0.0,25.90999984741211,25.239999771118164,25.450000762939453,0.0,21300
2024-09-13,25.524398803710938,0.0,26.1200008392334,0.0,26.5,25.625,25.84000015258789,0.0,28800
2024-09-16,24.938081741333008,0.0,25.520000457763672,0.0,25.940000534057617,25.145000457763672,25.670000076293945,0.0,27400
2024-09-17,25.37782096862793,0.0,25.969999313354492,0.0,26.579999923706055,25.780000686645508,25.979999542236328,0.0,23700
2024-09-18,25.27033042907715,0.0,25.860000610351562,0.0,26.75,25.610000610351562,26.0,0.0,25200
2024-09-19,25.622119903564453,0.0,26.219999313354492,0.0,26.989999771118164,26.139999389648438,26.899999618530273,0.0,32300
2024-09-20,25.661209106445312,0.0,26.260000228881836,0.0,26.280000686645508,25.739999771118164,26.260000228881836,0.0,16700
2024-09-23,26.13026237487793,0.0,26.739999771118164,0.0,26.760000228881836,26.222999572753906,26.290000915527344,0.0,12400
2024-09-24,26.872934341430664,0.0,27.5,0.0,27.5,26.280000686645508,26.68000030517578,0.0,25800
2024-09-25,26.38433265686035,0.0,27.0,0.0,27.809999465942383,27.0,27.3700008392334,0.0,21100
2024-09-26,27.820812225341797,0.0,28.469999313354492,0.0,28.739999771118164,27.5,27.75,0.0,65300
2024-09-27,28.026025772094727,0.0,28.68000030517578,0.0,28.899999618530273,28.270000457763672,28.84000015258789,0.0,21400
2024-09-30,26.638404846191406,0.0,27.260000228881836,0.0,27.8799991607666,27.225000381469727,27.6200008392334,0.0,23800
2024-10-01,25.328960418701172,0.0,25.920000076293945,0.0,27.290000915527344,25.709999084472656,27.290000915527344,0.0,49600
2024-10-02,25.7344970703125,0.0,26.334999084472656,0.0,26.670000076293945,25.799999237060547,25.799999237060547,0.0,19100
2024-10-03,25.895734786987305,0.0,26.5,0.0,26.5,25.84000015258789,26.190000534057617,0.0,16200
2024-10-04,26.540685653686523,0.0,27.15999984741211,0.0,27.299999237060547,26.648000717163086,26.850000381469727,0.0,14400
2024-10-07,26.17912483215332,0.0,26.790000915527344,0.0,27.5,26.399999618530273,27.329999923706055,0.0,37900
2024-10-08,25.79801368713379,0.0,26.399999618530273,0.0,26.850000381469727,26.0,26.540000915527344,0.0,127600
2024-10-09,25.328960418701172,0.0,25.920000076293945,0.0,26.68000030517578,25.860000610351562,26.399999618530273,0.0,25700
2024-10-10,25.162837982177734,0.0,25.75,0.0,26.040000915527344,25.360000610351562,26.040000915527344,0.0,45100
2024-10-11,26.550458908081055,0.0,27.170000076293945,0.0,27.18000030517578,25.84000015258789,25.84000015258789,0.0,36900
2024-10-14,27.70355224609375,0.0,28.350000381469727,0.0,28.649999618530273,27.389999389648438,27.700000762939453,0.0,88500
2024-10-15,27.815929412841797,0.0,28.46500015258789,0.0,29.299999237060547,28.00200080871582,28.350000381469727,0.0,26300
2024-10-16,29.21820640563965,0.0,29.899999618530273,0.0,29.899999618530273,28.610000610351562,29.110000610351562,0.0,38300
2024-10-17,28.837100982666016,0.0,29.510000228881836,0.0,30.0,29.030000686645508,30.0,0.0,36100
2024-10-18,30.26380729675293,0.0,30.969999313354492,0.0,31.040000915527344,29.780000686645508,29.780000686645508,0.0,67600
2024-10-21,30.674230575561523,0.0,31.389999389648438,0.0,31.389999389648438,29.739999771118164,30.860000610351562,0.0,38400
2024-10-22,30.664457321166992,0.0,31.3799991607666,0.0,31.389999389648438,30.479999542236328,31.079999923706055,0.0,24000
2024-10-23,29.511367797851562,0.0,30.200000762939453,0.0,31.0,29.520000457763672,30.6299991607666,0.0,38300
2024-10-24,29.824071884155273,0.0,30.520000457763672,0.0,31.0,30.0,30.75,0.0,13800
2024-10-25,29.433191299438477,0.0,30.1200008392334,0.0,30.867000579833984,29.81999969482422,30.610000610351562,0.0,12000
2024-10-28,31.368038177490234,0.0,32.099998474121094,0.0,32.257999420166016,30.719999313354492,30.719999313354492,0.0,70100
2024-10-29,31.700286865234375,0.0,32.439998626708984,0.0,33.10499954223633,31.986000061035156,32.810001373291016,0.0,47900
2024-10-30,30.977163314819336,0.0,31.700000762939453,0.0,32.39799880981445,31.225000381469727,31.719999313354492,0.0,29700
2024-10-31,28.5439395904541,0.0,29.209999084472656,0.0,31.329999923706055,29.110000610351562,31.329999923706055,0.0,58600
2024-11-01,28.45599365234375,0.0,29.1200008392334,0.0,30.479999542236328,28.829999923706055,29.350000381469727,0.0,79900
2024-11-04,27.684005737304688,0.0,28.329999923706055,0.0,28.670000076293945,28.020000457763672,28.549999237060547,0.0,46600
2024-11-05,28.768695831298828,0.0,29.440000534057617,0.0,29.538999557495117,28.34000015258789,28.34000015258789,0.0,40500
2024-11-06,33.34197998046875,0.0,34.119998931884766,0.0,34.290000915527344,31.5,32.34000015258789,0.0,223900
2024-11-07,34.42667007446289,0.0,35.22999954223633,0.0,35.47999954223633,33.38999938964844,34.119998931884766,0.0,103700
2024-11-08,34.95435333251953,0.0,35.77000045776367,0.0,35.77000045776367,34.527000427246094,35.099998474121094,0.0,90900
2024-11-11,39.869659423828125,0.0,40.79999923706055,0.0,41.209999084472656,37.935001373291016,38.790000915527344,0.0,300300
2024-11-12,39.410377502441406,0.0,40.33000183105469,0.0,40.599998474121094,38.93000030517578,39.970001220703125,0.0,175300
2024-11-13,36.214942932128906,0.0,37.060001373291016,0.0,41.67900085449219,36.72100067138672,40.41999816894531,0.0,231700
2024-11-14,34.71982955932617,0.0,35.529998779296875,0.0,38.060001373291016,35.310001373291016,37.79999923706055,0.0,120200
2024-11-15,35.98041915893555,0.0,36.81999969482422,0.0,36.86000061035156,35.11000061035156,36.41999816894531,0.0,72500
2024-11-18,35.657936096191406,0.0,36.4900016784668,0.0,37.81999969482422,35.73099899291992,36.36000061035156,0.0,108900
2024-11-19,36.57650375366211,0.0,37.43000030517578,0.0,37.81999969482422,35.939998626708984,36.38999938964844,0.0,116200
2024-11-20,36.60581970214844,0.0,37.459999084472656,0.0,38.790000915527344,36.529998779296875,38.290000915527344,0.0,84500
2024-11-21,35.70680618286133,0.0,36.540000915527344,0.0,39.0,35.547000885009766,38.86000061035156,0.0,127500
2024-11-22,37.91526412963867,0.0,38.79999923706055,0.0,39.040000915527344,35.869998931884766,36.459999084472656,0.0,128200
2024-11-25,37.9641227722168,0.0,38.849998474121094,0.0,40.0,37.5,40.0,0.0,135600
2024-11-26,35.63840103149414,0.0,36.470001220703125,0.0,38.47999954223633,36.119998931884766,37.79999923706055,0.0,97900
2024-11-27,38.43318176269531,0.0,39.33000183105469,0.0,39.400001525878906,37.39699935913086,37.709999084472656,0.0,120700
2024-11-29,39.23448181152344,0.0,40.150001525878906,0.0,41.54999923706055,39.5099983215332,39.95000076293945,0.0,114400
2024-12-02,38.169334411621094,0.0,39.060001373291016,0.0,40.349998474121094,38.31100082397461,40.220001220703125,0.0,153800
2024-12-03,37.87617492675781,0.0,38.7599983215332,0.0,39.18899917602539,37.58000183105469,38.0099983215332,0.0,293300
2024-12-04,39.74262619018555,0.0,40.66999816894531,0.0,40.900001525878906,38.68000030517578,38.88999938964844,0.0,117000
2024-12-05,39.29310989379883,0.0,40.209999084472656,0.0,43.279998779296875,40.06999969482422,42.65999984741211,0.0,150300
2024-12-06,41.96086120605469,0.0,42.939998626708984,0.0,43.70000076293945,40.779998779296875,40.779998779296875,0.0,159000
2024-12-09,38.80451202392578,0.0,39.709999084472656,0.0,42.63999938964844,39.56999969482422,42.63999938964844,0.0,204300
2024-12-10,37.084651947021484,0.0,37.95000076293945,0.0,40.06999969482422,37.7400016784668,40.06999969482422,0.0,131100
2024-12-11,38.1302490234375,0.0,39.02000045776367,0.0,39.90999984741211,38.34000015258789,39.04999923706055,0.0,93600
2024-12-12,38.257286071777344,0.0,39.150001525878906,0.0,40.869998931884766,38.9900016784668,40.209999084472656,0.0,81000
2024-12-13,38.00321578979492,0.0,38.88999938964844,0.0,39.939998626708984,38.59000015258789,39.470001220703125,0.0,100000
2024-12-16,40.43643569946289,0.0,41.380001068115234,0.0,42.47999954223633,39.400001525878906,39.790000915527344,0.0,141400
2024-12-17,39.78171157836914,0.0,40.709999084472656,0.0,42.060001373291016,39.97999954223633,42.060001373291016,0.0,100000
2024-12-18,35.8924674987793,0.0,36.72999954223633,0.0,40.91999816894531,36.25,40.540000915527344,0.0,197600
2024-12-19,34.07487869262695,0.0,34.869998931884766,0.0,38.17300033569336,34.79999923706055,38.15999984741211,0.0,164900
2024-12-20,34.62211608886719,0.0,35.04999923706055,0.374,35.505001068115234,33.79999923706055,34.16999816894531,0.0,149300
2024-12-23,33.41701126098633,0.0,33.83000183105469,0.0,35.0099983215332,33.45000076293945,35.0099983215332,0.0,139200
2024-12-24,35.125892639160156,0.0,35.560001373291016,0.0,35.560001373291016,34.124000549316406,34.439998626708984,0.0,55400
2024-12-26,34.74065017700195,0.0,35.16999816894531,0.0,36.13999938964844,34.439998626708984,36.13999938964844,0.0,103800
2024-12-27,33.683712005615234,0.0,34.099998474121094,0.0,35.15999984741211,33.630001068115234,35.15999984741211,0.0,99800
2024-12-30,32.54359817504883,0.0,32.939998626708984,0.006,33.41999816894531,32.099998474121094,33.41999816894531,0.0,160700
2024-12-31,32.09901809692383,0.0,32.4900016784668,0.0,33.779998779296875,32.215999603271484,33.779998779296875,0.0,93900
2025-01-02,32.89926528930664,0.0,33.29999923706055,0.0,33.90999984741211,32.599998474121094,33.310001373291016,0.0,158800
2025-01-03,35.11231231689453,0.0,35.540000915527344,0.0,35.56999969482422,33.4900016784668,33.4900016784668,0.0,101600
2025-01-06,35.84341049194336,0.0,36.279998779296875,0.0,36.68000030517578,35.75,36.33000183105469,0.0,119300
2025-01-07,34.22314453125,0.0,34.63999938964844,0.0,36.33000183105469,34.38600158691406,36.33000183105469,0.0,100800
2025-01-08,33.3043327331543,0.0,33.709999084472656,0.0,34.25,33.0,34.25,0.0,125200
2025-01-10,32.76095199584961,0.0,33.15999984741211,0.0,33.380001068115234,32.3390007019043,33.380001068115234,0.0,49600
2025-01-13,32.158294677734375,0.0,32.54999923706055,0.0,32.54999923706055,31.540000915527344,32.130001068115234,0.0,71600
2025-01-14,32.820228576660156,0.0,33.220001220703125,0.0,33.847999572753906,32.84000015258789,33.45000076293945,0.0,60200
2025-01-15,34.371337890625,0.0,34.790000915527344,0.0,35.099998474121094,34.18000030517578,34.52000045776367,0.0,116600
2025-01-16,34.63808822631836,0.0,35.060001373291016,0.0,35.33000183105469,34.277000427246094,34.7599983215332,0.0,52700
2025-01-17,35.70509338378906,0.0,36.13999938964844,0.0,36.869998931884766,35.89400100708008,36.31999969482422,0.0,92500
2025-01-21,35.458099365234375,0.0,35.88999938964844,0.0,36.720001220703125,34.70000076293945,36.720001220703125,0.0,137600
2025-01-22,35.675453186035156,0.0,36.11000061035156,0.0,36.415000915527344,35.22999954223633,35.88999938964844,0.0,71300
2025-01-23,35.823646545410156,0.0,36.2599983215332,0.0,37.0099983215332,35.5099983215332,35.619998931884766,0.0,102900
2025-01-24,36.1891975402832,0.0,36.630001068115234,0.0,37.65999984741211,36.349998474121094,36.630001068115234,0.0,104900
2025-01-27,32.790592193603516,0.0,33.189998626708984,0.0,35.349998474121094,32.43000030517578,35.349998474121094,0.0,167000
2025-01-28,33.10673904418945,0.0,33.5099983215332,0.0,33.91999816894531,32.900001525878906,33.91999816894531,0.0,50200
2025-01-29,33.42289352416992,0.0,33.83000183105469,0.0,34.0,32.90999984741211,33.400001525878906,0.0,58000
2025-01-30,34.667728424072266,0.0,35.09000015258789,0.0,35.279998779296875,34.45000076293945,34.45000076293945,0.0,58200
2025-01-31,33.97614669799805,0.0,34.38999938964844,0.0,35.63199996948242,34.189998626708984,35.20000076293945,0.0,53200
2025-02-03,33.847713470458984,0.0,34.2599983215332,0.0,34.43000030517578,32.310001373291016,32.31999969482422,0.0,127400
2025-02-04,33.808197021484375,0.0,34.220001220703125,0.0,34.529998779296875,33.93000030517578,34.20000076293945,0.0,57800
2025-02-05,33.877357482910156,0.0,34.290000915527344,0.0,34.58000183105469,34.02000045776367,34.36000061035156,0.0,38600
2025-02-06,33.4821662902832,0.0,33.88999938964844,0.0,34.849998474121094,33.62300109863281,34.290000915527344,0.0,55400
2025-02-07,33.69952392578125,0.0,34.11000061035156,0.0,35.0,33.8849983215332,34.38999938964844,0.0,49100
2025-02-10,34.04530715942383,0.0,34.459999084472656,0.0,34.650001525878906,34.189998626708984,34.560001373291016,0.0,79700
2025-02-11,32.80047607421875,0.0,33.20000076293945,0.0,34.189998626708984,33.165000915527344,34.0,0.0,48300
2025-02-12,33.195655822753906,0.0,33.599998474121094,0.0,33.76900100708008,32.689998626708984,32.84000015258789,0.0,52100
2025-02-13,34.331817626953125,0.0,34.75,0.0,34.75,33.5,34.0,0.0,49800
2025-02-14,34.065067291259766,0.0,34.47999954223633,0.0,34.72999954223633,34.279998779296875,34.689998626708984,0.0,45800
2025-02-18,33.650123596191406,0.0,34.060001373291016,0.0,34.810001373291016,33.72999954223633,34.59000015258789,0.0,65300
2025-02-19,33.28457260131836,0.0,33.689998626708984,0.0,34.13999938964844,33.619998931884766,33.9900016784668,0.0,42600
2025-02-20,33.11662292480469,0.0,33.52000045776367,0.0,33.939998626708984,32.86000061035156,33.72999954223633,0.0,79800
2025-02-21,31.01225471496582,0.0,31.389999389648438,0.0,33.869998931884766,31.360000610351562,33.56999969482422,0.0,110300
2025-02-24,29.826692581176758,0.0,30.190000534057617,0.0,31.489999771118164,29.829999923706055,31.450000762939453,0.0,86600
2025-02-25,28.364505767822266,0.0,28.709999084472656,0.0,29.719999313354492,28.000999450683594,29.6200008392334,0.0,187300
2025-02-26,28.22618865966797,0.0,28.56999969482422,0.0,29.11199951171875,28.15999984741211,28.649999618530273,0.0,120800
2025-02-27,27.90015983581543,0.0,28.239999771118164,0.0,29.530000686645508,28.100000381469727,29.219999313354492,0.0,56200
2025-02-28,28.65101432800293,0.0,29.0,0.0,29.139999389648438,27.700000762939453,27.90999984741211,0.0,49100
2025-03-03,27.712446212768555,0.0,28.049999237060547,0.0,30.738000869750977,27.81999969482422,30.700000762939453,0.0,93600
2025-03-04,27.396299362182617,0.0,27.729999542236328,0.0,28.510000228881836,26.524999618530273,27.280000686645508,0.0,124800
2025-03-05,28.64113426208496,0.0,28.989999771118164,0.0,28.989999771118164,27.75,28.170000076293945,0.0,56200
2025-03-06,27.4654541015625,0.0,27.799999237060547,0.0,28.920000076293945,27.6299991607666,28.18000030517578,0.0,92100
2025-03-07,27.85076141357422,0.0,28.190000534057617,0.0,28.333999633789062,27.100000381469727,27.670000076293945,0.0,70000
2025-03-10,25.380847930908203,0.0,25.690000534057617,0.0,27.450000762939453,25.309999465942383,27.450000762939453,0.0,150800
2025-03-11,25.805673599243164,0.0,26.1200008392334,0.0,26.40999984741211,25.295000076293945,25.84000015258789,0.0,80300
2025-03-12,26.1218204498291,0.0,26.440000534057617,0.0,26.770000457763672,25.579999923706055,26.649999618530273,0.0,53300
2025-03-13,25.143735885620117,0.0,25.450000762939453,0.0,26.299999237060547,25.2810001373291,26.170000076293945,0.0,56600
2025-03-14,26.08230209350586,0.0,26.399999618530273,0.0,26.450000762939453,25.749000549316406,25.889999389648438,0.0,63200
2025-03-17,26.546648025512695,0.0,26.8700008392334,0.0,27.1299991607666,26.131000518798828,26.450000762939453,0.0,55300
2025-03-18,25.64759635925293,0.0,25.959999084472656,0.0,26.479999542236328,25.770000457763672,26.479999542236328,0.0,45400
2025-03-19,26.645442962646484,0.0,26.969999313354492,0.0,27.260000228881836,26.1299991607666,26.1299991607666,0.0,53000
2025-03-20,26.546648025512695,0.0,26.8700008392334,0.0,27.350000381469727,26.540000915527344,26.540000915527344,0.0,32900
2025-03-21,26.39845085144043,0.0,26.719999313354492,0.0,26.729999542236328,26.200000762939453,26.3700008392334,0.0,16500
2025-03-24,28.008838653564453,0.0,28.350000381469727,0.0,28.350000381469727,27.09000015258789,27.09000015258789,0.0,64100
2025-03-25,27.495092391967773,0.0,27.829999923706055,0.0,28.149999618530273,27.510000228881836,28.030000686645508,0.0,38400
2025-03-26,26.270015716552734,0.0,26.59000015258789,0.0,27.790000915527344,26.25,27.790000915527344,0.0,46600
2025-03-27,25.864952087402344,0.0,26.18000030517578,0.0,26.704999923706055,25.80500030517578,26.329999923706055,0.0,20200
2025-03-28,24.481800079345703,0.0,24.780000686645508,0.0,25.760000228881836,24.559999465942383,25.760000228881836,0.0,41300
2025-03-31,23.93841552734375,0.0,24.229999542236328,0.0,24.25,23.496000289916992,24.0,0.0,81800
2025-04-01,24.768306732177734,0.0,25.06999969482422,0.0,25.06999969482422,23.81999969482422,24.229999542236328,0.0,33700
2025-04-02,25.519163131713867,0.0,25.829999923706055,0.0,25.829999923706055,24.549999237060547,24.549999237060547,0.0,25900
2025-04-03,23.67166519165039,0.0,23.959999084472656,0.0,24.4060001373291,23.700000762939453,23.790000915527344,0.0,53900
2025-04-04,22.298391342163086,0.0,22.56999969482422,0.0,23.360000610351562,21.197999954223633,23.360000610351562,0.0,122500
2025-04-07,22.298391342163086,0.0,22.56999969482422,0.0,23.290000915527344,20.520999908447266,22.56999969482422,0.0,94700
2025-04-08,21.122713088989258,0.0,21.3799991607666,0.0,23.420000076293945,21.05900001525879,23.309999465942383,0.0,57700
2025-04-09,23.968055725097656,0.0,24.260000228881836,0.0,24.70599937438965,21.049999237060547,21.1200008392334,0.0,55200
2025-04-10,22.752857208251953,0.0,23.030000686645508,0.0,23.770000457763672,22.190000534057617,23.770000457763672,0.0,36200
2025-04-11,23.582748413085938,0.0,23.8700008392334,0.0,23.940000534057617,22.860000610351562,22.860000610351562,0.0,50900
2025-04-14,23.918655395507812,0.0,24.209999084472656,0.0,24.684999465942383,23.81999969482422,24.3700008392334,0.0,55500
2025-04-15,23.227081298828125,0.0,23.510000228881836,0.0,24.222000122070312,23.11199951171875,24.040000915527344,0.0,57200
2025-04-16,23.03936767578125,0.0,23.31999969482422,0.0,23.540000915527344,22.812999725341797,23.010000228881836,0.0,21900
2025-04-17,23.25672149658203,0.0,23.540000915527344,0.0,23.597999572753906,22.959999084472656,23.3799991607666,0.0,18900
2025-04-21,22.980091094970703,0.0,23.260000228881836,0.0,23.82900047302246,22.969999313354492,23.450000762939453,0.0,26400
2025-04-22,24.817707061767578,0.0,25.1200008392334,0.0,25.215999603271484,23.639999389648438,23.639999389648438,0.0,37200
2025-04-23,25.390729904174805,0.0,25.700000762939453,0.0,26.43899917602539,25.420000076293945,25.8700008392334,0.0,42400
2025-04-24,26.03290557861328,0.0,26.350000381469727,0.0,26.40999984741211,25.29800033569336,25.600000381469727,0.0,25800
2025-04-25,26.437971115112305,0.0,26.760000228881836,0.0,26.8799991607666,26.253999710083008,26.540000915527344,0.0,30700
2025-04-28,26.141578674316406,0.0,26.459999084472656,0.0,26.829999923706055,25.68000030517578,26.770000457763672,0.0,24200
2025-04-29,26.161340713500977,0.0,26.479999542236328,0.0,26.649999618530273,26.280000686645508,26.420000076293945,0.0,14200
2025-04-30,25.499401092529297,0.0,25.809999465942383,0.0,25.829999923706055,25.06999969482422,25.81999969482422,0.0,18000
2025-05-01,26.329294204711914,0.0,26.649999618530273,0.0,26.969999313354492,25.770000457763672,26.34000015258789,0.0,36200
2025-05-02,26.704721450805664,0.0,27.030000686645508,0.0,27.299999237060547,26.510000228881836,26.8700008392334,0.0,36900
2025-05-05,25.785913467407227,0.0,26.100000381469727,0.0,26.40999984741211,25.874000549316406,26.290000915527344,0.0,30900
2025-05-06,25.810611724853516,0.0,26.125,0.0,26.219999313354492,25.69499969482422,25.770000457763672,0.0,15900
2025-05-07,25.963747024536133,0.0,26.280000686645508,0.0,26.610000610351562,25.81999969482422,26.510000228881836,0.0,21400
2025-05-08,27.14930534362793,0.0,27.479999542236328,0.0,27.850000381469727,26.8700008392334,26.8700008392334,0.0,47000
2025-05-09,27.20858383178711,0.0,27.540000915527344,0.0,28.440000534057617,27.040000915527344,27.649999618530273,0.0,43500
2025-05-12,28.18667221069336,0.0,28.530000686645508,0.0,29.05500030517578,28.31999969482422,28.600000381469727,0.0,43000
2025-05-13,30.113203048706055,0.0,30.479999542236328,0.0,30.520000457763672,29.309999465942383,29.3799991607666,0.0,63600
2025-05-14,29.955129623413086,0.0,30.31999969482422,0.0,30.683000564575195,30.09000015258789,30.649999618530273,0.0,35100
2025-05-15,28.996803283691406,0.0,29.350000381469727,0.0,29.969999313354492,28.863000869750977,29.969999313354492,0.0,42100
2025-05-16,30.37007713317871,0.0,30.739999771118164,0.0,30.989999771118164,29.3799991607666,29.3799991607666,0.0,45800
2025-05-19,30.7751407623291,0.0,31.149999618530273,0.0,31.166000366210938,30.100000381469727,30.309999465942383,0.0,35200
2025-05-20,30.6269474029541,0.0,31.0,0.0,31.149999618530273,30.299999237060547,31.149999618530273,0.0,29600
2025-05-21,30.172483444213867,0.0,30.540000915527344,0.0,31.719999313354492,30.139999389648438,30.860000610351562,0.0,35600
2025-05-22,30.9134578704834,0.0,31.290000915527344,0.0,31.600000381469727,30.790000915527344,31.170000076293945,0.0,32000
2025-05-23,30.053924560546875,0.0,30.420000076293945,0.0,30.790000915527344,30.030000686645508,30.350000381469727,0.0,39300
2025-05-27,30.89369773864746,0.0,31.270000457763672,0.0,31.280000686645508,30.649999618530273,31.15999984741211,0.0,42900
2025-05-28,29.806936264038086,0.0,30.170000076293945,0.0,31.18000030517578,29.90999984741211,31.18000030517578,0.0,25500
2025-05-29,29.30307388305664,0.0,29.65999984741211,0.0,30.6200008392334,29.530000686645508,30.6200008392334,0.0,19400
2025-05-30,29.105478286743164,0.0,29.459999084472656,0.0,29.65999984741211,29.100000381469727,29.510000228881836,0.0,24000
2025-06-02,29.638980865478516,0.0,30.0,0.0,30.072999954223633,29.239999771118164,29.239999771118164,0.0,25400
2025-06-03,30.67634391784668,0.0,31.049999237060547,0.0,31.100000381469727,29.8799991607666,29.8799991607666,0.0,32600
2025-06-04,31.713706970214844,0.0,32.099998474121094,0.0,32.22999954223633,31.0,31.010000228881836,0.0,70100
2025-06-05,30.873937606811523,0.0,31.25,0.0,32.5,30.809999465942383,32.150001525878906,0.0,46900
2025-06-06,32.2570915222168,0.0,32.650001525878906,0.0,32.849998474121094,31.690000534057617,31.690000534057617,0.0,64400
2025-06-09,32.39540481567383,0.0,32.790000915527344,0.0,33.27000045776367,32.263999938964844,33.27000045776367,0.0,44200
2025-06-10,32.69179153442383,0.0,33.09000015258789,0.0,33.25,32.63999938964844,33.06999969482422,0.0,43200
2025-06-11,32.47444534301758,0.0,32.869998931884766,0.0,33.20000076293945,32.40999984741211,33.18000030517578,0.0,40300
2025-06-12,31.84214210510254,0.0,32.22999954223633,0.0,32.939998626708984,32.119998931884766,32.369998931884766,0.0,20800
2025-06-13,30.84429931640625,0.0,31.219999313354492,0.0,31.823999404907227,30.75,31.479999542236328,0.0,37300
2025-06-16,32.08913803100586,0.0,32.47999954223633,0.0,32.5,31.433000564575195,31.579999923706055,0.0,27600
2025-06-17,31.041893005371094,0.0,31.420000076293945,0.0,32.029998779296875,30.8799991607666,32.0,0.0,22800
2025-06-18,31.674190521240234,0.0,32.060001373291016,0.0,32.13999938964844,30.809999465942383,31.299999237060547,0.0,31800
2025-06-20,31.674190521240234,0.0,32.060001373291016,0.0,32.67599868774414,31.670000076293945,32.54999923706055,0.0,37400
2025-06-23,31.2197265625,0.0,31.600000381469727,0.0,32.0099983215332,30.520000457763672,31.610000610351562,0.0,31000
2025-06-24,33.22529602050781,0.0,33.630001068115234,0.0,33.7400016784668,32.15999984741211,32.15999984741211,0.0,68100
2025-06-25,33.51180648803711,0.0,33.91999816894531,0.0,34.5,33.55500030517578,34.119998931884766,0.0,41600
2025-06-26,34.697364807128906,0.0,35.119998931884766,0.0,35.13999938964844,33.5099983215332,33.86000061035156,0.0,56700
2025-06-27,34.420738220214844,0.0,34.84000015258789,0.0,35.150001525878906,34.31999969482422,35.119998931884766,0.0,29100
2025-06-30,35.17158889770508,0.0,35.599998474121094,0.0,35.7400016784668,34.99100112915039,35.209999084472656,0.0,49000
2025-07-01,34.85544204711914,0.0,35.279998779296875,0.0,35.959999084472656,35.04399871826172,35.09000015258789,0.0,56600
2025-07-02,36.959808349609375,0.0,37.40999984741211,0.0,37.40999984741211,35.81999969482422,35.81999969482422,0.0,57000
2025-07-03,37.35499572753906,0.0,37.810001373291016,0.0,38.24700164794922,37.474998474121094,37.630001068115234,0.0,34900
2025-07-07,36.41642761230469,0.0,36.86000061035156,0.0,37.59000015258789,36.0,37.59000015258789,0.0,51900
2025-07-08,36.544864654541016,0.0,36.9900016784668,0.0,37.9900016784668,36.749000549316406,37.65999984741211,0.0,58200
2025-07-09,37.39451217651367,0.0,37.849998474121094,0.0,37.869998931884766,36.380001068115234,37.290000915527344,0.0,38100
2025-07-10,37.98728942871094,0.0,38.45000076293945,0.0,38.4900016784668,37.33399963378906,37.849998474121094,0.0,43100
2025-07-11,37.31547546386719,0.0,37.77000045776367,0.0,38.970001220703125,37.5,38.81999969482422,0.0,62900
2025-07-14,38.09597396850586,0.0,38.560001373291016,0.0,39.45000076293945,38.119998931884766,38.2400016784668,0.0,75900
2025-07-15,37.335235595703125,0.0,37.790000915527344,0.0,38.448001861572266,37.41999816894531,38.36000061035156,0.0,49900
2025-07-16,38.64527893066406,0.0,39.11600112915039,0.0,39.290000915527344,38.18000030517578,38.459999084472656,0.0,61800
2025-07-17,39.574954986572266,0.0,40.05699920654297,0.0,40.310001373291016,38.720001220703125,38.91999816894531,0.0,111800
2025-07-18,39.43960189819336,0.0,39.91999816894531,0.0,41.45800018310547,39.44900131225586,40.75,0.0,114700
2025-07-21,39.16297149658203,0.0,39.63999938964844,0.0,41.70899963378906,39.61000061035156,40.68000030517578,0.0,124500
2025-07-22,39.87430953979492,0.0,40.36000061035156,0.0,40.36000061035156,38.66299819946289,40.2400016784668,0.0,81500
2025-07-23,39.696475982666016,0.0,40.18000030517578,0.0,40.22999954223633,39.06999969482422,40.18000030517578,0.0,81800
2025-07-24,39.18273162841797,0.0,39.65999984741211,0.0,40.36000061035156,39.650001525878906,40.20000076293945,0.0,185600
2025-07-25,38.86658477783203,0.0,39.34000015258789,0.0,39.54600143432617,38.63999938964844,39.27000045776367,0.0,61600
2025-07-28,38.02681350708008,0.0,38.4900016784668,0.0,39.83000183105469,38.40999984741211,39.83000183105469,0.0,84500
2025-07-29,36.811614990234375,0.0,37.2599983215332,0.0,38.56999969482422,36.900001525878906,38.529998779296875,0.0,64100
2025-07-30,36.702938079833984,0.0,37.150001525878906,0.0,38.2239990234375,36.75,37.650001525878906,0.0,50500
2025-07-31,37.08527755737305,0.0,37.5369987487793,0.0,38.40999984741211,37.47999954223633,37.4900016784668,0.0,37800
2025-08-01,34.677608489990234,0.0,35.099998474121094,0.0,36.16299819946289,34.529998779296875,36.15999984741211,0.0,92800
2025-08-04,35.86316680908203,0.0,36.29999923706055,0.0,36.459999084472656,35.13999938964844,35.40999984741211,0.0,49000
2025-08-05,35.566776275634766,0.0,36.0,0.0,36.40999984741211,35.33000183105469,36.40999984741211,0.0,45200
2025-08-06,36.46582794189453,0.0,36.90999984741211,0.0,37.16999816894531,36.099998474121094,36.369998931884766,0.0,21300
2025-08-07,36.49546813964844,0.0,36.939998626708984,0.0,38.132999420166016,36.209999084472656,37.560001373291016,0.0,36600
2025-08-08,36.050880432128906,0.0,36.4900016784668,0.0,37.44200134277344,36.0,37.13999938964844,0.0,33700
2025-08-11,36.25835418701172,0.0,36.70000076293945,0.0,37.720001220703125,36.68600082397461,36.88999938964844,0.0,50700
2025-08-12,36.811614990234375,0.0,37.2599983215332,0.0,37.459999084472656,36.75,37.2599983215332,0.0,64300
2025-08-13,37.122825622558594,0.0,37.57500076293945,0.0,38.24800109863281,36.9900016784668,37.65999984741211,0.0,68900
2025-08-14,38.224403381347656,0.0,38.689998626708984,0.0,38.72999954223633,36.97800064086914,37.81999969482422,0.0,76400
2025-08-15,37.92801284790039,0.0,38.38999938964844,0.0,38.80799865722656,37.65999984741211,38.75,0.0,80700
2025-08-18,38.975257873535156,0.0,39.45000076293945,0.0,39.95000076293945,38.23400115966797,38.29999923706055,0.0,301000
2025-08-19,37.31547546386719,0.0,37.77000045776367,0.0,39.70000076293945,37.41999816894531,39.70000076293945,0.0,99500
2025-08-20,37.54270553588867,0.0,38.0,0.0,38.0,36.20000076293945,37.709999084472656,0.0,47700
2025-08-21,37.226558685302734,0.0,37.68000030517578,0.0,37.939998626708984,37.29999923706055,37.86000061035156,0.0,18900
2025-08-22,39.18273162841797,0.0,39.65999984741211,0.0,39.900001525878906,37.5,37.7400016784668,0.0,60600
2025-08-25,38.718387603759766,0.0,39.189998626708984,0.0,39.54999923706055,38.30799865722656,38.84000015258789,0.0,74200
2025-08-26,39.41984176635742,0.0,39.900001525878906,0.0,39.900001525878906,38.90999984741211,38.90999984741211,0.0,53300
2025-08-27,39.40897750854492,0.0,39.888999938964844,0.0,40.2400016784668,39.26300048828125,40.0,0.0,50300
2025-08-28,39.80514907836914,0.0,40.290000915527344,0.0,40.7400016784668,40.099998474121094,40.29999923706055,0.0,40400
2025-08-29,40.029415130615234,0.0,40.516998291015625,0.0,41.18000030517578,39.79999923706055,40.380001068115234,0.0,46300
2025-09-02,40.299137115478516,0.0,40.790000915527344,0.0,40.79999923706055,38.709999084472656,39.650001525878906,0.0,44200
2025-09-03,39.4890022277832,0.0,39.970001220703125,0.0,41.150001525878906,39.66999816894531,41.150001525878906,0.0,30200
2025-09-04,38.85670471191406,0.0,39.33000183105469,0.0,39.939998626708984,39.08100128173828,39.689998626708984,0.0,33300
2025-09-05,38.82706069946289,0.0,39.29999923706055,0.0,39.86000061035156,38.11000061035156,39.86000061035156,0.0,52000
2025-09-08,39.251888275146484,0.0,39.72999954223633,0.0,40.040000915527344,38.959999084472656,39.75,0.0,63200
2025-09-09,41.47185134887695,0.0,41.97700119018555,0.0,42.11000061035156,40.16600036621094,40.4900016784668,0.0,84400
2025-09-10,42.630733489990234,0.0,43.150001525878906,0.0,43.54999923706055,42.26599884033203,42.650001525878906,0.0,74100
2025-09-11,43.263031005859375,0.0,43.790000915527344,0.0,44.400001525878906,43.095001220703125,43.540000915527344,0.0,68900
2025-09-12,44.03364562988281,0.0,44.56999969482422,0.0,44.64799880981445,43.56999969482422,44.20000076293945,0.0,72000
2025-09-15,44.69558334350586,0.0,45.2400016784668,0.0,45.43000030517578,44.41999816894531,45.150001525878906,0.0,96700
2025-09-16,45.900901794433594,0.0,46.459999084472656,0.0,46.5099983215332,44.810001373291016,45.88999938964844,0.0,75300
2025-09-17,46.55295944213867,0.0,47.119998931884766,0.0,47.47999954223633,45.529998779296875,46.459999084472656,0.0,91900
2025-09-18,47.175376892089844,0.0,47.75,0.0,48.459999084472656,47.0,48.0,0.0,95500
2025-09-19,47.364158630371094,0.0,47.91999816894531,0.021,48.45500183105469,47.47999954223633,47.9900016784668,0.0,78100
2025-09-22,48.52058792114258,0.0,49.09000015258789,0.0,49.349998474121094,46.56800079345703,47.75,0.0,90900
2025-09-23,47.44322967529297,0.0,48.0,0.0,49.900001525878906,47.56999969482422,49.88999938964844,0.0,188200
2025-09-24,48.144996643066406,0.0,48.709999084472656,0.0,49.7599983215332,48.369998931884766,48.369998931884766,0.0,103500
2025-09-25,46.03970718383789,0.0,46.58000183105469,0.0,47.900001525878906,45.650001525878906,47.47999954223633,0.0,106800
2025-09-26,45.59492492675781,0.0,46.130001068115234,0.0,46.48500061035156,44.66999816894531,46.119998931884766,0.0,69600
2025-09-29,48.32291030883789,0.0,48.88999938964844,0.0,48.939998626708984,47.0,47.0,0.0,73100
2025-09-30,48.51070785522461,0.0,49.08000183105469,0.0,49.334999084472656,48.40999984741211,49.0,0.0,48400
2025-10-01,48.99502182006836,0.0,49.56999969482422,0.0,50.02000045776367,48.97999954223633,49.59000015258789,0.0,102800
2025-10-02,51.46602249145508,0.0,52.06999969482422,0.0,52.2599983215332,50.5,50.65999984741211,0.0,162200
2025-10-03,51.96022033691406,0.0,52.56999969482422,0.0,54.08000183105469,51.900001525878906,52.630001068115234,0.0,146200
2025-10-06,54.302730560302734,0.0,54.939998626708984,0.0,55.130001068115234,54.0,54.4900016784668,0.0,169900
2025-10-07,54.15447235107422,0.0,54.790000915527344,0.0,56.150001525878906,52.93000030517578,56.150001525878906,0.0,171300
2025-10-08,55.528350830078125,0.0,56.18000030517578,0.0,56.4900016784668,54.119998931884766,55.060001373291016,0.0,145000
2025-10-09,56.2301139831543,0.0,56.88999938964844,0.0,57.099998474121094,55.279998779296875,56.790000915527344,0.0,103400
2025-10-10,53.39340591430664,0.0,54.02000045776367,0.0,60.290000915527344,53.41999816894531,58.63999938964844,0.0,184900
2025-10-13,55.943477630615234,0.0,56.599998474121094,0.0,56.900001525878906,54.709999084472656,55.93000030517578,0.0,111900
2025-10-14,57.15427017211914,0.0,57.82500076293945,0.0,59.279998779296875,53.130001068115234,54.95000076293945,0.0,193500
2025-10-15,58.117958068847656,0.0,58.79999923706055,0.0,60.150001525878906,57.0,59.099998474121094,0.0,95500
2025-10-16,54.48558807373047,0.0,55.125,0.0,59.2599983215332,55.0,59.2599983215332,0.0,145400
2025-10-17,53.551551818847656,0.0,54.18000030517578,0.0,54.5,52.52899932861328,53.29999923706055,0.0,109100
2025-10-20,55.58765411376953,0.0,56.2400016784668,0.0,57.790000915527344,55.380001068115234,56.11000061035156,0.0,90100
2025-10-21,53.749229431152344,0.0,54.380001068115234,0.0,55.97999954223633,53.88999938964844,55.97999954223633,0.0,130800
2025-10-22,50.41831588745117,0.0,51.0099983215332,0.0,53.849998474121094,49.4900016784668,53.11000061035156,0.0,193800
2025-10-23,52.073890686035156,0.0,52.685001373291016,0.0,53.279998779296875,50.869998931884766,51.540000915527344,0.0,100700
2025-10-24,55.15275955200195,0.0,55.79999923706055,0.0,55.79999923706055,54.50199890136719,54.79999923706055,0.0,106300
2025-10-27,56.06208801269531,0.0,56.720001220703125,0.0,57.22999954223633,55.93000030517578,57.22999954223633,0.0,120800
2025-10-28,54.871063232421875,0.0,55.51499938964844,0.0,57.709999084472656,55.369998931884766,56.689998626708984,0.0,106400
2025-10-29,53.304447174072266,0.0,53.93000030517578,0.0,55.599998474121094,53.0,55.56999969482422,0.0,94700
2025-10-30,51.0014762878418,0.0,51.599998474121094,0.0,53.4900016784668,51.599998474121094,52.959999084472656,0.0,76300
2025-10-31,52.444541931152344,0.0,53.060001373291016,0.0,54.0,52.119998931884766,52.81999969482422,0.0,67800
2025-11-03,52.84978485107422,0.0,53.470001220703125,0.0,55.22999954223633,52.349998474121094,55.220001220703125,0.0,103300
2025-11-04,49.91423416137695,0.0,50.5,0.0,53.44499969482422,50.4900016784668,51.349998474121094,0.0,107700
2025-11-05,51.95034408569336,0.0,52.560001373291016,0.0,52.67599868774414,51.03499984741211,51.15999984741211,0.0,41000
2025-11-06,48.50082015991211,0.0,49.06999969482422,0.0,52.439998626708984,48.832000732421875,52.439998626708984,0.0,137100
2025-11-07,48.263607025146484,0.0,48.83000183105469,0.0,49.27000045776367,46.18000030517578,47.119998931884766,0.0,108000
2025-11-10,48.34267807006836,0.0,48.90999984741211,0.0,50.9900016784668,48.31999969482422,50.689998626708984,0.0,54200
2025-11-11,46.35599136352539,0.0,46.900001525878906,0.0,48.189998626708984,46.58000183105469,48.189998626708984,0.0,74400
2025-11-12,45.199562072753906,0.0,45.72999954223633,0.0,47.41999816894531,45.08000183105469,47.130001068115234,0.0,68800
2025-11-13,41.41399002075195,0.0,41.900001525878906,0.0,44.72999954223633,41.77000045776367,44.72999954223633,0.0,127500
2025-11-14,40.62326431274414,0.0,41.099998474121094,0.0,42.75,40.060001373291016,40.16999816894531,0.0,108600
2025-11-17,39.46683883666992,0.0,39.93000030517578,0.0,41.41999816894531,39.33000183105469,40.599998474121094,0.0,138600
2025-11-18,39.93138885498047,0.0,40.400001525878906,0.0,41.20000076293945,39.16999816894531,39.16999816894531,0.0,75000
2025-11-19,39.13078308105469,0.0,39.59000015258789,0.0,40.854000091552734,38.83000183105469,40.45000076293945,0.0,143800
2025-11-20,37.47817611694336,0.0,37.917999267578125,0.0,41.900001525878906,37.87799835205078,41.15999984741211,0.0,74300
2025-11-21,37.54934310913086,0.0,37.9900016784668,0.0,38.525001525878906,36.400001525878906,37.63999938964844,0.0,90700
2025-11-24,40.59361267089844,0.0,41.06999969482422,0.0,41.06999969482422,38.869998931884766,38.869998931884766,0.0,46600
2025-11-25,40.92967224121094,0.0,41.40999984741211,0.0,41.40999984741211,39.27000045776367,40.41999816894531,0.0,55100
2025-11-26,42.679141998291016,0.0,43.18000030517578,0.0,43.43000030517578,41.5,42.220001220703125,0.0,89500
2025-11-28,44.428611755371094,0.0,44.95000076293945,0.0,45.400001525878906,43.88100051879883,44.22999954223633,0.0,86100
2025-12-01,42.92624282836914,0.0,43.43000030517578,0.0,43.875,42.5,43.25,0.0,91600
2025-12-02,41.86865234375,0.0,42.36000061035156,0.0,44.56999969482422,42.31999969482422,43.68000030517578,0.0,56300
2025-12-03,43.39474105834961,0.0,43.90399932861328,0.0,43.9900016784668,42.130001068115234,42.77000045776367,0.0,52100
2025-12-04,44.46023941040039,0.0,44.981998443603516,0.0,45.12900161743164,43.34000015258789,43.81999969482422,0.0,65700
2025-12-05,43.448116302490234,0.0,43.95800018310547,0.0,44.880001068115234,43.599998474121094,44.880001068115234,0.0,57900
2025-12-08,43.69422912597656,0.0,44.207000732421875,0.0,44.7400016784668,43.400001525878906,44.27000045776367,0.0,32800
2025-12-09,44.696468353271484,0.0,45.22100067138672,0.0,46.189998626708984,43.91999816894531,44.0,0.0,48400
2025-12-10,44.58872985839844,0.0,45.11199951171875,0.0,45.810001373291016,44.20000076293945,45.13999938964844,0.0,46800
2025-12-11,44.02336883544922,0.0,44.540000915527344,0.0,44.86000061035156,43.189998626708984,44.279998779296875,0.0,92700
2025-12-12,42.31343460083008,0.0,42.810001373291016,0.0,45.29499816894531,42.650001525878906,44.61000061035156,0.0,46500
2025-12-15,39.27706527709961,0.0,39.737998962402344,0.0,42.779998779296875,39.4900016784668,42.779998779296875,0.0,101500
2025-12-16,39.626956939697266,0.0,40.09199905395508,0.0,40.40999984741211,39.03499984741211,39.2599983215332,0.0,92900
2025-12-17,38.131507873535156,0.0,38.57899856567383,0.0,41.0099983215332,38.54499816894531,40.369998931884766,0.0,66200
2025-12-18,38.76309585571289,0.0,39.21799850463867,0.0,40.72999954223633,38.869998931884766,39.70000076293945,0.0,97300
2025-12-19,40.79826354980469,0.0,40.834999084472656,0.42,40.9900016784668,39.29999923706055,39.29999923706055,0.0,84900
2025-12-22,41.3757438659668,0.0,41.41299819946289,0.0,42.63999938964844,41.36000061035156,41.630001068115234,0.0,92300
2025-12-23,40.73332214355469,0.0,40.77000045776367,0.0,41.45000076293945,40.391998291015625,41.029998779296875,0.0,74500
2025-12-24,40.701351165771484,0.0,40.737998962402344,0.0,40.959999084472656,40.380001068115234,40.689998626708984,0.0,23000
2025-12-26,39.82014465332031,0.0,39.85599899291992,0.0,40.79999923706055,39.5,40.70000076293945,0.0,59600
2025-12-29,39.638309478759766,0.0,39.67399978637695,0.0,40.470001220703125,39.220001220703125,39.220001220703125,0.0,68600
2025-12-30,38.92195510864258,0.0,38.957000732421875,0.0,39.900001525878906,38.952999114990234,39.630001068115234,0.0,62300
2025-12-31,38.492340087890625,0.0,38.527000427246094,0.0,39.064998626708984,38.27000045776367,38.63999938964844,0.0,61300
2026-01-02,40.429595947265625,0.0,40.465999603271484,0.0,40.70000076293945,38.65700149536133,39.08000183105469,0.0,66000
2026-01-05,43.17112731933594,0.0,43.209999084472656,0.0,43.45000076293945,41.619998931884766,41.709999084472656,0.0,83600
2026-01-06,42.97230911254883,0.0,43.01100158691406,0.0,43.38999938964844,41.68000030517578,43.290000915527344,0.0,59600
2026-01-07,41.957218170166016,0.0,41.994998931884766,0.0,42.79999923706055,41.75,42.79999923706055,0.0,95000
2026-01-08,42.607635498046875,0.0,42.645999908447266,0.0,43.150001525878906,41.790000915527344,41.790000915527344,0.0,53200
2026-01-09,42.92135238647461,0.0,42.959999084472656,0.0,43.619998931884766,42.47999954223633,42.83000183105469,0.0,52300
2026-01-12,43.73062515258789,0.0,43.77000045776367,0.0,43.939998626708984,42.48099899291992,42.81999969482422,0.0,40600
2026-01-13,43.94243240356445,0.0,43.981998443603516,0.0,44.40999984741211,43.20000076293945,44.02000045776367,0.0,51700
2026-01-14,44.36005783081055,0.0,44.400001525878906,0.0,44.79999923706055,43.75,44.150001525878906,0.0,67000
2026-01-15,43.40092086791992,0.0,43.439998626708984,0.0,44.40999984741211,43.29999923706055,44.40999984741211,0.0,50100
2026-01-16,44.763694763183594,0.0,44.80400085449219,0.0,45.33000183105469,43.290000915527344,43.45000076293945,0.0,43800
2026-01-20,42.634613037109375,0.0,42.67300033569336,0.0,43.84400177001953,42.349998474121094,43.029998779296875,0.0,100800
2026-01-21,42.49374008178711,0.0,42.53200149536133,0.0,43.724998474121094,41.0099983215332,43.040000915527344,0.0,91500
2026-01-22,42.202003479003906,0.0,42.2400016784668,0.0,43.36600112915039,41.939998626708984,43.279998779296875,0.0,59200
2026-01-23,42.9233512878418,0.0,42.96200180053711,0.0,43.91999816894531,41.27000045776367,42.08000183105469,0.0,50000
2026-01-26,42.03115463256836,0.0,42.069000244140625,0.0,43.130001068115234,41.97999954223633,42.86000061035156,0.0,48500
2026-01-27,43.58075714111328,0.0,43.619998931884766,0.0,43.77000045776367,41.91999816894531,42.189998626708984,0.0,34000
2026-01-28,43.38193893432617,0.0,43.42100143432617,0.0,44.11000061035156,43.064998626708984,43.66999816894531,0.0,47500
2026-01-29,41.63850784301758,0.0,41.67599868774414,0.0,43.27000045776367,40.689998626708984,43.27000045776367,0.0,56500
2026-01-30,39.49243927001953,0.0,39.52799987792969,0.0,41.1150016784668,39.2140007019043,41.0099983215332,0.0,68600
2026-02-02,38.70414733886719,0.0,38.73899841308594,0.0,39.5,38.400001525878906,38.59000015258789,0.0,158900
2026-02-03,37.965816497802734,0.0,38.0,0.0,38.97999954223633,36.56100082397461,38.869998931884766,0.0,85000
2026-02-04,35.83972930908203,0.0,35.87200164794922,0.0,37.59000015258789,34.849998474121094,37.43000030517578,0.0,95700
2026-02-05,32.64060592651367,0.0,32.66999816894531,0.0,35.810001373291016,32.65999984741211,34.439998626708984,0.0,114200
2026-02-06,36.09449768066406,0.0,36.12699890136719,0.0,36.25,33.88999938964844,33.88999938964844,0.0,133800
2026-02-09,37.75899887084961,0.0,37.792999267578125,0.0,37.9900016784668,36.0,36.0,0.0,65100
2026-02-10,37.28343200683594,0.0,37.31700134277344,0.0,38.32500076293945,37.22999954223633,37.650001525878906,0.0,44400
2026-02-11,36.19740676879883,0.0,36.22999954223633,0.0,37.5890007019043,35.56999969482422,37.5890007019043,0.0,47700
2026-02-12,34.788673400878906,0.0,34.81999969482422,0.0,36.29999923706055,34.47999954223633,36.29999923706055,0.0,94200
2026-02-13,35.927650451660156,0.0,35.959999084472656,0.0,36.63999938964844,34.5,35.09000015258789,0.0,35000
2026-02-17,35.33917999267578,0.0,35.37099838256836,0.0,35.9900016784668,34.47999954223633,35.22999954223633,0.0,60700
2026-02-18,35.6878662109375,0.0,35.720001220703125,0.0,36.400001525878906,35.20000076293945,35.20000076293945,0.0,34500
2026-02-19,35.51202392578125,0.0,35.54399871826172,0.0,35.54999923706055,34.61000061035156,34.86000061035156,0.0,27500
2026-02-20,35.12936782836914,0.0,35.1609992980957,0.0,36.099998474121094,34.900001525878906,35.16999816894531,0.0,49400
2026-02-23,34.48295211791992,0.0,34.513999938964844,0.0,34.869998931884766,34.084999084472656,34.790000915527344,0.0,51600
2026-02-24,35.68286895751953,0.0,35.71500015258789,0.0,35.89500045776367,34.29999923706055,34.29999923706055,0.0,43800
2026-02-25,36.880794525146484,0.0,36.91400146484375,0.0,37.400001525878906,36.41999816894531,36.72999954223633,0.0,42300
2026-02-26,37.02865982055664,0.0,37.0620002746582,0.0,37.439998626708984,36.11000061035156,36.91999816894531,0.0,42100
2026-02-27,35.70285415649414,0.0,35.73500061035156,0.0,36.59000015258789,35.20000076293945,36.59000015258789,0.0,35800
2026-03-02,36.49613571166992,0.0,36.52899932861328,0.0,36.834999084472656,34.630001068115234,34.630001068115234,0.0,40300
2026-03-03,35.188316345214844,0.0,35.220001220703125,0.0,35.83000183105469,34.11000061035156,35.0,0.0,34500
2026-03-04,37.383338928222656,0.0,37.41699981689453,0.0,37.790000915527344,35.91999816894531,35.91999816894531,0.0,33400
2026-03-05,36.642005920410156,0.0,36.67499923706055,0.0,37.68000030517578,35.79999923706055,36.75,0.0,21300
2026-03-06,34.91856002807617,0.0,34.95000076293945,0.0,36.18000030517578,34.63999938964844,35.65999984741211,0.0,28800
2026-03-09,35.91865921020508,0.0,35.95100021362305,0.0,36.04499816894531,34.5,34.56999969482422,0.0,26100
2026-03-10,36.0175666809082,0.0,36.04999923706055,0.0,36.82500076293945,35.779998779296875,36.5,0.0,37600
2026-03-11,36.37824249267578,0.0,36.4109992980957,0.0,36.869998931884766,36.0,36.18000030517578,0.0,32900
2026-03-12,35.36116027832031,0.0,35.393001556396484,0.0,36.0099983215332,35.029998779296875,36.0099983215332,0.0,35700
2026-03-13,35.57896423339844,0.0,35.611000061035156,0.0,37.02000045776367,35.43000030517578,36.279998779296875,0.0,23700
2026-03-16,36.85181427001953,0.0,36.8849983215332,0.0,37.13999938964844,36.404998779296875,36.689998626708984,0.0,26800
2026-03-17,37.077613830566406,0.0,37.111000061035156,0.0,37.560001373291016,36.68000030517578,36.880001068115234,0.0,33600
2026-03-18,35.77778625488281,0.0,35.810001373291016,0.0,36.75,35.689998626708984,36.52000045776367,0.0,35300
2026-03-19,35.538002014160156,0.0,35.56999969482422,0.0,36.16999816894531,34.72999954223633,35.13999938964844,0.0,34900
2026-03-20,34.750999450683594,0.0,34.750999450683594,0.032,35.41999816894531,34.255001068115234,35.41999816894531,0.0,22300
2026-03-23,36.29100036621094,0.0,36.29100036621094,0.0,36.939998626708984,35.34000015258789,35.34000015258789,0.0,45300
2026-03-24,34.89799880981445,0.0,34.89799880981445,0.0,35.97999954223633,34.5,35.97999954223633,0.0,20800
2026-03-25,35.55099868774414,0.0,35.55099868774414,0.0,36.275001525878906,35.18000030517578,35.65999984741211,0.0,36200
2026-03-26,33.71200180053711,0.0,33.71200180053711,0.0,35.189998626708984,33.58000183105469,34.75,0.0,39500
2026-03-27,31.90999984741211,0.0,31.90999984741211,0.0,33.44499969482422,31.719999313354492,33.43000030517578,0.0,38900
2026-03-30,30.981000900268555,0.0,30.981000900268555,0.0,32.540000915527344,30.639999389648438,32.540000915527344,0.0,41600
2026-03-31,32.779998779296875,0.0,32.779998779296875,0.0,33.0,31.440000534057617,31.440000534057617,0.0,44300
2026-04-01,32.882999420166016,0.0,32.882999420166016,0.0,33.709999084472656,32.779998779296875,33.5,0.0,55300
2026-04-02,33.066001892089844,0.0,33.066001892089844,0.0,33.189998626708984,31.388999938964844,31.639999389648438,0.0,74100
2026-04-06,33.7239990234375,0.0,33.7239990234375,0.0,34.220001220703125,33.099998474121094,33.099998474121094,0.0,30200
2026-04-07,33.790000915527344,0.0,33.790000915527344,0.0,33.79999923706055,32.61600112915039,33.189998626708984,0.0,22800
2026-04-08,35.709999084472656,0.0,35.709999084472656,0.0,36.25,35.165000915527344,36.15999984741211,0.0,36800
2026-04-09,35.42499923706055,0.0,35.42499923706055,0.0,36.380001068115234,34.79999923706055,35.459999084472656,0.0,65200
2026-04-10,35.80099868774414,0.0,35.80099868774414,0.0,36.52000045776367,35.58000183105469,35.58000183105469,0.0,91400
2026-04-13,37.59700012207031,0.0,37.59700012207031,0.0,37.619998931884766,34.92100143432617,35.47999954223633,0.0,50400
2026-04-14,39.1879997253418,0.0,39.1879997253418,0.0,39.81999969482422,38.34000015258789,38.34000015258789,0.0,85800
2026-04-15,39.854000091552734,0.0,39.854000091552734,0.0,39.9900016784668,38.9900016784668,39.15999984741211,0.0,50600
2026-04-16,39.92599868774414,0.0,39.92599868774414,0.0,40.09000015258789,38.790000915527344,39.9900016784668,0.0,46800
2026-04-17,41.44499969482422,0.0,41.44499969482422,0.0,41.75,40.4900016784668,41.0099983215332,0.0,81400
2026-04-20,41.84000015258789,0.0,41.84000015258789,0.0,41.986000061035156,40.582000732421875,40.61000061035156,0.0,28800
2026-04-21,40.3120002746582,0.0,40.3120002746582,0.0,42.0,40.060001373291016,42.0,0.0,38600
2026-04-22,41.78099822998047,0.0,41.78099822998047,0.0,42.0,41.40999984741211,41.7400016784668,0.0,36100
2026-04-23,40.81800079345703,0.0,40.81800079345703,0.0,42.25,40.369998931884766,41.900001525878906,0.0,18900
2026-04-24,40.77799987792969,0.0,40.77799987792969,0.0,41.63999938964844,40.529998779296875,41.29999923706055,0.0,30800
2026-04-27,40.220001220703125,0.0,40.220001220703125,0.0,40.89899826049805,39.7599983215332,40.41999816894531,0.0,34800
2026-04-28,39.35200119018555,0.0,39.35200119018555,0.0,39.584999084472656,38.547000885009766,39.27000045776367,0.0,44900
2026-04-29,38.37900161743164,0.0,38.37900161743164,0.0,39.16899871826172,37.790000915527344,38.90999984741211,0.0,36200
2026-04-30,39.979000091552734,0.0,39.979000091552734,0.0,40.02000045776367,38.79999923706055,38.79999923706055,0.0,53500
2026-05-01,40.448001861572266,0.0,40.448001861572266,0.0,41.2400016784668,40.22999954223633,40.34000015258789,0.0,63900
2026-05-04,41.79499816894531,0.0,41.79499816894531,0.0,42.2400016784668,40.77000045776367,40.77000045776367,0.0,30500
2026-05-05,43.17599868774414,0.0,43.17599868774414,0.0,43.17599868774414,42.0,42.279998779296875,0.0,56600
2026-05-06,45.90299987792969,0.0,45.90299987792969,0.0,45.90299987792969,44.290000915527344,44.290000915527344,0.0,70100
2026-05-07,44.19900131225586,0.0,44.19900131225586,0.0,45.25,43.25,45.189998626708984,0.0,84500
2026-05-08,44.7400016784668,0.0,44.7400016784668,0.0,45.3390007019043,43.683998107910156,44.880001068115234,0.0,34900
2026-05-11,45.619998931884766,0.0,45.619998931884766,0.0,46.7400016784668,43.70000076293945,44.36000061035156,0.0,77600
2026-05-12,44.76300048828125,0.0,44.76300048828125,0.0,45.040000915527344,43.2599983215332,44.72999954223633,0.0,58800
2026-05-13,44.845001220703125,0.0,44.845001220703125,0.0,45.470001220703125,43.92399978637695,44.939998626708984,0.0,47300
2026-05-14,45.86199951171875,0.0,45.86199951171875,0.0,46.72999954223633,43.959999084472656,44.59000015258789,0.0,48500
2026-05-15,43.637001037597656,0.0,43.637001037597656,0.0,44.9900016784668,43.27000045776367,44.9900016784668,0.0,39900
2026-05-18,42.6879997253418,0.0,42.6879997253418,0.0,43.529998779296875,41.56999969482422,43.2599983215332,0.0,30800
2026-05-19,41.97999954223633,0.0,41.97999954223633,0.0,42.5,41.165000915527344,42.189998626708984,0.0,73100
2026-05-20,43.266998291015625,0.0,43.266998291015625,0.0,43.91999816894531,42.119998931884766,42.43000030517578,0.0,40000
2026-05-21,45.154998779296875,0.0,45.154998779296875,0.0,45.25,43.22999954223633,43.22999954223633,0.0,46700
2026-05-22,44.93199920654297,0.0,44.93199920654297,0.0,45.79999923706055,44.7599983215332,44.91999816894531,0.0,64200
2026-05-26,45.77299880981445,0.0,45.77299880981445,0.0,46.849998474121094,45.439998626708984,45.90999984741211,0.0,58900
2026-05-27,46.9900016784668,0.0,46.9900016784668,0.0,47.150001525878906,45.220001220703125,46.09000015258789,0.0,63900
2026-05-28,47.7239990234375,0.0,47.7239990234375,0.0,47.9900016784668,45.9900016784668,46.34000015258789,0.0,69500
2026-05-29,47.62900161743164,0.0,47.62900161743164,0.0,47.810001373291016,46.25,47.65999984741211,0.0,56700
2026-06-01,48.3849983215332,0.0,48.3849983215332,0.0,48.959999084472656,46.36000061035156,46.58000183105469,0.0,73100
=======
2022-04-21,23.17947006225586,0.0,23.850000381469727,0.0,25.719999313354492,23.520000457763672,25.719999313354492,0.0,44800
2022-04-22,21.9937686920166,0.0,22.6299991607666,0.0,23.889999389648438,22.56999969482422,23.6299991607666,0.0,53400
2022-04-25,22.48943328857422,0.0,23.139999389648438,0.0,23.139999389648438,22.270999908447266,22.6299991607666,0.0,34300
2022-04-26,21.08797264099121,0.0,21.697999954223633,0.0,23.1200008392334,21.674999237060547,23.1200008392334,0.0,44500
2022-04-27,21.00633430480957,0.0,21.61400032043457,0.0,22.399999618530273,21.56999969482422,21.899999618530273,0.0,36900
2022-04-28,21.760517120361328,0.0,22.389999389648438,0.0,22.559999465942383,21.209999084472656,22.149999618530273,0.0,36900
2022-04-29,20.623409271240234,0.0,21.219999313354492,0.0,22.97800064086914,21.118000030517578,22.25,0.0,44800
2022-05-02,21.439794540405273,0.0,22.059999465942383,0.0,22.059999465942383,20.829999923706055,21.219999313354492,0.0,41800
2022-05-03,21.21820640563965,0.0,21.832000732421875,0.0,22.450000762939453,21.655000686645508,22.030000686645508,0.0,61600
2022-05-04,22.19786834716797,0.0,22.84000015258789,0.0,22.930999755859375,20.920000076293945,22.149999618530273,0.0,57300
2022-05-05,20.409595489501953,0.0,21.0,0.0,22.850000381469727,20.600000381469727,22.850000381469727,0.0,34000
2022-05-06,19.447431564331055,0.0,20.010000228881836,0.0,21.059999465942383,19.6299991607666,21.059999465942383,0.0,30700
2022-05-09,17.124624252319336,0.0,17.6200008392334,0.0,19.209999084472656,17.385000228881836,19.209999084472656,0.0,45800
2022-05-10,16.60952377319336,0.0,17.09000015258789,0.0,18.260000228881836,16.739999771118164,18.260000228881836,0.0,39800
2022-05-11,14.899006843566895,0.0,15.329999923706055,0.0,17.0,15.220000267028809,17.0,0.0,42700
2022-05-12,15.200289726257324,0.0,15.640000343322754,0.0,16.020000457763672,14.350000381469727,14.970000267028809,0.0,31300
2022-05-13,16.75627899169922,0.0,17.240999221801758,0.0,17.549999237060547,16.690000534057617,16.690000534057617,0.0,31700
2022-05-16,15.812579154968262,0.0,16.270000457763672,0.0,17.479999542236328,16.239999771118164,17.479999542236328,0.0,33500
2022-05-17,16.69310760498047,0.0,17.176000595092773,0.0,17.239999771118164,16.489999771118164,16.8799991607666,0.0,15700
2022-05-18,16.016672134399414,0.0,16.479999542236328,0.0,17.229999542236328,16.408000946044922,16.979999542236328,0.0,33900
2022-05-19,16.551212310791016,0.0,17.030000686645508,0.0,17.5,16.31999969482422,16.31999969482422,0.0,16500
2022-05-20,16.19938850402832,0.0,16.667999267578125,0.0,17.420000076293945,15.930000305175781,17.420000076293945,0.0,38300
2022-05-23,16.326705932617188,0.0,16.798999786376953,0.0,16.93000030517578,16.344999313354492,16.8799991607666,0.0,14600
2022-05-24,15.370369911193848,0.0,15.8149995803833,0.0,16.600000381469727,15.65999984741211,16.600000381469727,0.0,13400
2022-05-25,15.890328407287598,0.0,16.350000381469727,0.0,16.3700008392334,15.779999732971191,15.800000190734863,0.0,36000
2022-05-26,16.59980583190918,0.0,17.079999923706055,0.0,17.125,16.209999084472656,16.280000686645508,0.0,29700
2022-05-27,17.281097412109375,0.0,17.7810001373291,0.0,17.889999389648438,17.239999771118164,17.239999771118164,0.0,34200
2022-05-31,17.453123092651367,0.0,17.95800018310547,0.0,18.780000686645508,17.700000762939453,18.780000686645508,0.0,32000
2022-06-01,16.551212310791016,0.0,17.030000686645508,0.0,18.139999389648438,17.010000228881836,18.079999923706055,0.0,18900
2022-06-02,17.192657470703125,0.0,17.690000534057617,0.0,17.8700008392334,16.989999771118164,16.989999771118164,0.0,17500
2022-06-03,16.652286529541016,0.0,17.134000778198242,0.0,17.579999923706055,16.989999771118164,17.579999923706055,0.0,22200
2022-06-06,16.823339462280273,0.0,17.309999465942383,0.0,17.829999923706055,17.22599983215332,17.65999984741211,0.0,16000
2022-06-07,16.745588302612305,0.0,17.229999542236328,0.0,17.229999542236328,16.649999618530273,16.989999771118164,0.0,10800
2022-06-08,16.628963470458984,0.0,17.110000610351562,0.0,17.520000457763672,16.950000762939453,17.1200008392334,0.0,12100
2022-06-09,15.511293411254883,0.0,15.960000038146973,0.0,17.0,15.956999778747559,17.0,0.0,20900
2022-06-10,14.699769020080566,0.0,15.125,0.0,15.630000114440918,15.03499984741211,15.600000381469727,0.0,17600
2022-06-13,13.3051118850708,0.0,13.6899995803833,0.0,14.770000457763672,13.5,13.850000381469727,0.0,240000
2022-06-14,13.09129810333252,0.0,13.470000267028809,0.0,13.6899995803833,13.359999656677246,13.649999618530273,0.0,26200
2022-06-15,13.445064544677734,0.0,13.833999633789062,0.0,14.07800006866455,13.470000267028809,13.550000190734863,0.0,28700
2022-06-16,12.5684232711792,0.0,12.932000160217285,0.0,13.520000457763672,12.868000030517578,13.520000457763672,0.0,24300
2022-06-17,12.973701477050781,0.0,13.348999977111816,0.0,13.4399995803833,12.9399995803833,12.9399995803833,0.0,13800
2022-06-21,13.645273208618164,0.0,14.039999961853027,0.0,14.5,13.789999961853027,13.800000190734863,0.0,56200
2022-06-22,13.139892578125,0.0,13.520000457763672,0.0,14.010000228881836,13.470000267028809,13.75,0.0,23300
2022-06-23,13.868807792663574,0.0,14.270000457763672,0.0,14.270000457763672,13.5,13.600000381469727,0.0,18200
2022-06-24,14.549126625061035,0.0,14.970000267028809,0.0,15.079999923706055,14.489999771118164,14.489999771118164,0.0,22900
2022-06-27,13.897963523864746,0.0,14.300000190734863,0.0,14.949999809265137,14.071000099182129,14.949999809265137,0.0,30600
2022-06-28,13.178768157958984,0.0,13.5600004196167,0.0,14.489999771118164,13.4399995803833,14.399999618530273,0.0,19400
2022-06-29,12.61701774597168,0.0,12.982000350952148,0.0,13.390000343322754,12.8100004196167,13.390000343322754,0.0,11400
2022-06-30,12.057211875915527,0.0,12.406000137329102,0.0,12.739999771118164,12.15999984741211,12.720000267028809,0.0,217300
2022-07-01,12.354608535766602,0.0,12.711999893188477,0.0,12.920000076293945,12.449999809265137,12.520000457763672,0.0,23800
2022-07-05,13.09129810333252,0.0,13.470000267028809,0.0,13.479999542236328,12.189000129699707,12.569999694824219,0.0,21100
2022-07-06,12.712264060974121,0.0,13.079999923706055,0.0,13.545000076293945,12.989999771118164,13.430000305175781,0.0,23000
2022-07-07,13.752182006835938,0.0,14.149999618530273,0.0,14.149999618530273,13.140000343322754,13.239999771118164,0.0,26900
2022-07-08,14.019450187683105,0.0,14.425000190734863,0.0,14.729999542236328,13.65999984741211,13.869999885559082,0.0,16500
2022-07-11,13.184599876403809,0.0,13.565999984741211,0.0,14.5,13.550000190734863,14.5,0.0,34300
2022-07-12,13.158358573913574,0.0,13.538999557495117,0.0,13.739999771118164,13.331000328063965,13.550000190734863,0.0,4600
2022-07-13,13.08158016204834,0.0,13.460000038146973,0.0,13.5600004196167,12.899999618530273,13.130000114440918,0.0,9200
2022-07-14,13.071859359741211,0.0,13.449999809265137,0.0,13.520000457763672,12.90999984741211,13.4399995803833,0.0,8400
2022-07-15,13.586960792541504,0.0,13.979999542236328,0.0,13.979999542236328,13.494999885559082,13.710000038146973,0.0,11800
2022-07-18,14.315875053405762,0.0,14.729999542236328,0.0,15.475000381469727,14.460000038146973,14.460000038146973,0.0,45400
2022-07-19,15.574464797973633,0.0,16.024999618530273,0.0,16.040000915527344,14.78499984741211,15.0,0.0,42900
2022-07-20,16.29852294921875,0.0,16.770000457763672,0.0,17.05500030517578,16.190000534057617,16.190000534057617,0.0,55500
2022-07-21,16.580368041992188,0.0,17.059999465942383,0.0,17.059999465942383,16.229999542236328,16.469999313354492,0.0,30400
2022-07-22,15.676512718200684,0.0,16.1299991607666,0.0,17.31999969482422,15.979999542236328,17.31999969482422,0.0,40900
2022-07-25,15.073945045471191,0.0,15.510000228881836,0.0,15.979999542236328,15.430000305175781,15.90999984741211,0.0,24700
2022-07-26,13.927120208740234,0.0,14.329999923706055,0.0,15.170000076293945,14.279999732971191,15.170000076293945,0.0,38200
2022-07-27,15.229447364807129,0.0,15.670000076293945,0.0,15.774999618530273,14.720000267028809,14.75,0.0,11700
2022-07-28,15.773702621459961,0.0,16.229999542236328,0.0,16.229999542236328,15.180000305175781,15.739999771118164,0.0,25800
2022-07-29,15.794111251831055,0.0,16.250999450683594,0.0,16.545000076293945,15.760000228881836,16.110000610351562,0.0,25600
2022-08-01,15.812579154968262,0.0,16.270000457763672,0.0,16.527999877929688,15.75,16.059999465942383,0.0,15300
2022-08-02,16.415145874023438,0.0,16.889999389648438,0.0,17.17799949645996,16.09000015258789,16.09000015258789,0.0,18700
2022-08-03,17.610565185546875,0.0,18.1200008392334,0.0,18.149999618530273,17.200000762939453,17.40999984741211,0.0,35600
2022-08-04,17.824382781982422,0.0,18.34000015258789,0.0,19.399999618530273,18.18000030517578,18.920000076293945,0.0,37700
2022-08-05,18.02847671508789,0.0,18.549999237060547,0.0,19.040000915527344,18.0,18.040000915527344,0.0,24100
2022-08-08,18.475547790527344,0.0,19.010000228881836,0.0,19.690000534057617,18.780000686645508,19.190000534057617,0.0,32700
2022-08-09,17.51823616027832,0.0,18.024999618530273,0.0,18.770000457763672,17.860000610351562,18.770000457763672,0.0,23400
2022-08-10,19.146148681640625,0.0,19.700000762939453,0.0,19.700000762939453,18.764999389648438,18.920000076293945,0.0,41300
2022-08-11,18.90997886657715,0.0,19.457000732421875,0.0,21.0,19.28499984741211,20.81999969482422,0.0,40100
2022-08-12,19.9625301361084,0.0,20.540000915527344,0.0,20.540000915527344,19.110000610351562,19.729999542236328,0.0,26900
2022-08-15,19.952810287475586,0.0,20.530000686645508,0.0,20.829999923706055,20.030000686645508,20.170000076293945,0.0,37000
2022-08-16,19.311365127563477,0.0,19.8700008392334,0.0,20.420000076293945,19.280000686645508,20.420000076293945,0.0,45000
2022-08-17,18.13829803466797,0.0,18.663000106811523,0.0,19.459999084472656,18.530000686645508,19.459999084472656,0.0,47100
2022-08-18,17.945865631103516,0.0,18.46500015258789,0.0,18.940000534057617,18.299999237060547,18.889999389648438,0.0,25600
2022-08-19,16.3373966217041,0.0,16.809999465942383,0.0,17.381000518798828,16.75,17.200000762939453,0.0,44300
2022-08-22,15.72510814666748,0.0,16.18000030517578,0.0,16.469999313354492,16.1200008392334,16.219999313354492,0.0,34300
2022-08-23,15.870892524719238,0.0,16.329999923706055,0.0,16.8799991607666,16.229999542236328,16.239999771118164,0.0,19000
2022-08-24,16.113862991333008,0.0,16.579999923706055,0.0,16.93000030517578,16.299999237060547,16.299999237060547,0.0,12600
2022-08-25,16.169260025024414,0.0,16.636999130249023,0.0,16.826000213623047,16.3799991607666,16.760000228881836,0.0,19900
2022-08-26,15.16141414642334,0.0,15.600000381469727,0.0,16.809999465942383,15.550000190734863,16.809999465942383,0.0,38100
2022-08-29,15.132258415222168,0.0,15.569999694824219,0.0,15.859999656677246,15.199999809265137,15.300000190734863,0.0,13700
2022-08-30,15.083664894104004,0.0,15.520000457763672,0.0,15.960000038146973,15.1899995803833,15.600000381469727,0.0,19200
2022-08-31,15.248884201049805,0.0,15.6899995803833,0.0,16.100000381469727,15.520000457763672,15.8100004196167,0.0,26600
2022-09-01,14.869850158691406,0.0,15.300000190734863,0.0,15.449999809265137,14.710000038146973,15.449999809265137,0.0,20400
2022-09-02,14.626877784729004,0.0,15.050000190734863,0.0,15.489999771118164,14.934000015258789,15.420000076293945,0.0,17600
2022-09-06,14.29643726348877,0.0,14.710000038146973,0.0,15.149999618530273,14.614999771118164,14.899999618530273,0.0,26500
2022-09-07,14.840693473815918,0.0,15.270000457763672,0.0,15.279999732971191,14.5,14.670000076293945,0.0,15300
2022-09-08,15.589044570922852,0.0,16.040000915527344,0.0,16.040000915527344,15.069999694824219,15.069999694824219,0.0,9300
2022-09-09,16.745588302612305,0.0,17.229999542236328,0.0,17.309999465942383,16.679000854492188,16.860000610351562,0.0,19800
2022-09-12,16.95940399169922,0.0,17.450000762939453,0.0,17.709999084472656,17.19499969482422,17.649999618530273,0.0,30200
2022-09-13,15.637638092041016,0.0,16.09000015258789,0.0,16.645000457763672,16.049999237060547,16.43000030517578,0.0,21600
2022-09-14,15.695951461791992,0.0,16.149999618530273,0.0,16.219999313354492,15.803999900817871,16.1299991607666,0.0,16800
2022-09-15,15.618200302124023,0.0,16.06999969482422,0.0,16.639999389648438,15.90999984741211,15.90999984741211,0.0,18600
2022-09-16,14.792098999023438,0.0,15.220000267028809,0.0,15.670000076293945,15.09000015258789,15.670000076293945,0.0,10800
2022-09-19,14.420838356018066,0.0,14.838000297546387,0.0,15.010000228881836,14.635000228881836,14.90999984741211,0.0,16900
2022-09-20,14.034027099609375,0.0,14.4399995803833,0.0,14.75,14.399999618530273,14.510000228881836,0.0,9500
2022-09-21,13.907683372497559,0.0,14.3100004196167,0.0,15.024999618530273,14.3100004196167,14.4399995803833,0.0,13400
2022-09-22,13.392582893371582,0.0,13.779999732971191,0.0,14.380000114440918,13.600000381469727,14.359999656677246,0.0,17200
2022-09-23,13.071859359741211,0.0,13.449999809265137,0.0,13.515000343322754,13.140000343322754,13.470000267028809,0.0,27000
2022-09-26,12.838608741760254,0.0,13.210000038146973,0.0,13.8100004196167,13.210000038146973,13.4399995803833,0.0,18000
2022-09-27,13.03298568725586,0.0,13.40999984741211,0.0,13.890000343322754,13.119000434875488,13.760000228881836,0.0,11600
2022-09-28,13.791055679321289,0.0,14.1899995803833,0.0,14.210000038146973,13.350000381469727,13.350000381469727,0.0,10000
2022-09-29,13.217644691467285,0.0,13.600000381469727,0.0,13.850000381469727,13.350000381469727,13.850000381469727,0.0,31600
2022-09-30,13.246800422668457,0.0,13.630000114440918,0.0,14.289999961853027,13.460000038146973,13.5600004196167,0.0,23600
2022-10-03,13.567522048950195,0.0,13.960000038146973,0.0,14.039999961853027,13.430000305175781,13.850000381469727,0.0,15500
2022-10-04,14.764884948730469,0.0,15.192000389099121,0.0,15.279999732971191,14.670000076293945,14.670000076293945,0.0,19000
2022-10-05,14.617158889770508,0.0,15.039999961853027,0.0,15.149999618530273,14.555999755859375,14.859999656677246,0.0,12400
2022-10-06,14.578285217285156,0.0,15.0,0.0,15.109999656677246,14.862000465393066,15.029999732971191,0.0,8900
2022-10-07,13.674428939819336,0.0,14.069999694824219,0.0,14.699999809265137,13.90999984741211,14.699999809265137,0.0,7400
2022-10-10,13.382864952087402,0.0,13.770000457763672,0.0,14.15999984741211,13.510000228881836,14.15999984741211,0.0,7500
2022-10-11,13.139892578125,0.0,13.520000457763672,0.0,13.885000228881836,13.170000076293945,13.524999618530273,0.0,42100
2022-10-12,13.295395851135254,0.0,13.680000305175781,0.0,13.720000267028809,13.25,13.520000457763672,0.0,4100
2022-10-13,13.518928527832031,0.0,13.90999984741211,0.0,13.949999809265137,12.75,13.0,0.0,21000
2022-10-14,12.770577430725098,0.0,13.140000343322754,0.0,14.079999923706055,13.140000343322754,14.069999694824219,0.0,14300
2022-10-17,13.518928527832031,0.0,13.90999984741211,0.0,14.09000015258789,13.479999542236328,13.479999542236328,0.0,14000
2022-10-18,13.528646469116211,0.0,13.920000076293945,0.0,14.630000114440918,13.770000457763672,14.579999923706055,0.0,15000
2022-10-19,13.08158016204834,0.0,13.460000038146973,0.0,13.800000190734863,13.310999870300293,13.800000190734863,0.0,17700
2022-10-20,13.071859359741211,0.0,13.449999809265137,0.0,13.979999542236328,13.3100004196167,13.3100004196167,0.0,4300
2022-10-21,13.470333099365234,0.0,13.859999656677246,0.0,13.859999656677246,13.17199993133545,13.420000076293945,0.0,24900
2022-10-24,13.65499210357666,0.0,14.050000190734863,0.0,14.140000343322754,13.645000457763672,13.899999618530273,0.0,12700
2022-10-25,14.840693473815918,0.0,15.270000457763672,0.0,15.34000015258789,13.920000076293945,13.979999542236328,0.0,18500
2022-10-26,14.665752410888672,0.0,15.09000015258789,0.0,15.84000015258789,15.069999694824219,15.229999542236328,0.0,20600
2022-10-27,14.490812301635742,0.0,14.90999984741211,0.0,15.34000015258789,14.899999618530273,15.149999618530273,0.0,35700
2022-10-28,14.792098999023438,0.0,15.220000267028809,0.0,15.220000267028809,14.600000381469727,14.880000114440918,0.0,13600
2022-10-31,14.354750633239746,0.0,14.770000457763672,0.0,15.229999542236328,14.710000038146973,15.229999542236328,0.0,10700
2022-11-01,13.985432624816895,0.0,14.390000343322754,0.0,15.14900016784668,14.390000343322754,15.140000343322754,0.0,42600
2022-11-02,13.217644691467285,0.0,13.600000381469727,0.0,14.390000343322754,13.600000381469727,14.390000343322754,0.0,18000
2022-11-03,12.867764472961426,0.0,13.239999771118164,0.0,13.75,13.199999809265137,13.460000038146973,0.0,24600
2022-11-04,13.324551582336426,0.0,13.710000038146973,0.0,14.104999542236328,13.378000259399414,13.779999732971191,0.0,33700
2022-11-07,13.310945510864258,0.0,13.696000099182129,0.0,13.90999984741211,13.489999771118164,13.90999984741211,0.0,11000
2022-11-08,12.79973316192627,0.0,13.170000076293945,0.0,13.789999961853027,12.850000381469727,13.539999961853027,0.0,17500
2022-11-09,11.973628997802734,0.0,12.319999694824219,0.0,12.890000343322754,12.27400016784668,12.789999961853027,0.0,60000
2022-11-10,13.03298568725586,0.0,13.40999984741211,0.0,13.550000190734863,12.87399959564209,13.550000190734863,0.0,26000
2022-11-11,13.557804107666016,0.0,13.949999809265137,0.0,13.954999923706055,12.850000381469727,13.130000114440918,0.0,35000
2022-11-14,13.3051118850708,0.0,13.6899995803833,0.0,13.850000381469727,13.4399995803833,13.850000381469727,0.0,19000
2022-11-15,13.518928527832031,0.0,13.90999984741211,0.0,14.194999694824219,13.78499984741211,13.899999618530273,0.0,13200
2022-11-16,12.683107376098633,0.0,13.050000190734863,0.0,13.729999542236328,12.800000190734863,13.680000305175781,0.0,34200
2022-11-17,12.245759010314941,0.0,12.600000381469727,0.0,12.8100004196167,12.439000129699707,12.619999885559082,0.0,22000
2022-11-18,11.993067741394043,0.0,12.34000015258789,0.0,12.90999984741211,12.279999732971191,12.710000038146973,0.0,24300
2022-11-21,11.273872375488281,0.0,11.600000381469727,0.0,12.199999809265137,11.510000228881836,11.9399995803833,0.0,89200
2022-11-22,11.448811531066895,0.0,11.779999732971191,0.0,11.84000015258789,11.40999984741211,11.694999694824219,0.0,14100
2022-11-23,11.735518455505371,0.0,12.074999809265137,0.0,12.100000381469727,11.779999732971191,11.949999809265137,0.0,19700
2022-11-25,11.670401573181152,0.0,12.008000373840332,0.0,12.109999656677246,11.899999618530273,12.100000381469727,0.0,7200
2022-11-28,11.332184791564941,0.0,11.65999984741211,0.0,12.006999969482422,11.569999694824219,11.899999618530273,0.0,21600
2022-11-29,11.390501022338867,0.0,11.720000267028809,0.0,11.845000267028809,11.649999618530273,11.720000267028809,0.0,14100
2022-11-30,12.028057098388672,0.0,12.37600040435791,0.0,12.420000076293945,11.663999557495117,11.859999656677246,0.0,18200
2022-12-01,11.954192161560059,0.0,12.300000190734863,0.0,12.550000190734863,12.23799991607666,12.319999694824219,0.0,22200
2022-12-02,12.187445640563965,0.0,12.539999961853027,0.0,12.553999900817871,12.050000190734863,12.079999923706055,0.0,16300
2022-12-05,11.614031791687012,0.0,11.949999809265137,0.0,12.680000305175781,11.899999618530273,12.609999656677246,0.0,26900
2022-12-06,11.137808799743652,0.0,11.460000038146973,0.0,12.050000190734863,11.369999885559082,12.0,0.0,20900
2022-12-07,10.982306480407715,0.0,11.300000190734863,0.0,11.46399974822998,11.140000343322754,11.3100004196167,0.0,15500
2022-12-08,11.098934173583984,0.0,11.420000076293945,0.0,11.600000381469727,11.25,11.380000114440918,0.0,17300
2022-12-09,11.054226875305176,0.0,11.37399959564209,0.0,11.600000381469727,11.37399959564209,11.399999618530273,0.0,10100
2022-12-12,11.254434585571289,0.0,11.579999923706055,0.0,11.680000305175781,11.210000038146973,11.210000038146973,0.0,41500
2022-12-13,11.30302906036377,0.0,11.630000114440918,0.0,12.329999923706055,11.510000228881836,12.109999656677246,0.0,25300
2022-12-14,11.35939884185791,0.0,11.687999725341797,0.0,11.899999618530273,11.550000190734863,11.670000076293945,0.0,14200
2022-12-15,10.753912925720215,0.0,11.0649995803833,0.0,11.489999771118164,11.010000228881836,11.460000038146973,0.0,19100
2022-12-16,10.457488059997559,0.0,10.760000228881836,0.0,11.039999961853027,10.510000228881836,11.0,0.0,32200
2022-12-19,10.127047538757324,0.0,10.420000076293945,0.0,10.649999618530273,10.34000015258789,10.649999618530273,0.0,18100
2022-12-20,10.185359954833984,0.0,10.479999542236328,0.0,10.711999893188477,10.289999961853027,10.300000190734863,0.0,9100
2022-12-21,10.389456748962402,0.0,10.6899995803833,0.0,10.789999961853027,10.619999885559082,10.649999618530273,0.0,25100
2022-12-22,10.272831916809082,0.0,10.569999694824219,0.0,10.619999885559082,10.210000038146973,10.619999885559082,0.0,14600
2022-12-23,10.253392219543457,0.0,10.550000190734863,0.0,10.621000289916992,10.312000274658203,10.470000267028809,0.0,35400
2022-12-27,9.864638328552246,0.0,10.149999618530273,0.0,10.449000358581543,10.149999618530273,10.430000305175781,0.0,25100
2022-12-28,9.660541534423828,0.0,9.9399995803833,0.0,10.279999732971191,9.899999618530273,10.100000381469727,0.0,61600
2022-12-29,10.146484375,0.0,10.4399995803833,0.0,10.5600004196167,10.079999923706055,10.154999732971191,0.0,46700
2022-12-30,10.156203269958496,0.0,10.449999809265137,0.0,10.510000228881836,10.300000190734863,10.40999984741211,0.0,29300
2023-01-03,10.162035942077637,0.0,10.456000328063965,0.0,10.880000114440918,10.269000053405762,10.850000381469727,0.0,27900
2023-01-04,10.962868690490723,0.0,11.279999732971191,0.0,11.305000305175781,10.510000228881836,10.510000228881836,0.0,21500
2023-01-05,10.593552589416504,0.0,10.899999618530273,0.0,11.079999923706055,10.696000099182129,11.079999923706055,0.0,25200
2023-01-06,10.908443450927734,0.0,11.223999977111816,0.0,11.289999961853027,10.638999938964844,11.109999656677246,0.0,12900
2023-01-09,11.672345161437988,0.0,12.010000228881836,0.0,12.300000190734863,11.4399995803833,11.4399995803833,0.0,21000
2023-01-10,12.449853897094727,0.0,12.8100004196167,0.0,12.8100004196167,11.960000038146973,11.979999542236328,0.0,31800
2023-01-11,12.22632122039795,0.0,12.579999923706055,0.0,12.869999885559082,12.399999618530273,12.800000190734863,0.0,20500
2023-01-12,13.586960792541504,0.0,13.979999542236328,0.0,14.010000228881836,12.574999809265137,12.90999984741211,0.0,81300
2023-01-13,13.723023414611816,0.0,14.119999885559082,0.0,14.4399995803833,13.550000190734863,13.550000190734863,0.0,40000
2023-01-17,14.311015129089355,0.0,14.725000381469727,0.0,14.899999618530273,14.34000015258789,14.899999618530273,0.0,45800
2023-01-18,13.431458473205566,0.0,13.819999694824219,0.0,15.140000343322754,13.770000457763672,14.890000343322754,0.0,35800
2023-01-19,13.421741485595703,0.0,13.8100004196167,0.0,13.979999542236328,13.449999809265137,13.600000381469727,0.0,14100
2023-01-20,14.383905410766602,0.0,14.800000190734863,0.0,14.800000190734863,13.779999732971191,13.836999893188477,0.0,17900
2023-01-23,14.869850158691406,0.0,15.300000190734863,0.0,15.489999771118164,14.65999984741211,14.960000038146973,0.0,50000
2023-01-24,14.699769020080566,0.0,15.125,0.0,15.649999618530273,15.010000228881836,15.199999809265137,0.0,34100
2023-01-25,14.549126625061035,0.0,14.970000267028809,0.0,15.149999618530273,14.232999801635742,14.710000038146973,0.0,34500
2023-01-26,14.685190200805664,0.0,15.109999656677246,0.0,15.529999732971191,14.880000114440918,15.390000343322754,0.0,35400
2023-01-27,15.258602142333984,0.0,15.699999809265137,0.0,15.829999923706055,15.0,15.0,0.0,24500
2023-01-30,14.490812301635742,0.0,14.90999984741211,0.0,15.829999923706055,14.869999885559082,15.5,0.0,27100
2023-01-31,14.87956714630127,0.0,15.3100004196167,0.0,15.4399995803833,15.0,15.0,0.0,17600
2023-02-01,15.686232566833496,0.0,16.139999389648438,0.0,16.149999618530273,14.930999755859375,15.3100004196167,0.0,43400
2023-02-02,17.027435302734375,0.0,17.520000457763672,0.0,17.93000030517578,16.540000915527344,16.719999313354492,0.0,71200
2023-02-03,15.890328407287598,0.0,16.350000381469727,0.0,17.59000015258789,16.290000915527344,16.84000015258789,0.0,46100
2023-02-06,15.85145378112793,0.0,16.309999465942383,0.0,16.475000381469727,15.789999961853027,16.040000915527344,0.0,25800
2023-02-07,15.66679573059082,0.0,16.1200008392334,0.0,16.242000579833984,15.600000381469727,16.170000076293945,0.0,69700
2023-02-08,15.569607734680176,0.0,16.020000457763672,0.0,16.344999313354492,15.890000343322754,16.1299991607666,0.0,27600
2023-02-09,14.189529418945312,0.0,14.600000381469727,0.0,15.819999694824219,14.569999694824219,15.75,0.0,45000
2023-02-10,13.975715637207031,0.0,14.380000114440918,0.0,14.729999542236328,14.15999984741211,14.390000343322754,0.0,27200
2023-02-13,13.723023414611816,0.0,14.119999885559082,0.0,14.380000114440918,13.920000076293945,14.380000114440918,0.0,17800
2023-02-14,14.325592041015625,0.0,14.739999771118164,0.0,14.899999618530273,14.039999961853027,14.039999961853027,0.0,27700
2023-02-15,15.482135772705078,0.0,15.930000305175781,0.0,16.149999618530273,14.850000381469727,14.850000381469727,0.0,93000
2023-02-16,14.970925331115723,0.0,15.404000282287598,0.0,16.399999618530273,15.390000343322754,15.930000305175781,0.0,74600
2023-02-17,14.899006843566895,0.0,15.329999923706055,0.0,15.5600004196167,14.968000411987305,15.100000381469727,0.0,68900
2023-02-21,14.22840404510498,0.0,14.640000343322754,0.0,15.335000038146973,14.630000114440918,14.739999771118164,0.0,51400
2023-02-22,14.184670448303223,0.0,14.595000267028809,0.0,15.09000015258789,14.350000381469727,14.8100004196167,0.0,52500
2023-02-23,14.247841835021973,0.0,14.65999984741211,0.0,14.90999984741211,14.350000381469727,14.75,0.0,50300
2023-02-24,13.689007759094238,0.0,14.085000038146973,0.0,14.539999961853027,13.899999618530273,14.539999961853027,0.0,18400
2023-02-27,13.752182006835938,0.0,14.149999618530273,0.0,14.550000190734863,14.09000015258789,14.25,0.0,35200
2023-02-28,14.204107284545898,0.0,14.614999771118164,0.0,14.930000305175781,14.404999732971191,14.404999732971191,0.0,63800
2023-03-01,14.031111717224121,0.0,14.437000274658203,0.0,14.710000038146973,14.300000190734863,14.710000038146973,0.0,13900
2023-03-02,13.948501586914062,0.0,14.35200023651123,0.0,14.388999938964844,13.8100004196167,14.1899995803833,0.0,50700
2023-03-03,14.150653839111328,0.0,14.5600004196167,0.0,14.680000305175781,14.010000228881836,14.039999961853027,0.0,18200
2023-03-06,14.057353019714355,0.0,14.46399974822998,0.0,15.050000190734863,14.46399974822998,14.720000267028809,0.0,9500
2023-03-07,13.65499210357666,0.0,14.050000190734863,0.0,14.479999542236328,14.050000190734863,14.350000381469727,0.0,9200
2023-03-08,13.747322082519531,0.0,14.145000457763672,0.0,14.229999542236328,13.899999618530273,14.119999885559082,0.0,10800
2023-03-09,12.790014266967773,0.0,13.15999984741211,0.0,14.229999542236328,13.15999984741211,14.130000114440918,0.0,68000
2023-03-10,12.265195846557617,0.0,12.619999885559082,0.0,13.170000076293945,12.5,13.039999961853027,0.0,31500
2023-03-13,13.123370170593262,0.0,13.503000259399414,0.0,13.729999542236328,12.34000015258789,12.619999885559082,0.0,39300
2023-03-14,13.79688835144043,0.0,14.196000099182129,0.0,14.9399995803833,13.960000038146973,14.260000228881836,0.0,66000
2023-03-15,13.732742309570312,0.0,14.130000114440918,0.0,14.229999542236328,13.789999961853027,14.050000190734863,0.0,20100
2023-03-16,14.043745994567871,0.0,14.449999809265137,0.0,14.640000343322754,13.9399995803833,14.15999984741211,0.0,13900
2023-03-17,14.792098999023438,0.0,15.220000267028809,0.0,15.300000190734863,14.623000144958496,15.079999923706055,0.0,23200
2023-03-20,14.733784675598145,0.0,15.15999984741211,0.0,15.6899995803833,15.029999732971191,15.6899995803833,0.0,39000
2023-03-21,15.822296142578125,0.0,16.280000686645508,0.0,16.469999313354492,15.350000381469727,15.40999984741211,0.0,41000
2023-03-22,14.87956714630127,0.0,15.3100004196167,0.0,16.510000228881836,15.140000343322754,16.510000228881836,0.0,31800
2023-03-23,14.607439994812012,0.0,15.029999732971191,0.0,15.609999656677246,14.503999710083008,15.069999694824219,0.0,25400
2023-03-24,14.22840404510498,0.0,14.640000343322754,0.0,14.880000114440918,14.484999656677246,14.84000015258789,0.0,15700
2023-03-27,13.849369049072266,0.0,14.25,0.0,14.770000457763672,14.100000381469727,14.649999618530273,0.0,19900
2023-03-28,13.810495376586914,0.0,14.210000038146973,0.0,14.369999885559082,14.0,14.130000114440918,0.0,65700
2023-03-29,14.636597633361816,0.0,15.0600004196167,0.0,15.229999542236328,14.630000114440918,14.630000114440918,0.0,20600
2023-03-30,14.714346885681152,0.0,15.140000343322754,0.0,15.510000228881836,15.050000190734863,15.25,0.0,32200
2023-03-31,15.319831848144531,0.0,15.762999534606934,0.0,15.869999885559082,15.25,15.25,0.0,33800
2023-04-03,15.09824275970459,0.0,15.53499984741211,0.0,15.770000457763672,15.239999771118164,15.770000457763672,0.0,56200
2023-04-04,14.87956714630127,0.0,15.3100004196167,0.0,15.760000228881836,15.180000305175781,15.760000228881836,0.0,24500
2023-04-05,14.364469528198242,0.0,14.779999732971191,0.0,15.430000305175781,14.649999618530273,15.430000305175781,0.0,43500
2023-04-06,14.4713773727417,0.0,14.890000343322754,0.0,15.0600004196167,14.470000267028809,14.739999771118164,0.0,11500
2023-04-10,15.316915512084961,0.0,15.760000228881836,0.0,15.850000381469727,14.630000114440918,14.850000381469727,0.0,29500
2023-04-11,16.24992561340332,0.0,16.719999313354492,0.0,16.90999984741211,16.040000915527344,16.040000915527344,0.0,52700
2023-04-12,15.91948413848877,0.0,16.3799991607666,0.0,17.0,16.334999084472656,16.90999984741211,0.0,81200
2023-04-13,17.182937622070312,0.0,17.68000030517578,0.0,17.799999237060547,16.860000610351562,16.860000610351562,0.0,45000
2023-04-14,17.25096893310547,0.0,17.75,0.0,18.0,17.0,17.979999542236328,0.0,40100
2023-04-17,16.823339462280273,0.0,17.309999465942383,0.0,17.5,16.809999465942383,17.149999618530273,0.0,25400
2023-04-18,17.165443420410156,0.0,17.66200065612793,0.0,18.274999618530273,17.5,17.719999313354492,0.0,28800
2023-04-19,16.288801193237305,0.0,16.760000228881836,0.0,17.170000076293945,16.65999984741211,17.100000381469727,0.0,26100
2023-04-20,15.521013259887695,0.0,15.970000267028809,0.0,16.65999984741211,15.829999923706055,16.559999465942383,0.0,22000
2023-04-21,15.263463020324707,0.0,15.704999923706055,0.0,16.059999465942383,15.609999656677246,15.984999656677246,0.0,11700
2023-04-24,15.01660442352295,0.0,15.451000213623047,0.0,15.949999809265137,15.25,15.699999809265137,0.0,27600
2023-04-25,14.880538940429688,0.0,15.310999870300293,0.0,15.619999885559082,15.050000190734863,15.25,0.0,15800
2023-04-26,15.048676490783691,0.0,15.484000205993652,0.0,16.40999984741211,15.460000038146973,16.09000015258789,0.0,30200
2023-04-27,15.627920150756836,0.0,16.079999923706055,0.0,16.079999923706055,15.420000076293945,15.819999694824219,0.0,10900
2023-04-28,15.598763465881348,0.0,16.049999237060547,0.0,16.149999618530273,15.621999740600586,15.979999542236328,0.0,8900
2023-05-01,14.698796272277832,0.0,15.12399959564209,0.0,15.930000305175781,15.029999732971191,15.930000305175781,0.0,47700
2023-05-02,15.086580276489258,0.0,15.52299976348877,0.0,15.52299976348877,14.850000381469727,15.050000190734863,0.0,10400
2023-05-03,14.815423965454102,0.0,15.244000434875488,0.0,15.779999732971191,15.1850004196167,15.300000190734863,0.0,10500
2023-05-04,15.083664894104004,0.0,15.520000457763672,0.0,15.800000190734863,15.239999771118164,15.239999771118164,0.0,12600
2023-05-05,15.903936386108398,0.0,16.36400032043457,0.0,16.459999084472656,15.880000114440918,15.880000114440918,0.0,15500
2023-05-08,15.462699890136719,0.0,15.90999984741211,0.0,16.18000030517578,15.739999771118164,16.18000030517578,0.0,14400
2023-05-09,15.701783180236816,0.0,16.1560001373291,0.0,16.229999542236328,15.880000114440918,16.049999237060547,0.0,10500
2023-05-10,16.109973907470703,0.0,16.576000213623047,0.0,16.90999984741211,16.18000030517578,16.530000686645508,0.0,11600
2023-05-11,15.297478675842285,0.0,15.739999771118164,0.0,16.469999313354492,15.619999885559082,16.469999313354492,0.0,18800
2023-05-12,14.976757049560547,0.0,15.40999984741211,0.0,15.680000305175781,15.319999694824219,15.611000061035156,0.0,12300
2023-05-15,15.742602348327637,0.0,16.197999954223633,0.0,16.219999313354492,15.65999984741211,15.739999771118164,0.0,13200
2023-05-16,15.603622436523438,0.0,16.05500030517578,0.0,16.200000762939453,15.850000381469727,16.170000076293945,0.0,10000
2023-05-17,16.29852294921875,0.0,16.770000457763672,0.0,16.889999389648438,16.040000915527344,16.065000534057617,0.0,24200
2023-05-18,16.14593505859375,0.0,16.613000869750977,0.0,17.0,16.31999969482422,16.760000228881836,0.0,22300
2023-05-19,16.094425201416016,0.0,16.559999465942383,0.0,16.700000762939453,16.3700008392334,16.700000762939453,0.0,10200
2023-05-22,16.50650405883789,0.0,16.983999252319336,0.0,17.190000534057617,16.319000244140625,16.399999618530273,0.0,18300
2023-05-23,16.21688461303711,0.0,16.68600082397461,0.0,17.489999771118164,16.649999618530273,17.059999465942383,0.0,14400
2023-05-24,16.259645462036133,0.0,16.729999542236328,0.0,16.729999542236328,16.135000228881836,16.43000030517578,0.0,6100
2023-05-25,15.7902250289917,0.0,16.246999740600586,0.0,16.889999389648438,16.0,16.889999389648438,0.0,17800
2023-05-26,15.598763465881348,0.0,16.049999237060547,0.0,16.5,16.030000686645508,16.270000457763672,0.0,10300
2023-05-30,16.310184478759766,0.0,16.781999588012695,0.0,17.149999618530273,16.420000076293945,16.59000015258789,0.0,14800
2023-05-31,16.23048973083496,0.0,16.700000762939453,0.0,16.8700008392334,16.260000228881836,16.43000030517578,0.0,16800
2023-06-01,16.662981033325195,0.0,17.145000457763672,0.0,17.34000015258789,16.565000534057617,16.618000030517578,0.0,15200
2023-06-02,16.580368041992188,0.0,17.059999465942383,0.0,17.399999618530273,16.889999389648438,17.399999618530273,0.0,15300
2023-06-05,15.929203987121582,0.0,16.389999389648438,0.0,17.040000915527344,16.25,16.90999984741211,0.0,31100
2023-06-06,16.23048973083496,0.0,16.700000762939453,0.0,16.709999084472656,15.550000190734863,15.850000381469727,0.0,29600
2023-06-07,15.783421516418457,0.0,16.239999771118164,0.0,17.0,16.239999771118164,16.719999313354492,0.0,14700
2023-06-08,15.861172676086426,0.0,16.31999969482422,0.0,16.5,16.190000534057617,16.190000534057617,0.0,17700
2023-06-09,15.550169944763184,0.0,16.0,0.0,16.56999969482422,16.0,16.5,0.0,14100
2023-06-12,15.608481407165527,0.0,16.059999465942383,0.0,16.200000762939453,15.960000038146973,16.0,0.0,13600
2023-06-13,15.880609512329102,0.0,16.34000015258789,0.0,16.62299919128418,16.25,16.399999618530273,0.0,11400
2023-06-14,15.901989936828613,0.0,16.36199951171875,0.0,16.56999969482422,16.18400001525879,16.459999084472656,0.0,10500
2023-06-15,15.91948413848877,0.0,16.3799991607666,0.0,16.389999389648438,15.899999618530273,16.06999969482422,0.0,22400
2023-06-16,16.23048973083496,0.0,16.700000762939453,0.0,16.899999618530273,16.190000534057617,16.530000686645508,0.0,9700
2023-06-20,17.13628578186035,0.0,17.631999969482422,0.0,17.700000762939453,16.549999237060547,16.850000381469727,0.0,55300
2023-06-21,17.497825622558594,0.0,18.003999710083008,0.0,18.5,17.75,17.75,0.0,34900
2023-06-22,17.359819412231445,0.0,17.86199951171875,0.0,18.21500015258789,17.299999237060547,18.030000686645508,0.0,30400
2023-06-23,17.732051849365234,0.0,18.2450008392334,0.0,18.760000228881836,17.690000534057617,17.690000534057617,0.0,39600
2023-06-26,17.08574676513672,0.0,17.579999923706055,0.0,18.719999313354492,17.559999465942383,18.290000915527344,0.0,36300
2023-06-27,18.242292404174805,0.0,18.770000457763672,0.0,18.8700008392334,17.950000762939453,18.06999969482422,0.0,23800
2023-06-28,18.17426109313965,0.0,18.700000762939453,0.0,19.040000915527344,18.229999542236328,18.459999084472656,0.0,16900
2023-06-29,18.56301498413086,0.0,19.100000381469727,0.0,19.549999237060547,18.84000015258789,19.200000762939453,0.0,45500
2023-06-30,18.835142135620117,0.0,19.3799991607666,0.0,19.760000228881836,18.75,19.610000610351562,0.0,39600
2023-07-03,20.195781707763672,0.0,20.780000686645508,0.0,20.829999923706055,19.40999984741211,19.40999984741211,0.0,45700
2023-07-05,20.31726837158203,0.0,20.905000686645508,0.0,21.25,20.209999084472656,20.219999313354492,0.0,53500
2023-07-06,20.02084732055664,0.0,20.600000381469727,0.0,21.0,19.770000457763672,21.0,0.0,35500
2023-07-07,21.11907196044922,0.0,21.729999542236328,0.0,22.200000762939453,20.6299991607666,20.6299991607666,0.0,66400
2023-07-10,22.188146591186523,0.0,22.829999923706055,0.0,22.850000381469727,21.03499984741211,21.75,0.0,87700
2023-07-11,22.440837860107422,0.0,23.09000015258789,0.0,23.5,22.530000686645508,22.829999923706055,0.0,86600
2023-07-12,22.547744750976562,0.0,23.200000762939453,0.0,24.700000762939453,22.920000076293945,23.8799991607666,0.0,90800
2023-07-13,25.502275466918945,0.0,26.239999771118164,0.0,26.469999313354492,23.34000015258789,23.34000015258789,0.0,91500
2023-07-14,24.248546600341797,0.0,24.950000762939453,0.0,26.850000381469727,24.530000686645508,26.239999771118164,0.0,145600
2023-07-17,23.908384323120117,0.0,24.600000381469727,0.0,25.760000228881836,24.239999771118164,24.90999984741211,0.0,86200
2023-07-18,23.44188117980957,0.0,24.1200008392334,0.0,24.780000686645508,23.799999237060547,24.209999084472656,0.0,65700
2023-07-19,24.520671844482422,0.0,25.229999542236328,0.0,25.239999771118164,24.40999984741211,24.540000915527344,0.0,40200
2023-07-20,23.208629608154297,0.0,23.8799991607666,0.0,25.459999084472656,23.770000457763672,25.219999313354492,0.0,50200
2023-07-21,23.1600341796875,0.0,23.829999923706055,0.0,24.2450008392334,23.149999618530273,24.200000762939453,0.0,40700
2023-07-24,22.654653549194336,0.0,23.309999465942383,0.0,23.766000747680664,22.93000030517578,23.350000381469727,0.0,46400
2023-07-25,22.800432205200195,0.0,23.459999084472656,0.0,24.329999923706055,23.459999084472656,23.459999084472656,0.0,24900
2023-07-26,23.271799087524414,0.0,23.94499969482422,0.0,24.059999465942383,23.440000534057617,23.510000228881836,0.0,20900
2023-07-27,22.013208389282227,0.0,22.649999618530273,0.0,24.43000030517578,22.600000381469727,24.43000030517578,0.0,44400
2023-07-28,22.751840591430664,0.0,23.40999984741211,0.0,23.700000762939453,23.010000228881836,23.260000228881836,0.0,20200
2023-07-31,23.053125381469727,0.0,23.719999313354492,0.0,24.239999771118164,23.538000106811523,23.649999618530273,0.0,50900
2023-08-01,22.576900482177734,0.0,23.229999542236328,0.0,23.469999313354492,22.350000381469727,23.469999313354492,0.0,47200
2023-08-02,21.87714385986328,0.0,22.510000228881836,0.0,23.375,22.200000762939453,22.850000381469727,0.0,70900
2023-08-03,21.60501480102539,0.0,22.229999542236328,0.0,22.729999542236328,22.059999465942383,22.219999313354492,0.0,24500
2023-08-04,20.817787170410156,0.0,21.420000076293945,0.0,22.389999389648438,21.40999984741211,22.3700008392334,0.0,48100
2023-08-07,20.322126388549805,0.0,20.90999984741211,0.0,21.600000381469727,20.209999084472656,21.600000381469727,0.0,114900
2023-08-08,20.953847885131836,0.0,21.559999465942383,0.0,21.820999145507812,20.84000015258789,21.31999969482422,0.0,45000
2023-08-09,20.42903709411621,0.0,21.020000457763672,0.0,21.989999771118164,20.899999618530273,21.899999618530273,0.0,34700
2023-08-10,19.99168586730957,0.0,20.56999969482422,0.0,21.663000106811523,20.56999969482422,21.200000762939453,0.0,22100
2023-08-11,20.244375228881836,0.0,20.829999923706055,0.0,21.1299991607666,20.200000762939453,20.479999542236328,0.0,24200
2023-08-14,19.855621337890625,0.0,20.43000030517578,0.0,20.700000762939453,19.850000381469727,20.700000762939453,0.0,50700
2023-08-15,19.04895782470703,0.0,19.600000381469727,0.0,20.518999099731445,19.59000015258789,20.3799991607666,0.0,29100
2023-08-16,18.951770782470703,0.0,19.5,0.0,19.950000762939453,19.3799991607666,19.610000610351562,0.0,45000
2023-08-17,17.74662971496582,0.0,18.260000228881836,0.0,19.25,18.260000228881836,19.15999984741211,0.0,162500
2023-08-18,17.309284210205078,0.0,17.809999465942383,0.0,18.030000686645508,17.500999450683594,17.510000228881836,0.0,52700
2023-08-21,17.144060134887695,0.0,17.639999389648438,0.0,18.049999237060547,17.32200050354004,17.809999465942383,0.0,47000
2023-08-22,16.920528411865234,0.0,17.40999984741211,0.0,18.06999969482422,17.360000610351562,17.8700008392334,0.0,63900
2023-08-23,17.73691177368164,0.0,18.25,0.0,18.5,17.5,17.610000610351562,0.0,170700
2023-08-24,16.765026092529297,0.0,17.25,0.0,18.43000030517578,17.25,18.43000030517578,0.0,47700
2023-08-25,16.920528411865234,0.0,17.40999984741211,0.0,17.540000915527344,16.8799991607666,17.440000534057617,0.0,12100
2023-08-28,16.89137077331543,0.0,17.3799991607666,0.0,17.709999084472656,17.329999923706055,17.489999771118164,0.0,27300
2023-08-29,19.116989135742188,0.0,19.670000076293945,0.0,19.8700008392334,17.31999969482422,17.3799991607666,0.0,136300
2023-08-30,19.010082244873047,0.0,19.559999465942383,0.0,19.645000457763672,19.15999984741211,19.549999237060547,0.0,87100
2023-08-31,18.213134765625,0.0,18.739999771118164,0.0,19.809999465942383,18.739999771118164,19.65999984741211,0.0,55900
2023-09-01,17.766067504882812,0.0,18.280000686645508,0.0,18.940000534057617,18.100000381469727,18.8799991607666,0.0,57700
2023-09-05,17.54253387451172,0.0,18.049999237060547,0.0,18.280000686645508,17.969999313354492,18.270000457763672,0.0,59800
2023-09-06,17.766067504882812,0.0,18.280000686645508,0.0,18.469999313354492,18.0,18.040000915527344,0.0,99500
2023-09-07,17.785505294799805,0.0,18.299999237060547,0.0,18.350000381469727,17.5,18.0,0.0,36400
2023-09-08,17.46478271484375,0.0,17.969999313354492,0.0,18.229999542236328,17.6560001373291,18.229999542236328,0.0,22500
2023-09-11,16.726150512695312,0.0,17.209999084472656,0.0,17.950000762939453,17.190000534057617,17.84000015258789,0.0,145700
2023-09-12,17.037155151367188,0.0,17.530000686645508,0.0,18.299999237060547,17.40999984741211,17.709999084472656,0.0,181900
2023-09-13,16.803897857666016,0.0,17.290000915527344,0.0,17.760000228881836,17.139999389648438,17.6200008392334,0.0,14200
2023-09-14,17.309284210205078,0.0,17.809999465942383,0.0,18.020000457763672,17.399999618530273,17.6299991607666,0.0,24700
2023-09-15,16.88165283203125,0.0,17.3700008392334,0.0,17.670000076293945,17.280000686645508,17.670000076293945,0.0,33500
2023-09-18,16.94968605041504,0.0,17.440000534057617,0.0,18.014999389648438,17.389999389648438,17.8799991607666,0.0,20300
2023-09-19,16.473459243774414,0.0,16.950000762939453,0.0,17.489999771118164,16.8799991607666,17.489999771118164,0.0,71100
2023-09-20,16.24992561340332,0.0,16.719999313354492,0.0,17.3700008392334,16.700000762939453,17.079999923706055,0.0,57200
2023-09-21,15.66679573059082,0.0,16.1200008392334,0.0,16.450000762939453,15.979999542236328,16.049999237060547,0.0,299100
2023-09-22,15.32663631439209,0.0,15.770000457763672,0.0,16.329999923706055,15.770000457763672,16.260000228881836,0.0,14700
2023-09-25,15.34607219696045,0.0,15.789999961853027,0.0,15.95199966430664,15.510000228881836,15.649999618530273,0.0,50800
2023-09-26,15.093382835388184,0.0,15.529999732971191,0.0,15.984999656677246,15.399999618530273,15.6899995803833,0.0,20400
2023-09-27,15.278040885925293,0.0,15.720000267028809,0.0,16.100000381469727,15.40999984741211,15.819999694824219,0.0,89700
2023-09-28,15.802860260009766,0.0,16.260000228881836,0.0,16.5,15.630000114440918,15.710000038146973,0.0,42600
2023-09-29,15.569607734680176,0.0,16.020000457763672,0.0,16.600000381469727,16.020000457763672,16.43000030517578,0.0,24400
2023-10-02,15.744547843933105,0.0,16.200000762939453,0.0,17.190000534057617,16.030000686645508,16.68000030517578,0.0,47200
2023-10-03,14.597721099853516,0.0,15.020000457763672,0.0,15.984999656677246,15.020000457763672,15.949999809265137,0.0,30700
2023-10-04,15.025350570678711,0.0,15.460000038146973,0.0,15.460000038146973,14.989999771118164,15.300000190734863,0.0,22500
2023-10-05,14.937881469726562,0.0,15.369999885559082,0.0,15.5600004196167,15.093000411987305,15.5,0.0,8600
2023-10-06,15.608481407165527,0.0,16.059999465942383,0.0,16.09000015258789,15.0,15.069999694824219,0.0,12600
2023-10-09,15.404386520385742,0.0,15.850000381469727,0.0,15.930000305175781,15.5,15.550000190734863,0.0,143600
2023-10-10,15.744547843933105,0.0,16.200000762939453,0.0,16.56999969482422,15.869999885559082,15.920000076293945,0.0,11800
2023-10-11,15.16141414642334,0.0,15.600000381469727,0.0,16.139999389648438,15.430000305175781,16.139999389648438,0.0,23800
2023-10-12,14.889286041259766,0.0,15.319999694824219,0.0,15.630000114440918,15.1899995803833,15.630000114440918,0.0,23900
2023-10-13,14.617158889770508,0.0,15.039999961853027,0.0,15.289999961853027,14.949999809265137,15.289999961853027,0.0,14500
2023-10-16,15.32663631439209,0.0,15.770000457763672,0.0,16.25,15.390000343322754,15.619999885559082,0.0,145600
2023-10-17,15.66679573059082,0.0,16.1200008392334,0.0,16.290000915527344,15.510000228881836,15.520000457763672,0.0,30500
2023-10-18,14.860130310058594,0.0,15.289999961853027,0.0,15.975000381469727,15.210000038146973,15.960000038146973,0.0,12100
2023-10-19,14.714346885681152,0.0,15.140000343322754,0.0,15.649999618530273,15.140000343322754,15.289999961853027,0.0,24300
2023-10-20,14.694910049438477,0.0,15.119999885559082,0.0,15.765999794006348,15.119999885559082,15.489999771118164,0.0,18300
2023-10-23,15.452980995178223,0.0,15.899999618530273,0.0,16.25,15.1899995803833,15.489999771118164,0.0,27200
2023-10-24,16.405424118041992,0.0,16.8799991607666,0.0,17.594999313354492,16.5,16.969999313354492,0.0,59000
2023-10-25,15.822296142578125,0.0,16.280000686645508,0.0,17.450000762939453,16.15999984741211,16.81999969482422,0.0,44300
2023-10-26,15.200289726257324,0.0,15.640000343322754,0.0,16.06999969482422,15.470000267028809,16.059999465942383,0.0,20700
2023-10-27,14.860130310058594,0.0,15.289999961853027,0.0,16.030000686645508,15.220000267028809,15.670000076293945,0.0,21200
2023-10-30,15.0545072555542,0.0,15.489999771118164,0.0,15.979999542236328,15.234999656677246,15.680000305175781,0.0,22100
2023-10-31,15.287759780883789,0.0,15.729999542236328,0.0,15.729999542236328,15.100000381469727,15.4399995803833,0.0,11100
2023-11-01,15.297478675842285,0.0,15.739999771118164,0.0,15.9399995803833,15.430000305175781,15.619999885559082,0.0,14100
2023-11-02,16.61924171447754,0.0,17.100000381469727,0.0,17.149999618530273,16.260000228881836,16.31999969482422,0.0,35000
2023-11-03,16.745588302612305,0.0,17.229999542236328,0.0,17.450000762939453,16.850000381469727,16.979999542236328,0.0,31300
2023-11-06,16.44430160522461,0.0,16.920000076293945,0.0,17.5,16.559999465942383,17.479999542236328,0.0,26300
2023-11-07,16.385990142822266,0.0,16.860000610351562,0.0,17.06999969482422,16.3799991607666,16.90999984741211,0.0,13700
2023-11-08,15.880609512329102,0.0,16.34000015258789,0.0,16.8799991607666,16.280000686645508,16.8799991607666,0.0,9000
2023-11-09,16.143016815185547,0.0,16.610000610351562,0.0,17.8799991607666,16.5,17.459999084472656,0.0,23100
2023-11-10,16.191614151000977,0.0,16.65999984741211,0.0,16.790000915527344,16.100000381469727,16.790000915527344,0.0,25000
2023-11-13,15.705669403076172,0.0,16.15999984741211,0.0,16.450000762939453,15.960000038146973,16.450000762939453,0.0,19300
2023-11-14,15.948639869689941,0.0,16.40999984741211,0.0,16.719999313354492,16.15999984741211,16.610000610351562,0.0,27600
2023-11-15,17.09546661376953,0.0,17.59000015258789,0.0,17.600000381469727,16.510000228881836,16.760000228881836,0.0,33100
2023-11-16,16.522056579589844,0.0,17.0,0.0,17.170000076293945,16.600000381469727,17.170000076293945,0.0,58700
2023-11-17,16.580368041992188,0.0,17.059999465942383,0.0,17.25,16.761999130249023,17.010000228881836,0.0,19400
2023-11-20,17.455062866210938,0.0,17.959999084472656,0.0,18.0,17.37700080871582,17.3799991607666,0.0,31200
2023-11-21,17.280126571655273,0.0,17.780000686645508,0.0,17.799999237060547,17.329999923706055,17.670000076293945,0.0,33400
2023-11-22,17.66887855529785,0.0,18.18000030517578,0.0,18.229999542236328,17.424999237060547,17.809999465942383,0.0,47200
2023-11-24,18.36863899230957,0.0,18.899999618530273,0.0,19.0,18.149999618530273,18.18000030517578,0.0,50500
2023-11-27,18.514419555664062,0.0,19.049999237060547,0.0,19.260000228881836,18.40999984741211,18.81999969482422,0.0,38000
2023-11-28,19.583494186401367,0.0,20.149999618530273,0.0,20.190000534057617,19.18000030517578,19.299999237060547,0.0,51400
2023-11-29,19.729276657104492,0.0,20.299999237060547,0.0,20.520000457763672,20.009000778198242,20.309999465942383,0.0,48400
2023-11-30,19.24333381652832,0.0,19.799999237060547,0.0,20.299999237060547,19.649999618530273,20.299999237060547,0.0,38600
2023-12-01,20.992727279663086,0.0,21.600000381469727,0.0,21.600000381469727,19.950000762939453,19.950000762939453,0.0,59300
2023-12-04,22.168712615966797,0.0,22.809999465942383,0.0,23.389999389648438,22.100000381469727,23.0,0.0,89800
2023-12-05,22.372806549072266,0.0,23.020000457763672,0.0,23.799999237060547,22.670000076293945,22.670000076293945,0.0,98400
2023-12-06,22.052085876464844,0.0,22.690000534057617,0.0,23.440000534057617,22.5,23.440000534057617,0.0,61800
2023-12-07,22.06180191040039,0.0,22.700000762939453,0.0,22.959999084472656,22.0,22.5,0.0,57200
2023-12-08,23.461313247680664,0.0,24.139999389648438,0.0,24.18000030517578,22.729999542236328,22.729999542236328,0.0,75900
2023-12-11,21.400922775268555,0.0,22.020000457763672,0.0,23.5,21.760000228881836,23.5,0.0,141200
2023-12-12,21.74108123779297,0.0,22.3700008392334,0.0,22.5,21.950000762939453,22.329999923706055,0.0,71100
2023-12-13,23.325254440307617,0.0,24.0,0.0,24.0,21.860000610351562,22.350000381469727,0.0,104800
2023-12-14,24.02501106262207,0.0,24.719999313354492,0.0,25.0,24.100000381469727,24.299999237060547,0.0,97500
2023-12-15,24.006507873535156,0.0,24.649999618530273,0.051,24.719999313354492,24.100000381469727,24.3700008392334,0.0,57000
2023-12-18,24.912229537963867,0.0,25.579999923706055,0.0,25.700000762939453,24.25,24.6200008392334,0.0,94400
2023-12-19,25.759517669677734,0.0,26.450000762939453,0.0,26.959999084472656,25.549999237060547,26.25,0.0,136900
2023-12-20,25.808212280273438,0.0,26.5,0.0,28.149999618530273,26.399999618530273,27.5,0.0,164500
2023-12-21,27.385923385620117,0.0,28.1200008392334,0.0,29.06999969482422,26.680999755859375,29.06999969482422,0.0,86500
2023-12-22,28.74937629699707,0.0,29.520000457763672,0.0,30.15999984741211,27.6299991607666,28.309999465942383,0.0,126400
2023-12-26,28.905195236206055,0.0,29.68000030517578,0.0,29.760000228881836,28.559999465942383,29.34000015258789,0.0,148200
2023-12-27,31.74896812438965,0.0,32.599998474121094,0.0,32.75,30.825000762939453,30.860000610351562,0.0,165600
2023-12-28,30.609514236450195,0.0,31.43000030517578,0.0,32.599998474121094,30.510000228881836,32.599998474121094,0.0,184600
2023-12-29,27.015840530395508,0.0,27.739999771118164,0.0,32.0,27.5,31.479999542236328,0.0,257200
2024-01-02,25.99325180053711,0.0,26.690000534057617,0.0,30.360000610351562,26.680999755859375,29.649999618530273,0.0,186800
2024-01-03,25.56473731994629,0.0,26.25,0.0,26.809999465942383,24.270000457763672,24.270000457763672,0.0,126200
2024-01-04,26.519155502319336,0.0,27.229999542236328,0.0,27.790000915527344,26.09000015258789,26.770000457763672,0.0,72200
2024-01-05,25.321264266967773,0.0,26.0,0.0,26.959999084472656,25.579999923706055,26.959999084472656,0.0,88800
2024-01-08,26.772367477416992,0.0,27.489999771118164,0.0,27.790000915527344,25.100000381469727,26.65999984741211,0.0,140700
2024-01-09,26.071163177490234,0.0,26.770000457763672,0.0,27.815000534057617,26.600000381469727,27.329999923706055,0.0,210100
2024-01-10,26.032209396362305,0.0,26.729999542236328,0.0,27.729999542236328,25.579999923706055,26.270000457763672,0.0,125200
2024-01-11,24.35711097717285,0.0,25.010000228881836,0.0,29.0,24.25,28.459999084472656,0.0,302600
2024-01-12,22.28271484375,0.0,22.8799991607666,0.0,25.0,22.799999237060547,25.0,0.0,212100
2024-01-16,21.620464324951172,0.0,22.200000762939453,0.0,22.799999237060547,21.510000228881836,22.469999313354492,0.0,118400
2024-01-17,20.997169494628906,0.0,21.559999465942383,0.0,21.940000534057617,21.3799991607666,21.610000610351562,0.0,68400
2024-01-18,19.925886154174805,0.0,20.459999084472656,0.0,22.1299991607666,20.3799991607666,21.719999313354492,0.0,109600
2024-01-19,19.974580764770508,0.0,20.510000228881836,0.0,20.739999771118164,19.5,20.450000762939453,0.0,112700
2024-01-22,20.305707931518555,0.0,20.850000381469727,0.0,21.490999221801758,20.209999084472656,20.3799991607666,0.0,72500
2024-01-23,19.96484375,0.0,20.5,0.0,20.79400062561035,20.15999984741211,20.489999771118164,0.0,62900
2024-01-24,19.67267608642578,0.0,20.200000762939453,0.0,21.45199966430664,20.149999618530273,21.1299991607666,0.0,78300
2024-01-25,20.227794647216797,0.0,20.770000457763672,0.0,20.770000457763672,20.024999618530273,20.3700008392334,0.0,34900
2024-01-26,21.41594696044922,0.0,21.989999771118164,0.0,22.270000457763672,21.27199935913086,21.489999771118164,0.0,67200
2024-01-29,22.272974014282227,0.0,22.8700008392334,0.0,23.399999618530273,21.7810001373291,22.209999084472656,0.0,100500
2024-01-30,21.8347225189209,0.0,22.420000076293945,0.0,23.0,22.200000762939453,22.90999984741211,0.0,56800
2024-01-31,20.977697372436523,0.0,21.540000915527344,0.0,22.770000457763672,21.540000915527344,21.8799991607666,0.0,50600
2024-02-01,21.3477725982666,0.0,21.920000076293945,0.0,22.15999984741211,21.011999130249023,21.719999313354492,0.0,53200
2024-02-02,21.13351821899414,0.0,21.700000762939453,0.0,22.149999618530273,21.496000289916992,21.729999542236328,0.0,51500
2024-02-05,19.96484375,0.0,20.5,0.0,21.770000457763672,20.5,21.770000457763672,0.0,47300
2024-02-06,20.666046142578125,0.0,21.219999313354492,0.0,21.229999542236328,20.40399932861328,20.65999984741211,0.0,21700
2024-02-07,21.114038467407227,0.0,21.68000030517578,0.0,21.68000030517578,20.59000015258789,21.260000228881836,0.0,38900
2024-02-08,23.178695678710938,0.0,23.799999237060547,0.0,23.81999969482422,22.0,22.360000610351562,0.0,89400
2024-02-09,25.311525344848633,0.0,25.989999771118164,0.0,26.100000381469727,24.75,25.790000915527344,0.0,148000
2024-02-12,27.25931739807129,0.0,27.989999771118164,0.0,28.277999877929688,26.0,26.020000457763672,0.0,149700
2024-02-13,25.905601501464844,0.0,26.600000381469727,0.0,27.170000076293945,25.25,25.940000534057617,0.0,102400
2024-02-14,28.95389175415039,0.0,29.729999542236328,0.0,29.889999389648438,28.75,29.079999923706055,0.0,139000
2024-02-15,28.505901336669922,0.0,29.270000457763672,0.0,31.1200008392334,28.735000610351562,30.690000534057617,0.0,140600
2024-02-16,28.798067092895508,0.0,29.56999969482422,0.0,30.746000289916992,28.854999542236328,29.809999465942383,0.0,113900
2024-02-20,27.629396438598633,0.0,28.3700008392334,0.0,30.59000015258789,26.93000030517578,30.59000015258789,0.0,92200
2024-02-21,25.934816360473633,0.0,26.6299991607666,0.0,27.549999237060547,26.589000701904297,27.020000457763672,0.0,59700
2024-02-22,27.103492736816406,0.0,27.829999923706055,0.0,28.219999313354492,26.799999237060547,27.190000534057617,0.0,87700
2024-02-23,26.285419464111328,0.0,26.989999771118164,0.0,27.56999969482422,26.260000228881836,27.56999969482422,0.0,86600
2024-02-26,29.937528610229492,0.0,30.739999771118164,0.0,30.920000076293945,27.309999465942383,27.309999465942383,0.0,132000
2024-02-27,30.06413459777832,0.0,30.8700008392334,0.0,32.87099838256836,30.18000030517578,32.52000045776367,0.0,113600
2024-02-28,29.26553726196289,0.0,30.049999237060547,0.0,32.16999816894531,29.75,32.16999816894531,0.0,114000
2024-02-29,27.045061111450195,0.0,27.770000457763672,0.0,30.5,27.280000686645508,30.5,0.0,199300
2024-03-01,27.824174880981445,0.0,28.56999969482422,0.0,28.822999954223633,27.104999542236328,28.43000030517578,0.0,291800
2024-03-04,27.639135360717773,0.0,28.3799991607666,0.0,29.940000534057617,27.75,29.739999771118164,0.0,151200
2024-03-05,25.905601501464844,0.0,26.600000381469727,0.0,28.8700008392334,26.219999313354492,27.729999542236328,0.0,113200
2024-03-06,26.97688865661621,0.0,27.700000762939453,0.0,28.149999618530273,26.450000762939453,27.489999771118164,0.0,66600
2024-03-07,27.084012985229492,0.0,27.809999465942383,0.0,27.809999465942383,26.909000396728516,27.770000457763672,0.0,88900
2024-03-08,28.379295349121094,0.0,29.139999389648438,0.0,30.25,27.950000762939453,27.950000762939453,0.0,87300
2024-03-11,26.58732795715332,0.0,27.299999237060547,0.0,30.229999542236328,27.299999237060547,30.139999389648438,0.0,115800
2024-03-12,26.431503295898438,0.0,27.139999389648438,0.0,27.510000228881836,26.2450008392334,27.469999313354492,0.0,462000
2024-03-13,26.528892517089844,0.0,27.239999771118164,0.0,28.15999984741211,26.90999984741211,27.020000457763672,0.0,269400
2024-03-14,25.048574447631836,0.0,25.719999313354492,0.0,26.799999237060547,25.125,26.799999237060547,0.0,80900
2024-03-15,25.954296112060547,0.0,26.649999618530273,0.0,26.90999984741211,25.0,25.0,0.0,68100
2024-03-18,25.934816360473633,0.0,26.6299991607666,0.0,27.139999389648438,25.8799991607666,26.649999618530273,0.0,106400
2024-03-19,25.506303787231445,0.0,26.190000534057617,0.0,26.25,24.899999618530273,25.299999237060547,0.0,63000
2024-03-20,28.3403377532959,0.0,29.100000381469727,0.0,29.100000381469727,26.020000457763672,26.18000030517578,0.0,237700
2024-03-21,28.4766845703125,0.0,29.239999771118164,0.0,29.8700008392334,28.739999771118164,29.260000228881836,0.0,90300
2024-03-22,27.278793334960938,0.0,28.010000228881836,0.0,28.850000381469727,27.844999313354492,28.59000015258789,0.0,99000
2024-03-25,28.778589248657227,0.0,29.549999237060547,0.0,29.8700008392334,28.579999923706055,28.579999923706055,0.0,95900
2024-03-26,28.554595947265625,0.0,29.31999969482422,0.0,29.989999771118164,28.780000686645508,29.65999984741211,0.0,73200
2024-03-27,28.369552612304688,0.0,29.1299991607666,0.0,29.989999771118164,28.510000228881836,29.93000030517578,0.0,82900
2024-03-28,28.671464920043945,0.0,29.440000534057617,0.0,30.92300033569336,29.440000534057617,29.989999771118164,0.0,78200
2024-04-01,27.853389739990234,0.0,28.600000381469727,0.0,29.8799991607666,28.219999313354492,29.440000534057617,0.0,154500
2024-04-02,26.45098114013672,0.0,27.15999984741211,0.0,27.72800064086914,26.809999465942383,27.43000030517578,0.0,46100
2024-04-03,26.791845321655273,0.0,27.510000228881836,0.0,27.889999389648438,27.06999969482422,27.219999313354492,0.0,71800
2024-04-04,26.528892517089844,0.0,27.239999771118164,0.0,28.329999923706055,26.959999084472656,27.93000030517578,0.0,29900
2024-04-05,25.905601501464844,0.0,26.600000381469727,0.0,27.299999237060547,26.420000076293945,26.700000762939453,0.0,31200
2024-04-08,26.343852996826172,0.0,27.049999237060547,0.0,27.950000762939453,26.510000228881836,27.950000762939453,0.0,42500
2024-04-09,25.603694915771484,0.0,26.290000915527344,0.0,26.809999465942383,26.0,26.809999465942383,0.0,59800
2024-04-10,25.408916473388672,0.0,26.09000015258789,0.0,26.326000213623047,25.51099967956543,26.0,0.0,58500
2024-04-11,25.70108413696289,0.0,26.389999389648438,0.0,26.389999389648438,25.399999618530273,26.170000076293945,0.0,73200
2024-04-12,24.133113861083984,0.0,24.780000686645508,0.0,26.1560001373291,24.68000030517578,25.899999618530273,0.0,98600
2024-04-15,23.07156753540039,0.0,23.690000534057617,0.0,25.170000076293945,23.600000381469727,25.010000228881836,0.0,53900
2024-04-16,22.857309341430664,0.0,23.469999313354492,0.0,23.5,22.709999084472656,23.5,0.0,48900
2024-04-17,22.61383628845215,0.0,23.219999313354492,0.0,23.959999084472656,22.889999389648438,23.389999389648438,0.0,93000
2024-04-18,23.470867156982422,0.0,24.100000381469727,0.0,24.579999923706055,23.219999313354492,23.219999313354492,0.0,46300
2024-04-19,23.811731338500977,0.0,24.450000762939453,0.0,24.639999389648438,23.889999389648438,24.389999389648438,0.0,37800
2024-04-22,25.70108413696289,0.0,26.389999389648438,0.0,26.389999389648438,24.68000030517578,25.010000228881836,0.0,48300
2024-04-23,26.6944580078125,0.0,27.40999984741211,0.0,27.5,25.933000564575195,26.079999923706055,0.0,49300
2024-04-24,26.071163177490234,0.0,26.770000457763672,0.0,27.799999237060547,26.489999771118164,27.190000534057617,0.0,30400
2024-04-25,25.545259475708008,0.0,26.229999542236328,0.0,26.31999969482422,25.059999465942383,25.6299991607666,0.0,73900
2024-04-26,25.788734436035156,0.0,26.479999542236328,0.0,26.780000686645508,26.110000610351562,26.229999542236328,0.0,21100
2024-04-29,24.727190017700195,0.0,25.389999389648438,0.0,26.479999542236328,25.35300064086914,26.479999542236328,0.0,36800
2024-04-30,23.266345977783203,0.0,23.889999389648438,0.0,25.0,23.8799991607666,24.799999237060547,0.0,38400
2024-05-01,23.178695678710938,0.0,23.799999237060547,0.0,24.815000534057617,23.3700008392334,23.65999984741211,0.0,23200
2024-05-02,24.327890396118164,0.0,24.979999542236328,0.0,24.979999542236328,23.975000381469727,24.450000762939453,0.0,81700
2024-05-03,24.36684799194336,0.0,25.020000457763672,0.0,25.81999969482422,24.729999542236328,25.540000915527344,0.0,43600
2024-05-06,25.486825942993164,0.0,26.170000076293945,0.0,26.559999465942383,25.5,25.5,0.0,28900
2024-05-07,24.50319480895996,0.0,25.15999984741211,0.0,26.170000076293945,25.1299991607666,26.170000076293945,0.0,18800
2024-05-08,24.35711097717285,0.0,25.010000228881836,0.0,25.280000686645508,24.360000610351562,24.729999542236328,0.0,47400
2024-05-09,24.50319480895996,0.0,25.15999984741211,0.0,25.65999984741211,24.916000366210938,25.010000228881836,0.0,15300
2024-05-10,23.519559860229492,0.0,24.149999618530273,0.0,25.59000015258789,24.149999618530273,25.59000015258789,0.0,38000
2024-05-13,23.626686096191406,0.0,24.260000228881836,0.0,24.979999542236328,24.100000381469727,24.610000610351562,0.0,33000
2024-05-14,23.577993392944336,0.0,24.209999084472656,0.0,24.415000915527344,23.760000228881836,23.889999389648438,0.0,32700
2024-05-15,24.95313262939453,0.0,25.621999740600586,0.0,25.621999740600586,24.31100082397461,24.729999542236328,0.0,41700
2024-05-16,24.52267074584961,0.0,25.18000030517578,0.0,25.770000457763672,25.0,25.5,0.0,19700
2024-05-17,24.327890396118164,0.0,24.979999542236328,0.0,25.78499984741211,24.80900001525879,25.459999084472656,0.0,18700
2024-05-20,25.954296112060547,0.0,26.649999618530273,0.0,26.729999542236328,24.549999237060547,24.979999542236328,0.0,150100
2024-05-21,25.642650604248047,0.0,26.329999923706055,0.0,26.8700008392334,26.270000457763672,26.760000228881836,0.0,27100
2024-05-22,26.13933563232422,0.0,26.84000015258789,0.0,27.770000457763672,26.440000534057617,26.440000534057617,0.0,28600
2024-05-23,24.746667861938477,0.0,25.40999984741211,0.0,26.979999542236328,25.350000381469727,26.979999542236328,0.0,37100
2024-05-24,25.847169876098633,0.0,26.540000915527344,0.0,26.8799991607666,25.55500030517578,25.709999084472656,0.0,27200
2024-05-28,26.129596710205078,0.0,26.829999923706055,0.0,27.34000015258789,26.15999984741211,26.6299991607666,0.0,37400
2024-05-29,25.652389526367188,0.0,26.34000015258789,0.0,26.6299991607666,26.073999404907227,26.360000610351562,0.0,16300
2024-05-30,25.37969970703125,0.0,26.059999465942383,0.0,26.774999618530273,26.059999465942383,26.34000015258789,0.0,21200
2024-05-31,24.970661163330078,0.0,25.639999389648438,0.0,26.540000915527344,25.28499984741211,26.530000686645508,0.0,25100
2024-06-03,25.28230857849121,0.0,25.959999084472656,0.0,26.920000076293945,25.649999618530273,26.25,0.0,29300
2024-06-04,26.626285552978516,0.0,27.34000015258789,0.0,27.579999923706055,26.1299991607666,26.1299991607666,0.0,49000
2024-06-05,27.152185440063477,0.0,27.8799991607666,0.0,27.889999389648438,26.767000198364258,27.700000762939453,0.0,48300
2024-06-06,27.863130569458008,0.0,28.610000610351562,0.0,29.0,27.8700008392334,27.8700008392334,0.0,70500
2024-06-07,27.30801010131836,0.0,28.040000915527344,0.0,29.790000915527344,27.739999771118164,29.790000915527344,0.0,49900
2024-06-10,27.59044075012207,0.0,28.329999923706055,0.0,28.5,27.350000381469727,27.530000686645508,0.0,96200
2024-06-11,27.75600242614746,0.0,28.5,0.0,28.5,26.514999389648438,27.360000610351562,0.0,33700
2024-06-12,28.9246768951416,0.0,29.700000762939453,0.0,30.3799991607666,29.354999542236328,29.479999542236328,0.0,158800
2024-06-13,29.24605941772461,0.0,30.030000686645508,0.0,30.920000076293945,29.20599937438965,30.440000534057617,0.0,34200
2024-06-14,28.905195236206055,0.0,29.68000030517578,0.0,30.6200008392334,29.209999084472656,30.1299991607666,0.0,36700
2024-06-17,29.918046951293945,0.0,30.719999313354492,0.0,31.1299991607666,29.0,30.030000686645508,0.0,55300
2024-06-18,29.411624908447266,0.0,30.200000762939453,0.0,30.6200008392334,29.700000762939453,30.260000228881836,0.0,57700
2024-06-20,30.171260833740234,0.0,30.979999542236328,0.0,31.489999771118164,30.149999618530273,30.610000610351562,0.0,73800
2024-06-21,28.64224624633789,0.0,29.40999984741211,0.0,30.280000686645508,28.75,30.270000457763672,0.0,52000
2024-06-24,27.88260841369629,0.0,28.6299991607666,0.0,29.100000381469727,28.0,29.0,0.0,132900
2024-06-25,29.11945343017578,0.0,29.899999618530273,0.0,30.170000076293945,28.90999984741211,29.239999771118164,0.0,126200
2024-06-26,28.457204818725586,0.0,29.219999313354492,0.0,30.489999771118164,29.219999313354492,29.479999542236328,0.0,43900
2024-06-27,28.992847442626953,0.0,29.770000457763672,0.0,30.290000915527344,29.18000030517578,30.0,0.0,11800
2024-06-28,28.73963737487793,0.0,29.510000228881836,0.0,29.700000762939453,29.100000381469727,29.700000762939453,0.0,16200
2024-07-01,30.054393768310547,0.0,30.860000610351562,0.0,31.149999618530273,29.82900047302246,30.649999618530273,0.0,34700
2024-07-02,30.19074058532715,0.0,31.0,0.0,31.239999771118164,30.434999465942383,30.899999618530273,0.0,42700
2024-07-03,30.171260833740234,0.0,30.979999542236328,0.0,31.040000915527344,30.21500015258789,30.510000228881836,0.0,33300
2024-07-05,29.976482391357422,0.0,30.780000686645508,0.0,30.875,28.8799991607666,30.0,0.0,90400
2024-07-08,30.054393768310547,0.0,30.860000610351562,0.0,31.850000381469727,30.52400016784668,31.200000762939453,0.0,58100
2024-07-09,29.2363224029541,0.0,30.020000457763672,0.0,31.25,29.666000366210938,31.0,0.0,22300
2024-07-10,29.022064208984375,0.0,29.799999237060547,0.0,30.190000534057617,29.350000381469727,30.139999389648438,0.0,81900
2024-07-11,28.447463989257812,0.0,29.209999084472656,0.0,30.770000457763672,29.139999389648438,29.799999237060547,0.0,75700
2024-07-12,29.976482391357422,0.0,30.780000686645508,0.0,30.979999542236328,29.239999771118164,29.450000762939453,0.0,78400
2024-07-15,32.62547302246094,0.0,33.5,0.0,33.599998474121094,31.719999313354492,31.989999771118164,0.0,69100
2024-07-16,34.32979202270508,0.0,35.25,0.0,35.459999084472656,33.5,33.68000030517578,0.0,56700
2024-07-17,33.62858200073242,0.0,34.529998779296875,0.0,35.9900016784668,33.50899887084961,34.689998626708984,0.0,48400
2024-07-18,31.164634704589844,0.0,32.0,0.0,34.77000045776367,31.68000030517578,34.77000045776367,0.0,47000
2024-07-19,32.81051254272461,0.0,33.689998626708984,0.0,33.90999984741211,31.729999542236328,32.0,0.0,35100
2024-07-22,33.30720138549805,0.0,34.20000076293945,0.0,34.619998931884766,32.689998626708984,34.04999923706055,0.0,44800
2024-07-23,32.196964263916016,0.0,33.060001373291016,0.0,34.18000030517578,32.810001373291016,34.029998779296875,0.0,32400
2024-07-24,30.51212501525879,0.0,31.329999923706055,0.0,33.439998626708984,31.309999465942383,32.7599983215332,0.0,73300
2024-07-25,29.226581573486328,0.0,30.010000228881836,0.0,31.110000610351562,29.770000457763672,31.030000686645508,0.0,71500
2024-07-26,30.27838897705078,0.0,31.09000015258789,0.0,31.959999084472656,30.8700008392334,31.020000457763672,0.0,70800
2024-07-29,29.625877380371094,0.0,30.420000076293945,0.0,32.29999923706055,30.224000930786133,31.8799991607666,0.0,62200
2024-07-30,28.788331985473633,0.0,29.559999465942383,0.0,30.559999465942383,29.229999542236328,30.270000457763672,0.0,33500
2024-07-31,29.24605941772461,0.0,30.030000686645508,0.0,30.899999618530273,29.739999771118164,30.110000610351562,0.0,59600
2024-08-01,27.72678565979004,0.0,28.469999313354492,0.0,30.101999282836914,28.06999969482422,29.760000228881836,0.0,48400
2024-08-02,25.82769012451172,0.0,26.520000457763672,0.0,27.915000915527344,26.5,27.899999618530273,0.0,75900
2024-08-05,24.80510139465332,0.0,25.469999313354492,0.0,25.690000534057617,22.5,23.09000015258789,0.0,85100
2024-08-06,25.165443420410156,0.0,25.84000015258789,0.0,26.43000030517578,25.079999923706055,25.649999618530273,0.0,72200
2024-08-07,24.288936614990234,0.0,24.940000534057617,0.0,26.78700065612793,24.740999221801758,26.579999923706055,0.0,33900
2024-08-08,26.32437515258789,0.0,27.030000686645508,0.0,27.10300064086914,25.290000915527344,25.290000915527344,0.0,47000
2024-08-09,25.69134521484375,0.0,26.3799991607666,0.0,26.899999618530273,26.149999618530273,26.899999618530273,0.0,26000
2024-08-12,24.844057083129883,0.0,25.510000228881836,0.0,26.270000457763672,25.437000274658203,26.260000228881836,0.0,31300
2024-08-13,25.068052291870117,0.0,25.739999771118164,0.0,26.360000610351562,25.514999389648438,25.700000762939453,0.0,17900
2024-08-14,24.844057083129883,0.0,25.510000228881836,0.0,26.1200008392334,25.5,26.1200008392334,0.0,15900
2024-08-15,25.311525344848633,0.0,25.989999771118164,0.0,26.652000427246094,25.889999389648438,25.889999389648438,0.0,24000
2024-08-16,26.2951602935791,0.0,27.0,0.0,27.020000457763672,26.149999618530273,26.229999542236328,0.0,30900
2024-08-19,26.713937759399414,0.0,27.43000030517578,0.0,27.59000015258789,26.815000534057617,27.0,0.0,35900
2024-08-20,26.87949562072754,0.0,27.600000381469727,0.0,28.200000762939453,27.017000198364258,27.770000457763672,0.0,29500
2024-08-21,27.424877166748047,0.0,28.15999984741211,0.0,28.229999542236328,27.43000030517578,27.479999542236328,0.0,18300
2024-08-22,26.840539932250977,0.0,27.559999465942383,0.0,28.3700008392334,27.559999465942383,28.270000457763672,0.0,33400
2024-08-23,28.126079559326172,0.0,28.8799991607666,0.0,28.969999313354492,27.79800033569336,27.93000030517578,0.0,28400
2024-08-26,27.941043853759766,0.0,28.690000534057617,0.0,28.969999313354492,28.516000747680664,28.969999313354492,0.0,24600
2024-08-27,26.850278854370117,0.0,27.56999969482422,0.0,28.219999313354492,27.31999969482422,28.219999313354492,0.0,58700
2024-08-28,26.071163177490234,0.0,26.770000457763672,0.0,27.56999969482422,26.299999237060547,27.56999969482422,0.0,135700
2024-08-29,26.158815383911133,0.0,26.860000610351562,0.0,28.0,26.860000610351562,27.040000915527344,0.0,77000
2024-08-30,25.92508316040039,0.0,26.6200008392334,0.0,27.170000076293945,26.3799991607666,27.170000076293945,0.0,16900
2024-09-03,24.269458770751953,0.0,24.920000076293945,0.0,26.5,24.889999389648438,26.5,0.0,133500
2024-09-04,24.10389518737793,0.0,24.75,0.0,25.43000030517578,24.5,24.690000534057617,0.0,18900
2024-09-05,23.850685119628906,0.0,24.489999771118164,0.0,25.190000534057617,24.350000381469727,24.75,0.0,27200
2024-09-06,22.944961547851562,0.0,23.559999465942383,0.0,24.802000045776367,23.329999923706055,24.790000915527344,0.0,41600
2024-09-09,23.93833351135254,0.0,24.579999923706055,0.0,24.6200008392334,23.959999084472656,23.979999542236328,0.0,12600
2024-09-10,24.666807174682617,0.0,25.327999114990234,0.0,25.389999389648438,24.270000457763672,24.649999618530273,0.0,14000
2024-09-11,24.844057083129883,0.0,25.510000228881836,0.0,25.510000228881836,24.28499984741211,25.049999237060547,0.0,21600
2024-09-12,24.902488708496094,0.0,25.56999969482422,0.0,25.90999984741211,25.239999771118164,25.450000762939453,0.0,21300
2024-09-13,25.43813133239746,0.0,26.1200008392334,0.0,26.5,25.625,25.84000015258789,0.0,28800
2024-09-16,24.853796005249023,0.0,25.520000457763672,0.0,25.940000534057617,25.145000457763672,25.670000076293945,0.0,27400
2024-09-17,25.29204750061035,0.0,25.969999313354492,0.0,26.579999923706055,25.780000686645508,25.979999542236328,0.0,23700
2024-09-18,25.18492317199707,0.0,25.860000610351562,0.0,26.75,25.610000610351562,26.0,0.0,25200
2024-09-19,25.535520553588867,0.0,26.219999313354492,0.0,26.989999771118164,26.139999389648438,26.899999618530273,0.0,32300
2024-09-20,25.574478149414062,0.0,26.260000228881836,0.0,26.280000686645508,25.739999771118164,26.260000228881836,0.0,16700
2024-09-23,26.041948318481445,0.0,26.739999771118164,0.0,26.760000228881836,26.222999572753906,26.290000915527344,0.0,12400
2024-09-24,26.782108306884766,0.0,27.5,0.0,27.5,26.280000686645508,26.68000030517578,0.0,25800
2024-09-25,26.2951602935791,0.0,27.0,0.0,27.809999465942383,27.0,27.3700008392334,0.0,21100
2024-09-26,27.72678565979004,0.0,28.469999313354492,0.0,28.739999771118164,27.5,27.75,0.0,65300
2024-09-27,27.931303024291992,0.0,28.68000030517578,0.0,28.899999618530273,28.270000457763672,28.84000015258789,0.0,21400
2024-09-30,26.548372268676758,0.0,27.260000228881836,0.0,27.8799991607666,27.225000381469727,27.6200008392334,0.0,23800
2024-10-01,25.24335289001465,0.0,25.920000076293945,0.0,27.290000915527344,25.709999084472656,27.290000915527344,0.0,49600
2024-10-02,25.647520065307617,0.0,26.334999084472656,0.0,26.670000076293945,25.799999237060547,25.799999237060547,0.0,19100
2024-10-03,25.808212280273438,0.0,26.5,0.0,26.5,25.84000015258789,26.190000534057617,0.0,16200
2024-10-04,26.45098114013672,0.0,27.15999984741211,0.0,27.299999237060547,26.648000717163086,26.850000381469727,0.0,14400
2024-10-07,26.090641021728516,0.0,26.790000915527344,0.0,27.5,26.399999618530273,27.329999923706055,0.0,37900
2024-10-08,25.7108211517334,0.0,26.399999618530273,0.0,26.850000381469727,26.0,26.540000915527344,0.0,127600
2024-10-09,25.24335289001465,0.0,25.920000076293945,0.0,26.68000030517578,25.860000610351562,26.399999618530273,0.0,25700
2024-10-10,25.077789306640625,0.0,25.75,0.0,26.040000915527344,25.360000610351562,26.040000915527344,0.0,45100
2024-10-11,26.46072006225586,0.0,27.170000076293945,0.0,27.18000030517578,25.84000015258789,25.84000015258789,0.0,36900
2024-10-14,27.609920501708984,0.0,28.350000381469727,0.0,28.649999618530273,27.389999389648438,27.700000762939453,0.0,88500
2024-10-15,27.721914291381836,0.0,28.46500015258789,0.0,29.299999237060547,28.00200080871582,28.350000381469727,0.0,26300
2024-10-16,29.11945343017578,0.0,29.899999618530273,0.0,29.899999618530273,28.610000610351562,29.110000610351562,0.0,38300
2024-10-17,28.73963737487793,0.0,29.510000228881836,0.0,30.0,29.030000686645508,30.0,0.0,36100
2024-10-18,30.161521911621094,0.0,30.969999313354492,0.0,31.040000915527344,29.780000686645508,29.780000686645508,0.0,67600
2024-10-21,30.570554733276367,0.0,31.389999389648438,0.0,31.389999389648438,29.739999771118164,30.860000610351562,0.0,38400
2024-10-22,30.56081771850586,0.0,31.3799991607666,0.0,31.389999389648438,30.479999542236328,31.079999923706055,0.0,24000
2024-10-23,29.411624908447266,0.0,30.200000762939453,0.0,31.0,29.520000457763672,30.6299991607666,0.0,38300
2024-10-24,29.723270416259766,0.0,30.520000457763672,0.0,31.0,30.0,30.75,0.0,13800
2024-10-25,29.333711624145508,0.0,30.1200008392334,0.0,30.867000579833984,29.81999969482422,30.610000610351562,0.0,12000
2024-10-28,31.262022018432617,0.0,32.099998474121094,0.0,32.257999420166016,30.719999313354492,30.719999313354492,0.0,70100
2024-10-29,31.5931453704834,0.0,32.439998626708984,0.0,33.10499954223633,31.986000061035156,32.810001373291016,0.0,47900
2024-10-30,30.872465133666992,0.0,31.700000762939453,0.0,32.39799880981445,31.225000381469727,31.719999313354492,0.0,29700
2024-10-31,28.447463989257812,0.0,29.209999084472656,0.0,31.329999923706055,29.110000610351562,31.329999923706055,0.0,58600
2024-11-01,28.359819412231445,0.0,29.1200008392334,0.0,30.479999542236328,28.829999923706055,29.350000381469727,0.0,79900
2024-11-04,27.59044075012207,0.0,28.329999923706055,0.0,28.670000076293945,28.020000457763672,28.549999237060547,0.0,46600
2024-11-05,28.671464920043945,0.0,29.440000534057617,0.0,29.538999557495117,28.34000015258789,28.34000015258789,0.0,40500
2024-11-06,33.22929382324219,0.0,34.119998931884766,0.0,34.290000915527344,31.5,32.34000015258789,0.0,223900
2024-11-07,34.31031036376953,0.0,35.22999954223633,0.0,35.47999954223633,33.38999938964844,34.119998931884766,0.0,103700
2024-11-08,34.836219787597656,0.0,35.77000045776367,0.0,35.77000045776367,34.527000427246094,35.099998474121094,0.0,90900
2024-11-11,39.73490524291992,0.0,40.79999923706055,0.0,41.209999084472656,37.935001373291016,38.790000915527344,0.0,300300
2024-11-12,39.277183532714844,0.0,40.33000183105469,0.0,40.599998474121094,38.93000030517578,39.970001220703125,0.0,175300
2024-11-13,36.09254455566406,0.0,37.060001373291016,0.0,41.67900085449219,36.72100067138672,40.41999816894531,0.0,231700
2024-11-14,34.602481842041016,0.0,35.529998779296875,0.0,38.060001373291016,35.310001373291016,37.79999923706055,0.0,120200
2024-11-15,35.85881042480469,0.0,36.81999969482422,0.0,36.86000061035156,35.11000061035156,36.41999816894531,0.0,72500
2024-11-18,35.53742599487305,0.0,36.4900016784668,0.0,37.81999969482422,35.73099899291992,36.36000061035156,0.0,108900
2024-11-19,36.452880859375,0.0,37.43000030517578,0.0,37.81999969482422,35.939998626708984,36.38999938964844,0.0,116200
2024-11-20,36.48210144042969,0.0,37.459999084472656,0.0,38.790000915527344,36.529998779296875,38.290000915527344,0.0,84500
2024-11-21,35.586116790771484,0.0,36.540000915527344,0.0,39.0,35.547000885009766,38.86000061035156,0.0,127500
2024-11-22,37.78711700439453,0.0,38.79999923706055,0.0,39.040000915527344,35.869998931884766,36.459999084472656,0.0,128200
2024-11-25,37.835811614990234,0.0,38.849998474121094,0.0,40.0,37.5,40.0,0.0,135600
2024-11-26,35.517940521240234,0.0,36.470001220703125,0.0,38.47999954223633,36.119998931884766,37.79999923706055,0.0,97900
2024-11-27,38.303279876708984,0.0,39.33000183105469,0.0,39.400001525878906,37.39699935913086,37.709999084472656,0.0,120700
2024-11-29,39.10187530517578,0.0,40.150001525878906,0.0,41.54999923706055,39.5099983215332,39.95000076293945,0.0,114400
2024-12-02,38.04033279418945,0.0,39.060001373291016,0.0,40.349998474121094,38.31100082397461,40.220001220703125,0.0,153800
2024-12-03,37.74816131591797,0.0,38.7599983215332,0.0,39.18899917602539,37.58000183105469,38.0099983215332,0.0,293300
2024-12-04,39.608299255371094,0.0,40.66999816894531,0.0,40.900001525878906,38.68000030517578,38.88999938964844,0.0,117000
2024-12-05,39.160308837890625,0.0,40.209999084472656,0.0,43.279998779296875,40.06999969482422,42.65999984741211,0.0,150300
2024-12-06,41.81904602050781,0.0,42.939998626708984,0.0,43.70000076293945,40.779998779296875,40.779998779296875,0.0,159000
2024-12-09,38.67336654663086,0.0,39.709999084472656,0.0,42.63999938964844,39.56999969482422,42.63999938964844,0.0,204300
2024-12-10,36.95930862426758,0.0,37.95000076293945,0.0,40.06999969482422,37.7400016784668,40.06999969482422,0.0,131100
2024-12-11,38.00137710571289,0.0,39.02000045776367,0.0,39.90999984741211,38.34000015258789,39.04999923706055,0.0,93600
2024-12-12,38.127986907958984,0.0,39.150001525878906,0.0,40.869998931884766,38.9900016784668,40.209999084472656,0.0,81000
2024-12-13,37.8747673034668,0.0,38.88999938964844,0.0,39.939998626708984,38.59000015258789,39.470001220703125,0.0,100000
2024-12-16,40.299766540527344,0.0,41.380001068115234,0.0,42.47999954223633,39.400001525878906,39.790000915527344,0.0,141400
2024-12-17,39.647254943847656,0.0,40.709999084472656,0.0,42.060001373291016,39.97999954223633,42.060001373291016,0.0,100000
2024-12-18,35.77116012573242,0.0,36.72999954223633,0.0,40.91999816894531,36.25,40.540000915527344,0.0,197600
2024-12-19,33.95970916748047,0.0,34.869998931884766,0.0,38.17300033569336,34.79999923706055,38.15999984741211,0.0,164900
2024-12-20,34.50510025024414,0.0,35.04999923706055,0.374,35.505001068115234,33.79999923706055,34.16999816894531,0.0,149300
2024-12-23,33.30406951904297,0.0,33.83000183105469,0.0,35.0099983215332,33.45000076293945,35.0099983215332,0.0,139200
2024-12-24,35.007171630859375,0.0,35.560001373291016,0.0,35.560001373291016,34.124000549316406,34.439998626708984,0.0,55400
2024-12-26,34.623233795166016,0.0,35.16999816894531,0.0,36.13999938964844,34.439998626708984,36.13999938964844,0.0,103800
2024-12-27,33.56986618041992,0.0,34.099998474121094,0.0,35.15999984741211,33.630001068115234,35.15999984741211,0.0,99800
2024-12-30,32.43360900878906,0.0,32.939998626708984,0.006,33.41999816894531,32.099998474121094,33.41999816894531,0.0,160700
2024-12-31,31.990528106689453,0.0,32.4900016784668,0.0,33.779998779296875,32.215999603271484,33.779998779296875,0.0,93900
2025-01-02,32.7880744934082,0.0,33.29999923706055,0.0,33.90999984741211,32.599998474121094,33.310001373291016,0.0,158800
2025-01-03,34.99363708496094,0.0,35.540000915527344,0.0,35.56999969482422,33.4900016784668,33.4900016784668,0.0,101600
2025-01-06,35.722259521484375,0.0,36.279998779296875,0.0,36.68000030517578,35.75,36.33000183105469,0.0,119300
2025-01-07,34.10747528076172,0.0,34.63999938964844,0.0,36.33000183105469,34.38600158691406,36.33000183105469,0.0,100800
2025-01-08,33.191768646240234,0.0,33.709999084472656,0.0,34.25,33.0,34.25,0.0,125200
2025-01-10,32.65022659301758,0.0,33.15999984741211,0.0,33.380001068115234,32.3390007019043,33.380001068115234,0.0,49600
2025-01-13,32.04960250854492,0.0,32.54999923706055,0.0,32.54999923706055,31.540000915527344,32.130001068115234,0.0,71600
2025-01-14,32.70930099487305,0.0,33.220001220703125,0.0,33.847999572753906,32.84000015258789,33.45000076293945,0.0,60200
2025-01-15,34.25516891479492,0.0,34.790000915527344,0.0,35.099998474121094,34.18000030517578,34.52000045776367,0.0,116600
2025-01-16,34.52102279663086,0.0,35.060001373291016,0.0,35.33000183105469,34.277000427246094,34.7599983215332,0.0,52700
2025-01-17,35.584415435791016,0.0,36.13999938964844,0.0,36.869998931884766,35.89400100708008,36.31999969482422,0.0,92500
2025-01-21,35.338260650634766,0.0,35.88999938964844,0.0,36.720001220703125,34.70000076293945,36.720001220703125,0.0,137600
2025-01-22,35.55487823486328,0.0,36.11000061035156,0.0,36.415000915527344,35.22999954223633,35.88999938964844,0.0,71300
2025-01-23,35.702571868896484,0.0,36.2599983215332,0.0,37.0099983215332,35.5099983215332,35.619998931884766,0.0,102900
2025-01-24,36.0668830871582,0.0,36.630001068115234,0.0,37.65999984741211,36.349998474121094,36.630001068115234,0.0,104900
2025-01-27,32.67976760864258,0.0,33.189998626708984,0.0,35.349998474121094,32.43000030517578,35.349998474121094,0.0,167000
2025-01-28,32.994842529296875,0.0,33.5099983215332,0.0,33.91999816894531,32.900001525878906,33.91999816894531,0.0,50200
2025-01-29,33.309932708740234,0.0,33.83000183105469,0.0,34.0,32.90999984741211,33.400001525878906,0.0,58000
2025-01-30,34.550559997558594,0.0,35.09000015258789,0.0,35.279998779296875,34.45000076293945,34.45000076293945,0.0,58200
2025-01-31,33.8613166809082,0.0,34.38999938964844,0.0,35.63199996948242,34.189998626708984,35.20000076293945,0.0,53200
2025-02-03,33.73331832885742,0.0,34.2599983215332,0.0,34.43000030517578,32.310001373291016,32.31999969482422,0.0,127400
2025-02-04,33.69393539428711,0.0,34.220001220703125,0.0,34.529998779296875,33.93000030517578,34.20000076293945,0.0,57800
2025-02-05,33.76285934448242,0.0,34.290000915527344,0.0,34.58000183105469,34.02000045776367,34.36000061035156,0.0,38600
2025-02-06,33.3690071105957,0.0,33.88999938964844,0.0,34.849998474121094,33.62300109863281,34.290000915527344,0.0,55400
2025-02-07,33.58562088012695,0.0,34.11000061035156,0.0,35.0,33.8849983215332,34.38999938964844,0.0,49100
2025-02-10,33.93023681640625,0.0,34.459999084472656,0.0,34.650001525878906,34.189998626708984,34.560001373291016,0.0,79700
2025-02-11,32.689613342285156,0.0,33.20000076293945,0.0,34.189998626708984,33.165000915527344,34.0,0.0,48300
2025-02-12,33.08346176147461,0.0,33.599998474121094,0.0,33.76900100708008,32.689998626708984,32.84000015258789,0.0,52100
2025-02-13,34.215782165527344,0.0,34.75,0.0,34.75,33.5,34.0,0.0,49800
2025-02-14,33.94993209838867,0.0,34.47999954223633,0.0,34.72999954223633,34.279998779296875,34.689998626708984,0.0,45800
2025-02-18,33.53639221191406,0.0,34.060001373291016,0.0,34.810001373291016,33.72999954223633,34.59000015258789,0.0,65300
2025-02-19,33.17207717895508,0.0,33.689998626708984,0.0,34.13999938964844,33.619998931884766,33.9900016784668,0.0,42600
2025-02-20,33.00469207763672,0.0,33.52000045776367,0.0,33.939998626708984,32.86000061035156,33.72999954223633,0.0,79800
2025-02-21,30.90743637084961,0.0,31.389999389648438,0.0,33.869998931884766,31.360000610351562,33.56999969482422,0.0,110300
2025-02-24,29.72588539123535,0.0,30.190000534057617,0.0,31.489999771118164,29.829999923706055,31.450000762939453,0.0,86600
2025-02-25,28.268638610839844,0.0,28.709999084472656,0.0,29.719999313354492,28.000999450683594,29.6200008392334,0.0,187300
2025-02-26,28.130788803100586,0.0,28.56999969482422,0.0,29.11199951171875,28.15999984741211,28.649999618530273,0.0,120800
2025-02-27,27.805862426757812,0.0,28.239999771118164,0.0,29.530000686645508,28.100000381469727,29.219999313354492,0.0,56200
2025-02-28,28.55417823791504,0.0,29.0,0.0,29.139999389648438,27.700000762939453,27.90999984741211,0.0,49100
2025-03-03,27.618783950805664,0.0,28.049999237060547,0.0,30.738000869750977,27.81999969482422,30.700000762939453,0.0,93600
2025-03-04,27.303701400756836,0.0,27.729999542236328,0.0,28.510000228881836,26.524999618530273,27.280000686645508,0.0,124800
2025-03-05,28.54433250427246,0.0,28.989999771118164,0.0,28.989999771118164,27.75,28.170000076293945,0.0,56200
2025-03-06,27.37262535095215,0.0,27.799999237060547,0.0,28.920000076293945,27.6299991607666,28.18000030517578,0.0,92100
2025-03-07,27.75663185119629,0.0,28.190000534057617,0.0,28.333999633789062,27.100000381469727,27.670000076293945,0.0,70000
2025-03-10,25.29506492614746,0.0,25.690000534057617,0.0,27.450000762939453,25.309999465942383,27.450000762939453,0.0,150800
2025-03-11,25.718454360961914,0.0,26.1200008392334,0.0,26.40999984741211,25.295000076293945,25.84000015258789,0.0,80300
2025-03-12,26.03353500366211,0.0,26.440000534057617,0.0,26.770000457763672,25.579999923706055,26.649999618530273,0.0,53300
2025-03-13,25.05875587463379,0.0,25.450000762939453,0.0,26.299999237060547,25.2810001373291,26.170000076293945,0.0,56600
2025-03-14,25.994150161743164,0.0,26.399999618530273,0.0,26.450000762939453,25.749000549316406,25.889999389648438,0.0,63200
2025-03-17,26.456924438476562,0.0,26.8700008392334,0.0,27.1299991607666,26.131000518798828,26.450000762939453,0.0,55300
2025-03-18,25.5609130859375,0.0,25.959999084472656,0.0,26.479999542236328,25.770000457763672,26.479999542236328,0.0,45400
2025-03-19,26.55538558959961,0.0,26.969999313354492,0.0,27.260000228881836,26.1299991607666,26.1299991607666,0.0,53000
2025-03-20,26.456924438476562,0.0,26.8700008392334,0.0,27.350000381469727,26.540000915527344,26.540000915527344,0.0,32900
2025-03-21,26.309228897094727,0.0,26.719999313354492,0.0,26.729999542236328,26.200000762939453,26.3700008392334,0.0,16500
2025-03-24,27.91417121887207,0.0,28.350000381469727,0.0,28.350000381469727,27.09000015258789,27.09000015258789,0.0,64100
2025-03-25,27.40216636657715,0.0,27.829999923706055,0.0,28.149999618530273,27.510000228881836,28.030000686645508,0.0,38400
2025-03-26,26.18122673034668,0.0,26.59000015258789,0.0,27.790000915527344,26.25,27.790000915527344,0.0,46600
2025-03-27,25.77753257751465,0.0,26.18000030517578,0.0,26.704999923706055,25.80500030517578,26.329999923706055,0.0,20200
2025-03-28,24.39905548095703,0.0,24.780000686645508,0.0,25.760000228881836,24.559999465942383,25.760000228881836,0.0,41300
2025-03-31,23.857507705688477,0.0,24.229999542236328,0.0,24.25,23.496000289916992,24.0,0.0,81800
2025-04-01,24.684595108032227,0.0,25.06999969482422,0.0,25.06999969482422,23.81999969482422,24.229999542236328,0.0,33700
2025-04-02,25.432910919189453,0.0,25.829999923706055,0.0,25.829999923706055,24.549999237060547,24.549999237060547,0.0,25900
2025-04-03,23.591659545898438,0.0,23.959999084472656,0.0,24.4060001373291,23.700000762939453,23.790000915527344,0.0,53900
2025-04-04,22.223026275634766,0.0,22.56999969482422,0.0,23.360000610351562,21.197999954223633,23.360000610351562,0.0,122500
2025-04-07,22.223026275634766,0.0,22.56999969482422,0.0,23.290000915527344,20.520999908447266,22.56999969482422,0.0,94700
2025-04-08,21.051321029663086,0.0,21.3799991607666,0.0,23.420000076293945,21.05900001525879,23.309999465942383,0.0,57700
2025-04-09,23.887046813964844,0.0,24.260000228881836,0.0,24.70599937438965,21.049999237060547,21.1200008392334,0.0,55200
2025-04-10,22.67595863342285,0.0,23.030000686645508,0.0,23.770000457763672,22.190000534057617,23.770000457763672,0.0,36200
2025-04-11,23.50304412841797,0.0,23.8700008392334,0.0,23.940000534057617,22.860000610351562,22.860000610351562,0.0,50900
2025-04-14,23.83781623840332,0.0,24.209999084472656,0.0,24.684999465942383,23.81999969482422,24.3700008392334,0.0,55500
2025-04-15,23.148576736450195,0.0,23.510000228881836,0.0,24.222000122070312,23.11199951171875,24.040000915527344,0.0,57200
2025-04-16,22.961498260498047,0.0,23.31999969482422,0.0,23.540000915527344,22.812999725341797,23.010000228881836,0.0,21900
2025-04-17,23.178117752075195,0.0,23.540000915527344,0.0,23.597999572753906,22.959999084472656,23.3799991607666,0.0,18900
2025-04-21,22.902420043945312,0.0,23.260000228881836,0.0,23.82900047302246,22.969999313354492,23.450000762939453,0.0,26400
2025-04-22,24.733829498291016,0.0,25.1200008392334,0.0,25.215999603271484,23.639999389648438,23.639999389648438,0.0,37200
2025-04-23,25.30491065979004,0.0,25.700000762939453,0.0,26.43899917602539,25.420000076293945,25.8700008392334,0.0,42400
2025-04-24,25.94491958618164,0.0,26.350000381469727,0.0,26.40999984741211,25.29800033569336,25.600000381469727,0.0,25800
2025-04-25,26.348613739013672,0.0,26.760000228881836,0.0,26.8799991607666,26.253999710083008,26.540000915527344,0.0,30700
2025-04-28,26.053226470947266,0.0,26.459999084472656,0.0,26.829999923706055,25.68000030517578,26.770000457763672,0.0,24200
2025-04-29,26.072919845581055,0.0,26.479999542236328,0.0,26.649999618530273,26.280000686645508,26.420000076293945,0.0,14200
2025-04-30,25.413217544555664,0.0,25.809999465942383,0.0,25.829999923706055,25.06999969482422,25.81999969482422,0.0,18000
2025-05-01,26.240304946899414,0.0,26.649999618530273,0.0,26.969999313354492,25.770000457763672,26.34000015258789,0.0,36200
2025-05-02,26.614463806152344,0.0,27.030000686645508,0.0,27.299999237060547,26.510000228881836,26.8700008392334,0.0,36900
2025-05-05,25.698760986328125,0.0,26.100000381469727,0.0,26.40999984741211,25.874000549316406,26.290000915527344,0.0,30900
2025-05-06,25.72337532043457,0.0,26.125,0.0,26.219999313354492,25.69499969482422,25.770000457763672,0.0,15900
2025-05-07,25.875995635986328,0.0,26.280000686645508,0.0,26.610000610351562,25.81999969482422,26.510000228881836,0.0,21400
2025-05-08,27.057546615600586,0.0,27.479999542236328,0.0,27.850000381469727,26.8700008392334,26.8700008392334,0.0,47000
2025-05-09,27.116626739501953,0.0,27.540000915527344,0.0,28.440000534057617,27.040000915527344,27.649999618530273,0.0,43500
2025-05-12,28.09140396118164,0.0,28.530000686645508,0.0,29.05500030517578,28.31999969482422,28.600000381469727,0.0,43000
2025-05-13,30.011425018310547,0.0,30.479999542236328,0.0,30.520000457763672,29.309999465942383,29.3799991607666,0.0,63600
2025-05-14,29.8538875579834,0.0,30.31999969482422,0.0,30.683000564575195,30.09000015258789,30.649999618530273,0.0,35100
2025-05-15,28.8987979888916,0.0,29.350000381469727,0.0,29.969999313354492,28.863000869750977,29.969999313354492,0.0,42100
2025-05-16,30.26742935180664,0.0,30.739999771118164,0.0,30.989999771118164,29.3799991607666,29.3799991607666,0.0,45800
2025-05-19,30.671127319335938,0.0,31.149999618530273,0.0,31.166000366210938,30.100000381469727,30.309999465942383,0.0,35200
2025-05-20,30.5234317779541,0.0,31.0,0.0,31.149999618530273,30.299999237060547,31.149999618530273,0.0,29600
2025-05-21,30.070507049560547,0.0,30.540000915527344,0.0,31.719999313354492,30.139999389648438,30.860000610351562,0.0,35600
2025-05-22,30.808975219726562,0.0,31.290000915527344,0.0,31.600000381469727,30.790000915527344,31.170000076293945,0.0,32000
2025-05-23,29.952348709106445,0.0,30.420000076293945,0.0,30.790000915527344,30.030000686645508,30.350000381469727,0.0,39300
2025-05-27,30.789283752441406,0.0,31.270000457763672,0.0,31.280000686645508,30.649999618530273,31.15999984741211,0.0,42900
2025-05-28,29.706192016601562,0.0,30.170000076293945,0.0,31.18000030517578,29.90999984741211,31.18000030517578,0.0,25500
2025-05-29,29.20403289794922,0.0,29.65999984741211,0.0,30.6200008392334,29.530000686645508,30.6200008392334,0.0,19400
2025-05-30,29.00710678100586,0.0,29.459999084472656,0.0,29.65999984741211,29.100000381469727,29.510000228881836,0.0,24000
2025-06-02,29.53880500793457,0.0,30.0,0.0,30.072999954223633,29.239999771118164,29.239999771118164,0.0,25400
2025-06-03,30.572664260864258,0.0,31.049999237060547,0.0,31.100000381469727,29.8799991607666,29.8799991607666,0.0,32600
2025-06-04,31.606521606445312,0.0,32.099998474121094,0.0,32.22999954223633,31.0,31.010000228881836,0.0,70100
2025-06-05,30.769588470458984,0.0,31.25,0.0,32.5,30.809999465942383,32.150001525878906,0.0,46900
2025-06-06,32.1480712890625,0.0,32.650001525878906,0.0,32.849998474121094,31.690000534057617,31.690000534057617,0.0,64400
2025-06-09,32.28591537475586,0.0,32.790000915527344,0.0,33.27000045776367,32.263999938964844,33.27000045776367,0.0,44200
2025-06-10,32.581298828125,0.0,33.09000015258789,0.0,33.25,32.63999938964844,33.06999969482422,0.0,43200
2025-06-11,32.36468505859375,0.0,32.869998931884766,0.0,33.20000076293945,32.40999984741211,33.18000030517578,0.0,40300
2025-06-12,31.73452377319336,0.0,32.22999954223633,0.0,32.939998626708984,32.119998931884766,32.369998931884766,0.0,20800
2025-06-13,30.74005126953125,0.0,31.219999313354492,0.0,31.823999404907227,30.75,31.479999542236328,0.0,37300
2025-06-16,31.980680465698242,0.0,32.47999954223633,0.0,32.5,31.433000564575195,31.579999923706055,0.0,27600
2025-06-17,30.93697738647461,0.0,31.420000076293945,0.0,32.029998779296875,30.8799991607666,32.0,0.0,22800
2025-06-18,31.567138671875,0.0,32.060001373291016,0.0,32.13999938964844,30.809999465942383,31.299999237060547,0.0,31800
2025-06-20,31.567138671875,0.0,32.060001373291016,0.0,32.67599868774414,31.670000076293945,32.54999923706055,0.0,37400
2025-06-23,31.11421012878418,0.0,31.600000381469727,0.0,32.0099983215332,30.520000457763672,31.610000610351562,0.0,31000
2025-06-24,33.11300277709961,0.0,33.630001068115234,0.0,33.7400016784668,32.15999984741211,32.15999984741211,0.0,68100
2025-06-25,33.39854431152344,0.0,33.91999816894531,0.0,34.5,33.55500030517578,34.119998931884766,0.0,41600
2025-06-26,34.58009338378906,0.0,35.119998931884766,0.0,35.13999938964844,33.5099983215332,33.86000061035156,0.0,56700
2025-06-27,34.30440139770508,0.0,34.84000015258789,0.0,35.150001525878906,34.31999969482422,35.119998931884766,0.0,29100
2025-06-30,35.05271530151367,0.0,35.599998474121094,0.0,35.7400016784668,34.99100112915039,35.209999084472656,0.0,49000
2025-07-01,34.73763656616211,0.0,35.279998779296875,0.0,35.959999084472656,35.04399871826172,35.09000015258789,0.0,56600
2025-07-02,36.83489227294922,0.0,37.40999984741211,0.0,37.40999984741211,35.81999969482422,35.81999969482422,0.0,57000
2025-07-03,37.22874450683594,0.0,37.810001373291016,0.0,38.24700164794922,37.474998474121094,37.630001068115234,0.0,34900
2025-07-07,36.2933464050293,0.0,36.86000061035156,0.0,37.59000015258789,36.0,37.59000015258789,0.0,51900
2025-07-08,36.42135238647461,0.0,36.9900016784668,0.0,37.9900016784668,36.749000549316406,37.65999984741211,0.0,58200
2025-07-09,37.268123626708984,0.0,37.849998474121094,0.0,37.869998931884766,36.380001068115234,37.290000915527344,0.0,38100
2025-07-10,37.85890579223633,0.0,38.45000076293945,0.0,38.4900016784668,37.33399963378906,37.849998474121094,0.0,43100
2025-07-11,37.18935775756836,0.0,37.77000045776367,0.0,38.970001220703125,37.5,38.81999969482422,0.0,62900
2025-07-14,37.96721267700195,0.0,38.560001373291016,0.0,39.45000076293945,38.119998931884766,38.2400016784668,0.0,75900
2025-07-15,37.20905303955078,0.0,37.790000915527344,0.0,38.448001861572266,37.41999816894531,38.36000061035156,0.0,49900
2025-07-16,38.51466369628906,0.0,39.11600112915039,0.0,39.290000915527344,38.18000030517578,38.459999084472656,0.0,61800
2025-07-17,39.44119644165039,0.0,40.05699920654297,0.0,40.310001373291016,38.720001220703125,38.91999816894531,0.0,111800
2025-07-18,39.306304931640625,0.0,39.91999816894531,0.0,41.45800018310547,39.44900131225586,40.75,0.0,114700
2025-07-21,39.03060531616211,0.0,39.63999938964844,0.0,41.70899963378906,39.61000061035156,40.68000030517578,0.0,124500
2025-07-22,39.73954391479492,0.0,40.36000061035156,0.0,40.36000061035156,38.66299819946289,40.2400016784668,0.0,81500
2025-07-23,39.56230926513672,0.0,40.18000030517578,0.0,40.22999954223633,39.06999969482422,40.18000030517578,0.0,81800
2025-07-24,39.0503044128418,0.0,39.65999984741211,0.0,40.36000061035156,39.650001525878906,40.20000076293945,0.0,185600
2025-07-25,38.73522186279297,0.0,39.34000015258789,0.0,39.54600143432617,38.63999938964844,39.27000045776367,0.0,61600
2025-07-28,37.89828872680664,0.0,38.4900016784668,0.0,39.83000183105469,38.40999984741211,39.83000183105469,0.0,84500
2025-07-29,36.68719482421875,0.0,37.2599983215332,0.0,38.56999969482422,36.900001525878906,38.529998779296875,0.0,64100
2025-07-30,36.578887939453125,0.0,37.150001525878906,0.0,38.2239990234375,36.75,37.650001525878906,0.0,50500
2025-07-31,36.95993423461914,0.0,37.5369987487793,0.0,38.40999984741211,37.47999954223633,37.4900016784668,0.0,37800
2025-08-01,34.56039810180664,0.0,35.099998474121094,0.0,36.16299819946289,34.529998779296875,36.15999984741211,0.0,92800
2025-08-04,35.7419548034668,0.0,36.29999923706055,0.0,36.459999084472656,35.13999938964844,35.40999984741211,0.0,49000
2025-08-05,35.44656753540039,0.0,36.0,0.0,36.40999984741211,35.33000183105469,36.40999984741211,0.0,45200
2025-08-06,36.34257888793945,0.0,36.90999984741211,0.0,37.16999816894531,36.099998474121094,36.369998931884766,0.0,21300
2025-08-07,36.37211608886719,0.0,36.939998626708984,0.0,38.132999420166016,36.209999084472656,37.560001373291016,0.0,36600
2025-08-08,35.92903518676758,0.0,36.4900016784668,0.0,37.44200134277344,36.0,37.13999938964844,0.0,33700
2025-08-11,36.135807037353516,0.0,36.70000076293945,0.0,37.720001220703125,36.68600082397461,36.88999938964844,0.0,50700
2025-08-12,36.68719482421875,0.0,37.2599983215332,0.0,37.459999084472656,36.75,37.2599983215332,0.0,64300
2025-08-13,36.997352600097656,0.0,37.57500076293945,0.0,38.24800109863281,36.9900016784668,37.65999984741211,0.0,68900
2025-08-14,38.095211029052734,0.0,38.689998626708984,0.0,38.72999954223633,36.97800064086914,37.81999969482422,0.0,76400
2025-08-15,37.799827575683594,0.0,38.38999938964844,0.0,38.80799865722656,37.65999984741211,38.75,0.0,80700
2025-08-18,38.843528747558594,0.0,39.45000076293945,0.0,39.95000076293945,38.23400115966797,38.29999923706055,0.0,301000
2025-08-19,37.18935775756836,0.0,37.77000045776367,0.0,39.70000076293945,37.41999816894531,39.70000076293945,0.0,99500
2025-08-20,37.41582107543945,0.0,38.0,0.0,38.0,36.20000076293945,37.709999084472656,0.0,47700
2025-08-21,37.10074234008789,0.0,37.68000030517578,0.0,37.939998626708984,37.29999923706055,37.86000061035156,0.0,18900
2025-08-22,39.0503044128418,0.0,39.65999984741211,0.0,39.900001525878906,37.5,37.7400016784668,0.0,60600
2025-08-25,38.587528228759766,0.0,39.189998626708984,0.0,39.54999923706055,38.30799865722656,38.84000015258789,0.0,74200
2025-08-26,39.28661346435547,0.0,39.900001525878906,0.0,39.900001525878906,38.90999984741211,38.90999984741211,0.0,53300
2025-08-27,39.275779724121094,0.0,39.888999938964844,0.0,40.2400016784668,39.26300048828125,40.0,0.0,50300
2025-08-28,39.670616149902344,0.0,40.290000915527344,0.0,40.7400016784668,40.099998474121094,40.29999923706055,0.0,40400
2025-08-29,39.89412307739258,0.0,40.516998291015625,0.0,41.18000030517578,39.79999923706055,40.380001068115234,0.0,46300
2025-09-02,40.162933349609375,0.0,40.790000915527344,0.0,40.79999923706055,38.709999084472656,39.650001525878906,0.0,44200
2025-09-03,39.35553741455078,0.0,39.970001220703125,0.0,41.150001525878906,39.66999816894531,41.150001525878906,0.0,30200
2025-09-04,38.72537612915039,0.0,39.33000183105469,0.0,39.939998626708984,39.08100128173828,39.689998626708984,0.0,33300
2025-09-05,38.69583511352539,0.0,39.29999923706055,0.0,39.86000061035156,38.11000061035156,39.86000061035156,0.0,52000
2025-09-08,39.11922073364258,0.0,39.72999954223633,0.0,40.040000915527344,38.959999084472656,39.75,0.0,63200
2025-09-09,41.33168411254883,0.0,41.97700119018555,0.0,42.11000061035156,40.16600036621094,40.4900016784668,0.0,84400
2025-09-10,42.48665237426758,0.0,43.150001525878906,0.0,43.54999923706055,42.26599884033203,42.650001525878906,0.0,74100
2025-09-11,43.11681365966797,0.0,43.790000915527344,0.0,44.400001525878906,43.095001220703125,43.540000915527344,0.0,68900
2025-09-12,43.88481903076172,0.0,44.56999969482422,0.0,44.64799880981445,43.56999969482422,44.20000076293945,0.0,72000
2025-09-15,44.544525146484375,0.0,45.2400016784668,0.0,45.43000030517578,44.41999816894531,45.150001525878906,0.0,96700
2025-09-16,45.74576187133789,0.0,46.459999084472656,0.0,46.5099983215332,44.810001373291016,45.88999938964844,0.0,75300
2025-09-17,46.3956184387207,0.0,47.119998931884766,0.0,47.47999954223633,45.529998779296875,46.459999084472656,0.0,91900
2025-09-18,47.015933990478516,0.0,47.75,0.0,48.459999084472656,47.0,48.0,0.0,95500
2025-09-19,47.204078674316406,0.0,47.91999816894531,0.021,48.45500183105469,47.47999954223633,47.9900016784668,0.0,78100
2025-09-22,48.356597900390625,0.0,49.09000015258789,0.0,49.349998474121094,46.56800079345703,47.75,0.0,90900
2025-09-23,47.28287887573242,0.0,48.0,0.0,49.900001525878906,47.56999969482422,49.88999938964844,0.0,188200
2025-09-24,47.98227310180664,0.0,48.709999084472656,0.0,49.7599983215332,48.369998931884766,48.369998931884766,0.0,103500
2025-09-25,45.884098052978516,0.0,46.58000183105469,0.0,47.900001525878906,45.650001525878906,47.47999954223633,0.0,106800
2025-09-26,45.44082260131836,0.0,46.130001068115234,0.0,46.48500061035156,44.66999816894531,46.119998931884766,0.0,69600
2025-09-29,48.159584045410156,0.0,48.88999938964844,0.0,48.939998626708984,47.0,47.0,0.0,73100
2025-09-30,48.34674835205078,0.0,49.08000183105469,0.0,49.334999084472656,48.40999984741211,49.0,0.0,48400
2025-10-01,48.82942581176758,0.0,49.56999969482422,0.0,50.02000045776367,48.97999954223633,49.59000015258789,0.0,102800
2025-10-02,51.292076110839844,0.0,52.06999969482422,0.0,52.2599983215332,50.5,50.65999984741211,0.0,162200
2025-10-03,51.78460693359375,0.0,52.56999969482422,0.0,54.08000183105469,51.900001525878906,52.630001068115234,0.0,146200
2025-10-06,54.119197845458984,0.0,54.939998626708984,0.0,55.130001068115234,54.0,54.4900016784668,0.0,169900
2025-10-07,53.97144317626953,0.0,54.790000915527344,0.0,56.150001525878906,52.93000030517578,56.150001525878906,0.0,171300
2025-10-08,55.340675354003906,0.0,56.18000030517578,0.0,56.4900016784668,54.119998931884766,55.060001373291016,0.0,145000
2025-10-09,56.04006576538086,0.0,56.88999938964844,0.0,57.099998474121094,55.279998779296875,56.790000915527344,0.0,103400
2025-10-10,53.212947845458984,0.0,54.02000045776367,0.0,60.290000915527344,53.41999816894531,58.63999938964844,0.0,184900
2025-10-13,55.754398345947266,0.0,56.599998474121094,0.0,56.900001525878906,54.709999084472656,55.93000030517578,0.0,111900
2025-10-14,56.96110153198242,0.0,57.82500076293945,0.0,59.279998779296875,53.130001068115234,54.95000076293945,0.0,193500
2025-10-15,57.92152786254883,0.0,58.79999923706055,0.0,60.150001525878906,57.0,59.099998474121094,0.0,95500
2025-10-16,54.30143737792969,0.0,55.125,0.0,59.2599983215332,55.0,59.2599983215332,0.0,145400
2025-10-17,53.37055587768555,0.0,54.18000030517578,0.0,54.5,52.52899932861328,53.29999923706055,0.0,109100
2025-10-20,55.399776458740234,0.0,56.2400016784668,0.0,57.790000915527344,55.380001068115234,56.11000061035156,0.0,90100
2025-10-21,53.56756591796875,0.0,54.380001068115234,0.0,55.97999954223633,53.88999938964844,55.97999954223633,0.0,130800
2025-10-22,50.24790954589844,0.0,51.0099983215332,0.0,53.849998474121094,49.4900016784668,53.11000061035156,0.0,193800
2025-10-23,51.897891998291016,0.0,52.685001373291016,0.0,53.279998779296875,50.869998931884766,51.540000915527344,0.0,100700
2025-10-24,54.96635437011719,0.0,55.79999923706055,0.0,55.79999923706055,54.50199890136719,54.79999923706055,0.0,106300
2025-10-27,55.87260818481445,0.0,56.720001220703125,0.0,57.22999954223633,55.93000030517578,57.22999954223633,0.0,120800
2025-10-28,54.68560791015625,0.0,55.51499938964844,0.0,57.709999084472656,55.369998931884766,56.689998626708984,0.0,106400
2025-10-29,53.124290466308594,0.0,53.93000030517578,0.0,55.599998474121094,53.0,55.56999969482422,0.0,94700
2025-10-30,50.829097747802734,0.0,51.599998474121094,0.0,53.4900016784668,51.599998474121094,52.959999084472656,0.0,76300
2025-10-31,52.26728820800781,0.0,53.060001373291016,0.0,54.0,52.119998931884766,52.81999969482422,0.0,67800
2025-11-03,52.67116165161133,0.0,53.470001220703125,0.0,55.22999954223633,52.349998474121094,55.220001220703125,0.0,103300
2025-11-04,49.74553298950195,0.0,50.5,0.0,53.44499969482422,50.4900016784668,51.349998474121094,0.0,107700
2025-11-05,51.77476119995117,0.0,52.560001373291016,0.0,52.67599868774414,51.03499984741211,51.15999984741211,0.0,41000
2025-11-06,48.33689880371094,0.0,49.06999969482422,0.0,52.439998626708984,48.832000732421875,52.439998626708984,0.0,137100
2025-11-07,48.10048294067383,0.0,48.83000183105469,0.0,49.27000045776367,46.18000030517578,47.119998931884766,0.0,108000
2025-11-10,48.179290771484375,0.0,48.90999984741211,0.0,50.9900016784668,48.31999969482422,50.689998626708984,0.0,54200
2025-11-11,46.199317932128906,0.0,46.900001525878906,0.0,48.189998626708984,46.58000183105469,48.189998626708984,0.0,74400
2025-11-12,45.04679489135742,0.0,45.72999954223633,0.0,47.41999816894531,45.08000183105469,47.130001068115234,0.0,68800
2025-11-13,41.274017333984375,0.0,41.900001525878906,0.0,44.72999954223633,41.77000045776367,44.72999954223633,0.0,127500
2025-11-14,40.485965728759766,0.0,41.099998474121094,0.0,42.75,40.060001373291016,40.16999816894531,0.0,108600
2025-11-17,39.33345031738281,0.0,39.93000030517578,0.0,41.41999816894531,39.33000183105469,40.599998474121094,0.0,138600
2025-11-18,39.796424865722656,0.0,40.400001525878906,0.0,41.20000076293945,39.16999816894531,39.16999816894531,0.0,75000
2025-11-19,38.99852752685547,0.0,39.59000015258789,0.0,40.854000091552734,38.83000183105469,40.45000076293945,0.0,143800
2025-11-20,37.351505279541016,0.0,37.917999267578125,0.0,41.900001525878906,37.87799835205078,41.15999984741211,0.0,74300
2025-11-21,37.42243194580078,0.0,37.9900016784668,0.0,38.525001525878906,36.400001525878906,37.63999938964844,0.0,90700
2025-11-24,40.456417083740234,0.0,41.06999969482422,0.0,41.06999969482422,38.869998931884766,38.869998931884766,0.0,46600
2025-11-25,40.79133987426758,0.0,41.40999984741211,0.0,41.40999984741211,39.27000045776367,40.41999816894531,0.0,55100
2025-11-26,42.53489303588867,0.0,43.18000030517578,0.0,43.43000030517578,41.5,42.220001220703125,0.0,89500
2025-11-28,44.27845001220703,0.0,44.95000076293945,0.0,45.400001525878906,43.88100051879883,44.22999954223633,0.0,86100
2025-12-01,42.781158447265625,0.0,43.43000030517578,0.0,43.875,42.5,43.25,0.0,91600
2025-12-02,41.72714614868164,0.0,42.36000061035156,0.0,44.56999969482422,42.31999969482422,43.68000030517578,0.0,56300
2025-12-03,43.248077392578125,0.0,43.90399932861328,0.0,43.9900016784668,42.130001068115234,42.77000045776367,0.0,52100
2025-12-04,44.30997085571289,0.0,44.981998443603516,0.0,45.12900161743164,43.34000015258789,43.81999969482422,0.0,65700
2025-12-05,43.30126953125,0.0,43.95800018310547,0.0,44.880001068115234,43.599998474121094,44.880001068115234,0.0,57900
2025-12-08,43.54655075073242,0.0,44.207000732421875,0.0,44.7400016784668,43.400001525878906,44.27000045776367,0.0,32800
2025-12-09,44.5453987121582,0.0,45.22100067138672,0.0,46.189998626708984,43.91999816894531,44.0,0.0,48400
2025-12-10,44.43803024291992,0.0,45.11199951171875,0.0,45.810001373291016,44.20000076293945,45.13999938964844,0.0,46800
2025-12-11,43.874576568603516,0.0,44.540000915527344,0.0,44.86000061035156,43.189998626708984,44.279998779296875,0.0,92700
2025-12-12,42.17042541503906,0.0,42.810001373291016,0.0,45.29499816894531,42.650001525878906,44.61000061035156,0.0,46500
2025-12-15,39.14431381225586,0.0,39.737998962402344,0.0,42.779998779296875,39.4900016784668,42.779998779296875,0.0,101500
2025-12-16,39.49302673339844,0.0,40.09199905395508,0.0,40.40999984741211,39.03499984741211,39.2599983215332,0.0,92900
2025-12-17,38.00263214111328,0.0,38.57899856567383,0.0,41.0099983215332,38.54499816894531,40.369998931884766,0.0,66200
2025-12-18,38.632083892822266,0.0,39.21799850463867,0.0,40.72999954223633,38.869998931884766,39.70000076293945,0.0,97300
2025-12-19,40.66037368774414,0.0,40.834999084472656,0.42,40.9900016784668,39.29999923706055,39.29999923706055,0.0,84900
2025-12-22,41.23590087890625,0.0,41.41299819946289,0.0,42.63999938964844,41.36000061035156,41.630001068115234,0.0,92300
2025-12-23,40.59565353393555,0.0,40.77000045776367,0.0,41.45000076293945,40.391998291015625,41.029998779296875,0.0,74500
2025-12-24,40.563785552978516,0.0,40.737998962402344,0.0,40.959999084472656,40.380001068115234,40.689998626708984,0.0,23000
2025-12-26,39.68556213378906,0.0,39.85599899291992,0.0,40.79999923706055,39.5,40.70000076293945,0.0,59600
2025-12-29,39.504337310791016,0.0,39.67399978637695,0.0,40.470001220703125,39.220001220703125,39.220001220703125,0.0,68600
2025-12-30,38.7904052734375,0.0,38.957000732421875,0.0,39.900001525878906,38.952999114990234,39.630001068115234,0.0,62300
2025-12-31,38.36224365234375,0.0,38.527000427246094,0.0,39.064998626708984,38.27000045776367,38.63999938964844,0.0,61300
2026-01-02,40.29294967651367,0.0,40.465999603271484,0.0,40.70000076293945,38.65700149536133,39.08000183105469,0.0,66000
2026-01-05,43.02521514892578,0.0,43.209999084472656,0.0,43.45000076293945,41.619998931884766,41.709999084472656,0.0,83600
2026-01-06,42.82706832885742,0.0,43.01100158691406,0.0,43.38999938964844,41.68000030517578,43.290000915527344,0.0,59600
2026-01-07,41.81541061401367,0.0,41.994998931884766,0.0,42.79999923706055,41.75,42.79999923706055,0.0,95000
2026-01-08,42.46363067626953,0.0,42.645999908447266,0.0,43.150001525878906,41.790000915527344,41.790000915527344,0.0,53200
2026-01-09,42.776283264160156,0.0,42.959999084472656,0.0,43.619998931884766,42.47999954223633,42.83000183105469,0.0,52300
2026-01-12,43.58282470703125,0.0,43.77000045776367,0.0,43.939998626708984,42.48099899291992,42.81999969482422,0.0,40600
2026-01-13,43.793914794921875,0.0,43.981998443603516,0.0,44.40999984741211,43.20000076293945,44.02000045776367,0.0,51700
2026-01-14,44.21013259887695,0.0,44.400001525878906,0.0,44.79999923706055,43.75,44.150001525878906,0.0,67000
2026-01-15,43.25423049926758,0.0,43.439998626708984,0.0,44.40999984741211,43.29999923706055,44.40999984741211,0.0,50100
2026-01-16,44.612403869628906,0.0,44.80400085449219,0.0,45.33000183105469,43.290000915527344,43.45000076293945,0.0,43800
2026-01-20,42.490516662597656,0.0,42.67300033569336,0.0,43.84400177001953,42.349998474121094,43.029998779296875,0.0,100800
2026-01-21,42.350120544433594,0.0,42.53200149536133,0.0,43.724998474121094,41.0099983215332,43.040000915527344,0.0,91500
2026-01-22,42.059364318847656,0.0,42.2400016784668,0.0,43.36600112915039,41.939998626708984,43.279998779296875,0.0,59200
2026-01-23,42.778282165527344,0.0,42.96200180053711,0.0,43.91999816894531,41.27000045776367,42.08000183105469,0.0,50000
2026-01-26,41.889095306396484,0.0,42.069000244140625,0.0,43.130001068115234,41.97999954223633,42.86000061035156,0.0,48500
2026-01-27,43.43346405029297,0.0,43.619998931884766,0.0,43.77000045776367,41.91999816894531,42.189998626708984,0.0,34000
2026-01-28,43.23531723022461,0.0,43.42100143432617,0.0,44.11000061035156,43.064998626708984,43.66999816894531,0.0,47500
2026-01-29,41.49777603149414,0.0,41.67599868774414,0.0,43.27000045776367,40.689998626708984,43.27000045776367,0.0,56500
2026-01-30,39.35896301269531,0.0,39.52799987792969,0.0,41.1150016784668,39.2140007019043,41.0099983215332,0.0,68600
2026-02-02,38.573333740234375,0.0,38.73899841308594,0.0,39.5,38.400001525878906,38.59000015258789,0.0,158900
2026-02-03,37.83749771118164,0.0,38.0,0.0,38.97999954223633,36.56100082397461,38.869998931884766,0.0,85000
2026-02-04,35.718597412109375,0.0,35.87200164794922,0.0,37.59000015258789,34.849998474121094,37.43000030517578,0.0,95700
2026-02-05,32.53028869628906,0.0,32.66999816894531,0.0,35.810001373291016,32.65999984741211,34.439998626708984,0.0,114200
2026-02-06,35.972503662109375,0.0,36.12699890136719,0.0,36.25,33.88999938964844,33.88999938964844,0.0,133800
2026-02-09,37.631378173828125,0.0,37.792999267578125,0.0,37.9900016784668,36.0,36.0,0.0,65100
2026-02-10,37.15741729736328,0.0,37.31700134277344,0.0,38.32500076293945,37.22999954223633,37.650001525878906,0.0,44400
2026-02-11,36.07506561279297,0.0,36.22999954223633,0.0,37.5890007019043,35.56999969482422,37.5890007019043,0.0,47700
2026-02-12,34.67109298706055,0.0,34.81999969482422,0.0,36.29999923706055,34.47999954223633,36.29999923706055,0.0,94200
2026-02-13,35.806217193603516,0.0,35.959999084472656,0.0,36.63999938964844,34.5,35.09000015258789,0.0,35000
2026-02-17,35.2197380065918,0.0,35.37099838256836,0.0,35.9900016784668,34.47999954223633,35.22999954223633,0.0,60700
2026-02-18,35.5672492980957,0.0,35.720001220703125,0.0,36.400001525878906,35.20000076293945,35.20000076293945,0.0,34500
2026-02-19,35.391998291015625,0.0,35.54399871826172,0.0,35.54999923706055,34.61000061035156,34.86000061035156,0.0,27500
2026-02-20,35.01063537597656,0.0,35.1609992980957,0.0,36.099998474121094,34.900001525878906,35.16999816894531,0.0,49400
2026-02-23,34.36640548706055,0.0,34.513999938964844,0.0,34.869998931884766,34.084999084472656,34.790000915527344,0.0,51600
2026-02-24,35.56227111816406,0.0,35.71500015258789,0.0,35.89500045776367,34.29999923706055,34.29999923706055,0.0,43800
2026-02-25,36.756141662597656,0.0,36.91400146484375,0.0,37.400001525878906,36.41999816894531,36.72999954223633,0.0,42300
2026-02-26,36.903507232666016,0.0,37.0620002746582,0.0,37.439998626708984,36.11000061035156,36.91999816894531,0.0,42100
2026-02-27,35.582183837890625,0.0,35.73500061035156,0.0,36.59000015258789,35.20000076293945,36.59000015258789,0.0,35800
2026-03-02,36.37278747558594,0.0,36.52899932861328,0.0,36.834999084472656,34.630001068115234,34.630001068115234,0.0,40300
2026-03-03,35.06938552856445,0.0,35.220001220703125,0.0,35.83000183105469,34.11000061035156,35.0,0.0,34500
2026-03-04,37.25699234008789,0.0,37.41699981689453,0.0,37.790000915527344,35.91999816894531,35.91999816894531,0.0,33400
2026-03-05,36.51816177368164,0.0,36.67499923706055,0.0,37.68000030517578,35.79999923706055,36.75,0.0,21300
2026-03-06,34.800540924072266,0.0,34.95000076293945,0.0,36.18000030517578,34.63999938964844,35.65999984741211,0.0,28800
2026-03-09,35.79725646972656,0.0,35.95100021362305,0.0,36.04499816894531,34.5,34.56999969482422,0.0,26100
2026-03-10,35.895835876464844,0.0,36.04999923706055,0.0,36.82500076293945,35.779998779296875,36.5,0.0,37600
2026-03-11,36.25529098510742,0.0,36.4109992980957,0.0,36.869998931884766,36.0,36.18000030517578,0.0,32900
2026-03-12,35.24164962768555,0.0,35.393001556396484,0.0,36.0099983215332,35.029998779296875,36.0099983215332,0.0,35700
2026-03-13,35.45871353149414,0.0,35.611000061035156,0.0,37.02000045776367,35.43000030517578,36.279998779296875,0.0,23700
2026-03-16,36.727264404296875,0.0,36.8849983215332,0.0,37.13999938964844,36.404998779296875,36.689998626708984,0.0,26800
2026-03-17,36.952301025390625,0.0,37.111000061035156,0.0,37.560001373291016,36.68000030517578,36.880001068115234,0.0,33600
2026-03-18,35.656864166259766,0.0,35.810001373291016,0.0,36.75,35.689998626708984,36.52000045776367,0.0,35300
2026-03-19,35.41788864135742,0.0,35.56999969482422,0.0,36.16999816894531,34.72999954223633,35.13999938964844,0.0,34900
2026-03-20,34.633548736572266,0.0,34.750999450683594,0.032,35.41999816894531,34.255001068115234,35.41999816894531,0.0,22300
2026-03-23,36.16834259033203,0.0,36.29100036621094,0.0,36.939998626708984,35.34000015258789,35.34000015258789,0.0,45300
2026-03-24,34.78004837036133,0.0,34.89799880981445,0.0,35.97999954223633,34.5,35.97999954223633,0.0,20800
2026-03-25,35.430843353271484,0.0,35.55099868774414,0.0,36.275001525878906,35.18000030517578,35.65999984741211,0.0,36200
2026-03-26,33.598060607910156,0.0,33.71200180053711,0.0,35.189998626708984,33.58000183105469,34.75,0.0,39500
2026-03-27,31.802148818969727,0.0,31.90999984741211,0.0,33.44499969482422,31.719999313354492,33.43000030517578,0.0,38900
2026-03-30,30.876291275024414,0.0,30.981000900268555,0.0,32.540000915527344,30.639999389648438,32.540000915527344,0.0,41600
2026-03-31,32.66920852661133,0.0,32.779998779296875,0.0,33.0,31.440000534057617,31.440000534057617,0.0,44300
2026-04-01,32.7718620300293,0.0,32.882999420166016,0.0,33.709999084472656,32.779998779296875,33.5,0.0,55300
2026-04-02,32.954246520996094,0.0,33.066001892089844,0.0,33.189998626708984,31.388999938964844,31.639999389648438,0.0,74100
2026-04-06,33.61001968383789,0.0,33.7239990234375,0.0,34.220001220703125,33.099998474121094,33.099998474121094,0.0,30200
2026-04-07,33.67579650878906,0.0,33.790000915527344,0.0,33.79999923706055,32.61600112915039,33.189998626708984,0.0,22800
2026-04-08,35.58930587768555,0.0,35.709999084472656,0.0,36.25,35.165000915527344,36.15999984741211,0.0,36800
2026-04-09,35.305267333984375,0.0,35.42499923706055,0.0,36.380001068115234,34.79999923706055,35.459999084472656,0.0,65200
2026-04-10,35.679996490478516,0.0,35.80099868774414,0.0,36.52000045776367,35.58000183105469,35.58000183105469,0.0,91400
2026-04-13,37.46992874145508,0.0,37.59700012207031,0.0,37.619998931884766,34.92100143432617,35.47999954223633,0.0,50400
2026-04-14,39.05554962158203,0.0,39.1879997253418,0.0,39.81999969482422,38.34000015258789,38.34000015258789,0.0,85800
2026-04-15,39.71929931640625,0.0,39.854000091552734,0.0,39.9900016784668,38.9900016784668,39.15999984741211,0.0,50600
2026-04-16,39.79105758666992,0.0,39.92599868774414,0.0,40.09000015258789,38.790000915527344,39.9900016784668,0.0,46800
2026-04-17,41.30492401123047,0.0,41.44499969482422,0.0,41.75,40.4900016784668,41.0099983215332,0.0,81400
2026-04-20,41.69858932495117,0.0,41.84000015258789,0.0,41.986000061035156,40.582000732421875,40.61000061035156,0.0,28800
2026-04-21,40.17575454711914,0.0,40.3120002746582,0.0,42.0,40.060001373291016,42.0,0.0,38600
2026-04-22,41.63978576660156,0.0,41.78099822998047,0.0,42.0,41.40999984741211,41.7400016784668,0.0,36100
2026-04-23,40.6800422668457,0.0,40.81800079345703,0.0,42.25,40.369998931884766,41.900001525878906,0.0,18900
2026-04-24,40.64017868041992,0.0,40.77799987792969,0.0,41.63999938964844,40.529998779296875,41.29999923706055,0.0,30800
2026-04-27,40.08406448364258,0.0,40.220001220703125,0.0,40.89899826049805,39.7599983215332,40.41999816894531,0.0,34800
2026-04-28,39.218997955322266,0.0,39.35200119018555,0.0,39.584999084472656,38.547000885009766,39.27000045776367,0.0,44900
2026-04-29,38.24928665161133,0.0,38.37900161743164,0.0,39.16899871826172,37.790000915527344,38.90999984741211,0.0,36200
2026-04-30,39.84387969970703,0.0,39.979000091552734,0.0,40.02000045776367,38.79999923706055,38.79999923706055,0.0,53500
2026-05-01,40.31129455566406,0.0,40.448001861572266,0.0,41.2400016784668,40.22999954223633,40.34000015258789,0.0,63900
2026-05-04,41.65373992919922,0.0,41.79499816894531,0.0,42.2400016784668,40.77000045776367,40.77000045776367,0.0,30500
2026-05-05,43.03007125854492,0.0,43.17599868774414,0.0,43.17599868774414,42.0,42.279998779296875,0.0,56600
2026-05-06,45.74785614013672,0.0,45.90299987792969,0.0,45.90299987792969,44.290000915527344,44.290000915527344,0.0,70100
2026-05-07,44.049617767333984,0.0,44.19900131225586,0.0,45.25,43.25,45.189998626708984,0.0,84500
2026-05-08,44.58878707885742,0.0,44.7400016784668,0.0,45.3390007019043,43.683998107910156,44.880001068115234,0.0,34900
2026-05-11,45.46581268310547,0.0,45.619998931884766,0.0,46.7400016784668,43.70000076293945,44.36000061035156,0.0,77600
2026-05-12,44.61170959472656,0.0,44.76300048828125,0.0,45.040000915527344,43.2599983215332,44.72999954223633,0.0,58800
2026-05-13,44.69343185424805,0.0,44.845001220703125,0.0,45.470001220703125,43.92399978637695,44.939998626708984,0.0,47300
2026-05-14,45.706993103027344,0.0,45.86199951171875,0.0,46.72999954223633,43.959999084472656,44.59000015258789,0.0,48500
2026-05-15,43.48951721191406,0.0,43.637001037597656,0.0,44.9900016784668,43.27000045776367,44.9900016784668,0.0,39900
2026-05-18,42.54372024536133,0.0,42.6879997253418,0.0,43.529998779296875,41.56999969482422,43.2599983215332,0.0,30800
2026-05-19,41.83811569213867,0.0,41.97999954223633,0.0,42.5,41.165000915527344,42.189998626708984,0.0,73100
2026-05-20,43.12076187133789,0.0,43.266998291015625,0.0,43.91999816894531,42.119998931884766,42.43000030517578,0.0,40000
2026-05-21,45.002384185791016,0.0,45.154998779296875,0.0,45.25,43.22999954223633,43.22999954223633,0.0,46700
2026-05-22,44.78013610839844,0.0,44.93199920654297,0.0,45.79999923706055,44.7599983215332,44.91999816894531,0.0,64200
2026-05-26,45.61829376220703,0.0,45.77299880981445,0.0,46.849998474121094,45.439998626708984,45.90999984741211,0.0,58900
2026-05-27,46.83118438720703,0.0,46.9900016784668,0.0,47.150001525878906,45.220001220703125,46.09000015258789,0.0,63900
2026-05-28,47.56270217895508,0.0,47.7239990234375,0.0,47.9900016784668,45.9900016784668,46.34000015258789,0.0,69500
2026-05-29,47.46802520751953,0.0,47.62900161743164,0.0,47.810001373291016,46.25,47.65999984741211,0.0,56700
2026-06-01,48.221466064453125,0.0,48.3849983215332,0.0,48.959999084472656,46.36000061035156,46.58000183105469,0.0,73100
2026-06-02,47.200927734375,0.0,47.361000061035156,0.0,48.76100158691406,47.08000183105469,47.84000015258789,0.0,50100
2026-06-03,45.93023681640625,0.0,46.08599853515625,0.0,47.84000015258789,45.81999969482422,47.34000015258789,0.0,63800
2026-06-04,45.55550765991211,0.0,45.709999084472656,0.0,46.2400016784668,44.869998931884766,44.869998931884766,0.0,35100
2026-06-05,41.359737396240234,0.0,41.5,0.0,44.380001068115234,40.38999938964844,44.349998474121094,0.0,87700
2026-06-08,43.65096664428711,0.0,43.79899978637695,0.0,44.279998779296875,42.54999923706055,43.25,0.0,56300
2026-06-09,42.83473587036133,0.0,42.97999954223633,0.0,45.38999938964844,41.0,44.59000015258789,0.0,50200
2026-06-10,41.047794342041016,0.0,41.1870002746582,0.0,43.4900016784668,41.040000915527344,42.2599983215332,0.0,31000
2026-06-11,43.455631256103516,0.0,43.60300064086914,0.0,43.630001068115234,41.0099983215332,41.41999816894531,0.0,58300
2026-06-12,44.03865051269531,0.0,44.1879997253418,0.0,45.369998931884766,43.599998474121094,43.66999816894531,0.0,61300
2026-06-15,45.70998764038086,0.0,45.8650016784668,0.0,46.900001525878906,45.76499938964844,46.0099983215332,0.0,60400
2026-06-16,45.8355598449707,0.0,45.99100112915039,0.0,47.150001525878906,45.849998474121094,45.86000061035156,0.0,24100
2026-06-17,45.11600112915039,0.0,45.26900100708008,0.0,47.43000030517578,45.130001068115234,45.869998931884766,0.0,36900
2026-06-18,46.27299880981445,0.0,46.27299880981445,0.153,46.380001068115234,45.50699996948242,46.20000076293945,0.0,13900
2026-06-22,45.9739990234375,0.0,45.9739990234375,0.0,48.369998931884766,45.9739990234375,46.65999984741211,0.0,51900
2026-06-23,45.07600021362305,0.0,45.07600021362305,0.0,46.13999938964844,44.034000396728516,44.20000076293945,0.0,17500
2026-06-24,43.54800033569336,0.0,43.54800033569336,0.0,45.0099983215332,42.90999984741211,45.0099983215332,0.0,45800
2026-06-25,42.619998931884766,0.0,42.619998931884766,0.0,44.33000183105469,42.400001525878906,44.33000183105469,0.0,23400
2026-06-26,43.87900161743164,0.0,43.87900161743164,0.0,44.099998474121094,41.849998474121094,41.849998474121094,0.0,30100
2026-06-29,43.7239990234375,0.0,43.7239990234375,0.0,44.47999954223633,42.310001373291016,44.36000061035156,0.0,48400
2026-06-30,42.72999954223633,0.0,42.72999954223633,0.0,43.095001220703125,42.290000915527344,42.959999084472656,0.0,41900
2026-07-01,42.534000396728516,0.0,42.534000396728516,0.0,43.66999816894531,41.92900085449219,42.220001220703125,0.0,105100
2026-07-02,41.65800094604492,0.0,41.65800094604492,0.0,43.869998931884766,41.13100051879883,42.84000015258789,0.0,33600
2026-07-06,43.09700012207031,0.0,43.09700012207031,0.0,43.599998474121094,42.209999084472656,42.209999084472656,0.0,20000
2026-07-07,41.422000885009766,0.0,41.422000885009766,0.0,42.560001373291016,40.849998474121094,42.5,0.0,15700
2026-07-08,41.59700012207031,0.0,41.59700012207031,0.0,41.66999816894531,40.33000183105469,40.7599983215332,0.0,52600
2026-07-09,42.26100158691406,0.0,42.26100158691406,0.0,42.869998931884766,41.97999954223633,41.97999954223633,0.0,28600
2026-07-10,42.220001220703125,0.0,42.220001220703125,0.0,43.029998779296875,41.95000076293945,43.029998779296875,0.0,12500
>>>>>>> 5fb1be54da8cd6956e2dc51d1ef23699a725f341
