Date,Adj Close,Capital Gains,Close,Dividends,High,Low,Open,Stock Splits,Volume
2000-08-01,2.8122148513793945,0.0,23.959999084472656,0.0,23.959999084472656,23.959999084472656,23.959999084472656,0.0,0
2000-08-02,2.8122148513793945,0.0,23.959999084472656,0.0,23.959999084472656,23.959999084472656,23.959999084472656,0.0,0
2000-08-03,2.8169097900390625,0.0,24.0,0.0,24.0,24.0,24.0,0.0,0
2000-08-04,2.8392105102539062,0.0,24.190000534057617,0.0,24.190000534057617,24.190000534057617,24.190000534057617,0.0,0
2000-08-07,2.8662056922912598,0.0,24.420000076293945,0.0,24.420000076293945,24.420000076293945,24.420000076293945,0.0,0
2000-08-08,2.8709006309509277,0.0,24.459999084472656,0.0,24.459999084472656,24.459999084472656,24.459999084472656,0.0,0
2000-08-09,2.8755953311920166,0.0,24.5,0.0,24.5,24.5,24.5,0.0,0
2000-08-10,2.8662056922912598,0.0,24.420000076293945,0.0,24.420000076293945,24.420000076293945,24.420000076293945,0.0,0
2000-08-11,2.8967220783233643,0.0,24.68000030517578,0.0,24.68000030517578,24.68000030517578,24.68000030517578,0.0,0
2000-08-14,2.9178497791290283,0.0,24.860000610351562,0.0,24.860000610351562,24.860000610351562,24.860000610351562,0.0,0
2000-08-15,2.9037654399871826,0.0,24.739999771118164,0.0,24.739999771118164,24.739999771118164,24.739999771118164,0.0,0
2000-08-16,2.9178497791290283,0.0,24.860000610351562,0.0,24.860000610351562,24.860000610351562,24.860000610351562,0.0,0
2000-08-17,2.9248909950256348,0.0,24.920000076293945,0.0,24.920000076293945,24.920000076293945,24.920000076293945,0.0,0
2000-08-18,2.9178497791290283,0.0,24.860000610351562,0.0,24.860000610351562,24.860000610351562,24.860000610351562,0.0,0
2000-08-21,2.9190242290496826,0.0,24.8700008392334,0.0,24.8700008392334,24.8700008392334,24.8700008392334,0.0,0
2000-08-22,2.9201958179473877,0.0,24.8799991607666,0.0,24.8799991607666,24.8799991607666,24.8799991607666,0.0,0
2000-08-23,2.922543525695801,0.0,24.899999618530273,0.0,24.899999618530273,24.899999618530273,24.899999618530273,0.0,0
2000-08-24,2.926065683364868,0.0,24.93000030517578,0.0,24.93000030517578,24.93000030517578,24.93000030517578,0.0,0
2000-08-25,2.9378020763397217,0.0,25.030000686645508,0.0,25.030000686645508,25.030000686645508,25.030000686645508,0.0,0
2000-08-28,2.9436709880828857,0.0,25.079999923706055,0.0,25.079999923706055,25.079999923706055,25.079999923706055,0.0,0
2000-08-29,2.9483656883239746,0.0,25.1200008392334,0.0,25.1200008392334,25.1200008392334,25.1200008392334,0.0,0
2000-08-30,2.9577560424804688,0.0,25.200000762939453,0.0,25.200000762939453,25.200000762939453,25.200000762939453,0.0,0
2000-08-31,2.974186897277832,0.0,25.34000015258789,0.0,25.34000015258789,25.34000015258789,25.34000015258789,0.0,0
2000-09-01,2.989445447921753,0.0,25.469999313354492,0.0,25.469999313354492,25.469999313354492,25.469999313354492,0.0,0
2000-09-05,2.98240327835083,0.0,25.40999984741211,0.0,25.40999984741211,25.40999984741211,25.40999984741211,0.0,0
2000-09-06,2.98240327835083,0.0,25.40999984741211,0.0,25.40999984741211,25.40999984741211,25.40999984741211,0.0,0
2000-09-07,3.0035300254821777,0.0,25.59000015258789,0.0,25.59000015258789,25.59000015258789,25.59000015258789,0.0,0
2000-09-08,2.9916539192199707,0.0,22.670000076293945,2.83,22.670000076293945,22.670000076293945,22.670000076293945,0.0,0
2000-09-11,2.987694263458252,0.0,22.639999389648438,0.0,22.639999389648438,22.639999389648438,22.639999389648438,0.0,0
2000-09-12,2.986375331878662,0.0,22.6299991607666,0.0,22.6299991607666,22.6299991607666,22.6299991607666,0.0,0
2000-09-13,2.987694263458252,0.0,22.639999389648438,0.0,22.639999389648438,22.639999389648438,22.639999389648438,0.0,0
2000-09-14,3.0022106170654297,0.0,22.75,0.0,22.75,22.75,22.75,0.0,0
2000-09-15,2.9758176803588867,0.0,22.549999237060547,0.0,22.549999237060547,22.549999237060547,22.549999237060547,0.0,0
2000-09-18,2.93226957321167,0.0,22.219999313354492,0.0,22.219999313354492,22.219999313354492,22.219999313354492,0.0,0
2000-09-19,2.9441471099853516,0.0,22.309999465942383,0.0,22.309999465942383,22.309999465942383,22.309999465942383,0.0,0
2000-09-20,2.946784257888794,0.0,22.329999923706055,0.0,22.329999923706055,22.329999923706055,22.329999923706055,0.0,0
2000-09-21,2.9388668537139893,0.0,22.270000457763672,0.0,22.270000457763672,22.270000457763672,22.270000457763672,0.0,0
2000-09-22,2.940187692642212,0.0,22.280000686645508,0.0,22.280000686645508,22.280000686645508,22.280000686645508,0.0,0
2000-09-25,2.9362289905548096,0.0,22.25,0.0,22.25,22.25,22.25,0.0,0
2000-09-26,2.928309679031372,0.0,22.190000534057617,0.0,22.190000534057617,22.190000534057617,22.190000534057617,0.0,0
2000-09-27,2.9362289905548096,0.0,22.25,0.0,22.25,22.25,22.25,0.0,0
2000-09-28,2.971857786178589,0.0,22.520000457763672,0.0,22.520000457763672,22.520000457763672,22.520000457763672,0.0,0
2000-09-29,2.985053539276123,0.0,22.6200008392334,0.0,22.6200008392334,22.6200008392334,22.6200008392334,0.0,0
2000-10-02,2.9586617946624756,0.0,22.420000076293945,0.0,22.420000076293945,22.420000076293945,22.420000076293945,0.0,0
2000-10-03,2.9560232162475586,0.0,22.399999618530273,0.0,22.399999618530273,22.399999618530273,22.399999618530273,0.0,0
2000-10-04,2.9626214504241943,0.0,22.450000762939453,0.0,22.450000762939453,22.450000762939453,22.450000762939453,0.0,0
2000-10-05,2.9520633220672607,0.0,22.3700008392334,0.0,22.3700008392334,22.3700008392334,22.3700008392334,0.0,0
2000-10-06,2.92303204536438,0.0,22.149999618530273,0.0,22.149999618530273,22.149999618530273,22.149999618530273,0.0,0
2000-10-09,2.916433572769165,0.0,22.100000381469727,0.0,22.100000381469727,22.100000381469727,22.100000381469727,0.0,0
2000-10-10,2.8939993381500244,0.0,21.93000030517578,0.0,21.93000030517578,21.93000030517578,21.93000030517578,0.0,0
2000-10-11,2.8755240440368652,0.0,21.790000915527344,0.0,21.790000915527344,21.790000915527344,21.790000915527344,0.0,0
2000-10-12,2.850450277328491,0.0,21.600000381469727,0.0,21.600000381469727,21.600000381469727,21.600000381469727,0.0,0
2000-10-13,2.8939993381500244,0.0,21.93000030517578,0.0,21.93000030517578,21.93000030517578,21.93000030517578,0.0,0
2000-10-16,2.895318031311035,0.0,21.940000534057617,0.0,21.940000534057617,21.940000534057617,21.940000534057617,0.0,0
2000-10-17,2.8676059246063232,0.0,21.729999542236328,0.0,21.729999542236328,21.729999542236328,21.729999542236328,0.0,0
2000-10-18,2.85440993309021,0.0,21.6299991607666,0.0,21.6299991607666,21.6299991607666,21.6299991607666,0.0,0
2000-10-19,2.897956132888794,0.0,21.959999084472656,0.0,21.959999084472656,21.959999084472656,21.959999084472656,0.0,0
2000-10-20,2.9124748706817627,0.0,22.06999969482422,0.0,22.06999969482422,22.06999969482422,22.06999969482422,0.0,0
2000-10-23,2.9124748706817627,0.0,22.06999969482422,0.0,22.06999969482422,22.06999969482422,22.06999969482422,0.0,0
2000-10-24,2.919072389602661,0.0,22.1200008392334,0.0,22.1200008392334,22.1200008392334,22.1200008392334,0.0,0
2000-10-25,2.8847615718841553,0.0,21.860000610351562,0.0,21.860000610351562,21.860000610351562,21.860000610351562,0.0,0
2000-10-26,2.8939993381500244,0.0,21.93000030517578,0.0,21.93000030517578,21.93000030517578,21.93000030517578,0.0,0
2000-10-27,2.900596857070923,0.0,21.979999542236328,0.0,21.979999542236328,21.979999542236328,21.979999542236328,0.0,0
2000-10-30,2.9269914627075195,0.0,22.18000030517578,0.0,22.18000030517578,22.18000030517578,22.18000030517578,0.0,0
2000-10-31,2.9995720386505127,0.0,22.729999542236328,0.0,22.729999542236328,22.729999542236328,22.729999542236328,0.0,0
2000-11-01,2.987694263458252,0.0,22.639999389648438,0.0,22.639999389648438,22.639999389648438,22.639999389648438,0.0,0
2000-11-02,3.023324728012085,0.0,22.90999984741211,0.0,22.90999984741211,22.90999984741211,22.90999984741211,0.0,0
2000-11-03,3.0206856727600098,0.0,22.889999389648438,0.0,22.889999389648438,22.889999389648438,22.889999389648438,0.0,0
2000-11-06,3.014087200164795,0.0,22.84000015258789,0.0,22.84000015258789,22.84000015258789,22.84000015258789,0.0,0
2000-11-07,3.0286035537719727,0.0,22.950000762939453,0.0,22.950000762939453,22.950000762939453,22.950000762939453,0.0,0
2000-11-08,3.0312423706054688,0.0,22.969999313354492,0.0,22.969999313354492,22.969999313354492,22.969999313354492,0.0,0
2000-11-09,3.012767791748047,0.0,22.829999923706055,0.0,22.829999923706055,22.829999923706055,22.829999923706055,0.0,0
2000-11-10,2.986375331878662,0.0,22.6299991607666,0.0,22.6299991607666,22.6299991607666,22.6299991607666,0.0,0
2000-11-13,2.985053539276123,0.0,22.6200008392334,0.0,22.6200008392334,22.6200008392334,22.6200008392334,0.0,0
2000-11-14,3.012767791748047,0.0,22.829999923706055,0.0,22.829999923706055,22.829999923706055,22.829999923706055,0.0,0
2000-11-15,3.025963306427002,0.0,22.93000030517578,0.0,22.93000030517578,22.93000030517578,22.93000030517578,0.0,0
2000-11-16,3.010129690170288,0.0,22.809999465942383,0.0,22.809999465942383,22.809999465942383,22.809999465942383,0.0,0
2000-11-17,3.0299224853515625,0.0,22.959999084472656,0.0,22.959999084472656,22.959999084472656,22.959999084472656,0.0,0
2000-11-20,3.0022106170654297,0.0,22.75,0.0,22.75,22.75,22.75,0.0,0
2000-11-21,3.0022106170654297,0.0,22.75,0.0,22.75,22.75,22.75,0.0,0
2000-11-22,2.9758176803588867,0.0,22.549999237060547,0.0,22.549999237060547,22.549999237060547,22.549999237060547,0.0,0
2000-11-24,3.0088088512420654,0.0,22.799999237060547,0.0,22.799999237060547,22.799999237060547,22.799999237060547,0.0,0
2000-11-27,3.0206856727600098,0.0,22.889999389648438,0.0,22.889999389648438,22.889999389648438,22.889999389648438,0.0,0
2000-11-28,2.987694263458252,0.0,22.639999389648438,0.0,22.639999389648438,22.639999389648438,22.639999389648438,0.0,0
2000-11-29,2.9890129566192627,0.0,22.649999618530273,0.0,22.649999618530273,22.649999618530273,22.649999618530273,0.0,0
2000-11-30,2.9520633220672607,0.0,22.3700008392334,0.0,22.3700008392334,22.3700008392334,22.3700008392334,0.0,0
2000-12-01,2.987694263458252,0.0,22.639999389648438,0.0,22.639999389648438,22.639999389648438,22.639999389648438,0.0,0
2000-12-04,2.9810962677001953,0.0,22.59000015258789,0.0,22.59000015258789,22.59000015258789,22.59000015258789,0.0,0
2000-12-05,3.0312423706054688,0.0,22.969999313354492,0.0,22.969999313354492,22.969999313354492,22.969999313354492,0.0,0
2000-12-06,3.014087200164795,0.0,22.84000015258789,0.0,22.84000015258789,22.84000015258789,22.84000015258789,0.0,0
2000-12-07,3.0193653106689453,0.0,22.8799991607666,0.0,22.8799991607666,22.8799991607666,22.8799991607666,0.0,0
2000-12-08,3.0774307250976562,0.0,23.31999969482422,0.0,23.31999969482422,23.31999969482422,23.31999969482422,0.0,0
2000-12-11,3.1051433086395264,0.0,23.530000686645508,0.0,23.530000686645508,23.530000686645508,23.530000686645508,0.0,0
2000-12-12,3.062915802001953,0.0,23.209999084472656,0.0,23.209999084472656,23.209999084472656,23.209999084472656,0.0,0
2000-12-13,3.039160966873169,0.0,23.030000686645508,0.0,23.030000686645508,23.030000686645508,23.030000686645508,0.0,0
2000-12-14,3.023324728012085,0.0,22.90999984741211,0.0,22.90999984741211,22.90999984741211,22.90999984741211,0.0,0
2000-12-15,3.0096774101257324,0.0,22.049999237060547,0.76,22.049999237060547,22.049999237060547,22.049999237060547,0.0,0
2000-12-18,3.0274200439453125,0.0,22.18000030517578,0.0,22.18000030517578,22.18000030517578,22.18000030517578,0.0,0
2000-12-19,3.0192294120788574,0.0,22.1200008392334,0.0,22.1200008392334,22.1200008392334,22.1200008392334,0.0,0
2000-12-20,2.960537910461426,0.0,21.690000534057617,0.0,21.690000534057617,21.690000534057617,21.690000534057617,0.0,0
2000-12-21,2.9878365993499756,0.0,21.889999389648438,0.0,21.889999389648438,21.889999389648438,21.889999389648438,0.0,0
2000-12-22,3.0478944778442383,0.0,22.329999923706055,0.0,22.329999923706055,22.329999923706055,22.329999923706055,0.0,0
2000-12-26,3.0629076957702637,0.0,22.440000534057617,0.0,22.440000534057617,22.440000534057617,22.440000534057617,0.0,0
2000-12-27,3.1188714504241943,0.0,22.850000381469727,0.0,22.850000381469727,22.850000381469727,22.850000381469727,0.0,0
2000-12-28,3.1721034049987793,0.0,23.239999771118164,0.0,23.239999771118164,23.239999771118164,23.239999771118164,0.0,0
2000-12-29,3.1557230949401855,0.0,23.1200008392334,0.0,23.1200008392334,23.1200008392334,23.1200008392334,0.0,0
2001-01-02,3.10522198677063,0.0,22.75,0.0,22.75,22.75,22.75,0.0,0
2001-01-03,3.189846992492676,0.0,23.3700008392334,0.0,23.3700008392334,23.3700008392334,23.3700008392334,0.0,0
2001-01-04,3.1680076122283936,0.0,23.209999084472656,0.0,23.209999084472656,23.209999084472656,23.209999084472656,0.0,0
2001-01-05,3.129788875579834,0.0,22.93000030517578,0.0,22.93000030517578,22.93000030517578,22.93000030517578,0.0,0
2001-01-08,3.1215996742248535,0.0,22.8700008392334,0.0,22.8700008392334,22.8700008392334,22.8700008392334,0.0,0
2001-01-09,3.1270601749420166,0.0,22.90999984741211,0.0,22.90999984741211,22.90999984741211,22.90999984741211,0.0,0
2001-01-10,3.1584537029266357,0.0,23.139999389648438,0.0,23.139999389648438,23.139999389648438,23.139999389648438,0.0,0
2001-01-11,3.195305585861206,0.0,23.40999984741211,0.0,23.40999984741211,23.40999984741211,23.40999984741211,0.0,0
2001-01-12,3.1966710090637207,0.0,23.420000076293945,0.0,23.420000076293945,23.420000076293945,23.420000076293945,0.0,0
2001-01-16,3.2239692211151123,0.0,23.6200008392334,0.0,23.6200008392334,23.6200008392334,23.6200008392334,0.0,0
2001-01-17,3.229429244995117,0.0,23.65999984741211,0.0,23.65999984741211,23.65999984741211,23.65999984741211,0.0,0
2001-01-18,3.232159376144409,0.0,23.68000030517578,0.0,23.68000030517578,23.68000030517578,23.68000030517578,0.0,0
2001-01-19,3.2048609256744385,0.0,23.479999542236328,0.0,23.479999542236328,23.479999542236328,23.479999542236328,0.0,0
2001-01-22,3.2266993522644043,0.0,23.639999389648438,0.0,23.639999389648438,23.639999389648438,23.639999389648438,0.0,0
2001-01-23,3.2785661220550537,0.0,24.020000457763672,0.0,24.020000457763672,24.020000457763672,24.020000457763672,0.0,0
2001-01-24,3.292215585708618,0.0,24.1200008392334,0.0,24.1200008392334,24.1200008392334,24.1200008392334,0.0,0
2001-01-25,3.290851593017578,0.0,24.110000610351562,0.0,24.110000610351562,24.110000610351562,24.110000610351562,0.0,0
2001-01-26,3.293581962585449,0.0,24.1299991607666,0.0,24.1299991607666,24.1299991607666,24.1299991607666,0.0,0
2001-01-29,3.338625431060791,0.0,24.459999084472656,0.0,24.459999084472656,24.459999084472656,24.459999084472656,0.0,0
2001-01-30,3.359097957611084,0.0,24.610000610351562,0.0,24.610000610351562,24.610000610351562,24.610000610351562,0.0,0
2001-01-31,3.3659229278564453,0.0,24.65999984741211,0.0,24.65999984741211,24.65999984741211,24.65999984741211,0.0,0
2001-02-01,3.3823020458221436,0.0,24.780000686645508,0.0,24.780000686645508,24.780000686645508,24.780000686645508,0.0,0
2001-02-02,3.37001895904541,0.0,24.690000534057617,0.0,24.690000534057617,24.690000534057617,24.690000534057617,0.0,0
2001-02-05,3.3782076835632324,0.0,24.75,0.0,24.75,24.75,24.75,0.0,0
2001-02-06,3.4000461101531982,0.0,24.90999984741211,0.0,24.90999984741211,24.90999984741211,24.90999984741211,0.0,0
2001-02-07,3.4314401149749756,0.0,25.139999389648438,0.0,25.139999389648438,25.139999389648438,25.139999389648438,0.0,0
2001-02-08,3.4096009731292725,0.0,24.979999542236328,0.0,24.979999542236328,24.979999542236328,24.979999542236328,0.0,0
2001-02-09,3.3932220935821533,0.0,24.860000610351562,0.0,24.860000610351562,24.860000610351562,24.860000610351562,0.0,0
2001-02-12,3.4368996620178223,0.0,25.18000030517578,0.0,25.18000030517578,25.18000030517578,25.18000030517578,0.0,0
2001-02-13,3.4287095069885254,0.0,25.1200008392334,0.0,25.1200008392334,25.1200008392334,25.1200008392334,0.0,0
2001-02-14,3.43007493019104,0.0,25.1299991607666,0.0,25.1299991607666,25.1299991607666,25.1299991607666,0.0,0
2001-02-15,3.442359447479248,0.0,25.219999313354492,0.0,25.219999313354492,25.219999313354492,25.219999313354492,0.0,0
2001-02-16,3.419157028198242,0.0,25.049999237060547,0.0,25.049999237060547,25.049999237060547,25.049999237060547,0.0,0
2001-02-20,3.397315740585327,0.0,24.889999389648438,0.0,24.889999389648438,24.889999389648438,24.889999389648438,0.0,0
2001-02-21,3.3550045490264893,0.0,24.579999923706055,0.0,24.579999923706055,24.579999923706055,24.579999923706055,0.0,0
2001-02-22,3.323610544204712,0.0,24.350000381469727,0.0,24.350000381469727,24.350000381469727,24.350000381469727,0.0,0
2001-02-23,3.3290700912475586,0.0,24.389999389648438,0.0,24.389999389648438,24.389999389648438,24.389999389648438,0.0,0
2001-02-26,3.3850324153900146,0.0,24.799999237060547,0.0,24.799999237060547,24.799999237060547,24.799999237060547,0.0,0
2001-02-27,3.3577330112457275,0.0,24.600000381469727,0.0,24.600000381469727,24.600000381469727,24.600000381469727,0.0,0
2001-02-28,3.344083070755005,0.0,24.5,0.0,24.5,24.5,24.5,0.0,0
2001-03-01,3.3290700912475586,0.0,24.389999389648438,0.0,24.389999389648438,24.389999389648438,24.389999389648438,0.0,0
2001-03-02,3.3577330112457275,0.0,24.600000381469727,0.0,24.600000381469727,24.600000381469727,24.600000381469727,0.0,0
2001-03-05,3.368652582168579,0.0,24.68000030517578,0.0,24.68000030517578,24.68000030517578,24.68000030517578,0.0,0
2001-03-06,3.3932220935821533,0.0,24.860000610351562,0.0,24.860000610351562,24.860000610351562,24.860000610351562,0.0,0
2001-03-07,3.408235788345337,0.0,24.969999313354492,0.0,24.969999313354492,24.969999313354492,24.969999313354492,0.0,0
2001-03-08,3.4123311042785645,0.0,25.0,0.0,25.0,25.0,25.0,0.0,0
2001-03-09,3.387761354446411,0.0,24.81999969482422,0.0,24.81999969482422,24.81999969482422,24.81999969482422,0.0,0
2001-03-12,3.3249754905700684,0.0,24.360000610351562,0.0,24.360000610351562,24.360000610351562,24.360000610351562,0.0,0
2001-03-13,3.322244882583618,0.0,24.34000015258789,0.0,24.34000015258789,24.34000015258789,24.34000015258789,0.0,0
2001-03-14,3.2799324989318848,0.0,24.030000686645508,0.0,24.030000686645508,24.030000686645508,24.030000686645508,0.0,0
2001-03-15,3.2662835121154785,0.0,23.93000030517578,0.0,23.93000030517578,23.93000030517578,23.93000030517578,0.0,0
2001-03-16,3.232159376144409,0.0,23.68000030517578,0.0,23.68000030517578,23.68000030517578,23.68000030517578,0.0,0
2001-03-19,3.267648458480835,0.0,23.940000534057617,0.0,23.940000534057617,23.940000534057617,23.940000534057617,0.0,0
2001-03-20,3.2526328563690186,0.0,23.829999923706055,0.0,23.829999923706055,23.829999923706055,23.829999923706055,0.0,0
2001-03-21,3.215780019760132,0.0,23.559999465942383,0.0,23.559999465942383,23.559999465942383,23.559999465942383,0.0,0
2001-03-22,3.1761972904205322,0.0,23.270000457763672,0.0,23.270000457763672,23.270000457763672,23.270000457763672,0.0,0
2001-03-23,3.2198750972747803,0.0,23.59000015258789,0.0,23.59000015258789,23.59000015258789,23.59000015258789,0.0,0
2001-03-26,3.237618923187256,0.0,23.719999313354492,0.0,23.719999313354492,23.719999313354492,23.719999313354492,0.0,0
2001-03-27,3.267648458480835,0.0,23.940000534057617,0.0,23.940000534057617,23.940000534057617,23.940000534057617,0.0,0
2001-03-28,3.2362542152404785,0.0,23.709999084472656,0.0,23.709999084472656,23.709999084472656,23.709999084472656,0.0,0
2001-03-29,3.244443655014038,0.0,23.770000457763672,0.0,23.770000457763672,23.770000457763672,23.770000457763672,0.0,0
2001-03-30,3.2799324989318848,0.0,24.030000686645508,0.0,24.030000686645508,24.030000686645508,24.030000686645508,0.0,0
2001-04-02,3.2471749782562256,0.0,23.790000915527344,0.0,23.790000915527344,23.790000915527344,23.790000915527344,0.0,0
2001-04-03,3.1980364322662354,0.0,23.43000030517578,0.0,23.43000030517578,23.43000030517578,23.43000030517578,0.0,0
2001-04-04,3.2007670402526855,0.0,23.450000762939453,0.0,23.450000762939453,23.450000762939453,23.450000762939453,0.0,0
2001-04-05,3.2662835121154785,0.0,23.93000030517578,0.0,23.93000030517578,23.93000030517578,23.93000030517578,0.0,0
2001-04-06,3.232159376144409,0.0,23.68000030517578,0.0,23.68000030517578,23.68000030517578,23.68000030517578,0.0,0
2001-04-09,3.2567286491394043,0.0,23.860000610351562,0.0,23.860000610351562,23.860000610351562,23.860000610351562,0.0,0
2001-04-10,3.2949461936950684,0.0,24.139999389648438,0.0,24.139999389648438,24.139999389648438,24.139999389648438,0.0,0
2001-04-11,3.2826621532440186,0.0,24.049999237060547,0.0,24.049999237060547,24.049999237060547,24.049999237060547,0.0,0
2001-04-12,3.3004069328308105,0.0,24.18000030517578,0.0,24.18000030517578,24.18000030517578,24.18000030517578,0.0,0
2001-04-16,3.292215585708618,0.0,24.1200008392334,0.0,24.1200008392334,24.1200008392334,24.1200008392334,0.0,0
2001-04-17,3.308596134185791,0.0,24.239999771118164,0.0,24.239999771118164,24.239999771118164,24.239999771118164,0.0,0
2001-04-18,3.3727471828460693,0.0,24.709999084472656,0.0,24.709999084472656,24.709999084472656,24.709999084472656,0.0,0
2001-04-19,3.4000461101531982,0.0,24.90999984741211,0.0,24.90999984741211,24.90999984741211,24.90999984741211,0.0,0
2001-04-20,3.379572868347168,0.0,24.760000228881836,0.0,24.760000228881836,24.760000228881836,24.760000228881836,0.0,0
2001-04-23,3.3645572662353516,0.0,24.649999618530273,0.0,24.649999618530273,24.649999618530273,24.649999618530273,0.0,0
2001-04-24,3.368652582168579,0.0,24.68000030517578,0.0,24.68000030517578,24.68000030517578,24.68000030517578,0.0,0
2001-04-25,3.4123311042785645,0.0,25.0,0.0,25.0,25.0,25.0,0.0,0
2001-04-26,3.4450883865356445,0.0,25.239999771118164,0.0,25.239999771118164,25.239999771118164,25.239999771118164,0.0,0
2001-04-27,3.4792120456695557,0.0,25.489999771118164,0.0,25.489999771118164,25.489999771118164,25.489999771118164,0.0,0
2001-04-30,3.495591402053833,0.0,25.610000610351562,0.0,25.610000610351562,25.610000610351562,25.610000610351562,0.0,0
2001-05-01,3.521524667739868,0.0,25.799999237060547,0.0,25.799999237060547,25.799999237060547,25.799999237060547,0.0,0
2001-05-02,3.5147008895874023,0.0,25.75,0.0,25.75,25.75,25.75,0.0,0
2001-05-03,3.483306884765625,0.0,25.520000457763672,0.0,25.520000457763672,25.520000457763672,25.520000457763672,0.0,0
2001-05-04,3.499685525894165,0.0,25.639999389648438,0.0,25.639999389648438,25.639999389648438,25.639999389648438,0.0,0
2001-05-07,3.492861270904541,0.0,25.59000015258789,0.0,25.59000015258789,25.59000015258789,25.59000015258789,0.0,0
2001-05-08,3.50787615776062,0.0,25.700000762939453,0.0,25.700000762939453,25.700000762939453,25.700000762939453,0.0,0
2001-05-09,3.517430067062378,0.0,25.770000457763672,0.0,25.770000457763672,25.770000457763672,25.770000457763672,0.0,0
2001-05-10,3.5283491611480713,0.0,25.850000381469727,0.0,25.850000381469727,25.850000381469727,25.850000381469727,0.0,0
2001-05-11,3.5310792922973633,0.0,25.8700008392334,0.0,25.8700008392334,25.8700008392334,25.8700008392334,0.0,0
2001-05-14,3.5365395545959473,0.0,25.90999984741211,0.0,25.90999984741211,25.90999984741211,25.90999984741211,0.0,0
2001-05-15,3.562474012374878,0.0,26.100000381469727,0.0,26.100000381469727,26.100000381469727,26.100000381469727,0.0,0
2001-05-16,3.603421211242676,0.0,26.399999618530273,0.0,26.399999618530273,26.399999618530273,26.399999618530273,0.0,0
2001-05-17,3.6293551921844482,0.0,26.59000015258789,0.0,26.59000015258789,26.59000015258789,26.59000015258789,0.0,0
2001-05-18,3.640273332595825,0.0,26.670000076293945,0.0,26.670000076293945,26.670000076293945,26.670000076293945,0.0,0
2001-05-21,3.682587146759033,0.0,26.979999542236328,0.0,26.979999542236328,26.979999542236328,26.979999542236328,0.0,0
2001-05-22,3.686683416366577,0.0,27.010000228881836,0.0,27.010000228881836,27.010000228881836,27.010000228881836,0.0,0
2001-05-23,3.6484646797180176,0.0,26.729999542236328,0.0,26.729999542236328,26.729999542236328,26.729999542236328,0.0,0
2001-05-24,3.6634795665740967,0.0,26.84000015258789,0.0,26.84000015258789,26.84000015258789,26.84000015258789,0.0,0
2001-05-25,3.6634795665740967,0.0,26.84000015258789,0.0,26.84000015258789,26.84000015258789,26.84000015258789,0.0,0
2001-05-29,3.647099256515503,0.0,26.719999313354492,0.0,26.719999313354492,26.719999313354492,26.719999313354492,0.0,0
2001-05-30,3.6143407821655273,0.0,26.479999542236328,0.0,26.479999542236328,26.479999542236328,26.479999542236328,0.0,0
2001-05-31,3.6143407821655273,0.0,26.479999542236328,0.0,26.479999542236328,26.479999542236328,26.479999542236328,0.0,0
2001-06-01,3.647099256515503,0.0,26.719999313354492,0.0,26.719999313354492,26.719999313354492,26.719999313354492,0.0,0
2001-06-04,3.6662073135375977,0.0,26.860000610351562,0.0,26.860000610351562,26.860000610351562,26.860000610351562,0.0,0
2001-06-05,3.6839518547058105,0.0,26.989999771118164,0.0,26.989999771118164,26.989999771118164,26.989999771118164,0.0,0
2001-06-06,3.670302629470825,0.0,26.889999389648438,0.0,26.889999389648438,26.889999389648438,26.889999389648438,0.0,0
2001-06-07,3.6730329990386963,0.0,26.90999984741211,0.0,26.90999984741211,26.90999984741211,26.90999984741211,0.0,0
2001-06-08,3.664844036102295,0.0,26.850000381469727,0.0,26.850000381469727,26.850000381469727,26.850000381469727,0.0,0
2001-06-11,3.655289649963379,0.0,26.780000686645508,0.0,26.780000686645508,26.780000686645508,26.780000686645508,0.0,0
2001-06-12,3.66211199760437,0.0,26.829999923706055,0.0,26.829999923706055,26.829999923706055,26.829999923706055,0.0,0
2001-06-13,3.656653642654419,0.0,26.790000915527344,0.0,26.790000915527344,26.790000915527344,26.790000915527344,0.0,0
2001-06-14,3.6170694828033447,0.0,26.5,0.0,26.5,26.5,26.5,0.0,0
2001-06-15,3.6047868728637695,0.0,26.40999984741211,0.0,26.40999984741211,26.40999984741211,26.40999984741211,0.0,0
2001-06-18,3.591137170791626,0.0,26.309999465942383,0.0,26.309999465942383,26.309999465942383,26.309999465942383,0.0,0
2001-06-19,3.592501163482666,0.0,26.31999969482422,0.0,26.31999969482422,26.31999969482422,26.31999969482422,0.0,0
2001-06-20,3.6116111278533936,0.0,26.459999084472656,0.0,26.459999084472656,26.459999084472656,26.459999084472656,0.0,0
2001-06-21,3.6320836544036865,0.0,26.610000610351562,0.0,26.610000610351562,26.610000610351562,26.610000610351562,0.0,0
2001-06-22,3.6061513423919678,0.0,26.420000076293945,0.0,26.420000076293945,26.420000076293945,26.420000076293945,0.0,0
2001-06-25,3.600691556930542,0.0,26.3799991607666,0.0,26.3799991607666,26.3799991607666,26.3799991607666,0.0,0
2001-06-26,3.6211659908294678,0.0,26.530000686645508,0.0,26.530000686645508,26.530000686645508,26.530000686645508,0.0,0
2001-06-27,3.641638994216919,0.0,26.68000030517578,0.0,26.68000030517578,26.68000030517578,26.68000030517578,0.0,0
2001-06-28,3.6634795665740967,0.0,26.84000015258789,0.0,26.84000015258789,26.84000015258789,26.84000015258789,0.0,0
2001-06-29,3.7016968727111816,0.0,27.1200008392334,0.0,27.1200008392334,27.1200008392334,27.1200008392334,0.0,0
2001-07-02,3.688047409057617,0.0,27.020000457763672,0.0,27.020000457763672,27.020000457763672,27.020000457763672,0.0,0
2001-07-03,3.688047409057617,0.0,27.020000457763672,0.0,27.020000457763672,27.020000457763672,27.020000457763672,0.0,0
2001-07-05,3.671668529510498,0.0,26.899999618530273,0.0,26.899999618530273,26.899999618530273,26.899999618530273,0.0,0
2001-07-06,3.6320836544036865,0.0,26.610000610351562,0.0,26.610000610351562,26.610000610351562,26.610000610351562,0.0,0
2001-07-09,3.6498289108276367,0.0,26.739999771118164,0.0,26.739999771118164,26.739999771118164,26.739999771118164,0.0,0
2001-07-10,3.636178970336914,0.0,26.639999389648438,0.0,26.639999389648438,26.639999389648438,26.639999389648438,0.0,0
2001-07-11,3.6389083862304688,0.0,26.65999984741211,0.0,26.65999984741211,26.65999984741211,26.65999984741211,0.0,0
2001-07-12,3.7057909965515137,0.0,27.149999618530273,0.0,27.149999618530273,27.149999618530273,27.149999618530273,0.0,0
2001-07-13,3.7112507820129395,0.0,27.190000534057617,0.0,27.190000534057617,27.190000534057617,27.190000534057617,0.0,0
2001-07-16,3.7003307342529297,0.0,27.110000610351562,0.0,27.110000610351562,27.110000610351562,27.110000610351562,0.0,0
2001-07-17,3.7180769443511963,0.0,27.239999771118164,0.0,27.239999771118164,27.239999771118164,27.239999771118164,0.0,0
2001-07-18,3.7112507820129395,0.0,27.190000534057617,0.0,27.190000534057617,27.190000534057617,27.190000534057617,0.0,0
2001-07-19,3.727630138397217,0.0,27.309999465942383,0.0,27.309999465942383,27.309999465942383,27.309999465942383,0.0,0
2001-07-20,3.731724262237549,0.0,27.34000015258789,0.0,27.34000015258789,27.34000015258789,27.34000015258789,0.0,0
2001-07-23,3.7098865509033203,0.0,27.18000030517578,0.0,27.18000030517578,27.18000030517578,27.18000030517578,0.0,0
2001-07-24,3.6730329990386963,0.0,26.90999984741211,0.0,26.90999984741211,26.90999984741211,26.90999984741211,0.0,0
2001-07-25,3.6812212467193604,0.0,26.969999313354492,0.0,26.969999313354492,26.969999313354492,26.969999313354492,0.0,0
2001-07-26,3.6962366104125977,0.0,27.079999923706055,0.0,27.079999923706055,27.079999923706055,27.079999923706055,0.0,0
2001-07-27,3.6989660263061523,0.0,27.100000381469727,0.0,27.100000381469727,27.100000381469727,27.100000381469727,0.0,0
2001-07-30,3.707155227661133,0.0,27.15999984741211,0.0,27.15999984741211,27.15999984741211,27.15999984741211,0.0,0
2001-07-31,3.7153453826904297,0.0,27.219999313354492,0.0,27.219999313354492,27.219999313354492,27.219999313354492,0.0,0
2001-08-01,3.7262654304504395,0.0,27.299999237060547,0.0,27.299999237060547,27.299999237060547,27.299999237060547,0.0,0
2001-08-02,3.7303593158721924,0.0,27.329999923706055,0.0,27.329999923706055,27.329999923706055,27.329999923706055,0.0,0
2001-08-03,3.727630138397217,0.0,27.309999465942383,0.0,27.309999465942383,27.309999465942383,27.309999465942383,0.0,0
2001-08-06,3.7003307342529297,0.0,27.110000610351562,0.0,27.110000610351562,27.110000610351562,27.110000610351562,0.0,0
2001-08-07,3.6976020336151123,0.0,27.09000015258789,0.0,27.09000015258789,27.09000015258789,27.09000015258789,0.0,0
2001-08-08,3.6771280765533447,0.0,26.940000534057617,0.0,26.940000534057617,26.940000534057617,26.940000534057617,0.0,0
2001-08-09,3.6853158473968506,0.0,27.0,0.0,27.0,27.0,27.0,0.0,0
2001-08-10,3.692141532897949,0.0,27.049999237060547,0.0,27.049999237060547,27.049999237060547,27.049999237060547,0.0,0
2001-08-13,3.704425811767578,0.0,27.139999389648438,0.0,27.139999389648438,27.139999389648438,27.139999389648438,0.0,0
2001-08-14,3.712613344192505,0.0,27.200000762939453,0.0,27.200000762939453,27.200000762939453,27.200000762939453,0.0,0
2001-08-15,3.716710329055786,0.0,27.229999542236328,0.0,27.229999542236328,27.229999542236328,27.229999542236328,0.0,0
2001-08-16,3.7303593158721924,0.0,27.329999923706055,0.0,27.329999923706055,27.329999923706055,27.329999923706055,0.0,0
2001-08-17,3.70851993560791,0.0,27.170000076293945,0.0,27.170000076293945,27.170000076293945,27.170000076293945,0.0,0
2001-08-20,3.716710329055786,0.0,27.229999542236328,0.0,27.229999542236328,27.229999542236328,27.229999542236328,0.0,0
2001-08-21,3.6907763481140137,0.0,27.040000915527344,0.0,27.040000915527344,27.040000915527344,27.040000915527344,0.0,0
2001-08-22,3.6989660263061523,0.0,27.100000381469727,0.0,27.100000381469727,27.100000381469727,27.100000381469727,0.0,0
2001-08-23,3.6962366104125977,0.0,27.079999923706055,0.0,27.079999923706055,27.079999923706055,27.079999923706055,0.0,0
2001-08-24,3.724900722503662,0.0,27.290000915527344,0.0,27.290000915527344,27.290000915527344,27.290000915527344,0.0,0
2001-08-27,3.722170114517212,0.0,27.270000457763672,0.0,27.270000457763672,27.270000457763672,27.270000457763672,0.0,0
2001-08-28,3.7057909965515137,0.0,27.149999618530273,0.0,27.149999618530273,27.149999618530273,27.149999618530273,0.0,0
2001-08-29,3.7016968727111816,0.0,27.1200008392334,0.0,27.1200008392334,27.1200008392334,27.1200008392334,0.0,0
2001-08-30,3.6962366104125977,0.0,27.079999923706055,0.0,27.079999923706055,27.079999923706055,27.079999923706055,0.0,0
2001-08-31,3.6989660263061523,0.0,27.100000381469727,0.0,27.100000381469727,27.100000381469727,27.100000381469727,0.0,0
2001-09-04,3.6976020336151123,0.0,27.09000015258789,0.0,27.09000015258789,27.09000015258789,27.09000015258789,0.0,0
2001-09-05,3.686683416366577,0.0,27.010000228881836,0.0,27.010000228881836,27.010000228881836,27.010000228881836,0.0,0
2001-09-06,3.647099256515503,0.0,26.719999313354492,0.0,26.719999313354492,26.719999313354492,26.719999313354492,0.0,0
2001-09-07,3.5834436416625977,0.0,24.770000457763672,1.51,24.770000457763672,24.770000457763672,24.770000457763672,0.0,0
2001-09-10,3.5718724727630615,0.0,24.690000534057617,0.0,24.690000534057617,24.690000534057617,24.690000534057617,0.0,0
2001-09-17,3.441671133041382,0.0,23.790000915527344,0.0,23.790000915527344,23.790000915527344,23.790000915527344,0.0,0
2001-09-18,3.424309015274048,0.0,23.670000076293945,0.0,23.670000076293945,23.670000076293945,23.670000076293945,0.0,0
2001-09-19,3.379462718963623,0.0,23.360000610351562,0.0,23.360000610351562,23.360000610351562,23.360000610351562,0.0,0
2001-09-20,3.2998950481414795,0.0,22.809999465942383,0.0,22.809999465942383,22.809999465942383,22.809999465942383,0.0,0
2001-09-21,3.2362406253814697,0.0,22.3700008392334,0.0,22.3700008392334,22.3700008392334,22.3700008392334,0.0,0
2001-09-24,3.327380657196045,0.0,23.0,0.0,23.0,23.0,23.0,0.0,0
2001-09-25,3.353421449661255,0.0,23.18000030517578,0.0,23.18000030517578,23.18000030517578,23.18000030517578,0.0,0
2001-09-26,3.333167791366577,0.0,23.040000915527344,0.0,23.040000915527344,23.040000915527344,23.040000915527344,0.0,0
2001-09-27,3.3505287170410156,0.0,23.15999984741211,0.0,23.15999984741211,23.15999984741211,23.15999984741211,0.0,0
2001-09-28,3.430095672607422,0.0,23.709999084472656,0.0,23.709999084472656,23.709999084472656,23.709999084472656,0.0,0
2001-10-01,3.398268222808838,0.0,23.489999771118164,0.0,23.489999771118164,23.489999771118164,23.489999771118164,0.0,0
2001-10-02,3.424309015274048,0.0,23.670000076293945,0.0,23.670000076293945,23.670000076293945,23.670000076293945,0.0,0
2001-10-03,3.5009827613830566,0.0,24.200000762939453,0.0,24.200000762939453,24.200000762939453,24.200000762939453,0.0,0
2001-10-04,3.522684335708618,0.0,24.350000381469727,0.0,24.350000381469727,24.350000381469727,24.350000381469727,0.0,0
2001-10-05,3.5183444023132324,0.0,24.31999969482422,0.0,24.31999969482422,24.31999969482422,24.31999969482422,0.0,0
2001-10-08,3.5038769245147705,0.0,24.219999313354492,0.0,24.219999313354492,24.219999313354492,24.219999313354492,0.0,0
2001-10-09,3.4923040866851807,0.0,24.139999389648438,0.0,24.139999389648438,24.139999389648438,24.139999389648438,0.0,0
2001-10-10,3.547279119491577,0.0,24.520000457763672,0.0,24.520000457763672,24.520000457763672,24.520000457763672,0.0,0
2001-10-11,3.6008050441741943,0.0,24.889999389648438,0.0,24.889999389648438,24.889999389648438,24.889999389648438,0.0,0
2001-10-12,3.5805513858795166,0.0,24.75,0.0,24.75,24.75,24.75,0.0,0
2001-10-15,3.584890842437744,0.0,24.780000686645508,0.0,24.780000686645508,24.780000686645508,24.780000686645508,0.0,0
2001-10-16,3.6051454544067383,0.0,24.920000076293945,0.0,24.920000076293945,24.920000076293945,24.920000076293945,0.0,0
2001-10-17,3.56463885307312,0.0,24.639999389648438,0.0,24.639999389648438,24.639999389648438,24.639999389648438,0.0,0
2001-10-18,3.5357038974761963,0.0,24.440000534057617,0.0,24.440000534057617,24.440000534057617,24.440000534057617,0.0,0
2001-10-19,3.5574052333831787,0.0,24.59000015258789,0.0,24.59000015258789,24.59000015258789,24.59000015258789,0.0,0
2001-10-22,3.5892317295074463,0.0,24.809999465942383,0.0,24.809999465942383,24.809999465942383,24.809999465942383,0.0,0
2001-10-23,3.5805513858795166,0.0,24.75,0.0,24.75,24.75,24.75,0.0,0
2001-10-24,3.5791051387786865,0.0,24.739999771118164,0.0,24.739999771118164,24.739999771118164,24.739999771118164,0.0,0
2001-10-25,3.608037233352661,0.0,24.940000534057617,0.0,24.940000534057617,24.940000534057617,24.940000534057617,0.0,0
2001-10-26,3.6471002101898193,0.0,25.209999084472656,0.0,25.209999084472656,25.209999084472656,25.209999084472656,0.0,0
2001-10-29,3.5935721397399902,0.0,24.84000015258789,0.0,24.84000015258789,24.84000015258789,24.84000015258789,0.0,0
2001-10-30,3.532811403274536,0.0,24.420000076293945,0.0,24.420000076293945,24.420000076293945,24.420000076293945,0.0,0
2001-10-31,3.5704243183135986,0.0,24.68000030517578,0.0,24.68000030517578,24.68000030517578,24.68000030517578,0.0,0
2001-11-01,3.606592893600464,0.0,24.93000030517578,0.0,24.93000030517578,24.93000030517578,24.93000030517578,0.0,0
2001-11-02,3.616718292236328,0.0,25.0,0.0,25.0,25.0,25.0,0.0,0
2001-11-05,3.6528866291046143,0.0,25.25,0.0,25.25,25.25,25.25,0.0,0
2001-11-06,3.6702470779418945,0.0,25.3700008392334,0.0,25.3700008392334,25.3700008392334,25.3700008392334,0.0,0
2001-11-07,3.6716935634613037,0.0,25.3799991607666,0.0,25.3799991607666,25.3799991607666,25.3799991607666,0.0,0
2001-11-08,3.6572248935699463,0.0,25.280000686645508,0.0,25.280000686645508,25.280000686645508,25.280000686645508,0.0,0
2001-11-09,3.648545026779175,0.0,25.219999313354492,0.0,25.219999313354492,25.219999313354492,25.219999313354492,0.0,0
2001-11-12,3.6514384746551514,0.0,25.239999771118164,0.0,25.239999771118164,25.239999771118164,25.239999771118164,0.0,0
2001-11-13,3.694840431213379,0.0,25.540000915527344,0.0,25.540000915527344,25.540000915527344,25.540000915527344,0.0,0
2001-11-14,3.731008529663086,0.0,25.790000915527344,0.0,25.790000915527344,25.790000915527344,25.790000915527344,0.0,0
2001-11-15,3.723773956298828,0.0,25.739999771118164,0.0,25.739999771118164,25.739999771118164,25.739999771118164,0.0,0
2001-11-16,3.716539144515991,0.0,25.690000534057617,0.0,25.690000534057617,25.690000534057617,25.690000534057617,0.0,0
2001-11-19,3.7498133182525635,0.0,25.920000076293945,0.0,25.920000076293945,25.920000076293945,25.920000076293945,0.0,0
2001-11-20,3.741133689880371,0.0,25.860000610351562,0.0,25.860000610351562,25.860000610351562,25.860000610351562,0.0,0
2001-11-21,3.728113889694214,0.0,25.770000457763672,0.0,25.770000457763672,25.770000457763672,25.770000457763672,0.0,0
2001-11-23,3.758493423461914,0.0,25.979999542236328,0.0,25.979999542236328,25.979999542236328,25.979999542236328,0.0,0
2001-11-26,3.7845349311828613,0.0,26.15999984741211,0.0,26.15999984741211,26.15999984741211,26.15999984741211,0.0,0
2001-11-27,3.778747081756592,0.0,26.1200008392334,0.0,26.1200008392334,26.1200008392334,26.1200008392334,0.0,0
2001-11-28,3.746920347213745,0.0,25.899999618530273,0.0,25.899999618530273,25.899999618530273,25.899999618530273,0.0,0
2001-11-29,3.7874279022216797,0.0,26.18000030517578,0.0,26.18000030517578,26.18000030517578,26.18000030517578,0.0,0
2001-11-30,3.7946624755859375,0.0,26.229999542236328,0.0,26.229999542236328,26.229999542236328,26.229999542236328,0.0,0
2001-12-03,3.778747081756592,0.0,26.1200008392334,0.0,26.1200008392334,26.1200008392334,26.1200008392334,0.0,0
2001-12-04,3.8337223529815674,0.0,26.5,0.0,26.5,26.5,26.5,0.0,0
2001-12-05,3.904609203338623,0.0,26.989999771118164,0.0,26.989999771118164,26.989999771118164,26.989999771118164,0.0,0
2001-12-06,3.9176292419433594,0.0,27.079999923706055,0.0,27.079999923706055,27.079999923706055,27.079999923706055,0.0,0
2001-12-07,3.903162956237793,0.0,26.979999542236328,0.0,26.979999542236328,26.979999542236328,26.979999542236328,0.0,0
2001-12-10,3.8727822303771973,0.0,26.770000457763672,0.0,26.770000457763672,26.770000457763672,26.770000457763672,0.0,0
2001-12-11,3.878568410873413,0.0,26.809999465942383,0.0,26.809999465942383,26.809999465942383,26.809999465942383,0.0,0
2001-12-12,3.877121925354004,0.0,26.799999237060547,0.0,26.799999237060547,26.799999237060547,26.799999237060547,0.0,0
2001-12-13,3.8510825634002686,0.0,26.6200008392334,0.0,26.6200008392334,26.6200008392334,26.6200008392334,0.0,0
2001-12-14,3.867110013961792,0.0,26.540000915527344,0.19,26.540000915527344,26.540000915527344,26.540000915527344,0.0,0
2001-12-17,3.899165391921997,0.0,26.760000228881836,0.0,26.760000228881836,26.760000228881836,26.760000228881836,0.0,0
2001-12-18,3.932678699493408,0.0,26.989999771118164,0.0,26.989999771118164,26.989999771118164,26.989999771118164,0.0,0
2001-12-19,3.9268503189086914,0.0,26.950000762939453,0.0,26.950000762939453,26.950000762939453,26.950000762939453,0.0,0
2001-12-20,3.902080535888672,0.0,26.780000686645508,0.0,26.780000686645508,26.780000686645508,26.780000686645508,0.0,0
2001-12-21,3.9341349601745605,0.0,27.0,0.0,27.0,27.0,27.0,0.0,0
2001-12-24,3.9487063884735107,0.0,27.100000381469727,0.0,27.100000381469727,27.100000381469727,27.100000381469727,0.0,0
2001-12-26,3.970562696456909,0.0,27.25,0.0,27.25,27.25,27.25,0.0,0
2001-12-27,3.9895050525665283,0.0,27.3799991607666,0.0,27.3799991607666,27.3799991607666,27.3799991607666,0.0,0
2001-12-28,4.004075527191162,0.0,27.479999542236328,0.0,27.479999542236328,27.479999542236328,27.479999542236328,0.0,0
2001-12-31,3.9953320026397705,0.0,27.420000076293945,0.0,27.420000076293945,27.420000076293945,27.420000076293945,0.0,0
2002-01-02,3.9895050525665283,0.0,27.3799991607666,0.0,27.3799991607666,27.3799991607666,27.3799991607666,0.0,0
2002-01-03,4.017190456390381,0.0,27.56999969482422,0.0,27.56999969482422,27.56999969482422,27.56999969482422,0.0,0
2002-01-04,4.052160263061523,0.0,27.809999465942383,0.0,27.809999465942383,27.809999465942383,27.809999465942383,0.0,0
2002-01-07,4.036131858825684,0.0,27.700000762939453,0.0,27.700000762939453,27.700000762939453,27.700000762939453,0.0,0
2002-01-08,4.055074214935303,0.0,27.829999923706055,0.0,27.829999923706055,27.829999923706055,27.829999923706055,0.0,0
2002-01-09,4.043418884277344,0.0,27.75,0.0,27.75,27.75,27.75,0.0,0
2002-01-10,4.044874668121338,0.0,27.760000228881836,0.0,27.760000228881836,27.760000228881836,27.760000228881836,0.0,0
2002-01-11,4.024475574493408,0.0,27.6200008392334,0.0,27.6200008392334,27.6200008392334,27.6200008392334,0.0,0
2002-01-14,3.9982473850250244,0.0,27.440000534057617,0.0,27.440000534057617,27.440000534057617,27.440000534057617,0.0,0
2002-01-15,4.012818813323975,0.0,27.540000915527344,0.0,27.540000915527344,27.540000915527344,27.540000915527344,0.0,0
2002-01-16,3.973477363586426,0.0,27.270000457763672,0.0,27.270000457763672,27.270000457763672,27.270000457763672,0.0,0
2002-01-17,4.006990909576416,0.0,27.5,0.0,27.5,27.5,27.5,0.0,0
2002-01-18,3.988048791885376,0.0,27.3700008392334,0.0,27.3700008392334,27.3700008392334,27.3700008392334,0.0,0
2002-01-22,3.972019910812378,0.0,27.260000228881836,0.0,27.260000228881836,27.260000228881836,27.260000228881836,0.0,0
2002-01-23,4.008447170257568,0.0,27.510000228881836,0.0,27.510000228881836,27.510000228881836,27.510000228881836,0.0,0
2002-01-24,4.021561145782471,0.0,27.600000381469727,0.0,27.600000381469727,27.600000381469727,27.600000381469727,0.0,0
2002-01-25,4.023019313812256,0.0,27.610000610351562,0.0,27.610000610351562,27.610000610351562,27.610000610351562,0.0,0
2002-01-28,4.0375895500183105,0.0,27.709999084472656,0.0,27.709999084472656,27.709999084472656,27.709999084472656,0.0,0
2002-01-29,4.001163005828857,0.0,27.459999084472656,0.0,27.459999084472656,27.459999084472656,27.459999084472656,0.0,0
2002-01-30,4.025932788848877,0.0,27.6299991607666,0.0,27.6299991607666,27.6299991607666,27.6299991607666,0.0,0
2002-01-31,4.059446334838867,0.0,27.860000610351562,0.0,27.860000610351562,27.860000610351562,27.860000610351562,0.0,0
2002-02-01,4.050703048706055,0.0,27.799999237060547,0.0,27.799999237060547,27.799999237060547,27.799999237060547,0.0,0
2002-02-04,4.0099053382873535,0.0,27.520000457763672,0.0,27.520000457763672,27.520000457763672,27.520000457763672,0.0,0
2002-02-05,3.9982473850250244,0.0,27.440000534057617,0.0,27.440000534057617,27.440000534057617,27.440000534057617,0.0,0
2002-02-06,3.9589061737060547,0.0,27.170000076293945,0.0,27.170000076293945,27.170000076293945,27.170000076293945,0.0,0
2002-02-07,3.944335699081421,0.0,27.06999969482422,0.0,27.06999969482422,27.06999969482422,27.06999969482422,0.0,0
2002-02-08,3.98222017288208,0.0,27.329999923706055,0.0,27.329999923706055,27.329999923706055,27.329999923706055,0.0,0
2002-02-11,4.011360168457031,0.0,27.530000686645508,0.0,27.530000686645508,27.530000686645508,27.530000686645508,0.0,0
2002-02-12,4.0099053382873535,0.0,27.520000457763672,0.0,27.520000457763672,27.520000457763672,27.520000457763672,0.0,0
2002-02-13,4.041960716247559,0.0,27.739999771118164,0.0,27.739999771118164,27.739999771118164,27.739999771118164,0.0,0
2002-02-14,4.039046287536621,0.0,27.719999313354492,0.0,27.719999313354492,27.719999313354492,27.719999313354492,0.0,0
2002-02-15,4.025932788848877,0.0,27.6299991607666,0.0,27.6299991607666,27.6299991607666,27.6299991607666,0.0,0
2002-02-19,3.9865899085998535,0.0,27.360000610351562,0.0,27.360000610351562,27.360000610351562,27.360000610351562,0.0,0
2002-02-20,3.9953320026397705,0.0,27.420000076293945,0.0,27.420000076293945,27.420000076293945,27.420000076293945,0.0,0
2002-02-21,3.966191053390503,0.0,27.219999313354492,0.0,27.219999313354492,27.219999313354492,27.219999313354492,0.0,0
2002-02-22,3.976392984390259,0.0,27.290000915527344,0.0,27.290000915527344,27.290000915527344,27.290000915527344,0.0,0
2002-02-25,4.006990909576416,0.0,27.5,0.0,27.5,27.5,27.5,0.0,0
2002-02-26,4.027390480041504,0.0,27.639999389648438,0.0,27.639999389648438,27.639999389648438,27.639999389648438,0.0,0
2002-02-27,4.040502548217773,0.0,27.729999542236328,0.0,27.729999542236328,27.729999542236328,27.729999542236328,0.0,0
2002-02-28,4.0346760749816895,0.0,27.690000534057617,0.0,27.690000534057617,27.690000534057617,27.690000534057617,0.0,0
2002-03-01,4.076929569244385,0.0,27.979999542236328,0.0,27.979999542236328,27.979999542236328,27.979999542236328,0.0,0
2002-03-04,4.13667106628418,0.0,28.389999389648438,0.0,28.389999389648438,28.389999389648438,28.389999389648438,0.0,0
2002-03-05,4.12501335144043,0.0,28.309999465942383,0.0,28.309999465942383,28.309999465942383,28.309999465942383,0.0,0
2002-03-06,4.183297157287598,0.0,28.709999084472656,0.0,28.709999084472656,28.709999084472656,28.709999084472656,0.0,0
2002-03-07,4.193497657775879,0.0,28.780000686645508,0.0,28.780000686645508,28.780000686645508,28.780000686645508,0.0,0
2002-03-08,4.218267440795898,0.0,28.950000762939453,0.0,28.950000762939453,28.950000762939453,28.950000762939453,0.0,0
2002-03-11,4.221182823181152,0.0,28.969999313354492,0.0,28.969999313354492,28.969999313354492,28.969999313354492,0.0,0
2002-03-12,4.218267440795898,0.0,28.950000762939453,0.0,28.950000762939453,28.950000762939453,28.950000762939453,0.0,0
2002-03-13,4.202240943908691,0.0,28.84000015258789,0.0,28.84000015258789,28.84000015258789,28.84000015258789,0.0,0
2002-03-14,4.219726085662842,0.0,28.959999084472656,0.0,28.959999084472656,28.959999084472656,28.959999084472656,0.0,0
2002-03-15,4.2386674880981445,0.0,29.09000015258789,0.0,29.09000015258789,29.09000015258789,29.09000015258789,0.0,0
2002-03-18,4.254695415496826,0.0,29.200000762939453,0.0,29.200000762939453,29.200000762939453,29.200000762939453,0.0,0
2002-03-19,4.264895439147949,0.0,29.270000457763672,0.0,29.270000457763672,29.270000457763672,29.270000457763672,0.0,0
2002-03-20,4.244494438171387,0.0,29.1299991607666,0.0,29.1299991607666,29.1299991607666,29.1299991607666,0.0,0
2002-03-21,4.25761079788208,0.0,29.219999313354492,0.0,29.219999313354492,29.219999313354492,29.219999313354492,0.0,0
2002-03-22,4.2459516525268555,0.0,29.139999389648438,0.0,29.139999389648438,29.139999389648438,29.139999389648438,0.0,0
2002-03-25,4.213896751403809,0.0,28.920000076293945,0.0,28.920000076293945,28.920000076293945,28.920000076293945,0.0,0
2002-03-26,4.237207412719727,0.0,29.079999923706055,0.0,29.079999923706055,29.079999923706055,29.079999923706055,0.0,0
2002-03-27,4.261980056762695,0.0,29.25,0.0,29.25,29.25,29.25,0.0,0
2002-03-28,4.273637294769287,0.0,29.329999923706055,0.0,29.329999923706055,29.329999923706055,29.329999923706055,0.0,0
2002-04-01,4.260523796081543,0.0,29.239999771118164,0.0,29.239999771118164,29.239999771118164,29.239999771118164,0.0,0
2002-04-02,4.244494438171387,0.0,29.1299991607666,0.0,29.1299991607666,29.1299991607666,29.1299991607666,0.0,0
2002-04-03,4.231381893157959,0.0,29.040000915527344,0.0,29.040000915527344,29.040000915527344,29.040000915527344,0.0,0
2002-04-04,4.243039131164551,0.0,29.1200008392334,0.0,29.1200008392334,29.1200008392334,29.1200008392334,0.0,0
2002-04-05,4.2561516761779785,0.0,29.209999084472656,0.0,29.209999084472656,29.209999084472656,29.209999084472656,0.0,0
2002-04-08,4.282378673553467,0.0,29.389999389648438,0.0,29.389999389648438,29.389999389648438,29.389999389648438,0.0,0
2002-04-09,4.29986572265625,0.0,29.510000228881836,0.0,29.510000228881836,29.510000228881836,29.510000228881836,0.0,0
2002-04-10,4.340665340423584,0.0,29.790000915527344,0.0,29.790000915527344,29.790000915527344,29.790000915527344,0.0,0
2002-04-11,4.310064792633057,0.0,29.579999923706055,0.0,29.579999923706055,29.579999923706055,29.579999923706055,0.0,0
2002-04-12,4.346490859985352,0.0,29.829999923706055,0.0,29.829999923706055,29.829999923706055,29.829999923706055,0.0,0
2002-04-15,4.334834098815918,0.0,29.75,0.0,29.75,29.75,29.75,0.0,0
2002-04-16,4.385833263397217,0.0,30.100000381469727,0.0,30.100000381469727,30.100000381469727,30.100000381469727,0.0,0
2002-04-17,4.380003929138184,0.0,30.059999465942383,0.0,30.059999465942383,30.059999465942383,30.059999465942383,0.0,0
2002-04-18,4.388746738433838,0.0,30.1200008392334,0.0,30.1200008392334,30.1200008392334,30.1200008392334,0.0,0
2002-04-19,4.406233310699463,0.0,30.239999771118164,0.0,30.239999771118164,30.239999771118164,30.239999771118164,0.0,0
2002-04-22,4.387289524078369,0.0,30.110000610351562,0.0,30.110000610351562,30.110000610351562,30.110000610351562,0.0,0
2002-04-23,4.397489547729492,0.0,30.18000030517578,0.0,30.18000030517578,30.18000030517578,30.18000030517578,0.0,0
2002-04-24,4.388746738433838,0.0,30.1200008392334,0.0,30.1200008392334,30.1200008392334,30.1200008392334,0.0,0
2002-04-25,4.394576072692871,0.0,30.15999984741211,0.0,30.15999984741211,30.15999984741211,30.15999984741211,0.0,0
2002-04-26,4.36834716796875,0.0,29.979999542236328,0.0,29.979999542236328,29.979999542236328,29.979999542236328,0.0,0
2002-04-29,4.36397647857666,0.0,29.950000762939453,0.0,29.950000762939453,29.950000762939453,29.950000762939453,0.0,0
2002-04-30,4.413517951965332,0.0,30.290000915527344,0.0,30.290000915527344,30.290000915527344,30.290000915527344,0.0,0
2002-05-01,4.425174713134766,0.0,30.3700008392334,0.0,30.3700008392334,30.3700008392334,30.3700008392334,0.0,0
2002-05-02,4.43828821182251,0.0,30.459999084472656,0.0,30.459999084472656,30.459999084472656,30.459999084472656,0.0,0
2002-05-03,4.433917045593262,0.0,30.43000030517578,0.0,30.43000030517578,30.43000030517578,30.43000030517578,0.0,0
2002-05-06,4.406233310699463,0.0,30.239999771118164,0.0,30.239999771118164,30.239999771118164,30.239999771118164,0.0,0
2002-05-07,4.394576072692871,0.0,30.15999984741211,0.0,30.15999984741211,30.15999984741211,30.15999984741211,0.0,0
2002-05-08,4.429544925689697,0.0,30.399999618530273,0.0,30.399999618530273,30.399999618530273,30.399999618530273,0.0,0
2002-05-09,4.396032333374023,0.0,30.170000076293945,0.0,30.170000076293945,30.170000076293945,30.170000076293945,0.0,0
2002-05-10,4.36397647857666,0.0,29.950000762939453,0.0,29.950000762939453,29.950000762939453,29.950000762939453,0.0,0
2002-05-13,4.381461143493652,0.0,30.06999969482422,0.0,30.06999969482422,30.06999969482422,30.06999969482422,0.0,0
2002-05-14,4.442658424377441,0.0,30.489999771118164,0.0,30.489999771118164,30.489999771118164,30.489999771118164,0.0,0
2002-05-15,4.465972423553467,0.0,30.649999618530273,0.0,30.649999618530273,30.649999618530273,30.649999618530273,0.0,0
2002-05-16,4.444116592407227,0.0,30.5,0.0,30.5,30.5,30.5,0.0,0
2002-05-17,4.464515686035156,0.0,30.639999389648438,0.0,30.639999389648438,30.639999389648438,30.639999389648438,0.0,0
2002-05-20,4.442658424377441,0.0,30.489999771118164,0.0,30.489999771118164,30.489999771118164,30.489999771118164,0.0,0
2002-05-21,4.398946285247803,0.0,30.190000534057617,0.0,30.190000534057617,30.190000534057617,30.190000534057617,0.0,0
2002-05-22,4.393118381500244,0.0,30.149999618530273,0.0,30.149999618530273,30.149999618530273,30.149999618530273,0.0,0
2002-05-23,4.426631450653076,0.0,30.3799991607666,0.0,30.3799991607666,30.3799991607666,30.3799991607666,0.0,0
2002-05-24,4.410602569580078,0.0,30.270000457763672,0.0,30.270000457763672,30.270000457763672,30.270000457763672,0.0,0
2002-05-28,4.393118381500244,0.0,30.149999618530273,0.0,30.149999618530273,30.149999618530273,30.149999618530273,0.0,0
2002-05-29,4.377091407775879,0.0,30.040000915527344,0.0,30.040000915527344,30.040000915527344,30.040000915527344,0.0,0
2002-05-30,4.371262550354004,0.0,30.0,0.0,30.0,30.0,30.0,0.0,0
2002-05-31,4.385833263397217,0.0,30.100000381469727,0.0,30.100000381469727,30.100000381469727,30.100000381469727,0.0,0
2002-06-03,4.3260931968688965,0.0,29.690000534057617,0.0,29.690000534057617,29.690000534057617,29.690000534057617,0.0,0
2002-06-04,4.30423641204834,0.0,29.540000915527344,0.0,29.540000915527344,29.540000915527344,29.540000915527344,0.0,0
2002-06-05,4.321718692779541,0.0,29.65999984741211,0.0,29.65999984741211,29.65999984741211,29.65999984741211,0.0,0
2002-06-06,4.294036865234375,0.0,29.469999313354492,0.0,29.469999313354492,29.469999313354492,29.469999313354492,0.0,0
2002-06-07,4.3173508644104,0.0,29.6299991607666,0.0,29.6299991607666,29.6299991607666,29.6299991607666,0.0,0
2002-06-10,4.323176383972168,0.0,29.670000076293945,0.0,29.670000076293945,29.670000076293945,29.670000076293945,0.0,0
2002-06-11,4.2882080078125,0.0,29.43000030517578,0.0,29.43000030517578,29.43000030517578,29.43000030517578,0.0,0
2002-06-12,4.2867512702941895,0.0,29.420000076293945,0.0,29.420000076293945,29.420000076293945,29.420000076293945,0.0,0
2002-06-13,4.248865604400635,0.0,29.15999984741211,0.0,29.15999984741211,29.15999984741211,29.15999984741211,0.0,0
2002-06-14,4.248865604400635,0.0,29.15999984741211,0.0,29.15999984741211,29.15999984741211,29.15999984741211,0.0,0
2002-06-17,4.314435005187988,0.0,29.610000610351562,0.0,29.610000610351562,29.610000610351562,29.610000610351562,0.0,0
2002-06-18,4.314435005187988,0.0,29.610000610351562,0.0,29.610000610351562,29.610000610351562,29.610000610351562,0.0,0
2002-06-19,4.2867512702941895,0.0,29.420000076293945,0.0,29.420000076293945,29.420000076293945,29.420000076293945,0.0,0
2002-06-20,4.2678070068359375,0.0,29.290000915527344,0.0,29.290000915527344,29.290000915527344,29.290000915527344,0.0,0
2002-06-21,4.2561516761779785,0.0,29.209999084472656,0.0,29.209999084472656,29.209999084472656,29.209999084472656,0.0,0
2002-06-24,4.2386674880981445,0.0,29.09000015258789,0.0,29.09000015258789,29.09000015258789,29.09000015258789,0.0,0
2002-06-25,4.194953918457031,0.0,28.790000915527344,0.0,28.790000915527344,28.790000915527344,28.790000915527344,0.0,0
2002-06-26,4.194953918457031,0.0,28.790000915527344,0.0,28.790000915527344,28.790000915527344,28.790000915527344,0.0,0
2002-06-27,4.234296798706055,0.0,29.059999465942383,0.0,29.059999465942383,29.059999465942383,29.059999465942383,0.0,0
2002-06-28,4.261980056762695,0.0,29.25,0.0,29.25,29.25,29.25,0.0,0
2002-07-01,4.206610202789307,0.0,28.8700008392334,0.0,28.8700008392334,28.8700008392334,28.8700008392334,0.0,0
2002-07-02,4.120642185211182,0.0,28.280000686645508,0.0,28.280000686645508,28.280000686645508,28.280000686645508,0.0,0
2002-07-03,4.097329139709473,0.0,28.1200008392334,0.0,28.1200008392334,28.1200008392334,28.1200008392334,0.0,0
2002-07-05,4.180383682250977,0.0,28.690000534057617,0.0,28.690000534057617,28.690000534057617,28.690000534057617,0.0,0
2002-07-08,4.151241302490234,0.0,28.489999771118164,0.0,28.489999771118164,28.489999771118164,28.489999771118164,0.0,0
2002-07-09,4.127929210662842,0.0,28.329999923706055,0.0,28.329999923706055,28.329999923706055,28.329999923706055,0.0,0
2002-07-10,4.065274238586426,0.0,27.899999618530273,0.0,27.899999618530273,27.899999618530273,27.899999618530273,0.0,0
2002-07-11,4.031760215759277,0.0,27.670000076293945,0.0,27.670000076293945,27.670000076293945,27.670000076293945,0.0,0
2002-07-12,4.01427698135376,0.0,27.549999237060547,0.0,27.549999237060547,27.549999237060547,27.549999237060547,0.0,0
2002-07-15,3.9749338626861572,0.0,27.280000686645508,0.0,27.280000686645508,27.280000686645508,27.280000686645508,0.0,0
2002-07-16,3.939964532852173,0.0,27.040000915527344,0.0,27.040000915527344,27.040000915527344,27.040000915527344,0.0,0
2002-07-17,3.938507080078125,0.0,27.030000686645508,0.0,27.030000686645508,27.030000686645508,27.030000686645508,0.0,0
2002-07-18,3.8729379177093506,0.0,26.579999923706055,0.0,26.579999923706055,26.579999923706055,26.579999923706055,0.0,0
2002-07-19,3.8102829456329346,0.0,26.149999618530273,0.0,26.149999618530273,26.149999618530273,26.149999618530273,0.0,0
2002-07-22,3.7272298336029053,0.0,25.579999923706055,0.0,25.579999923706055,25.579999923706055,25.579999923706055,0.0,0
2002-07-23,3.6441755294799805,0.0,25.010000228881836,0.0,25.010000228881836,25.010000228881836,25.010000228881836,0.0,0
2002-07-24,3.7403435707092285,0.0,25.670000076293945,0.0,25.670000076293945,25.670000076293945,25.670000076293945,0.0,0
2002-07-25,3.747628688812256,0.0,25.719999313354492,0.0,25.719999313354492,25.719999313354492,25.719999313354492,0.0,0
2002-07-26,3.7665700912475586,0.0,25.850000381469727,0.0,25.850000381469727,25.850000381469727,25.850000381469727,0.0,0
2002-07-29,3.915193796157837,0.0,26.8700008392334,0.0,26.8700008392334,26.8700008392334,26.8700008392334,0.0,0
2002-07-30,3.9166510105133057,0.0,26.8799991607666,0.0,26.8799991607666,26.8799991607666,26.8799991607666,0.0,0
2002-07-31,3.890423536300659,0.0,26.700000762939453,0.0,26.700000762939453,26.700000762939453,26.700000762939453,0.0,0
2002-08-01,3.8554527759552,0.0,26.459999084472656,0.0,26.459999084472656,26.459999084472656,26.459999084472656,0.0,0
2002-08-02,3.762200355529785,0.0,25.81999969482422,0.0,25.81999969482422,25.81999969482422,25.81999969482422,0.0,0
2002-08-05,3.6908020973205566,0.0,25.329999923706055,0.0,25.329999923706055,25.329999923706055,25.329999923706055,0.0,0
2002-08-06,3.770941734313965,0.0,25.8799991607666,0.0,25.8799991607666,25.8799991607666,25.8799991607666,0.0,0
2002-08-07,3.8088271617889404,0.0,26.139999389648438,0.0,26.139999389648438,26.139999389648438,26.139999389648438,0.0,0
2002-08-08,3.852539300918579,0.0,26.440000534057617,0.0,26.440000534057617,26.440000534057617,26.440000534057617,0.0,0
2002-08-09,3.8583669662475586,0.0,26.479999542236328,0.0,26.479999542236328,26.479999542236328,26.479999542236328,0.0,0
2002-08-12,3.8423380851745605,0.0,26.3700008392334,0.0,26.3700008392334,26.3700008392334,26.3700008392334,0.0,0
2002-08-13,3.7869699001312256,0.0,25.989999771118164,0.0,25.989999771118164,25.989999771118164,25.989999771118164,0.0,0
2002-08-14,3.8685665130615234,0.0,26.549999237060547,0.0,26.549999237060547,26.549999237060547,26.549999237060547,0.0,0
2002-08-15,3.912278652191162,0.0,26.850000381469727,0.0,26.850000381469727,26.850000381469727,26.850000381469727,0.0,0
2002-08-16,3.932678699493408,0.0,26.989999771118164,0.0,26.989999771118164,26.989999771118164,26.989999771118164,0.0,0
2002-08-19,3.973477363586426,0.0,27.270000457763672,0.0,27.270000457763672,27.270000457763672,27.270000457763672,0.0,0
2002-08-20,3.944335699081421,0.0,27.06999969482422,0.0,27.06999969482422,27.06999969482422,27.06999969482422,0.0,0
2002-08-21,3.9836766719818115,0.0,27.34000015258789,0.0,27.34000015258789,27.34000015258789,27.34000015258789,0.0,0
2002-08-22,4.01427698135376,0.0,27.549999237060547,0.0,27.549999237060547,27.549999237060547,27.549999237060547,0.0,0
2002-08-23,3.9647347927093506,0.0,27.209999084472656,0.0,27.209999084472656,27.209999084472656,27.209999084472656,0.0,0
2002-08-26,3.9967904090881348,0.0,27.43000030517578,0.0,27.43000030517578,27.43000030517578,27.43000030517578,0.0,0
2002-08-27,3.915193796157837,0.0,26.8700008392334,0.0,26.8700008392334,26.8700008392334,26.8700008392334,0.0,0
2002-08-28,3.852539300918579,0.0,26.440000534057617,0.0,26.440000534057617,26.440000534057617,26.440000534057617,0.0,0
2002-08-29,3.8685665130615234,0.0,26.549999237060547,0.0,26.549999237060547,26.549999237060547,26.549999237060547,0.0,0
2002-08-30,3.8598239421844482,0.0,26.489999771118164,0.0,26.489999771118164,26.489999771118164,26.489999771118164,0.0,0
2002-09-03,3.7782275676727295,0.0,25.93000030517578,0.0,25.93000030517578,25.93000030517578,25.93000030517578,0.0,0
2002-09-04,3.8379671573638916,0.0,26.34000015258789,0.0,26.34000015258789,26.34000015258789,26.34000015258789,0.0,0
2002-09-05,3.7855122089385986,0.0,25.979999542236328,0.0,25.979999542236328,25.979999542236328,25.979999542236328,0.0,0
2002-09-06,3.852553129196167,0.0,25.860000610351562,0.57,25.860000610351562,25.860000610351562,25.860000610351562,0.0,0
2002-09-09,3.870429515838623,0.0,25.979999542236328,0.0,25.979999542236328,25.979999542236328,25.979999542236328,0.0,0
2002-09-10,3.8719193935394287,0.0,25.989999771118164,0.0,25.989999771118164,25.989999771118164,25.989999771118164,0.0,0
2002-09-11,3.868940830230713,0.0,25.969999313354492,0.0,25.969999313354492,25.969999313354492,25.969999313354492,0.0,0
2002-09-12,3.8153090476989746,0.0,25.610000610351562,0.0,25.610000610351562,25.610000610351562,25.610000610351562,0.0,0
2002-09-13,3.8227577209472656,0.0,25.65999984741211,0.0,25.65999984741211,25.65999984741211,25.65999984741211,0.0,0
2002-09-16,3.8004117012023926,0.0,25.510000228881836,0.0,25.510000228881836,25.510000228881836,25.510000228881836,0.0,0
2002-09-17,3.7378406524658203,0.0,25.09000015258789,0.0,25.09000015258789,25.09000015258789,25.09000015258789,0.0,0
2002-09-18,3.7184739112854004,0.0,24.959999084472656,0.0,24.959999084472656,24.959999084472656,24.959999084472656,0.0,0
2002-09-19,3.6305763721466064,0.0,24.3700008392334,0.0,24.3700008392334,24.3700008392334,24.3700008392334,0.0,0
2002-09-20,3.6305763721466064,0.0,24.3700008392334,0.0,24.3700008392334,24.3700008392334,24.3700008392334,0.0,0
2002-09-23,3.5635368824005127,0.0,23.920000076293945,0.0,23.920000076293945,23.920000076293945,23.920000076293945,0.0,0
2002-09-24,3.521822214126587,0.0,23.639999389648438,0.0,23.639999389648438,23.639999389648438,23.639999389648438,0.0,0
2002-09-25,3.585883855819702,0.0,24.06999969482422,0.0,24.06999969482422,24.06999969482422,24.06999969482422,0.0,0
2002-09-26,3.638026237487793,0.0,24.420000076293945,0.0,24.420000076293945,24.420000076293945,24.420000076293945,0.0,0
2002-09-27,3.5635368824005127,0.0,23.920000076293945,0.0,23.920000076293945,23.920000076293945,23.920000076293945,0.0,0
2002-09-30,3.5397002696990967,0.0,23.760000228881836,0.0,23.760000228881836,23.760000228881836,23.760000228881836,0.0,0
2002-10-01,3.573965549468994,0.0,23.989999771118164,0.0,23.989999771118164,23.989999771118164,23.989999771118164,0.0,0
2002-10-02,3.518843173980713,0.0,23.6200008392334,0.0,23.6200008392334,23.6200008392334,23.6200008392334,0.0,0
2002-10-03,3.4830894470214844,0.0,23.3799991607666,0.0,23.3799991607666,23.3799991607666,23.3799991607666,0.0,0
2002-10-04,3.4160497188568115,0.0,22.93000030517578,0.0,22.93000030517578,22.93000030517578,22.93000030517578,0.0,0
2002-10-07,3.343050241470337,0.0,22.440000534057617,0.0,22.440000534057617,22.440000534057617,22.440000534057617,0.0,0
2002-10-08,3.374335765838623,0.0,22.649999618530273,0.0,22.649999618530273,22.649999618530273,22.649999618530273,0.0,0
2002-10-09,3.2804806232452393,0.0,22.020000457763672,0.0,22.020000457763672,22.020000457763672,22.020000457763672,0.0,0
2002-10-10,3.3490099906921387,0.0,22.479999542236328,0.0,22.479999542236328,22.479999542236328,22.479999542236328,0.0,0
2002-10-11,3.4518039226531982,0.0,23.170000076293945,0.0,23.170000076293945,23.170000076293945,23.170000076293945,0.0,0
2002-10-14,3.4607419967651367,0.0,23.229999542236328,0.0,23.229999542236328,23.229999542236328,23.229999542236328,0.0,0
2002-10-15,3.594822406768799,0.0,24.1299991607666,0.0,24.1299991607666,24.1299991607666,24.1299991607666,0.0,0
2002-10-16,3.5173535346984863,0.0,23.610000610351562,0.0,23.610000610351562,23.610000610351562,23.610000610351562,0.0,0
2002-10-17,3.6156787872314453,0.0,24.270000457763672,0.0,24.270000457763672,24.270000457763672,24.270000457763672,0.0,0
2002-10-18,3.6261069774627686,0.0,24.34000015258789,0.0,24.34000015258789,24.34000015258789,24.34000015258789,0.0,0
2002-10-21,3.6812291145324707,0.0,24.709999084472656,0.0,24.709999084472656,24.709999084472656,24.709999084472656,0.0,0
2002-10-22,3.6350460052490234,0.0,24.399999618530273,0.0,24.399999618530273,24.399999618530273,24.399999618530273,0.0,0
2002-10-23,3.6708009243011475,0.0,24.639999389648438,0.0,24.639999389648438,24.639999389648438,24.639999389648438,0.0,0
2002-10-24,3.6469621658325195,0.0,24.479999542236328,0.0,24.479999542236328,24.479999542236328,24.479999542236328,0.0,0
2002-10-25,3.691657304763794,0.0,24.780000686645508,0.0,24.780000686645508,24.780000686645508,24.780000686645508,0.0,0
2002-10-28,3.658881664276123,0.0,24.559999465942383,0.0,24.559999465942383,24.559999465942383,24.559999465942383,0.0,0
2002-10-29,3.6335549354553223,0.0,24.389999389648438,0.0,24.389999389648438,24.389999389648438,24.389999389648438,0.0,0
2002-10-30,3.658881664276123,0.0,24.559999465942383,0.0,24.559999465942383,24.559999465942383,24.559999465942383,0.0,0
2002-10-31,3.6737797260284424,0.0,24.65999984741211,0.0,24.65999984741211,24.65999984741211,24.65999984741211,0.0,0
2002-11-01,3.742309093475342,0.0,25.1200008392334,0.0,25.1200008392334,25.1200008392334,25.1200008392334,0.0,0
2002-11-04,3.7810440063476562,0.0,25.3799991607666,0.0,25.3799991607666,25.3799991607666,25.3799991607666,0.0,0
2002-11-05,3.7661452293395996,0.0,25.280000686645508,0.0,25.280000686645508,25.280000686645508,25.280000686645508,0.0,0
2002-11-06,3.8108391761779785,0.0,25.579999923706055,0.0,25.579999923706055,25.579999923706055,25.579999923706055,0.0,0
2002-11-07,3.752737522125244,0.0,25.190000534057617,0.0,25.190000534057617,25.190000534057617,25.190000534057617,0.0,0
2002-11-08,3.700596570968628,0.0,24.84000015258789,0.0,24.84000015258789,24.84000015258789,24.84000015258789,0.0,0
2002-11-11,3.6261069774627686,0.0,24.34000015258789,0.0,24.34000015258789,24.34000015258789,24.34000015258789,0.0,0
2002-11-12,3.660372018814087,0.0,24.56999969482422,0.0,24.56999969482422,24.56999969482422,24.56999969482422,0.0,0
2002-11-13,3.6708009243011475,0.0,24.639999389648438,0.0,24.639999389648438,24.639999389648438,24.639999389648438,0.0,0
2002-11-14,3.748267889022827,0.0,25.15999984741211,0.0,25.15999984741211,25.15999984741211,25.15999984741211,0.0,0
2002-11-15,3.7676360607147217,0.0,25.290000915527344,0.0,25.290000915527344,25.290000915527344,25.290000915527344,0.0,0
2002-11-18,3.7363510131835938,0.0,25.079999923706055,0.0,25.079999923706055,25.079999923706055,25.079999923706055,0.0,0
2002-11-19,3.7080440521240234,0.0,24.889999389648438,0.0,24.889999389648438,24.889999389648438,24.889999389648438,0.0,0
2002-11-20,3.7646570205688477,0.0,25.270000457763672,0.0,25.270000457763672,25.270000457763672,25.270000457763672,0.0,0
2002-11-21,3.8346755504608154,0.0,25.739999771118164,0.0,25.739999771118164,25.739999771118164,25.739999771118164,0.0,0
2002-11-22,3.8555312156677246,0.0,25.8799991607666,0.0,25.8799991607666,25.8799991607666,25.8799991607666,0.0,0
2002-11-25,3.868940830230713,0.0,25.969999313354492,0.0,25.969999313354492,25.969999313354492,25.969999313354492,0.0,0
2002-11-26,3.82126784324646,0.0,25.649999618530273,0.0,25.649999618530273,25.649999618530273,25.649999618530273,0.0,0
2002-11-27,3.9181020259857178,0.0,26.299999237060547,0.0,26.299999237060547,26.299999237060547,26.299999237060547,0.0,0
2002-11-29,3.916611671447754,0.0,26.290000915527344,0.0,26.290000915527344,26.290000915527344,26.290000915527344,0.0,0
2002-12-02,3.922572135925293,0.0,26.329999923706055,0.0,26.329999923706055,26.329999923706055,26.329999923706055,0.0,0
2002-12-03,3.864471197128296,0.0,25.940000534057617,0.0,25.940000534057617,25.940000534057617,25.940000534057617,0.0,0
2002-12-04,3.8555312156677246,0.0,25.8799991607666,0.0,25.8799991607666,25.8799991607666,25.8799991607666,0.0,0
2002-12-05,3.8138182163238525,0.0,25.600000381469727,0.0,25.600000381469727,25.600000381469727,25.600000381469727,0.0,0
2002-12-06,3.831696033477783,0.0,25.719999313354492,0.0,25.719999313354492,25.719999313354492,25.719999313354492,0.0,0
2002-12-09,3.7542288303375244,0.0,25.200000762939453,0.0,25.200000762939453,25.200000762939453,25.200000762939453,0.0,0
2002-12-10,3.801900863647461,0.0,25.520000457763672,0.0,25.520000457763672,25.520000457763672,25.520000457763672,0.0,0
2002-12-11,3.8033905029296875,0.0,25.530000686645508,0.0,25.530000686645508,25.530000686645508,25.530000686645508,0.0,0
2002-12-12,3.8108391761779785,0.0,25.579999923706055,0.0,25.579999923706055,25.579999923706055,25.579999923706055,0.0,0
2002-12-13,3.746779680252075,0.0,25.149999618530273,0.0,25.149999618530273,25.149999618530273,25.149999618530273,0.0,0
2002-12-16,3.8138182163238525,0.0,25.600000381469727,0.0,25.600000381469727,25.600000381469727,25.600000381469727,0.0,0
2002-12-17,3.788492202758789,0.0,25.43000030517578,0.0,25.43000030517578,25.43000030517578,25.43000030517578,0.0,0
2002-12-18,3.7452895641326904,0.0,25.139999389648438,0.0,25.139999389648438,25.139999389648438,25.139999389648438,0.0,0
2002-12-19,3.7259223461151123,0.0,25.010000228881836,0.0,25.010000228881836,25.010000228881836,25.010000228881836,0.0,0
2002-12-20,3.746779680252075,0.0,25.149999618530273,0.0,25.149999618530273,25.149999618530273,25.149999618530273,0.0,0
2002-12-23,3.7497575283050537,0.0,25.170000076293945,0.0,25.170000076293945,25.170000076293945,25.170000076293945,0.0,0
2002-12-24,3.7378406524658203,0.0,25.09000015258789,0.0,25.09000015258789,25.09000015258789,25.09000015258789,0.0,0
2002-12-26,3.7542288303375244,0.0,25.200000762939453,0.0,25.200000762939453,25.200000762939453,25.200000762939453,0.0,0
2002-12-27,3.7140045166015625,0.0,24.93000030517578,0.0,24.93000030517578,24.93000030517578,24.93000030517578,0.0,0
2002-12-30,3.72294282913208,0.0,24.989999771118164,0.0,24.989999771118164,24.989999771118164,24.989999771118164,0.0,0
2002-12-31,3.7497575283050537,0.0,25.170000076293945,0.0,25.170000076293945,25.170000076293945,25.170000076293945,0.0,0
2003-01-02,3.8451030254364014,0.0,25.809999465942383,0.0,25.809999465942383,25.809999465942383,25.809999465942383,0.0,0
2003-01-03,3.831696033477783,0.0,25.719999313354492,0.0,25.719999313354492,25.719999313354492,25.719999313354492,0.0,0
2003-01-06,3.8778796195983887,0.0,26.030000686645508,0.0,26.030000686645508,26.030000686645508,26.030000686645508,0.0,0
2003-01-07,3.864471197128296,0.0,25.940000534057617,0.0,25.940000534057617,25.940000534057617,25.940000534057617,0.0,0
2003-01-08,3.830204725265503,0.0,25.709999084472656,0.0,25.709999084472656,25.709999084472656,25.709999084472656,0.0,0
2003-01-09,3.888307809829712,0.0,26.100000381469727,0.0,26.100000381469727,26.100000381469727,26.100000381469727,0.0,0
2003-01-10,3.898736000061035,0.0,26.170000076293945,0.0,26.170000076293945,26.170000076293945,26.170000076293945,0.0,0
2003-01-13,3.8957552909851074,0.0,26.149999618530273,0.0,26.149999618530273,26.149999618530273,26.149999618530273,0.0,0
2003-01-14,3.906184673309326,0.0,26.219999313354492,0.0,26.219999313354492,26.219999313354492,26.219999313354492,0.0,0
2003-01-15,3.879368305206299,0.0,26.040000915527344,0.0,26.040000915527344,26.040000915527344,26.040000915527344,0.0,0
2003-01-16,3.882347822189331,0.0,26.059999465942383,0.0,26.059999465942383,26.059999465942383,26.059999465942383,0.0,0
2003-01-17,3.8391456604003906,0.0,25.770000457763672,0.0,25.770000457763672,25.770000457763672,25.770000457763672,0.0,0
2003-01-21,3.7899820804595947,0.0,25.440000534057617,0.0,25.440000534057617,25.440000534057617,25.440000534057617,0.0,0
2003-01-22,3.760186195373535,0.0,25.239999771118164,0.0,25.239999771118164,25.239999771118164,25.239999771118164,0.0,0
2003-01-23,3.7825331687927246,0.0,25.389999389648438,0.0,25.389999389648438,25.389999389648438,25.389999389648438,0.0,0
2003-01-24,3.7140045166015625,0.0,24.93000030517578,0.0,24.93000030517578,24.93000030517578,24.93000030517578,0.0,0
2003-01-27,3.658881664276123,0.0,24.559999465942383,0.0,24.559999465942383,24.559999465942383,24.559999465942383,0.0,0
2003-01-28,3.6812291145324707,0.0,24.709999084472656,0.0,24.709999084472656,24.709999084472656,24.709999084472656,0.0,0
2003-01-29,3.6842076778411865,0.0,24.729999542236328,0.0,24.729999542236328,24.729999542236328,24.729999542236328,0.0,0
2003-01-30,3.6305763721466064,0.0,24.3700008392334,0.0,24.3700008392334,24.3700008392334,24.3700008392334,0.0,0
2003-01-31,3.6633520126342773,0.0,24.59000015258789,0.0,24.59000015258789,24.59000015258789,24.59000015258789,0.0,0
2003-02-03,3.6648409366607666,0.0,24.600000381469727,0.0,24.600000381469727,24.600000381469727,24.600000381469727,0.0,0
2003-02-04,3.6365349292755127,0.0,24.40999984741211,0.0,24.40999984741211,24.40999984741211,24.40999984741211,0.0,0
2003-02-05,3.6275973320007324,0.0,24.350000381469727,0.0,24.350000381469727,24.350000381469727,24.350000381469727,0.0,0
2003-02-06,3.5978000164031982,0.0,24.149999618530273,0.0,24.149999618530273,24.149999618530273,24.149999618530273,0.0,0
2003-02-07,3.5516183376312256,0.0,23.84000015258789,0.0,23.84000015258789,23.84000015258789,23.84000015258789,0.0,0
2003-02-10,3.5635368824005127,0.0,23.920000076293945,0.0,23.920000076293945,23.920000076293945,23.920000076293945,0.0,0
2003-02-11,3.5516183376312256,0.0,23.84000015258789,0.0,23.84000015258789,23.84000015258789,23.84000015258789,0.0,0
2003-02-12,3.5128836631774902,0.0,23.579999923706055,0.0,23.579999923706055,23.579999923706055,23.579999923706055,0.0,0
2003-02-13,3.487558603286743,0.0,23.40999984741211,0.0,23.40999984741211,23.40999984741211,23.40999984741211,0.0,0
2003-02-14,3.523313045501709,0.0,23.649999618530273,0.0,23.649999618530273,23.649999618530273,23.649999618530273,0.0,0
2003-02-18,3.578434467315674,0.0,24.020000457763672,0.0,24.020000457763672,24.020000457763672,24.020000457763672,0.0,0
2003-02-19,3.54267954826355,0.0,23.780000686645508,0.0,23.780000686645508,23.780000686645508,23.780000686645508,0.0,0
2003-02-20,3.5337417125701904,0.0,23.719999313354492,0.0,23.719999313354492,23.719999313354492,23.719999313354492,0.0,0
2003-02-21,3.568006753921509,0.0,23.950000762939453,0.0,23.950000762939453,23.950000762939453,23.950000762939453,0.0,0
2003-02-24,3.511394739151001,0.0,23.56999969482422,0.0,23.56999969482422,23.56999969482422,23.56999969482422,0.0,0
2003-02-25,3.5248024463653564,0.0,23.65999984741211,0.0,23.65999984741211,23.65999984741211,23.65999984741211,0.0,0
2003-02-26,3.4964964389801025,0.0,23.469999313354492,0.0,23.469999313354492,23.469999313354492,23.469999313354492,0.0,0
2003-02-27,3.526291847229004,0.0,23.670000076293945,0.0,23.670000076293945,23.670000076293945,23.670000076293945,0.0,0
2003-02-28,3.5367209911346436,0.0,23.739999771118164,0.0,23.739999771118164,23.739999771118164,23.739999771118164,0.0,0
2003-03-03,3.523313045501709,0.0,23.649999618530273,0.0,23.649999618530273,23.649999618530273,23.649999618530273,0.0,0
2003-03-04,3.472661018371582,0.0,23.309999465942383,0.0,23.309999465942383,23.309999465942383,23.309999465942383,0.0,0
2003-03-05,3.469680070877075,0.0,23.290000915527344,0.0,23.290000915527344,23.290000915527344,23.290000915527344,0.0,0
2003-03-06,3.4473352432250977,0.0,23.139999389648438,0.0,23.139999389648438,23.139999389648438,23.139999389648438,0.0,0
2003-03-07,3.4562735557556152,0.0,23.200000762939453,0.0,23.200000762939453,23.200000762939453,23.200000762939453,0.0,0
2003-03-10,3.389233350753784,0.0,22.75,0.0,22.75,22.75,22.75,0.0,0
2003-03-11,3.3713560104370117,0.0,22.6299991607666,0.0,22.6299991607666,22.6299991607666,22.6299991607666,0.0,0
2003-03-12,3.360927104949951,0.0,22.559999465942383,0.0,22.559999465942383,22.559999465942383,22.559999465942383,0.0,0
2003-03-13,3.4532928466796875,0.0,23.18000030517578,0.0,23.18000030517578,23.18000030517578,23.18000030517578,0.0,0
2003-03-14,3.4592525959014893,0.0,23.219999313354492,0.0,23.219999313354492,23.219999313354492,23.219999313354492,0.0,0
2003-03-17,3.5590665340423584,0.0,23.889999389648438,0.0,23.889999389648438,23.889999389648438,23.889999389648438,0.0,0
2003-03-18,3.579925298690796,0.0,24.030000686645508,0.0,24.030000686645508,24.030000686645508,24.030000686645508,0.0,0
2003-03-19,3.5650269985198975,0.0,23.93000030517578,0.0,23.93000030517578,23.93000030517578,23.93000030517578,0.0,0
2003-03-20,3.579925298690796,0.0,24.030000686645508,0.0,24.030000686645508,24.030000686645508,24.030000686645508,0.0,0
2003-03-21,3.6305763721466064,0.0,24.3700008392334,0.0,24.3700008392334,24.3700008392334,24.3700008392334,0.0,0
2003-03-24,3.54267954826355,0.0,23.780000686645508,0.0,23.780000686645508,23.780000686645508,23.780000686645508,0.0,0
2003-03-25,3.573965549468994,0.0,23.989999771118164,0.0,23.989999771118164,23.989999771118164,23.989999771118164,0.0,0
2003-03-26,3.554598569869995,0.0,23.860000610351562,0.0,23.860000610351562,23.860000610351562,23.860000610351562,0.0,0
2003-03-27,3.5560877323150635,0.0,23.8700008392334,0.0,23.8700008392334,23.8700008392334,23.8700008392334,0.0,0
2003-03-28,3.5531094074249268,0.0,23.850000381469727,0.0,23.850000381469727,23.850000381469727,23.850000381469727,0.0,0
2003-03-31,3.523313045501709,0.0,23.649999618530273,0.0,23.649999618530273,23.649999618530273,23.649999618530273,0.0,0
2003-04-01,3.5411899089813232,0.0,23.770000457763672,0.0,23.770000457763672,23.770000457763672,23.770000457763672,0.0,0
2003-04-02,3.611210346221924,0.0,24.239999771118164,0.0,24.239999771118164,24.239999771118164,24.239999771118164,0.0,0
2003-04-03,3.608229875564575,0.0,24.219999313354492,0.0,24.219999313354492,24.219999313354492,24.219999313354492,0.0,0
2003-04-04,3.6052498817443848,0.0,24.200000762939453,0.0,24.200000762939453,24.200000762939453,24.200000762939453,0.0,0
2003-04-07,3.624616861343384,0.0,24.329999923706055,0.0,24.329999923706055,24.329999923706055,24.329999923706055,0.0,0
2003-04-08,3.611210346221924,0.0,24.239999771118164,0.0,24.239999771118164,24.239999771118164,24.239999771118164,0.0,0
2003-04-09,3.594822406768799,0.0,24.1299991607666,0.0,24.1299991607666,24.1299991607666,24.1299991607666,0.0,0
2003-04-10,3.614189386367798,0.0,24.260000228881836,0.0,24.260000228881836,24.260000228881836,24.260000228881836,0.0,0
2003-04-11,3.608229875564575,0.0,24.219999313354492,0.0,24.219999313354492,24.219999313354492,24.219999313354492,0.0,0
2003-04-14,3.669309377670288,0.0,24.6299991607666,0.0,24.6299991607666,24.6299991607666,24.6299991607666,0.0,0
2003-04-15,3.6901681423187256,0.0,24.770000457763672,0.0,24.770000457763672,24.770000457763672,24.770000457763672,0.0,0
2003-04-16,3.6529247760772705,0.0,24.520000457763672,0.0,24.520000457763672,24.520000457763672,24.520000457763672,0.0,0
2003-04-17,3.702085494995117,0.0,24.850000381469727,0.0,24.850000381469727,24.850000381469727,24.850000381469727,0.0,0
2003-04-21,3.7065541744232178,0.0,24.8799991607666,0.0,24.8799991607666,24.8799991607666,24.8799991607666,0.0,0
2003-04-22,3.7691256999969482,0.0,25.299999237060547,0.0,25.299999237060547,25.299999237060547,25.299999237060547,0.0,0
2003-04-23,3.7989208698272705,0.0,25.5,0.0,25.5,25.5,25.5,0.0,0
2003-04-24,3.7780637741088867,0.0,25.360000610351562,0.0,25.360000610351562,25.360000610351562,25.360000610351562,0.0,0
2003-04-25,3.7437987327575684,0.0,25.1299991607666,0.0,25.1299991607666,25.1299991607666,25.1299991607666,0.0,0
2003-04-28,3.8004117012023926,0.0,25.510000228881836,0.0,25.510000228881836,25.510000228881836,25.510000228881836,0.0,0
2003-04-29,3.8257369995117188,0.0,25.68000030517578,0.0,25.68000030517578,25.68000030517578,25.68000030517578,0.0,0
2003-04-30,3.8451030254364014,0.0,25.809999465942383,0.0,25.809999465942383,25.809999465942383,25.809999465942383,0.0,0
2003-05-01,3.8480842113494873,0.0,25.829999923706055,0.0,25.829999923706055,25.829999923706055,25.829999923706055,0.0,0
2003-05-02,3.9032037258148193,0.0,26.200000762939453,0.0,26.200000762939453,26.200000762939453,26.200000762939453,0.0,0
2003-05-05,3.913632869720459,0.0,26.270000457763672,0.0,26.270000457763672,26.270000457763672,26.270000457763672,0.0,0
2003-05-06,3.958326816558838,0.0,26.56999969482422,0.0,26.56999969482422,26.56999969482422,26.56999969482422,0.0,0
2003-05-07,3.9404516220092773,0.0,26.450000762939453,0.0,26.450000762939453,26.450000762939453,26.450000762939453,0.0,0
2003-05-08,3.9255521297454834,0.0,26.350000381469727,0.0,26.350000381469727,26.350000381469727,26.350000381469727,0.0,0
2003-05-09,3.96130633354187,0.0,26.59000015258789,0.0,26.59000015258789,26.59000015258789,26.59000015258789,0.0,0
2003-05-12,4.007490158081055,0.0,26.899999618530273,0.0,26.899999618530273,26.899999618530273,26.899999618530273,0.0,0
2003-05-13,4.017916202545166,0.0,26.969999313354492,0.0,26.969999313354492,26.969999313354492,26.969999313354492,0.0,0
2003-05-14,4.01046895980835,0.0,26.920000076293945,0.0,26.920000076293945,26.920000076293945,26.920000076293945,0.0,0
2003-05-15,4.016428470611572,0.0,26.959999084472656,0.0,26.959999084472656,26.959999084472656,26.959999084472656,0.0,0
2003-05-16,3.9940810203552246,0.0,26.809999465942383,0.0,26.809999465942383,26.809999465942383,26.809999465942383,0.0,0
2003-05-19,3.924060583114624,0.0,26.34000015258789,0.0,26.34000015258789,26.34000015258789,26.34000015258789,0.0,0
2003-05-20,3.924060583114624,0.0,26.34000015258789,0.0,26.34000015258789,26.34000015258789,26.34000015258789,0.0,0
2003-05-21,3.932999849319458,0.0,26.399999618530273,0.0,26.399999618530273,26.399999618530273,26.399999618530273,0.0,0
2003-05-22,3.968754529953003,0.0,26.639999389648438,0.0,26.639999389648438,26.639999389648438,26.639999389648438,0.0,0
2003-05-23,3.983652353286743,0.0,26.739999771118164,0.0,26.739999771118164,26.739999771118164,26.739999771118164,0.0,0
2003-05-27,4.035795211791992,0.0,27.09000015258789,0.0,27.09000015258789,27.09000015258789,27.09000015258789,0.0,0
2003-05-28,4.071549415588379,0.0,27.329999923706055,0.0,27.329999923706055,27.329999923706055,27.329999923706055,0.0,0
2003-05-29,4.087936878204346,0.0,27.440000534057617,0.0,27.440000534057617,27.440000534057617,27.440000534057617,0.0,0
2003-05-30,4.157957077026367,0.0,27.90999984741211,0.0,27.90999984741211,27.90999984741211,27.90999984741211,0.0,0
2003-06-02,4.190731048583984,0.0,28.1299991607666,0.0,28.1299991607666,28.1299991607666,28.1299991607666,0.0,0
2003-06-03,4.180301666259766,0.0,28.059999465942383,0.0,28.059999465942383,28.059999465942383,28.059999465942383,0.0,0
2003-06-04,4.239892482757568,0.0,28.459999084472656,0.0,28.459999084472656,28.459999084472656,28.459999084472656,0.0,0
2003-06-05,4.277137756347656,0.0,28.709999084472656,0.0,28.709999084472656,28.709999084472656,28.709999084472656,0.0,0
2003-06-06,4.263729095458984,0.0,28.6200008392334,0.0,28.6200008392334,28.6200008392334,28.6200008392334,0.0,0
2003-06-09,4.205629348754883,0.0,28.229999542236328,0.0,28.229999542236328,28.229999542236328,28.229999542236328,0.0,0
2003-06-10,4.2503228187561035,0.0,28.530000686645508,0.0,28.530000686645508,28.530000686645508,28.530000686645508,0.0,0
2003-06-11,4.302463531494141,0.0,28.8799991607666,0.0,28.8799991607666,28.8799991607666,28.8799991607666,0.0,0
2003-06-12,4.3084235191345215,0.0,28.920000076293945,0.0,28.920000076293945,28.920000076293945,28.920000076293945,0.0,0
2003-06-13,4.27564811706543,0.0,28.700000762939453,0.0,28.700000762939453,28.700000762939453,28.700000762939453,0.0,0
2003-06-16,4.342686176300049,0.0,29.149999618530273,0.0,29.149999618530273,29.149999618530273,29.149999618530273,0.0,0
2003-06-17,4.357584476470947,0.0,29.25,0.0,29.25,29.25,29.25,0.0,0
2003-06-18,4.351624965667725,0.0,29.209999084472656,0.0,29.209999084472656,29.209999084472656,29.209999084472656,0.0,0
2003-06-19,4.3069329261779785,0.0,28.90999984741211,0.0,28.90999984741211,28.90999984741211,28.90999984741211,0.0,0
2003-06-20,4.30544376373291,0.0,28.899999618530273,0.0,28.899999618530273,28.899999618530273,28.899999618530273,0.0,0
2003-06-23,4.233935356140137,0.0,28.420000076293945,0.0,28.420000076293945,28.420000076293945,28.420000076293945,0.0,0
2003-06-24,4.242873668670654,0.0,28.479999542236328,0.0,28.479999542236328,28.479999542236328,28.479999542236328,0.0,0
2003-06-25,4.242873668670654,0.0,28.479999542236328,0.0,28.479999542236328,28.479999542236328,28.479999542236328,0.0,0
2003-06-26,4.284587860107422,0.0,28.760000228881836,0.0,28.760000228881836,28.760000228881836,28.760000228881836,0.0,0
2003-06-27,4.277137756347656,0.0,28.709999084472656,0.0,28.709999084472656,28.709999084472656,28.709999084472656,0.0,0
2003-06-30,4.274158477783203,0.0,28.690000534057617,0.0,28.690000534057617,28.690000534057617,28.690000534057617,0.0,0
2003-07-01,4.287566661834717,0.0,28.780000686645508,0.0,28.780000686645508,28.780000686645508,28.780000686645508,0.0,0
2003-07-02,4.34417724609375,0.0,29.15999984741211,0.0,29.15999984741211,29.15999984741211,29.15999984741211,0.0,0
2003-07-03,4.330770015716553,0.0,29.06999969482422,0.0,29.06999969482422,29.06999969482422,29.06999969482422,0.0,0
2003-07-07,4.393340110778809,0.0,29.489999771118164,0.0,29.489999771118164,29.489999771118164,29.489999771118164,0.0,0
2003-07-08,4.448462009429932,0.0,29.860000610351562,0.0,29.860000610351562,29.860000610351562,29.860000610351562,0.0,0
2003-07-09,4.460379123687744,0.0,29.940000534057617,0.0,29.940000534057617,29.940000534057617,29.940000534057617,0.0,0
2003-07-10,4.415685653686523,0.0,29.639999389648438,0.0,29.639999389648438,29.639999389648438,29.639999389648438,0.0,0
2003-07-11,4.448462009429932,0.0,29.860000610351562,0.0,29.860000610351562,29.860000610351562,29.860000610351562,0.0,0
2003-07-14,4.48719596862793,0.0,30.1200008392334,0.0,30.1200008392334,30.1200008392334,30.1200008392334,0.0,0
2003-07-15,4.472298622131348,0.0,30.020000457763672,0.0,30.020000457763672,30.020000457763672,30.020000457763672,0.0,0
2003-07-16,4.461869716644287,0.0,29.950000762939453,0.0,29.950000762939453,29.950000762939453,29.950000762939453,0.0,0
2003-07-17,4.384402275085449,0.0,29.43000030517578,0.0,29.43000030517578,29.43000030517578,29.43000030517578,0.0,0
2003-07-18,4.409727096557617,0.0,29.600000381469727,0.0,29.600000381469727,29.600000381469727,29.600000381469727,0.0,0
2003-07-21,4.370994567871094,0.0,29.34000015258789,0.0,29.34000015258789,29.34000015258789,29.34000015258789,0.0,0
2003-07-22,4.402278423309326,0.0,29.549999237060547,0.0,29.549999237060547,29.549999237060547,29.549999237060547,0.0,0
2003-07-23,4.415685653686523,0.0,29.639999389648438,0.0,29.639999389648438,29.639999389648438,29.639999389648438,0.0,0
2003-07-24,4.4037675857543945,0.0,29.559999465942383,0.0,29.559999465942383,29.559999465942383,29.559999465942383,0.0,0
2003-07-25,4.442502498626709,0.0,29.81999969482422,0.0,29.81999969482422,29.81999969482422,29.81999969482422,0.0,0
2003-07-28,4.46931791305542,0.0,30.0,0.0,30.0,30.0,30.0,0.0,0
2003-07-29,4.458889961242676,0.0,29.93000030517578,0.0,29.93000030517578,29.93000030517578,29.93000030517578,0.0,0
2003-07-30,4.457401275634766,0.0,29.920000076293945,0.0,29.920000076293945,29.920000076293945,29.920000076293945,0.0,0
2003-07-31,4.481237411499023,0.0,30.079999923706055,0.0,30.079999923706055,30.079999923706055,30.079999923706055,0.0,0
2003-08-01,4.436543941497803,0.0,29.780000686645508,0.0,29.780000686645508,29.780000686645508,29.780000686645508,0.0,0
2003-08-04,4.43058443069458,0.0,29.739999771118164,0.0,29.739999771118164,29.739999771118164,29.739999771118164,0.0,0
2003-08-05,4.378441333770752,0.0,29.389999389648438,0.0,29.389999389648438,29.389999389648438,29.389999389648438,0.0,0
2003-08-06,4.370994567871094,0.0,29.34000015258789,0.0,29.34000015258789,29.34000015258789,29.34000015258789,0.0,0
2003-08-07,4.378441333770752,0.0,29.389999389648438,0.0,29.389999389648438,29.389999389648438,29.389999389648438,0.0,0
2003-08-08,4.397809028625488,0.0,29.520000457763672,0.0,29.520000457763672,29.520000457763672,29.520000457763672,0.0,0
2003-08-11,4.424622535705566,0.0,29.700000762939453,0.0,29.700000762939453,29.700000762939453,29.700000762939453,0.0,0
2003-08-12,4.4767680168151855,0.0,30.049999237060547,0.0,30.049999237060547,30.049999237060547,30.049999237060547,0.0,0
2003-08-13,4.485705852508545,0.0,30.110000610351562,0.0,30.110000610351562,30.110000610351562,30.110000610351562,0.0,0
2003-08-14,4.509541988372803,0.0,30.270000457763672,0.0,30.270000457763672,30.270000457763672,30.270000457763672,0.0,0
2003-08-15,4.5169901847839355,0.0,30.31999969482422,0.0,30.31999969482422,30.31999969482422,30.31999969482422,0.0,0
2003-08-18,4.557215213775635,0.0,30.59000015258789,0.0,30.59000015258789,30.59000015258789,30.59000015258789,0.0,0
2003-08-19,4.600419044494629,0.0,30.8799991607666,0.0,30.8799991607666,30.8799991607666,30.8799991607666,0.0,0
2003-08-20,4.598928451538086,0.0,30.8700008392334,0.0,30.8700008392334,30.8700008392334,30.8700008392334,0.0,0
2003-08-21,4.630214691162109,0.0,31.079999923706055,0.0,31.079999923706055,31.079999923706055,31.079999923706055,0.0,0
2003-08-22,4.589991092681885,0.0,30.809999465942383,0.0,30.809999465942383,30.809999465942383,30.809999465942383,0.0,0
2003-08-25,4.5765814781188965,0.0,30.719999313354492,0.0,30.719999313354492,30.719999313354492,30.719999313354492,0.0,0
2003-08-26,4.581051826477051,0.0,30.75,0.0,30.75,30.75,30.75,0.0,0
2003-08-27,4.603398323059082,0.0,30.899999618530273,0.0,30.899999618530273,30.899999618530273,30.899999618530273,0.0,0
2003-08-28,4.642131328582764,0.0,31.15999984741211,0.0,31.15999984741211,31.15999984741211,31.15999984741211,0.0,0
2003-08-29,4.667457580566406,0.0,31.329999923706055,0.0,31.329999923706055,31.329999923706055,31.329999923706055,0.0,0
2003-09-02,4.727049827575684,0.0,31.729999542236328,0.0,31.729999542236328,31.729999542236328,31.729999542236328,0.0,0
2003-09-03,4.768762111663818,0.0,32.0099983215332,0.0,32.0099983215332,32.0099983215332,32.0099983215332,0.0,0
2003-09-04,4.7866411209106445,0.0,32.130001068115234,0.0,32.130001068115234,32.130001068115234,32.130001068115234,0.0,0
2003-09-05,4.770247936248779,0.0,32.0099983215332,0.01,32.0099983215332,32.0099983215332,32.0099983215332,0.0,0
2003-09-08,4.80154275894165,0.0,32.220001220703125,0.0,32.220001220703125,32.220001220703125,32.220001220703125,0.0,0
2003-09-09,4.7717390060424805,0.0,32.02000045776367,0.0,32.02000045776367,32.02000045776367,32.02000045776367,0.0,0
2003-09-10,4.697226524353027,0.0,31.520000457763672,0.0,31.520000457763672,31.520000457763672,31.520000457763672,0.0,0
2003-09-11,4.72852087020874,0.0,31.729999542236328,0.0,31.729999542236328,31.729999542236328,31.729999542236328,0.0,0
2003-09-12,4.72852087020874,0.0,31.729999542236328,0.0,31.729999542236328,31.729999542236328,31.729999542236328,0.0,0
2003-09-15,4.734482765197754,0.0,31.770000457763672,0.0,31.770000457763672,31.770000457763672,31.770000457763672,0.0,0
2003-09-16,4.7717390060424805,0.0,32.02000045776367,0.0,32.02000045776367,32.02000045776367,32.02000045776367,0.0,0
2003-09-17,4.773229598999023,0.0,32.029998779296875,0.0,32.029998779296875,32.029998779296875,32.029998779296875,0.0,0
2003-09-18,4.813464641571045,0.0,32.29999923706055,0.0,32.29999923706055,32.29999923706055,32.29999923706055,0.0,0
2003-09-19,4.820917129516602,0.0,32.349998474121094,0.0,32.349998474121094,32.349998474121094,32.349998474121094,0.0,0
2003-09-22,4.779189109802246,0.0,32.06999969482422,0.0,32.06999969482422,32.06999969482422,32.06999969482422,0.0,0
2003-09-23,4.804523944854736,0.0,32.2400016784668,0.0,32.2400016784668,32.2400016784668,32.2400016784668,0.0,0
2003-09-24,4.750874996185303,0.0,31.8799991607666,0.0,31.8799991607666,31.8799991607666,31.8799991607666,0.0,0
2003-09-25,4.685305118560791,0.0,31.440000534057617,0.0,31.440000534057617,31.440000534057617,31.440000534057617,0.0,0
2003-09-26,4.6301655769348145,0.0,31.06999969482422,0.0,31.06999969482422,31.06999969482422,31.06999969482422,0.0,0
2003-09-29,4.6644415855407715,0.0,31.299999237060547,0.0,31.299999237060547,31.299999237060547,31.299999237060547,0.0,0
2003-09-30,4.6376166343688965,0.0,31.1200008392334,0.0,31.1200008392334,31.1200008392334,31.1200008392334,0.0,0
2003-10-01,4.725542068481445,0.0,31.709999084472656,0.0,31.709999084472656,31.709999084472656,31.709999084472656,0.0,0
2003-10-02,4.738951206207275,0.0,31.799999237060547,0.0,31.799999237060547,31.799999237060547,31.799999237060547,0.0,0
2003-10-03,4.788129806518555,0.0,32.130001068115234,0.0,32.130001068115234,32.130001068115234,32.130001068115234,0.0,0
2003-10-06,4.813464641571045,0.0,32.29999923706055,0.0,32.29999923706055,32.29999923706055,32.29999923706055,0.0,0
2003-10-07,4.8387980461120605,0.0,32.470001220703125,0.0,32.470001220703125,32.470001220703125,32.470001220703125,0.0,0
2003-10-08,4.826878547668457,0.0,32.38999938964844,0.0,32.38999938964844,32.38999938964844,32.38999938964844,0.0,0
2003-10-09,4.870093822479248,0.0,32.68000030517578,0.0,32.68000030517578,32.68000030517578,32.68000030517578,0.0,0
2003-10-10,4.8671135902404785,0.0,32.65999984741211,0.0,32.65999984741211,32.65999984741211,32.65999984741211,0.0,0
2003-10-13,4.917779922485352,0.0,33.0,0.0,33.0,33.0,33.0,0.0,0
2003-10-14,4.940134048461914,0.0,33.150001525878906,0.0,33.150001525878906,33.150001525878906,33.150001525878906,0.0,0
2003-10-15,4.919271945953369,0.0,33.0099983215332,0.0,33.0099983215332,33.0099983215332,33.0099983215332,0.0,0
2003-10-16,4.938642501831055,0.0,33.13999938964844,0.0,33.13999938964844,33.13999938964844,33.13999938964844,0.0,0
2003-10-17,4.89691686630249,0.0,32.86000061035156,0.0,32.86000061035156,32.86000061035156,32.86000061035156,0.0,0
2003-10-20,4.901387691497803,0.0,32.88999938964844,0.0,32.88999938964844,32.88999938964844,32.88999938964844,0.0,0
2003-10-21,4.899897575378418,0.0,32.880001068115234,0.0,32.880001068115234,32.880001068115234,32.880001068115234,0.0,0
2003-10-22,4.846250057220459,0.0,32.52000045776367,0.0,32.52000045776367,32.52000045776367,32.52000045776367,0.0,0
2003-10-23,4.8402886390686035,0.0,32.47999954223633,0.0,32.47999954223633,32.47999954223633,32.47999954223633,0.0,0
2003-10-24,4.819425582885742,0.0,32.34000015258789,0.0,32.34000015258789,32.34000015258789,32.34000015258789,0.0,0
2003-10-27,4.864132881164551,0.0,32.63999938964844,0.0,32.63999938964844,32.63999938964844,32.63999938964844,0.0,0
2003-10-28,4.928213596343994,0.0,33.06999969482422,0.0,33.06999969482422,33.06999969482422,33.06999969482422,0.0,0
2003-10-29,4.956527233123779,0.0,33.2599983215332,0.0,33.2599983215332,33.2599983215332,33.2599983215332,0.0,0
2003-10-30,4.953547477722168,0.0,33.2400016784668,0.0,33.2400016784668,33.2400016784668,33.2400016784668,0.0,0
2003-10-31,4.9475860595703125,0.0,33.20000076293945,0.0,33.20000076293945,33.20000076293945,33.20000076293945,0.0,0
2003-11-03,5.004215717315674,0.0,33.58000183105469,0.0,33.58000183105469,33.58000183105469,33.58000183105469,0.0,0
2003-11-04,5.007195472717285,0.0,33.599998474121094,0.0,33.599998474121094,33.599998474121094,33.599998474121094,0.0,0
2003-11-05,5.005705833435059,0.0,33.59000015258789,0.0,33.59000015258789,33.59000015258789,33.59000015258789,0.0,0
2003-11-06,5.032528400421143,0.0,33.77000045776367,0.0,33.77000045776367,33.77000045776367,33.77000045776367,0.0,0
2003-11-07,5.036999702453613,0.0,33.79999923706055,0.0,33.79999923706055,33.79999923706055,33.79999923706055,0.0,0
2003-11-10,5.001234531402588,0.0,33.560001373291016,0.0,33.560001373291016,33.560001373291016,33.560001373291016,0.0,0
2003-11-11,4.986331462860107,0.0,33.459999084472656,0.0,33.459999084472656,33.459999084472656,33.459999084472656,0.0,0
2003-11-12,5.048923492431641,0.0,33.880001068115234,0.0,33.880001068115234,33.880001068115234,33.880001068115234,0.0,0
2003-11-13,5.06978702545166,0.0,34.02000045776367,0.0,34.02000045776367,34.02000045776367,34.02000045776367,0.0,0
2003-11-14,5.025078773498535,0.0,33.720001220703125,0.0,33.720001220703125,33.720001220703125,33.720001220703125,0.0,0
2003-11-17,4.972919940948486,0.0,33.369998931884766,0.0,33.369998931884766,33.369998931884766,33.369998931884766,0.0,0
2003-11-18,4.958016872406006,0.0,33.27000045776367,0.0,33.27000045776367,33.27000045776367,33.27000045776367,0.0,0
2003-11-19,4.969939231872559,0.0,33.349998474121094,0.0,33.349998474121094,33.349998474121094,33.349998474121094,0.0,0
2003-11-20,4.952057838439941,0.0,33.22999954223633,0.0,33.22999954223633,33.22999954223633,33.22999954223633,0.0,0
2003-11-21,4.968449592590332,0.0,33.34000015258789,0.0,33.34000015258789,33.34000015258789,33.34000015258789,0.0,0
2003-11-24,5.031038284301758,0.0,33.7599983215332,0.0,33.7599983215332,33.7599983215332,33.7599983215332,0.0,0
2003-11-25,5.068295001983643,0.0,34.0099983215332,0.0,34.0099983215332,34.0099983215332,34.0099983215332,0.0,0
2003-11-26,5.098099708557129,0.0,34.209999084472656,0.0,34.209999084472656,34.209999084472656,34.209999084472656,0.0,0
2003-11-28,5.1144914627075195,0.0,34.31999969482422,0.0,34.31999969482422,34.31999969482422,34.31999969482422,0.0,0
2003-12-01,5.15770959854126,0.0,34.61000061035156,0.0,34.61000061035156,34.61000061035156,34.61000061035156,0.0,0
2003-12-02,5.1517486572265625,0.0,34.56999969482422,0.0,34.56999969482422,34.56999969482422,34.56999969482422,0.0,0
2003-12-03,5.1234331130981445,0.0,34.380001068115234,0.0,34.380001068115234,34.380001068115234,34.380001068115234,0.0,0
2003-12-04,5.115983009338379,0.0,34.33000183105469,0.0,34.33000183105469,34.33000183105469,34.33000183105469,0.0,0
2003-12-05,5.117472171783447,0.0,34.34000015258789,0.0,34.34000015258789,34.34000015258789,34.34000015258789,0.0,0
2003-12-08,5.117472171783447,0.0,34.34000015258789,0.0,34.34000015258789,34.34000015258789,34.34000015258789,0.0,0
2003-12-09,5.072765827178955,0.0,34.040000915527344,0.0,34.040000915527344,34.040000915527344,34.040000915527344,0.0,0
2003-12-10,5.023587703704834,0.0,33.709999084472656,0.0,33.709999084472656,33.709999084472656,33.709999084472656,0.0,0
2003-12-11,5.102570056915283,0.0,34.2400016784668,0.0,34.2400016784668,34.2400016784668,34.2400016784668,0.0,0
2003-12-12,5.124925136566162,0.0,34.38999938964844,0.0,34.38999938964844,34.38999938964844,34.38999938964844,0.0,0
2003-12-15,5.074255466461182,0.0,34.04999923706055,0.0,34.04999923706055,34.04999923706055,34.04999923706055,0.0,0
2003-12-16,5.086178779602051,0.0,34.130001068115234,0.0,34.130001068115234,34.130001068115234,34.130001068115234,0.0,0
2003-12-17,5.101080417633057,0.0,34.22999954223633,0.0,34.22999954223633,34.22999954223633,34.22999954223633,0.0,0
2003-12-18,5.159200191497803,0.0,34.619998931884766,0.0,34.619998931884766,34.619998931884766,34.619998931884766,0.0,0
2003-12-19,5.160709381103516,0.0,34.18000030517578,0.45,34.18000030517578,34.18000030517578,34.18000030517578,0.0,0
2003-12-22,5.195437431335449,0.0,34.40999984741211,0.0,34.40999984741211,34.40999984741211,34.40999984741211,0.0,0
2003-12-23,5.222612380981445,0.0,34.59000015258789,0.0,34.59000015258789,34.59000015258789,34.59000015258789,0.0,0
2003-12-24,5.213554382324219,0.0,34.529998779296875,0.0,34.529998779296875,34.529998779296875,34.529998779296875,0.0,0
2003-12-26,5.221103668212891,0.0,34.58000183105469,0.0,34.58000183105469,34.58000183105469,34.58000183105469,0.0,0
2003-12-29,5.279988765716553,0.0,34.970001220703125,0.0,34.970001220703125,34.970001220703125,34.970001220703125,0.0,0
2003-12-30,5.3041462898254395,0.0,35.130001068115234,0.0,35.130001068115234,35.130001068115234,35.130001068115234,0.0,0
2003-12-31,5.281497955322266,0.0,34.97999954223633,0.0,34.97999954223633,34.97999954223633,34.97999954223633,0.0,0
2004-01-02,5.289047718048096,0.0,35.029998779296875,0.0,35.029998779296875,35.029998779296875,35.029998779296875,0.0,0
2004-01-05,5.326794147491455,0.0,35.279998779296875,0.0,35.279998779296875,35.279998779296875,35.279998779296875,0.0,0
2004-01-06,5.352462291717529,0.0,35.45000076293945,0.0,35.45000076293945,35.45000076293945,35.45000076293945,0.0,0
2004-01-07,5.360011577606201,0.0,35.5,0.0,35.5,35.5,35.5,0.0,0
2004-01-08,5.38718843460083,0.0,35.68000030517578,0.0,35.68000030517578,35.68000030517578,35.68000030517578,0.0,0
2004-01-09,5.373600959777832,0.0,35.59000015258789,0.0,35.59000015258789,35.59000015258789,35.59000015258789,0.0,0
2004-01-12,5.399267196655273,0.0,35.7599983215332,0.0,35.7599983215332,35.7599983215332,35.7599983215332,0.0,0
2004-01-13,5.396247863769531,0.0,35.7400016784668,0.0,35.7400016784668,35.7400016784668,35.7400016784668,0.0,0
2004-01-14,5.429464340209961,0.0,35.959999084472656,0.0,35.959999084472656,35.959999084472656,35.959999084472656,0.0,0
2004-01-15,5.430974006652832,0.0,35.970001220703125,0.0,35.970001220703125,35.970001220703125,35.970001220703125,0.0,0
2004-01-16,5.4596638679504395,0.0,36.15999984741211,0.0,36.15999984741211,36.15999984741211,36.15999984741211,0.0,0
2004-01-20,5.506468772888184,0.0,36.470001220703125,0.0,36.470001220703125,36.470001220703125,36.470001220703125,0.0,0
2004-01-21,5.526095390319824,0.0,36.599998474121094,0.0,36.599998474121094,36.599998474121094,36.599998474121094,0.0,0
2004-01-22,5.518547058105469,0.0,36.54999923706055,0.0,36.54999923706055,36.54999923706055,36.54999923706055,0.0,0
2004-01-23,5.514016628265381,0.0,36.52000045776367,0.0,36.52000045776367,36.52000045776367,36.52000045776367,0.0,0
2004-01-26,5.5336456298828125,0.0,36.650001525878906,0.0,36.650001525878906,36.650001525878906,36.650001525878906,0.0,0
2004-01-27,5.506468772888184,0.0,36.470001220703125,0.0,36.470001220703125,36.470001220703125,36.470001220703125,0.0,0
2004-01-28,5.4249372482299805,0.0,35.93000030517578,0.0,35.93000030517578,35.93000030517578,35.93000030517578,0.0,0
2004-01-29,5.411346912384033,0.0,35.84000015258789,0.0,35.84000015258789,35.84000015258789,35.84000015258789,0.0,0
2004-01-30,5.4249372482299805,0.0,35.93000030517578,0.0,35.93000030517578,35.93000030517578,35.93000030517578,0.0,0
2004-02-02,5.427956581115723,0.0,35.95000076293945,0.0,35.95000076293945,35.95000076293945,35.95000076293945,0.0,0
2004-02-03,5.423424243927002,0.0,35.91999816894531,0.0,35.91999816894531,35.91999816894531,35.91999816894531,0.0,0
2004-02-04,5.366052150726318,0.0,35.540000915527344,0.0,35.540000915527344,35.540000915527344,35.540000915527344,0.0,0
2004-02-05,5.38718843460083,0.0,35.68000030517578,0.0,35.68000030517578,35.68000030517578,35.68000030517578,0.0,0
2004-02-06,5.47627067565918,0.0,36.27000045776367,0.0,36.27000045776367,36.27000045776367,36.27000045776367,0.0,0
2004-02-09,5.483820915222168,0.0,36.31999969482422,0.0,36.31999969482422,36.31999969482422,36.31999969482422,0.0,0
2004-02-10,5.509485721588135,0.0,36.4900016784668,0.0,36.4900016784668,36.4900016784668,36.4900016784668,0.0,0
2004-02-11,5.551764965057373,0.0,36.77000045776367,0.0,36.77000045776367,36.77000045776367,36.77000045776367,0.0,0
2004-02-12,5.548745155334473,0.0,36.75,0.0,36.75,36.75,36.75,0.0,0
2004-02-13,5.532134532928467,0.0,36.63999938964844,0.0,36.63999938964844,36.63999938964844,36.63999938964844,0.0,0
2004-02-17,5.5955491065979,0.0,37.060001373291016,0.0,37.060001373291016,37.060001373291016,37.060001373291016,0.0,0
2004-02-18,5.569883346557617,0.0,36.88999938964844,0.0,36.88999938964844,36.88999938964844,36.88999938964844,0.0,0
2004-02-19,5.544214248657227,0.0,36.720001220703125,0.0,36.720001220703125,36.720001220703125,36.720001220703125,0.0,0
2004-02-20,5.514016628265381,0.0,36.52000045776367,0.0,36.52000045776367,36.52000045776367,36.52000045776367,0.0,0
2004-02-23,5.482311725616455,0.0,36.310001373291016,0.0,36.310001373291016,36.310001373291016,36.310001373291016,0.0,0
2004-02-24,5.501938819885254,0.0,36.439998626708984,0.0,36.439998626708984,36.439998626708984,36.439998626708984,0.0,0
2004-02-25,5.526095390319824,0.0,36.599998474121094,0.0,36.599998474121094,36.599998474121094,36.599998474121094,0.0,0
2004-02-26,5.554785251617432,0.0,36.790000915527344,0.0,36.790000915527344,36.790000915527344,36.790000915527344,0.0,0
2004-02-27,5.583470821380615,0.0,36.97999954223633,0.0,36.97999954223633,36.97999954223633,36.97999954223633,0.0,0
2004-03-01,5.640846252441406,0.0,37.36000061035156,0.0,37.36000061035156,37.36000061035156,37.36000061035156,0.0,0
2004-03-02,5.6106486320495605,0.0,37.15999984741211,0.0,37.15999984741211,37.15999984741211,37.15999984741211,0.0,0
2004-03-03,5.601589202880859,0.0,37.099998474121094,0.0,37.099998474121094,37.099998474121094,37.099998474121094,0.0,0
2004-03-04,5.627256393432617,0.0,37.27000045776367,0.0,37.27000045776367,37.27000045776367,37.27000045776367,0.0,0
2004-03-05,5.6544342041015625,0.0,37.45000076293945,0.0,37.45000076293945,37.45000076293945,37.45000076293945,0.0,0
2004-03-08,5.630276203155518,0.0,37.290000915527344,0.0,37.290000915527344,37.290000915527344,37.290000915527344,0.0,0
2004-03-09,5.589510440826416,0.0,37.02000045776367,0.0,37.02000045776367,37.02000045776367,37.02000045776367,0.0,0
2004-03-10,5.50797700881958,0.0,36.47999954223633,0.0,36.47999954223633,36.47999954223633,36.47999954223633,0.0,0
2004-03-11,5.449094295501709,0.0,36.09000015258789,0.0,36.09000015258789,36.09000015258789,36.09000015258789,0.0,0
2004-03-12,5.517036437988281,0.0,36.540000915527344,0.0,36.540000915527344,36.540000915527344,36.540000915527344,0.0,0
2004-03-15,5.4415435791015625,0.0,36.040000915527344,0.0,36.040000915527344,36.040000915527344,36.040000915527344,0.0,0
2004-03-16,5.4415435791015625,0.0,36.040000915527344,0.0,36.040000915527344,36.040000915527344,36.040000915527344,0.0,0
2004-03-17,5.503448486328125,0.0,36.45000076293945,0.0,36.45000076293945,36.45000076293945,36.45000076293945,0.0,0
2004-03-18,5.500429153442383,0.0,36.43000030517578,0.0,36.43000030517578,36.43000030517578,36.43000030517578,0.0,0
2004-03-19,5.4792938232421875,0.0,36.290000915527344,0.0,36.290000915527344,36.290000915527344,36.290000915527344,0.0,0
2004-03-22,5.411346912384033,0.0,35.84000015258789,0.0,35.84000015258789,35.84000015258789,35.84000015258789,0.0,0
2004-03-23,5.42040491104126,0.0,35.900001525878906,0.0,35.900001525878906,35.900001525878906,35.900001525878906,0.0,0
2004-03-24,5.396247863769531,0.0,35.7400016784668,0.0,35.7400016784668,35.7400016784668,35.7400016784668,0.0,0
2004-03-25,5.467210292816162,0.0,36.209999084472656,0.0,36.209999084472656,36.209999084472656,36.209999084472656,0.0,0
2004-03-26,5.47627067565918,0.0,36.27000045776367,0.0,36.27000045776367,36.27000045776367,36.27000045776367,0.0,0
2004-03-29,5.535154819488525,0.0,36.65999984741211,0.0,36.65999984741211,36.65999984741211,36.65999984741211,0.0,0
2004-03-30,5.56837272644043,0.0,36.880001068115234,0.0,36.880001068115234,36.880001068115234,36.880001068115234,0.0,0
2004-03-31,5.591020584106445,0.0,37.029998779296875,0.0,37.029998779296875,37.029998779296875,37.029998779296875,0.0,0
2004-04-01,5.634805202484131,0.0,37.31999969482422,0.0,37.31999969482422,37.31999969482422,37.31999969482422,0.0,0
2004-04-02,5.651413440704346,0.0,37.43000030517578,0.0,37.43000030517578,37.43000030517578,37.43000030517578,0.0,0
2004-04-05,5.68161153793335,0.0,37.630001068115234,0.0,37.630001068115234,37.630001068115234,37.630001068115234,0.0,0
2004-04-06,5.669532775878906,0.0,37.54999923706055,0.0,37.54999923706055,37.54999923706055,37.54999923706055,0.0,0
2004-04-07,5.661982536315918,0.0,37.5,0.0,37.5,37.5,37.5,0.0,0
2004-04-08,5.637826919555664,0.0,37.34000015258789,0.0,37.34000015258789,37.34000015258789,37.34000015258789,0.0,0
2004-04-12,5.658963680267334,0.0,37.47999954223633,0.0,37.47999954223633,37.47999954223633,37.47999954223633,0.0,0
2004-04-13,5.586490631103516,0.0,37.0,0.0,37.0,37.0,37.0,0.0,0
2004-04-14,5.5502519607543945,0.0,36.7599983215332,0.0,36.7599983215332,36.7599983215332,36.7599983215332,0.0,0
2004-04-15,5.545722961425781,0.0,36.72999954223633,0.0,36.72999954223633,36.72999954223633,36.72999954223633,0.0,0
2004-04-16,5.574411869049072,0.0,36.91999816894531,0.0,36.91999816894531,36.91999816894531,36.91999816894531,0.0,0
2004-04-19,5.5849833488464355,0.0,36.9900016784668,0.0,36.9900016784668,36.9900016784668,36.9900016784668,0.0,0
2004-04-20,5.529114246368408,0.0,36.619998931884766,0.0,36.619998931884766,36.619998931884766,36.619998931884766,0.0,0
2004-04-21,5.571390628814697,0.0,36.900001525878906,0.0,36.900001525878906,36.900001525878906,36.900001525878906,0.0,0
2004-04-22,5.6544342041015625,0.0,37.45000076293945,0.0,37.45000076293945,37.45000076293945,37.45000076293945,0.0,0
2004-04-23,5.643865585327148,0.0,37.380001068115234,0.0,37.380001068115234,37.380001068115234,37.380001068115234,0.0,0
2004-04-26,5.619708061218262,0.0,37.220001220703125,0.0,37.220001220703125,37.220001220703125,37.220001220703125,0.0,0
2004-04-27,5.628767013549805,0.0,37.279998779296875,0.0,37.279998779296875,37.279998779296875,37.279998779296875,0.0,0
2004-04-28,5.544214248657227,0.0,36.720001220703125,0.0,36.720001220703125,36.720001220703125,36.720001220703125,0.0,0
2004-04-29,5.483820915222168,0.0,36.31999969482422,0.0,36.31999969482422,36.31999969482422,36.31999969482422,0.0,0
2004-04-30,5.455133438110352,0.0,36.130001068115234,0.0,36.130001068115234,36.130001068115234,36.130001068115234,0.0,0
2004-05-03,5.470231533050537,0.0,36.22999954223633,0.0,36.22999954223633,36.22999954223633,36.22999954223633,0.0,0
2004-05-04,5.501938819885254,0.0,36.439998626708984,0.0,36.439998626708984,36.439998626708984,36.439998626708984,0.0,0
2004-05-05,5.504958152770996,0.0,36.459999084472656,0.0,36.459999084472656,36.459999084472656,36.459999084472656,0.0,0
2004-05-06,5.446074962615967,0.0,36.06999969482422,0.0,36.06999969482422,36.06999969482422,36.06999969482422,0.0,0
2004-05-07,5.341892242431641,0.0,35.380001068115234,0.0,35.380001068115234,35.380001068115234,35.380001068115234,0.0,0
2004-05-10,5.249792575836182,0.0,34.77000045776367,0.0,34.77000045776367,34.77000045776367,34.77000045776367,0.0,0
2004-05-11,5.295086860656738,0.0,35.06999969482422,0.0,35.06999969482422,35.06999969482422,35.06999969482422,0.0,0
2004-05-12,5.307165145874023,0.0,35.150001525878906,0.0,35.150001525878906,35.150001525878906,35.150001525878906,0.0,0
2004-05-13,5.290557861328125,0.0,35.040000915527344,0.0,35.040000915527344,35.040000915527344,35.040000915527344,0.0,0
2004-05-14,5.281497955322266,0.0,34.97999954223633,0.0,34.97999954223633,34.97999954223633,34.97999954223633,0.0,0
2004-05-17,5.2195940017700195,0.0,34.56999969482422,0.0,34.56999969482422,34.56999969482422,34.56999969482422,0.0,0
2004-05-18,5.261871337890625,0.0,34.849998474121094,0.0,34.849998474121094,34.849998474121094,34.849998474121094,0.0,0
2004-05-19,5.266401290893555,0.0,34.880001068115234,0.0,34.880001068115234,34.880001068115234,34.880001068115234,0.0,0
2004-05-20,5.254318714141846,0.0,34.79999923706055,0.0,34.79999923706055,34.79999923706055,34.79999923706055,0.0,0
2004-05-21,5.290557861328125,0.0,35.040000915527344,0.0,35.040000915527344,35.040000915527344,35.040000915527344,0.0,0
2004-05-24,5.323774814605713,0.0,35.2599983215332,0.0,35.2599983215332,35.2599983215332,35.2599983215332,0.0,0
2004-05-25,5.409836769104004,0.0,35.83000183105469,0.0,35.83000183105469,35.83000183105469,35.83000183105469,0.0,0
2004-05-26,5.42040491104126,0.0,35.900001525878906,0.0,35.900001525878906,35.900001525878906,35.900001525878906,0.0,0
2004-05-27,5.4596638679504395,0.0,36.15999984741211,0.0,36.15999984741211,36.15999984741211,36.15999984741211,0.0,0
2004-05-28,5.470231533050537,0.0,36.22999954223633,0.0,36.22999954223633,36.22999954223633,36.22999954223633,0.0,0
2004-06-01,5.482311725616455,0.0,36.310001373291016,0.0,36.310001373291016,36.310001373291016,36.310001373291016,0.0,0
2004-06-02,5.497409343719482,0.0,36.40999984741211,0.0,36.40999984741211,36.40999984741211,36.40999984741211,0.0,0
2004-06-03,5.449094295501709,0.0,36.09000015258789,0.0,36.09000015258789,36.09000015258789,36.09000015258789,0.0,0
2004-06-04,5.486839294433594,0.0,36.34000015258789,0.0,36.34000015258789,36.34000015258789,36.34000015258789,0.0,0
2004-06-07,5.569883346557617,0.0,36.88999938964844,0.0,36.88999938964844,36.88999938964844,36.88999938964844,0.0,0
2004-06-08,5.562333583831787,0.0,36.84000015258789,0.0,36.84000015258789,36.84000015258789,36.84000015258789,0.0,0
2004-06-09,5.512508392333984,0.0,36.5099983215332,0.0,36.5099983215332,36.5099983215332,36.5099983215332,0.0,0
2004-06-10,5.527604579925537,0.0,36.61000061035156,0.0,36.61000061035156,36.61000061035156,36.61000061035156,0.0,0
2004-06-14,5.452113151550293,0.0,36.11000061035156,0.0,36.11000061035156,36.11000061035156,36.11000061035156,0.0,0
2004-06-15,5.509485721588135,0.0,36.4900016784668,0.0,36.4900016784668,36.4900016784668,36.4900016784668,0.0,0
2004-06-16,5.518547058105469,0.0,36.54999923706055,0.0,36.54999923706055,36.54999923706055,36.54999923706055,0.0,0
2004-06-17,5.535154819488525,0.0,36.65999984741211,0.0,36.65999984741211,36.65999984741211,36.65999984741211,0.0,0
2004-06-18,5.5502519607543945,0.0,36.7599983215332,0.0,36.7599983215332,36.7599983215332,36.7599983215332,0.0,0
2004-06-21,5.54119348526001,0.0,36.70000076293945,0.0,36.70000076293945,36.70000076293945,36.70000076293945,0.0,0
2004-06-22,5.554785251617432,0.0,36.790000915527344,0.0,36.790000915527344,36.790000915527344,36.790000915527344,0.0,0
2004-06-23,5.601589202880859,0.0,37.099998474121094,0.0,37.099998474121094,37.099998474121094,37.099998474121094,0.0,0
2004-06-24,5.6136674880981445,0.0,37.18000030517578,0.0,37.18000030517578,37.18000030517578,37.18000030517578,0.0,0
2004-06-25,5.625746726989746,0.0,37.2599983215332,0.0,37.2599983215332,37.2599983215332,37.2599983215332,0.0,0
2004-06-28,5.612159729003906,0.0,37.16999816894531,0.0,37.16999816894531,37.16999816894531,37.16999816894531,0.0,0
2004-06-29,5.625746726989746,0.0,37.2599983215332,0.0,37.2599983215332,37.2599983215332,37.2599983215332,0.0,0
2004-06-30,5.6604743003845215,0.0,37.4900016784668,0.0,37.4900016784668,37.4900016784668,37.4900016784668,0.0,0
2004-07-01,5.6106486320495605,0.0,37.15999984741211,0.0,37.15999984741211,37.15999984741211,37.15999984741211,0.0,0
2004-07-02,5.603098392486572,0.0,37.11000061035156,0.0,37.11000061035156,37.11000061035156,37.11000061035156,0.0,0
2004-07-06,5.5502519607543945,0.0,36.7599983215332,0.0,36.7599983215332,36.7599983215332,36.7599983215332,0.0,0
2004-07-07,5.565352439880371,0.0,36.86000061035156,0.0,36.86000061035156,36.86000061035156,36.86000061035156,0.0,0
2004-07-08,5.501938819885254,0.0,36.439998626708984,0.0,36.439998626708984,36.439998626708984,36.439998626708984,0.0,0
2004-07-09,5.527604579925537,0.0,36.61000061035156,0.0,36.61000061035156,36.61000061035156,36.61000061035156,0.0,0
2004-07-12,5.524587154388428,0.0,36.59000015258789,0.0,36.59000015258789,36.59000015258789,36.59000015258789,0.0,0
2004-07-13,5.538174629211426,0.0,36.68000030517578,0.0,36.68000030517578,36.68000030517578,36.68000030517578,0.0,0
2004-07-14,5.526095390319824,0.0,36.599998474121094,0.0,36.599998474121094,36.599998474121094,36.599998474121094,0.0,0
2004-07-15,5.527604579925537,0.0,36.61000061035156,0.0,36.61000061035156,36.61000061035156,36.61000061035156,0.0,0
2004-07-16,5.506468772888184,0.0,36.470001220703125,0.0,36.470001220703125,36.470001220703125,36.470001220703125,0.0,0
2004-07-19,5.509485721588135,0.0,36.4900016784668,0.0,36.4900016784668,36.4900016784668,36.4900016784668,0.0,0
2004-07-20,5.535154819488525,0.0,36.65999984741211,0.0,36.65999984741211,36.65999984741211,36.65999984741211,0.0,0
2004-07-21,5.464192867279053,0.0,36.189998626708984,0.0,36.189998626708984,36.189998626708984,36.189998626708984,0.0,0
2004-07-22,5.444563865661621,0.0,36.060001373291016,0.0,36.060001373291016,36.060001373291016,36.060001373291016,0.0,0
2004-07-23,5.400778770446777,0.0,35.77000045776367,0.0,35.77000045776367,35.77000045776367,35.77000045776367,0.0,0
2004-07-26,5.376619338989258,0.0,35.61000061035156,0.0,35.61000061035156,35.61000061035156,35.61000061035156,0.0,0
2004-07-27,5.414367198944092,0.0,35.86000061035156,0.0,35.86000061035156,35.86000061035156,35.86000061035156,0.0,0
2004-07-28,5.399267196655273,0.0,35.7599983215332,0.0,35.7599983215332,35.7599983215332,35.7599983215332,0.0,0
2004-07-29,5.450602054595947,0.0,36.099998474121094,0.0,36.099998474121094,36.099998474121094,36.099998474121094,0.0,0
2004-07-30,5.462681770324707,0.0,36.18000030517578,0.0,36.18000030517578,36.18000030517578,36.18000030517578,0.0,0
2004-08-02,5.4732513427734375,0.0,36.25,0.0,36.25,36.25,36.25,0.0,0
2004-08-03,5.440033912658691,0.0,36.029998779296875,0.0,36.029998779296875,36.029998779296875,36.029998779296875,0.0,0
2004-08-04,5.433994293212891,0.0,35.9900016784668,0.0,35.9900016784668,35.9900016784668,35.9900016784668,0.0,0
2004-08-05,5.3615217208862305,0.0,35.5099983215332,0.0,35.5099983215332,35.5099983215332,35.5099983215332,0.0,0
2004-08-06,5.305656909942627,0.0,35.13999938964844,0.0,35.13999938964844,35.13999938964844,35.13999938964844,0.0,0
2004-08-09,5.30263614654541,0.0,35.119998931884766,0.0,35.119998931884766,35.119998931884766,35.119998931884766,0.0,0
2004-08-10,5.367560863494873,0.0,35.54999923706055,0.0,35.54999923706055,35.54999923706055,35.54999923706055,0.0,0
2004-08-11,5.338873863220215,0.0,35.36000061035156,0.0,35.36000061035156,35.36000061035156,35.36000061035156,0.0,0
2004-08-12,5.276968955993652,0.0,34.95000076293945,0.0,34.95000076293945,34.95000076293945,34.95000076293945,0.0,0
2004-08-13,5.286026954650879,0.0,35.0099983215332,0.0,35.0099983215332,35.0099983215332,35.0099983215332,0.0,0
2004-08-16,5.349442481994629,0.0,35.43000030517578,0.0,35.43000030517578,35.43000030517578,35.43000030517578,0.0,0
2004-08-17,5.369071960449219,0.0,35.560001373291016,0.0,35.560001373291016,35.560001373291016,35.560001373291016,0.0,0
2004-08-18,5.409836769104004,0.0,35.83000183105469,0.0,35.83000183105469,35.83000183105469,35.83000183105469,0.0,0
2004-08-19,5.399267196655273,0.0,35.7599983215332,0.0,35.7599983215332,35.7599983215332,35.7599983215332,0.0,0
2004-08-20,5.447585105895996,0.0,36.08000183105469,0.0,36.08000183105469,36.08000183105469,36.08000183105469,0.0,0
2004-08-23,5.427956581115723,0.0,35.95000076293945,0.0,35.95000076293945,35.95000076293945,35.95000076293945,0.0,0
2004-08-24,5.4249372482299805,0.0,35.93000030517578,0.0,35.93000030517578,35.93000030517578,35.93000030517578,0.0,0
2004-08-25,5.446074962615967,0.0,36.06999969482422,0.0,36.06999969482422,36.06999969482422,36.06999969482422,0.0,0
2004-08-26,5.447585105895996,0.0,36.08000183105469,0.0,36.08000183105469,36.08000183105469,36.08000183105469,0.0,0
2004-08-27,5.4596638679504395,0.0,36.15999984741211,0.0,36.15999984741211,36.15999984741211,36.15999984741211,0.0,0
2004-08-30,5.421914100646973,0.0,35.90999984741211,0.0,35.90999984741211,35.90999984741211,35.90999984741211,0.0,0
2004-08-31,5.446074962615967,0.0,36.06999969482422,0.0,36.06999969482422,36.06999969482422,36.06999969482422,0.0,0
2004-09-01,5.480800628662109,0.0,36.29999923706055,0.0,36.29999923706055,36.29999923706055,36.29999923706055,0.0,0
2004-09-02,5.544214248657227,0.0,36.720001220703125,0.0,36.720001220703125,36.720001220703125,36.720001220703125,0.0,0
2004-09-03,5.511015892028809,0.0,34.86000061035156,1.65,34.86000061035156,34.86000061035156,34.86000061035156,0.0,0
2004-09-07,5.555281162261963,0.0,35.13999938964844,0.0,35.13999938964844,35.13999938964844,35.13999938964844,0.0,0
2004-09-08,5.53472900390625,0.0,35.0099983215332,0.0,35.0099983215332,35.0099983215332,35.0099983215332,0.0,0
2004-09-09,5.561604022979736,0.0,35.18000030517578,0.0,35.18000030517578,35.18000030517578,35.18000030517578,0.0,0
2004-09-10,5.588479042053223,0.0,35.349998474121094,0.0,35.349998474121094,35.349998474121094,35.349998474121094,0.0,0
2004-09-13,5.604289531707764,0.0,35.45000076293945,0.0,35.45000076293945,35.45000076293945,35.45000076293945,0.0,0
2004-09-14,5.604289531707764,0.0,35.45000076293945,0.0,35.45000076293945,35.45000076293945,35.45000076293945,0.0,0
2004-09-15,5.578993797302246,0.0,35.290000915527344,0.0,35.290000915527344,35.290000915527344,35.290000915527344,0.0,0
2004-09-16,5.612194061279297,0.0,35.5,0.0,35.5,35.5,35.5,0.0,0
2004-09-17,5.61377477645874,0.0,35.5099983215332,0.0,35.5099983215332,35.5099983215332,35.5099983215332,0.0,0
2004-09-20,5.597964286804199,0.0,35.40999984741211,0.0,35.40999984741211,35.40999984741211,35.40999984741211,0.0,0
2004-09-21,5.653295993804932,0.0,35.7599983215332,0.0,35.7599983215332,35.7599983215332,35.7599983215332,0.0,0
2004-09-22,5.593222141265869,0.0,35.380001068115234,0.0,35.380001068115234,35.380001068115234,35.380001068115234,0.0,0
2004-09-23,5.594803333282471,0.0,35.38999938964844,0.0,35.38999938964844,35.38999938964844,35.38999938964844,0.0,0
2004-09-24,5.610612869262695,0.0,35.4900016784668,0.0,35.4900016784668,35.4900016784668,35.4900016784668,0.0,0
2004-09-27,5.567928791046143,0.0,35.220001220703125,0.0,35.220001220703125,35.220001220703125,35.220001220703125,0.0,0
2004-09-28,5.601126194000244,0.0,35.43000030517578,0.0,35.43000030517578,35.43000030517578,35.43000030517578,0.0,0
2004-09-29,5.601126194000244,0.0,35.43000030517578,0.0,35.43000030517578,35.43000030517578,35.43000030517578,0.0,0
2004-09-30,5.661201000213623,0.0,35.810001373291016,0.0,35.810001373291016,35.810001373291016,35.810001373291016,0.0,0
2004-10-01,5.727597236633301,0.0,36.22999954223633,0.0,36.22999954223633,36.22999954223633,36.22999954223633,0.0,0
2004-10-04,5.738664627075195,0.0,36.29999923706055,0.0,36.29999923706055,36.29999923706055,36.29999923706055,0.0,0
2004-10-05,5.74182653427124,0.0,36.31999969482422,0.0,36.31999969482422,36.31999969482422,36.31999969482422,0.0,0
2004-10-06,5.778189182281494,0.0,36.54999923706055,0.0,36.54999923706055,36.54999923706055,36.54999923706055,0.0,0
2004-10-07,5.727597236633301,0.0,36.22999954223633,0.0,36.22999954223633,36.22999954223633,36.22999954223633,0.0,0
2004-10-08,5.7007246017456055,0.0,36.060001373291016,0.0,36.060001373291016,36.060001373291016,36.060001373291016,0.0,0
2004-10-11,5.699143886566162,0.0,36.04999923706055,0.0,36.04999923706055,36.04999923706055,36.04999923706055,0.0,0
2004-10-12,5.67700719833374,0.0,35.90999984741211,0.0,35.90999984741211,35.90999984741211,35.90999984741211,0.0,0
2004-10-13,5.632743835449219,0.0,35.630001068115234,0.0,35.630001068115234,35.630001068115234,35.630001068115234,0.0,0
2004-10-14,5.596385478973389,0.0,35.400001525878906,0.0,35.400001525878906,35.400001525878906,35.400001525878906,0.0,0
2004-10-15,5.623260974884033,0.0,35.56999969482422,0.0,35.56999969482422,35.56999969482422,35.56999969482422,0.0,0
2004-10-18,5.631163120269775,0.0,35.619998931884766,0.0,35.619998931884766,35.619998931884766,35.619998931884766,0.0,0
2004-10-19,5.582157611846924,0.0,35.310001373291016,0.0,35.310001373291016,35.310001373291016,35.310001373291016,0.0,0
2004-10-20,5.596385478973389,0.0,35.400001525878906,0.0,35.400001525878906,35.400001525878906,35.400001525878906,0.0,0
2004-10-21,5.631163120269775,0.0,35.619998931884766,0.0,35.619998931884766,35.619998931884766,35.619998931884766,0.0,0
2004-10-22,5.599546432495117,0.0,35.41999816894531,0.0,35.41999816894531,35.41999816894531,35.41999816894531,0.0,0
2004-10-25,5.623260974884033,0.0,35.56999969482422,0.0,35.56999969482422,35.56999969482422,35.56999969482422,0.0,0
2004-10-26,5.6896562576293945,0.0,35.9900016784668,0.0,35.9900016784668,35.9900016784668,35.9900016784668,0.0,0
2004-10-27,5.743407726287842,0.0,36.33000183105469,0.0,36.33000183105469,36.33000183105469,36.33000183105469,0.0,0
2004-10-28,5.735502243041992,0.0,36.279998779296875,0.0,36.279998779296875,36.279998779296875,36.279998779296875,0.0,0
2004-10-29,5.738664627075195,0.0,36.29999923706055,0.0,36.29999923706055,36.29999923706055,36.29999923706055,0.0,0
2004-11-01,5.756054401397705,0.0,36.40999984741211,0.0,36.40999984741211,36.40999984741211,36.40999984741211,0.0,0
2004-11-02,5.773444652557373,0.0,36.52000045776367,0.0,36.52000045776367,36.52000045776367,36.52000045776367,0.0,0
2004-11-03,5.8509087562561035,0.0,37.0099983215332,0.0,37.0099983215332,37.0099983215332,37.0099983215332,0.0,0
2004-11-04,5.9220476150512695,0.0,37.459999084472656,0.0,37.459999084472656,37.459999084472656,37.459999084472656,0.0,0
2004-11-05,5.952085971832275,0.0,37.650001525878906,0.0,37.650001525878906,37.650001525878906,37.650001525878906,0.0,0
2004-11-08,5.937859058380127,0.0,37.560001373291016,0.0,37.560001373291016,37.560001373291016,37.560001373291016,0.0,0
2004-11-09,5.956828594207764,0.0,37.68000030517578,0.0,37.68000030517578,37.68000030517578,37.68000030517578,0.0,0
2004-11-10,5.980543613433838,0.0,37.83000183105469,0.0,37.83000183105469,37.83000183105469,37.83000183105469,0.0,0
2004-11-11,6.0295538902282715,0.0,38.13999938964844,0.0,38.13999938964844,38.13999938964844,38.13999938964844,0.0,0
2004-11-12,6.07697868347168,0.0,38.439998626708984,0.0,38.439998626708984,38.439998626708984,38.439998626708984,0.0,0
2004-11-15,6.0864644050598145,0.0,38.5,0.0,38.5,38.5,38.5,0.0,0
2004-11-16,6.056426525115967,0.0,38.310001373291016,0.0,38.310001373291016,38.310001373291016,38.310001373291016,0.0,0
2004-11-17,6.105434894561768,0.0,38.619998931884766,0.0,38.619998931884766,38.619998931884766,38.619998931884766,0.0,0
2004-11-18,6.09120512008667,0.0,38.529998779296875,0.0,38.529998779296875,38.529998779296875,38.529998779296875,0.0,0
2004-11-19,6.043776988983154,0.0,38.22999954223633,0.0,38.22999954223633,38.22999954223633,38.22999954223633,0.0,0
2004-11-22,6.088042736053467,0.0,38.5099983215332,0.0,38.5099983215332,38.5099983215332,38.5099983215332,0.0,0
2004-11-23,6.114920616149902,0.0,38.68000030517578,0.0,38.68000030517578,38.68000030517578,38.68000030517578,0.0,0
2004-11-24,6.160766124725342,0.0,38.970001220703125,0.0,38.970001220703125,38.970001220703125,38.970001220703125,0.0,0
2004-11-26,6.18764066696167,0.0,39.13999938964844,0.0,39.13999938964844,39.13999938964844,39.13999938964844,0.0,0
2004-11-29,6.190803050994873,0.0,39.15999984741211,0.0,39.15999984741211,39.15999984741211,39.15999984741211,0.0,0
2004-11-30,6.1971259117126465,0.0,39.20000076293945,0.0,39.20000076293945,39.20000076293945,39.20000076293945,0.0,0
2004-12-01,6.271429061889648,0.0,39.66999816894531,0.0,39.66999816894531,39.66999816894531,39.66999816894531,0.0,0
2004-12-02,6.246135234832764,0.0,39.5099983215332,0.0,39.5099983215332,39.5099983215332,39.5099983215332,0.0,0
2004-12-03,6.255618572235107,0.0,39.56999969482422,0.0,39.56999969482422,39.56999969482422,39.56999969482422,0.0,0
2004-12-06,6.225584506988525,0.0,39.380001068115234,0.0,39.380001068115234,39.380001068115234,39.380001068115234,0.0,0
2004-12-07,6.160766124725342,0.0,38.970001220703125,0.0,38.970001220703125,38.970001220703125,38.970001220703125,0.0,0
2004-12-08,6.168670654296875,0.0,39.02000045776367,0.0,39.02000045776367,39.02000045776367,39.02000045776367,0.0,0
2004-12-09,6.181315898895264,0.0,39.099998474121094,0.0,39.099998474121094,39.099998474121094,39.099998474121094,0.0,0
2004-12-10,6.18922233581543,0.0,39.150001525878906,0.0,39.150001525878906,39.150001525878906,39.150001525878906,0.0,0
2004-12-13,6.2382283210754395,0.0,39.459999084472656,0.0,39.459999084472656,39.459999084472656,39.459999084472656,0.0,0
2004-12-14,6.269847393035889,0.0,39.65999984741211,0.0,39.65999984741211,39.65999984741211,39.65999984741211,0.0,0
2004-12-15,6.325179576873779,0.0,40.0099983215332,0.0,40.0099983215332,40.0099983215332,40.0099983215332,0.0,0
2004-12-16,6.306207656860352,0.0,39.88999938964844,0.0,39.88999938964844,39.88999938964844,39.88999938964844,0.0,0
2004-12-17,6.301406383514404,0.0,39.36000061035156,0.5,39.36000061035156,39.36000061035156,39.36000061035156,0.0,0
2004-12-20,6.295000076293945,0.0,39.31999969482422,0.0,39.31999969482422,39.31999969482422,39.31999969482422,0.0,0
2004-12-21,6.339827537536621,0.0,39.599998474121094,0.0,39.599998474121094,39.599998474121094,39.599998474121094,0.0,0
2004-12-22,6.360640048980713,0.0,39.72999954223633,0.0,39.72999954223633,39.72999954223633,39.72999954223633,0.0,0
2004-12-23,6.37345027923584,0.0,39.810001373291016,0.0,39.810001373291016,39.810001373291016,39.810001373291016,0.0,0
2004-12-27,6.355837821960449,0.0,39.70000076293945,0.0,39.70000076293945,39.70000076293945,39.70000076293945,0.0,0
2004-12-28,6.419877529144287,0.0,40.099998474121094,0.0,40.099998474121094,40.099998474121094,40.099998474121094,0.0,0
2004-12-29,6.4310832023620605,0.0,40.16999816894531,0.0,40.16999816894531,40.16999816894531,40.16999816894531,0.0,0
2004-12-30,6.44389009475708,0.0,40.25,0.0,40.25,40.25,40.25,0.0,0
2004-12-31,6.44389009475708,0.0,40.25,0.0,40.25,40.25,40.25,0.0,0
2005-01-03,6.376650333404541,0.0,39.83000183105469,0.0,39.83000183105469,39.83000183105469,39.83000183105469,0.0,0
2005-01-04,6.286995887756348,0.0,39.27000045776367,0.0,39.27000045776367,39.27000045776367,39.27000045776367,0.0,0
2005-01-05,6.226160049438477,0.0,38.88999938964844,0.0,38.88999938964844,38.88999938964844,38.88999938964844,0.0,0
2005-01-06,6.235766887664795,0.0,38.95000076293945,0.0,38.95000076293945,38.95000076293945,38.95000076293945,0.0,0
2005-01-07,6.218155860900879,0.0,38.84000015258789,0.0,38.84000015258789,38.84000015258789,38.84000015258789,0.0,0
2005-01-10,6.259779930114746,0.0,39.099998474121094,0.0,39.099998474121094,39.099998474121094,39.099998474121094,0.0,0
2005-01-11,6.238969326019287,0.0,38.970001220703125,0.0,38.970001220703125,38.970001220703125,38.970001220703125,0.0,0
2005-01-12,6.261380672454834,0.0,39.11000061035156,0.0,39.11000061035156,39.11000061035156,39.11000061035156,0.0,0
2005-01-13,6.258179664611816,0.0,39.09000015258789,0.0,39.09000015258789,39.09000015258789,39.09000015258789,0.0,0
2005-01-14,6.290200710296631,0.0,39.290000915527344,0.0,39.290000915527344,39.290000915527344,39.290000915527344,0.0,0
2005-01-18,6.335024356842041,0.0,39.56999969482422,0.0,39.56999969482422,39.56999969482422,39.56999969482422,0.0,0
2005-01-19,6.303005695343018,0.0,39.369998931884766,0.0,39.369998931884766,39.369998931884766,39.369998931884766,0.0,0
2005-01-20,6.254977703094482,0.0,39.06999969482422,0.0,39.06999969482422,39.06999969482422,39.06999969482422,0.0,0
2005-01-21,6.237368583679199,0.0,38.959999084472656,0.0,38.959999084472656,38.959999084472656,38.959999084472656,0.0,0
2005-01-24,6.203747272491455,0.0,38.75,0.0,38.75,38.75,38.75,0.0,0
2005-01-25,6.198944568634033,0.0,38.720001220703125,0.0,38.720001220703125,38.720001220703125,38.720001220703125,0.0,0
2005-01-26,6.262984275817871,0.0,39.119998931884766,0.0,39.119998931884766,39.119998931884766,39.119998931884766,0.0,0
2005-01-27,6.2661848068237305,0.0,39.13999938964844,0.0,39.13999938964844,39.13999938964844,39.13999938964844,0.0,0
2005-01-28,6.2421698570251465,0.0,38.9900016784668,0.0,38.9900016784668,38.9900016784668,38.9900016784668,0.0,0
2005-01-31,6.3158159255981445,0.0,39.45000076293945,0.0,39.45000076293945,39.45000076293945,39.45000076293945,0.0,0
2005-02-01,6.359041690826416,0.0,39.720001220703125,0.0,39.720001220703125,39.720001220703125,39.720001220703125,0.0,0
2005-02-02,6.386256694793701,0.0,39.88999938964844,0.0,39.88999938964844,39.88999938964844,39.88999938964844,0.0,0
2005-02-03,6.381455421447754,0.0,39.86000061035156,0.0,39.86000061035156,39.86000061035156,39.86000061035156,0.0,0
2005-02-04,6.439088344573975,0.0,40.220001220703125,0.0,40.220001220703125,40.220001220703125,40.220001220703125,0.0,0
2005-02-07,6.435884952545166,0.0,40.20000076293945,0.0,40.20000076293945,40.20000076293945,40.20000076293945,0.0,0
2005-02-08,6.447093486785889,0.0,40.27000045776367,0.0,40.27000045776367,40.27000045776367,40.27000045776367,0.0,0
2005-02-09,6.383056163787842,0.0,39.869998931884766,0.0,39.869998931884766,39.869998931884766,39.869998931884766,0.0,0
2005-02-10,6.397461891174316,0.0,39.959999084472656,0.0,39.959999084472656,39.959999084472656,39.959999084472656,0.0,0
2005-02-11,6.4406890869140625,0.0,40.22999954223633,0.0,40.22999954223633,40.22999954223633,40.22999954223633,0.0,0
2005-02-14,6.453498840332031,0.0,40.310001373291016,0.0,40.310001373291016,40.310001373291016,40.310001373291016,0.0,0
2005-02-15,6.469506740570068,0.0,40.40999984741211,0.0,40.40999984741211,40.40999984741211,40.40999984741211,0.0,0
2005-02-16,6.47430944442749,0.0,40.439998626708984,0.0,40.439998626708984,40.439998626708984,40.439998626708984,0.0,0
2005-02-17,6.448694705963135,0.0,40.279998779296875,0.0,40.279998779296875,40.279998779296875,40.279998779296875,0.0,0
2005-02-18,6.447093486785889,0.0,40.27000045776367,0.0,40.27000045776367,40.27000045776367,40.27000045776367,0.0,0
2005-02-22,6.359041690826416,0.0,39.720001220703125,0.0,39.720001220703125,39.720001220703125,39.720001220703125,0.0,0
2005-02-23,6.39105749130249,0.0,39.91999816894531,0.0,39.91999816894531,39.91999816894531,39.91999816894531,0.0,0
2005-02-24,6.4502949714660645,0.0,40.290000915527344,0.0,40.290000915527344,40.290000915527344,40.290000915527344,0.0,0
2005-02-25,6.533545017242432,0.0,40.810001373291016,0.0,40.810001373291016,40.810001373291016,40.810001373291016,0.0,0
2005-02-28,6.515934944152832,0.0,40.70000076293945,0.0,40.70000076293945,40.70000076293945,40.70000076293945,0.0,0
2005-03-01,6.554357528686523,0.0,40.939998626708984,0.0,40.939998626708984,40.939998626708984,40.939998626708984,0.0,0
2005-03-02,6.543150424957275,0.0,40.869998931884766,0.0,40.869998931884766,40.869998931884766,40.869998931884766,0.0,0
2005-03-03,6.54795503616333,0.0,40.900001525878906,0.0,40.900001525878906,40.900001525878906,40.900001525878906,0.0,0
2005-03-04,6.619997024536133,0.0,41.349998474121094,0.0,41.349998474121094,41.349998474121094,41.349998474121094,0.0,0
2005-03-07,6.62159538269043,0.0,41.36000061035156,0.0,41.36000061035156,41.36000061035156,41.36000061035156,0.0,0
2005-03-08,6.583174705505371,0.0,41.119998931884766,0.0,41.119998931884766,41.119998931884766,41.119998931884766,0.0,0
2005-03-09,6.543150424957275,0.0,40.869998931884766,0.0,40.869998931884766,40.869998931884766,40.869998931884766,0.0,0
2005-03-10,6.5143327713012695,0.0,40.689998626708984,0.0,40.689998626708984,40.689998626708984,40.689998626708984,0.0,0
2005-03-11,6.51913595199585,0.0,40.720001220703125,0.0,40.720001220703125,40.720001220703125,40.720001220703125,0.0,0
2005-03-14,6.531944751739502,0.0,40.79999923706055,0.0,40.79999923706055,40.79999923706055,40.79999923706055,0.0,0
2005-03-15,6.498324871063232,0.0,40.59000015258789,0.0,40.59000015258789,40.59000015258789,40.59000015258789,0.0,0
2005-03-16,6.459900379180908,0.0,40.349998474121094,0.0,40.349998474121094,40.349998474121094,40.349998474121094,0.0,0
2005-03-17,6.4631028175354,0.0,40.369998931884766,0.0,40.369998931884766,40.369998931884766,40.369998931884766,0.0,0
2005-03-18,6.43268346786499,0.0,40.18000030517578,0.0,40.18000030517578,40.18000030517578,40.18000030517578,0.0,0
2005-03-21,6.4230804443359375,0.0,40.119998931884766,0.0,40.119998931884766,40.119998931884766,40.119998931884766,0.0,0
2005-03-22,6.387857913970947,0.0,39.900001525878906,0.0,39.900001525878906,39.900001525878906,39.900001525878906,0.0,0
2005-03-23,6.339827537536621,0.0,39.599998474121094,0.0,39.599998474121094,39.599998474121094,39.599998474121094,0.0,0
2005-03-24,6.360640048980713,0.0,39.72999954223633,0.0,39.72999954223633,39.72999954223633,39.72999954223633,0.0,0
2005-03-28,6.357438564300537,0.0,39.709999084472656,0.0,39.709999084472656,39.709999084472656,39.709999084472656,0.0,0
2005-03-29,6.293402194976807,0.0,39.310001373291016,0.0,39.310001373291016,39.310001373291016,39.310001373291016,0.0,0
2005-03-30,6.3542375564575195,0.0,39.689998626708984,0.0,39.689998626708984,39.689998626708984,39.689998626708984,0.0,0
2005-03-31,6.381455421447754,0.0,39.86000061035156,0.0,39.86000061035156,39.86000061035156,39.86000061035156,0.0,0
2005-04-01,6.36224365234375,0.0,39.7400016784668,0.0,39.7400016784668,39.7400016784668,39.7400016784668,0.0,0
2005-04-04,6.36224365234375,0.0,39.7400016784668,0.0,39.7400016784668,39.7400016784668,39.7400016784668,0.0,0
2005-04-05,6.383056163787842,0.0,39.869998931884766,0.0,39.869998931884766,39.869998931884766,39.869998931884766,0.0,0
2005-04-06,6.392660140991211,0.0,39.93000030517578,0.0,39.93000030517578,39.93000030517578,39.93000030517578,0.0,0
2005-04-07,6.411871910095215,0.0,40.04999923706055,0.0,40.04999923706055,40.04999923706055,40.04999923706055,0.0,0
2005-04-08,6.37345027923584,0.0,39.810001373291016,0.0,39.810001373291016,39.810001373291016,39.810001373291016,0.0,0
2005-04-11,6.352636337280273,0.0,39.68000030517578,0.0,39.68000030517578,39.68000030517578,39.68000030517578,0.0,0
2005-04-12,6.400661945343018,0.0,39.97999954223633,0.0,39.97999954223633,39.97999954223633,39.97999954223633,0.0,0
2005-04-13,6.335024356842041,0.0,39.56999969482422,0.0,39.56999969482422,39.56999969482422,39.56999969482422,0.0,0
2005-04-14,6.250174522399902,0.0,39.040000915527344,0.0,39.040000915527344,39.040000915527344,39.040000915527344,0.0,0
2005-04-15,6.1525139808654785,0.0,38.43000030517578,0.0,38.43000030517578,38.43000030517578,38.43000030517578,0.0,0
2005-04-18,6.158918857574463,0.0,38.470001220703125,0.0,38.470001220703125,38.470001220703125,38.470001220703125,0.0,0
2005-04-19,6.230961322784424,0.0,38.91999816894531,0.0,38.91999816894531,38.91999816894531,38.91999816894531,0.0,0
2005-04-20,6.154118061065674,0.0,38.439998626708984,0.0,38.439998626708984,38.439998626708984,38.439998626708984,0.0,0
2005-04-21,6.214953899383545,0.0,38.81999969482422,0.0,38.81999969482422,38.81999969482422,38.81999969482422,0.0,0
2005-04-22,6.162123203277588,0.0,38.4900016784668,0.0,38.4900016784668,38.4900016784668,38.4900016784668,0.0,0
2005-04-25,6.230961322784424,0.0,38.91999816894531,0.0,38.91999816894531,38.91999816894531,38.91999816894531,0.0,0
2005-04-26,6.178130626678467,0.0,38.59000015258789,0.0,38.59000015258789,38.59000015258789,38.59000015258789,0.0,0
2005-04-27,6.149313926696777,0.0,38.40999984741211,0.0,38.40999984741211,38.40999984741211,38.40999984741211,0.0,0
2005-04-28,6.029240131378174,0.0,37.65999984741211,0.0,37.65999984741211,37.65999984741211,37.65999984741211,0.0,0
2005-04-29,6.080471515655518,0.0,37.97999954223633,0.0,37.97999954223633,37.97999954223633,37.97999954223633,0.0,0
2005-05-02,6.120495796203613,0.0,38.22999954223633,0.0,38.22999954223633,38.22999954223633,38.22999954223633,0.0,0
2005-05-03,6.114091396331787,0.0,38.189998626708984,0.0,38.189998626708984,38.189998626708984,38.189998626708984,0.0,0
2005-05-04,6.192539691925049,0.0,38.68000030517578,0.0,38.68000030517578,38.68000030517578,38.68000030517578,0.0,0
2005-05-05,6.2069478034973145,0.0,38.77000045776367,0.0,38.77000045776367,38.77000045776367,38.77000045776367,0.0,0
2005-05-06,6.211750030517578,0.0,38.79999923706055,0.0,38.79999923706055,38.79999923706055,38.79999923706055,0.0,0
2005-05-09,6.2421698570251465,0.0,38.9900016784668,0.0,38.9900016784668,38.9900016784668,38.9900016784668,0.0,0
2005-05-10,6.187736988067627,0.0,38.650001525878906,0.0,38.650001525878906,38.650001525878906,38.650001525878906,0.0,0
2005-05-11,6.190939903259277,0.0,38.66999816894531,0.0,38.66999816894531,38.66999816894531,38.66999816894531,0.0,0
2005-05-12,6.117294788360596,0.0,38.209999084472656,0.0,38.209999084472656,38.209999084472656,38.209999084472656,0.0,0
2005-05-13,6.069263935089111,0.0,37.90999984741211,0.0,37.90999984741211,37.90999984741211,37.90999984741211,0.0,0
2005-05-16,6.131702899932861,0.0,38.29999923706055,0.0,38.29999923706055,38.29999923706055,38.29999923706055,0.0,0
2005-05-17,6.174929141998291,0.0,38.56999969482422,0.0,38.56999969482422,38.56999969482422,38.56999969482422,0.0,0
2005-05-18,6.280593395233154,0.0,39.22999954223633,0.0,39.22999954223633,39.22999954223633,39.22999954223633,0.0,0
2005-05-19,6.301406383514404,0.0,39.36000061035156,0.0,39.36000061035156,39.36000061035156,39.36000061035156,0.0,0
2005-05-20,6.296602249145508,0.0,39.33000183105469,0.0,39.33000183105469,39.33000183105469,39.33000183105469,0.0,0
2005-05-23,6.3334245681762695,0.0,39.560001373291016,0.0,39.560001373291016,39.560001373291016,39.560001373291016,0.0,0
2005-05-24,6.335024356842041,0.0,39.56999969482422,0.0,39.56999969482422,39.56999969482422,39.56999969482422,0.0,0
2005-05-25,6.303005695343018,0.0,39.369998931884766,0.0,39.369998931884766,39.369998931884766,39.369998931884766,0.0,0
2005-05-26,6.355837821960449,0.0,39.70000076293945,0.0,39.70000076293945,39.70000076293945,39.70000076293945,0.0,0
2005-05-27,6.378250598907471,0.0,39.84000015258789,0.0,39.84000015258789,39.84000015258789,39.84000015258789,0.0,0
2005-05-31,6.378250598907471,0.0,39.84000015258789,0.0,39.84000015258789,39.84000015258789,39.84000015258789,0.0,0
2005-06-01,6.394260406494141,0.0,39.939998626708984,0.0,39.939998626708984,39.939998626708984,39.939998626708984,0.0,0
2005-06-02,6.4230804443359375,0.0,40.119998931884766,0.0,40.119998931884766,40.119998931884766,40.119998931884766,0.0,0
2005-06-03,6.400661945343018,0.0,39.97999954223633,0.0,39.97999954223633,39.97999954223633,39.97999954223633,0.0,0
2005-06-06,6.4214768409729,0.0,40.11000061035156,0.0,40.11000061035156,40.11000061035156,40.11000061035156,0.0,0
2005-06-07,6.439088344573975,0.0,40.220001220703125,0.0,40.220001220703125,40.220001220703125,40.220001220703125,0.0,0
2005-06-08,6.413473606109619,0.0,40.060001373291016,0.0,40.060001373291016,40.060001373291016,40.060001373291016,0.0,0
2005-06-09,6.44389009475708,0.0,40.25,0.0,40.25,40.25,40.25,0.0,0
2005-06-10,6.445491313934326,0.0,40.2599983215332,0.0,40.2599983215332,40.2599983215332,40.2599983215332,0.0,0
2005-06-13,6.472709655761719,0.0,40.43000030517578,0.0,40.43000030517578,40.43000030517578,40.43000030517578,0.0,0
2005-06-14,6.509532928466797,0.0,40.65999984741211,0.0,40.65999984741211,40.65999984741211,40.65999984741211,0.0,0
2005-06-15,6.543150424957275,0.0,40.869998931884766,0.0,40.869998931884766,40.869998931884766,40.869998931884766,0.0,0
2005-06-16,6.5719685554504395,0.0,41.04999923706055,0.0,41.04999923706055,41.04999923706055,41.04999923706055,0.0,0
2005-06-17,6.591180801391602,0.0,41.16999816894531,0.0,41.16999816894531,41.16999816894531,41.16999816894531,0.0,0
2005-06-20,6.573572158813477,0.0,41.060001373291016,0.0,41.060001373291016,41.060001373291016,41.060001373291016,0.0,0
2005-06-21,6.581576347351074,0.0,41.11000061035156,0.0,41.11000061035156,41.11000061035156,41.11000061035156,0.0,0
2005-06-22,6.591180801391602,0.0,41.16999816894531,0.0,41.16999816894531,41.16999816894531,41.16999816894531,0.0,0
2005-06-23,6.528743267059326,0.0,40.779998779296875,0.0,40.779998779296875,40.779998779296875,40.779998779296875,0.0,0
2005-06-24,6.48391580581665,0.0,40.5,0.0,40.5,40.5,40.5,0.0,0
2005-06-27,6.4999237060546875,0.0,40.599998474121094,0.0,40.599998474121094,40.599998474121094,40.599998474121094,0.0,0
2005-06-28,6.575171947479248,0.0,41.06999969482422,0.0,41.06999969482422,41.06999969482422,41.06999969482422,0.0,0
2005-06-29,6.5655646324157715,0.0,41.0099983215332,0.0,41.0099983215332,41.0099983215332,41.0099983215332,0.0,0
2005-06-30,6.579971790313721,0.0,41.099998474121094,0.0,41.099998474121094,41.099998474121094,41.099998474121094,0.0,0
2005-07-01,6.592779636383057,0.0,41.18000030517578,0.0,41.18000030517578,41.18000030517578,41.18000030517578,0.0,0
2005-07-05,6.637607097625732,0.0,41.459999084472656,0.0,41.459999084472656,41.459999084472656,41.459999084472656,0.0,0
2005-07-06,6.629601001739502,0.0,41.40999984741211,0.0,41.40999984741211,41.40999984741211,41.40999984741211,0.0,0
2005-07-07,6.624802112579346,0.0,41.380001068115234,0.0,41.380001068115234,41.380001068115234,41.380001068115234,0.0,0
2005-07-08,6.6952433586120605,0.0,41.81999969482422,0.0,41.81999969482422,41.81999969482422,41.81999969482422,0.0,0
2005-07-11,6.757680416107178,0.0,42.209999084472656,0.0,42.209999084472656,42.209999084472656,42.209999084472656,0.0,0
2005-07-12,6.781696796417236,0.0,42.36000061035156,0.0,42.36000061035156,42.36000061035156,42.36000061035156,0.0,0
2005-07-13,6.762485504150391,0.0,42.2400016784668,0.0,42.2400016784668,42.2400016784668,42.2400016784668,0.0,0
2005-07-14,6.744875431060791,0.0,42.130001068115234,0.0,42.130001068115234,42.130001068115234,42.130001068115234,0.0,0
2005-07-15,6.751279830932617,0.0,42.16999816894531,0.0,42.16999816894531,42.16999816894531,42.16999816894531,0.0,0
2005-07-18,6.728865146636963,0.0,42.029998779296875,0.0,42.029998779296875,42.029998779296875,42.029998779296875,0.0,0
2005-07-19,6.776893138885498,0.0,42.33000183105469,0.0,42.33000183105469,42.33000183105469,42.33000183105469,0.0,0
2005-07-20,6.805709362030029,0.0,42.5099983215332,0.0,42.5099983215332,42.5099983215332,42.5099983215332,0.0,0
2005-07-21,6.75928258895874,0.0,42.220001220703125,0.0,42.220001220703125,42.220001220703125,42.220001220703125,0.0,0
2005-07-22,6.804108619689941,0.0,42.5,0.0,42.5,42.5,42.5,0.0,0
2005-07-25,6.765685081481934,0.0,42.2599983215332,0.0,42.2599983215332,42.2599983215332,42.2599983215332,0.0,0
2005-07-26,6.775291919708252,0.0,42.31999969482422,0.0,42.31999969482422,42.31999969482422,42.31999969482422,0.0,0
2005-07-27,6.792900562286377,0.0,42.43000030517578,0.0,42.43000030517578,42.43000030517578,42.43000030517578,0.0,0
2005-07-28,6.850536346435547,0.0,42.790000915527344,0.0,42.790000915527344,42.790000915527344,42.790000915527344,0.0,0
2005-07-29,6.832927703857422,0.0,42.68000030517578,0.0,42.68000030517578,42.68000030517578,42.68000030517578,0.0,0
2005-08-01,6.858541011810303,0.0,42.84000015258789,0.0,42.84000015258789,42.84000015258789,42.84000015258789,0.0,0
2005-08-02,6.890560150146484,0.0,43.040000915527344,0.0,43.040000915527344,43.040000915527344,43.040000915527344,0.0,0
2005-08-03,6.900166034698486,0.0,43.099998474121094,0.0,43.099998474121094,43.099998474121094,43.099998474121094,0.0,0
2005-08-04,6.861741542816162,0.0,42.86000061035156,0.0,42.86000061035156,42.86000061035156,42.86000061035156,0.0,0
2005-08-05,6.797704696655273,0.0,42.459999084472656,0.0,42.459999084472656,42.459999084472656,42.459999084472656,0.0,0
2005-08-08,6.784897804260254,0.0,42.380001068115234,0.0,42.380001068115234,42.380001068115234,42.380001068115234,0.0,0
2005-08-09,6.802509307861328,0.0,42.4900016784668,0.0,42.4900016784668,42.4900016784668,42.4900016784668,0.0,0
2005-08-10,6.812114238739014,0.0,42.54999923706055,0.0,42.54999923706055,42.54999923706055,42.54999923706055,0.0,0
2005-08-11,6.842533588409424,0.0,42.7400016784668,0.0,42.7400016784668,42.7400016784668,42.7400016784668,0.0,0
2005-08-12,6.8201189041137695,0.0,42.599998474121094,0.0,42.599998474121094,42.599998474121094,42.599998474121094,0.0,0
2005-08-15,6.834528923034668,0.0,42.689998626708984,0.0,42.689998626708984,42.689998626708984,42.689998626708984,0.0,0
2005-08-16,6.7736921310424805,0.0,42.310001373291016,0.0,42.310001373291016,42.310001373291016,42.310001373291016,0.0,0
2005-08-17,6.75607967376709,0.0,42.20000076293945,0.0,42.20000076293945,42.20000076293945,42.20000076293945,0.0,0
2005-08-18,6.720858573913574,0.0,41.97999954223633,0.0,41.97999954223633,41.97999954223633,41.97999954223633,0.0,0
2005-08-19,6.727261066436768,0.0,42.02000045776367,0.0,42.02000045776367,42.02000045776367,42.02000045776367,0.0,0
2005-08-22,6.752877712249756,0.0,42.18000030517578,0.0,42.18000030517578,42.18000030517578,42.18000030517578,0.0,0
2005-08-23,6.743271827697754,0.0,42.119998931884766,0.0,42.119998931884766,42.119998931884766,42.119998931884766,0.0,0
2005-08-24,6.7320661544799805,0.0,42.04999923706055,0.0,42.04999923706055,42.04999923706055,42.04999923706055,0.0,0
2005-08-25,6.748075485229492,0.0,42.150001525878906,0.0,42.150001525878906,42.150001525878906,42.150001525878906,0.0,0
2005-08-26,6.700047969818115,0.0,41.849998474121094,0.0,41.849998474121094,41.849998474121094,41.849998474121094,0.0,0
2005-08-29,6.724061965942383,0.0,42.0,0.0,42.0,42.0,42.0,0.0,0
2005-08-30,6.716055393218994,0.0,41.95000076293945,0.0,41.95000076293945,41.95000076293945,41.95000076293945,0.0,0
2005-08-31,6.826521873474121,0.0,42.63999938964844,0.0,42.63999938964844,42.63999938964844,42.63999938964844,0.0,0
2005-09-01,6.847334861755371,0.0,42.77000045776367,0.0,42.77000045776367,42.77000045776367,42.77000045776367,0.0,0
2005-09-02,6.832927703857422,0.0,42.68000030517578,0.0,42.68000030517578,42.68000030517578,42.68000030517578,0.0,0
2005-09-06,6.8953633308410645,0.0,43.06999969482422,0.0,43.06999969482422,43.06999969482422,43.06999969482422,0.0,0
2005-09-07,6.912975311279297,0.0,43.18000030517578,0.0,43.18000030517578,43.18000030517578,43.18000030517578,0.0,0
2005-09-08,6.880955696105957,0.0,42.97999954223633,0.0,42.97999954223633,42.97999954223633,42.97999954223633,0.0,0
2005-09-09,6.940920352935791,0.0,41.66999816894531,1.67,41.66999816894531,41.66999816894531,41.66999816894531,0.0,0
2005-09-12,6.932590484619141,0.0,41.619998931884766,0.0,41.619998931884766,41.619998931884766,41.619998931884766,0.0,0
2005-09-13,6.887617111206055,0.0,41.349998474121094,0.0,41.349998474121094,41.349998474121094,41.349998474121094,0.0,0
2005-09-14,6.867629528045654,0.0,41.22999954223633,0.0,41.22999954223633,41.22999954223633,41.22999954223633,0.0,0
2005-09-15,6.8642964363098145,0.0,41.209999084472656,0.0,41.209999084472656,41.209999084472656,41.209999084472656,0.0,0
2005-09-16,6.897609710693359,0.0,41.40999984741211,0.0,41.40999984741211,41.40999984741211,41.40999984741211,0.0,0
2005-09-19,6.872627258300781,0.0,41.2599983215332,0.0,41.2599983215332,41.2599983215332,41.2599983215332,0.0,0
2005-09-20,6.814330101013184,0.0,40.90999984741211,0.0,40.90999984741211,40.90999984741211,40.90999984741211,0.0,0
2005-09-21,6.754362106323242,0.0,40.54999923706055,0.0,40.54999923706055,40.54999923706055,40.54999923706055,0.0,0
2005-09-22,6.752695560455322,0.0,40.540000915527344,0.0,40.540000915527344,40.540000915527344,40.540000915527344,0.0,0
2005-09-23,6.767688751220703,0.0,40.630001068115234,0.0,40.630001068115234,40.630001068115234,40.630001068115234,0.0,0
2005-09-26,6.802666664123535,0.0,40.84000015258789,0.0,40.84000015258789,40.84000015258789,40.84000015258789,0.0,0
2005-09-27,6.8010029792785645,0.0,40.83000183105469,0.0,40.83000183105469,40.83000183105469,40.83000183105469,0.0,0
2005-09-28,6.804332733154297,0.0,40.849998474121094,0.0,40.849998474121094,40.849998474121094,40.849998474121094,0.0,0
2005-09-29,6.850973606109619,0.0,41.130001068115234,0.0,41.130001068115234,41.130001068115234,41.130001068115234,0.0,0
2005-09-30,6.877622604370117,0.0,41.290000915527344,0.0,41.290000915527344,41.290000915527344,41.290000915527344,0.0,0
2005-10-03,6.890948295593262,0.0,41.369998931884766,0.0,41.369998931884766,41.369998931884766,41.369998931884766,0.0,0
2005-10-04,6.817659854888916,0.0,40.93000030517578,0.0,40.93000030517578,40.93000030517578,40.93000030517578,0.0,0
2005-10-05,6.699395179748535,0.0,40.220001220703125,0.0,40.220001220703125,40.220001220703125,40.220001220703125,0.0,0
2005-10-06,6.644424915313721,0.0,39.88999938964844,0.0,39.88999938964844,39.88999938964844,39.88999938964844,0.0,0
2005-10-07,6.671079635620117,0.0,40.04999923706055,0.0,40.04999923706055,40.04999923706055,40.04999923706055,0.0,0
2005-10-10,6.62777042388916,0.0,39.790000915527344,0.0,39.790000915527344,39.790000915527344,39.790000915527344,0.0,0
2005-10-11,6.606117248535156,0.0,39.65999984741211,0.0,39.65999984741211,39.65999984741211,39.65999984741211,0.0,0
2005-10-12,6.546154022216797,0.0,39.29999923706055,0.0,39.29999923706055,39.29999923706055,39.29999923706055,0.0,0
2005-10-13,6.506176471710205,0.0,39.060001373291016,0.0,39.060001373291016,39.060001373291016,39.060001373291016,0.0,0
2005-10-14,6.5578131675720215,0.0,39.369998931884766,0.0,39.369998931884766,39.369998931884766,39.369998931884766,0.0,0
2005-10-17,6.566139221191406,0.0,39.41999816894531,0.0,39.41999816894531,39.41999816894531,39.41999816894531,0.0,0
2005-10-18,6.497847080230713,0.0,39.0099983215332,0.0,39.0099983215332,39.0099983215332,39.0099983215332,0.0,0
2005-10-19,6.554481506347656,0.0,39.349998474121094,0.0,39.349998474121094,39.349998474121094,39.349998474121094,0.0,0
2005-10-20,6.466198444366455,0.0,38.81999969482422,0.0,38.81999969482422,38.81999969482422,38.81999969482422,0.0,0
2005-10-21,6.496182918548584,0.0,39.0,0.0,39.0,39.0,39.0,0.0,0
2005-10-24,6.586127758026123,0.0,39.540000915527344,0.0,39.540000915527344,39.540000915527344,39.540000915527344,0.0,0
2005-10-25,6.572803497314453,0.0,39.459999084472656,0.0,39.459999084472656,39.459999084472656,39.459999084472656,0.0,0
2005-10-26,6.532827377319336,0.0,39.220001220703125,0.0,39.220001220703125,39.220001220703125,39.220001220703125,0.0,0
2005-10-27,6.427888870239258,0.0,38.59000015258789,0.0,38.59000015258789,38.59000015258789,38.59000015258789,0.0,0
2005-10-28,6.494516849517822,0.0,38.9900016784668,0.0,38.9900016784668,38.9900016784668,38.9900016784668,0.0,0
2005-10-31,6.586127758026123,0.0,39.540000915527344,0.0,39.540000915527344,39.540000915527344,39.540000915527344,0.0,0
2005-11-01,6.599453449249268,0.0,39.619998931884766,0.0,39.619998931884766,39.619998931884766,39.619998931884766,0.0,0
2005-11-02,6.696065425872803,0.0,40.20000076293945,0.0,40.20000076293945,40.20000076293945,40.20000076293945,0.0,0
2005-11-03,6.721049785614014,0.0,40.349998474121094,0.0,40.349998474121094,40.349998474121094,40.349998474121094,0.0,0
2005-11-04,6.706056594848633,0.0,40.2599983215332,0.0,40.2599983215332,40.2599983215332,40.2599983215332,0.0,0
2005-11-07,6.719384670257568,0.0,40.34000015258789,0.0,40.34000015258789,40.34000015258789,40.34000015258789,0.0,0
2005-11-08,6.667745590209961,0.0,40.029998779296875,0.0,40.029998779296875,40.029998779296875,40.029998779296875,0.0,0
2005-11-09,6.684403896331787,0.0,40.130001068115234,0.0,40.130001068115234,40.130001068115234,40.130001068115234,0.0,0
2005-11-10,6.716052055358887,0.0,40.31999969482422,0.0,40.31999969482422,40.31999969482422,40.31999969482422,0.0,0
2005-11-11,6.737706184387207,0.0,40.45000076293945,0.0,40.45000076293945,40.45000076293945,40.45000076293945,0.0,0
2005-11-14,6.734372615814209,0.0,40.43000030517578,0.0,40.43000030517578,40.43000030517578,40.43000030517578,0.0,0
2005-11-15,6.699395179748535,0.0,40.220001220703125,0.0,40.220001220703125,40.220001220703125,40.220001220703125,0.0,0
2005-11-16,6.694394588470459,0.0,40.189998626708984,0.0,40.189998626708984,40.189998626708984,40.189998626708984,0.0,0
2005-11-17,6.7860107421875,0.0,40.7400016784668,0.0,40.7400016784668,40.7400016784668,40.7400016784668,0.0,0
2005-11-18,6.806000709533691,0.0,40.86000061035156,0.0,40.86000061035156,40.86000061035156,40.86000061035156,0.0,0
2005-11-21,6.844310760498047,0.0,41.09000015258789,0.0,41.09000015258789,41.09000015258789,41.09000015258789,0.0,0
2005-11-22,6.8792877197265625,0.0,41.29999923706055,0.0,41.29999923706055,41.29999923706055,41.29999923706055,0.0,0
2005-11-23,6.905941009521484,0.0,41.459999084472656,0.0,41.459999084472656,41.459999084472656,41.459999084472656,0.0,0
2005-11-25,6.905941009521484,0.0,41.459999084472656,0.0,41.459999084472656,41.459999084472656,41.459999084472656,0.0,0
2005-11-28,6.850973606109619,0.0,41.130001068115234,0.0,41.130001068115234,41.130001068115234,41.130001068115234,0.0,0
2005-11-29,6.86596155166626,0.0,41.220001220703125,0.0,41.220001220703125,41.220001220703125,41.220001220703125,0.0,0
2005-11-30,6.8792877197265625,0.0,41.29999923706055,0.0,41.29999923706055,41.29999923706055,41.29999923706055,0.0,0
2005-12-01,6.962576389312744,0.0,41.79999923706055,0.0,41.79999923706055,41.79999923706055,41.79999923706055,0.0,0
2005-12-02,6.9858927726745605,0.0,41.939998626708984,0.0,41.939998626708984,41.939998626708984,41.939998626708984,0.0,0
2005-12-05,6.992556571960449,0.0,41.97999954223633,0.0,41.97999954223633,41.97999954223633,41.97999954223633,0.0,0
2005-12-06,6.995891094207764,0.0,42.0,0.0,42.0,42.0,42.0,0.0,0
2005-12-07,6.96590518951416,0.0,41.81999969482422,0.0,41.81999969482422,41.81999969482422,41.81999969482422,0.0,0
2005-12-08,6.974233150482178,0.0,41.869998931884766,0.0,41.869998931884766,41.869998931884766,41.869998931884766,0.0,0
2005-12-09,6.99422025680542,0.0,41.9900016784668,0.0,41.9900016784668,41.9900016784668,41.9900016784668,0.0,0
2005-12-12,7.010878086090088,0.0,42.09000015258789,0.0,42.09000015258789,42.09000015258789,42.09000015258789,0.0,0
2005-12-13,7.032532691955566,0.0,42.220001220703125,0.0,42.220001220703125,42.220001220703125,42.220001220703125,0.0,0
2005-12-14,7.0591840744018555,0.0,42.380001068115234,0.0,42.380001068115234,42.380001068115234,42.380001068115234,0.0,0
2005-12-15,7.020872592926025,0.0,42.150001525878906,0.0,42.150001525878906,42.150001525878906,42.150001525878906,0.0,0
2005-12-16,7.01915979385376,0.0,40.93000030517578,1.21,40.93000030517578,40.93000030517578,40.93000030517578,0.0,0
2005-12-19,6.964282512664795,0.0,40.61000061035156,0.0,40.61000061035156,40.61000061035156,40.61000061035156,0.0,0
2005-12-20,6.969426155090332,0.0,40.63999938964844,0.0,40.63999938964844,40.63999938964844,40.63999938964844,0.0,0
2005-12-21,7.01744270324707,0.0,40.91999816894531,0.0,40.91999816894531,40.91999816894531,40.91999816894531,0.0,0
2005-12-22,7.041451930999756,0.0,41.060001373291016,0.0,41.060001373291016,41.060001373291016,41.060001373291016,0.0,0
2005-12-23,7.055169582366943,0.0,41.13999938964844,0.0,41.13999938964844,41.13999938964844,41.13999938964844,0.0,0
2005-12-27,7.000293731689453,0.0,40.81999969482422,0.0,40.81999969482422,40.81999969482422,40.81999969482422,0.0,0
2005-12-28,7.015727996826172,0.0,40.90999984741211,0.0,40.90999984741211,40.90999984741211,40.90999984741211,0.0,0
2005-12-29,7.032876014709473,0.0,41.0099983215332,0.0,41.0099983215332,41.0099983215332,41.0099983215332,0.0,0
2005-12-30,7.003724575042725,0.0,40.84000015258789,0.0,40.84000015258789,40.84000015258789,40.84000015258789,0.0,0
2006-01-03,7.108333587646484,0.0,41.45000076293945,0.0,41.45000076293945,41.45000076293945,41.45000076293945,0.0,0
2006-01-04,7.173504829406738,0.0,41.83000183105469,0.0,41.83000183105469,41.83000183105469,41.83000183105469,0.0,0
2006-01-05,7.1769280433654785,0.0,41.849998474121094,0.0,41.849998474121094,41.849998474121094,41.849998474121094,0.0,0
2006-01-06,7.236954212188721,0.0,42.20000076293945,0.0,42.20000076293945,42.20000076293945,42.20000076293945,0.0,0
2006-01-09,7.290114879608154,0.0,42.5099983215332,0.0,42.5099983215332,42.5099983215332,42.5099983215332,0.0,0
2006-01-10,7.293545722961426,0.0,42.529998779296875,0.0,42.529998779296875,42.529998779296875,42.529998779296875,0.0,0
2006-01-11,7.307265281677246,0.0,42.61000061035156,0.0,42.61000061035156,42.61000061035156,42.61000061035156,0.0,0
2006-01-12,7.290114879608154,0.0,42.5099983215332,0.0,42.5099983215332,42.5099983215332,42.5099983215332,0.0,0
2006-01-13,7.300405502319336,0.0,42.56999969482422,0.0,42.56999969482422,42.56999969482422,42.56999969482422,0.0,0
2006-01-17,7.264390468597412,0.0,42.36000061035156,0.0,42.36000061035156,42.36000061035156,42.36000061035156,0.0,0
2006-01-18,7.2352375984191895,0.0,42.189998626708984,0.0,42.189998626708984,42.189998626708984,42.189998626708984,0.0,0
2006-01-19,7.2883992195129395,0.0,42.5,0.0,42.5,42.5,42.5,0.0,0
2006-01-20,7.219803333282471,0.0,42.099998474121094,0.0,42.099998474121094,42.099998474121094,42.099998474121094,0.0,0
2006-01-23,7.248958587646484,0.0,42.27000045776367,0.0,42.27000045776367,42.27000045776367,42.27000045776367,0.0,0
2006-01-24,7.308980464935303,0.0,42.619998931884766,0.0,42.619998931884766,42.619998931884766,42.619998931884766,0.0,0
2006-01-25,7.315840244293213,0.0,42.65999984741211,0.0,42.65999984741211,42.65999984741211,42.65999984741211,0.0,0
2006-01-26,7.401582717895508,0.0,43.15999984741211,0.0,43.15999984741211,43.15999984741211,43.15999984741211,0.0,0
2006-01-27,7.442743301391602,0.0,43.400001525878906,0.0,43.400001525878906,43.400001525878906,43.400001525878906,0.0,0
2006-01-30,7.454746723175049,0.0,43.470001220703125,0.0,43.470001220703125,43.470001220703125,43.470001220703125,0.0,0
2006-01-31,7.4650349617004395,0.0,43.529998779296875,0.0,43.529998779296875,43.529998779296875,43.529998779296875,0.0,0
2006-02-01,7.4667510986328125,0.0,43.540000915527344,0.0,43.540000915527344,43.540000915527344,43.540000915527344,0.0,0
2006-02-02,7.406729698181152,0.0,43.189998626708984,0.0,43.189998626708984,43.189998626708984,43.189998626708984,0.0,0
2006-02-03,7.382721424102783,0.0,43.04999923706055,0.0,43.04999923706055,43.04999923706055,43.04999923706055,0.0,0
2006-02-06,7.413586616516113,0.0,43.22999954223633,0.0,43.22999954223633,43.22999954223633,43.22999954223633,0.0,0
2006-02-07,7.341562271118164,0.0,42.810001373291016,0.0,42.810001373291016,42.810001373291016,42.810001373291016,0.0,0
2006-02-08,7.353566646575928,0.0,42.880001068115234,0.0,42.880001068115234,42.880001068115234,42.880001068115234,0.0,0
2006-02-09,7.350137710571289,0.0,42.86000061035156,0.0,42.86000061035156,42.86000061035156,42.86000061035156,0.0,0
2006-02-10,7.320984840393066,0.0,42.689998626708984,0.0,42.689998626708984,42.689998626708984,42.689998626708984,0.0,0
2006-02-13,7.274684906005859,0.0,42.41999816894531,0.0,42.41999816894531,42.41999816894531,42.41999816894531,0.0,0
2006-02-14,7.3329877853393555,0.0,42.7599983215332,0.0,42.7599983215332,42.7599983215332,42.7599983215332,0.0,0
2006-02-15,7.363856315612793,0.0,42.939998626708984,0.0,42.939998626708984,42.939998626708984,42.939998626708984,0.0,0
2006-02-16,7.427309036254883,0.0,43.310001373291016,0.0,43.310001373291016,43.310001373291016,43.310001373291016,0.0,0
2006-02-17,7.423879146575928,0.0,43.290000915527344,0.0,43.290000915527344,43.290000915527344,43.290000915527344,0.0,0
2006-02-21,7.413586616516113,0.0,43.22999954223633,0.0,43.22999954223633,43.22999954223633,43.22999954223633,0.0,0
2006-02-22,7.458174228668213,0.0,43.4900016784668,0.0,43.4900016784668,43.4900016784668,43.4900016784668,0.0,0
2006-02-23,7.458174228668213,0.0,43.4900016784668,0.0,43.4900016784668,43.4900016784668,43.4900016784668,0.0,0
2006-02-24,7.4736104011535645,0.0,43.58000183105469,0.0,43.58000183105469,43.58000183105469,43.58000183105469,0.0,0
2006-02-27,7.483903408050537,0.0,43.63999938964844,0.0,43.63999938964844,43.63999938964844,43.63999938964844,0.0,0
2006-02-28,7.4187331199646,0.0,43.2599983215332,0.0,43.2599983215332,43.2599983215332,43.2599983215332,0.0,0
2006-03-01,7.480470180511475,0.0,43.619998931884766,0.0,43.619998931884766,43.619998931884766,43.619998931884766,0.0,0
2006-03-02,7.480470180511475,0.0,43.619998931884766,0.0,43.619998931884766,43.619998931884766,43.619998931884766,0.0,0
2006-03-03,7.458174228668213,0.0,43.4900016784668,0.0,43.4900016784668,43.4900016784668,43.4900016784668,0.0,0
2006-03-06,7.4187331199646,0.0,43.2599983215332,0.0,43.2599983215332,43.2599983215332,43.2599983215332,0.0,0
2006-03-07,7.339848041534424,0.0,42.79999923706055,0.0,42.79999923706055,42.79999923706055,42.79999923706055,0.0,0
2006-03-08,7.338133335113525,0.0,42.790000915527344,0.0,42.790000915527344,42.790000915527344,42.790000915527344,0.0,0
2006-03-09,7.312410831451416,0.0,42.63999938964844,0.0,42.63999938964844,42.63999938964844,42.63999938964844,0.0,0
2006-03-10,7.370718479156494,0.0,42.97999954223633,0.0,42.97999954223633,42.97999954223633,42.97999954223633,0.0,0
2006-03-13,7.394723892211914,0.0,43.119998931884766,0.0,43.119998931884766,43.119998931884766,43.119998931884766,0.0,0
2006-03-14,7.478754997253418,0.0,43.61000061035156,0.0,43.61000061035156,43.61000061035156,43.61000061035156,0.0,0
2006-03-15,7.519911766052246,0.0,43.849998474121094,0.0,43.849998474121094,43.849998474121094,43.849998474121094,0.0,0
2006-03-16,7.547352313995361,0.0,44.0099983215332,0.0,44.0099983215332,44.0099983215332,44.0099983215332,0.0,0
2006-03-17,7.5559282302856445,0.0,44.060001373291016,0.0,44.060001373291016,44.060001373291016,44.060001373291016,0.0,0
2006-03-20,7.550782680511475,0.0,44.029998779296875,0.0,44.029998779296875,44.029998779296875,44.029998779296875,0.0,0
2006-03-21,7.4907612800598145,0.0,43.68000030517578,0.0,43.68000030517578,43.68000030517578,43.68000030517578,0.0,0
2006-03-22,7.525057315826416,0.0,43.880001068115234,0.0,43.880001068115234,43.880001068115234,43.880001068115234,0.0,0
2006-03-23,7.528488636016846,0.0,43.900001525878906,0.0,43.900001525878906,43.900001525878906,43.900001525878906,0.0,0
2006-03-24,7.562787055969238,0.0,44.099998474121094,0.0,44.099998474121094,44.099998474121094,44.099998474121094,0.0,0
2006-03-27,7.564501762390137,0.0,44.11000061035156,0.0,44.11000061035156,44.11000061035156,44.11000061035156,0.0,0
2006-03-28,7.526773929595947,0.0,43.88999938964844,0.0,43.88999938964844,43.88999938964844,43.88999938964844,0.0,0
2006-03-29,7.600512504577637,0.0,44.31999969482422,0.0,44.31999969482422,44.31999969482422,44.31999969482422,0.0,0
2006-03-30,7.61423397064209,0.0,44.400001525878906,0.0,44.400001525878906,44.400001525878906,44.400001525878906,0.0,0
2006-03-31,7.607375144958496,0.0,44.36000061035156,0.0,44.36000061035156,44.36000061035156,44.36000061035156,0.0,0
2006-04-03,7.615952491760254,0.0,44.40999984741211,0.0,44.40999984741211,44.40999984741211,44.40999984741211,0.0,0
2006-04-04,7.662252902984619,0.0,44.68000030517578,0.0,44.68000030517578,44.68000030517578,44.68000030517578,0.0,0
2006-04-05,7.717132568359375,0.0,45.0,0.0,45.0,45.0,45.0,0.0,0
2006-04-06,7.713698863983154,0.0,44.97999954223633,0.0,44.97999954223633,44.97999954223633,44.97999954223633,0.0,0
2006-04-07,7.645102024078369,0.0,44.58000183105469,0.0,44.58000183105469,44.58000183105469,44.58000183105469,0.0,0
2006-04-10,7.627955913543701,0.0,44.47999954223633,0.0,44.47999954223633,44.47999954223633,44.47999954223633,0.0,0
2006-04-11,7.571362495422363,0.0,44.150001525878906,0.0,44.150001525878906,44.150001525878906,44.150001525878906,0.0,0
2006-04-12,7.585081577301025,0.0,44.22999954223633,0.0,44.22999954223633,44.22999954223633,44.22999954223633,0.0,0
2006-04-13,7.588510513305664,0.0,44.25,0.0,44.25,44.25,44.25,0.0,0
2006-04-17,7.603945255279541,0.0,44.34000015258789,0.0,44.34000015258789,44.34000015258789,44.34000015258789,0.0,0
2006-04-18,7.713698863983154,0.0,44.97999954223633,0.0,44.97999954223633,44.97999954223633,44.97999954223633,0.0,0
2006-04-19,7.766863822937012,0.0,45.290000915527344,0.0,45.290000915527344,45.290000915527344,45.290000915527344,0.0,0
2006-04-20,7.756575107574463,0.0,45.22999954223633,0.0,45.22999954223633,45.22999954223633,45.22999954223633,0.0,0
2006-04-21,7.763432502746582,0.0,45.27000045776367,0.0,45.27000045776367,45.27000045776367,45.27000045776367,0.0,0
2006-04-24,7.735992908477783,0.0,45.11000061035156,0.0,45.11000061035156,45.11000061035156,45.11000061035156,0.0,0
2006-04-25,7.717132568359375,0.0,45.0,0.0,45.0,45.0,45.0,0.0,0
2006-04-26,7.747997283935547,0.0,45.18000030517578,0.0,45.18000030517578,45.18000030517578,45.18000030517578,0.0,0
2006-04-27,7.7291340827941895,0.0,45.06999969482422,0.0,45.06999969482422,45.06999969482422,45.06999969482422,0.0,0
2006-04-28,7.758289337158203,0.0,45.2400016784668,0.0,45.2400016784668,45.2400016784668,45.2400016784668,0.0,0
2006-05-01,7.753142833709717,0.0,45.209999084472656,0.0,45.209999084472656,45.209999084472656,45.209999084472656,0.0,0
2006-05-02,7.8028764724731445,0.0,45.5,0.0,45.5,45.5,45.5,0.0,0
2006-05-03,7.7908711433410645,0.0,45.43000030517578,0.0,45.43000030517578,45.43000030517578,45.43000030517578,0.0,0
2006-05-04,7.814881801605225,0.0,45.56999969482422,0.0,45.56999969482422,45.56999969482422,45.56999969482422,0.0,0
2006-05-05,7.885191917419434,0.0,45.97999954223633,0.0,45.97999954223633,45.97999954223633,45.97999954223633,0.0,0
2006-05-08,7.888622283935547,0.0,46.0,0.0,46.0,46.0,46.0,0.0,0
2006-05-09,7.9057722091674805,0.0,46.099998474121094,0.0,46.099998474121094,46.099998474121094,46.099998474121094,0.0,0
2006-05-10,7.909200668334961,0.0,46.119998931884766,0.0,46.119998931884766,46.119998931884766,46.119998931884766,0.0,0
2006-05-11,7.825169563293457,0.0,45.630001068115234,0.0,45.630001068115234,45.630001068115234,45.630001068115234,0.0,0
2006-05-12,7.718846321105957,0.0,45.0099983215332,0.0,45.0099983215332,45.0099983215332,45.0099983215332,0.0,0
2006-05-15,7.655391693115234,0.0,44.63999938964844,0.0,44.63999938964844,44.63999938964844,44.63999938964844,0.0,0
2006-05-16,7.6519622802734375,0.0,44.619998931884766,0.0,44.619998931884766,44.619998931884766,44.619998931884766,0.0,0
2006-05-17,7.5387773513793945,0.0,43.959999084472656,0.0,43.959999084472656,43.959999084472656,43.959999084472656,0.0,0
2006-05-18,7.480470180511475,0.0,43.619998931884766,0.0,43.619998931884766,43.619998931884766,43.619998931884766,0.0,0
2006-05-19,7.483903408050537,0.0,43.63999938964844,0.0,43.63999938964844,43.63999938964844,43.63999938964844,0.0,0
2006-05-22,7.393011093139648,0.0,43.11000061035156,0.0,43.11000061035156,43.11000061035156,43.11000061035156,0.0,0
2006-05-23,7.396439075469971,0.0,43.130001068115234,0.0,43.130001068115234,43.130001068115234,43.130001068115234,0.0,0
2006-05-24,7.358712196350098,0.0,42.90999984741211,0.0,42.90999984741211,42.90999984741211,42.90999984741211,0.0,0
2006-05-25,7.444457054138184,0.0,43.40999984741211,0.0,43.40999984741211,43.40999984741211,43.40999984741211,0.0,0
2006-05-26,7.492476940155029,0.0,43.689998626708984,0.0,43.689998626708984,43.689998626708984,43.689998626708984,0.0,0
2006-05-30,7.384435653686523,0.0,43.060001373291016,0.0,43.060001373291016,43.060001373291016,43.060001373291016,0.0,0
2006-05-31,7.447887420654297,0.0,43.43000030517578,0.0,43.43000030517578,43.43000030517578,43.43000030517578,0.0,0
2006-06-01,7.5181989669799805,0.0,43.84000015258789,0.0,43.84000015258789,43.84000015258789,43.84000015258789,0.0,0
2006-06-02,7.542208194732666,0.0,43.97999954223633,0.0,43.97999954223633,43.97999954223633,43.97999954223633,0.0,0
2006-06-05,7.398155212402344,0.0,43.13999938964844,0.0,43.13999938964844,43.13999938964844,43.13999938964844,0.0,0
2006-06-06,7.334702491760254,0.0,42.77000045776367,0.0,42.77000045776367,42.77000045776367,42.77000045776367,0.0,0
2006-06-07,7.290114879608154,0.0,42.5099983215332,0.0,42.5099983215332,42.5099983215332,42.5099983215332,0.0,0
2006-06-08,7.2386674880981445,0.0,42.209999084472656,0.0,42.209999084472656,42.209999084472656,42.209999084472656,0.0,0
2006-06-09,7.2420973777771,0.0,42.22999954223633,0.0,42.22999954223633,42.22999954223633,42.22999954223633,0.0,0
2006-06-12,7.134058475494385,0.0,41.599998474121094,0.0,41.599998474121094,41.599998474121094,41.599998474121094,0.0,0
2006-06-13,7.012297630310059,0.0,40.88999938964844,0.0,40.88999938964844,40.88999938964844,40.88999938964844,0.0,0
2006-06-14,7.038021564483643,0.0,41.040000915527344,0.0,41.040000915527344,41.040000915527344,41.040000915527344,0.0,0
2006-06-15,7.212944030761719,0.0,42.060001373291016,0.0,42.060001373291016,42.060001373291016,42.060001373291016,0.0,0
2006-06-16,7.188934803009033,0.0,41.91999816894531,0.0,41.91999816894531,41.91999816894531,41.91999816894531,0.0,0
2006-06-19,7.111764907836914,0.0,41.470001220703125,0.0,41.470001220703125,41.470001220703125,41.470001220703125,0.0,0
2006-06-20,7.0946149826049805,0.0,41.369998931884766,0.0,41.369998931884766,41.369998931884766,41.369998931884766,0.0,0
2006-06-21,7.164927005767822,0.0,41.779998779296875,0.0,41.779998779296875,41.779998779296875,41.779998779296875,0.0,0
2006-06-22,7.154636383056641,0.0,41.720001220703125,0.0,41.720001220703125,41.720001220703125,41.720001220703125,0.0,0
2006-06-23,7.173504829406738,0.0,41.83000183105469,0.0,41.83000183105469,41.83000183105469,41.83000183105469,0.0,0
2006-06-26,7.216372966766357,0.0,42.08000183105469,0.0,42.08000183105469,42.08000183105469,42.08000183105469,0.0,0
2006-06-27,7.158066272735596,0.0,41.7400016784668,0.0,41.7400016784668,41.7400016784668,41.7400016784668,0.0,0
2006-06-28,7.170070648193359,0.0,41.810001373291016,0.0,41.810001373291016,41.810001373291016,41.810001373291016,0.0,0
2006-06-29,7.334702491760254,0.0,42.77000045776367,0.0,42.77000045776367,42.77000045776367,42.77000045776367,0.0,0
2006-06-30,7.358712196350098,0.0,42.90999984741211,0.0,42.90999984741211,42.90999984741211,42.90999984741211,0.0,0
2006-07-03,7.394723892211914,0.0,43.119998931884766,0.0,43.119998931884766,43.119998931884766,43.119998931884766,0.0,0
2006-07-05,7.331272602081299,0.0,42.75,0.0,42.75,42.75,42.75,0.0,0
2006-07-06,7.346707820892334,0.0,42.84000015258789,0.0,42.84000015258789,42.84000015258789,42.84000015258789,0.0,0
2006-07-07,7.308980464935303,0.0,42.619998931884766,0.0,42.619998931884766,42.619998931884766,42.619998931884766,0.0,0
2006-07-10,7.293545722961426,0.0,42.529998779296875,0.0,42.529998779296875,42.529998779296875,42.529998779296875,0.0,0
2006-07-11,7.308980464935303,0.0,42.619998931884766,0.0,42.619998931884766,42.619998931884766,42.619998931884766,0.0,0
2006-07-12,7.2420973777771,0.0,42.22999954223633,0.0,42.22999954223633,42.22999954223633,42.22999954223633,0.0,0
2006-07-13,7.149491786956787,0.0,41.689998626708984,0.0,41.689998626708984,41.689998626708984,41.689998626708984,0.0,0
2006-07-14,7.091184616088867,0.0,41.349998474121094,0.0,41.349998474121094,41.349998474121094,41.349998474121094,0.0,0
2006-07-17,7.039737224578857,0.0,41.04999923706055,0.0,41.04999923706055,41.04999923706055,41.04999923706055,0.0,0
2006-07-18,7.038021564483643,0.0,41.040000915527344,0.0,41.040000915527344,41.040000915527344,41.040000915527344,0.0,0
2006-07-19,7.187220573425293,0.0,41.90999984741211,0.0,41.90999984741211,41.90999984741211,41.90999984741211,0.0,0
2006-07-20,7.122052192687988,0.0,41.529998779296875,0.0,41.529998779296875,41.529998779296875,41.529998779296875,0.0,0
2006-07-21,7.063746452331543,0.0,41.189998626708984,0.0,41.189998626708984,41.189998626708984,41.189998626708984,0.0,0
2006-07-24,7.166642665863037,0.0,41.790000915527344,0.0,41.790000915527344,41.790000915527344,41.790000915527344,0.0,0
2006-07-25,7.2266645431518555,0.0,42.13999938964844,0.0,42.13999938964844,42.13999938964844,42.13999938964844,0.0,0
2006-07-26,7.231807708740234,0.0,42.16999816894531,0.0,42.16999816894531,42.16999816894531,42.16999816894531,0.0,0
2006-07-27,7.197511672973633,0.0,41.970001220703125,0.0,41.970001220703125,41.970001220703125,41.970001220703125,0.0,0
2006-07-28,7.264390468597412,0.0,42.36000061035156,0.0,42.36000061035156,42.36000061035156,42.36000061035156,0.0,0
2006-07-31,7.271251678466797,0.0,42.400001525878906,0.0,42.400001525878906,42.400001525878906,42.400001525878906,0.0,0
2006-08-01,7.223232746124268,0.0,42.119998931884766,0.0,42.119998931884766,42.119998931884766,42.119998931884766,0.0,0
2006-08-02,7.2798261642456055,0.0,42.45000076293945,0.0,42.45000076293945,42.45000076293945,42.45000076293945,0.0,0
2006-08-03,7.3141255378723145,0.0,42.650001525878906,0.0,42.650001525878906,42.650001525878906,42.650001525878906,0.0,0
2006-08-04,7.295259952545166,0.0,42.540000915527344,0.0,42.540000915527344,42.540000915527344,42.540000915527344,0.0,0
2006-08-07,7.257533073425293,0.0,42.31999969482422,0.0,42.31999969482422,42.31999969482422,42.31999969482422,0.0,0
2006-08-08,7.221518039703369,0.0,42.11000061035156,0.0,42.11000061035156,42.11000061035156,42.11000061035156,0.0,0
2006-08-09,7.180362224578857,0.0,41.869998931884766,0.0,41.869998931884766,41.869998931884766,41.869998931884766,0.0,0
2006-08-10,7.19922399520874,0.0,41.97999954223633,0.0,41.97999954223633,41.97999954223633,41.97999954223633,0.0,0
2006-08-11,7.154636383056641,0.0,41.720001220703125,0.0,41.720001220703125,41.720001220703125,41.720001220703125,0.0,0
2006-08-14,7.158066272735596,0.0,41.7400016784668,0.0,41.7400016784668,41.7400016784668,41.7400016784668,0.0,0
2006-08-15,7.243814468383789,0.0,42.2400016784668,0.0,42.2400016784668,42.2400016784668,42.2400016784668,0.0,0
2006-08-16,7.3175530433654785,0.0,42.66999816894531,0.0,42.66999816894531,42.66999816894531,42.66999816894531,0.0,0
2006-08-17,7.334702491760254,0.0,42.77000045776367,0.0,42.77000045776367,42.77000045776367,42.77000045776367,0.0,0
2006-08-18,7.336419105529785,0.0,42.779998779296875,0.0,42.779998779296875,42.779998779296875,42.779998779296875,0.0,0
2006-08-21,7.296975612640381,0.0,42.54999923706055,0.0,42.54999923706055,42.54999923706055,42.54999923706055,0.0,0
2006-08-22,7.300405502319336,0.0,42.56999969482422,0.0,42.56999969482422,42.56999969482422,42.56999969482422,0.0,0
2006-08-23,7.25924825668335,0.0,42.33000183105469,0.0,42.33000183105469,42.33000183105469,42.33000183105469,0.0,0
2006-08-24,7.26096248626709,0.0,42.34000015258789,0.0,42.34000015258789,42.34000015258789,42.34000015258789,0.0,0
2006-08-25,7.26096248626709,0.0,42.34000015258789,0.0,42.34000015258789,42.34000015258789,42.34000015258789,0.0,0
2006-08-28,7.298688888549805,0.0,42.560001373291016,0.0,42.560001373291016,42.560001373291016,42.560001373291016,0.0,0
2006-08-29,7.3449931144714355,0.0,42.83000183105469,0.0,42.83000183105469,42.83000183105469,42.83000183105469,0.0,0
2006-08-30,7.374145984649658,0.0,43.0,0.0,43.0,43.0,43.0,0.0,0
2006-08-31,7.405015468597412,0.0,43.18000030517578,0.0,43.18000030517578,43.18000030517578,43.18000030517578,0.0,0
2006-09-01,7.441028118133545,0.0,43.38999938964844,0.0,43.38999938964844,43.38999938964844,43.38999938964844,0.0,0
2006-09-05,7.4736104011535645,0.0,43.58000183105469,0.0,43.58000183105469,43.58000183105469,43.58000183105469,0.0,0
2006-09-06,7.37243127822876,0.0,42.9900016784668,0.0,42.9900016784668,42.9900016784668,42.9900016784668,0.0,0
2006-09-07,7.334702491760254,0.0,42.77000045776367,0.0,42.77000045776367,42.77000045776367,42.77000045776367,0.0,0
2006-09-08,7.355317115783691,0.0,39.25,3.63,39.25,39.25,39.25,0.0,0
2006-09-11,7.344071388244629,0.0,39.189998626708984,0.0,39.189998626708984,39.189998626708984,39.189998626708984,0.0,0
2006-09-12,7.4452667236328125,0.0,39.72999954223633,0.0,39.72999954223633,39.72999954223633,39.72999954223633,0.0,0
2006-09-13,7.484618186950684,0.0,39.939998626708984,0.0,39.939998626708984,39.939998626708984,39.939998626708984,0.0,0
2006-09-14,7.4808735847473145,0.0,39.91999816894531,0.0,39.91999816894531,39.91999816894531,39.91999816894531,0.0,0
2006-09-15,7.4827470779418945,0.0,39.93000030517578,0.0,39.93000030517578,39.93000030517578,39.93000030517578,0.0,0
2006-09-18,7.492116451263428,0.0,39.97999954223633,0.0,39.97999954223633,39.97999954223633,39.97999954223633,0.0,0
2006-09-19,7.464007377624512,0.0,39.83000183105469,0.0,39.83000183105469,39.83000183105469,39.83000183105469,0.0,0
2006-09-20,7.51085901260376,0.0,40.08000183105469,0.0,40.08000183105469,40.08000183105469,40.08000183105469,0.0,0
2006-09-21,7.478999614715576,0.0,39.90999984741211,0.0,39.90999984741211,39.90999984741211,39.90999984741211,0.0,0
2006-09-22,7.447142601013184,0.0,39.7400016784668,0.0,39.7400016784668,39.7400016784668,39.7400016784668,0.0,0
2006-09-25,7.492116451263428,0.0,39.97999954223633,0.0,39.97999954223633,39.97999954223633,39.97999954223633,0.0,0
2006-09-26,7.53521728515625,0.0,40.209999084472656,0.0,40.209999084472656,40.209999084472656,40.209999084472656,0.0,0
2006-09-27,7.550210475921631,0.0,40.290000915527344,0.0,40.290000915527344,40.290000915527344,40.290000915527344,0.0,0
2006-09-28,7.563327312469482,0.0,40.36000061035156,0.0,40.36000061035156,40.36000061035156,40.36000061035156,0.0,0
2006-09-29,7.514602184295654,0.0,40.099998474121094,0.0,40.099998474121094,40.099998474121094,40.099998474121094,0.0,0
2006-10-02,7.5052337646484375,0.0,40.04999923706055,0.0,40.04999923706055,40.04999923706055,40.04999923706055,0.0,0
2006-10-03,7.477125644683838,0.0,39.900001525878906,0.0,39.900001525878906,39.900001525878906,39.900001525878906,0.0,0
2006-10-04,7.563327312469482,0.0,40.36000061035156,0.0,40.36000061035156,40.36000061035156,40.36000061035156,0.0,0
2006-10-05,7.602682113647461,0.0,40.56999969482422,0.0,40.56999969482422,40.56999969482422,40.56999969482422,0.0,0
2006-10-06,7.568944931030273,0.0,40.38999938964844,0.0,40.38999938964844,40.38999938964844,40.38999938964844,0.0,0
2006-10-09,7.589559078216553,0.0,40.5,0.0,40.5,40.5,40.5,0.0,0
2006-10-10,7.612050533294678,0.0,40.619998931884766,0.0,40.619998931884766,40.619998931884766,40.619998931884766,0.0,0
2006-10-11,7.585813999176025,0.0,40.47999954223633,0.0,40.47999954223633,40.47999954223633,40.47999954223633,0.0,0
2006-10-12,7.687008857727051,0.0,41.02000045776367,0.0,41.02000045776367,41.02000045776367,41.02000045776367,0.0,0
2006-10-13,7.703876972198486,0.0,41.11000061035156,0.0,41.11000061035156,41.11000061035156,41.11000061035156,0.0,0
2006-10-16,7.7544732093811035,0.0,41.380001068115234,0.0,41.380001068115234,41.380001068115234,41.380001068115234,0.0,0
2006-10-17,7.698251724243164,0.0,41.08000183105469,0.0,41.08000183105469,41.08000183105469,41.08000183105469,0.0,0
2006-10-18,7.705749034881592,0.0,41.119998931884766,0.0,41.119998931884766,41.119998931884766,41.119998931884766,0.0,0
2006-10-19,7.73573112487793,0.0,41.279998779296875,0.0,41.279998779296875,41.279998779296875,41.279998779296875,0.0,0
2006-10-20,7.715117931365967,0.0,41.16999816894531,0.0,41.16999816894531,41.16999816894531,41.16999816894531,0.0,0
2006-10-23,7.722614288330078,0.0,41.209999084472656,0.0,41.209999084472656,41.209999084472656,41.209999084472656,0.0,0
2006-10-24,7.7413530349731445,0.0,41.310001373291016,0.0,41.310001373291016,41.310001373291016,41.310001373291016,0.0,0
2006-10-25,7.784454345703125,0.0,41.540000915527344,0.0,41.540000915527344,41.540000915527344,41.540000915527344,0.0,0
2006-10-26,7.853793144226074,0.0,41.90999984741211,0.0,41.90999984741211,41.90999984741211,41.90999984741211,0.0,0
2006-10-27,7.78632926940918,0.0,41.54999923706055,0.0,41.54999923706055,41.54999923706055,41.54999923706055,0.0,0
2006-10-30,7.791949272155762,0.0,41.58000183105469,0.0,41.58000183105469,41.58000183105469,41.58000183105469,0.0,0
2006-10-31,7.776955604553223,0.0,41.5,0.0,41.5,41.5,41.5,0.0,0
2006-11-01,7.703876972198486,0.0,41.11000061035156,0.0,41.11000061035156,41.11000061035156,41.11000061035156,0.0,0
2006-11-02,7.713244915008545,0.0,41.15999984741211,0.0,41.15999984741211,41.15999984741211,41.15999984741211,0.0,0
2006-11-03,7.715117931365967,0.0,41.16999816894531,0.0,41.16999816894531,41.16999816894531,41.16999816894531,0.0,0
2006-11-06,7.797574043273926,0.0,41.61000061035156,0.0,41.61000061035156,41.61000061035156,41.61000061035156,0.0,0
2006-11-07,7.814439296722412,0.0,41.70000076293945,0.0,41.70000076293945,41.70000076293945,41.70000076293945,0.0,0
2006-11-08,7.848169326782227,0.0,41.880001068115234,0.0,41.880001068115234,41.880001068115234,41.880001068115234,0.0,0
2006-11-09,7.821933746337891,0.0,41.7400016784668,0.0,41.7400016784668,41.7400016784668,41.7400016784668,0.0,0
2006-11-10,7.876279354095459,0.0,42.029998779296875,0.0,42.029998779296875,42.029998779296875,42.029998779296875,0.0,0
2006-11-13,7.88002872467041,0.0,42.04999923706055,0.0,42.04999923706055,42.04999923706055,42.04999923706055,0.0,0
2006-11-14,7.962482929229736,0.0,42.4900016784668,0.0,42.4900016784668,42.4900016784668,42.4900016784668,0.0,0
2006-11-15,8.016828536987305,0.0,42.779998779296875,0.0,42.779998779296875,42.779998779296875,42.779998779296875,0.0,0
2006-11-16,8.018701553344727,0.0,42.790000915527344,0.0,42.790000915527344,42.790000915527344,42.790000915527344,0.0,0
2006-11-17,7.994340419769287,0.0,42.65999984741211,0.0,42.65999984741211,42.65999984741211,42.65999984741211,0.0,0
2006-11-20,7.984971046447754,0.0,42.61000061035156,0.0,42.61000061035156,42.61000061035156,42.61000061035156,0.0,0
2006-11-21,8.022446632385254,0.0,42.810001373291016,0.0,42.810001373291016,42.810001373291016,42.810001373291016,0.0,0
2006-11-22,8.061803817749023,0.0,43.02000045776367,0.0,43.02000045776367,43.02000045776367,43.02000045776367,0.0,0
2006-11-24,8.046808242797852,0.0,42.939998626708984,0.0,42.939998626708984,42.939998626708984,42.939998626708984,0.0,0
2006-11-27,7.9399943351745605,0.0,42.369998931884766,0.0,42.369998931884766,42.369998931884766,42.369998931884766,0.0,0
2006-11-28,7.956861972808838,0.0,42.459999084472656,0.0,42.459999084472656,42.459999084472656,42.459999084472656,0.0,0
2006-11-29,8.039311408996582,0.0,42.900001525878906,0.0,42.900001525878906,42.900001525878906,42.900001525878906,0.0,0
2006-11-30,8.101155281066895,0.0,43.22999954223633,0.0,43.22999954223633,43.22999954223633,43.22999954223633,0.0,0
2006-12-01,8.089911460876465,0.0,43.16999816894531,0.0,43.16999816894531,43.16999816894531,43.16999816894531,0.0,0
2006-12-04,8.164868354797363,0.0,43.56999969482422,0.0,43.56999969482422,43.56999969482422,43.56999969482422,0.0,0
2006-12-05,8.194855690002441,0.0,43.72999954223633,0.0,43.72999954223633,43.72999954223633,43.72999954223633,0.0,0
2006-12-06,8.20047378540039,0.0,43.7599983215332,0.0,43.7599983215332,43.7599983215332,43.7599983215332,0.0,0
2006-12-07,8.183610916137695,0.0,43.66999816894531,0.0,43.66999816894531,43.66999816894531,43.66999816894531,0.0,0
2006-12-08,8.18173599243164,0.0,43.65999984741211,0.0,43.65999984741211,43.65999984741211,43.65999984741211,0.0,0
2006-12-11,8.198600769042969,0.0,43.75,0.0,43.75,43.75,43.75,0.0,0
2006-12-12,8.170493125915527,0.0,43.599998474121094,0.0,43.599998474121094,43.599998474121094,43.599998474121094,0.0,0
2006-12-13,8.174240112304688,0.0,43.619998931884766,0.0,43.619998931884766,43.619998931884766,43.619998931884766,0.0,0
2006-12-14,8.221087455749512,0.0,43.869998931884766,0.0,43.869998931884766,43.869998931884766,43.869998931884766,0.0,0
2006-12-15,8.221089363098145,0.0,43.38999938964844,0.48,43.38999938964844,43.38999938964844,43.38999938964844,0.0,0
2006-12-18,8.192672729492188,0.0,43.2400016784668,0.0,43.2400016784668,43.2400016784668,43.2400016784668,0.0,0
2006-12-19,8.198349952697754,0.0,43.27000045776367,0.0,43.27000045776367,43.27000045776367,43.27000045776367,0.0,0
2006-12-20,8.21729850769043,0.0,43.369998931884766,0.0,43.369998931884766,43.369998931884766,43.369998931884766,0.0,0
2006-12-21,8.200250625610352,0.0,43.279998779296875,0.0,43.279998779296875,43.279998779296875,43.279998779296875,0.0,0
2006-12-22,8.186984062194824,0.0,43.209999084472656,0.0,43.209999084472656,43.209999084472656,43.209999084472656,0.0,0
2006-12-26,8.213508605957031,0.0,43.349998474121094,0.0,43.349998474121094,43.349998474121094,43.349998474121094,0.0,0
2006-12-27,8.28550910949707,0.0,43.72999954223633,0.0,43.72999954223633,43.72999954223633,43.72999954223633,0.0,0
2006-12-28,8.281719207763672,0.0,43.709999084472656,0.0,43.709999084472656,43.709999084472656,43.709999084472656,0.0,0
2006-12-29,8.249510765075684,0.0,43.540000915527344,0.0,43.540000915527344,43.540000915527344,43.540000915527344,0.0,0
2007-01-03,8.232458114624023,0.0,43.45000076293945,0.0,43.45000076293945,43.45000076293945,43.45000076293945,0.0,0
2007-01-04,8.202142715454102,0.0,43.290000915527344,0.0,43.290000915527344,43.290000915527344,43.290000915527344,0.0,0
2007-01-05,8.130145072937012,0.0,42.90999984741211,0.0,42.90999984741211,42.90999984741211,42.90999984741211,0.0,0
2007-01-08,8.132037162780762,0.0,42.91999816894531,0.0,42.91999816894531,42.91999816894531,42.91999816894531,0.0,0
2007-01-09,8.133931159973145,0.0,42.93000030517578,0.0,42.93000030517578,42.93000030517578,42.93000030517578,0.0,0
2007-01-10,8.12635612487793,0.0,42.88999938964844,0.0,42.88999938964844,42.88999938964844,42.88999938964844,0.0,0
2007-01-11,8.181303024291992,0.0,43.18000030517578,0.0,43.18000030517578,43.18000030517578,43.18000030517578,0.0,0
2007-01-12,8.255192756652832,0.0,43.56999969482422,0.0,43.56999969482422,43.56999969482422,43.56999969482422,0.0,0
2007-01-16,8.240034103393555,0.0,43.4900016784668,0.0,43.4900016784668,43.4900016784668,43.4900016784668,0.0,0
2007-01-17,8.25140380859375,0.0,43.54999923706055,0.0,43.54999923706055,43.54999923706055,43.54999923706055,0.0,0
2007-01-18,8.224878311157227,0.0,43.40999984741211,0.0,43.40999984741211,43.40999984741211,43.40999984741211,0.0,0
2007-01-19,8.257089614868164,0.0,43.58000183105469,0.0,43.58000183105469,43.58000183105469,43.58000183105469,0.0,0
2007-01-22,8.211616516113281,0.0,43.34000015258789,0.0,43.34000015258789,43.34000015258789,43.34000015258789,0.0,0
2007-01-23,8.281719207763672,0.0,43.709999084472656,0.0,43.709999084472656,43.709999084472656,43.709999084472656,0.0,0
2007-01-24,8.348034858703613,0.0,44.060001373291016,0.0,44.060001373291016,44.060001373291016,44.060001373291016,0.0,0
2007-01-25,8.257089614868164,0.0,43.58000183105469,0.0,43.58000183105469,43.58000183105469,43.58000183105469,0.0,0
2007-01-26,8.2532958984375,0.0,43.560001373291016,0.0,43.560001373291016,43.560001373291016,43.560001373291016,0.0,0
2007-01-29,8.266563415527344,0.0,43.630001068115234,0.0,43.630001068115234,43.630001068115234,43.630001068115234,0.0,0
2007-01-30,8.306352615356445,0.0,43.84000015258789,0.0,43.84000015258789,43.84000015258789,43.84000015258789,0.0,0
2007-01-31,8.349931716918945,0.0,44.06999969482422,0.0,44.06999969482422,44.06999969482422,44.06999969482422,0.0,0
2007-02-01,8.421928405761719,0.0,44.45000076293945,0.0,44.45000076293945,44.45000076293945,44.45000076293945,0.0,0
2007-02-02,8.465503692626953,0.0,44.68000030517578,0.0,44.68000030517578,44.68000030517578,44.68000030517578,0.0,0
2007-02-05,8.450348854064941,0.0,44.599998474121094,0.0,44.599998474121094,44.599998474121094,44.599998474121094,0.0,0
2007-02-06,8.486346244812012,0.0,44.790000915527344,0.0,44.790000915527344,44.790000915527344,44.790000915527344,0.0,0
2007-02-07,8.492032051086426,0.0,44.81999969482422,0.0,44.81999969482422,44.81999969482422,44.81999969482422,0.0,0
2007-02-08,8.461714744567871,0.0,44.65999984741211,0.0,44.65999984741211,44.65999984741211,44.65999984741211,0.0,0
2007-02-09,8.418137550354004,0.0,44.43000030517578,0.0,44.43000030517578,44.43000030517578,44.43000030517578,0.0,0
2007-02-12,8.393506050109863,0.0,44.29999923706055,0.0,44.29999923706055,44.29999923706055,44.29999923706055,0.0,0
2007-02-13,8.457925796508789,0.0,44.63999938964844,0.0,44.63999938964844,44.63999938964844,44.63999938964844,0.0,0
2007-02-14,8.51855754852295,0.0,44.959999084472656,0.0,44.959999084472656,44.959999084472656,44.959999084472656,0.0,0
2007-02-15,8.539397239685059,0.0,45.06999969482422,0.0,45.06999969482422,45.06999969482422,45.06999969482422,0.0,0
2007-02-16,8.545080184936523,0.0,45.099998474121094,0.0,45.099998474121094,45.099998474121094,45.099998474121094,0.0,0
2007-02-20,8.592446327209473,0.0,45.349998474121094,0.0,45.349998474121094,45.349998474121094,45.349998474121094,0.0,0
2007-02-21,8.613293647766113,0.0,45.459999084472656,0.0,45.459999084472656,45.459999084472656,45.459999084472656,0.0,0
2007-02-22,8.620874404907227,0.0,45.5,0.0,45.5,45.5,45.5,0.0,0
2007-02-23,8.609502792358398,0.0,45.439998626708984,0.0,45.439998626708984,45.439998626708984,45.439998626708984,0.0,0
2007-02-26,8.6038179397583,0.0,45.40999984741211,0.0,45.40999984741211,45.40999984741211,45.40999984741211,0.0,0
2007-02-27,8.319613456726074,0.0,43.90999984741211,0.0,43.90999984741211,43.90999984741211,43.90999984741211,0.0,0
2007-02-28,8.327192306518555,0.0,43.95000076293945,0.0,43.95000076293945,43.95000076293945,43.95000076293945,0.0,0
2007-03-01,8.28550910949707,0.0,43.72999954223633,0.0,43.72999954223633,43.72999954223633,43.72999954223633,0.0,0
2007-03-02,8.196455001831055,0.0,43.2599983215332,0.0,43.2599983215332,43.2599983215332,43.2599983215332,0.0,0
2007-03-05,8.046778678894043,0.0,42.470001220703125,0.0,42.470001220703125,42.470001220703125,42.470001220703125,0.0,0
2007-03-06,8.169931411743164,0.0,43.119998931884766,0.0,43.119998931884766,43.119998931884766,43.119998931884766,0.0,0
2007-03-07,8.183195114135742,0.0,43.189998626708984,0.0,43.189998626708984,43.189998626708984,43.189998626708984,0.0,0
2007-03-08,8.241931915283203,0.0,43.5,0.0,43.5,43.5,43.5,0.0,0
2007-03-09,8.2532958984375,0.0,43.560001373291016,0.0,43.560001373291016,43.560001373291016,43.560001373291016,0.0,0
2007-03-12,8.294984817504883,0.0,43.779998779296875,0.0,43.779998779296875,43.779998779296875,43.779998779296875,0.0,0
2007-03-13,8.137724876403809,0.0,42.95000076293945,0.0,42.95000076293945,42.95000076293945,42.95000076293945,0.0,0
2007-03-14,8.156670570373535,0.0,43.04999923706055,0.0,43.04999923706055,43.04999923706055,43.04999923706055,0.0,0
2007-03-15,8.209721565246582,0.0,43.33000183105469,0.0,43.33000183105469,43.33000183105469,43.33000183105469,0.0,0
2007-03-16,8.192672729492188,0.0,43.2400016784668,0.0,43.2400016784668,43.2400016784668,43.2400016784668,0.0,0
2007-03-19,8.268458366394043,0.0,43.63999938964844,0.0,43.63999938964844,43.63999938964844,43.63999938964844,0.0,0
2007-03-20,8.327192306518555,0.0,43.95000076293945,0.0,43.95000076293945,43.95000076293945,43.95000076293945,0.0,0
2007-03-21,8.476873397827148,0.0,44.7400016784668,0.0,44.7400016784668,44.7400016784668,44.7400016784668,0.0,0
2007-03-22,8.490138053894043,0.0,44.810001373291016,0.0,44.810001373291016,44.810001373291016,44.810001373291016,0.0,0
2007-03-23,8.514766693115234,0.0,44.939998626708984,0.0,44.939998626708984,44.939998626708984,44.939998626708984,0.0,0
2007-03-26,8.512872695922852,0.0,44.93000030517578,0.0,44.93000030517578,44.93000030517578,44.93000030517578,0.0,0
2007-03-27,8.471185684204102,0.0,44.709999084472656,0.0,44.709999084472656,44.709999084472656,44.709999084472656,0.0,0
2007-03-28,8.423820495605469,0.0,44.459999084472656,0.0,44.459999084472656,44.459999084472656,44.459999084472656,0.0,0
2007-03-29,8.461714744567871,0.0,44.65999984741211,0.0,44.65999984741211,44.65999984741211,44.65999984741211,0.0,0
2007-03-30,8.46361255645752,0.0,44.66999816894531,0.0,44.66999816894531,44.66999816894531,44.66999816894531,0.0,0
2007-04-02,8.490138053894043,0.0,44.810001373291016,0.0,44.810001373291016,44.810001373291016,44.810001373291016,0.0,0
2007-04-03,8.554553985595703,0.0,45.150001525878906,0.0,45.150001525878906,45.150001525878906,45.150001525878906,0.0,0
2007-04-04,8.554553985595703,0.0,45.150001525878906,0.0,45.150001525878906,45.150001525878906,45.150001525878906,0.0,0
2007-04-05,8.588659286499023,0.0,45.33000183105469,0.0,45.33000183105469,45.33000183105469,45.33000183105469,0.0,0
2007-04-09,8.592446327209473,0.0,45.349998474121094,0.0,45.349998474121094,45.349998474121094,45.349998474121094,0.0,0
2007-04-10,8.620874404907227,0.0,45.5,0.0,45.5,45.5,45.5,0.0,0
2007-04-11,8.581083297729492,0.0,45.290000915527344,0.0,45.290000915527344,45.290000915527344,45.290000915527344,0.0,0
2007-04-12,8.64171314239502,0.0,45.61000061035156,0.0,45.61000061035156,45.61000061035156,45.61000061035156,0.0,0
2007-04-13,8.666343688964844,0.0,45.7400016784668,0.0,45.7400016784668,45.7400016784668,45.7400016784668,0.0,0
2007-04-16,8.751607894897461,0.0,46.189998626708984,0.0,46.189998626708984,46.189998626708984,46.189998626708984,0.0,0
2007-04-17,8.74970817565918,0.0,46.18000030517578,0.0,46.18000030517578,46.18000030517578,46.18000030517578,0.0,0
2007-04-18,8.747815132141113,0.0,46.16999816894531,0.0,46.16999816894531,46.16999816894531,46.16999816894531,0.0,0
2007-04-19,8.704237937927246,0.0,45.939998626708984,0.0,45.939998626708984,45.939998626708984,45.939998626708984,0.0,0
2007-04-20,8.795182228088379,0.0,46.41999816894531,0.0,46.41999816894531,46.41999816894531,46.41999816894531,0.0,0
2007-04-23,8.780024528503418,0.0,46.34000015258789,0.0,46.34000015258789,46.34000015258789,46.34000015258789,0.0,0
2007-04-24,8.764866828918457,0.0,46.2599983215332,0.0,46.2599983215332,46.2599983215332,46.2599983215332,0.0,0
2007-04-25,8.8292875289917,0.0,46.599998474121094,0.0,46.599998474121094,46.599998474121094,46.599998474121094,0.0,0
2007-04-26,8.842548370361328,0.0,46.66999816894531,0.0,46.66999816894531,46.66999816894531,46.66999816894531,0.0,0
2007-04-27,8.810338973999023,0.0,46.5,0.0,46.5,46.5,46.5,0.0,0
2007-04-30,8.74023723602295,0.0,46.130001068115234,0.0,46.130001068115234,46.130001068115234,46.130001068115234,0.0,0
2007-05-01,8.74592113494873,0.0,46.15999984741211,0.0,46.15999984741211,46.15999984741211,46.15999984741211,0.0,0
2007-05-02,8.83686637878418,0.0,46.63999938964844,0.0,46.63999938964844,46.63999938964844,46.63999938964844,0.0,0
2007-05-03,8.86528491973877,0.0,46.790000915527344,0.0,46.790000915527344,46.790000915527344,46.790000915527344,0.0,0
2007-05-04,8.899392127990723,0.0,46.970001220703125,0.0,46.970001220703125,46.970001220703125,46.970001220703125,0.0,0
2007-05-07,8.916443824768066,0.0,47.060001373291016,0.0,47.060001373291016,47.060001373291016,47.060001373291016,0.0,0
2007-05-08,8.906970024108887,0.0,47.0099983215332,0.0,47.0099983215332,47.0099983215332,47.0099983215332,0.0,0
2007-05-09,8.937285423278809,0.0,47.16999816894531,0.0,47.16999816894531,47.16999816894531,47.16999816894531,0.0,0
2007-05-10,8.831181526184082,0.0,46.61000061035156,0.0,46.61000061035156,46.61000061035156,46.61000061035156,0.0,0
2007-05-11,8.908864974975586,0.0,47.02000045776367,0.0,47.02000045776367,47.02000045776367,47.02000045776367,0.0,0
2007-05-14,8.874761581420898,0.0,46.84000015258789,0.0,46.84000015258789,46.84000015258789,46.84000015258789,0.0,0
2007-05-15,8.85202407836914,0.0,46.720001220703125,0.0,46.720001220703125,46.720001220703125,46.720001220703125,0.0,0
2007-05-16,8.888023376464844,0.0,46.90999984741211,0.0,46.90999984741211,46.90999984741211,46.90999984741211,0.0,0
2007-05-17,8.889917373657227,0.0,46.91999816894531,0.0,46.91999816894531,46.91999816894531,46.91999816894531,0.0,0
2007-05-18,8.941073417663574,0.0,47.189998626708984,0.0,47.189998626708984,47.189998626708984,47.189998626708984,0.0,0
2007-05-21,9.001704216003418,0.0,47.5099983215332,0.0,47.5099983215332,47.5099983215332,47.5099983215332,0.0,0
2007-05-22,9.045282363891602,0.0,47.7400016784668,0.0,47.7400016784668,47.7400016784668,47.7400016784668,0.0,0
2007-05-23,9.04906940460205,0.0,47.7599983215332,0.0,47.7599983215332,47.7599983215332,47.7599983215332,0.0,0
2007-05-24,8.944862365722656,0.0,47.209999084472656,0.0,47.209999084472656,47.209999084472656,47.209999084472656,0.0,0
2007-05-25,8.980864524841309,0.0,47.400001525878906,0.0,47.400001525878906,47.400001525878906,47.400001525878906,0.0,0
2007-05-29,9.01307201385498,0.0,47.56999969482422,0.0,47.56999969482422,47.56999969482422,47.56999969482422,0.0,0
2007-05-30,9.050966262817383,0.0,47.77000045776367,0.0,47.77000045776367,47.77000045776367,47.77000045776367,0.0,0
2007-05-31,9.083176612854004,0.0,47.939998626708984,0.0,47.939998626708984,47.939998626708984,47.939998626708984,0.0,0
2007-06-01,9.151384353637695,0.0,48.29999923706055,0.0,48.29999923706055,48.29999923706055,48.29999923706055,0.0,0
2007-06-04,9.170331954956055,0.0,48.400001525878906,0.0,48.400001525878906,48.400001525878906,48.400001525878906,0.0,0
2007-06-05,9.115386962890625,0.0,48.11000061035156,0.0,48.11000061035156,48.11000061035156,48.11000061035156,0.0,0
2007-06-06,9.011178970336914,0.0,47.560001373291016,0.0,47.560001373291016,47.560001373291016,47.560001373291016,0.0,0
2007-06-07,8.863391876220703,0.0,46.779998779296875,0.0,46.779998779296875,46.779998779296875,46.779998779296875,0.0,0
2007-06-08,8.94296932220459,0.0,47.20000076293945,0.0,47.20000076293945,47.20000076293945,47.20000076293945,0.0,0
2007-06-11,8.950549125671387,0.0,47.2400016784668,0.0,47.2400016784668,47.2400016784668,47.2400016784668,0.0,0
2007-06-12,8.874761581420898,0.0,46.84000015258789,0.0,46.84000015258789,46.84000015258789,46.84000015258789,0.0,0
2007-06-13,8.95812702178955,0.0,47.279998779296875,0.0,47.279998779296875,47.279998779296875,47.279998779296875,0.0,0
2007-06-14,9.02444076538086,0.0,47.630001068115234,0.0,47.630001068115234,47.630001068115234,47.630001068115234,0.0,0
2007-06-15,9.107807159423828,0.0,48.06999969482422,0.0,48.06999969482422,48.06999969482422,48.06999969482422,0.0,0
2007-06-18,9.122966766357422,0.0,48.150001525878906,0.0,48.150001525878906,48.150001525878906,48.150001525878906,0.0,0
2007-06-19,9.132439613342285,0.0,48.20000076293945,0.0,48.20000076293945,48.20000076293945,48.20000076293945,0.0,0
2007-06-20,9.054758071899414,0.0,47.790000915527344,0.0,47.790000915527344,47.790000915527344,47.790000915527344,0.0,0
2007-06-21,9.085071563720703,0.0,47.95000076293945,0.0,47.95000076293945,47.95000076293945,47.95000076293945,0.0,0
2007-06-22,9.018756866455078,0.0,47.599998474121094,0.0,47.599998474121094,47.599998474121094,47.599998474121094,0.0,0
2007-06-25,8.980864524841309,0.0,47.400001525878906,0.0,47.400001525878906,47.400001525878906,47.400001525878906,0.0,0
2007-06-26,8.933494567871094,0.0,47.150001525878906,0.0,47.150001525878906,47.150001525878906,47.150001525878906,0.0,0
2007-06-27,8.982757568359375,0.0,47.40999984741211,0.0,47.40999984741211,47.40999984741211,47.40999984741211,0.0,0
2007-06-28,9.0073881149292,0.0,47.540000915527344,0.0,47.540000915527344,47.540000915527344,47.540000915527344,0.0,0
2007-06-29,8.999813079833984,0.0,47.5,0.0,47.5,47.5,47.5,0.0,0
2007-07-02,9.10212230682373,0.0,48.040000915527344,0.0,48.040000915527344,48.040000915527344,48.040000915527344,0.0,0
2007-07-03,9.13622760772705,0.0,48.220001220703125,0.0,48.220001220703125,48.220001220703125,48.220001220703125,0.0,0
2007-07-05,9.147597312927246,0.0,48.279998779296875,0.0,48.279998779296875,48.279998779296875,48.279998779296875,0.0,0
2007-07-06,9.198752403259277,0.0,48.54999923706055,0.0,48.54999923706055,48.54999923706055,48.54999923706055,0.0,0
2007-07-09,9.200650215148926,0.0,48.560001373291016,0.0,48.560001373291016,48.560001373291016,48.560001373291016,0.0,0
2007-07-10,9.090755462646484,0.0,47.97999954223633,0.0,47.97999954223633,47.97999954223633,47.97999954223633,0.0,0
2007-07-11,9.113489151000977,0.0,48.099998474121094,0.0,48.099998474121094,48.099998474121094,48.099998474121094,0.0,0
2007-07-12,9.242329597473145,0.0,48.779998779296875,0.0,48.779998779296875,48.779998779296875,48.779998779296875,0.0,0
2007-07-13,9.276435852050781,0.0,48.959999084472656,0.0,48.959999084472656,48.959999084472656,48.959999084472656,0.0,0
2007-07-16,9.230964660644531,0.0,48.720001220703125,0.0,48.720001220703125,48.720001220703125,48.720001220703125,0.0,0
2007-07-17,9.212017059326172,0.0,48.619998931884766,0.0,48.619998931884766,48.619998931884766,48.619998931884766,0.0,0
2007-07-18,9.189279556274414,0.0,48.5,0.0,48.5,48.5,48.5,0.0,0
2007-07-19,9.230964660644531,0.0,48.720001220703125,0.0,48.720001220703125,48.720001220703125,48.720001220703125,0.0,0
2007-07-20,9.141913414001465,0.0,48.25,0.0,48.25,48.25,48.25,0.0,0
2007-07-23,9.134331703186035,0.0,48.209999084472656,0.0,48.209999084472656,48.209999084472656,48.209999084472656,0.0,0
2007-07-24,8.933494567871094,0.0,47.150001525878906,0.0,47.150001525878906,47.150001525878906,47.150001525878906,0.0,0
2007-07-25,8.914546966552734,0.0,47.04999923706055,0.0,47.04999923706055,47.04999923706055,47.04999923706055,0.0,0
2007-07-26,8.689079284667969,0.0,45.86000061035156,0.0,45.86000061035156,45.86000061035156,45.86000061035156,0.0,0
2007-07-27,8.567821502685547,0.0,45.220001220703125,0.0,45.220001220703125,45.220001220703125,45.220001220703125,0.0,0
2007-07-30,8.654973983764648,0.0,45.68000030517578,0.0,45.68000030517578,45.68000030517578,45.68000030517578,0.0,0
2007-07-31,8.59813404083252,0.0,45.380001068115234,0.0,45.380001068115234,45.380001068115234,45.380001068115234,0.0,0
2007-08-01,8.541292190551758,0.0,45.08000183105469,0.0,45.08000183105469,45.08000183105469,45.08000183105469,0.0,0
2007-08-02,8.624659538269043,0.0,45.52000045776367,0.0,45.52000045776367,45.52000045776367,45.52000045776367,0.0,0
2007-08-03,8.414351463317871,0.0,44.40999984741211,0.0,44.40999984741211,44.40999984741211,44.40999984741211,0.0,0
2007-08-06,8.492032051086426,0.0,44.81999969482422,0.0,44.81999969482422,44.81999969482422,44.81999969482422,0.0,0
2007-08-07,8.531819343566895,0.0,45.029998779296875,0.0,45.029998779296875,45.029998779296875,45.029998779296875,0.0,0
2007-08-08,8.653078079223633,0.0,45.66999816894531,0.0,45.66999816894531,45.66999816894531,45.66999816894531,0.0,0
2007-08-09,8.456033706665039,0.0,44.630001068115234,0.0,44.630001068115234,44.630001068115234,44.630001068115234,0.0,0
2007-08-10,8.44655704498291,0.0,44.58000183105469,0.0,44.58000183105469,44.58000183105469,44.58000183105469,0.0,0
2007-08-13,8.469295501708984,0.0,44.70000076293945,0.0,44.70000076293945,44.70000076293945,44.70000076293945,0.0,0
2007-08-14,8.308245658874512,0.0,43.849998474121094,0.0,43.849998474121094,43.849998474121094,43.849998474121094,0.0,0
2007-08-15,8.160459518432617,0.0,43.06999969482422,0.0,43.06999969482422,43.06999969482422,43.06999969482422,0.0,0
2007-08-16,8.135828018188477,0.0,42.939998626708984,0.0,42.939998626708984,42.939998626708984,42.939998626708984,0.0,0
2007-08-17,8.27603530883789,0.0,43.68000030517578,0.0,43.68000030517578,43.68000030517578,43.68000030517578,0.0,0
2007-08-20,8.321505546569824,0.0,43.91999816894531,0.0,43.91999816894531,43.91999816894531,43.91999816894531,0.0,0
2007-08-21,8.317719459533691,0.0,43.900001525878906,0.0,43.900001525878906,43.900001525878906,43.900001525878906,0.0,0
2007-08-22,8.459821701049805,0.0,44.650001525878906,0.0,44.650001525878906,44.650001525878906,44.650001525878906,0.0,0
2007-08-23,8.440876960754395,0.0,44.54999923706055,0.0,44.54999923706055,44.54999923706055,44.54999923706055,0.0,0
2007-08-24,8.54318904876709,0.0,45.09000015258789,0.0,45.09000015258789,45.09000015258789,45.09000015258789,0.0,0
2007-08-27,8.488242149353027,0.0,44.79999923706055,0.0,44.79999923706055,44.79999923706055,44.79999923706055,0.0,0
2007-08-28,8.283615112304688,0.0,43.720001220703125,0.0,43.720001220703125,43.720001220703125,43.720001220703125,0.0,0
2007-08-29,8.448454856872559,0.0,44.59000015258789,0.0,44.59000015258789,44.59000015258789,44.59000015258789,0.0,0
2007-08-30,8.414351463317871,0.0,44.40999984741211,0.0,44.40999984741211,44.40999984741211,44.40999984741211,0.0,0
2007-08-31,8.537506103515625,0.0,45.060001373291016,0.0,45.060001373291016,45.060001373291016,45.060001373291016,0.0,0
2007-09-04,8.615185737609863,0.0,45.470001220703125,0.0,45.470001220703125,45.470001220703125,45.470001220703125,0.0,0
2007-09-05,8.528030395507812,0.0,45.0099983215332,0.0,45.0099983215332,45.0099983215332,45.0099983215332,0.0,0
2007-09-06,8.546977043151855,0.0,45.11000061035156,0.0,45.11000061035156,45.11000061035156,45.11000061035156,0.0,0
2007-09-07,8.415669441223145,0.0,42.29999923706055,2.15,42.29999923706055,42.29999923706055,42.29999923706055,0.0,0
2007-09-10,8.355981826782227,0.0,42.0,0.0,42.0,42.0,42.0,0.0,0
2007-09-11,8.485301971435547,0.0,42.650001525878906,0.0,42.650001525878906,42.650001525878906,42.650001525878906,0.0,0
2007-09-12,8.47734546661377,0.0,42.61000061035156,0.0,42.61000061035156,42.61000061035156,42.61000061035156,0.0,0
2007-09-13,8.525091171264648,0.0,42.849998474121094,0.0,42.849998474121094,42.849998474121094,42.849998474121094,0.0,0
2007-09-14,8.509177207946777,0.0,42.77000045776367,0.0,42.77000045776367,42.77000045776367,42.77000045776367,0.0,0
2007-09-17,8.429594993591309,0.0,42.369998931884766,0.0,42.369998931884766,42.369998931884766,42.369998931884766,0.0,0
2007-09-18,8.706138610839844,0.0,43.7599983215332,0.0,43.7599983215332,43.7599983215332,43.7599983215332,0.0,0
2007-09-19,8.773783683776855,0.0,44.099998474121094,0.0,44.099998474121094,44.099998474121094,44.099998474121094,0.0,0
2007-09-20,8.712109565734863,0.0,43.790000915527344,0.0,43.790000915527344,43.790000915527344,43.790000915527344,0.0,0
2007-09-21,8.765825271606445,0.0,44.060001373291016,0.0,44.060001373291016,44.060001373291016,44.060001373291016,0.0,0
2007-09-24,8.732002258300781,0.0,43.88999938964844,0.0,43.88999938964844,43.88999938964844,43.88999938964844,0.0,0
2007-09-25,8.682268142700195,0.0,43.63999938964844,0.0,43.63999938964844,43.63999938964844,43.63999938964844,0.0,0
2007-09-26,8.728023529052734,0.0,43.869998931884766,0.0,43.869998931884766,43.869998931884766,43.869998931884766,0.0,0
2007-09-27,8.789701461791992,0.0,44.18000030517578,0.0,44.18000030517578,44.18000030517578,44.18000030517578,0.0,0
2007-09-28,8.761846542358398,0.0,44.040000915527344,0.0,44.040000915527344,44.040000915527344,44.040000915527344,0.0,0
2007-10-01,8.895140647888184,0.0,44.709999084472656,0.0,44.709999084472656,44.709999084472656,44.709999084472656,0.0,0
2007-10-02,8.952839851379395,0.0,45.0,0.0,45.0,45.0,45.0,0.0,0
2007-10-03,8.91304874420166,0.0,44.79999923706055,0.0,44.79999923706055,44.79999923706055,44.79999923706055,0.0,0
2007-10-04,8.919018745422363,0.0,44.83000183105469,0.0,44.83000183105469,44.83000183105469,44.83000183105469,0.0,0
2007-10-05,9.038390159606934,0.0,45.43000030517578,0.0,45.43000030517578,45.43000030517578,45.43000030517578,0.0,0
2007-10-08,8.996611595153809,0.0,45.220001220703125,0.0,45.220001220703125,45.220001220703125,45.220001220703125,0.0,0
2007-10-09,9.044357299804688,0.0,45.459999084472656,0.0,45.459999084472656,45.459999084472656,45.459999084472656,0.0,0
2007-10-10,9.066244125366211,0.0,45.56999969482422,0.0,45.56999969482422,45.56999969482422,45.56999969482422,0.0,0
2007-10-11,9.010536193847656,0.0,45.290000915527344,0.0,45.290000915527344,45.290000915527344,45.290000915527344,0.0,0
2007-10-12,9.030430793762207,0.0,45.38999938964844,0.0,45.38999938964844,45.38999938964844,45.38999938964844,0.0,0
2007-10-15,8.958806991577148,0.0,45.029998779296875,0.0,45.029998779296875,45.029998779296875,45.029998779296875,0.0,0
2007-10-16,8.867289543151855,0.0,44.56999969482422,0.0,44.56999969482422,44.56999969482422,44.56999969482422,0.0,0
2007-10-17,8.873260498046875,0.0,44.599998474121094,0.0,44.599998474121094,44.599998474121094,44.599998474121094,0.0,0
2007-10-18,8.861320495605469,0.0,44.540000915527344,0.0,44.540000915527344,44.540000915527344,44.540000915527344,0.0,0
2007-10-19,8.664360046386719,0.0,43.54999923706055,0.0,43.54999923706055,43.54999923706055,43.54999923706055,0.0,0
2007-10-22,8.682268142700195,0.0,43.63999938964844,0.0,43.63999938964844,43.63999938964844,43.63999938964844,0.0,0
2007-10-23,8.78571891784668,0.0,44.15999984741211,0.0,44.15999984741211,44.15999984741211,44.15999984741211,0.0,0
2007-10-24,8.763833999633789,0.0,44.04999923706055,0.0,44.04999923706055,44.04999923706055,44.04999923706055,0.0,0
2007-10-25,8.773783683776855,0.0,44.099998474121094,0.0,44.099998474121094,44.099998474121094,44.099998474121094,0.0,0
2007-10-26,8.909070014953613,0.0,44.779998779296875,0.0,44.779998779296875,44.779998779296875,44.779998779296875,0.0,0
2007-10-29,8.964776992797852,0.0,45.060001373291016,0.0,45.060001373291016,45.060001373291016,45.060001373291016,0.0,0
2007-10-30,8.91106128692627,0.0,44.790000915527344,0.0,44.790000915527344,44.790000915527344,44.790000915527344,0.0,0
2007-10-31,9.024458885192871,0.0,45.36000061035156,0.0,45.36000061035156,45.36000061035156,45.36000061035156,0.0,0
2007-11-01,8.795666694641113,0.0,44.209999084472656,0.0,44.209999084472656,44.209999084472656,44.209999084472656,0.0,0
2007-11-02,8.799647331237793,0.0,44.22999954223633,0.0,44.22999954223633,44.22999954223633,44.22999954223633,0.0,0
2007-11-05,8.720067024230957,0.0,43.83000183105469,0.0,43.83000183105469,43.83000183105469,43.83000183105469,0.0,0
2007-11-06,8.809593200683594,0.0,44.279998779296875,0.0,44.279998779296875,44.279998779296875,44.279998779296875,0.0,0
2007-11-07,8.620590209960938,0.0,43.33000183105469,0.0,43.33000183105469,43.33000183105469,43.33000183105469,0.0,0
2007-11-08,8.718074798583984,0.0,43.81999969482422,0.0,43.81999969482422,43.81999969482422,43.81999969482422,0.0,0
2007-11-09,8.584779739379883,0.0,43.150001525878906,0.0,43.150001525878906,43.150001525878906,43.150001525878906,0.0,0
2007-11-12,8.429594993591309,0.0,42.369998931884766,0.0,42.369998931884766,42.369998931884766,42.369998931884766,0.0,0
2007-11-13,8.654413223266602,0.0,43.5,0.0,43.5,43.5,43.5,0.0,0
2007-11-14,8.620590209960938,0.0,43.33000183105469,0.0,43.33000183105469,43.33000183105469,43.33000183105469,0.0,0
2007-11-15,8.493263244628906,0.0,42.689998626708984,0.0,42.689998626708984,42.689998626708984,42.689998626708984,0.0,0
2007-11-16,8.511167526245117,0.0,42.779998779296875,0.0,42.779998779296875,42.779998779296875,42.779998779296875,0.0,0
2007-11-19,8.328129768371582,0.0,41.86000061035156,0.0,41.86000061035156,41.86000061035156,41.86000061035156,0.0,0
2007-11-20,8.373888969421387,0.0,42.09000015258789,0.0,42.09000015258789,42.09000015258789,42.09000015258789,0.0,0
2007-11-21,8.216718673706055,0.0,41.29999923706055,0.0,41.29999923706055,41.29999923706055,41.29999923706055,0.0,0
2007-11-23,8.350017547607422,0.0,41.970001220703125,0.0,41.970001220703125,41.970001220703125,41.970001220703125,0.0,0
2007-11-26,8.204780578613281,0.0,41.2400016784668,0.0,41.2400016784668,41.2400016784668,41.2400016784668,0.0,0
2007-11-27,8.246561050415039,0.0,41.45000076293945,0.0,41.45000076293945,41.45000076293945,41.45000076293945,0.0,0
2007-11-28,8.443521499633789,0.0,42.439998626708984,0.0,42.439998626708984,42.439998626708984,42.439998626708984,0.0,0
2007-11-29,8.415669441223145,0.0,42.29999923706055,0.0,42.29999923706055,42.29999923706055,42.29999923706055,0.0,0
2007-11-30,8.459440231323242,0.0,42.52000045776367,0.0,42.52000045776367,42.52000045776367,42.52000045776367,0.0,0
2007-12-03,8.417657852172852,0.0,42.310001373291016,0.0,42.310001373291016,42.310001373291016,42.310001373291016,0.0,0
2007-12-04,8.36792278289795,0.0,42.060001373291016,0.0,42.060001373291016,42.060001373291016,42.060001373291016,0.0,0
2007-12-05,8.499226570129395,0.0,42.720001220703125,0.0,42.720001220703125,42.720001220703125,42.720001220703125,0.0,0
2007-12-06,8.66634464263916,0.0,43.560001373291016,0.0,43.560001373291016,43.560001373291016,43.560001373291016,0.0,0
2007-12-07,8.670328140258789,0.0,43.58000183105469,0.0,43.58000183105469,43.58000183105469,43.58000183105469,0.0,0
2007-12-10,8.72205638885498,0.0,43.84000015258789,0.0,43.84000015258789,43.84000015258789,43.84000015258789,0.0,0
2007-12-11,8.523102760314941,0.0,42.84000015258789,0.0,42.84000015258789,42.84000015258789,42.84000015258789,0.0,0
2007-12-12,8.618599891662598,0.0,43.31999969482422,0.0,43.31999969482422,43.31999969482422,43.31999969482422,0.0,0
2007-12-13,8.558916091918945,0.0,43.02000045776367,0.0,43.02000045776367,43.02000045776367,43.02000045776367,0.0,0
2007-12-14,8.420465469360352,0.0,40.75,1.6,40.75,40.75,40.75,0.0,0
2007-12-17,8.284088134765625,0.0,40.09000015258789,0.0,40.09000015258789,40.09000015258789,40.09000015258789,0.0,0
2007-12-18,8.354347229003906,0.0,40.43000030517578,0.0,40.43000030517578,40.43000030517578,40.43000030517578,0.0,0
2007-12-19,8.358475685119629,0.0,40.45000076293945,0.0,40.45000076293945,40.45000076293945,40.45000076293945,0.0,0
2007-12-20,8.412200927734375,0.0,40.709999084472656,0.0,40.709999084472656,40.709999084472656,40.709999084472656,0.0,0
2007-12-21,8.519654273986816,0.0,41.22999954223633,0.0,41.22999954223633,41.22999954223633,41.22999954223633,0.0,0
2007-12-24,8.606440544128418,0.0,41.650001525878906,0.0,41.650001525878906,41.650001525878906,41.650001525878906,0.0,0
2007-12-26,8.596108436584473,0.0,41.599998474121094,0.0,41.599998474121094,41.599998474121094,41.599998474121094,0.0,0
2007-12-27,8.515522956848145,0.0,41.209999084472656,0.0,41.209999084472656,41.209999084472656,41.209999084472656,0.0,0
2007-12-28,8.546515464782715,0.0,41.36000061035156,0.0,41.36000061035156,41.36000061035156,41.36000061035156,0.0,0
2007-12-31,8.49898624420166,0.0,41.130001068115234,0.0,41.130001068115234,41.130001068115234,41.130001068115234,0.0,0
2008-01-02,8.422532081604004,0.0,40.7599983215332,0.0,40.7599983215332,40.7599983215332,40.7599983215332,0.0,0
2008-01-03,8.35641098022461,0.0,40.439998626708984,0.0,40.439998626708984,40.439998626708984,40.439998626708984,0.0,0
2008-01-04,8.143571853637695,0.0,39.40999984741211,0.0,39.40999984741211,39.40999984741211,39.40999984741211,0.0,0
2008-01-07,8.141510009765625,0.0,39.400001525878906,0.0,39.400001525878906,39.400001525878906,39.400001525878906,0.0,0
2008-01-08,8.023725509643555,0.0,38.83000183105469,0.0,38.83000183105469,38.83000183105469,38.83000183105469,0.0,0
2008-01-09,8.077449798583984,0.0,39.09000015258789,0.0,39.09000015258789,39.09000015258789,39.09000015258789,0.0,0
2008-01-10,8.133243560791016,0.0,39.36000061035156,0.0,39.36000061035156,39.36000061035156,39.36000061035156,0.0,0
2008-01-11,8.01132583618164,0.0,38.77000045776367,0.0,38.77000045776367,38.77000045776367,38.77000045776367,0.0,0
2008-01-14,8.089847564697266,0.0,39.150001525878906,0.0,39.150001525878906,39.150001525878906,39.150001525878906,0.0,0
2008-01-15,7.889410495758057,0.0,38.18000030517578,0.0,38.18000030517578,38.18000030517578,38.18000030517578,0.0,0
2008-01-16,7.850149631500244,0.0,37.9900016784668,0.0,37.9900016784668,37.9900016784668,37.9900016784668,0.0,0
2008-01-17,7.670375823974609,0.0,37.119998931884766,0.0,37.119998931884766,37.119998931884766,37.119998931884766,0.0,0
2008-01-18,7.635246276855469,0.0,36.95000076293945,0.0,36.95000076293945,36.95000076293945,36.95000076293945,0.0,0
2008-01-22,7.604249954223633,0.0,36.79999923706055,0.0,36.79999923706055,36.79999923706055,36.79999923706055,0.0,0
2008-01-23,7.744762420654297,0.0,37.47999954223633,0.0,37.47999954223633,37.47999954223633,37.47999954223633,0.0,0
2008-01-24,7.833617687225342,0.0,37.90999984741211,0.0,37.90999984741211,37.90999984741211,37.90999984741211,0.0,0
2008-01-25,7.802621841430664,0.0,37.7599983215332,0.0,37.7599983215332,37.7599983215332,37.7599983215332,0.0,0
2008-01-28,7.922470569610596,0.0,38.34000015258789,0.0,38.34000015258789,38.34000015258789,38.34000015258789,0.0,0
2008-01-29,7.974129676818848,0.0,38.59000015258789,0.0,38.59000015258789,38.59000015258789,38.59000015258789,0.0,0
2008-01-30,7.930736541748047,0.0,38.380001068115234,0.0,38.380001068115234,38.380001068115234,38.380001068115234,0.0,0
2008-01-31,8.0753812789917,0.0,39.08000183105469,0.0,39.08000183105469,39.08000183105469,39.08000183105469,0.0,0
2008-02-01,8.186969757080078,0.0,39.619998931884766,0.0,39.619998931884766,39.619998931884766,39.619998931884766,0.0,0
2008-02-04,8.135308265686035,0.0,39.369998931884766,0.0,39.369998931884766,39.369998931884766,39.369998931884766,0.0,0
2008-02-05,7.903874397277832,0.0,38.25,0.0,38.25,38.25,38.25,0.0,0
2008-02-06,7.866682052612305,0.0,38.06999969482422,0.0,38.06999969482422,38.06999969482422,38.06999969482422,0.0,0
2008-02-07,7.928671836853027,0.0,38.369998931884766,0.0,38.369998931884766,38.369998931884766,38.369998931884766,0.0,0
2008-02-08,7.903874397277832,0.0,38.25,0.0,38.25,38.25,38.25,0.0,0
2008-02-11,7.953466892242432,0.0,38.4900016784668,0.0,38.4900016784668,38.4900016784668,38.4900016784668,0.0,0
2008-02-12,8.015459060668945,0.0,38.790000915527344,0.0,38.790000915527344,38.790000915527344,38.790000915527344,0.0,0
2008-02-13,8.110509872436523,0.0,39.25,0.0,39.25,39.25,39.25,0.0,0
2008-02-14,8.01132583618164,0.0,38.77000045776367,0.0,38.77000045776367,38.77000045776367,38.77000045776367,0.0,0
2008-02-15,8.007192611694336,0.0,38.75,0.0,38.75,38.75,38.75,0.0,0
2008-02-19,8.054718017578125,0.0,38.97999954223633,0.0,38.97999954223633,38.97999954223633,38.97999954223633,0.0,0
2008-02-20,8.145638465881348,0.0,39.41999816894531,0.0,39.41999816894531,39.41999816894531,39.41999816894531,0.0,0
2008-02-21,8.048519134521484,0.0,38.95000076293945,0.0,38.95000076293945,38.95000076293945,38.95000076293945,0.0,0
2008-02-22,8.07951831817627,0.0,39.099998474121094,0.0,39.099998474121094,39.099998474121094,39.099998474121094,0.0,0
2008-02-25,8.195233345031738,0.0,39.65999984741211,0.0,39.65999984741211,39.65999984741211,39.65999984741211,0.0,0
2008-02-26,8.288220405578613,0.0,40.11000061035156,0.0,40.11000061035156,40.11000061035156,40.11000061035156,0.0,0
2008-02-27,8.31095027923584,0.0,40.220001220703125,0.0,40.220001220703125,40.220001220703125,40.220001220703125,0.0,0
2008-02-28,8.211766242980957,0.0,39.7400016784668,0.0,39.7400016784668,39.7400016784668,39.7400016784668,0.0,0
2008-02-29,7.994794845581055,0.0,38.689998626708984,0.0,38.689998626708984,38.689998626708984,38.689998626708984,0.0,0
2008-03-03,7.978262901306152,0.0,38.61000061035156,0.0,38.61000061035156,38.61000061035156,38.61000061035156,0.0,0
2008-03-04,7.939004898071289,0.0,38.41999816894531,0.0,38.41999816894531,38.41999816894531,38.41999816894531,0.0,0
2008-03-05,7.992731094360352,0.0,38.68000030517578,0.0,38.68000030517578,38.68000030517578,38.68000030517578,0.0,0
2008-03-06,7.84188175201416,0.0,37.95000076293945,0.0,37.95000076293945,37.95000076293945,37.95000076293945,0.0,0
2008-03-07,7.790224552154541,0.0,37.70000076293945,0.0,37.70000076293945,37.70000076293945,37.70000076293945,0.0,0
2008-03-10,7.680706024169922,0.0,37.16999816894531,0.0,37.16999816894531,37.16999816894531,37.16999816894531,0.0,0
2008-03-11,7.877011299133301,0.0,38.119998931884766,0.0,38.119998931884766,38.119998931884766,38.119998931884766,0.0,0
2008-03-12,7.84188175201416,0.0,37.95000076293945,0.0,37.95000076293945,37.95000076293945,37.95000076293945,0.0,0
2008-03-13,7.910072326660156,0.0,38.279998779296875,0.0,38.279998779296875,38.279998779296875,38.279998779296875,0.0,0
2008-03-14,7.763361930847168,0.0,37.56999969482422,0.0,37.56999969482422,37.56999969482422,37.56999969482422,0.0,0
2008-03-17,7.595983982086182,0.0,36.7599983215332,0.0,36.7599983215332,36.7599983215332,36.7599983215332,0.0,0
2008-03-18,7.829485893249512,0.0,37.88999938964844,0.0,37.88999938964844,37.88999938964844,37.88999938964844,0.0,0
2008-03-19,7.635246276855469,0.0,36.95000076293945,0.0,36.95000076293945,36.95000076293945,36.95000076293945,0.0,0
2008-03-20,7.765427112579346,0.0,37.58000183105469,0.0,37.58000183105469,37.58000183105469,37.58000183105469,0.0,0
2008-03-24,7.910072326660156,0.0,38.279998779296875,0.0,38.279998779296875,38.279998779296875,38.279998779296875,0.0,0
2008-03-25,7.984464168548584,0.0,38.63999938964844,0.0,38.63999938964844,38.63999938964844,38.63999938964844,0.0,0
2008-03-26,7.959665775299072,0.0,38.52000045776367,0.0,38.52000045776367,38.52000045776367,38.52000045776367,0.0,0
2008-03-27,7.877011299133301,0.0,38.119998931884766,0.0,38.119998931884766,38.119998931884766,38.119998931884766,0.0,0
2008-03-28,7.8046875,0.0,37.77000045776367,0.0,37.77000045776367,37.77000045776367,37.77000045776367,0.0,0
2008-03-31,7.850149631500244,0.0,37.9900016784668,0.0,37.9900016784668,37.9900016784668,37.9900016784668,0.0,0
2008-04-01,8.065051078796387,0.0,39.029998779296875,0.0,39.029998779296875,39.029998779296875,39.029998779296875,0.0,0
2008-04-02,8.071250915527344,0.0,39.060001373291016,0.0,39.060001373291016,39.060001373291016,39.060001373291016,0.0,0
2008-04-03,8.091912269592285,0.0,39.15999984741211,0.0,39.15999984741211,39.15999984741211,39.15999984741211,0.0,0
2008-04-04,8.104312896728516,0.0,39.220001220703125,0.0,39.220001220703125,39.220001220703125,39.220001220703125,0.0,0
2008-04-07,8.091912269592285,0.0,39.15999984741211,0.0,39.15999984741211,39.15999984741211,39.15999984741211,0.0,0
2008-04-08,8.073314666748047,0.0,39.06999969482422,0.0,39.06999969482422,39.06999969482422,39.06999969482422,0.0,0
2008-04-09,8.013392448425293,0.0,38.779998779296875,0.0,38.779998779296875,38.779998779296875,38.779998779296875,0.0,0
2008-04-10,8.067117691040039,0.0,39.040000915527344,0.0,39.040000915527344,39.040000915527344,39.040000915527344,0.0,0
2008-04-11,7.945199966430664,0.0,38.45000076293945,0.0,38.45000076293945,38.45000076293945,38.45000076293945,0.0,0
2008-04-14,7.947266578674316,0.0,38.459999084472656,0.0,38.459999084472656,38.459999084472656,38.459999084472656,0.0,0
2008-04-15,8.009262084960938,0.0,38.7599983215332,0.0,38.7599983215332,38.7599983215332,38.7599983215332,0.0,0
2008-04-16,8.170434951782227,0.0,39.540000915527344,0.0,39.540000915527344,39.540000915527344,39.540000915527344,0.0,0
2008-04-17,8.164236068725586,0.0,39.5099983215332,0.0,39.5099983215332,39.5099983215332,39.5099983215332,0.0,0
2008-04-18,8.288220405578613,0.0,40.11000061035156,0.0,40.11000061035156,40.11000061035156,40.11000061035156,0.0,0
2008-04-21,8.27375602722168,0.0,40.040000915527344,0.0,40.040000915527344,40.040000915527344,40.040000915527344,0.0,0
2008-04-22,8.191099166870117,0.0,39.63999938964844,0.0,39.63999938964844,39.63999938964844,39.63999938964844,0.0,0
2008-04-23,8.203496932983398,0.0,39.70000076293945,0.0,39.70000076293945,39.70000076293945,39.70000076293945,0.0,0
2008-04-24,8.220027923583984,0.0,39.779998779296875,0.0,39.779998779296875,39.779998779296875,39.779998779296875,0.0,0
2008-04-25,8.292352676391602,0.0,40.130001068115234,0.0,40.130001068115234,40.130001068115234,40.130001068115234,0.0,0
2008-04-28,8.329546928405762,0.0,40.310001373291016,0.0,40.310001373291016,40.310001373291016,40.310001373291016,0.0,0
2008-04-29,8.261356353759766,0.0,39.97999954223633,0.0,39.97999954223633,39.97999954223633,39.97999954223633,0.0,0
2008-04-30,8.2489595413208,0.0,39.91999816894531,0.0,39.91999816894531,39.91999816894531,39.91999816894531,0.0,0
2008-05-01,8.364675521850586,0.0,40.47999954223633,0.0,40.47999954223633,40.47999954223633,40.47999954223633,0.0,0
2008-05-02,8.37707233428955,0.0,40.540000915527344,0.0,40.540000915527344,40.540000915527344,40.540000915527344,0.0,0
2008-05-05,8.379140853881836,0.0,40.54999923706055,0.0,40.54999923706055,40.54999923706055,40.54999923706055,0.0,0
2008-05-06,8.445262908935547,0.0,40.869998931884766,0.0,40.869998931884766,40.869998931884766,40.869998931884766,0.0,0
2008-05-07,8.335745811462402,0.0,40.34000015258789,0.0,40.34000015258789,40.34000015258789,40.34000015258789,0.0,0
2008-05-08,8.364675521850586,0.0,40.47999954223633,0.0,40.47999954223633,40.47999954223633,40.47999954223633,0.0,0
2008-05-09,8.358475685119629,0.0,40.45000076293945,0.0,40.45000076293945,40.45000076293945,40.45000076293945,0.0,0
2008-05-12,8.461795806884766,0.0,40.95000076293945,0.0,40.95000076293945,40.95000076293945,40.95000076293945,0.0,0
2008-05-13,8.492791175842285,0.0,41.099998474121094,0.0,41.099998474121094,41.099998474121094,41.099998474121094,0.0,0
2008-05-14,8.521721839904785,0.0,41.2400016784668,0.0,41.2400016784668,41.2400016784668,41.2400016784668,0.0,0
2008-05-15,8.625038146972656,0.0,41.7400016784668,0.0,41.7400016784668,41.7400016784668,41.7400016784668,0.0,0
2008-05-16,8.629171371459961,0.0,41.7599983215332,0.0,41.7599983215332,41.7599983215332,41.7599983215332,0.0,0
2008-05-19,8.631237030029297,0.0,41.77000045776367,0.0,41.77000045776367,41.77000045776367,41.77000045776367,0.0,0
2008-05-20,8.575443267822266,0.0,41.5,0.0,41.5,41.5,41.5,0.0,0
2008-05-21,8.484527587890625,0.0,41.060001373291016,0.0,41.060001373291016,41.060001373291016,41.060001373291016,0.0,0
2008-05-22,8.52791976928711,0.0,41.27000045776367,0.0,41.27000045776367,41.27000045776367,41.27000045776367,0.0,0
2008-05-23,8.424604415893555,0.0,40.77000045776367,0.0,40.77000045776367,40.77000045776367,40.77000045776367,0.0,0
2008-05-27,8.449396133422852,0.0,40.88999938964844,0.0,40.88999938964844,40.88999938964844,40.88999938964844,0.0,0
2008-05-28,8.486592292785645,0.0,41.06999969482422,0.0,41.06999969482422,41.06999969482422,41.06999969482422,0.0,0
2008-05-29,8.511388778686523,0.0,41.189998626708984,0.0,41.189998626708984,41.189998626708984,41.189998626708984,0.0,0
2008-05-30,8.538250923156738,0.0,41.31999969482422,0.0,41.31999969482422,41.31999969482422,41.31999969482422,0.0,0
2008-06-02,8.496926307678223,0.0,41.119998931884766,0.0,41.119998931884766,41.119998931884766,41.119998931884766,0.0,0
2008-06-03,8.467996597290039,0.0,40.97999954223633,0.0,40.97999954223633,40.97999954223633,40.97999954223633,0.0,0
2008-06-04,8.453530311584473,0.0,40.90999984741211,0.0,40.90999984741211,40.90999984741211,40.90999984741211,0.0,0
2008-06-05,8.602310180664062,0.0,41.630001068115234,0.0,41.630001068115234,41.630001068115234,41.630001068115234,0.0,0
2008-06-06,8.370875358581543,0.0,40.5099983215332,0.0,40.5099983215332,40.5099983215332,40.5099983215332,0.0,0
2008-06-09,8.329546928405762,0.0,40.310001373291016,0.0,40.310001373291016,40.310001373291016,40.310001373291016,0.0,0
2008-06-10,8.26342487335205,0.0,39.9900016784668,0.0,39.9900016784668,39.9900016784668,39.9900016784668,0.0,0
2008-06-11,8.12497615814209,0.0,39.31999969482422,0.0,39.31999969482422,39.31999969482422,39.31999969482422,0.0,0
2008-06-12,8.166305541992188,0.0,39.52000045776367,0.0,39.52000045776367,39.52000045776367,39.52000045776367,0.0,0
2008-06-13,8.265490531921387,0.0,40.0,0.0,40.0,40.0,40.0,0.0,0
2008-06-16,8.306816101074219,0.0,40.20000076293945,0.0,40.20000076293945,40.20000076293945,40.20000076293945,0.0,0
2008-06-17,8.26342487335205,0.0,39.9900016784668,0.0,39.9900016784668,39.9900016784668,39.9900016784668,0.0,0
2008-06-18,8.186969757080078,0.0,39.619998931884766,0.0,39.619998931884766,39.619998931884766,39.619998931884766,0.0,0
2008-06-19,8.174568176269531,0.0,39.560001373291016,0.0,39.560001373291016,39.560001373291016,39.560001373291016,0.0,0
2008-06-20,8.044386863708496,0.0,38.93000030517578,0.0,38.93000030517578,38.93000030517578,38.93000030517578,0.0,0
2008-06-23,7.9803290367126465,0.0,38.619998931884766,0.0,38.619998931884766,38.619998931884766,38.619998931884766,0.0,0
2008-06-24,7.924537658691406,0.0,38.349998474121094,0.0,38.349998474121094,38.349998474121094,38.349998474121094,0.0,0
2008-06-25,8.007192611694336,0.0,38.75,0.0,38.75,38.75,38.75,0.0,0
2008-06-26,7.8377509117126465,0.0,37.93000030517578,0.0,37.93000030517578,37.93000030517578,37.93000030517578,0.0,0
2008-06-27,7.839817523956299,0.0,37.939998626708984,0.0,37.939998626708984,37.939998626708984,37.939998626708984,0.0,0
2008-06-30,7.792290687561035,0.0,37.709999084472656,0.0,37.709999084472656,37.709999084472656,37.709999084472656,0.0,0
2008-07-01,7.794356346130371,0.0,37.720001220703125,0.0,37.720001220703125,37.720001220703125,37.720001220703125,0.0,0
2008-07-02,7.629048824310303,0.0,36.91999816894531,0.0,36.91999816894531,36.91999816894531,36.91999816894531,0.0,0
2008-07-03,7.5567240715026855,0.0,36.56999969482422,0.0,36.56999969482422,36.56999969482422,36.56999969482422,0.0,0
2008-07-07,7.507131099700928,0.0,36.33000183105469,0.0,36.33000183105469,36.33000183105469,36.33000183105469,0.0,0
2008-07-08,7.600117206573486,0.0,36.779998779296875,0.0,36.779998779296875,36.779998779296875,36.779998779296875,0.0,0
2008-07-09,7.465806007385254,0.0,36.130001068115234,0.0,36.130001068115234,36.130001068115234,36.130001068115234,0.0,0
2008-07-10,7.486467361450195,0.0,36.22999954223633,0.0,36.22999954223633,36.22999954223633,36.22999954223633,0.0,0
2008-07-11,7.428609371185303,0.0,35.95000076293945,0.0,35.95000076293945,35.95000076293945,35.95000076293945,0.0,0
2008-07-14,7.37281608581543,0.0,35.68000030517578,0.0,35.68000030517578,35.68000030517578,35.68000030517578,0.0,0
2008-07-15,7.300495147705078,0.0,35.33000183105469,0.0,35.33000183105469,35.33000183105469,35.33000183105469,0.0,0
2008-07-16,7.467869758605957,0.0,36.13999938964844,0.0,36.13999938964844,36.13999938964844,36.13999938964844,0.0,0
2008-07-17,7.575321674346924,0.0,36.65999984741211,0.0,36.65999984741211,36.65999984741211,36.65999984741211,0.0,0
2008-07-18,7.57325553894043,0.0,36.650001525878906,0.0,36.650001525878906,36.650001525878906,36.650001525878906,0.0,0
2008-07-21,7.620781421661377,0.0,36.880001068115234,0.0,36.880001068115234,36.880001068115234,36.880001068115234,0.0,0
2008-07-22,7.742697238922119,0.0,37.470001220703125,0.0,37.470001220703125,37.470001220703125,37.470001220703125,0.0,0
2008-07-23,7.827418804168701,0.0,37.880001068115234,0.0,37.880001068115234,37.880001068115234,37.880001068115234,0.0,0
2008-07-24,7.629048824310303,0.0,36.91999816894531,0.0,36.91999816894531,36.91999816894531,36.91999816894531,0.0,0
2008-07-25,7.633180141448975,0.0,36.939998626708984,0.0,36.939998626708984,36.939998626708984,36.939998626708984,0.0,0
2008-07-28,7.5443267822265625,0.0,36.5099983215332,0.0,36.5099983215332,36.5099983215332,36.5099983215332,0.0,0
2008-07-29,7.662110328674316,0.0,37.08000183105469,0.0,37.08000183105469,37.08000183105469,37.08000183105469,0.0,0
2008-07-30,7.740630149841309,0.0,37.459999084472656,0.0,37.459999084472656,37.459999084472656,37.459999084472656,0.0,0
2008-07-31,7.684838771820068,0.0,37.189998626708984,0.0,37.189998626708984,37.189998626708984,37.189998626708984,0.0,0
2008-08-01,7.6745076179504395,0.0,37.13999938964844,0.0,37.13999938964844,37.13999938964844,37.13999938964844,0.0,0
2008-08-04,7.598052024841309,0.0,36.77000045776367,0.0,36.77000045776367,36.77000045776367,36.77000045776367,0.0,0
2008-08-05,7.746830463409424,0.0,37.4900016784668,0.0,37.4900016784668,37.4900016784668,37.4900016784668,0.0,0
2008-08-06,7.765427112579346,0.0,37.58000183105469,0.0,37.58000183105469,37.58000183105469,37.58000183105469,0.0,0
2008-08-07,7.660043716430664,0.0,37.06999969482422,0.0,37.06999969482422,37.06999969482422,37.06999969482422,0.0,0
2008-08-08,7.808819770812988,0.0,37.790000915527344,0.0,37.790000915527344,37.790000915527344,37.790000915527344,0.0,0
2008-08-11,7.877011299133301,0.0,38.119998931884766,0.0,38.119998931884766,38.119998931884766,38.119998931884766,0.0,0
2008-08-12,7.815019607543945,0.0,37.81999969482422,0.0,37.81999969482422,37.81999969482422,37.81999969482422,0.0,0
2008-08-13,7.790224552154541,0.0,37.70000076293945,0.0,37.70000076293945,37.70000076293945,37.70000076293945,0.0,0
2008-08-14,7.839817523956299,0.0,37.939998626708984,0.0,37.939998626708984,37.939998626708984,37.939998626708984,0.0,0
2008-08-15,7.843947887420654,0.0,37.959999084472656,0.0,37.959999084472656,37.959999084472656,37.959999084472656,0.0,0
2008-08-18,7.734432220458984,0.0,37.43000030517578,0.0,37.43000030517578,37.43000030517578,37.43000030517578,0.0,0
2008-08-19,7.64764404296875,0.0,37.0099983215332,0.0,37.0099983215332,37.0099983215332,37.0099983215332,0.0,0
2008-08-20,7.670375823974609,0.0,37.119998931884766,0.0,37.119998931884766,37.119998931884766,37.119998931884766,0.0,0
2008-08-21,7.693103790283203,0.0,37.22999954223633,0.0,37.22999954223633,37.22999954223633,37.22999954223633,0.0,0
2008-08-22,7.7509613037109375,0.0,37.5099983215332,0.0,37.5099983215332,37.5099983215332,37.5099983215332,0.0,0
2008-08-25,7.622846603393555,0.0,36.88999938964844,0.0,36.88999938964844,36.88999938964844,36.88999938964844,0.0,0
2008-08-26,7.637312889099121,0.0,36.959999084472656,0.0,36.959999084472656,36.959999084472656,36.959999084472656,0.0,0
2008-08-27,7.717899799346924,0.0,37.349998474121094,0.0,37.349998474121094,37.349998474121094,37.349998474121094,0.0,0
2008-08-28,7.8046875,0.0,37.77000045776367,0.0,37.77000045776367,37.77000045776367,37.77000045776367,0.0,0
2008-08-29,7.763361930847168,0.0,37.56999969482422,0.0,37.56999969482422,37.56999969482422,37.56999969482422,0.0,0
2008-09-02,7.6869049072265625,0.0,37.20000076293945,0.0,37.20000076293945,37.20000076293945,37.20000076293945,0.0,0
2008-09-03,7.684838771820068,0.0,37.189998626708984,0.0,37.189998626708984,37.189998626708984,37.189998626708984,0.0,0
2008-09-04,7.4740681648254395,0.0,36.16999816894531,0.0,36.16999816894531,36.16999816894531,36.16999816894531,0.0,0
2008-09-05,7.4740681648254395,0.0,36.16999816894531,0.0,36.16999816894531,36.16999816894531,36.16999816894531,0.0,0
2008-09-08,7.589784622192383,0.0,36.72999954223633,0.0,36.72999954223633,36.72999954223633,36.72999954223633,0.0,0
2008-09-09,7.339754581451416,0.0,35.52000045776367,0.0,35.52000045776367,35.52000045776367,35.52000045776367,0.0,0
2008-09-10,7.389347553253174,0.0,35.7599983215332,0.0,35.7599983215332,35.7599983215332,35.7599983215332,0.0,0
2008-09-11,7.414145469665527,0.0,35.880001068115234,0.0,35.880001068115234,35.880001068115234,35.880001068115234,0.0,0
2008-09-12,7.442281723022461,0.0,31.739999771118164,4.26,31.739999771118164,31.739999771118164,31.739999771118164,0.0,0
2008-09-15,7.135118007659912,0.0,30.43000030517578,0.0,30.43000030517578,30.43000030517578,30.43000030517578,0.0,0
2008-09-16,7.170289516448975,0.0,30.579999923706055,0.0,30.579999923706055,30.579999923706055,30.579999923706055,0.0,0
2008-09-17,6.891261100769043,0.0,29.389999389648438,0.0,29.389999389648438,29.389999389648438,29.389999389648438,0.0,0
2008-09-18,7.151532173156738,0.0,30.5,0.0,30.5,30.5,30.5,0.0,0
2008-09-19,7.484487056732178,0.0,31.920000076293945,0.0,31.920000076293945,31.920000076293945,31.920000076293945,0.0,0
2008-09-22,7.247665882110596,0.0,30.90999984741211,0.0,30.90999984741211,30.90999984741211,30.90999984741211,0.0,0
2008-09-23,7.153875350952148,0.0,30.510000228881836,0.0,30.510000228881836,30.510000228881836,30.510000228881836,0.0,0
2008-09-24,7.0929107666015625,0.0,30.25,0.0,30.25,30.25,30.25,0.0,0
2008-09-25,7.167943477630615,0.0,30.56999969482422,0.0,30.56999969482422,30.56999969482422,30.56999969482422,0.0,0
2008-09-26,7.109325408935547,0.0,30.31999969482422,0.0,30.31999969482422,30.31999969482422,30.31999969482422,0.0,0
2008-09-29,6.5981669425964355,0.0,28.139999389648438,0.0,28.139999389648438,28.139999389648438,28.139999389648438,0.0,0
2008-09-30,6.846711158752441,0.0,29.200000762939453,0.0,29.200000762939453,29.200000762939453,29.200000762939453,0.0,0
2008-10-01,6.778713226318359,0.0,28.90999984741211,0.0,28.90999984741211,28.90999984741211,28.90999984741211,0.0,0
2008-10-02,6.499687194824219,0.0,27.719999313354492,0.0,27.719999313354492,27.719999313354492,27.719999313354492,0.0,0
2008-10-03,6.391826152801514,0.0,27.260000228881836,0.0,27.260000228881836,27.260000228881836,27.260000228881836,0.0,0
2008-10-06,6.117488861083984,0.0,26.09000015258789,0.0,26.09000015258789,26.09000015258789,26.09000015258789,0.0,0
2008-10-07,5.829082489013672,0.0,24.860000610351562,0.0,24.860000610351562,24.860000610351562,24.860000610351562,0.0,0
2008-10-08,5.721224784851074,0.0,24.399999618530273,0.0,24.399999618530273,24.399999618530273,24.399999618530273,0.0,0
2008-10-09,5.346062183380127,0.0,22.799999237060547,0.0,22.799999237060547,22.799999237060547,22.799999237060547,0.0,0
2008-10-10,5.303857803344727,0.0,22.6200008392334,0.0,22.6200008392334,22.6200008392334,22.6200008392334,0.0,0
2008-10-13,5.836118221282959,0.0,24.889999389648438,0.0,24.889999389648438,24.889999389648438,24.889999389648438,0.0,0
2008-10-14,5.735292434692383,0.0,24.459999084472656,0.0,24.459999084472656,24.459999084472656,24.459999084472656,0.0,0
2008-10-15,5.287443161010742,0.0,22.549999237060547,0.0,22.549999237060547,22.549999237060547,22.549999237060547,0.0,0
2008-10-16,5.463300704956055,0.0,23.299999237060547,0.0,23.299999237060547,23.299999237060547,23.299999237060547,0.0,0
2008-10-17,5.411715030670166,0.0,23.079999923706055,0.0,23.079999923706055,23.079999923706055,23.079999923706055,0.0,0
2008-10-20,5.6133646965026855,0.0,23.940000534057617,0.0,23.940000534057617,23.940000534057617,23.940000534057617,0.0,0
2008-10-21,5.470334529876709,0.0,23.329999923706055,0.0,23.329999923706055,23.329999923706055,23.329999923706055,0.0,0
2008-10-22,5.158483982086182,0.0,22.0,0.0,22.0,22.0,22.0,0.0,0
2008-10-23,5.099863052368164,0.0,21.75,0.0,21.75,21.75,21.75,0.0,0
2008-10-24,4.945107460021973,0.0,21.09000015258789,0.0,21.09000015258789,21.09000015258789,21.09000015258789,0.0,0
2008-10-27,4.741113185882568,0.0,20.219999313354492,0.0,20.219999313354492,20.219999313354492,20.219999313354492,0.0,0
2008-10-28,5.076414108276367,0.0,21.649999618530273,0.0,21.649999618530273,21.649999618530273,21.649999618530273,0.0,0
2008-10-29,5.132688522338867,0.0,21.889999389648438,0.0,21.889999389648438,21.889999389648438,21.889999389648438,0.0,0
2008-10-30,5.329648971557617,0.0,22.729999542236328,0.0,22.729999542236328,22.729999542236328,22.729999542236328,0.0,0
2008-10-31,5.47736930847168,0.0,23.360000610351562,0.0,23.360000610351562,23.360000610351562,23.360000610351562,0.0,0
2008-11-03,5.4797139167785645,0.0,23.3700008392334,0.0,23.3700008392334,23.3700008392334,23.3700008392334,0.0,0
2008-11-04,5.61805534362793,0.0,23.959999084472656,0.0,23.959999084472656,23.959999084472656,23.959999084472656,0.0,0
2008-11-05,5.414059638977051,0.0,23.09000015258789,0.0,23.09000015258789,23.09000015258789,23.09000015258789,0.0,0
2008-11-06,5.221789836883545,0.0,22.270000457763672,0.0,22.270000457763672,22.270000457763672,22.270000457763672,0.0,0
2008-11-07,5.30854606628418,0.0,22.639999389648438,0.0,22.639999389648438,22.639999389648438,22.639999389648438,0.0,0
2008-11-10,5.212411403656006,0.0,22.229999542236328,0.0,22.229999542236328,22.229999542236328,22.229999542236328,0.0,0
2008-11-11,5.090481281280518,0.0,21.709999084472656,0.0,21.709999084472656,21.709999084472656,21.709999084472656,0.0,0
2008-11-12,4.841938018798828,0.0,20.649999618530273,0.0,20.649999618530273,20.649999618530273,20.649999618530273,0.0,0
2008-11-13,5.132688522338867,0.0,21.889999389648438,0.0,21.889999389648438,21.889999389648438,21.889999389648438,0.0,0
2008-11-14,4.900557518005371,0.0,20.899999618530273,0.0,20.899999618530273,20.899999618530273,20.899999618530273,0.0,0
2008-11-17,4.806766510009766,0.0,20.5,0.0,20.5,20.5,20.5,0.0,0
2008-11-18,4.804423809051514,0.0,20.489999771118164,0.0,20.489999771118164,20.489999771118164,20.489999771118164,0.0,0
2008-11-19,4.534775257110596,0.0,19.34000015258789,0.0,19.34000015258789,19.34000015258789,19.34000015258789,0.0,0
2008-11-20,4.265127182006836,0.0,18.190000534057617,0.0,18.190000534057617,18.190000534057617,18.190000534057617,0.0,0
2008-11-21,4.4620866775512695,0.0,19.030000686645508,0.0,19.030000686645508,19.030000686645508,19.030000686645508,0.0,0
2008-11-24,4.722354412078857,0.0,20.139999389648438,0.0,20.139999389648438,20.139999389648438,20.139999389648438,0.0,0
2008-11-25,4.795042991638184,0.0,20.450000762939453,0.0,20.450000762939453,20.450000762939453,20.450000762939453,0.0,0
2008-11-26,4.959176063537598,0.0,21.149999618530273,0.0,21.149999618530273,21.149999618530273,21.149999618530273,0.0,0
2008-11-28,4.996693134307861,0.0,21.309999465942383,0.0,21.309999465942383,21.309999465942383,21.309999465942383,0.0,0
2008-12-01,4.628564357757568,0.0,19.739999771118164,0.0,19.739999771118164,19.739999771118164,19.739999771118164,0.0,0
2008-12-02,4.7809739112854,0.0,20.389999389648438,0.0,20.389999389648438,20.389999389648438,20.389999389648438,0.0,0
2008-12-03,4.8888325691223145,0.0,20.850000381469727,0.0,20.850000381469727,20.850000381469727,20.850000381469727,0.0,0
2008-12-04,4.792696952819824,0.0,20.440000534057617,0.0,20.440000534057617,20.440000534057617,20.440000534057617,0.0,0
2008-12-05,4.975589275360107,0.0,21.219999313354492,0.0,21.219999313354492,21.219999313354492,21.219999313354492,0.0,0
2008-12-08,5.113930702209473,0.0,21.809999465942383,0.0,21.809999465942383,21.809999465942383,21.809999465942383,0.0,0
2008-12-09,5.043588638305664,0.0,21.510000228881836,0.0,21.510000228881836,21.510000228881836,21.510000228881836,0.0,0
2008-12-10,5.163171291351318,0.0,22.020000457763672,0.0,22.020000457763672,22.020000457763672,22.020000457763672,0.0,0
2008-12-11,5.052967071533203,0.0,21.549999237060547,0.0,21.549999237060547,21.549999237060547,21.549999237060547,0.0,0
2008-12-12,5.114937782287598,0.0,21.790000915527344,0.024,21.790000915527344,21.790000915527344,21.790000915527344,0.0,0
2008-12-15,5.060948848724365,0.0,21.559999465942383,0.0,21.559999465942383,21.559999465942383,21.559999465942383,0.0,0
2008-12-16,5.30272912979126,0.0,22.59000015258789,0.0,22.59000015258789,22.59000015258789,22.59000015258789,0.0,0
2008-12-17,5.321506977081299,0.0,22.670000076293945,0.0,22.670000076293945,22.670000076293945,22.670000076293945,0.0,0
2008-12-18,5.265171051025391,0.0,22.43000030517578,0.0,22.43000030517578,22.43000030517578,22.43000030517578,0.0,0
2008-12-19,5.305077075958252,0.0,22.600000381469727,0.0,22.600000381469727,22.600000381469727,22.600000381469727,0.0,0
2008-12-22,5.194749355316162,0.0,22.1299991607666,0.0,22.1299991607666,22.1299991607666,22.1299991607666,0.0,0
2008-12-23,5.15249490737915,0.0,21.950000762939453,0.0,21.950000762939453,21.950000762939453,21.950000762939453,0.0,0
2008-12-24,5.1736226081848145,0.0,22.040000915527344,0.0,22.040000915527344,22.040000915527344,22.040000915527344,0.0,0
2008-12-26,5.218222141265869,0.0,22.229999542236328,0.0,22.229999542236328,22.229999542236328,22.229999542236328,0.0,0
2008-12-29,5.1924004554748535,0.0,22.1200008392334,0.0,22.1200008392334,22.1200008392334,22.1200008392334,0.0,0
2008-12-30,5.342633247375488,0.0,22.760000228881836,0.0,22.760000228881836,22.760000228881836,22.760000228881836,0.0,0
2008-12-31,5.427139759063721,0.0,23.1200008392334,0.0,23.1200008392334,23.1200008392334,23.1200008392334,0.0,0
2009-01-02,5.556243419647217,0.0,23.670000076293945,0.0,23.670000076293945,23.670000076293945,23.670000076293945,0.0,0
2009-01-05,5.551549434661865,0.0,23.649999618530273,0.0,23.649999618530273,23.649999618530273,23.649999618530273,0.0,0
2009-01-06,5.6055378913879395,0.0,23.8799991607666,0.0,23.8799991607666,23.8799991607666,23.8799991607666,0.0,0
2009-01-07,5.485824108123779,0.0,23.3700008392334,0.0,23.3700008392334,23.3700008392334,23.3700008392334,0.0,0
2009-01-08,5.525727272033691,0.0,23.540000915527344,0.0,23.540000915527344,23.540000915527344,23.540000915527344,0.0,0
2009-01-09,5.408359527587891,0.0,23.040000915527344,0.0,23.040000915527344,23.040000915527344,23.040000915527344,0.0,0
2009-01-12,5.293337821960449,0.0,22.549999237060547,0.0,22.549999237060547,22.549999237060547,22.549999237060547,0.0,0
2009-01-13,5.300380706787109,0.0,22.579999923706055,0.0,22.579999923706055,22.579999923706055,22.579999923706055,0.0,0
2009-01-14,5.119632244110107,0.0,21.809999465942383,0.0,21.809999465942383,21.809999465942383,21.809999465942383,0.0,0
2009-01-15,5.1970953941345215,0.0,22.139999389648438,0.0,22.139999389648438,22.139999389648438,22.139999389648438,0.0,0
2009-01-16,5.2487382888793945,0.0,22.360000610351562,0.0,22.360000610351562,22.360000610351562,22.360000610351562,0.0,0
2009-01-20,4.985832691192627,0.0,21.239999771118164,0.0,21.239999771118164,21.239999771118164,21.239999771118164,0.0,0
2009-01-21,5.138411521911621,0.0,21.889999389648438,0.0,21.889999389648438,21.889999389648438,21.889999389648438,0.0,0
2009-01-22,5.0726847648620605,0.0,21.610000610351562,0.0,21.610000610351562,21.610000610351562,21.610000610351562,0.0,0
2009-01-23,5.110243797302246,0.0,21.770000457763672,0.0,21.770000457763672,21.770000457763672,21.770000457763672,0.0,0
2009-01-26,5.15249490737915,0.0,21.950000762939453,0.0,21.950000762939453,21.950000762939453,21.950000762939453,0.0,0
2009-01-27,5.20413875579834,0.0,22.170000076293945,0.0,22.170000076293945,22.170000076293945,22.170000076293945,0.0,0
2009-01-28,5.342633247375488,0.0,22.760000228881836,0.0,22.760000228881836,22.760000228881836,22.760000228881836,0.0,0
2009-01-29,5.183011054992676,0.0,22.079999923706055,0.0,22.079999923706055,22.079999923706055,22.079999923706055,0.0,0
2009-01-30,5.0797271728515625,0.0,21.639999389648438,0.0,21.639999389648438,21.639999389648438,21.639999389648438,0.0,0
2009-02-02,5.098506927490234,0.0,21.719999313354492,0.0,21.719999313354492,21.719999313354492,21.719999313354492,0.0,0
2009-02-03,5.175970554351807,0.0,22.049999237060547,0.0,22.049999237060547,22.049999237060547,22.049999237060547,0.0,0
2009-02-04,5.150148391723633,0.0,21.940000534057617,0.0,21.940000534057617,21.940000534057617,21.940000534057617,0.0,0
2009-02-05,5.227611541748047,0.0,22.270000457763672,0.0,22.270000457763672,22.270000457763672,22.270000457763672,0.0,0
2009-02-06,5.344980716705322,0.0,22.770000457763672,0.0,22.770000457763672,22.770000457763672,22.770000457763672,0.0,0
2009-02-09,5.340287208557129,0.0,22.75,0.0,22.75,22.75,22.75,0.0,0
2009-02-10,5.136064052581787,0.0,21.8799991607666,0.0,21.8799991607666,21.8799991607666,21.8799991607666,0.0,0
2009-02-11,5.178316593170166,0.0,22.059999465942383,0.0,22.059999465942383,22.059999465942383,22.059999465942383,0.0,0
2009-02-12,5.194749355316162,0.0,22.1299991607666,0.0,22.1299991607666,22.1299991607666,22.1299991607666,0.0,0
2009-02-13,5.178316593170166,0.0,22.059999465942383,0.0,22.059999465942383,22.059999465942383,22.059999465942383,0.0,0
2009-02-17,4.990527629852295,0.0,21.260000228881836,0.0,21.260000228881836,21.260000228881836,21.260000228881836,0.0,0
2009-02-18,4.964705467224121,0.0,21.149999618530273,0.0,21.149999618530273,21.149999618530273,21.149999618530273,0.0,0
2009-02-19,4.931843280792236,0.0,21.010000228881836,0.0,21.010000228881836,21.010000228881836,21.010000228881836,0.0,0
2009-02-20,4.882546901702881,0.0,20.799999237060547,0.0,20.799999237060547,20.799999237060547,20.799999237060547,0.0,0
2009-02-23,4.697103977203369,0.0,20.010000228881836,0.0,20.010000228881836,20.010000228881836,20.010000228881836,0.0,0
2009-02-24,4.833252429962158,0.0,20.59000015258789,0.0,20.59000015258789,20.59000015258789,20.59000015258789,0.0,0
2009-02-25,4.772220134735107,0.0,20.329999923706055,0.0,20.329999923706055,20.329999923706055,20.329999923706055,0.0,0
2009-02-26,4.647809028625488,0.0,19.799999237060547,0.0,19.799999237060547,19.799999237060547,19.799999237060547,0.0,0
2009-02-27,4.612598419189453,0.0,19.649999618530273,0.0,19.649999618530273,19.649999618530273,19.649999618530273,0.0,0
2009-03-02,4.398987770080566,0.0,18.739999771118164,0.0,18.739999771118164,18.739999771118164,18.739999771118164,0.0,0
2009-03-03,4.344997406005859,0.0,18.510000228881836,0.0,18.510000228881836,18.510000228881836,18.510000228881836,0.0,0
2009-03-04,4.452977180480957,0.0,18.969999313354492,0.0,18.969999313354492,18.969999313354492,18.969999313354492,0.0,0
2009-03-05,4.255796432495117,0.0,18.1299991607666,0.0,18.1299991607666,18.1299991607666,18.1299991607666,0.0,0
2009-03-06,4.260491371154785,0.0,18.149999618530273,0.0,18.149999618530273,18.149999618530273,18.149999618530273,0.0,0
2009-03-09,4.192418098449707,0.0,17.860000610351562,0.0,17.860000610351562,17.860000610351562,17.860000610351562,0.0,0
2009-03-10,4.410723686218262,0.0,18.790000915527344,0.0,18.790000915527344,18.790000915527344,18.790000915527344,0.0,0
2009-03-11,4.445934772491455,0.0,18.940000534057617,0.0,18.940000534057617,18.940000534057617,18.940000534057617,0.0,0
2009-03-12,4.612598419189453,0.0,19.649999618530273,0.0,19.649999618530273,19.649999618530273,19.649999618530273,0.0,0
2009-03-13,4.668935298919678,0.0,19.889999389648438,0.0,19.889999389648438,19.889999389648438,19.889999389648438,0.0,0
2009-03-16,4.633725166320801,0.0,19.739999771118164,0.0,19.739999771118164,19.739999771118164,19.739999771118164,0.0,0
2009-03-17,4.760483741760254,0.0,20.280000686645508,0.0,20.280000686645508,20.280000686645508,20.280000686645508,0.0,0
2009-03-18,4.887240886688232,0.0,20.81999969482422,0.0,20.81999969482422,20.81999969482422,20.81999969482422,0.0,0
2009-03-19,4.891937732696533,0.0,20.84000015258789,0.0,20.84000015258789,20.84000015258789,20.84000015258789,0.0,0
2009-03-20,4.807431221008301,0.0,20.479999542236328,0.0,20.479999542236328,20.479999542236328,20.479999542236328,0.0,0
2009-03-23,5.0867695808410645,0.0,21.670000076293945,0.0,21.670000076293945,21.670000076293945,21.670000076293945,0.0,0
2009-03-24,4.983485221862793,0.0,21.229999542236328,0.0,21.229999542236328,21.229999542236328,21.229999542236328,0.0,0
2009-03-25,5.0515594482421875,0.0,21.520000457763672,0.0,21.520000457763672,21.520000457763672,21.520000457763672,0.0,0
2009-03-26,5.1970953941345215,0.0,22.139999389648438,0.0,22.139999389648438,22.139999389648438,22.139999389648438,0.0,0
2009-03-27,5.084421157836914,0.0,21.65999984741211,0.0,21.65999984741211,21.65999984741211,21.65999984741211,0.0,0
2009-03-30,4.945927619934082,0.0,21.06999969482422,0.0,21.06999969482422,21.06999969482422,21.06999969482422,0.0,0
2009-03-31,4.999915599822998,0.0,21.299999237060547,0.0,21.299999237060547,21.299999237060547,21.299999237060547,0.0,0
2009-04-01,5.0726847648620605,0.0,21.610000610351562,0.0,21.610000610351562,21.610000610351562,21.610000610351562,0.0,0
2009-04-02,5.269865989685059,0.0,22.450000762939453,0.0,22.450000762939453,22.450000762939453,22.450000762939453,0.0,0
2009-04-03,5.319158554077148,0.0,22.65999984741211,0.0,22.65999984741211,22.65999984741211,22.65999984741211,0.0,0
2009-04-06,5.276906490325928,0.0,22.479999542236328,0.0,22.479999542236328,22.479999542236328,22.479999542236328,0.0,0
2009-04-07,5.183011054992676,0.0,22.079999923706055,0.0,22.079999923706055,22.079999923706055,22.079999923706055,0.0,0
2009-04-08,5.281602382659912,0.0,22.5,0.0,22.5,22.5,22.5,0.0,0
2009-04-09,5.47643518447876,0.0,23.329999923706055,0.0,23.329999923706055,23.329999923706055,23.329999923706055,0.0,0
2009-04-13,5.499908447265625,0.0,23.43000030517578,0.0,23.43000030517578,23.43000030517578,23.43000030517578,0.0,0
2009-04-14,5.438876152038574,0.0,23.170000076293945,0.0,23.170000076293945,23.170000076293945,23.170000076293945,0.0,0
2009-04-15,5.478780746459961,0.0,23.34000015258789,0.0,23.34000015258789,23.34000015258789,23.34000015258789,0.0,0
2009-04-16,5.5703301429748535,0.0,23.729999542236328,0.0,23.729999542236328,23.729999542236328,23.729999542236328,0.0,0
2009-04-17,5.61023473739624,0.0,23.899999618530273,0.0,23.899999618530273,23.899999618530273,23.899999618530273,0.0,0
2009-04-20,5.410706996917725,0.0,23.049999237060547,0.0,23.049999237060547,23.049999237060547,23.049999237060547,0.0,0
2009-04-21,5.523381233215332,0.0,23.530000686645508,0.0,23.530000686645508,23.530000686645508,23.530000686645508,0.0,0
2009-04-22,5.54450798034668,0.0,23.6200008392334,0.0,23.6200008392334,23.6200008392334,23.6200008392334,0.0,0
2009-04-23,5.5703301429748535,0.0,23.729999542236328,0.0,23.729999542236328,23.729999542236328,23.729999542236328,0.0,0
2009-04-24,5.6618757247924805,0.0,24.1200008392334,0.0,24.1200008392334,24.1200008392334,24.1200008392334,0.0,0
2009-04-27,5.60319185256958,0.0,23.8700008392334,0.0,23.8700008392334,23.8700008392334,23.8700008392334,0.0,0
2009-04-28,5.621971607208252,0.0,23.950000762939453,0.0,23.950000762939453,23.950000762939453,23.950000762939453,0.0,0
2009-04-29,5.71586799621582,0.0,24.350000381469727,0.0,24.350000381469727,24.350000381469727,24.350000381469727,0.0,0
2009-04-30,5.722907543182373,0.0,24.3799991607666,0.0,24.3799991607666,24.3799991607666,24.3799991607666,0.0,0
2009-05-01,5.72056245803833,0.0,24.3700008392334,0.0,24.3700008392334,24.3700008392334,24.3700008392334,0.0,0
2009-05-04,5.882530212402344,0.0,25.059999465942383,0.0,25.059999465942383,25.059999465942383,25.059999465942383,0.0,0
2009-05-05,5.901308536529541,0.0,25.139999389648438,0.0,25.139999389648438,25.139999389648438,25.139999389648438,0.0,0
2009-05-06,5.936520576477051,0.0,25.290000915527344,0.0,25.290000915527344,25.290000915527344,25.290000915527344,0.0,0
2009-05-07,5.8637518882751465,0.0,24.979999542236328,0.0,24.979999542236328,24.979999542236328,24.979999542236328,0.0,0
2009-05-08,6.011637210845947,0.0,25.610000610351562,0.0,25.610000610351562,25.610000610351562,25.610000610351562,0.0,0
2009-05-11,5.898963928222656,0.0,25.1299991607666,0.0,25.1299991607666,25.1299991607666,25.1299991607666,0.0,0
2009-05-12,5.877835750579834,0.0,25.040000915527344,0.0,25.040000915527344,25.040000915527344,25.040000915527344,0.0,0
2009-05-13,5.71586799621582,0.0,24.350000381469727,0.0,24.350000381469727,24.350000381469727,24.350000381469727,0.0,0
2009-05-14,5.809759616851807,0.0,24.75,0.0,24.75,24.75,24.75,0.0,0
2009-05-15,5.776898384094238,0.0,24.610000610351562,0.0,24.610000610351562,24.610000610351562,24.610000610351562,0.0,0
2009-05-18,5.945910930633545,0.0,25.329999923706055,0.0,25.329999923706055,25.329999923706055,25.329999923706055,0.0,0
2009-05-19,5.9787726402282715,0.0,25.469999313354492,0.0,25.469999313354492,25.469999313354492,25.469999313354492,0.0,0
2009-05-20,5.985813140869141,0.0,25.5,0.0,25.5,25.5,25.5,0.0,0
2009-05-21,5.8919196128845215,0.0,25.100000381469727,0.0,25.100000381469727,25.100000381469727,25.100000381469727,0.0,0
2009-05-22,5.8919196128845215,0.0,25.100000381469727,0.0,25.100000381469727,25.100000381469727,25.100000381469727,0.0,0
2009-05-26,6.042153358459473,0.0,25.739999771118164,0.0,25.739999771118164,25.739999771118164,25.739999771118164,0.0,0
2009-05-27,5.96938419342041,0.0,25.43000030517578,0.0,25.43000030517578,25.43000030517578,25.43000030517578,0.0,0
2009-05-28,5.995204925537109,0.0,25.540000915527344,0.0,25.540000915527344,25.540000915527344,25.540000915527344,0.0,0
2009-05-29,6.084404945373535,0.0,25.920000076293945,0.0,25.920000076293945,25.920000076293945,25.920000076293945,0.0,0
2009-06-01,6.2675018310546875,0.0,26.700000762939453,0.0,26.700000762939453,26.700000762939453,26.700000762939453,0.0,0
2009-06-02,6.321489334106445,0.0,26.93000030517578,0.0,26.93000030517578,26.93000030517578,26.93000030517578,0.0,0
2009-06-03,6.21116304397583,0.0,26.459999084472656,0.0,26.459999084472656,26.459999084472656,26.459999084472656,0.0,0
2009-06-04,6.239331245422363,0.0,26.579999923706055,0.0,26.579999923706055,26.579999923706055,26.579999923706055,0.0,0
2009-06-05,6.220553398132324,0.0,26.5,0.0,26.5,26.5,26.5,0.0,0
2009-06-08,6.182991981506348,0.0,26.34000015258789,0.0,26.34000015258789,26.34000015258789,26.34000015258789,0.0,0
2009-06-09,6.225249290466309,0.0,26.520000457763672,0.0,26.520000457763672,26.520000457763672,26.520000457763672,0.0,0
2009-06-10,6.215856075286865,0.0,26.479999542236328,0.0,26.479999542236328,26.479999542236328,26.479999542236328,0.0,0
2009-06-11,6.227595329284668,0.0,26.530000686645508,0.0,26.530000686645508,26.530000686645508,26.530000686645508,0.0,0
2009-06-12,6.199427127838135,0.0,26.40999984741211,0.0,26.40999984741211,26.40999984741211,26.40999984741211,0.0,0
2009-06-15,6.060931205749512,0.0,25.81999969482422,0.0,25.81999969482422,25.81999969482422,25.81999969482422,0.0,0
2009-06-16,6.002246856689453,0.0,25.56999969482422,0.0,25.56999969482422,25.56999969482422,25.56999969482422,0.0,0
2009-06-17,6.011637210845947,0.0,25.610000610351562,0.0,25.610000610351562,25.610000610351562,25.610000610351562,0.0,0
2009-06-18,6.039803504943848,0.0,25.729999542236328,0.0,25.729999542236328,25.729999542236328,25.729999542236328,0.0,0
2009-06-19,6.077361583709717,0.0,25.889999389648438,0.0,25.889999389648438,25.889999389648438,25.889999389648438,0.0,0
2009-06-22,5.901308536529541,0.0,25.139999389648438,0.0,25.139999389648438,25.139999389648438,25.139999389648438,0.0,0
2009-06-23,5.882530212402344,0.0,25.059999465942383,0.0,25.059999465942383,25.059999465942383,25.059999465942383,0.0,0
2009-06-24,5.938867092132568,0.0,25.299999237060547,0.0,25.299999237060547,25.299999237060547,25.299999237060547,0.0,0
2009-06-25,6.060931205749512,0.0,25.81999969482422,0.0,25.81999969482422,25.81999969482422,25.81999969482422,0.0,0
2009-06-26,6.084404945373535,0.0,25.920000076293945,0.0,25.920000076293945,25.920000076293945,25.920000076293945,0.0,0
2009-06-29,6.103185176849365,0.0,26.0,0.0,26.0,26.0,26.0,0.0,0
2009-06-30,6.079711437225342,0.0,25.899999618530273,0.0,25.899999618530273,25.899999618530273,25.899999618530273,0.0,0
2009-07-01,6.164214611053467,0.0,26.260000228881836,0.0,26.260000228881836,26.260000228881836,26.260000228881836,0.0,0
2009-07-02,5.988164901733398,0.0,25.510000228881836,0.0,25.510000228881836,25.510000228881836,25.510000228881836,0.0,0
2009-07-06,5.964687824249268,0.0,25.40999984741211,0.0,25.40999984741211,25.40999984741211,25.40999984741211,0.0,0
2009-07-07,5.90365743637085,0.0,25.149999618530273,0.0,25.149999618530273,25.149999618530273,25.149999618530273,0.0,0
2009-07-08,5.8895721435546875,0.0,25.09000015258789,0.0,25.09000015258789,25.09000015258789,25.09000015258789,0.0,0
2009-07-09,5.910698890686035,0.0,25.18000030517578,0.0,25.18000030517578,25.18000030517578,25.18000030517578,0.0,0
2009-07-10,5.8966169357299805,0.0,25.1200008392334,0.0,25.1200008392334,25.1200008392334,25.1200008392334,0.0,0
2009-07-13,5.990509986877441,0.0,25.520000457763672,0.0,25.520000457763672,25.520000457763672,25.520000457763672,0.0,0
2009-07-14,6.032762050628662,0.0,25.700000762939453,0.0,25.700000762939453,25.700000762939453,25.700000762939453,0.0,0
2009-07-15,6.190036296844482,0.0,26.3700008392334,0.0,26.3700008392334,26.3700008392334,26.3700008392334,0.0,0
2009-07-16,6.251068115234375,0.0,26.6299991607666,0.0,26.6299991607666,26.6299991607666,26.6299991607666,0.0,0
2009-07-17,6.251068115234375,0.0,26.6299991607666,0.0,26.6299991607666,26.6299991607666,26.6299991607666,0.0,0
2009-07-20,6.340269088745117,0.0,27.010000228881836,0.0,27.010000228881836,27.010000228881836,27.010000228881836,0.0,0
2009-07-21,6.347311496734619,0.0,27.040000915527344,0.0,27.040000915527344,27.040000915527344,27.040000915527344,0.0,0
2009-07-22,6.3895649909973145,0.0,27.219999313354492,0.0,27.219999313354492,27.219999313354492,27.219999313354492,0.0,0
2009-07-23,6.4905009269714355,0.0,27.649999618530273,0.0,27.649999618530273,27.649999618530273,27.649999618530273,0.0,0
2009-07-24,6.511628150939941,0.0,27.739999771118164,0.0,27.739999771118164,27.739999771118164,27.739999771118164,0.0,0
2009-07-27,6.528059482574463,0.0,27.809999465942383,0.0,27.809999465942383,27.809999465942383,27.809999465942383,0.0,0
2009-07-28,6.55857515335083,0.0,27.940000534057617,0.0,27.940000534057617,27.940000534057617,27.940000534057617,0.0,0
2009-07-29,6.51397705078125,0.0,27.75,0.0,27.75,27.75,27.75,0.0,0
2009-07-30,6.596134185791016,0.0,28.100000381469727,0.0,28.100000381469727,28.100000381469727,28.100000381469727,0.0,0
2009-07-31,6.619606971740723,0.0,28.200000762939453,0.0,28.200000762939453,28.200000762939453,28.200000762939453,0.0,0
2009-08-03,6.729935646057129,0.0,28.670000076293945,0.0,28.670000076293945,28.670000076293945,28.670000076293945,0.0,0
2009-08-04,6.729935646057129,0.0,28.670000076293945,0.0,28.670000076293945,28.670000076293945,28.670000076293945,0.0,0
2009-08-05,6.6994171142578125,0.0,28.540000915527344,0.0,28.540000915527344,28.540000915527344,28.540000915527344,0.0,0
2009-08-06,6.664208889007568,0.0,28.389999389648438,0.0,28.389999389648438,28.389999389648438,28.389999389648438,0.0,0
2009-08-07,6.753407001495361,0.0,28.770000457763672,0.0,28.770000457763672,28.770000457763672,28.770000457763672,0.0,0
2009-08-10,6.7369771003723145,0.0,28.700000762939453,0.0,28.700000762939453,28.700000762939453,28.700000762939453,0.0,0
2009-08-11,6.6782917976379395,0.0,28.450000762939453,0.0,28.450000762939453,28.450000762939453,28.450000762939453,0.0,0
2009-08-12,6.762799263000488,0.0,28.809999465942383,0.0,28.809999465942383,28.809999465942383,28.809999465942383,0.0,0
2009-08-13,6.821481227874756,0.0,29.059999465942383,0.0,29.059999465942383,29.059999465942383,29.059999465942383,0.0,0
2009-08-14,6.762799263000488,0.0,28.809999465942383,0.0,28.809999465942383,28.809999465942383,28.809999465942383,0.0,0
2009-08-17,6.621953964233398,0.0,28.209999084472656,0.0,28.209999084472656,28.209999084472656,28.209999084472656,0.0,0
2009-08-18,6.682986259460449,0.0,28.469999313354492,0.0,28.469999313354492,28.469999313354492,28.469999313354492,0.0,0
2009-08-19,6.722893238067627,0.0,28.639999389648438,0.0,28.639999389648438,28.639999389648438,28.639999389648438,0.0,0
2009-08-20,6.795658588409424,0.0,28.950000762939453,0.0,28.950000762939453,28.950000762939453,28.950000762939453,0.0,0
2009-08-21,6.908335208892822,0.0,29.43000030517578,0.0,29.43000030517578,29.43000030517578,29.43000030517578,0.0,0
2009-08-24,6.927114009857178,0.0,29.510000228881836,0.0,29.510000228881836,29.510000228881836,29.510000228881836,0.0,0
2009-08-25,6.967019081115723,0.0,29.68000030517578,0.0,29.68000030517578,29.68000030517578,29.68000030517578,0.0,0
2009-08-26,6.9576287269592285,0.0,29.639999389648438,0.0,29.639999389648438,29.639999389648438,29.639999389648438,0.0,0
2009-08-27,6.974062442779541,0.0,29.709999084472656,0.0,29.709999084472656,29.709999084472656,29.709999084472656,0.0,0
2009-08-28,6.978757381439209,0.0,29.729999542236328,0.0,29.729999542236328,29.729999542236328,29.729999542236328,0.0,0
2009-08-31,6.908335208892822,0.0,29.43000030517578,0.0,29.43000030517578,29.43000030517578,29.43000030517578,0.0,0
2009-09-01,6.774535179138184,0.0,28.860000610351562,0.0,28.860000610351562,28.860000610351562,28.860000610351562,0.0,0
2009-09-02,6.788618564605713,0.0,28.920000076293945,0.0,28.920000076293945,28.920000076293945,28.920000076293945,0.0,0
2009-09-03,6.842608451843262,0.0,29.149999618530273,0.0,29.149999618530273,29.149999618530273,29.149999618530273,0.0,0
2009-09-04,6.931809425354004,0.0,29.530000686645508,0.0,29.530000686645508,29.530000686645508,29.530000686645508,0.0,0
2009-09-08,6.9975361824035645,0.0,29.809999465942383,0.0,29.809999465942383,29.809999465942383,29.809999465942383,0.0,0
2009-09-09,7.072651386260986,0.0,30.1299991607666,0.0,30.1299991607666,30.1299991607666,30.1299991607666,0.0,0
2009-09-10,7.143073081970215,0.0,30.43000030517578,0.0,30.43000030517578,30.43000030517578,30.43000030517578,0.0,0
2009-09-11,7.13905668258667,0.0,30.209999084472656,0.203,30.209999084472656,30.209999084472656,30.209999084472656,0.0,0
2009-09-14,7.160323143005371,0.0,30.299999237060547,0.0,30.299999237060547,30.299999237060547,30.299999237060547,0.0,0
2009-09-15,7.1815900802612305,0.0,30.389999389648438,0.0,30.389999389648438,30.389999389648438,30.389999389648438,0.0,0
2009-09-16,7.311564922332764,0.0,30.940000534057617,0.0,30.940000534057617,30.940000534057617,30.940000534057617,0.0,0
2009-09-17,7.285571575164795,0.0,30.829999923706055,0.0,30.829999923706055,30.829999923706055,30.829999923706055,0.0,0
2009-09-18,7.283206939697266,0.0,30.81999969482422,0.0,30.81999969482422,30.81999969482422,30.81999969482422,0.0,0
2009-09-21,7.269028186798096,0.0,30.760000228881836,0.0,30.760000228881836,30.760000228881836,30.760000228881836,0.0,0
2009-09-22,7.306839942932129,0.0,30.920000076293945,0.0,30.920000076293945,30.920000076293945,30.920000076293945,0.0,0
2009-09-23,7.2217631340026855,0.0,30.559999465942383,0.0,30.559999465942383,30.559999465942383,30.559999465942383,0.0,0
2009-09-24,7.1177873611450195,0.0,30.1200008392334,0.0,30.1200008392334,30.1200008392334,30.1200008392334,0.0,0
2009-09-25,7.089428424835205,0.0,30.0,0.0,30.0,30.0,30.0,0.0,0
2009-09-28,7.205223560333252,0.0,30.489999771118164,0.0,30.489999771118164,30.489999771118164,30.489999771118164,0.0,0
2009-09-29,7.205223560333252,0.0,30.489999771118164,0.0,30.489999771118164,30.489999771118164,30.489999771118164,0.0,0
2009-09-30,7.174503326416016,0.0,30.360000610351562,0.0,30.360000610351562,30.360000610351562,30.360000610351562,0.0,0
2009-10-01,7.00908088684082,0.0,29.65999984741211,0.0,29.65999984741211,29.65999984741211,29.65999984741211,0.0,0
2009-10-02,6.959458351135254,0.0,29.450000762939453,0.0,29.450000762939453,29.450000762939453,29.450000762939453,0.0,0
2009-10-05,7.05398416519165,0.0,29.850000381469727,0.0,29.850000381469727,29.850000381469727,29.850000381469727,0.0,0
2009-10-06,7.16741418838501,0.0,30.329999923706055,0.0,30.329999923706055,30.329999923706055,30.329999923706055,0.0,0
2009-10-07,7.1934075355529785,0.0,30.440000534057617,0.0,30.440000534057617,30.440000534057617,30.440000534057617,0.0,0
2009-10-08,7.266663551330566,0.0,30.75,0.0,30.75,30.75,30.75,0.0,0
2009-10-09,7.297386169433594,0.0,30.8799991607666,0.0,30.8799991607666,30.8799991607666,30.8799991607666,0.0,0
2009-10-12,7.323382377624512,0.0,30.989999771118164,0.0,30.989999771118164,30.989999771118164,30.989999771118164,0.0,0
2009-10-13,7.29265832901001,0.0,30.860000610351562,0.0,30.860000610351562,30.860000610351562,30.860000610351562,0.0,0
2009-10-14,7.4108195304870605,0.0,31.360000610351562,0.0,31.360000610351562,31.360000610351562,31.360000610351562,0.0,0
2009-10-15,7.422635078430176,0.0,31.40999984741211,0.0,31.40999984741211,31.40999984741211,31.40999984741211,0.0,0
2009-10-16,7.375370025634766,0.0,31.209999084472656,0.0,31.209999084472656,31.209999084472656,31.209999084472656,0.0,0
2009-10-19,7.446265697479248,0.0,31.510000228881836,0.0,31.510000228881836,31.510000228881836,31.510000228881836,0.0,0
2009-10-20,7.387186050415039,0.0,31.260000228881836,0.0,31.260000228881836,31.260000228881836,31.260000228881836,0.0,0
2009-10-21,7.32101583480835,0.0,30.979999542236328,0.0,30.979999542236328,30.979999542236328,30.979999542236328,0.0,0
2009-10-22,7.3942766189575195,0.0,31.290000915527344,0.0,31.290000915527344,31.290000915527344,31.290000915527344,0.0,0
2009-10-23,7.304474830627441,0.0,30.90999984741211,0.0,30.90999984741211,30.90999984741211,30.90999984741211,0.0,0
2009-10-26,7.2217631340026855,0.0,30.559999465942383,0.0,30.559999465942383,30.559999465942383,30.559999465942383,0.0,0
2009-10-27,7.172140598297119,0.0,30.350000381469727,0.0,30.350000381469727,30.350000381469727,30.350000381469727,0.0,0
2009-10-28,6.961817741394043,0.0,29.459999084472656,0.0,29.459999084472656,29.459999084472656,29.459999084472656,0.0,0
2009-10-29,7.131965160369873,0.0,30.18000030517578,0.0,30.18000030517578,30.18000030517578,30.18000030517578,0.0,0
2009-10-30,6.971273422241211,0.0,29.5,0.0,29.5,29.5,29.5,0.0,0
2009-11-02,6.99726676940918,0.0,29.610000610351562,0.0,29.610000610351562,29.610000610351562,29.610000610351562,0.0,0
2009-11-03,7.037440776824951,0.0,29.780000686645508,0.0,29.780000686645508,29.780000686645508,29.780000686645508,0.0,0
2009-11-04,7.070523738861084,0.0,29.920000076293945,0.0,29.920000076293945,29.920000076293945,29.920000076293945,0.0,0
2009-11-05,7.198133945465088,0.0,30.459999084472656,0.0,30.459999084472656,30.459999084472656,30.459999084472656,0.0,0
2009-11-06,7.212314128875732,0.0,30.520000457763672,0.0,30.520000457763672,30.520000457763672,30.520000457763672,0.0,0
2009-11-09,7.3564653396606445,0.0,31.1299991607666,0.0,31.1299991607666,31.1299991607666,31.1299991607666,0.0,0
2009-11-10,7.332834720611572,0.0,31.030000686645508,0.0,31.030000686645508,31.030000686645508,31.030000686645508,0.0,0
2009-11-11,7.370645523071289,0.0,31.190000534057617,0.0,31.190000534057617,31.190000534057617,31.190000534057617,0.0,0
2009-11-12,7.271392345428467,0.0,30.770000457763672,0.0,30.770000457763672,30.770000457763672,30.770000457763672,0.0,0
2009-11-13,7.335196495056152,0.0,31.040000915527344,0.0,31.040000915527344,31.040000915527344,31.040000915527344,0.0,0
2009-11-16,7.453353404998779,0.0,31.540000915527344,0.0,31.540000915527344,31.540000915527344,31.540000915527344,0.0,0
2009-11-17,7.427359580993652,0.0,31.43000030517578,0.0,31.43000030517578,31.43000030517578,31.43000030517578,0.0,0
2009-11-18,7.403726577758789,0.0,31.329999923706055,0.0,31.329999923706055,31.329999923706055,31.329999923706055,0.0,0
2009-11-19,7.28793478012085,0.0,30.84000015258789,0.0,30.84000015258789,30.84000015258789,30.84000015258789,0.0,0
2009-11-20,7.250122547149658,0.0,30.68000030517578,0.0,30.68000030517578,30.68000030517578,30.68000030517578,0.0,0
2009-11-23,7.3493757247924805,0.0,31.100000381469727,0.0,31.100000381469727,31.100000381469727,31.100000381469727,0.0,0
2009-11-24,7.32810640335083,0.0,31.010000228881836,0.0,31.010000228881836,31.010000228881836,31.010000228881836,0.0,0
2009-11-25,7.3730082511901855,0.0,31.200000762939453,0.0,31.200000762939453,31.200000762939453,31.200000762939453,0.0,0
2009-11-27,7.2359466552734375,0.0,30.6200008392334,0.0,30.6200008392334,30.6200008392334,30.6200008392334,0.0,0
2009-11-30,7.240670204162598,0.0,30.639999389648438,0.0,30.639999389648438,30.639999389648438,30.639999389648438,0.0,0
2009-12-01,7.358827590942383,0.0,31.139999389648438,0.0,31.139999389648438,31.139999389648438,31.139999389648438,0.0,0
2009-12-02,7.38009786605835,0.0,31.229999542236328,0.0,31.229999542236328,31.229999542236328,31.229999542236328,0.0,0
2009-12-03,7.304474830627441,0.0,30.90999984741211,0.0,30.90999984741211,30.90999984741211,30.90999984741211,0.0,0
2009-12-04,7.3493757247924805,0.0,31.100000381469727,0.0,31.100000381469727,31.100000381469727,31.100000381469727,0.0,0
2009-12-07,7.351738452911377,0.0,31.110000610351562,0.0,31.110000610351562,31.110000610351562,31.110000610351562,0.0,0
2009-12-08,7.276119709014893,0.0,30.790000915527344,0.0,30.790000915527344,30.790000915527344,30.790000915527344,0.0,0
2009-12-09,7.280845642089844,0.0,30.809999465942383,0.0,30.809999465942383,30.809999465942383,30.809999465942383,0.0,0
2009-12-10,7.32101583480835,0.0,30.979999542236328,0.0,30.979999542236328,30.979999542236328,30.979999542236328,0.0,0
2009-12-11,7.347010135650635,0.0,31.09000015258789,0.0,31.09000015258789,31.09000015258789,31.09000015258789,0.0,0
2009-12-14,7.427359580993652,0.0,31.43000030517578,0.0,31.43000030517578,31.43000030517578,31.43000030517578,0.0,0
2009-12-15,7.413178443908691,0.0,31.3700008392334,0.0,31.3700008392334,31.3700008392334,31.3700008392334,0.0,0
2009-12-16,7.462802886962891,0.0,31.579999923706055,0.0,31.579999923706055,31.579999923706055,31.579999923706055,0.0,0
2009-12-17,7.382458686828613,0.0,31.239999771118164,0.0,31.239999771118164,31.239999771118164,31.239999771118164,0.0,0
2009-12-18,7.406090259552002,0.0,31.34000015258789,0.0,31.34000015258789,31.34000015258789,31.34000015258789,0.0,0
2009-12-21,7.469894886016846,0.0,31.610000610351562,0.0,31.610000610351562,31.610000610351562,31.610000610351562,0.0,0
2009-12-22,7.524247169494629,0.0,31.84000015258789,0.0,31.84000015258789,31.84000015258789,31.84000015258789,0.0,0
2009-12-23,7.571511268615723,0.0,32.040000915527344,0.0,32.040000915527344,32.040000915527344,32.040000915527344,0.0,0
2009-12-24,7.602229595184326,0.0,32.16999816894531,0.0,32.16999816894531,32.16999816894531,32.16999816894531,0.0,0
2009-12-28,7.602229595184326,0.0,32.16999816894531,0.0,32.16999816894531,32.16999816894531,32.16999816894531,0.0,0
2009-12-29,7.602229595184326,0.0,32.16999816894531,0.0,32.16999816894531,32.16999816894531,32.16999816894531,0.0,0
2009-12-30,7.597504615783691,0.0,32.150001525878906,0.0,32.150001525878906,32.150001525878906,32.150001525878906,0.0,0
2009-12-31,7.547878265380859,0.0,31.940000534057617,0.0,31.940000534057617,31.940000534057617,31.940000534057617,0.0,0
2010-01-04,7.677853107452393,0.0,32.4900016784668,0.0,32.4900016784668,32.4900016784668,32.4900016784668,0.0,0
2010-01-05,7.68966817855835,0.0,32.540000915527344,0.0,32.540000915527344,32.540000915527344,32.540000915527344,0.0,0
2010-01-06,7.7251152992248535,0.0,32.689998626708984,0.0,32.689998626708984,32.689998626708984,32.689998626708984,0.0,0
2010-01-07,7.7511091232299805,0.0,32.79999923706055,0.0,32.79999923706055,32.79999923706055,32.79999923706055,0.0,0
2010-01-08,7.779465675354004,0.0,32.91999816894531,0.0,32.91999816894531,32.91999816894531,32.91999816894531,0.0,0
2010-01-11,7.798374176025391,0.0,33.0,0.0,33.0,33.0,33.0,0.0,0
2010-01-12,7.729841232299805,0.0,32.709999084472656,0.0,32.709999084472656,32.709999084472656,32.709999084472656,0.0,0
2010-01-13,7.796010494232178,0.0,32.9900016784668,0.0,32.9900016784668,32.9900016784668,32.9900016784668,0.0,0
2010-01-14,7.831456661224365,0.0,33.13999938964844,0.0,33.13999938964844,33.13999938964844,33.13999938964844,0.0,0
2010-01-15,7.770012855529785,0.0,32.880001068115234,0.0,32.880001068115234,32.880001068115234,32.880001068115234,0.0,0
2010-01-19,7.8503618240356445,0.0,33.220001220703125,0.0,33.220001220703125,33.220001220703125,33.220001220703125,0.0,0
2010-01-20,7.7676496505737305,0.0,32.869998931884766,0.0,32.869998931884766,32.869998931884766,32.869998931884766,0.0,0
2010-01-21,7.663673400878906,0.0,32.43000030517578,0.0,32.43000030517578,32.43000030517578,32.43000030517578,0.0,0
2010-01-22,7.547878265380859,0.0,31.940000534057617,0.0,31.940000534057617,31.940000534057617,31.940000534057617,0.0,0
2010-01-25,7.573873996734619,0.0,32.04999923706055,0.0,32.04999923706055,32.04999923706055,32.04999923706055,0.0,0
2010-01-26,7.528975009918213,0.0,31.860000610351562,0.0,31.860000610351562,31.860000610351562,31.860000610351562,0.0,0
2010-01-27,7.547878265380859,0.0,31.940000534057617,0.0,31.940000534057617,31.940000534057617,31.940000534057617,0.0,0
2010-01-28,7.488802433013916,0.0,31.690000534057617,0.0,31.690000534057617,31.690000534057617,31.690000534057617,0.0,0
2010-01-29,7.424994945526123,0.0,31.420000076293945,0.0,31.420000076293945,31.420000076293945,31.420000076293945,0.0,0
2010-02-01,7.514796257019043,0.0,31.799999237060547,0.0,31.799999237060547,31.799999237060547,31.799999237060547,0.0,0
2010-02-02,7.614048957824707,0.0,32.220001220703125,0.0,32.220001220703125,32.220001220703125,32.220001220703125,0.0,0
2010-02-03,7.571511268615723,0.0,32.040000915527344,0.0,32.040000915527344,32.040000915527344,32.040000915527344,0.0,0
2010-02-04,7.382458686828613,0.0,31.239999771118164,0.0,31.239999771118164,31.239999771118164,31.239999771118164,0.0,0
2010-02-05,7.3564653396606445,0.0,31.1299991607666,0.0,31.1299991607666,31.1299991607666,31.1299991607666,0.0,0
2010-02-08,7.313929080963135,0.0,30.950000762939453,0.0,30.950000762939453,30.950000762939453,30.950000762939453,0.0,0
2010-02-09,7.4108195304870605,0.0,31.360000610351562,0.0,31.360000610351562,31.360000610351562,31.360000610351562,0.0,0
2010-02-10,7.401363849639893,0.0,31.31999969482422,0.0,31.31999969482422,31.31999969482422,31.31999969482422,0.0,0
2010-02-11,7.481712818145752,0.0,31.65999984741211,0.0,31.65999984741211,31.65999984741211,31.65999984741211,0.0,0
2010-02-12,7.488802433013916,0.0,31.690000534057617,0.0,31.690000534057617,31.690000534057617,31.690000534057617,0.0,0
2010-02-16,7.590414047241211,0.0,32.119998931884766,0.0,32.119998931884766,32.119998931884766,32.119998931884766,0.0,0
2010-02-17,7.628225803375244,0.0,32.279998779296875,0.0,32.279998779296875,32.279998779296875,32.279998779296875,0.0,0
2010-02-18,7.663673400878906,0.0,32.43000030517578,0.0,32.43000030517578,32.43000030517578,32.43000030517578,0.0,0
2010-02-19,7.673127174377441,0.0,32.470001220703125,0.0,32.470001220703125,32.470001220703125,32.470001220703125,0.0,0
2010-02-22,7.692031383514404,0.0,32.54999923706055,0.0,32.54999923706055,32.54999923706055,32.54999923706055,0.0,0
2010-02-23,7.611683368682861,0.0,32.209999084472656,0.0,32.209999084472656,32.209999084472656,32.209999084472656,0.0,0
2010-02-24,7.656583786010742,0.0,32.400001525878906,0.0,32.400001525878906,32.400001525878906,32.400001525878906,0.0,0
2010-02-25,7.658946514129639,0.0,32.40999984741211,0.0,32.40999984741211,32.40999984741211,32.40999984741211,0.0,0
2010-02-26,7.684944152832031,0.0,32.52000045776367,0.0,32.52000045776367,32.52000045776367,32.52000045776367,0.0,0
2010-03-01,7.777104377746582,0.0,32.90999984741211,0.0,32.90999984741211,32.90999984741211,32.90999984741211,0.0,0
2010-03-02,7.82200288772583,0.0,33.099998474121094,0.0,33.099998474121094,33.099998474121094,33.099998474121094,0.0,0
2010-03-03,7.831456661224365,0.0,33.13999938964844,0.0,33.13999938964844,33.13999938964844,33.13999938964844,0.0,0
2010-03-04,7.857451915740967,0.0,33.25,0.0,33.25,33.25,33.25,0.0,0
2010-03-05,7.961429119110107,0.0,33.689998626708984,0.0,33.689998626708984,33.689998626708984,33.689998626708984,0.0,0
2010-03-08,7.966155052185059,0.0,33.709999084472656,0.0,33.709999084472656,33.709999084472656,33.709999084472656,0.0,0
2010-03-09,7.977970600128174,0.0,33.7599983215332,0.0,33.7599983215332,33.7599983215332,33.7599983215332,0.0,0
2010-03-10,8.025235176086426,0.0,33.959999084472656,0.0,33.959999084472656,33.959999084472656,33.959999084472656,0.0,0
2010-03-11,8.06068229675293,0.0,34.11000061035156,0.0,34.11000061035156,34.11000061035156,34.11000061035156,0.0,0
2010-03-12,8.074860572814941,0.0,34.16999816894531,0.0,34.16999816894531,34.16999816894531,34.16999816894531,0.0,0
2010-03-15,8.06068229675293,0.0,34.11000061035156,0.0,34.11000061035156,34.11000061035156,34.11000061035156,0.0,0
2010-03-16,8.133936882019043,0.0,34.41999816894531,0.0,34.41999816894531,34.41999816894531,34.41999816894531,0.0,0
2010-03-17,8.18120288848877,0.0,34.619998931884766,0.0,34.619998931884766,34.619998931884766,34.619998931884766,0.0,0
2010-03-18,8.157570838928223,0.0,34.52000045776367,0.0,34.52000045776367,34.52000045776367,34.52000045776367,0.0,0
2010-03-19,8.115033149719238,0.0,34.34000015258789,0.0,34.34000015258789,34.34000015258789,34.34000015258789,0.0,0
2010-03-22,8.174112319946289,0.0,34.59000015258789,0.0,34.59000015258789,34.59000015258789,34.59000015258789,0.0,0
2010-03-23,8.223734855651855,0.0,34.79999923706055,0.0,34.79999923706055,34.79999923706055,34.79999923706055,0.0,0
2010-03-24,8.16938591003418,0.0,34.56999969482422,0.0,34.56999969482422,34.56999969482422,34.56999969482422,0.0,0
2010-03-25,8.150481224060059,0.0,34.4900016784668,0.0,34.4900016784668,34.4900016784668,34.4900016784668,0.0,0
2010-03-26,8.152844429016113,0.0,34.5,0.0,34.5,34.5,34.5,0.0,0
2010-03-29,8.195380210876465,0.0,34.68000030517578,0.0,34.68000030517578,34.68000030517578,34.68000030517578,0.0,0
2010-03-30,8.204832077026367,0.0,34.720001220703125,0.0,34.720001220703125,34.720001220703125,34.720001220703125,0.0,0
2010-03-31,8.178841590881348,0.0,34.61000061035156,0.0,34.61000061035156,34.61000061035156,34.61000061035156,0.0,0
2010-04-01,8.273364067077637,0.0,35.0099983215332,0.0,35.0099983215332,35.0099983215332,35.0099983215332,0.0,0
2010-04-05,8.365527153015137,0.0,35.400001525878906,0.0,35.400001525878906,35.400001525878906,35.400001525878906,0.0,0
2010-04-06,8.393884658813477,0.0,35.52000045776367,0.0,35.52000045776367,35.52000045776367,35.52000045776367,0.0,0
2010-04-07,8.365527153015137,0.0,35.400001525878906,0.0,35.400001525878906,35.400001525878906,35.400001525878906,0.0,0
2010-04-08,8.363162994384766,0.0,35.38999938964844,0.0,35.38999938964844,35.38999938964844,35.38999938964844,0.0,0
2010-04-09,8.415153503417969,0.0,35.61000061035156,0.0,35.61000061035156,35.61000061035156,35.61000061035156,0.0,0
2010-04-12,8.431694030761719,0.0,35.68000030517578,0.0,35.68000030517578,35.68000030517578,35.68000030517578,0.0,0
2010-04-13,8.42933177947998,0.0,35.66999816894531,0.0,35.66999816894531,35.66999816894531,35.66999816894531,0.0,0
2010-04-14,8.528585433959961,0.0,36.09000015258789,0.0,36.09000015258789,36.09000015258789,36.09000015258789,0.0,0
2010-04-15,8.542762756347656,0.0,36.150001525878906,0.0,36.150001525878906,36.150001525878906,36.150001525878906,0.0,0
2010-04-16,8.436421394348145,0.0,35.70000076293945,0.0,35.70000076293945,35.70000076293945,35.70000076293945,0.0,0
2010-04-19,8.417515754699707,0.0,35.619998931884766,0.0,35.619998931884766,35.619998931884766,35.619998931884766,0.0,0
2010-04-20,8.516769409179688,0.0,36.040000915527344,0.0,36.040000915527344,36.040000915527344,36.040000915527344,0.0,0
2010-04-21,8.545126914978027,0.0,36.15999984741211,0.0,36.15999984741211,36.15999984741211,36.15999984741211,0.0,0
2010-04-22,8.58530044555664,0.0,36.33000183105469,0.0,36.33000183105469,36.33000183105469,36.33000183105469,0.0,0
2010-04-23,8.65855598449707,0.0,36.63999938964844,0.0,36.63999938964844,36.63999938964844,36.63999938964844,0.0,0
2010-04-26,8.627835273742676,0.0,36.5099983215332,0.0,36.5099983215332,36.5099983215332,36.5099983215332,0.0,0
2010-04-27,8.415153503417969,0.0,35.61000061035156,0.0,35.61000061035156,35.61000061035156,35.61000061035156,0.0,0
2010-04-28,8.419878005981445,0.0,35.630001068115234,0.0,35.630001068115234,35.630001068115234,35.630001068115234,0.0,0
2010-04-29,8.52149486541748,0.0,36.060001373291016,0.0,36.060001373291016,36.060001373291016,36.060001373291016,0.0,0
2010-04-30,8.387381553649902,0.0,35.459999084472656,0.033,35.459999084472656,35.459999084472656,35.459999084472656,0.0,0
2010-05-03,8.46070671081543,0.0,35.77000045776367,0.0,35.77000045776367,35.77000045776367,35.77000045776367,0.0,0
2010-05-04,8.243099212646484,0.0,34.849998474121094,0.0,34.849998474121094,34.849998474121094,34.849998474121094,0.0,0
2010-05-05,8.16031265258789,0.0,34.5,0.0,34.5,34.5,34.5,0.0,0
2010-05-06,7.928511619567871,0.0,33.52000045776367,0.0,33.52000045776367,33.52000045776367,33.52000045776367,0.0,0
2010-05-07,7.779497146606445,0.0,32.88999938964844,0.0,32.88999938964844,32.88999938964844,32.88999938964844,0.0,0
2010-05-10,8.110639572143555,0.0,34.290000915527344,0.0,34.290000915527344,34.290000915527344,34.290000915527344,0.0,0
2010-05-11,8.113004684448242,0.0,34.29999923706055,0.0,34.29999923706055,34.29999923706055,34.29999923706055,0.0,0
2010-05-12,8.243099212646484,0.0,34.849998474121094,0.0,34.849998474121094,34.849998474121094,34.849998474121094,0.0,0
2010-05-13,8.174505233764648,0.0,34.560001373291016,0.0,34.560001373291016,34.560001373291016,34.560001373291016,0.0,0
2010-05-14,8.032586097717285,0.0,33.959999084472656,0.0,33.959999084472656,33.959999084472656,33.959999084472656,0.0,0
2010-05-17,8.030221939086914,0.0,33.95000076293945,0.0,33.95000076293945,33.95000076293945,33.95000076293945,0.0,0
2010-05-18,7.921416282653809,0.0,33.4900016784668,0.0,33.4900016784668,33.4900016784668,33.4900016784668,0.0,0
2010-05-19,7.871743679046631,0.0,33.279998779296875,0.0,33.279998779296875,33.279998779296875,33.279998779296875,0.0,0
2010-05-20,7.606831073760986,0.0,32.15999984741211,0.0,32.15999984741211,32.15999984741211,32.15999984741211,0.0,0
2010-05-21,7.670693397521973,0.0,32.43000030517578,0.0,32.43000030517578,32.43000030517578,32.43000030517578,0.0,0
2010-05-24,7.611561298370361,0.0,32.18000030517578,0.0,32.18000030517578,32.18000030517578,32.18000030517578,0.0,0
2010-05-25,7.566618919372559,0.0,31.989999771118164,0.0,31.989999771118164,31.989999771118164,31.989999771118164,0.0,0
2010-05-26,7.547696113586426,0.0,31.90999984741211,0.0,31.90999984741211,31.90999984741211,31.90999984741211,0.0,0
2010-05-27,7.796054840087891,0.0,32.959999084472656,0.0,32.959999084472656,32.959999084472656,32.959999084472656,0.0,0
2010-05-28,7.739287853240967,0.0,32.720001220703125,0.0,32.720001220703125,32.720001220703125,32.720001220703125,0.0,0
2010-06-01,7.613926410675049,0.0,32.189998626708984,0.0,32.189998626708984,32.189998626708984,32.189998626708984,0.0,0
2010-06-02,7.772401809692383,0.0,32.86000061035156,0.0,32.86000061035156,32.86000061035156,32.86000061035156,0.0,0
2010-06-03,7.82916784286499,0.0,33.099998474121094,0.0,33.099998474121094,33.099998474121094,33.099998474121094,0.0,0
2010-06-04,7.578446865081787,0.0,32.040000915527344,0.0,32.040000915527344,32.040000915527344,32.040000915527344,0.0,0
2010-06-07,7.448355674743652,0.0,31.489999771118164,0.0,31.489999771118164,31.489999771118164,31.489999771118164,0.0,0
2010-06-08,7.4743733406066895,0.0,31.600000381469727,0.0,31.600000381469727,31.600000381469727,31.600000381469727,0.0,0
2010-06-09,7.481466770172119,0.0,31.6299991607666,0.0,31.6299991607666,31.6299991607666,31.6299991607666,0.0,0
2010-06-10,7.6801557540893555,0.0,32.470001220703125,0.0,32.470001220703125,32.470001220703125,32.470001220703125,0.0,0
2010-06-11,7.725096225738525,0.0,32.65999984741211,0.0,32.65999984741211,32.65999984741211,32.65999984741211,0.0,0
2010-06-14,7.767672538757324,0.0,32.84000015258789,0.0,32.84000015258789,32.84000015258789,32.84000015258789,0.0,0
2010-06-15,7.909588813781738,0.0,33.439998626708984,0.0,33.439998626708984,33.439998626708984,33.439998626708984,0.0,0
2010-06-16,7.874109745025635,0.0,33.290000915527344,0.0,33.290000915527344,33.290000915527344,33.290000915527344,0.0,0
2010-06-17,7.874109745025635,0.0,33.290000915527344,0.0,33.290000915527344,33.290000915527344,33.290000915527344,0.0,0
2010-06-18,7.8906660079956055,0.0,33.36000061035156,0.0,33.36000061035156,33.36000061035156,33.36000061035156,0.0,0
2010-06-21,7.855186939239502,0.0,33.209999084472656,0.0,33.209999084472656,33.209999084472656,33.209999084472656,0.0,0
2010-06-22,7.746384143829346,0.0,32.75,0.0,32.75,32.75,32.75,0.0,0
2010-06-23,7.736921787261963,0.0,32.709999084472656,0.0,32.709999084472656,32.709999084472656,32.709999084472656,0.0,0
2010-06-24,7.630483627319336,0.0,32.2599983215332,0.0,32.2599983215332,32.2599983215332,32.2599983215332,0.0,0
2010-06-25,7.675424575805664,0.0,32.45000076293945,0.0,32.45000076293945,32.45000076293945,32.45000076293945,0.0,0
2010-06-28,7.649407386779785,0.0,32.34000015258789,0.0,32.34000015258789,32.34000015258789,32.34000015258789,0.0,0
2010-06-29,7.429434299468994,0.0,31.40999984741211,0.0,31.40999984741211,31.40999984741211,31.40999984741211,0.0,0
2010-06-30,7.370297908782959,0.0,31.15999984741211,0.0,31.15999984741211,31.15999984741211,31.15999984741211,0.0,0
2010-07-01,7.3490118980407715,0.0,31.06999969482422,0.0,31.06999969482422,31.06999969482422,31.06999969482422,0.0,0
2010-07-02,7.315896987915039,0.0,30.93000030517578,0.0,30.93000030517578,30.93000030517578,30.93000030517578,0.0,0
2010-07-06,7.318262577056885,0.0,30.940000534057617,0.0,30.940000534057617,30.940000534057617,30.940000534057617,0.0,0
2010-07-07,7.481466770172119,0.0,31.6299991607666,0.0,31.6299991607666,31.6299991607666,31.6299991607666,0.0,0
2010-07-08,7.542965888977051,0.0,31.889999389648438,0.0,31.889999389648438,31.889999389648438,31.889999389648438,0.0,0
2010-07-09,7.609193325042725,0.0,32.16999816894531,0.0,32.16999816894531,32.16999816894531,32.16999816894531,0.0,0
2010-07-12,7.576081275939941,0.0,32.029998779296875,0.0,32.029998779296875,32.029998779296875,32.029998779296875,0.0,0
2010-07-13,7.706173419952393,0.0,32.58000183105469,0.0,32.58000183105469,32.58000183105469,32.58000183105469,0.0,0
2010-07-14,7.706173419952393,0.0,32.58000183105469,0.0,32.58000183105469,32.58000183105469,32.58000183105469,0.0,0
2010-07-15,7.734555721282959,0.0,32.70000076293945,0.0,32.70000076293945,32.70000076293945,32.70000076293945,0.0,0
2010-07-16,7.554792404174805,0.0,31.940000534057617,0.0,31.940000534057617,31.940000534057617,31.940000534057617,0.0,0
2010-07-19,7.576081275939941,0.0,32.029998779296875,0.0,32.029998779296875,32.029998779296875,32.029998779296875,0.0,0
2010-07-20,7.656502723693848,0.0,32.369998931884766,0.0,32.369998931884766,32.369998931884766,32.369998931884766,0.0,0
2010-07-21,7.571351051330566,0.0,32.0099983215332,0.0,32.0099983215332,32.0099983215332,32.0099983215332,0.0,0
2010-07-22,7.736921787261963,0.0,32.709999084472656,0.0,32.709999084472656,32.709999084472656,32.709999084472656,0.0,0
2010-07-23,7.80078649520874,0.0,32.97999954223633,0.0,32.97999954223633,32.97999954223633,32.97999954223633,0.0,0
2010-07-26,7.897763252258301,0.0,33.38999938964844,0.0,33.38999938964844,33.38999938964844,33.38999938964844,0.0,0
2010-07-27,7.867013454437256,0.0,33.2599983215332,0.0,33.2599983215332,33.2599983215332,33.2599983215332,0.0,0
2010-07-28,7.7936906814575195,0.0,32.95000076293945,0.0,32.95000076293945,32.95000076293945,32.95000076293945,0.0,0
2010-07-29,7.805517673492432,0.0,33.0,0.0,33.0,33.0,33.0,0.0,0
2010-07-30,7.822072505950928,0.0,33.06999969482422,0.0,33.06999969482422,33.06999969482422,33.06999969482422,0.0,0
2010-08-02,7.963991641998291,0.0,33.66999816894531,0.0,33.66999816894531,33.66999816894531,33.66999816894531,0.0,0
2010-08-03,7.916686058044434,0.0,33.470001220703125,0.0,33.470001220703125,33.470001220703125,33.470001220703125,0.0,0
2010-08-04,7.956895351409912,0.0,33.63999938964844,0.0,33.63999938964844,33.63999938964844,33.63999938964844,0.0,0
2010-08-05,7.940338611602783,0.0,33.56999969482422,0.0,33.56999969482422,33.56999969482422,33.56999969482422,0.0,0
2010-08-06,7.928511619567871,0.0,33.52000045776367,0.0,33.52000045776367,33.52000045776367,33.52000045776367,0.0,0
2010-08-09,7.975819110870361,0.0,33.720001220703125,0.0,33.720001220703125,33.720001220703125,33.720001220703125,0.0,0
2010-08-10,7.895397186279297,0.0,33.380001068115234,0.0,33.380001068115234,33.380001068115234,33.380001068115234,0.0,0
2010-08-11,7.661233901977539,0.0,32.38999938964844,0.0,32.38999938964844,32.38999938964844,32.38999938964844,0.0,0
2010-08-12,7.628115177154541,0.0,32.25,0.0,32.25,32.25,32.25,0.0,0
2010-08-13,7.604464054107666,0.0,32.150001525878906,0.0,32.150001525878906,32.150001525878906,32.150001525878906,0.0,0
2010-08-16,7.618655681610107,0.0,32.209999084472656,0.0,32.209999084472656,32.209999084472656,32.209999084472656,0.0,0
2010-08-17,7.7038068771362305,0.0,32.56999969482422,0.0,32.56999969482422,32.56999969482422,32.56999969482422,0.0,0
2010-08-18,7.725096225738525,0.0,32.65999984741211,0.0,32.65999984741211,32.65999984741211,32.65999984741211,0.0,0
2010-08-19,7.618655681610107,0.0,32.209999084472656,0.0,32.209999084472656,32.209999084472656,32.209999084472656,0.0,0
2010-08-20,7.58554220199585,0.0,32.06999969482422,0.0,32.06999969482422,32.06999969482422,32.06999969482422,0.0,0
2010-08-23,7.557159423828125,0.0,31.950000762939453,0.0,31.950000762939453,31.950000762939453,31.950000762939453,0.0,0
2010-08-24,7.464911937713623,0.0,31.559999465942383,0.0,31.559999465942383,31.559999465942383,31.559999465942383,0.0,0
2010-08-25,7.514583587646484,0.0,31.770000457763672,0.0,31.770000457763672,31.770000457763672,31.770000457763672,0.0,0
2010-08-26,7.486196517944336,0.0,31.649999618530273,0.0,31.649999618530273,31.649999618530273,31.649999618530273,0.0,0
2010-08-27,7.611561298370361,0.0,32.18000030517578,0.0,32.18000030517578,32.18000030517578,32.18000030517578,0.0,0
2010-08-30,7.524045944213867,0.0,31.809999465942383,0.0,31.809999465942383,31.809999465942383,31.809999465942383,0.0,0
2010-08-31,7.502757549285889,0.0,31.719999313354492,0.0,31.719999313354492,31.719999313354492,31.719999313354492,0.0,0
2010-09-01,7.7038068771362305,0.0,32.56999969482422,0.0,32.56999969482422,32.56999969482422,32.56999969482422,0.0,0
2010-09-02,7.753479957580566,0.0,32.779998779296875,0.0,32.779998779296875,32.779998779296875,32.779998779296875,0.0,0
2010-09-03,7.85991907119751,0.0,33.22999954223633,0.0,33.22999954223633,33.22999954223633,33.22999954223633,0.0,0
2010-09-07,7.758209228515625,0.0,32.79999923706055,0.0,32.79999923706055,32.79999923706055,32.79999923706055,0.0,0
2010-09-08,7.798029899597168,0.0,32.900001525878906,0.068,32.900001525878906,32.900001525878906,32.900001525878906,0.0,0
2010-09-09,7.82410192489624,0.0,33.0099983215332,0.0,33.0099983215332,33.0099983215332,33.0099983215332,0.0,0
2010-09-10,7.85254430770874,0.0,33.130001068115234,0.0,33.130001068115234,33.130001068115234,33.130001068115234,0.0,0
2010-09-13,7.97105598449707,0.0,33.630001068115234,0.0,33.630001068115234,33.630001068115234,33.630001068115234,0.0,0
2010-09-14,7.982908248901367,0.0,33.68000030517578,0.0,33.68000030517578,33.68000030517578,33.68000030517578,0.0,0
2010-09-15,8.00186824798584,0.0,33.7599983215332,0.0,33.7599983215332,33.7599983215332,33.7599983215332,0.0,0
2010-09-16,7.973424434661865,0.0,33.63999938964844,0.0,33.63999938964844,33.63999938964844,33.63999938964844,0.0,0
2010-09-17,7.990016460418701,0.0,33.709999084472656,0.0,33.709999084472656,33.709999084472656,33.709999084472656,0.0,0
2010-09-20,8.115642547607422,0.0,34.2400016784668,0.0,34.2400016784668,34.2400016784668,34.2400016784668,0.0,0
2010-09-21,8.108528137207031,0.0,34.209999084472656,0.0,34.209999084472656,34.209999084472656,34.209999084472656,0.0,0
2010-09-22,8.080084800720215,0.0,34.09000015258789,0.0,34.09000015258789,34.09000015258789,34.09000015258789,0.0,0
2010-09-23,8.032681465148926,0.0,33.88999938964844,0.0,33.88999938964844,33.88999938964844,33.88999938964844,0.0,0
2010-09-24,8.18437671661377,0.0,34.529998779296875,0.0,34.529998779296875,34.529998779296875,34.529998779296875,0.0,0
2010-09-27,8.165412902832031,0.0,34.45000076293945,0.0,34.45000076293945,34.45000076293945,34.45000076293945,0.0,0
2010-09-28,8.215185165405273,0.0,34.65999984741211,0.0,34.65999984741211,34.65999984741211,34.65999984741211,0.0,0
2010-09-29,8.231780052185059,0.0,34.72999954223633,0.0,34.72999954223633,34.72999954223633,34.72999954223633,0.0,0
2010-09-30,8.219929695129395,0.0,34.68000030517578,0.0,34.68000030517578,34.68000030517578,34.68000030517578,0.0,0
2010-10-01,8.243629455566406,0.0,34.779998779296875,0.0,34.779998779296875,34.779998779296875,34.779998779296875,0.0,0
2010-10-04,8.172525405883789,0.0,34.47999954223633,0.0,34.47999954223633,34.47999954223633,34.47999954223633,0.0,0
2010-10-05,8.319478988647461,0.0,35.099998474121094,0.0,35.099998474121094,35.099998474121094,35.099998474121094,0.0,0
2010-10-06,8.305257797241211,0.0,35.040000915527344,0.0,35.040000915527344,35.040000915527344,35.040000915527344,0.0,0
2010-10-07,8.317107200622559,0.0,35.09000015258789,0.0,35.09000015258789,35.09000015258789,35.09000015258789,0.0,0
2010-10-08,8.388212203979492,0.0,35.38999938964844,0.0,35.38999938964844,35.38999938964844,35.38999938964844,0.0,0
2010-10-11,8.4095458984375,0.0,35.47999954223633,0.0,35.47999954223633,35.47999954223633,35.47999954223633,0.0,0
2010-10-12,8.411913871765137,0.0,35.4900016784668,0.0,35.4900016784668,35.4900016784668,35.4900016784668,0.0,0
2010-10-13,8.49250602722168,0.0,35.83000183105469,0.0,35.83000183105469,35.83000183105469,35.83000183105469,0.0,0
2010-10-14,8.499614715576172,0.0,35.86000061035156,0.0,35.86000061035156,35.86000061035156,35.86000061035156,0.0,0
2010-10-15,8.518576622009277,0.0,35.939998626708984,0.0,35.939998626708984,35.939998626708984,35.939998626708984,0.0,0
2010-10-18,8.558869361877441,0.0,36.11000061035156,0.0,36.11000061035156,36.11000061035156,36.11000061035156,0.0,0
2010-10-19,8.407175064086914,0.0,35.470001220703125,0.0,35.470001220703125,35.470001220703125,35.470001220703125,0.0,0
2010-10-20,8.490134239196777,0.0,35.81999969482422,0.0,35.81999969482422,35.81999969482422,35.81999969482422,0.0,0
2010-10-21,8.478283882141113,0.0,35.77000045776367,0.0,35.77000045776367,35.77000045776367,35.77000045776367,0.0,0
2010-10-22,8.523316383361816,0.0,35.959999084472656,0.0,35.959999084472656,35.959999084472656,35.959999084472656,0.0,0
2010-10-25,8.575461387634277,0.0,36.18000030517578,0.0,36.18000030517578,36.18000030517578,36.18000030517578,0.0,0
2010-10-26,8.568353652954102,0.0,36.150001525878906,0.0,36.150001525878906,36.150001525878906,36.150001525878906,0.0,0
2010-10-27,8.509096145629883,0.0,35.900001525878906,0.0,35.900001525878906,35.900001525878906,35.900001525878906,0.0,0
2010-10-28,8.520946502685547,0.0,35.95000076293945,0.0,35.95000076293945,35.95000076293945,35.95000076293945,0.0,0
2010-10-29,8.537540435791016,0.0,36.02000045776367,0.0,36.02000045776367,36.02000045776367,36.02000045776367,0.0,0
2010-11-01,8.530427932739258,0.0,35.9900016784668,0.0,35.9900016784668,35.9900016784668,35.9900016784668,0.0,0
2010-11-02,8.622868537902832,0.0,36.380001068115234,0.0,36.380001068115234,36.380001068115234,36.380001068115234,0.0,0
2010-11-03,8.620495796203613,0.0,36.369998931884766,0.0,36.369998931884766,36.369998931884766,36.369998931884766,0.0,0
2010-11-04,8.757966995239258,0.0,36.95000076293945,0.0,36.95000076293945,36.95000076293945,36.95000076293945,0.0,0
2010-11-05,8.784042358398438,0.0,37.060001373291016,0.0,37.060001373291016,37.060001373291016,37.060001373291016,0.0,0
2010-11-08,8.791153907775879,0.0,37.09000015258789,0.0,37.09000015258789,37.09000015258789,37.09000015258789,0.0,0
2010-11-09,8.743748664855957,0.0,36.88999938964844,0.0,36.88999938964844,36.88999938964844,36.88999938964844,0.0,0
2010-11-10,8.798264503479004,0.0,37.119998931884766,0.0,37.119998931884766,37.119998931884766,37.119998931884766,0.0,0
2010-11-11,8.77219009399414,0.0,37.0099983215332,0.0,37.0099983215332,37.0099983215332,37.0099983215332,0.0,0
2010-11-12,8.64656925201416,0.0,36.47999954223633,0.0,36.47999954223633,36.47999954223633,36.47999954223633,0.0,0
2010-11-15,8.629977226257324,0.0,36.40999984741211,0.0,36.40999984741211,36.40999984741211,36.40999984741211,0.0,0
2010-11-16,8.497244834899902,0.0,35.849998474121094,0.0,35.849998474121094,35.849998474121094,35.849998474121094,0.0,0
2010-11-17,8.53516960144043,0.0,36.0099983215332,0.0,36.0099983215332,36.0099983215332,36.0099983215332,0.0,0
2010-11-18,8.64656925201416,0.0,36.47999954223633,0.0,36.47999954223633,36.47999954223633,36.47999954223633,0.0,0
2010-11-19,8.670271873474121,0.0,36.58000183105469,0.0,36.58000183105469,36.58000183105469,36.58000183105469,0.0,0
2010-11-22,8.68923282623291,0.0,36.65999984741211,0.0,36.65999984741211,36.65999984741211,36.65999984741211,0.0,0
2010-11-23,8.558869361877441,0.0,36.11000061035156,0.0,36.11000061035156,36.11000061035156,36.11000061035156,0.0,0
2010-11-24,8.667900085449219,0.0,36.56999969482422,0.0,36.56999969482422,36.56999969482422,36.56999969482422,0.0,0
2010-11-26,8.622868537902832,0.0,36.380001068115234,0.0,36.380001068115234,36.380001068115234,36.380001068115234,0.0,0
2010-11-29,8.5944242477417,0.0,36.2599983215332,0.0,36.2599983215332,36.2599983215332,36.2599983215332,0.0,0
2010-11-30,8.554129600524902,0.0,36.09000015258789,0.0,36.09000015258789,36.09000015258789,36.09000015258789,0.0,0
2010-12-01,8.705824851989746,0.0,36.72999954223633,0.0,36.72999954223633,36.72999954223633,36.72999954223633,0.0,0
2010-12-02,8.819596290588379,0.0,37.209999084472656,0.0,37.209999084472656,37.209999084472656,37.209999084472656,0.0,0
2010-12-03,8.866998672485352,0.0,37.40999984741211,0.0,37.40999984741211,37.40999984741211,37.40999984741211,0.0,0
2010-12-06,8.876482009887695,0.0,37.45000076293945,0.0,37.45000076293945,37.45000076293945,37.45000076293945,0.0,0
2010-12-07,8.895441055297852,0.0,37.529998779296875,0.0,37.529998779296875,37.529998779296875,37.529998779296875,0.0,0
2010-12-08,8.895441055297852,0.0,37.529998779296875,0.0,37.529998779296875,37.529998779296875,37.529998779296875,0.0,0
2010-12-09,8.904922485351562,0.0,37.56999969482422,0.0,37.56999969482422,37.56999969482422,37.56999969482422,0.0,0
2010-12-10,8.957191467285156,0.0,37.70000076293945,0.09,37.70000076293945,37.70000076293945,37.70000076293945,0.0,0
2010-12-13,8.96669864654541,0.0,37.7400016784668,0.0,37.7400016784668,37.7400016784668,37.7400016784668,0.0,0
2010-12-14,8.978574752807617,0.0,37.790000915527344,0.0,37.790000915527344,37.790000915527344,37.790000915527344,0.0,0
2010-12-15,8.91442584991455,0.0,37.52000045776367,0.0,37.52000045776367,37.52000045776367,37.52000045776367,0.0,0
2010-12-16,8.976201057434082,0.0,37.779998779296875,0.0,37.779998779296875,37.779998779296875,37.779998779296875,0.0,0
2010-12-17,8.976201057434082,0.0,37.779998779296875,0.0,37.779998779296875,37.779998779296875,37.779998779296875,0.0,0
2010-12-20,8.980952262878418,0.0,37.79999923706055,0.0,37.79999923706055,37.79999923706055,37.79999923706055,0.0,0
2010-12-21,9.037976264953613,0.0,38.040000915527344,0.0,38.040000915527344,38.040000915527344,38.040000915527344,0.0,0
2010-12-22,9.068861961364746,0.0,38.16999816894531,0.0,38.16999816894531,38.16999816894531,38.16999816894531,0.0,0
2010-12-23,9.078365325927734,0.0,38.209999084472656,0.0,38.209999084472656,38.209999084472656,38.209999084472656,0.0,0
2010-12-27,9.078365325927734,0.0,38.209999084472656,0.0,38.209999084472656,38.209999084472656,38.209999084472656,0.0,0
2010-12-28,9.078365325927734,0.0,38.209999084472656,0.0,38.209999084472656,38.209999084472656,38.209999084472656,0.0,0
2010-12-29,9.11400318145752,0.0,38.36000061035156,0.0,38.36000061035156,38.36000061035156,38.36000061035156,0.0,0
2010-12-30,9.123504638671875,0.0,38.400001525878906,0.0,38.400001525878906,38.400001525878906,38.400001525878906,0.0,0
2010-12-31,9.118754386901855,0.0,38.380001068115234,0.0,38.380001068115234,38.380001068115234,38.380001068115234,0.0,0
2011-01-03,9.21379280090332,0.0,38.779998779296875,0.0,38.779998779296875,38.779998779296875,38.779998779296875,0.0,0
2011-01-04,9.156769752502441,0.0,38.540000915527344,0.0,38.540000915527344,38.540000915527344,38.540000915527344,0.0,0
2011-01-05,9.173401832580566,0.0,38.61000061035156,0.0,38.61000061035156,38.61000061035156,38.61000061035156,0.0,0
2011-01-06,9.154394149780273,0.0,38.529998779296875,0.0,38.529998779296875,38.529998779296875,38.529998779296875,0.0,0
2011-01-07,9.144889831542969,0.0,38.4900016784668,0.0,38.4900016784668,38.4900016784668,38.4900016784668,0.0,0
2011-01-10,9.144889831542969,0.0,38.4900016784668,0.0,38.4900016784668,38.4900016784668,38.4900016784668,0.0,0
2011-01-11,9.185279846191406,0.0,38.65999984741211,0.0,38.65999984741211,38.65999984741211,38.65999984741211,0.0,0
2011-01-12,9.24467945098877,0.0,38.90999984741211,0.0,38.90999984741211,38.90999984741211,38.90999984741211,0.0,0
2011-01-13,9.256560325622559,0.0,38.959999084472656,0.0,38.959999084472656,38.959999084472656,38.959999084472656,0.0,0
2011-01-14,9.313581466674805,0.0,39.20000076293945,0.0,39.20000076293945,39.20000076293945,39.20000076293945,0.0,0
2011-01-18,9.342092514038086,0.0,39.31999969482422,0.0,39.31999969482422,39.31999969482422,39.31999969482422,0.0,0
2011-01-19,9.256560325622559,0.0,38.959999084472656,0.0,38.959999084472656,38.959999084472656,38.959999084472656,0.0,0
2011-01-20,9.192408561706543,0.0,38.689998626708984,0.0,38.689998626708984,38.689998626708984,38.689998626708984,0.0,0
2011-01-21,9.18052864074707,0.0,38.63999938964844,0.0,38.63999938964844,38.63999938964844,38.63999938964844,0.0,0
2011-01-24,9.21854305267334,0.0,38.79999923706055,0.0,38.79999923706055,38.79999923706055,38.79999923706055,0.0,0
2011-01-25,9.237548828125,0.0,38.880001068115234,0.0,38.880001068115234,38.880001068115234,38.880001068115234,0.0,0
2011-01-26,9.313581466674805,0.0,39.20000076293945,0.0,39.20000076293945,39.20000076293945,39.20000076293945,0.0,0
2011-01-27,9.365848541259766,0.0,39.41999816894531,0.0,39.41999816894531,39.41999816894531,39.41999816894531,0.0,0
2011-01-28,9.204289436340332,0.0,38.7400016784668,0.0,38.7400016784668,38.7400016784668,38.7400016784668,0.0,0
2011-01-31,9.2399263381958,0.0,38.88999938964844,0.0,38.88999938964844,38.88999938964844,38.88999938964844,0.0,0
2011-02-01,9.40623950958252,0.0,39.59000015258789,0.0,39.59000015258789,39.59000015258789,39.59000015258789,0.0,0
2011-02-02,9.377728462219238,0.0,39.470001220703125,0.0,39.470001220703125,39.470001220703125,39.470001220703125,0.0,0
2011-02-03,9.396738052368164,0.0,39.54999923706055,0.0,39.54999923706055,39.54999923706055,39.54999923706055,0.0,0
2011-02-04,9.432374954223633,0.0,39.70000076293945,0.0,39.70000076293945,39.70000076293945,39.70000076293945,0.0,0
2011-02-07,9.470389366149902,0.0,39.86000061035156,0.0,39.86000061035156,39.86000061035156,39.86000061035156,0.0,0
2011-02-08,9.501276969909668,0.0,39.9900016784668,0.0,39.9900016784668,39.9900016784668,39.9900016784668,0.0,0
2011-02-09,9.47989559173584,0.0,39.900001525878906,0.0,39.900001525878906,39.900001525878906,39.900001525878906,0.0,0
2011-02-10,9.472766876220703,0.0,39.869998931884766,0.0,39.869998931884766,39.869998931884766,39.869998931884766,0.0,0
2011-02-11,9.51315689086914,0.0,40.040000915527344,0.0,40.040000915527344,40.040000915527344,40.040000915527344,0.0,0
2011-02-14,9.546417236328125,0.0,40.18000030517578,0.0,40.18000030517578,40.18000030517578,40.18000030517578,0.0,0
2011-02-15,9.51315689086914,0.0,40.040000915527344,0.0,40.040000915527344,40.040000915527344,40.040000915527344,0.0,0
2011-02-16,9.589186668395996,0.0,40.36000061035156,0.0,40.36000061035156,40.36000061035156,40.36000061035156,0.0,0
2011-02-17,9.627198219299316,0.0,40.52000045776367,0.0,40.52000045776367,40.52000045776367,40.52000045776367,0.0,0
2011-02-18,9.66758918762207,0.0,40.689998626708984,0.0,40.689998626708984,40.689998626708984,40.689998626708984,0.0,0
2011-02-22,9.472766876220703,0.0,39.869998931884766,0.0,39.869998931884766,39.869998931884766,39.869998931884766,0.0,0
2011-02-23,9.399114608764648,0.0,39.560001373291016,0.0,39.560001373291016,39.560001373291016,39.560001373291016,0.0,0
2011-02-24,9.399114608764648,0.0,39.560001373291016,0.0,39.560001373291016,39.560001373291016,39.560001373291016,0.0,0
2011-02-25,9.527410507202148,0.0,40.099998474121094,0.0,40.099998474121094,40.099998474121094,40.099998474121094,0.0,0
2011-02-28,9.570178031921387,0.0,40.279998779296875,0.0,40.279998779296875,40.279998779296875,40.279998779296875,0.0,0
2011-03-01,9.47989559173584,0.0,39.900001525878906,0.0,39.900001525878906,39.900001525878906,39.900001525878906,0.0,0
2011-03-02,9.50365161895752,0.0,40.0,0.0,40.0,40.0,40.0,0.0,0
2011-03-03,9.629575729370117,0.0,40.529998779296875,0.0,40.529998779296875,40.529998779296875,40.529998779296875,0.0,0
2011-03-04,9.596312522888184,0.0,40.38999938964844,0.0,40.38999938964844,40.38999938964844,40.38999938964844,0.0,0
2011-03-07,9.532164573669434,0.0,40.119998931884766,0.0,40.119998931884766,40.119998931884766,40.119998931884766,0.0,0
2011-03-08,9.584434509277344,0.0,40.34000015258789,0.0,40.34000015258789,40.34000015258789,40.34000015258789,0.0,0
2011-03-09,9.593936920166016,0.0,40.380001068115234,0.0,40.380001068115234,40.380001068115234,40.380001068115234,0.0,0
2011-03-10,9.429998397827148,0.0,39.689998626708984,0.0,39.689998626708984,39.689998626708984,39.689998626708984,0.0,0
2011-03-11,9.434751510620117,0.0,39.709999084472656,0.0,39.709999084472656,39.709999084472656,39.709999084472656,0.0,0
2011-03-14,9.330211639404297,0.0,39.27000045776367,0.0,39.27000045776367,39.27000045776367,39.27000045776367,0.0,0
2011-03-15,9.223296165466309,0.0,38.81999969482422,0.0,38.81999969482422,38.81999969482422,38.81999969482422,0.0,0
2011-03-16,9.104497909545898,0.0,38.31999969482422,0.0,38.31999969482422,38.31999969482422,38.31999969482422,0.0,0
2011-03-17,9.21379280090332,0.0,38.779998779296875,0.0,38.779998779296875,38.779998779296875,38.779998779296875,0.0,0
2011-03-18,9.282691955566406,0.0,39.06999969482422,0.0,39.06999969482422,39.06999969482422,39.06999969482422,0.0,0
2011-03-21,9.429998397827148,0.0,39.689998626708984,0.0,39.689998626708984,39.689998626708984,39.689998626708984,0.0,0
2011-03-22,9.42049503326416,0.0,39.650001525878906,0.0,39.650001525878906,39.650001525878906,39.650001525878906,0.0,0
2011-03-23,9.439502716064453,0.0,39.72999954223633,0.0,39.72999954223633,39.72999954223633,39.72999954223633,0.0,0
2011-03-24,9.532164573669434,0.0,40.119998931884766,0.0,40.119998931884766,40.119998931884766,40.119998931884766,0.0,0
2011-03-25,9.546417236328125,0.0,40.18000030517578,0.0,40.18000030517578,40.18000030517578,40.18000030517578,0.0,0
2011-03-28,9.520285606384277,0.0,40.06999969482422,0.0,40.06999969482422,40.06999969482422,40.06999969482422,0.0,0
2011-03-29,9.577305793762207,0.0,40.310001373291016,0.0,40.310001373291016,40.310001373291016,40.310001373291016,0.0,0
2011-03-30,9.67471981048584,0.0,40.720001220703125,0.0,40.720001220703125,40.720001220703125,40.720001220703125,0.0,0
2011-03-31,9.684219360351562,0.0,40.7599983215332,0.0,40.7599983215332,40.7599983215332,40.7599983215332,0.0,0
2011-04-01,9.745994567871094,0.0,41.02000045776367,0.0,41.02000045776367,41.02000045776367,41.02000045776367,0.0,0
2011-04-04,9.75074577331543,0.0,41.040000915527344,0.0,41.040000915527344,41.040000915527344,41.040000915527344,0.0,0
2011-04-05,9.774505615234375,0.0,41.13999938964844,0.0,41.13999938964844,41.13999938964844,41.13999938964844,0.0,0
2011-04-06,9.805395126342773,0.0,41.27000045776367,0.0,41.27000045776367,41.27000045776367,41.27000045776367,0.0,0
2011-04-07,9.786383628845215,0.0,41.189998626708984,0.0,41.189998626708984,41.189998626708984,41.189998626708984,0.0,0
2011-04-08,9.77925968170166,0.0,41.15999984741211,0.0,41.15999984741211,41.15999984741211,41.15999984741211,0.0,0
2011-04-11,9.757875442504883,0.0,41.06999969482422,0.0,41.06999969482422,41.06999969482422,41.06999969482422,0.0,0
2011-04-12,9.696101188659668,0.0,40.810001373291016,0.0,40.810001373291016,40.810001373291016,40.810001373291016,0.0,0
2011-04-13,9.731739044189453,0.0,40.959999084472656,0.0,40.959999084472656,40.959999084472656,40.959999084472656,0.0,0
2011-04-14,9.757875442504883,0.0,41.06999969482422,0.0,41.06999969482422,41.06999969482422,41.06999969482422,0.0,0
2011-04-15,9.805395126342773,0.0,41.27000045776367,0.0,41.27000045776367,41.27000045776367,41.27000045776367,0.0,0
2011-04-18,9.686599731445312,0.0,40.77000045776367,0.0,40.77000045776367,40.77000045776367,40.77000045776367,0.0,0
2011-04-19,9.71986198425293,0.0,40.90999984741211,0.0,40.90999984741211,40.90999984741211,40.90999984741211,0.0,0
2011-04-20,9.864790916442871,0.0,41.52000045776367,0.0,41.52000045776367,41.52000045776367,41.52000045776367,0.0,0
2011-04-21,9.938446044921875,0.0,41.83000183105469,0.0,41.83000183105469,41.83000183105469,41.83000183105469,0.0,0
2011-04-25,9.931316375732422,0.0,41.79999923706055,0.0,41.79999923706055,41.79999923706055,41.79999923706055,0.0,0
2011-04-26,9.993093490600586,0.0,42.060001373291016,0.0,42.060001373291016,42.060001373291016,42.060001373291016,0.0,0
2011-04-27,10.045361518859863,0.0,42.279998779296875,0.0,42.279998779296875,42.279998779296875,42.279998779296875,0.0,0
2011-04-28,10.102383613586426,0.0,42.52000045776367,0.0,42.52000045776367,42.52000045776367,42.52000045776367,0.0,0
2011-04-29,10.11426067352295,0.0,42.56999969482422,0.0,42.56999969482422,42.56999969482422,42.56999969482422,0.0,0
2011-05-02,10.092880249023438,0.0,42.47999954223633,0.0,42.47999954223633,42.47999954223633,42.47999954223633,0.0,0
2011-05-03,10.019225120544434,0.0,42.16999816894531,0.0,42.16999816894531,42.16999816894531,42.16999816894531,0.0,0
2011-05-04,9.955078125,0.0,41.900001525878906,0.0,41.900001525878906,41.900001525878906,41.900001525878906,0.0,0
2011-05-05,9.902807235717773,0.0,41.68000030517578,0.0,41.68000030517578,41.68000030517578,41.68000030517578,0.0,0
2011-05-06,9.928943634033203,0.0,41.790000915527344,0.0,41.790000915527344,41.790000915527344,41.790000915527344,0.0,0
2011-05-09,9.98121452331543,0.0,42.0099983215332,0.0,42.0099983215332,42.0099983215332,42.0099983215332,0.0,0
2011-05-10,10.088128089904785,0.0,42.459999084472656,0.0,42.459999084472656,42.459999084472656,42.459999084472656,0.0,0
2011-05-11,10.016849517822266,0.0,42.15999984741211,0.0,42.15999984741211,42.15999984741211,42.15999984741211,0.0,0
2011-05-12,10.023978233337402,0.0,42.189998626708984,0.0,42.189998626708984,42.189998626708984,42.189998626708984,0.0,0
2011-05-13,9.952702522277832,0.0,41.88999938964844,0.0,41.88999938964844,41.88999938964844,41.88999938964844,0.0,0
2011-05-16,9.886174201965332,0.0,41.61000061035156,0.0,41.61000061035156,41.61000061035156,41.61000061035156,0.0,0
2011-05-17,9.848160743713379,0.0,41.45000076293945,0.0,41.45000076293945,41.45000076293945,41.45000076293945,0.0,0
2011-05-18,9.933692932128906,0.0,41.810001373291016,0.0,41.810001373291016,41.810001373291016,41.810001373291016,0.0,0
2011-05-19,9.955078125,0.0,41.900001525878906,0.0,41.900001525878906,41.900001525878906,41.900001525878906,0.0,0
2011-05-20,9.881422996520996,0.0,41.59000015258789,0.0,41.59000015258789,41.59000015258789,41.59000015258789,0.0,0
2011-05-23,9.748372077941895,0.0,41.029998779296875,0.0,41.029998779296875,41.029998779296875,41.029998779296875,0.0,0
2011-05-24,9.748372077941895,0.0,41.029998779296875,0.0,41.029998779296875,41.029998779296875,41.029998779296875,0.0,0
2011-05-25,9.767378807067871,0.0,41.11000061035156,0.0,41.11000061035156,41.11000061035156,41.11000061035156,0.0,0
2011-05-26,9.841032028198242,0.0,41.41999816894531,0.0,41.41999816894531,41.41999816894531,41.41999816894531,0.0,0
2011-05-27,9.89567756652832,0.0,41.650001525878906,0.0,41.650001525878906,41.650001525878906,41.650001525878906,0.0,0
2011-05-31,9.997842788696289,0.0,42.08000183105469,0.0,42.08000183105469,42.08000183105469,42.08000183105469,0.0,0
2011-06-01,9.826777458190918,0.0,41.36000061035156,0.0,41.36000061035156,41.36000061035156,41.36000061035156,0.0,0
2011-06-02,9.826777458190918,0.0,41.36000061035156,0.0,41.36000061035156,41.36000061035156,41.36000061035156,0.0,0
2011-06-03,9.755500793457031,0.0,41.060001373291016,0.0,41.060001373291016,41.060001373291016,41.060001373291016,0.0,0
2011-06-06,9.643832206726074,0.0,40.59000015258789,0.0,40.59000015258789,40.59000015258789,40.59000015258789,0.0,0
2011-06-07,9.66283893585205,0.0,40.66999816894531,0.0,40.66999816894531,40.66999816894531,40.66999816894531,0.0,0
2011-06-08,9.584434509277344,0.0,40.34000015258789,0.0,40.34000015258789,40.34000015258789,40.34000015258789,0.0,0
2011-06-09,9.655712127685547,0.0,40.63999938964844,0.0,40.63999938964844,40.63999938964844,40.63999938964844,0.0,0
2011-06-10,9.527410507202148,0.0,40.099998474121094,0.0,40.099998474121094,40.099998474121094,40.099998474121094,0.0,0
2011-06-13,9.541666984558105,0.0,40.15999984741211,0.0,40.15999984741211,40.15999984741211,40.15999984741211,0.0,0
2011-06-14,9.658086776733398,0.0,40.650001525878906,0.0,40.650001525878906,40.650001525878906,40.650001525878906,0.0,0
2011-06-15,9.510781288146973,0.0,40.029998779296875,0.0,40.029998779296875,40.029998779296875,40.029998779296875,0.0,0
2011-06-16,9.489394187927246,0.0,39.939998626708984,0.0,39.939998626708984,39.939998626708984,39.939998626708984,0.0,0
2011-06-17,9.515531539916992,0.0,40.04999923706055,0.0,40.04999923706055,40.04999923706055,40.04999923706055,0.0,0
2011-06-20,9.565424919128418,0.0,40.2599983215332,0.0,40.2599983215332,40.2599983215332,40.2599983215332,0.0,0
2011-06-21,9.724615097045898,0.0,40.93000030517578,0.0,40.93000030517578,40.93000030517578,40.93000030517578,0.0,0
2011-06-22,9.67471981048584,0.0,40.720001220703125,0.0,40.720001220703125,40.720001220703125,40.720001220703125,0.0,0
2011-06-23,9.658086776733398,0.0,40.650001525878906,0.0,40.650001525878906,40.650001525878906,40.650001525878906,0.0,0
2011-06-24,9.582056045532227,0.0,40.33000183105469,0.0,40.33000183105469,40.33000183105469,40.33000183105469,0.0,0
2011-06-27,9.617696762084961,0.0,40.47999954223633,0.0,40.47999954223633,40.47999954223633,40.47999954223633,0.0,0
2011-06-28,9.734116554260254,0.0,40.970001220703125,0.0,40.970001220703125,40.970001220703125,40.970001220703125,0.0,0
2011-06-29,9.807768821716309,0.0,41.279998779296875,0.0,41.279998779296875,41.279998779296875,41.279998779296875,0.0,0
2011-06-30,9.898056983947754,0.0,41.65999984741211,0.0,41.65999984741211,41.65999984741211,41.65999984741211,0.0,0
2011-07-01,10.023978233337402,0.0,42.189998626708984,0.0,42.189998626708984,42.189998626708984,42.189998626708984,0.0,0
2011-07-05,10.002593994140625,0.0,42.099998474121094,0.0,42.099998474121094,42.099998474121094,42.099998474121094,0.0,0
2011-07-06,10.023978233337402,0.0,42.189998626708984,0.0,42.189998626708984,42.189998626708984,42.189998626708984,0.0,0
2011-07-07,10.107136726379395,0.0,42.540000915527344,0.0,42.540000915527344,42.540000915527344,42.540000915527344,0.0,0
2011-07-08,10.057241439819336,0.0,42.33000183105469,0.0,42.33000183105469,42.33000183105469,42.33000183105469,0.0,0
2011-07-11,9.886174201965332,0.0,41.61000061035156,0.0,41.61000061035156,41.61000061035156,41.61000061035156,0.0,0
2011-07-12,9.876672744750977,0.0,41.56999969482422,0.0,41.56999969482422,41.56999969482422,41.56999969482422,0.0,0
2011-07-13,9.950326919555664,0.0,41.880001068115234,0.0,41.880001068115234,41.880001068115234,41.880001068115234,0.0,0
2011-07-14,9.874295234680176,0.0,41.560001373291016,0.0,41.560001373291016,41.560001373291016,41.560001373291016,0.0,0
2011-07-15,9.893302917480469,0.0,41.63999938964844,0.0,41.63999938964844,41.63999938964844,41.63999938964844,0.0,0
2011-07-18,9.795889854431152,0.0,41.22999954223633,0.0,41.22999954223633,41.22999954223633,41.22999954223633,0.0,0
2011-07-19,9.90755558013916,0.0,41.70000076293945,0.0,41.70000076293945,41.70000076293945,41.70000076293945,0.0,0
2011-07-20,9.919439315795898,0.0,41.75,0.0,41.75,41.75,41.75,0.0,0
2011-07-21,9.974081993103027,0.0,41.97999954223633,0.0,41.97999954223633,41.97999954223633,41.97999954223633,0.0,0
2011-07-22,9.976460456848145,0.0,41.9900016784668,0.0,41.9900016784668,41.9900016784668,41.9900016784668,0.0,0
2011-07-25,9.919439315795898,0.0,41.75,0.0,41.75,41.75,41.75,0.0,0
2011-07-26,9.921812057495117,0.0,41.7599983215332,0.0,41.7599983215332,41.7599983215332,41.7599983215332,0.0,0
2011-07-27,9.729364395141602,0.0,40.95000076293945,0.0,40.95000076293945,40.95000076293945,40.95000076293945,0.0,0
2011-07-28,9.71986198425293,0.0,40.90999984741211,0.0,40.90999984741211,40.90999984741211,40.90999984741211,0.0,0
2011-07-29,9.66283893585205,0.0,40.66999816894531,0.0,40.66999816894531,40.66999816894531,40.66999816894531,0.0,0
2011-08-01,9.579683303833008,0.0,40.31999969482422,0.0,40.31999969482422,40.31999969482422,40.31999969482422,0.0,0
2011-08-02,9.38248062133789,0.0,39.4900016784668,0.0,39.4900016784668,39.4900016784668,39.4900016784668,0.0,0
2011-08-03,9.40623950958252,0.0,39.59000015258789,0.0,39.59000015258789,39.59000015258789,39.59000015258789,0.0,0
2011-08-04,8.988080024719238,0.0,37.83000183105469,0.0,37.83000183105469,37.83000183105469,37.83000183105469,0.0,0
2011-08-05,8.942936897277832,0.0,37.63999938964844,0.0,37.63999938964844,37.63999938964844,37.63999938964844,0.0,0
2011-08-08,8.377470970153809,0.0,35.2599983215332,0.0,35.2599983215332,35.2599983215332,35.2599983215332,0.0,0
2011-08-09,8.705345153808594,0.0,36.63999938964844,0.0,36.63999938964844,36.63999938964844,36.63999938964844,0.0,0
2011-08-10,8.429739952087402,0.0,35.47999954223633,0.0,35.47999954223633,35.47999954223633,35.47999954223633,0.0,0
2011-08-11,8.740984916687012,0.0,36.790000915527344,0.0,36.790000915527344,36.790000915527344,36.790000915527344,0.0,0
2011-08-12,8.778999328613281,0.0,36.95000076293945,0.0,36.95000076293945,36.95000076293945,36.95000076293945,0.0,0
2011-08-15,8.94056224822998,0.0,37.630001068115234,0.0,37.630001068115234,37.630001068115234,37.630001068115234,0.0,0
2011-08-16,8.86928653717041,0.0,37.33000183105469,0.0,37.33000183105469,37.33000183105469,37.33000183105469,0.0,0
2011-08-17,8.852651596069336,0.0,37.2599983215332,0.0,37.2599983215332,37.2599983215332,37.2599983215332,0.0,0
2011-08-18,8.503395080566406,0.0,35.790000915527344,0.0,35.790000915527344,35.790000915527344,35.790000915527344,0.0,0
2011-08-19,8.391724586486816,0.0,35.31999969482422,0.0,35.31999969482422,35.31999969482422,35.31999969482422,0.0,0
2011-08-22,8.405980110168457,0.0,35.380001068115234,0.0,35.380001068115234,35.380001068115234,35.380001068115234,0.0,0
2011-08-23,8.643570899963379,0.0,36.380001068115234,0.0,36.380001068115234,36.380001068115234,36.380001068115234,0.0,0
2011-08-24,8.717225074768066,0.0,36.689998626708984,0.0,36.689998626708984,36.689998626708984,36.689998626708984,0.0,0
2011-08-25,8.555665969848633,0.0,36.0099983215332,0.0,36.0099983215332,36.0099983215332,36.0099983215332,0.0,0
2011-08-26,8.688714981079102,0.0,36.56999969482422,0.0,36.56999969482422,36.56999969482422,36.56999969482422,0.0,0
2011-08-29,8.947688102722168,0.0,37.65999984741211,0.0,37.65999984741211,37.65999984741211,37.65999984741211,0.0,0
2011-08-30,8.992831230163574,0.0,37.849998474121094,0.0,37.849998474121094,37.849998474121094,37.849998474121094,0.0,0
2011-08-31,9.056982040405273,0.0,38.119998931884766,0.0,38.119998931884766,38.119998931884766,38.119998931884766,0.0,0
2011-09-01,8.947688102722168,0.0,37.65999984741211,0.0,37.65999984741211,37.65999984741211,37.65999984741211,0.0,0
2011-09-02,8.750487327575684,0.0,36.83000183105469,0.0,36.83000183105469,36.83000183105469,36.83000183105469,0.0,0
2011-09-06,8.638821601867676,0.0,36.36000061035156,0.0,36.36000061035156,36.36000061035156,36.36000061035156,0.0,0
2011-09-07,8.883538246154785,0.0,37.38999938964844,0.0,37.38999938964844,37.38999938964844,37.38999938964844,0.0,0
2011-09-08,8.778999328613281,0.0,36.95000076293945,0.0,36.95000076293945,36.95000076293945,36.95000076293945,0.0,0
2011-09-09,8.57427978515625,0.0,33.79999923706055,2.343,33.79999923706055,33.79999923706055,33.79999923706055,0.0,0
2011-09-12,8.58950138092041,0.0,33.86000061035156,0.0,33.86000061035156,33.86000061035156,33.86000061035156,0.0,0
2011-09-13,8.678288459777832,0.0,34.209999084472656,0.0,34.209999084472656,34.209999084472656,34.209999084472656,0.0,0
2011-09-14,8.76707649230957,0.0,34.560001373291016,0.0,34.560001373291016,34.560001373291016,34.560001373291016,0.0,0
2011-09-15,8.909133911132812,0.0,35.119998931884766,0.0,35.119998931884766,35.119998931884766,35.119998931884766,0.0,0
2011-09-16,8.934505462646484,0.0,35.220001220703125,0.0,35.220001220703125,35.220001220703125,35.220001220703125,0.0,0
2011-09-19,8.810202598571777,0.0,34.72999954223633,0.0,34.72999954223633,34.72999954223633,34.72999954223633,0.0,0
2011-09-20,8.741708755493164,0.0,34.459999084472656,0.0,34.459999084472656,34.459999084472656,34.459999084472656,0.0,0
2011-09-21,8.528621673583984,0.0,33.619998931884766,0.0,33.619998931884766,33.619998931884766,33.619998931884766,0.0,0
2011-09-22,8.29523754119873,0.0,32.70000076293945,0.0,32.70000076293945,32.70000076293945,32.70000076293945,0.0,0
2011-09-23,8.340902328491211,0.0,32.880001068115234,0.0,32.880001068115234,32.880001068115234,32.880001068115234,0.0,0
2011-09-26,8.470276832580566,0.0,33.38999938964844,0.0,33.38999938964844,33.38999938964844,33.38999938964844,0.0,0
2011-09-27,8.59457778930664,0.0,33.880001068115234,0.0,33.880001068115234,33.880001068115234,33.880001068115234,0.0,0
2011-09-28,8.437294960021973,0.0,33.2599983215332,0.0,33.2599983215332,33.2599983215332,33.2599983215332,0.0,0
2011-09-29,8.49818229675293,0.0,33.5,0.0,33.5,33.5,33.5,0.0,0
2011-09-30,8.32060432434082,0.0,32.79999923706055,0.0,32.79999923706055,32.79999923706055,32.79999923706055,0.0,0
2011-10-03,8.028875350952148,0.0,31.649999618530273,0.0,31.649999618530273,31.649999618530273,31.649999618530273,0.0,0
2011-10-04,8.201376914978027,0.0,32.33000183105469,0.0,32.33000183105469,32.33000183105469,32.33000183105469,0.0,0
2011-10-05,8.345973014831543,0.0,32.900001525878906,0.0,32.900001525878906,32.900001525878906,32.900001525878906,0.0,0
2011-10-06,8.510863304138184,0.0,33.54999923706055,0.0,33.54999923706055,33.54999923706055,33.54999923706055,0.0,0
2011-10-07,8.460127830505371,0.0,33.349998474121094,0.0,33.349998474121094,33.349998474121094,33.349998474121094,0.0,0
2011-10-10,8.726489067077637,0.0,34.400001525878906,0.0,34.400001525878906,34.400001525878906,34.400001525878906,0.0,0
2011-10-11,8.754393577575684,0.0,34.5099983215332,0.0,34.5099983215332,34.5099983215332,34.5099983215332,0.0,0
2011-10-12,8.86347484588623,0.0,34.939998626708984,0.0,34.939998626708984,34.939998626708984,34.939998626708984,0.0,0
2011-10-13,8.84571647644043,0.0,34.869998931884766,0.0,34.869998931884766,34.869998931884766,34.869998931884766,0.0,0
2011-10-14,8.97001838684082,0.0,35.36000061035156,0.0,35.36000061035156,35.36000061035156,35.36000061035156,0.0,0
2011-10-17,8.779760360717773,0.0,34.61000061035156,0.0,34.61000061035156,34.61000061035156,34.61000061035156,0.0,0
2011-10-18,8.91928482055664,0.0,35.15999984741211,0.0,35.15999984741211,35.15999984741211,35.15999984741211,0.0,0
2011-10-19,8.840642929077148,0.0,34.849998474121094,0.0,34.849998474121094,34.849998474121094,34.849998474121094,0.0,0
2011-10-20,8.860937118530273,0.0,34.93000030517578,0.0,34.93000030517578,34.93000030517578,34.93000030517578,0.0,0
2011-10-21,9.051197052001953,0.0,35.68000030517578,0.0,35.68000030517578,35.68000030517578,35.68000030517578,0.0,0
2011-10-24,9.25413703918457,0.0,36.47999954223633,0.0,36.47999954223633,36.47999954223633,36.47999954223633,0.0,0
2011-10-25,9.109541893005371,0.0,35.90999984741211,0.0,35.90999984741211,35.90999984741211,35.90999984741211,0.0,0
2011-10-26,9.21101188659668,0.0,36.310001373291016,0.0,36.310001373291016,36.310001373291016,36.310001373291016,0.0,0
2011-10-27,9.545866966247559,0.0,37.630001068115234,0.0,37.630001068115234,37.630001068115234,37.630001068115234,0.0,0
2011-10-28,9.490055084228516,0.0,37.40999984741211,0.0,37.40999984741211,37.40999984741211,37.40999984741211,0.0,0
2011-10-31,9.276965141296387,0.0,36.56999969482422,0.0,36.56999969482422,36.56999969482422,36.56999969482422,0.0,0
2011-11-01,9.03597354888916,0.0,35.619998931884766,0.0,35.619998931884766,35.619998931884766,35.619998931884766,0.0,0
2011-11-02,9.165349960327148,0.0,36.130001068115234,0.0,36.130001068115234,36.130001068115234,36.130001068115234,0.0,0
2011-11-03,9.294723510742188,0.0,36.63999938964844,0.0,36.63999938964844,36.63999938964844,36.63999938964844,0.0,0
2011-11-04,9.271894454956055,0.0,36.54999923706055,0.0,36.54999923706055,36.54999923706055,36.54999923706055,0.0,0
2011-11-07,9.299798011779785,0.0,36.65999984741211,0.0,36.65999984741211,36.65999984741211,36.65999984741211,0.0,0
2011-11-08,9.378438949584961,0.0,36.970001220703125,0.0,36.970001220703125,36.970001220703125,36.970001220703125,0.0,0
2011-11-09,9.053731918334961,0.0,35.689998626708984,0.0,35.689998626708984,35.689998626708984,35.689998626708984,0.0,0
2011-11-10,9.099393844604492,0.0,35.869998931884766,0.0,35.869998931884766,35.869998931884766,35.869998931884766,0.0,0
2011-11-11,9.284578323364258,0.0,36.599998474121094,0.0,36.599998474121094,36.599998474121094,36.599998474121094,0.0,0
2011-11-14,9.2008638381958,0.0,36.27000045776367,0.0,36.27000045776367,36.27000045776367,36.27000045776367,0.0,0
2011-11-15,9.208475112915039,0.0,36.29999923706055,0.0,36.29999923706055,36.29999923706055,36.29999923706055,0.0,0
2011-11-16,9.06387710571289,0.0,35.72999954223633,0.0,35.72999954223633,35.72999954223633,35.72999954223633,0.0,0
2011-11-17,8.944649696350098,0.0,35.2599983215332,0.0,35.2599983215332,35.2599983215332,35.2599983215332,0.0,0
2011-11-18,8.929429054260254,0.0,35.20000076293945,0.0,35.20000076293945,35.20000076293945,35.20000076293945,0.0,0
2011-11-21,8.779760360717773,0.0,34.61000061035156,0.0,34.61000061035156,34.61000061035156,34.61000061035156,0.0,0
2011-11-22,8.729024887084961,0.0,34.40999984741211,0.0,34.40999984741211,34.40999984741211,34.40999984741211,0.0,0
2011-11-23,8.543839454650879,0.0,33.68000030517578,0.0,33.68000030517578,33.68000030517578,33.68000030517578,0.0,0
2011-11-25,8.500716209411621,0.0,33.5099983215332,0.0,33.5099983215332,33.5099983215332,33.5099983215332,0.0,0
2011-11-28,8.762002944946289,0.0,34.540000915527344,0.0,34.540000915527344,34.540000915527344,34.540000915527344,0.0,0
2011-11-29,8.800054550170898,0.0,34.689998626708984,0.0,34.689998626708984,34.689998626708984,34.689998626708984,0.0,0
2011-11-30,9.127296447753906,0.0,35.97999954223633,0.0,35.97999954223633,35.97999954223633,35.97999954223633,0.0,0
2011-12-01,9.076562881469727,0.0,35.779998779296875,0.0,35.779998779296875,35.779998779296875,35.779998779296875,0.0,0
2011-12-02,9.081636428833008,0.0,35.79999923706055,0.0,35.79999923706055,35.79999923706055,35.79999923706055,0.0,0
2011-12-05,9.190719604492188,0.0,36.22999954223633,0.0,36.22999954223633,36.22999954223633,36.22999954223633,0.0,0
2011-12-06,9.162814140319824,0.0,36.119998931884766,0.0,36.119998931884766,36.119998931884766,36.119998931884766,0.0,0
2011-12-07,9.2008638381958,0.0,36.27000045776367,0.0,36.27000045776367,36.27000045776367,36.27000045776367,0.0,0
2011-12-08,9.000457763671875,0.0,35.47999954223633,0.0,35.47999954223633,35.47999954223633,35.47999954223633,0.0,0
2011-12-09,9.163973808288574,0.0,35.97999954223633,0.142,35.97999954223633,35.97999954223633,35.97999954223633,0.0,0
2011-12-12,9.039173126220703,0.0,35.4900016784668,0.0,35.4900016784668,35.4900016784668,35.4900016784668,0.0,0
2011-12-13,8.914372444152832,0.0,35.0,0.0,35.0,35.0,35.0,0.0,0
2011-12-14,8.812493324279785,0.0,34.599998474121094,0.0,34.599998474121094,34.599998474121094,34.599998474121094,0.0,0
2011-12-15,8.855791091918945,0.0,34.77000045776367,0.0,34.77000045776367,34.77000045776367,34.77000045776367,0.0,0
2011-12-16,8.88126277923584,0.0,34.869998931884766,0.0,34.869998931884766,34.869998931884766,34.869998931884766,0.0,0
2011-12-19,8.753915786743164,0.0,34.369998931884766,0.0,34.369998931884766,34.369998931884766,34.369998931884766,0.0,0
2011-12-20,9.000968933105469,0.0,35.34000015258789,0.0,35.34000015258789,35.34000015258789,35.34000015258789,0.0,0
2011-12-21,9.018798828125,0.0,35.40999984741211,0.0,35.40999984741211,35.40999984741211,35.40999984741211,0.0,0
2011-12-22,9.082473754882812,0.0,35.65999984741211,0.0,35.65999984741211,35.65999984741211,35.65999984741211,0.0,0
2011-12-23,9.138504981994629,0.0,35.880001068115234,0.0,35.880001068115234,35.880001068115234,35.880001068115234,0.0,0
2011-12-27,9.135957717895508,0.0,35.869998931884766,0.0,35.869998931884766,35.869998931884766,35.869998931884766,0.0,0
2011-12-28,9.013704299926758,0.0,35.38999938964844,0.0,35.38999938964844,35.38999938964844,35.38999938964844,0.0,0
2011-12-29,9.105393409729004,0.0,35.75,0.0,35.75,35.75,35.75,0.0,0
2011-12-30,9.100298881530762,0.0,35.72999954223633,0.0,35.72999954223633,35.72999954223633,35.72999954223633,0.0,0
2012-01-03,9.237835884094238,0.0,36.27000045776367,0.0,36.27000045776367,36.27000045776367,36.27000045776367,0.0,0
2012-01-04,9.222555160522461,0.0,36.209999084472656,0.0,36.209999084472656,36.209999084472656,36.209999084472656,0.0,0
2012-01-05,9.242931365966797,0.0,36.290000915527344,0.0,36.290000915527344,36.290000915527344,36.290000915527344,0.0,0
2012-01-06,9.232741355895996,0.0,36.25,0.0,36.25,36.25,36.25,0.0,0
2012-01-09,9.25057315826416,0.0,36.31999969482422,0.0,36.31999969482422,36.31999969482422,36.31999969482422,0.0,0
2012-01-10,9.354995727539062,0.0,36.72999954223633,0.0,36.72999954223633,36.72999954223633,36.72999954223633,0.0,0
2012-01-11,9.354995727539062,0.0,36.72999954223633,0.0,36.72999954223633,36.72999954223633,36.72999954223633,0.0,0
2012-01-12,9.398295402526855,0.0,36.900001525878906,0.0,36.900001525878906,36.900001525878906,36.900001525878906,0.0,0
2012-01-13,9.347355842590332,0.0,36.70000076293945,0.0,36.70000076293945,36.70000076293945,36.70000076293945,0.0,0
2012-01-17,9.405935287475586,0.0,36.93000030517578,0.0,36.93000030517578,36.93000030517578,36.93000030517578,0.0,0
2012-01-18,9.52309513092041,0.0,37.38999938964844,0.0,37.38999938964844,37.38999938964844,37.38999938964844,0.0,0
2012-01-19,9.574036598205566,0.0,37.59000015258789,0.0,37.59000015258789,37.59000015258789,37.59000015258789,0.0,0
2012-01-20,9.59696102142334,0.0,37.68000030517578,0.0,37.68000030517578,37.68000030517578,37.68000030517578,0.0,0
2012-01-23,9.619881629943848,0.0,37.77000045776367,0.0,37.77000045776367,37.77000045776367,37.77000045776367,0.0,0
2012-01-24,9.619881629943848,0.0,37.77000045776367,0.0,37.77000045776367,37.77000045776367,37.77000045776367,0.0,0
2012-01-25,9.691195487976074,0.0,38.04999923706055,0.0,38.04999923706055,38.04999923706055,38.04999923706055,0.0,0
2012-01-26,9.647897720336914,0.0,37.880001068115234,0.0,37.880001068115234,37.880001068115234,37.880001068115234,0.0,0
2012-01-27,9.703929901123047,0.0,38.099998474121094,0.0,38.099998474121094,38.099998474121094,38.099998474121094,0.0,0
2012-01-30,9.652993202209473,0.0,37.900001525878906,0.0,37.900001525878906,37.900001525878906,37.900001525878906,0.0,0
2012-01-31,9.66063117980957,0.0,37.93000030517578,0.0,37.93000030517578,37.93000030517578,37.93000030517578,0.0,0
2012-02-01,9.859295845031738,0.0,38.709999084472656,0.0,38.709999084472656,38.709999084472656,38.709999084472656,0.0,0
2012-02-02,9.872029304504395,0.0,38.7599983215332,0.0,38.7599983215332,38.7599983215332,38.7599983215332,0.0,0
2012-02-03,9.99937915802002,0.0,39.2599983215332,0.0,39.2599983215332,39.2599983215332,39.2599983215332,0.0,0
2012-02-06,9.981551170349121,0.0,39.189998626708984,0.0,39.189998626708984,39.189998626708984,39.189998626708984,0.0,0
2012-02-07,10.009566307067871,0.0,39.29999923706055,0.0,39.29999923706055,39.29999923706055,39.29999923706055,0.0,0
2012-02-08,10.042678833007812,0.0,39.43000030517578,0.0,39.43000030517578,39.43000030517578,39.43000030517578,0.0,0
2012-02-09,10.063054084777832,0.0,39.5099983215332,0.0,39.5099983215332,39.5099983215332,39.5099983215332,0.0,0
2012-02-10,9.97900390625,0.0,39.18000030517578,0.0,39.18000030517578,39.18000030517578,39.18000030517578,0.0,0
2012-02-13,10.060505867004395,0.0,39.5,0.0,39.5,39.5,39.5,0.0,0
2012-02-14,10.057960510253906,0.0,39.4900016784668,0.0,39.4900016784668,39.4900016784668,39.4900016784668,0.0,0
2012-02-15,10.063054084777832,0.0,39.5099983215332,0.0,39.5099983215332,39.5099983215332,39.5099983215332,0.0,0
2012-02-16,10.177664756774902,0.0,39.959999084472656,0.0,39.959999084472656,39.959999084472656,39.959999084472656,0.0,0
2012-02-17,10.208227157592773,0.0,40.08000183105469,0.0,40.08000183105469,40.08000183105469,40.08000183105469,0.0,0
2012-02-21,10.20313835144043,0.0,40.060001373291016,0.0,40.060001373291016,40.060001373291016,40.060001373291016,0.0,0
2012-02-22,10.170024871826172,0.0,39.93000030517578,0.0,39.93000030517578,39.93000030517578,39.93000030517578,0.0,0
2012-02-23,10.205681800842285,0.0,40.06999969482422,0.0,40.06999969482422,40.06999969482422,40.06999969482422,0.0,0
2012-02-24,10.220965385437012,0.0,40.130001068115234,0.0,40.130001068115234,40.130001068115234,40.130001068115234,0.0,0
2012-02-27,10.20058822631836,0.0,40.04999923706055,0.0,40.04999923706055,40.04999923706055,40.04999923706055,0.0,0
2012-02-28,10.231151580810547,0.0,40.16999816894531,0.0,40.16999816894531,40.16999816894531,40.16999816894531,0.0,0
2012-02-29,10.144553184509277,0.0,39.83000183105469,0.0,39.83000183105469,39.83000183105469,39.83000183105469,0.0,0
2012-03-01,10.215872764587402,0.0,40.11000061035156,0.0,40.11000061035156,40.11000061035156,40.11000061035156,0.0,0
2012-03-02,10.149650573730469,0.0,39.849998474121094,0.0,39.849998474121094,39.849998474121094,39.849998474121094,0.0,0
2012-03-05,10.13182258605957,0.0,39.779998779296875,0.0,39.779998779296875,39.779998779296875,39.779998779296875,0.0,0
2012-03-06,9.94334602355957,0.0,39.040000915527344,0.0,39.040000915527344,39.040000915527344,39.040000915527344,0.0,0
2012-03-07,10.032492637634277,0.0,39.38999938964844,0.0,39.38999938964844,39.38999938964844,39.38999938964844,0.0,0
2012-03-08,10.154744148254395,0.0,39.869998931884766,0.0,39.869998931884766,39.869998931884766,39.869998931884766,0.0,0
2012-03-09,10.213321685791016,0.0,40.099998474121094,0.0,40.099998474121094,40.099998474121094,40.099998474121094,0.0,0
2012-03-12,10.185306549072266,0.0,39.9900016784668,0.0,39.9900016784668,39.9900016784668,39.9900016784668,0.0,0
2012-03-13,10.32538890838623,0.0,40.540000915527344,0.0,40.540000915527344,40.540000915527344,40.540000915527344,0.0,0
2012-03-14,10.287186622619629,0.0,40.38999938964844,0.0,40.38999938964844,40.38999938964844,40.38999938964844,0.0,0
2012-03-15,10.353409767150879,0.0,40.650001525878906,0.0,40.650001525878906,40.650001525878906,40.650001525878906,0.0,0
2012-03-16,10.36868667602539,0.0,40.709999084472656,0.0,40.709999084472656,40.709999084472656,40.709999084472656,0.0,0
2012-03-19,10.39161205291748,0.0,40.79999923706055,0.0,40.79999923706055,40.79999923706055,40.79999923706055,0.0,0
2012-03-20,10.322844505310059,0.0,40.529998779296875,0.0,40.529998779296875,40.529998779296875,40.529998779296875,0.0,0
2012-03-21,10.317749977111816,0.0,40.5099983215332,0.0,40.5099983215332,40.5099983215332,40.5099983215332,0.0,0
2012-03-22,10.261713027954102,0.0,40.290000915527344,0.0,40.290000915527344,40.290000915527344,40.290000915527344,0.0,0
2012-03-23,10.320295333862305,0.0,40.52000045776367,0.0,40.52000045776367,40.52000045776367,40.52000045776367,0.0,0
2012-03-26,10.462926864624023,0.0,41.08000183105469,0.0,41.08000183105469,41.08000183105469,41.08000183105469,0.0,0
2012-03-27,10.432361602783203,0.0,40.959999084472656,0.0,40.959999084472656,40.959999084472656,40.959999084472656,0.0,0
2012-03-28,10.389063835144043,0.0,40.790000915527344,0.0,40.790000915527344,40.790000915527344,40.790000915527344,0.0,0
2012-03-29,10.363594055175781,0.0,40.689998626708984,0.0,40.689998626708984,40.689998626708984,40.689998626708984,0.0,0
2012-03-30,10.371235847473145,0.0,40.720001220703125,0.0,40.720001220703125,40.720001220703125,40.720001220703125,0.0,0
2012-04-02,10.457833290100098,0.0,41.060001373291016,0.0,41.060001373291016,41.060001373291016,41.060001373291016,0.0,0
2012-04-03,10.404341697692871,0.0,40.849998474121094,0.0,40.849998474121094,40.849998474121094,40.849998474121094,0.0,0
2012-04-04,10.256620407104492,0.0,40.27000045776367,0.0,40.27000045776367,40.27000045776367,40.27000045776367,0.0,0
2012-04-05,10.236247062683105,0.0,40.189998626708984,0.0,40.189998626708984,40.189998626708984,40.189998626708984,0.0,0
2012-04-09,10.152194023132324,0.0,39.86000061035156,0.0,39.86000061035156,39.86000061035156,39.86000061035156,0.0,0
2012-04-10,9.94334602355957,0.0,39.040000915527344,0.0,39.040000915527344,39.040000915527344,39.040000915527344,0.0,0
2012-04-11,10.042678833007812,0.0,39.43000030517578,0.0,39.43000030517578,39.43000030517578,39.43000030517578,0.0,0
2012-04-12,10.190402030944824,0.0,40.0099983215332,0.0,40.0099983215332,40.0099983215332,40.0099983215332,0.0,0
2012-04-13,10.096163749694824,0.0,39.63999938964844,0.0,39.63999938964844,39.63999938964844,39.63999938964844,0.0,0
2012-04-16,10.106352806091309,0.0,39.68000030517578,0.0,39.68000030517578,39.68000030517578,39.68000030517578,0.0,0
2012-04-17,10.220965385437012,0.0,40.130001068115234,0.0,40.130001068115234,40.130001068115234,40.130001068115234,0.0,0
2012-04-18,10.177664756774902,0.0,39.959999084472656,0.0,39.959999084472656,39.959999084472656,39.959999084472656,0.0,0
2012-04-19,10.152194023132324,0.0,39.86000061035156,0.0,39.86000061035156,39.86000061035156,39.86000061035156,0.0,0
2012-04-20,10.20313835144043,0.0,40.060001373291016,0.0,40.060001373291016,40.060001373291016,40.060001373291016,0.0,0
2012-04-23,10.103802680969238,0.0,39.66999816894531,0.0,39.66999816894531,39.66999816894531,39.66999816894531,0.0,0
2012-04-24,10.126727104187012,0.0,39.7599983215332,0.0,39.7599983215332,39.7599983215332,39.7599983215332,0.0,0
2012-04-25,10.2515287399292,0.0,40.25,0.0,40.25,40.25,40.25,0.0,0
2012-04-26,10.29482650756836,0.0,40.41999816894531,0.0,40.41999816894531,40.41999816894531,40.41999816894531,0.0,0
2012-04-27,10.315204620361328,0.0,40.5,0.0,40.5,40.5,40.5,0.0,0
2012-04-30,10.266810417175293,0.0,40.310001373291016,0.0,40.310001373291016,40.310001373291016,40.310001373291016,0.0,0
2012-05-01,10.297372817993164,0.0,40.43000030517578,0.0,40.43000030517578,40.43000030517578,40.43000030517578,0.0,0
2012-05-02,10.312654495239258,0.0,40.4900016784668,0.0,40.4900016784668,40.4900016784668,40.4900016784668,0.0,0
2012-05-03,10.20313835144043,0.0,40.060001373291016,0.0,40.060001373291016,40.060001373291016,40.060001373291016,0.0,0
2012-05-04,10.019754409790039,0.0,39.34000015258789,0.0,39.34000015258789,39.34000015258789,39.34000015258789,0.0,0
2012-05-07,10.012113571166992,0.0,39.310001373291016,0.0,39.310001373291016,39.310001373291016,39.310001373291016,0.0,0
2012-05-08,9.925518035888672,0.0,38.970001220703125,0.0,38.970001220703125,38.970001220703125,38.970001220703125,0.0,0
2012-05-09,9.879672050476074,0.0,38.790000915527344,0.0,38.790000915527344,38.790000915527344,38.790000915527344,0.0,0
2012-05-10,9.917876243591309,0.0,38.939998626708984,0.0,38.939998626708984,38.939998626708984,38.939998626708984,0.0,0
2012-05-11,9.889863014221191,0.0,38.83000183105469,0.0,38.83000183105469,38.83000183105469,38.83000183105469,0.0,0
2012-05-14,9.780339241027832,0.0,38.400001525878906,0.0,38.400001525878906,38.400001525878906,38.400001525878906,0.0,0
2012-05-15,9.706478118896484,0.0,38.11000061035156,0.0,38.11000061035156,38.11000061035156,38.11000061035156,0.0,0
2012-05-16,9.627521514892578,0.0,37.79999923706055,0.0,37.79999923706055,37.79999923706055,37.79999923706055,0.0,0
2012-05-17,9.472159385681152,0.0,37.189998626708984,0.0,37.189998626708984,37.189998626708984,37.189998626708984,0.0,0
2012-05-18,9.380467414855957,0.0,36.83000183105469,0.0,36.83000183105469,36.83000183105469,36.83000183105469,0.0,0
2012-05-21,9.528188705444336,0.0,37.40999984741211,0.0,37.40999984741211,37.40999984741211,37.40999984741211,0.0,0
2012-05-22,9.505270957946777,0.0,37.31999969482422,0.0,37.31999969482422,37.31999969482422,37.31999969482422,0.0,0
2012-05-23,9.489985466003418,0.0,37.2599983215332,0.0,37.2599983215332,37.2599983215332,37.2599983215332,0.0,0
2012-05-24,9.500174522399902,0.0,37.29999923706055,0.0,37.29999923706055,37.29999923706055,37.29999923706055,0.0,0
2012-05-25,9.507816314697266,0.0,37.33000183105469,0.0,37.33000183105469,37.33000183105469,37.33000183105469,0.0,0
2012-05-29,9.59696102142334,0.0,37.68000030517578,0.0,37.68000030517578,37.68000030517578,37.68000030517578,0.0,0
2012-05-30,9.446687698364258,0.0,37.09000015258789,0.0,37.09000015258789,37.09000015258789,37.09000015258789,0.0,0
2012-05-31,9.431405067443848,0.0,37.029998779296875,0.0,37.029998779296875,37.029998779296875,37.029998779296875,0.0,0
2012-06-01,9.204724311828613,0.0,36.13999938964844,0.0,36.13999938964844,36.13999938964844,36.13999938964844,0.0,0
2012-06-04,9.194539070129395,0.0,36.099998474121094,0.0,36.099998474121094,36.099998474121094,36.099998474121094,0.0,0
2012-06-05,9.268403053283691,0.0,36.38999938964844,0.0,36.38999938964844,36.38999938964844,36.38999938964844,0.0,0
2012-06-06,9.479799270629883,0.0,37.220001220703125,0.0,37.220001220703125,37.220001220703125,37.220001220703125,0.0,0
2012-06-07,9.449234008789062,0.0,37.099998474121094,0.0,37.099998474121094,37.099998474121094,37.099998474121094,0.0,0
2012-06-08,9.497627258300781,0.0,37.290000915527344,0.0,37.290000915527344,37.290000915527344,37.290000915527344,0.0,0
2012-06-11,9.349902153015137,0.0,36.709999084472656,0.0,36.709999084472656,36.709999084472656,36.709999084472656,0.0,0
2012-06-12,9.446687698364258,0.0,37.09000015258789,0.0,37.09000015258789,37.09000015258789,37.09000015258789,0.0,0
2012-06-13,9.383013725280762,0.0,36.84000015258789,0.0,36.84000015258789,36.84000015258789,36.84000015258789,0.0,0
2012-06-14,9.451781272888184,0.0,37.11000061035156,0.0,37.11000061035156,37.11000061035156,37.11000061035156,0.0,0
2012-06-15,9.566393852233887,0.0,37.560001373291016,0.0,37.560001373291016,37.560001373291016,37.560001373291016,0.0,0
2012-06-18,9.576583862304688,0.0,37.599998474121094,0.0,37.599998474121094,37.599998474121094,37.599998474121094,0.0,0
2012-06-19,9.71157169342041,0.0,38.130001068115234,0.0,38.130001068115234,38.130001068115234,38.130001068115234,0.0,0
2012-06-20,9.716665267944336,0.0,38.150001525878906,0.0,38.150001525878906,38.150001525878906,38.150001525878906,0.0,0
2012-06-21,9.477252960205078,0.0,37.209999084472656,0.0,37.209999084472656,37.209999084472656,37.209999084472656,0.0,0
2012-06-22,9.543474197387695,0.0,37.470001220703125,0.0,37.470001220703125,37.470001220703125,37.470001220703125,0.0,0
2012-06-25,9.403389930725098,0.0,36.91999816894531,0.0,36.91999816894531,36.91999816894531,36.91999816894531,0.0,0
2012-06-26,9.459421157836914,0.0,37.13999938964844,0.0,37.13999938964844,37.13999938964844,37.13999938964844,0.0,0
2012-06-27,9.543474197387695,0.0,37.470001220703125,0.0,37.470001220703125,37.470001220703125,37.470001220703125,0.0,0
2012-06-28,9.535829544067383,0.0,37.439998626708984,0.0,37.439998626708984,37.439998626708984,37.439998626708984,0.0,0
2012-06-29,9.785433769226074,0.0,38.41999816894531,0.0,38.41999816894531,38.41999816894531,38.41999816894531,0.0,0
2012-07-02,9.826187133789062,0.0,38.58000183105469,0.0,38.58000183105469,38.58000183105469,38.58000183105469,0.0,0
2012-07-03,9.905143737792969,0.0,38.88999938964844,0.0,38.88999938964844,38.88999938964844,38.88999938964844,0.0,0
2012-07-05,9.882220268249512,0.0,38.79999923706055,0.0,38.79999923706055,38.79999923706055,38.79999923706055,0.0,0
2012-07-06,9.785433769226074,0.0,38.41999816894531,0.0,38.41999816894531,38.41999816894531,38.41999816894531,0.0,0
2012-07-09,9.800715446472168,0.0,38.47999954223633,0.0,38.47999954223633,38.47999954223633,38.47999954223633,0.0,0
2012-07-10,9.749777793884277,0.0,38.279998779296875,0.0,38.279998779296875,38.279998779296875,38.279998779296875,0.0,0
2012-07-11,9.72685432434082,0.0,38.189998626708984,0.0,38.189998626708984,38.189998626708984,38.189998626708984,0.0,0
2012-07-12,9.647897720336914,0.0,37.880001068115234,0.0,37.880001068115234,37.880001068115234,37.880001068115234,0.0,0
2012-07-13,9.780339241027832,0.0,38.400001525878906,0.0,38.400001525878906,38.400001525878906,38.400001525878906,0.0,0
2012-07-16,9.75486946105957,0.0,38.29999923706055,0.0,38.29999923706055,38.29999923706055,38.29999923706055,0.0,0
2012-07-17,9.803261756896973,0.0,38.4900016784668,0.0,38.4900016784668,38.4900016784668,38.4900016784668,0.0,0
2012-07-18,9.882220268249512,0.0,38.79999923706055,0.0,38.79999923706055,38.79999923706055,38.79999923706055,0.0,0
2012-07-19,9.894953727722168,0.0,38.849998474121094,0.0,38.849998474121094,38.849998474121094,38.849998474121094,0.0,0
2012-07-20,9.77779483795166,0.0,38.38999938964844,0.0,38.38999938964844,38.38999938964844,38.38999938964844,0.0,0
2012-07-23,9.64535140991211,0.0,37.869998931884766,0.0,37.869998931884766,37.869998931884766,37.869998931884766,0.0,0
2012-07-24,9.574036598205566,0.0,37.59000015258789,0.0,37.59000015258789,37.59000015258789,37.59000015258789,0.0,0
2012-07-25,9.543474197387695,0.0,37.470001220703125,0.0,37.470001220703125,37.470001220703125,37.470001220703125,0.0,0
2012-07-26,9.709024429321289,0.0,38.119998931884766,0.0,38.119998931884766,38.119998931884766,38.119998931884766,0.0,0
2012-07-27,9.884764671325684,0.0,38.810001373291016,0.0,38.810001373291016,38.810001373291016,38.810001373291016,0.0,0
2012-07-30,9.869483947753906,0.0,38.75,0.0,38.75,38.75,38.75,0.0,0
2012-07-31,9.810904502868652,0.0,38.52000045776367,0.0,38.52000045776367,38.52000045776367,38.52000045776367,0.0,0
2012-08-01,9.76760482788086,0.0,38.349998474121094,0.0,38.349998474121094,38.349998474121094,38.349998474121094,0.0,0
2012-08-02,9.678461074829102,0.0,38.0,0.0,38.0,38.0,38.0,0.0,0
2012-08-03,9.864392280578613,0.0,38.72999954223633,0.0,38.72999954223633,38.72999954223633,38.72999954223633,0.0,0
2012-08-06,9.930610656738281,0.0,38.9900016784668,0.0,38.9900016784668,38.9900016784668,38.9900016784668,0.0,0
2012-08-07,10.047773361206055,0.0,39.45000076293945,0.0,39.45000076293945,39.45000076293945,39.45000076293945,0.0,0
2012-08-08,10.078335762023926,0.0,39.56999969482422,0.0,39.56999969482422,39.56999969482422,39.56999969482422,0.0,0
2012-08-09,10.113991737365723,0.0,39.709999084472656,0.0,39.709999084472656,39.709999084472656,39.709999084472656,0.0,0
2012-08-10,10.124178886413574,0.0,39.75,0.0,39.75,39.75,39.75,0.0,0
2012-08-13,10.119085311889648,0.0,39.72999954223633,0.0,39.72999954223633,39.72999954223633,39.72999954223633,0.0,0
2012-08-14,10.12927532196045,0.0,39.77000045776367,0.0,39.77000045776367,39.77000045776367,39.77000045776367,0.0,0
2012-08-15,10.154744148254395,0.0,39.869998931884766,0.0,39.869998931884766,39.869998931884766,39.869998931884766,0.0,0
2012-08-16,10.248981475830078,0.0,40.2400016784668,0.0,40.2400016784668,40.2400016784668,40.2400016784668,0.0,0
2012-08-17,10.297372817993164,0.0,40.43000030517578,0.0,40.43000030517578,40.43000030517578,40.43000030517578,0.0,0
2012-08-20,10.307563781738281,0.0,40.470001220703125,0.0,40.470001220703125,40.470001220703125,40.470001220703125,0.0,0
2012-08-21,10.32538890838623,0.0,40.540000915527344,0.0,40.540000915527344,40.540000915527344,40.540000915527344,0.0,0
2012-08-22,10.317749977111816,0.0,40.5099983215332,0.0,40.5099983215332,40.5099983215332,40.5099983215332,0.0,0
2012-08-23,10.236247062683105,0.0,40.189998626708984,0.0,40.189998626708984,40.189998626708984,40.189998626708984,0.0,0
2012-08-24,10.25407600402832,0.0,40.2599983215332,0.0,40.2599983215332,40.2599983215332,40.2599983215332,0.0,0
2012-08-27,10.2515287399292,0.0,40.25,0.0,40.25,40.25,40.25,0.0,0
2012-08-28,10.246434211730957,0.0,40.22999954223633,0.0,40.22999954223633,40.22999954223633,40.22999954223633,0.0,0
2012-08-29,10.276998519897461,0.0,40.349998474121094,0.0,40.349998474121094,40.349998474121094,40.349998474121094,0.0,0
2012-08-30,10.198042869567871,0.0,40.040000915527344,0.0,40.040000915527344,40.040000915527344,40.040000915527344,0.0,0
2012-08-31,10.246434211730957,0.0,40.22999954223633,0.0,40.22999954223633,40.22999954223633,40.22999954223633,0.0,0
2012-09-04,10.266810417175293,0.0,40.310001373291016,0.0,40.310001373291016,40.310001373291016,40.310001373291016,0.0,0
2012-09-05,10.266810417175293,0.0,40.310001373291016,0.0,40.310001373291016,40.310001373291016,40.310001373291016,0.0,0
2012-09-06,10.429813385009766,0.0,40.95000076293945,0.0,40.95000076293945,40.95000076293945,40.95000076293945,0.0,0
2012-09-07,10.468212127685547,0.0,39.2599983215332,1.834,39.2599983215332,39.2599983215332,39.2599983215332,0.0,0
2012-09-10,10.422882080078125,0.0,39.09000015258789,0.0,39.09000015258789,39.09000015258789,39.09000015258789,0.0,0
2012-09-11,10.468212127685547,0.0,39.2599983215332,0.0,39.2599983215332,39.2599983215332,39.2599983215332,0.0,0
2012-09-12,10.489542961120605,0.0,39.34000015258789,0.0,39.34000015258789,39.34000015258789,39.34000015258789,0.0,0
2012-09-13,10.596198081970215,0.0,39.7400016784668,0.0,39.7400016784668,39.7400016784668,39.7400016784668,0.0,0
2012-09-14,10.697522163391113,0.0,40.119998931884766,0.0,40.119998931884766,40.119998931884766,40.119998931884766,0.0,0
2012-09-17,10.638861656188965,0.0,39.900001525878906,0.0,39.900001525878906,39.900001525878906,39.900001525878906,0.0,0
2012-09-18,10.590864181518555,0.0,39.720001220703125,0.0,39.720001220703125,39.720001220703125,39.720001220703125,0.0,0
2012-09-19,10.620193481445312,0.0,39.83000183105469,0.0,39.83000183105469,39.83000183105469,39.83000183105469,0.0,0
2012-09-20,10.585529327392578,0.0,39.70000076293945,0.0,39.70000076293945,39.70000076293945,39.70000076293945,0.0,0
2012-09-21,10.596198081970215,0.0,39.7400016784668,0.0,39.7400016784668,39.7400016784668,39.7400016784668,0.0,0
2012-09-24,10.564200401306152,0.0,39.619998931884766,0.0,39.619998931884766,39.619998931884766,39.619998931884766,0.0,0
2012-09-25,10.468212127685547,0.0,39.2599983215332,0.0,39.2599983215332,39.2599983215332,39.2599983215332,0.0,0
2012-09-26,10.417547225952148,0.0,39.06999969482422,0.0,39.06999969482422,39.06999969482422,39.06999969482422,0.0,0
2012-09-27,10.505541801452637,0.0,39.400001525878906,0.0,39.400001525878906,39.400001525878906,39.400001525878906,0.0,0
2012-09-28,10.449548721313477,0.0,39.189998626708984,0.0,39.189998626708984,39.189998626708984,39.189998626708984,0.0,0
2012-10-01,10.465544700622559,0.0,39.25,0.0,39.25,39.25,39.25,0.0,0
2012-10-02,10.481542587280273,0.0,39.310001373291016,0.0,39.310001373291016,39.310001373291016,39.310001373291016,0.0,0
2012-10-03,10.457549095153809,0.0,39.220001220703125,0.0,39.220001220703125,39.220001220703125,39.220001220703125,0.0,0
2012-10-04,10.545536994934082,0.0,39.54999923706055,0.0,39.54999923706055,39.54999923706055,39.54999923706055,0.0,0
2012-10-05,10.54287052154541,0.0,39.540000915527344,0.0,39.540000915527344,39.540000915527344,39.540000915527344,0.0,0
2012-10-08,10.510870933532715,0.0,39.41999816894531,0.0,39.41999816894531,39.41999816894531,39.41999816894531,0.0,0
2012-10-09,10.41221809387207,0.0,39.04999923706055,0.0,39.04999923706055,39.04999923706055,39.04999923706055,0.0,0
2012-10-10,10.364222526550293,0.0,38.869998931884766,0.0,38.869998931884766,38.869998931884766,38.869998931884766,0.0,0
2012-10-11,10.385553359985352,0.0,38.95000076293945,0.0,38.95000076293945,38.95000076293945,38.95000076293945,0.0,0
2012-10-12,10.356224060058594,0.0,38.84000015258789,0.0,38.84000015258789,38.84000015258789,38.84000015258789,0.0,0
2012-10-15,10.414884567260742,0.0,39.060001373291016,0.0,39.060001373291016,39.060001373291016,39.060001373291016,0.0,0
2012-10-16,10.505541801452637,0.0,39.400001525878906,0.0,39.400001525878906,39.400001525878906,39.400001525878906,0.0,0
2012-10-17,10.561534881591797,0.0,39.61000061035156,0.0,39.61000061035156,39.61000061035156,39.61000061035156,0.0,0
2012-10-18,10.558867454528809,0.0,39.599998474121094,0.0,39.599998474121094,39.599998474121094,39.599998474121094,0.0,0
2012-10-19,10.422882080078125,0.0,39.09000015258789,0.0,39.09000015258789,39.09000015258789,39.09000015258789,0.0,0
2012-10-22,10.430882453918457,0.0,39.119998931884766,0.0,39.119998931884766,39.119998931884766,39.119998931884766,0.0,0
2012-10-23,10.334891319274902,0.0,38.7599983215332,0.0,38.7599983215332,38.7599983215332,38.7599983215332,0.0,0
2012-10-24,10.326895713806152,0.0,38.72999954223633,0.0,38.72999954223633,38.72999954223633,38.72999954223633,0.0,0
2012-10-25,10.361557006835938,0.0,38.86000061035156,0.0,38.86000061035156,38.86000061035156,38.86000061035156,0.0,0
2012-10-26,10.318894386291504,0.0,38.70000076293945,0.0,38.70000076293945,38.70000076293945,38.70000076293945,0.0,0
2012-10-31,10.342891693115234,0.0,38.790000915527344,0.0,38.790000915527344,38.790000915527344,38.790000915527344,0.0,0
2012-11-01,10.468212127685547,0.0,39.2599983215332,0.0,39.2599983215332,39.2599983215332,39.2599983215332,0.0,0
2012-11-02,10.3935546875,0.0,38.97999954223633,0.0,38.97999954223633,38.97999954223633,38.97999954223633,0.0,0
2012-11-05,10.414884567260742,0.0,39.060001373291016,0.0,39.060001373291016,39.060001373291016,39.060001373291016,0.0,0
2012-11-06,10.513542175292969,0.0,39.43000030517578,0.0,39.43000030517578,39.43000030517578,39.43000030517578,0.0,0
2012-11-07,10.329562187194824,0.0,38.7400016784668,0.0,38.7400016784668,38.7400016784668,38.7400016784668,0.0,0
2012-11-08,10.241568565368652,0.0,38.40999984741211,0.0,38.40999984741211,38.40999984741211,38.40999984741211,0.0,0
2012-11-09,10.230905532836914,0.0,38.369998931884766,0.0,38.369998931884766,38.369998931884766,38.369998931884766,0.0,0
2012-11-12,10.198907852172852,0.0,38.25,0.0,38.25,38.25,38.25,0.0,0
2012-11-13,10.156245231628418,0.0,38.09000015258789,0.0,38.09000015258789,38.09000015258789,38.09000015258789,0.0,0
2012-11-14,10.070920944213867,0.0,37.77000045776367,0.0,37.77000045776367,37.77000045776367,37.77000045776367,0.0,0
2012-11-15,10.078919410705566,0.0,37.79999923706055,0.0,37.79999923706055,37.79999923706055,37.79999923706055,0.0,0
2012-11-16,10.084253311157227,0.0,37.81999969482422,0.0,37.81999969482422,37.81999969482422,37.81999969482422,0.0,0
2012-11-19,10.244235038757324,0.0,38.41999816894531,0.0,38.41999816894531,38.41999816894531,38.41999816894531,0.0,0
2012-11-20,10.233570098876953,0.0,38.380001068115234,0.0,38.380001068115234,38.380001068115234,38.380001068115234,0.0,0
2012-11-21,10.265567779541016,0.0,38.5,0.0,38.5,38.5,38.5,0.0,0
2012-11-23,10.385553359985352,0.0,38.95000076293945,0.0,38.95000076293945,38.95000076293945,38.95000076293945,0.0,0
2012-11-26,10.366886138916016,0.0,38.880001068115234,0.0,38.880001068115234,38.880001068115234,38.880001068115234,0.0,0
2012-11-27,10.342891693115234,0.0,38.790000915527344,0.0,38.790000915527344,38.790000915527344,38.790000915527344,0.0,0
2012-11-28,10.404219627380371,0.0,39.02000045776367,0.0,39.02000045776367,39.02000045776367,39.02000045776367,0.0,0
2012-11-29,10.460210800170898,0.0,39.22999954223633,0.0,39.22999954223633,39.22999954223633,39.22999954223633,0.0,0
2012-11-30,10.473543167114258,0.0,39.279998779296875,0.0,39.279998779296875,39.279998779296875,39.279998779296875,0.0,0
2012-12-03,10.460210800170898,0.0,39.22999954223633,0.0,39.22999954223633,39.22999954223633,39.22999954223633,0.0,0
2012-12-04,10.478877067565918,0.0,39.29999923706055,0.0,39.29999923706055,39.29999923706055,39.29999923706055,0.0,0
2012-12-05,10.492209434509277,0.0,39.349998474121094,0.0,39.349998474121094,39.349998474121094,39.349998474121094,0.0,0
2012-12-06,10.534873008728027,0.0,39.5099983215332,0.0,39.5099983215332,39.5099983215332,39.5099983215332,0.0,0
2012-12-07,10.548205375671387,0.0,39.560001373291016,0.0,39.560001373291016,39.560001373291016,39.560001373291016,0.0,0
2012-12-10,10.585529327392578,0.0,39.70000076293945,0.0,39.70000076293945,39.70000076293945,39.70000076293945,0.0,0
2012-12-11,10.638861656188965,0.0,39.900001525878906,0.0,39.900001525878906,39.900001525878906,39.900001525878906,0.0,0
2012-12-12,10.66552448272705,0.0,40.0,0.0,40.0,40.0,40.0,0.0,0
2012-12-13,10.636195182800293,0.0,39.88999938964844,0.0,39.88999938964844,39.88999938964844,39.88999938964844,0.0,0
2012-12-14,10.61571216583252,0.0,38.880001068115234,0.935,38.880001068115234,38.880001068115234,38.880001068115234,0.0,0
2012-12-17,10.683977127075195,0.0,39.130001068115234,0.0,39.130001068115234,39.130001068115234,39.130001068115234,0.0,0
2012-12-18,10.795920372009277,0.0,39.540000915527344,0.0,39.540000915527344,39.540000915527344,39.540000915527344,0.0,0
2012-12-19,10.806842803955078,0.0,39.58000183105469,0.0,39.58000183105469,39.58000183105469,39.58000183105469,0.0,0
2012-12-20,10.834147453308105,0.0,39.68000030517578,0.0,39.68000030517578,39.68000030517578,39.68000030517578,0.0,0
2012-12-21,10.760425567626953,0.0,39.40999984741211,0.0,39.40999984741211,39.40999984741211,39.40999984741211,0.0,0
2012-12-24,10.741314888000488,0.0,39.34000015258789,0.0,39.34000015258789,39.34000015258789,39.34000015258789,0.0,0
2012-12-26,10.689435958862305,0.0,39.150001525878906,0.0,39.150001525878906,39.150001525878906,39.150001525878906,0.0,0
2012-12-27,10.700360298156738,0.0,39.189998626708984,0.0,39.189998626708984,39.189998626708984,39.189998626708984,0.0,0
2012-12-28,10.645750045776367,0.0,38.9900016784668,0.0,38.9900016784668,38.9900016784668,38.9900016784668,0.0,0
2012-12-31,10.784998893737793,0.0,39.5,0.0,39.5,39.5,39.5,0.0,0
2013-01-02,10.959745407104492,0.0,40.13999938964844,0.0,40.13999938964844,40.13999938964844,40.13999938964844,0.0,0
2013-01-03,10.929710388183594,0.0,40.029998779296875,0.0,40.029998779296875,40.029998779296875,40.029998779296875,0.0,0
2013-01-04,10.978856086730957,0.0,40.209999084472656,0.0,40.209999084472656,40.209999084472656,40.209999084472656,0.0,0
2013-01-07,10.97066593170166,0.0,40.18000030517578,0.0,40.18000030517578,40.18000030517578,40.18000030517578,0.0,0
2013-01-08,10.940629005432129,0.0,40.06999969482422,0.0,40.06999969482422,40.06999969482422,40.06999969482422,0.0,0
2013-01-09,10.995237350463867,0.0,40.27000045776367,0.0,40.27000045776367,40.27000045776367,40.27000045776367,0.0,0
2013-01-10,11.06895923614502,0.0,40.540000915527344,0.0,40.540000915527344,40.540000915527344,40.540000915527344,0.0,0
2013-01-11,11.090802192687988,0.0,40.619998931884766,0.0,40.619998931884766,40.619998931884766,40.619998931884766,0.0,0
2013-01-14,11.098994255065918,0.0,40.650001525878906,0.0,40.650001525878906,40.650001525878906,40.650001525878906,0.0,0
2013-01-15,11.139948844909668,0.0,40.79999923706055,0.0,40.79999923706055,40.79999923706055,40.79999923706055,0.0,0
2013-01-16,11.120835304260254,0.0,40.72999954223633,0.0,40.72999954223633,40.72999954223633,40.72999954223633,0.0,0
2013-01-17,11.2000150680542,0.0,41.02000045776367,0.0,41.02000045776367,41.02000045776367,41.02000045776367,0.0,0
2013-01-18,11.19455623626709,0.0,41.0,0.0,41.0,41.0,41.0,0.0,0
2013-01-22,11.306501388549805,0.0,41.40999984741211,0.0,41.40999984741211,41.40999984741211,41.40999984741211,0.0,0
2013-01-23,11.28738784790039,0.0,41.34000015258789,0.0,41.34000015258789,41.34000015258789,41.34000015258789,0.0,0
2013-01-24,11.325613975524902,0.0,41.47999954223633,0.0,41.47999954223633,41.47999954223633,41.47999954223633,0.0,0
2013-01-25,11.393874168395996,0.0,41.72999954223633,0.0,41.72999954223633,41.72999954223633,41.72999954223633,0.0,0
2013-01-28,11.380223274230957,0.0,41.68000030517578,0.0,41.68000030517578,41.68000030517578,41.68000030517578,0.0,0
2013-01-29,11.374762535095215,0.0,41.65999984741211,0.0,41.65999984741211,41.65999984741211,41.65999984741211,0.0,0
2013-01-30,11.341997146606445,0.0,41.540000915527344,0.0,41.540000915527344,41.540000915527344,41.540000915527344,0.0,0
2013-01-31,11.328343391418457,0.0,41.4900016784668,0.0,41.4900016784668,41.4900016784668,41.4900016784668,0.0,0
2013-02-01,11.3856840133667,0.0,41.70000076293945,0.0,41.70000076293945,41.70000076293945,41.70000076293945,0.0,0
2013-02-04,11.27919864654541,0.0,41.310001373291016,0.0,41.310001373291016,41.310001373291016,41.310001373291016,0.0,0
2013-02-05,11.369302749633789,0.0,41.63999938964844,0.0,41.63999938964844,41.63999938964844,41.63999938964844,0.0,0
2013-02-06,11.399334907531738,0.0,41.75,0.0,41.75,41.75,41.75,0.0,0
2013-02-07,11.372032165527344,0.0,41.650001525878906,0.0,41.650001525878906,41.650001525878906,41.650001525878906,0.0,0
2013-02-08,11.423909187316895,0.0,41.84000015258789,0.0,41.84000015258789,41.84000015258789,41.84000015258789,0.0,0
2013-02-11,11.404796600341797,0.0,41.77000045776367,0.0,41.77000045776367,41.77000045776367,41.77000045776367,0.0,0
2013-02-12,11.445752143859863,0.0,41.91999816894531,0.0,41.91999816894531,41.91999816894531,41.91999816894531,0.0,0
2013-02-13,11.453940391540527,0.0,41.95000076293945,0.0,41.95000076293945,41.95000076293945,41.95000076293945,0.0,0
2013-02-14,11.481244087219238,0.0,42.04999923706055,0.0,42.04999923706055,42.04999923706055,42.04999923706055,0.0,0
2013-02-15,11.475784301757812,0.0,42.029998779296875,0.0,42.029998779296875,42.029998779296875,42.029998779296875,0.0,0
2013-02-19,11.560428619384766,0.0,42.34000015258789,0.0,42.34000015258789,42.34000015258789,42.34000015258789,0.0,0
2013-02-20,11.407525062561035,0.0,41.779998779296875,0.0,41.779998779296875,41.779998779296875,41.779998779296875,0.0,0
2013-02-21,11.31469440460205,0.0,41.439998626708984,0.0,41.439998626708984,41.439998626708984,41.439998626708984,0.0,0
2013-02-22,11.374762535095215,0.0,41.65999984741211,0.0,41.65999984741211,41.65999984741211,41.65999984741211,0.0,0
2013-02-25,11.202747344970703,0.0,41.029998779296875,0.0,41.029998779296875,41.029998779296875,41.029998779296875,0.0,0
2013-02-26,11.240974426269531,0.0,41.16999816894531,0.0,41.16999816894531,41.16999816894531,41.16999816894531,0.0,0
2013-02-27,11.358376502990723,0.0,41.599998474121094,0.0,41.599998474121094,41.599998474121094,41.599998474121094,0.0,0
2013-02-28,11.36384105682373,0.0,41.619998931884766,0.0,41.619998931884766,41.619998931884766,41.619998931884766,0.0,0
2013-03-01,11.366569519042969,0.0,41.630001068115234,0.0,41.630001068115234,41.630001068115234,41.630001068115234,0.0,0
2013-03-04,11.377495765686035,0.0,41.66999816894531,0.0,41.66999816894531,41.66999816894531,41.66999816894531,0.0,0
2013-03-05,11.492168426513672,0.0,42.09000015258789,0.0,42.09000015258789,42.09000015258789,42.09000015258789,0.0,0
2013-03-06,11.514007568359375,0.0,42.16999816894531,0.0,42.16999816894531,42.16999816894531,42.16999816894531,0.0,0
2013-03-07,11.535856246948242,0.0,42.25,0.0,42.25,42.25,42.25,0.0,0
2013-03-08,11.587729454040527,0.0,42.439998626708984,0.0,42.439998626708984,42.439998626708984,42.439998626708984,0.0,0
2013-03-11,11.623224258422852,0.0,42.56999969482422,0.0,42.56999969482422,42.56999969482422,42.56999969482422,0.0,0
2013-03-12,11.63687801361084,0.0,42.619998931884766,0.0,42.619998931884766,42.619998931884766,42.619998931884766,0.0,0
2013-03-13,11.658721923828125,0.0,42.70000076293945,0.0,42.70000076293945,42.70000076293945,42.70000076293945,0.0,0
2013-03-14,11.759745597839355,0.0,43.06999969482422,0.0,43.06999969482422,43.06999969482422,43.06999969482422,0.0,0
2013-03-15,11.762475967407227,0.0,43.08000183105469,0.0,43.08000183105469,43.08000183105469,43.08000183105469,0.0,0
2013-03-18,11.74609375,0.0,43.02000045776367,0.0,43.02000045776367,43.02000045776367,43.02000045776367,0.0,0
2013-03-19,11.721521377563477,0.0,42.93000030517578,0.0,42.93000030517578,42.93000030517578,42.93000030517578,0.0,0
2013-03-20,11.792509078979492,0.0,43.189998626708984,0.0,43.189998626708984,43.189998626708984,43.189998626708984,0.0,0
2013-03-21,11.75155258178711,0.0,43.040000915527344,0.0,43.040000915527344,43.040000915527344,43.040000915527344,0.0,0
2013-03-22,11.789778709411621,0.0,43.18000030517578,0.0,43.18000030517578,43.18000030517578,43.18000030517578,0.0,0
2013-03-25,11.762475967407227,0.0,43.08000183105469,0.0,43.08000183105469,43.08000183105469,43.08000183105469,0.0,0
2013-03-26,11.83073616027832,0.0,43.33000183105469,0.0,43.33000183105469,43.33000183105469,43.33000183105469,0.0,0
2013-03-27,11.84711742401123,0.0,43.38999938964844,0.0,43.38999938964844,43.38999938964844,43.38999938964844,0.0,0
2013-03-28,11.90445327758789,0.0,43.599998474121094,0.0,43.599998474121094,43.599998474121094,43.599998474121094,0.0,0
2013-04-01,11.822543144226074,0.0,43.29999923706055,0.0,43.29999923706055,43.29999923706055,43.29999923706055,0.0,0
2013-04-02,11.863500595092773,0.0,43.45000076293945,0.0,43.45000076293945,43.45000076293945,43.45000076293945,0.0,0
2013-04-03,11.79797077178955,0.0,43.209999084472656,0.0,43.209999084472656,43.209999084472656,43.209999084472656,0.0,0
2013-04-04,11.863500595092773,0.0,43.45000076293945,0.0,43.45000076293945,43.45000076293945,43.45000076293945,0.0,0
2013-04-05,11.787047386169434,0.0,43.16999816894531,0.0,43.16999816894531,43.16999816894531,43.16999816894531,0.0,0
2013-04-08,11.833464622497559,0.0,43.34000015258789,0.0,43.34000015258789,43.34000015258789,43.34000015258789,0.0,0
2013-04-09,11.874422073364258,0.0,43.4900016784668,0.0,43.4900016784668,43.4900016784668,43.4900016784668,0.0,0
2013-04-10,12.013669967651367,0.0,44.0,0.0,44.0,44.0,44.0,0.0,0
2013-04-11,12.04916763305664,0.0,44.130001068115234,0.0,44.130001068115234,44.130001068115234,44.130001068115234,0.0,0
2013-04-12,12.03824520111084,0.0,44.09000015258789,0.0,44.09000015258789,44.09000015258789,44.09000015258789,0.0,0
2013-04-15,11.773397445678711,0.0,43.119998931884766,0.0,43.119998931884766,43.119998931884766,43.119998931884766,0.0,0
2013-04-16,11.915375709533691,0.0,43.63999938964844,0.0,43.63999938964844,43.63999938964844,43.63999938964844,0.0,0
2013-04-17,11.767936706542969,0.0,43.099998474121094,0.0,43.099998474121094,43.099998474121094,43.099998474121094,0.0,0
2013-04-18,11.7051362991333,0.0,42.869998931884766,0.0,42.869998931884766,42.869998931884766,42.869998931884766,0.0,0
2013-04-19,11.789778709411621,0.0,43.18000030517578,0.0,43.18000030517578,43.18000030517578,43.18000030517578,0.0,0
2013-04-22,11.83073616027832,0.0,43.33000183105469,0.0,43.33000183105469,43.33000183105469,43.33000183105469,0.0,0
2013-04-23,11.948141098022461,0.0,43.7599983215332,0.0,43.7599983215332,43.7599983215332,43.7599983215332,0.0,0
2013-04-24,12.03005313873291,0.0,44.060001373291016,0.0,44.060001373291016,44.060001373291016,44.060001373291016,0.0,0
2013-04-25,12.101041793823242,0.0,44.31999969482422,0.0,44.31999969482422,44.31999969482422,44.31999969482422,0.0,0
2013-04-26,12.079200744628906,0.0,44.2400016784668,0.0,44.2400016784668,44.2400016784668,44.2400016784668,0.0,0
2013-04-29,12.158381462097168,0.0,44.529998779296875,0.0,44.529998779296875,44.529998779296875,44.529998779296875,0.0,0
2013-04-30,12.245749473571777,0.0,44.849998474121094,0.0,44.849998474121094,44.849998474121094,44.849998474121094,0.0,0
2013-05-01,12.185683250427246,0.0,44.630001068115234,0.0,44.630001068115234,44.630001068115234,44.630001068115234,0.0,0
2013-05-02,12.259405136108398,0.0,44.900001525878906,0.0,44.900001525878906,44.900001525878906,44.900001525878906,0.0,0
2013-05-03,12.382272720336914,0.0,45.349998474121094,0.0,45.349998474121094,45.349998474121094,45.349998474121094,0.0,0
2013-05-06,12.409578323364258,0.0,45.45000076293945,0.0,45.45000076293945,45.45000076293945,45.45000076293945,0.0,0
2013-05-07,12.486026763916016,0.0,45.72999954223633,0.0,45.72999954223633,45.72999954223633,45.72999954223633,0.0,0
2013-05-08,12.570667266845703,0.0,46.040000915527344,0.0,46.040000915527344,46.040000915527344,46.040000915527344,0.0,0
2013-05-09,12.494216918945312,0.0,45.7599983215332,0.0,45.7599983215332,45.7599983215332,45.7599983215332,0.0,0
2013-05-10,12.516060829162598,0.0,45.84000015258789,0.0,45.84000015258789,45.84000015258789,45.84000015258789,0.0,0
2013-05-13,12.477835655212402,0.0,45.70000076293945,0.0,45.70000076293945,45.70000076293945,45.70000076293945,0.0,0
2013-05-14,12.573395729064941,0.0,46.04999923706055,0.0,46.04999923706055,46.04999923706055,46.04999923706055,0.0,0
2013-05-15,12.58704948425293,0.0,46.099998474121094,0.0,46.099998474121094,46.099998474121094,46.099998474121094,0.0,0
2013-05-16,12.526982307434082,0.0,45.880001068115234,0.0,45.880001068115234,45.880001068115234,45.880001068115234,0.0,0
2013-05-17,12.647119522094727,0.0,46.31999969482422,0.0,46.31999969482422,46.31999969482422,46.31999969482422,0.0,0
2013-05-20,12.655308723449707,0.0,46.349998474121094,0.0,46.349998474121094,46.349998474121094,46.349998474121094,0.0,0
2013-05-21,12.660768508911133,0.0,46.369998931884766,0.0,46.369998931884766,46.369998931884766,46.369998931884766,0.0,0
2013-05-22,12.54609489440918,0.0,45.95000076293945,0.0,45.95000076293945,45.95000076293945,45.95000076293945,0.0,0
2013-05-23,12.510599136352539,0.0,45.81999969482422,0.0,45.81999969482422,45.81999969482422,45.81999969482422,0.0,0
2013-05-24,12.442340850830078,0.0,45.56999969482422,0.0,45.56999969482422,45.56999969482422,45.56999969482422,0.0,0
2013-05-28,12.524251937866211,0.0,45.869998931884766,0.0,45.869998931884766,45.869998931884766,45.869998931884766,0.0,0
2013-05-29,12.510599136352539,0.0,45.81999969482422,0.0,45.81999969482422,45.81999969482422,45.81999969482422,0.0,0
2013-05-30,12.578857421875,0.0,46.06999969482422,0.0,46.06999969482422,46.06999969482422,46.06999969482422,0.0,0
2013-05-31,12.455992698669434,0.0,45.619998931884766,0.0,45.619998931884766,45.619998931884766,45.619998931884766,0.0,0
2013-06-03,12.496947288513184,0.0,45.77000045776367,0.0,45.77000045776367,45.77000045776367,45.77000045776367,0.0,0
2013-06-04,12.472376823425293,0.0,45.68000030517578,0.0,45.68000030517578,45.68000030517578,45.68000030517578,0.0,0
2013-06-05,12.344045639038086,0.0,45.209999084472656,0.0,45.209999084472656,45.209999084472656,45.209999084472656,0.0,0
2013-06-06,12.423227310180664,0.0,45.5,0.0,45.5,45.5,45.5,0.0,0
2013-06-07,12.52971363067627,0.0,45.88999938964844,0.0,45.88999938964844,45.88999938964844,45.88999938964844,0.0,0
2013-06-10,12.581592559814453,0.0,46.08000183105469,0.0,46.08000183105469,46.08000183105469,46.08000183105469,0.0,0
2013-06-11,12.486026763916016,0.0,45.72999954223633,0.0,45.72999954223633,45.72999954223633,45.72999954223633,0.0,0
2013-06-12,12.415038108825684,0.0,45.470001220703125,0.0,45.470001220703125,45.470001220703125,45.470001220703125,0.0,0
2013-06-13,12.54609489440918,0.0,45.95000076293945,0.0,45.95000076293945,45.95000076293945,45.95000076293945,0.0,0
2013-06-14,12.486026763916016,0.0,45.72999954223633,0.0,45.72999954223633,45.72999954223633,45.72999954223633,0.0,0
2013-06-17,12.59523868560791,0.0,46.130001068115234,0.0,46.130001068115234,46.130001068115234,46.130001068115234,0.0,0
2013-06-18,12.696266174316406,0.0,46.5,0.0,46.5,46.5,46.5,0.0,0
2013-06-19,12.573395729064941,0.0,46.04999923706055,0.0,46.04999923706055,46.04999923706055,46.04999923706055,0.0,0
2013-06-20,12.30582046508789,0.0,45.06999969482422,0.0,45.06999969482422,45.06999969482422,45.06999969482422,0.0,0
2013-06-21,12.251213073730469,0.0,44.869998931884766,0.0,44.869998931884766,44.869998931884766,44.869998931884766,0.0,0
2013-06-24,12.125617027282715,0.0,44.40999984741211,0.0,44.40999984741211,44.40999984741211,44.40999984741211,0.0,0
2013-06-25,12.210259437561035,0.0,44.720001220703125,0.0,44.720001220703125,44.720001220703125,44.720001220703125,0.0,0
2013-06-26,12.278517723083496,0.0,44.970001220703125,0.0,44.970001220703125,44.970001220703125,44.970001220703125,0.0,0
2013-06-27,12.42868709564209,0.0,45.52000045776367,0.0,45.52000045776367,45.52000045776367,45.52000045776367,0.0,0
2013-06-28,12.434149742126465,0.0,45.540000915527344,0.0,45.540000915527344,45.540000915527344,45.540000915527344,0.0,0
2013-07-01,12.567936897277832,0.0,46.029998779296875,0.0,46.029998779296875,46.029998779296875,46.029998779296875,0.0,0
2013-07-02,12.516060829162598,0.0,45.84000015258789,0.0,45.84000015258789,45.84000015258789,45.84000015258789,0.0,0
2013-07-03,12.518787384033203,0.0,45.849998474121094,0.0,45.849998474121094,45.849998474121094,45.849998474121094,0.0,0
2013-07-05,12.625276565551758,0.0,46.2400016784668,0.0,46.2400016784668,46.2400016784668,46.2400016784668,0.0,0
2013-07-08,12.690807342529297,0.0,46.47999954223633,0.0,46.47999954223633,46.47999954223633,46.47999954223633,0.0,0
2013-07-09,12.767255783081055,0.0,46.7599983215332,0.0,46.7599983215332,46.7599983215332,46.7599983215332,0.0,0
2013-07-10,12.794560432434082,0.0,46.86000061035156,0.0,46.86000061035156,46.86000061035156,46.86000061035156,0.0,0
2013-07-11,12.961112976074219,0.0,47.470001220703125,0.0,47.470001220703125,47.470001220703125,47.470001220703125,0.0,0
2013-07-12,12.966574668884277,0.0,47.4900016784668,0.0,47.4900016784668,47.4900016784668,47.4900016784668,0.0,0
2013-07-15,13.02391529083252,0.0,47.70000076293945,0.0,47.70000076293945,47.70000076293945,47.70000076293945,0.0,0
2013-07-16,12.980225563049316,0.0,47.540000915527344,0.0,47.540000915527344,47.540000915527344,47.540000915527344,0.0,0
2013-07-17,12.982953071594238,0.0,47.54999923706055,0.0,47.54999923706055,47.54999923706055,47.54999923706055,0.0,0
2013-07-18,13.100360870361328,0.0,47.97999954223633,0.0,47.97999954223633,47.97999954223633,47.97999954223633,0.0,0
2013-07-19,13.078520774841309,0.0,47.900001525878906,0.0,47.900001525878906,47.900001525878906,47.900001525878906,0.0,0
2013-07-22,13.130396842956543,0.0,48.09000015258789,0.0,48.09000015258789,48.09000015258789,48.09000015258789,0.0,0
2013-07-23,13.133126258850098,0.0,48.099998474121094,0.0,48.099998474121094,48.099998474121094,48.099998474121094,0.0,0
2013-07-24,13.08398151397705,0.0,47.91999816894531,0.0,47.91999816894531,47.91999816894531,47.91999816894531,0.0,0
2013-07-25,13.100360870361328,0.0,47.97999954223633,0.0,47.97999954223633,47.97999954223633,47.97999954223633,0.0,0
2013-07-26,13.045756340026855,0.0,47.779998779296875,0.0,47.779998779296875,47.779998779296875,47.779998779296875,0.0,0
2013-07-29,12.988414764404297,0.0,47.56999969482422,0.0,47.56999969482422,47.56999969482422,47.56999969482422,0.0,0
2013-07-30,13.037566184997559,0.0,47.75,0.0,47.75,47.75,47.75,0.0,0
2013-07-31,13.06213665008545,0.0,47.84000015258789,0.0,47.84000015258789,47.84000015258789,47.84000015258789,0.0,0
2013-08-01,13.209578514099121,0.0,48.380001068115234,0.0,48.380001068115234,48.380001068115234,48.380001068115234,0.0,0
2013-08-02,13.231422424316406,0.0,48.459999084472656,0.0,48.459999084472656,48.459999084472656,48.459999084472656,0.0,0
2013-08-05,13.266914367675781,0.0,48.59000015258789,0.0,48.59000015258789,48.59000015258789,48.59000015258789,0.0,0
2013-08-06,13.1959228515625,0.0,48.33000183105469,0.0,48.33000183105469,48.33000183105469,48.33000183105469,0.0,0
2013-08-07,13.14404582977295,0.0,48.13999938964844,0.0,48.13999938964844,48.13999938964844,48.13999938964844,0.0,0
2013-08-08,13.217767715454102,0.0,48.40999984741211,0.0,48.40999984741211,48.40999984741211,48.40999984741211,0.0,0
2013-08-09,13.176812171936035,0.0,48.2599983215332,0.0,48.2599983215332,48.2599983215332,48.2599983215332,0.0,0
2013-08-12,13.160426139831543,0.0,48.20000076293945,0.0,48.20000076293945,48.20000076293945,48.20000076293945,0.0,0
2013-08-13,13.185005187988281,0.0,48.290000915527344,0.0,48.290000915527344,48.290000915527344,48.290000915527344,0.0,0
2013-08-14,13.149510383605957,0.0,48.15999984741211,0.0,48.15999984741211,48.15999984741211,48.15999984741211,0.0,0
2013-08-15,12.999338150024414,0.0,47.61000061035156,0.0,47.61000061035156,47.61000061035156,47.61000061035156,0.0,0
2013-08-16,13.010261535644531,0.0,47.650001525878906,0.0,47.650001525878906,47.650001525878906,47.650001525878906,0.0,0
2013-08-19,12.942001342773438,0.0,47.400001525878906,0.0,47.400001525878906,47.400001525878906,47.400001525878906,0.0,0
2013-08-20,13.032106399536133,0.0,47.72999954223633,0.0,47.72999954223633,47.72999954223633,47.72999954223633,0.0,0
2013-08-21,12.922884941101074,0.0,47.33000183105469,0.0,47.33000183105469,47.33000183105469,47.33000183105469,0.0,0
2013-08-22,13.01572036743164,0.0,47.66999816894531,0.0,47.66999816894531,47.66999816894531,47.66999816894531,0.0,0
2013-08-23,13.078520774841309,0.0,47.900001525878906,0.0,47.900001525878906,47.900001525878906,47.900001525878906,0.0,0
2013-08-26,13.067597389221191,0.0,47.86000061035156,0.0,47.86000061035156,47.86000061035156,47.86000061035156,0.0,0
2013-08-27,12.862817764282227,0.0,47.11000061035156,0.0,47.11000061035156,47.11000061035156,47.11000061035156,0.0,0
2013-08-28,12.868274688720703,0.0,47.130001068115234,0.0,47.130001068115234,47.130001068115234,47.130001068115234,0.0,0
2013-08-29,12.917427062988281,0.0,47.310001373291016,0.0,47.310001373291016,47.310001373291016,47.310001373291016,0.0,0
2013-08-30,12.827323913574219,0.0,46.97999954223633,0.0,46.97999954223633,46.97999954223633,46.97999954223633,0.0,0
2013-09-03,12.895586013793945,0.0,47.22999954223633,0.0,47.22999954223633,47.22999954223633,47.22999954223633,0.0,0
2013-09-04,12.958383560180664,0.0,47.459999084472656,0.0,47.459999084472656,47.459999084472656,47.459999084472656,0.0,0
2013-09-05,12.999338150024414,0.0,47.61000061035156,0.0,47.61000061035156,47.61000061035156,47.61000061035156,0.0,0
2013-09-06,13.00879955291748,0.0,45.380001068115234,2.263,45.380001068115234,45.380001068115234,45.380001068115234,0.0,0
2013-09-09,13.146393775939941,0.0,45.86000061035156,0.0,45.86000061035156,45.86000061035156,45.86000061035156,0.0,0
2013-09-10,13.252463340759277,0.0,46.22999954223633,0.0,46.22999954223633,46.22999954223633,46.22999954223633,0.0,0
2013-09-11,13.286858558654785,0.0,46.349998474121094,0.0,46.349998474121094,46.349998474121094,46.349998474121094,0.0,0
2013-09-12,13.238129615783691,0.0,46.18000030517578,0.0,46.18000030517578,46.18000030517578,46.18000030517578,0.0,0
2013-09-13,13.289726257324219,0.0,46.36000061035156,0.0,46.36000061035156,46.36000061035156,46.36000061035156,0.0,0
2013-09-16,13.361395835876465,0.0,46.61000061035156,0.0,46.61000061035156,46.61000061035156,46.61000061035156,0.0,0
2013-09-17,13.424461364746094,0.0,46.83000183105469,0.0,46.83000183105469,46.83000183105469,46.83000183105469,0.0,0
2013-09-18,13.530526161193848,0.0,47.20000076293945,0.0,47.20000076293945,47.20000076293945,47.20000076293945,0.0,0
2013-09-19,13.453129768371582,0.0,46.93000030517578,0.0,46.93000030517578,46.93000030517578,46.93000030517578,0.0,0
2013-09-20,13.390059471130371,0.0,46.709999084472656,0.0,46.709999084472656,46.709999084472656,46.709999084472656,0.0,0
2013-09-23,13.381460189819336,0.0,46.68000030517578,0.0,46.68000030517578,46.68000030517578,46.68000030517578,0.0,0
2013-09-24,13.415858268737793,0.0,46.79999923706055,0.0,46.79999923706055,46.79999923706055,46.79999923706055,0.0,0
2013-09-25,13.444528579711914,0.0,46.900001525878906,0.0,46.900001525878906,46.900001525878906,46.900001525878906,0.0,0
2013-09-26,13.467459678649902,0.0,46.97999954223633,0.0,46.97999954223633,46.97999954223633,46.97999954223633,0.0,0
2013-09-27,13.464594841003418,0.0,46.970001220703125,0.0,46.970001220703125,46.970001220703125,46.970001220703125,0.0,0
2013-09-30,13.430192947387695,0.0,46.849998474121094,0.0,46.849998474121094,46.849998474121094,46.849998474121094,0.0,0
2013-10-01,13.527658462524414,0.0,47.189998626708984,0.0,47.189998626708984,47.189998626708984,47.189998626708984,0.0,0
2013-10-02,13.53912353515625,0.0,47.22999954223633,0.0,47.22999954223633,47.22999954223633,47.22999954223633,0.0,0
2013-10-03,13.478925704956055,0.0,47.02000045776367,0.0,47.02000045776367,47.02000045776367,47.02000045776367,0.0,0
2013-10-04,13.524787902832031,0.0,47.18000030517578,0.0,47.18000030517578,47.18000030517578,47.18000030517578,0.0,0
2013-10-07,13.404397010803223,0.0,46.7599983215332,0.0,46.7599983215332,46.7599983215332,46.7599983215332,0.0,0
2013-10-08,13.275394439697266,0.0,46.310001373291016,0.0,46.310001373291016,46.310001373291016,46.310001373291016,0.0,0
2013-10-09,13.289726257324219,0.0,46.36000061035156,0.0,46.36000061035156,46.36000061035156,46.36000061035156,0.0,0
2013-10-10,13.510457038879395,0.0,47.130001068115234,0.0,47.130001068115234,47.130001068115234,47.130001068115234,0.0,0
2013-10-11,13.605059623718262,0.0,47.459999084472656,0.0,47.459999084472656,47.459999084472656,47.459999084472656,0.0,0
2013-10-14,13.656658172607422,0.0,47.63999938964844,0.0,47.63999938964844,47.63999938964844,47.63999938964844,0.0,0
2013-10-15,13.602192878723145,0.0,47.45000076293945,0.0,47.45000076293945,47.45000076293945,47.45000076293945,0.0,0
2013-10-16,13.722591400146484,0.0,47.869998931884766,0.0,47.869998931884766,47.869998931884766,47.869998931884766,0.0,0
2013-10-17,13.779921531677246,0.0,48.06999969482422,0.0,48.06999969482422,48.06999969482422,48.06999969482422,0.0,0
2013-10-18,13.860185623168945,0.0,48.349998474121094,0.0,48.349998474121094,48.349998474121094,48.349998474121094,0.0,0
2013-10-21,13.87452220916748,0.0,48.400001525878906,0.0,48.400001525878906,48.400001525878906,48.400001525878906,0.0,0
2013-10-22,13.923255920410156,0.0,48.56999969482422,0.0,48.56999969482422,48.56999969482422,48.56999969482422,0.0,0
2013-10-23,13.84299087524414,0.0,48.290000915527344,0.0,48.290000915527344,48.290000915527344,48.290000915527344,0.0,0
2013-10-24,13.885987281799316,0.0,48.439998626708984,0.0,48.439998626708984,48.439998626708984,48.439998626708984,0.0,0
2013-10-25,13.92612075805664,0.0,48.58000183105469,0.0,48.58000183105469,48.58000183105469,48.58000183105469,0.0,0
2013-10-28,13.92038631439209,0.0,48.560001373291016,0.0,48.560001373291016,48.560001373291016,48.560001373291016,0.0,0
2013-10-29,13.954784393310547,0.0,48.68000030517578,0.0,48.68000030517578,48.68000030517578,48.68000030517578,0.0,0
2013-10-30,13.946188926696777,0.0,48.650001525878906,0.0,48.650001525878906,48.650001525878906,48.650001525878906,0.0,0
2013-10-31,13.90892219543457,0.0,48.52000045776367,0.0,48.52000045776367,48.52000045776367,48.52000045776367,0.0,0
2013-11-01,13.900321006774902,0.0,48.4900016784668,0.0,48.4900016784668,48.4900016784668,48.4900016784668,0.0,0
2013-11-04,13.97772216796875,0.0,48.7599983215332,0.0,48.7599983215332,48.7599983215332,48.7599983215332,0.0,0
2013-11-05,13.95765495300293,0.0,48.689998626708984,0.0,48.689998626708984,48.689998626708984,48.689998626708984,0.0,0
2013-11-06,13.986323356628418,0.0,48.790000915527344,0.0,48.790000915527344,48.790000915527344,48.790000915527344,0.0,0
2013-11-07,13.845856666564941,0.0,48.29999923706055,0.0,48.29999923706055,48.29999923706055,48.29999923706055,0.0,0
2013-11-08,13.966257095336914,0.0,48.720001220703125,0.0,48.720001220703125,48.720001220703125,48.720001220703125,0.0,0
2013-11-11,13.980589866638184,0.0,48.77000045776367,0.0,48.77000045776367,48.77000045776367,48.77000045776367,0.0,0
2013-11-12,13.966257095336914,0.0,48.720001220703125,0.0,48.720001220703125,48.720001220703125,48.720001220703125,0.0,0
2013-11-13,14.049388885498047,0.0,49.0099983215332,0.0,49.0099983215332,49.0099983215332,49.0099983215332,0.0,0
2013-11-14,14.100981712341309,0.0,49.189998626708984,0.0,49.189998626708984,49.189998626708984,49.189998626708984,0.0,0
2013-11-15,14.12965202331543,0.0,49.290000915527344,0.0,49.290000915527344,49.290000915527344,49.290000915527344,0.0,0
2013-11-18,14.103851318359375,0.0,49.20000076293945,0.0,49.20000076293945,49.20000076293945,49.20000076293945,0.0,0
2013-11-19,14.035054206848145,0.0,48.959999084472656,0.0,48.959999084472656,48.959999084472656,48.959999084472656,0.0,0
2013-11-20,14.012120246887207,0.0,48.880001068115234,0.0,48.880001068115234,48.880001068115234,48.880001068115234,0.0,0
2013-11-21,14.095250129699707,0.0,49.16999816894531,0.0,49.16999816894531,49.16999816894531,49.16999816894531,0.0,0
2013-11-22,14.143983840942383,0.0,49.34000015258789,0.0,49.34000015258789,49.34000015258789,49.34000015258789,0.0,0
2013-11-25,14.149717330932617,0.0,49.36000061035156,0.0,49.36000061035156,49.36000061035156,49.36000061035156,0.0,0
2013-11-26,14.184114456176758,0.0,49.47999954223633,0.0,49.47999954223633,49.47999954223633,49.47999954223633,0.0,0
2013-11-27,14.224250793457031,0.0,49.619998931884766,0.0,49.619998931884766,49.619998931884766,49.619998931884766,0.0,0
2013-11-29,14.241451263427734,0.0,49.68000030517578,0.0,49.68000030517578,49.68000030517578,49.68000030517578,0.0,0
2013-12-02,14.20132064819336,0.0,49.540000915527344,0.0,49.540000915527344,49.540000915527344,49.540000915527344,0.0,0
2013-12-03,14.175519943237305,0.0,49.45000076293945,0.0,49.45000076293945,49.45000076293945,49.45000076293945,0.0,0
2013-12-04,14.166919708251953,0.0,49.41999816894531,0.0,49.41999816894531,49.41999816894531,49.41999816894531,0.0,0
2013-12-05,14.103851318359375,0.0,49.20000076293945,0.0,49.20000076293945,49.20000076293945,49.20000076293945,0.0,0
2013-12-06,14.20132064819336,0.0,49.540000915527344,0.0,49.540000915527344,49.540000915527344,49.540000915527344,0.0,0
2013-12-09,14.209918022155762,0.0,49.56999969482422,0.0,49.56999969482422,49.56999969482422,49.56999969482422,0.0,0
2013-12-10,14.212782859802246,0.0,49.58000183105469,0.0,49.58000183105469,49.58000183105469,49.58000183105469,0.0,0
2013-12-11,14.06658935546875,0.0,49.06999969482422,0.0,49.06999969482422,49.06999969482422,49.06999969482422,0.0,0
2013-12-12,14.003520965576172,0.0,48.849998474121094,0.0,48.849998474121094,48.849998474121094,48.849998474121094,0.0,0
2013-12-13,13.997076988220215,0.0,47.790000915527344,1.038,47.790000915527344,47.790000915527344,47.790000915527344,0.0,0
2013-12-16,14.084943771362305,0.0,48.09000015258789,0.0,48.09000015258789,48.09000015258789,48.09000015258789,0.0,0
2013-12-17,14.064443588256836,0.0,48.02000045776367,0.0,48.02000045776367,48.02000045776367,48.02000045776367,0.0,0
2013-12-18,14.175738334655762,0.0,48.400001525878906,0.0,48.400001525878906,48.400001525878906,48.400001525878906,0.0,0
2013-12-19,14.155235290527344,0.0,48.33000183105469,0.0,48.33000183105469,48.33000183105469,48.33000183105469,0.0,0
2013-12-20,14.246028900146484,0.0,48.63999938964844,0.0,48.63999938964844,48.63999938964844,48.63999938964844,0.0,0
2013-12-23,14.33096694946289,0.0,48.93000030517578,0.0,48.93000030517578,48.93000030517578,48.93000030517578,0.0,0
2013-12-24,14.354400634765625,0.0,49.0099983215332,0.0,49.0099983215332,49.0099983215332,49.0099983215332,0.0,0
2013-12-26,14.407114028930664,0.0,49.189998626708984,0.0,49.189998626708984,49.189998626708984,49.189998626708984,0.0,0
2013-12-27,14.427621841430664,0.0,49.2599983215332,0.0,49.2599983215332,49.2599983215332,49.2599983215332,0.0,0
2013-12-30,14.465697288513184,0.0,49.38999938964844,0.0,49.38999938964844,49.38999938964844,49.38999938964844,0.0,0
2013-12-31,14.486200332641602,0.0,49.459999084472656,0.0,49.459999084472656,49.459999084472656,49.459999084472656,0.0,0
2014-01-02,14.386615753173828,0.0,49.119998931884766,0.0,49.119998931884766,49.119998931884766,49.119998931884766,0.0,0
2014-01-03,14.4510498046875,0.0,49.34000015258789,0.0,49.34000015258789,49.34000015258789,49.34000015258789,0.0,0
2014-01-06,14.421764373779297,0.0,49.2400016784668,0.0,49.2400016784668,49.2400016784668,49.2400016784668,0.0,0
2014-01-07,14.483270645141602,0.0,49.45000076293945,0.0,49.45000076293945,49.45000076293945,49.45000076293945,0.0,0
2014-01-08,14.509631156921387,0.0,49.540000915527344,0.0,49.540000915527344,49.540000915527344,49.540000915527344,0.0,0
2014-01-09,14.477412223815918,0.0,49.43000030517578,0.0,49.43000030517578,49.43000030517578,49.43000030517578,0.0,0
2014-01-10,14.544774055480957,0.0,49.65999984741211,0.0,49.65999984741211,49.65999984741211,49.65999984741211,0.0,0
2014-01-13,14.430550575256348,0.0,49.27000045776367,0.0,49.27000045776367,49.27000045776367,49.27000045776367,0.0,0
2014-01-14,14.509631156921387,0.0,49.540000915527344,0.0,49.540000915527344,49.540000915527344,49.540000915527344,0.0,0
2014-01-15,14.574067115783691,0.0,49.7599983215332,0.0,49.7599983215332,49.7599983215332,49.7599983215332,0.0,0
2014-01-16,14.453981399536133,0.0,49.349998474121094,0.0,49.349998474121094,49.349998474121094,49.349998474121094,0.0,0
2014-01-17,14.398331642150879,0.0,49.15999984741211,0.0,49.15999984741211,49.15999984741211,49.15999984741211,0.0,0
2014-01-21,14.43348217010498,0.0,49.279998779296875,0.0,49.279998779296875,49.279998779296875,49.279998779296875,0.0,0
2014-01-22,14.46862506866455,0.0,49.400001525878906,0.0,49.400001525878906,49.400001525878906,49.400001525878906,0.0,0
2014-01-23,14.389544486999512,0.0,49.130001068115234,0.0,49.130001068115234,49.130001068115234,49.130001068115234,0.0,0
2014-01-24,14.125948905944824,0.0,48.22999954223633,0.0,48.22999954223633,48.22999954223633,48.22999954223633,0.0,0
2014-01-27,14.026362419128418,0.0,47.88999938964844,0.0,47.88999938964844,47.88999938964844,47.88999938964844,0.0,0
2014-01-28,14.064443588256836,0.0,48.02000045776367,0.0,48.02000045776367,48.02000045776367,48.02000045776367,0.0,0
2014-01-29,14.008792877197266,0.0,47.83000183105469,0.0,47.83000183105469,47.83000183105469,47.83000183105469,0.0,0
2014-01-30,14.061511039733887,0.0,48.0099983215332,0.0,48.0099983215332,48.0099983215332,48.0099983215332,0.0,0
2014-01-31,14.000006675720215,0.0,47.79999923706055,0.0,47.79999923706055,47.79999923706055,47.79999923706055,0.0,0
2014-02-03,13.730551719665527,0.0,46.880001068115234,0.0,46.880001068115234,46.880001068115234,46.880001068115234,0.0,0
2014-02-04,13.742262840270996,0.0,46.91999816894531,0.0,46.91999816894531,46.91999816894531,46.91999816894531,0.0,0
2014-02-05,13.733474731445312,0.0,46.88999938964844,0.0,46.88999938964844,46.88999938964844,46.88999938964844,0.0,0
2014-02-06,13.90042495727539,0.0,47.459999084472656,0.0,47.459999084472656,47.459999084472656,47.459999084472656,0.0,0
2014-02-07,14.008792877197266,0.0,47.83000183105469,0.0,47.83000183105469,47.83000183105469,47.83000183105469,0.0,0
2014-02-10,14.00586223602295,0.0,47.81999969482422,0.0,47.81999969482422,47.81999969482422,47.81999969482422,0.0,0
2014-02-11,14.102518081665039,0.0,48.150001525878906,0.0,48.150001525878906,48.150001525878906,48.150001525878906,0.0,0
2014-02-12,14.137661933898926,0.0,48.27000045776367,0.0,48.27000045776367,48.27000045776367,48.27000045776367,0.0,0
2014-02-13,14.210884094238281,0.0,48.52000045776367,0.0,48.52000045776367,48.52000045776367,48.52000045776367,0.0,0
2014-02-14,14.257742881774902,0.0,48.68000030517578,0.0,48.68000030517578,48.68000030517578,48.68000030517578,0.0,0
2014-02-18,14.333895683288574,0.0,48.939998626708984,0.0,48.939998626708984,48.939998626708984,48.939998626708984,0.0,0
2014-02-19,14.272387504577637,0.0,48.72999954223633,0.0,48.72999954223633,48.72999954223633,48.72999954223633,0.0,0
2014-02-20,14.307537078857422,0.0,48.849998474121094,0.0,48.849998474121094,48.849998474121094,48.849998474121094,0.0,0
2014-02-21,14.348540306091309,0.0,48.9900016784668,0.0,48.9900016784668,48.9900016784668,48.9900016784668,0.0,0
2014-02-24,14.456907272338867,0.0,49.36000061035156,0.0,49.36000061035156,49.36000061035156,49.36000061035156,0.0,0
2014-02-25,14.439338684082031,0.0,49.29999923706055,0.0,49.29999923706055,49.29999923706055,49.29999923706055,0.0,0
2014-02-26,14.486200332641602,0.0,49.459999084472656,0.0,49.459999084472656,49.459999084472656,49.459999084472656,0.0,0
2014-02-27,14.518415451049805,0.0,49.56999969482422,0.0,49.56999969482422,49.56999969482422,49.56999969482422,0.0,0
2014-02-28,14.612140655517578,0.0,49.88999938964844,0.0,49.88999938964844,49.88999938964844,49.88999938964844,0.0,0
2014-03-03,14.494987487792969,0.0,49.4900016784668,0.0,49.4900016784668,49.4900016784668,49.4900016784668,0.0,0
2014-03-04,14.670714378356934,0.0,50.09000015258789,0.0,50.09000015258789,50.09000015258789,50.09000015258789,0.0,0
2014-03-05,14.667789459228516,0.0,50.08000183105469,0.0,50.08000183105469,50.08000183105469,50.08000183105469,0.0,0
2014-03-06,14.6736478805542,0.0,50.099998474121094,0.0,50.099998474121094,50.099998474121094,50.099998474121094,0.0,0
2014-03-07,14.653142929077148,0.0,50.029998779296875,0.0,50.029998779296875,50.029998779296875,50.029998779296875,0.0,0
2014-03-10,14.664862632751465,0.0,50.06999969482422,0.0,50.06999969482422,50.06999969482422,50.06999969482422,0.0,0
2014-03-11,14.615067481994629,0.0,49.900001525878906,0.0,49.900001525878906,49.900001525878906,49.900001525878906,0.0,0
2014-03-12,14.594566345214844,0.0,49.83000183105469,0.0,49.83000183105469,49.83000183105469,49.83000183105469,0.0,0
2014-03-13,14.456907272338867,0.0,49.36000061035156,0.0,49.36000061035156,49.36000061035156,49.36000061035156,0.0,0
2014-03-14,14.439338684082031,0.0,49.29999923706055,0.0,49.29999923706055,49.29999923706055,49.29999923706055,0.0,0
2014-03-17,14.547704696655273,0.0,49.66999816894531,0.0,49.66999816894531,49.66999816894531,49.66999816894531,0.0,0
2014-03-18,14.653142929077148,0.0,50.029998779296875,0.0,50.029998779296875,50.029998779296875,50.029998779296875,0.0,0
2014-03-19,14.597495079040527,0.0,49.84000015258789,0.0,49.84000015258789,49.84000015258789,49.84000015258789,0.0,0
2014-03-20,14.63849925994873,0.0,49.97999954223633,0.0,49.97999954223633,49.97999954223633,49.97999954223633,0.0,0
2014-03-21,14.64142894744873,0.0,49.9900016784668,0.0,49.9900016784668,49.9900016784668,49.9900016784668,0.0,0
2014-03-24,14.60335636138916,0.0,49.86000061035156,0.0,49.86000061035156,49.86000061035156,49.86000061035156,0.0,0
2014-03-25,14.650216102600098,0.0,50.02000045776367,0.0,50.02000045776367,50.02000045776367,50.02000045776367,0.0,0
2014-03-26,14.623857498168945,0.0,49.93000030517578,0.0,49.93000030517578,49.93000030517578,49.93000030517578,0.0,0
2014-03-27,14.574067115783691,0.0,49.7599983215332,0.0,49.7599983215332,49.7599983215332,49.7599983215332,0.0,0
2014-03-28,14.661928176879883,0.0,50.060001373291016,0.0,50.060001373291016,50.060001373291016,50.060001373291016,0.0,0
2014-03-31,14.779086112976074,0.0,50.459999084472656,0.0,50.459999084472656,50.459999084472656,50.459999084472656,0.0,0
2014-04-01,14.878665924072266,0.0,50.79999923706055,0.0,50.79999923706055,50.79999923706055,50.79999923706055,0.0,0
2014-04-02,14.922597885131836,0.0,50.95000076293945,0.0,50.95000076293945,50.95000076293945,50.95000076293945,0.0,0
2014-04-03,14.907953262329102,0.0,50.900001525878906,0.0,50.900001525878906,50.900001525878906,50.900001525878906,0.0,0
2014-04-04,14.805447578430176,0.0,50.54999923706055,0.0,50.54999923706055,50.54999923706055,50.54999923706055,0.0,0
2014-04-07,14.653142929077148,0.0,50.029998779296875,0.0,50.029998779296875,50.029998779296875,50.029998779296875,0.0,0
2014-04-08,14.667789459228516,0.0,50.08000183105469,0.0,50.08000183105469,50.08000183105469,50.08000183105469,0.0,0
2014-04-09,14.773226737976074,0.0,50.439998626708984,0.0,50.439998626708984,50.439998626708984,50.439998626708984,0.0,0
2014-04-10,14.556493759155273,0.0,49.70000076293945,0.0,49.70000076293945,49.70000076293945,49.70000076293945,0.0,0
2014-04-11,14.421764373779297,0.0,49.2400016784668,0.0,49.2400016784668,49.2400016784668,49.2400016784668,0.0,0
2014-04-14,14.44226360321045,0.0,49.310001373291016,0.0,49.310001373291016,49.310001373291016,49.310001373291016,0.0,0
2014-04-15,14.439338684082031,0.0,49.29999923706055,0.0,49.29999923706055,49.29999923706055,49.29999923706055,0.0,0
2014-04-16,14.53891658782959,0.0,49.63999938964844,0.0,49.63999938964844,49.63999938964844,49.63999938964844,0.0,0
2014-04-17,14.57113265991211,0.0,49.75,0.0,49.75,49.75,49.75,0.0,0
2014-04-21,14.568206787109375,0.0,49.7400016784668,0.0,49.7400016784668,49.7400016784668,49.7400016784668,0.0,0
2014-04-22,14.644357681274414,0.0,50.0,0.0,50.0,50.0,50.0,0.0,0
2014-04-23,14.57992172241211,0.0,49.779998779296875,0.0,49.779998779296875,49.779998779296875,49.779998779296875,0.0,0
2014-04-24,14.60335636138916,0.0,49.86000061035156,0.0,49.86000061035156,49.86000061035156,49.86000061035156,0.0,0
2014-04-25,14.489126205444336,0.0,49.470001220703125,0.0,49.470001220703125,49.470001220703125,49.470001220703125,0.0,0
2014-04-28,14.49205207824707,0.0,49.47999954223633,0.0,49.47999954223633,49.47999954223633,49.47999954223633,0.0,0
2014-04-29,14.547704696655273,0.0,49.66999816894531,0.0,49.66999816894531,49.66999816894531,49.66999816894531,0.0,0
2014-04-30,14.60335636138916,0.0,49.86000061035156,0.0,49.86000061035156,49.86000061035156,49.86000061035156,0.0,0
2014-05-01,14.620922088623047,0.0,49.91999816894531,0.0,49.91999816894531,49.91999816894531,49.91999816894531,0.0,0
2014-05-02,14.676575660705566,0.0,50.11000061035156,0.0,50.11000061035156,50.11000061035156,50.11000061035156,0.0,0
2014-05-05,14.64142894744873,0.0,49.9900016784668,0.0,49.9900016784668,49.9900016784668,49.9900016784668,0.0,0
2014-05-06,14.568206787109375,0.0,49.7400016784668,0.0,49.7400016784668,49.7400016784668,49.7400016784668,0.0,0
2014-05-07,14.574067115783691,0.0,49.7599983215332,0.0,49.7599983215332,49.7599983215332,49.7599983215332,0.0,0
2014-05-08,14.562352180480957,0.0,49.720001220703125,0.0,49.720001220703125,49.720001220703125,49.720001220703125,0.0,0
2014-05-09,14.568206787109375,0.0,49.7400016784668,0.0,49.7400016784668,49.7400016784668,49.7400016784668,0.0,0
2014-05-12,14.6941499710083,0.0,50.16999816894531,0.0,50.16999816894531,50.16999816894531,50.16999816894531,0.0,0
2014-05-13,14.6941499710083,0.0,50.16999816894531,0.0,50.16999816894531,50.16999816894531,50.16999816894531,0.0,0
2014-05-14,14.612140655517578,0.0,49.88999938964844,0.0,49.88999938964844,49.88999938964844,49.88999938964844,0.0,0
2014-05-15,14.46862506866455,0.0,49.400001525878906,0.0,49.400001525878906,49.400001525878906,49.400001525878906,0.0,0
2014-05-16,14.494987487792969,0.0,49.4900016784668,0.0,49.4900016784668,49.4900016784668,49.4900016784668,0.0,0
2014-05-19,14.565278053283691,0.0,49.72999954223633,0.0,49.72999954223633,49.72999954223633,49.72999954223633,0.0,0
2014-05-20,14.477412223815918,0.0,49.43000030517578,0.0,49.43000030517578,49.43000030517578,49.43000030517578,0.0,0
2014-05-21,14.576997756958008,0.0,49.77000045776367,0.0,49.77000045776367,49.77000045776367,49.77000045776367,0.0,0
2014-05-22,14.626788139343262,0.0,49.939998626708984,0.0,49.939998626708984,49.939998626708984,49.939998626708984,0.0,0
2014-05-23,14.691217422485352,0.0,50.15999984741211,0.0,50.15999984741211,50.15999984741211,50.15999984741211,0.0,0
2014-05-27,14.761512756347656,0.0,50.400001525878906,0.0,50.400001525878906,50.400001525878906,50.400001525878906,0.0,0
2014-05-28,14.735152244567871,0.0,50.310001373291016,0.0,50.310001373291016,50.310001373291016,50.310001373291016,0.0,0
2014-05-29,14.782017707824707,0.0,50.470001220703125,0.0,50.470001220703125,50.470001220703125,50.470001220703125,0.0,0
2014-05-30,14.805447578430176,0.0,50.54999923706055,0.0,50.54999923706055,50.54999923706055,50.54999923706055,0.0,0
2014-06-02,14.825946807861328,0.0,50.619998931884766,0.0,50.619998931884766,50.619998931884766,50.619998931884766,0.0,0
2014-06-03,14.820091247558594,0.0,50.599998474121094,0.0,50.599998474121094,50.599998474121094,50.599998474121094,0.0,0
2014-06-04,14.890381813049316,0.0,50.84000015258789,0.0,50.84000015258789,50.84000015258789,50.84000015258789,0.0,0
2014-06-05,14.972391128540039,0.0,51.119998931884766,0.0,51.119998931884766,51.119998931884766,51.119998931884766,0.0,0
2014-06-06,15.063183784484863,0.0,51.43000030517578,0.0,51.43000030517578,51.43000030517578,51.43000030517578,0.0,0
2014-06-09,15.07197380065918,0.0,51.459999084472656,0.0,51.459999084472656,51.459999084472656,51.459999084472656,0.0,0
2014-06-10,15.074902534484863,0.0,51.470001220703125,0.0,51.470001220703125,51.470001220703125,51.470001220703125,0.0,0
2014-06-11,15.019253730773926,0.0,51.279998779296875,0.0,51.279998779296875,51.279998779296875,51.279998779296875,0.0,0
2014-06-12,14.975319862365723,0.0,51.130001068115234,0.0,51.130001068115234,51.130001068115234,51.130001068115234,0.0,0
2014-06-13,14.984106063842773,0.0,51.15999984741211,0.0,51.15999984741211,51.15999984741211,51.15999984741211,0.0,0
2014-06-16,14.972391128540039,0.0,51.119998931884766,0.0,51.119998931884766,51.119998931884766,51.119998931884766,0.0,0
2014-06-17,15.030966758728027,0.0,51.31999969482422,0.0,51.31999969482422,51.31999969482422,51.31999969482422,0.0,0
2014-06-18,15.107120513916016,0.0,51.58000183105469,0.0,51.58000183105469,51.58000183105469,51.58000183105469,0.0,0
2014-06-19,15.121763229370117,0.0,51.630001068115234,0.0,51.630001068115234,51.630001068115234,51.630001068115234,0.0,0
2014-06-20,15.118834495544434,0.0,51.619998931884766,0.0,51.619998931884766,51.619998931884766,51.619998931884766,0.0,0
2014-06-23,15.107120513916016,0.0,51.58000183105469,0.0,51.58000183105469,51.58000183105469,51.58000183105469,0.0,0
2014-06-24,15.057331085205078,0.0,51.40999984741211,0.0,51.40999984741211,51.40999984741211,51.40999984741211,0.0,0
2014-06-25,15.104191780090332,0.0,51.56999969482422,0.0,51.56999969482422,51.56999969482422,51.56999969482422,0.0,0
2014-06-26,15.101263999938965,0.0,51.560001373291016,0.0,51.560001373291016,51.560001373291016,51.560001373291016,0.0,0
2014-06-27,15.153983116149902,0.0,51.7400016784668,0.0,51.7400016784668,51.7400016784668,51.7400016784668,0.0,0
2014-06-30,15.194984436035156,0.0,51.880001068115234,0.0,51.880001068115234,51.880001068115234,51.880001068115234,0.0,0
2014-07-01,15.320928573608398,0.0,52.310001373291016,0.0,52.310001373291016,52.310001373291016,52.310001373291016,0.0,0
2014-07-02,15.315069198608398,0.0,52.290000915527344,0.0,52.290000915527344,52.290000915527344,52.290000915527344,0.0,0
2014-07-03,15.411717414855957,0.0,52.619998931884766,0.0,52.619998931884766,52.619998931884766,52.619998931884766,0.0,0
2014-07-07,15.312138557434082,0.0,52.279998779296875,0.0,52.279998779296875,52.279998779296875,52.279998779296875,0.0,0
2014-07-08,15.215486526489258,0.0,51.95000076293945,0.0,51.95000076293945,51.95000076293945,51.95000076293945,0.0,0
2014-07-09,15.241846084594727,0.0,52.040000915527344,0.0,52.040000915527344,52.040000915527344,52.040000915527344,0.0,0
2014-07-10,15.139334678649902,0.0,51.689998626708984,0.0,51.689998626708984,51.689998626708984,51.689998626708984,0.0,0
2014-07-11,15.133477210998535,0.0,51.66999816894531,0.0,51.66999816894531,51.66999816894531,51.66999816894531,0.0,0
2014-07-14,15.200841903686523,0.0,51.900001525878906,0.0,51.900001525878906,51.900001525878906,51.900001525878906,0.0,0
2014-07-15,15.16569709777832,0.0,51.779998779296875,0.0,51.779998779296875,51.779998779296875,51.779998779296875,0.0,0
2014-07-16,15.215486526489258,0.0,51.95000076293945,0.0,51.95000076293945,51.95000076293945,51.95000076293945,0.0,0
2014-07-17,15.12762451171875,0.0,51.650001525878906,0.0,51.650001525878906,51.650001525878906,51.650001525878906,0.0,0
2014-07-18,15.20669937133789,0.0,51.91999816894531,0.0,51.91999816894531,51.91999816894531,51.91999816894531,0.0,0
2014-07-21,15.153983116149902,0.0,51.7400016784668,0.0,51.7400016784668,51.7400016784668,51.7400016784668,0.0,0
2014-07-22,15.235994338989258,0.0,52.02000045776367,0.0,52.02000045776367,52.02000045776367,52.02000045776367,0.0,0
2014-07-23,15.250635147094727,0.0,52.06999969482422,0.0,52.06999969482422,52.06999969482422,52.06999969482422,0.0,0
2014-07-24,15.282853126525879,0.0,52.18000030517578,0.0,52.18000030517578,52.18000030517578,52.18000030517578,0.0,0
2014-07-25,15.218415260314941,0.0,51.959999084472656,0.0,51.959999084472656,51.959999084472656,51.959999084472656,0.0,0
2014-07-28,15.197911262512207,0.0,51.88999938964844,0.0,51.88999938964844,51.88999938964844,51.88999938964844,0.0,0
2014-07-29,15.14812183380127,0.0,51.720001220703125,0.0,51.720001220703125,51.720001220703125,51.720001220703125,0.0,0
2014-07-30,15.142265319824219,0.0,51.70000076293945,0.0,51.70000076293945,51.70000076293945,51.70000076293945,0.0,0
2014-07-31,14.946036338806152,0.0,51.029998779296875,0.0,51.029998779296875,51.029998779296875,51.029998779296875,0.0,0
2014-08-01,14.884523391723633,0.0,50.81999969482422,0.0,50.81999969482422,50.81999969482422,50.81999969482422,0.0,0
2014-08-04,14.975319862365723,0.0,51.130001068115234,0.0,51.130001068115234,51.130001068115234,51.130001068115234,0.0,0
2014-08-05,14.890381813049316,0.0,50.84000015258789,0.0,50.84000015258789,50.84000015258789,50.84000015258789,0.0,0
2014-08-06,14.884523391723633,0.0,50.81999969482422,0.0,50.81999969482422,50.81999969482422,50.81999969482422,0.0,0
2014-08-07,14.81423282623291,0.0,50.58000183105469,0.0,50.58000183105469,50.58000183105469,50.58000183105469,0.0,0
2014-08-08,14.896241188049316,0.0,50.86000061035156,0.0,50.86000061035156,50.86000061035156,50.86000061035156,0.0,0
2014-08-11,14.957748413085938,0.0,51.06999969482422,0.0,51.06999969482422,51.06999969482422,51.06999969482422,0.0,0
2014-08-12,14.93724536895752,0.0,51.0,0.0,51.0,51.0,51.0,0.0,0
2014-08-13,15.001679420471191,0.0,51.220001220703125,0.0,51.220001220703125,51.220001220703125,51.220001220703125,0.0,0
2014-08-14,15.060254096984863,0.0,51.41999816894531,0.0,51.41999816894531,51.41999816894531,51.41999816894531,0.0,0
2014-08-15,15.07197380065918,0.0,51.459999084472656,0.0,51.459999084472656,51.459999084472656,51.459999084472656,0.0,0
2014-08-18,15.189126014709473,0.0,51.86000061035156,0.0,51.86000061035156,51.86000061035156,51.86000061035156,0.0,0
2014-08-19,15.274065971374512,0.0,52.150001525878906,0.0,52.150001525878906,52.150001525878906,52.150001525878906,0.0,0
2014-08-20,15.250635147094727,0.0,52.06999969482422,0.0,52.06999969482422,52.06999969482422,52.06999969482422,0.0,0
2014-08-21,15.29749584197998,0.0,52.22999954223633,0.0,52.22999954223633,52.22999954223633,52.22999954223633,0.0,0
2014-08-22,15.306282043457031,0.0,52.2599983215332,0.0,52.2599983215332,52.2599983215332,52.2599983215332,0.0,0
2014-08-25,15.356072425842285,0.0,52.43000030517578,0.0,52.43000030517578,52.43000030517578,52.43000030517578,0.0,0
2014-08-26,15.388291358947754,0.0,52.540000915527344,0.0,52.540000915527344,52.540000915527344,52.540000915527344,0.0,0
2014-08-27,15.45272445678711,0.0,52.7599983215332,0.0,52.7599983215332,52.7599983215332,52.7599983215332,0.0,0
2014-08-28,15.435155868530273,0.0,52.70000076293945,0.0,52.70000076293945,52.70000076293945,52.70000076293945,0.0,0
2014-08-29,15.455657958984375,0.0,52.77000045776367,0.0,52.77000045776367,52.77000045776367,52.77000045776367,0.0,0
2014-09-02,15.45272445678711,0.0,52.7599983215332,0.0,52.7599983215332,52.7599983215332,52.7599983215332,0.0,0
2014-09-03,15.455657958984375,0.0,52.77000045776367,0.0,52.77000045776367,52.77000045776367,52.77000045776367,0.0,0
2014-09-04,15.417580604553223,0.0,52.63999938964844,0.0,52.63999938964844,52.63999938964844,52.63999938964844,0.0,0
2014-09-05,15.445815086364746,0.0,50.33000183105469,2.402,50.33000183105469,50.33000183105469,50.33000183105469,0.0,0
2014-09-08,15.390573501586914,0.0,50.150001525878906,0.0,50.150001525878906,50.150001525878906,50.150001525878906,0.0,0
2014-09-09,15.326127052307129,0.0,49.939998626708984,0.0,49.939998626708984,49.939998626708984,49.939998626708984,0.0,0
2014-09-10,15.366020202636719,0.0,50.06999969482422,0.0,50.06999969482422,50.06999969482422,50.06999969482422,0.0,0
2014-09-11,15.33226490020752,0.0,49.959999084472656,0.0,49.959999084472656,49.959999084472656,49.959999084472656,0.0,0
2014-09-12,15.304642677307129,0.0,49.869998931884766,0.0,49.869998931884766,49.869998931884766,49.869998931884766,0.0,0
2014-09-15,15.264747619628906,0.0,49.7400016784668,0.0,49.7400016784668,49.7400016784668,49.7400016784668,0.0,0
2014-09-16,15.316916465759277,0.0,49.90999984741211,0.0,49.90999984741211,49.90999984741211,49.90999984741211,0.0,0
2014-09-17,15.310782432556152,0.0,49.88999938964844,0.0,49.88999938964844,49.88999938964844,49.88999938964844,0.0,0
2014-09-18,15.387502670288086,0.0,50.13999938964844,0.0,50.13999938964844,50.13999938964844,50.13999938964844,0.0,0
2014-09-19,15.326127052307129,0.0,49.939998626708984,0.0,49.939998626708984,49.939998626708984,49.939998626708984,0.0,0
2014-09-22,15.21257495880127,0.0,49.56999969482422,0.0,49.56999969482422,49.56999969482422,49.56999969482422,0.0,0
2014-09-23,15.108235359191895,0.0,49.22999954223633,0.0,49.22999954223633,49.22999954223633,49.22999954223633,0.0,0
2014-09-24,15.209506034851074,0.0,49.560001373291016,0.0,49.560001373291016,49.560001373291016,49.560001373291016,0.0,0
2014-09-25,15.019233703613281,0.0,48.939998626708984,0.0,48.939998626708984,48.939998626708984,48.939998626708984,0.0,0
2014-09-26,15.074477195739746,0.0,49.119998931884766,0.0,49.119998931884766,49.119998931884766,49.119998931884766,0.0,0
2014-09-29,15.040716171264648,0.0,49.0099983215332,0.0,49.0099983215332,49.0099983215332,49.0099983215332,0.0,0
2014-09-30,14.970135688781738,0.0,48.779998779296875,0.0,48.779998779296875,48.779998779296875,48.779998779296875,0.0,0
2014-10-01,14.810548782348633,0.0,48.2599983215332,0.0,48.2599983215332,48.2599983215332,48.2599983215332,0.0,0
2014-10-02,14.798274040222168,0.0,48.220001220703125,0.0,48.220001220703125,48.220001220703125,48.220001220703125,0.0,0
2014-10-03,14.896476745605469,0.0,48.540000915527344,0.0,48.540000915527344,48.540000915527344,48.540000915527344,0.0,0
2014-10-06,14.871927261352539,0.0,48.459999084472656,0.0,48.459999084472656,48.459999084472656,48.459999084472656,0.0,0
2014-10-07,14.67858600616455,0.0,47.83000183105469,0.0,47.83000183105469,47.83000183105469,47.83000183105469,0.0,0
2014-10-08,14.881135940551758,0.0,48.4900016784668,0.0,48.4900016784668,48.4900016784668,48.4900016784668,0.0,0
2014-10-09,14.632552146911621,0.0,47.68000030517578,0.0,47.68000030517578,47.68000030517578,47.68000030517578,0.0,0
2014-10-10,14.494453430175781,0.0,47.22999954223633,0.0,47.22999954223633,47.22999954223633,47.22999954223633,0.0,0
2014-10-13,14.362486839294434,0.0,46.79999923706055,0.0,46.79999923706055,46.79999923706055,46.79999923706055,0.0,0
2014-10-14,14.411592483520508,0.0,46.959999084472656,0.0,46.959999084472656,46.959999084472656,46.959999084472656,0.0,0
2014-10-15,14.365555763244629,0.0,46.810001373291016,0.0,46.810001373291016,46.810001373291016,46.810001373291016,0.0,0
2014-10-16,14.4054536819458,0.0,46.939998626708984,0.0,46.939998626708984,46.939998626708984,46.939998626708984,0.0,0
2014-10-17,14.519001960754395,0.0,47.310001373291016,0.0,47.310001373291016,47.310001373291016,47.310001373291016,0.0,0
2014-10-20,14.641761779785156,0.0,47.709999084472656,0.0,47.709999084472656,47.709999084472656,47.709999084472656,0.0,0
2014-10-21,14.893407821655273,0.0,48.529998779296875,0.0,48.529998779296875,48.529998779296875,48.529998779296875,0.0,0
2014-10-22,14.801342010498047,0.0,48.22999954223633,0.0,48.22999954223633,48.22999954223633,48.22999954223633,0.0,0
2014-10-23,14.92409896850586,0.0,48.630001068115234,0.0,48.630001068115234,48.630001068115234,48.630001068115234,0.0,0
2014-10-24,14.979340553283691,0.0,48.810001373291016,0.0,48.810001373291016,48.810001373291016,48.810001373291016,0.0,0
2014-10-27,14.96706485748291,0.0,48.77000045776367,0.0,48.77000045776367,48.77000045776367,48.77000045776367,0.0,0
2014-10-28,15.129714965820312,0.0,49.29999923706055,0.0,49.29999923706055,49.29999923706055,49.29999923706055,0.0,0
2014-10-29,15.114373207092285,0.0,49.25,0.0,49.25,49.25,49.25,0.0,0
2014-10-30,15.154268264770508,0.0,49.380001068115234,0.0,49.380001068115234,49.380001068115234,49.380001068115234,0.0,0
2014-10-31,15.304642677307129,0.0,49.869998931884766,0.0,49.869998931884766,49.869998931884766,49.869998931884766,0.0,0
2014-11-03,15.29543685913086,0.0,49.84000015258789,0.0,49.84000015258789,49.84000015258789,49.84000015258789,0.0,0
2014-11-04,15.240192413330078,0.0,49.65999984741211,0.0,49.65999984741211,49.65999984741211,49.65999984741211,0.0,0
2014-11-05,15.301578521728516,0.0,49.86000061035156,0.0,49.86000061035156,49.86000061035156,49.86000061035156,0.0,0
2014-11-06,15.270881652832031,0.0,49.7599983215332,0.0,49.7599983215332,49.7599983215332,49.7599983215332,0.0,0
2014-11-07,15.237123489379883,0.0,49.650001525878906,0.0,49.650001525878906,49.650001525878906,49.650001525878906,0.0,0
2014-11-10,15.298502922058105,0.0,49.849998474121094,0.0,49.849998474121094,49.849998474121094,49.849998474121094,0.0,0
2014-11-11,15.313847541809082,0.0,49.900001525878906,0.0,49.900001525878906,49.900001525878906,49.900001525878906,0.0,0
2014-11-12,15.33533000946045,0.0,49.970001220703125,0.0,49.970001220703125,49.970001220703125,49.970001220703125,0.0,0
2014-11-13,15.33533000946045,0.0,49.970001220703125,0.0,49.970001220703125,49.970001220703125,49.970001220703125,0.0,0
2014-11-14,15.344538688659668,0.0,50.0,0.0,50.0,50.0,50.0,0.0,0
2014-11-17,15.326127052307129,0.0,49.939998626708984,0.0,49.939998626708984,49.939998626708984,49.939998626708984,0.0,0
2014-11-18,15.399778366088867,0.0,50.18000030517578,0.0,50.18000030517578,50.18000030517578,50.18000030517578,0.0,0
2014-11-19,15.381366729736328,0.0,50.119998931884766,0.0,50.119998931884766,50.119998931884766,50.119998931884766,0.0,0
2014-11-20,15.46729564666748,0.0,50.400001525878906,0.0,50.400001525878906,50.400001525878906,50.400001525878906,0.0,0
2014-11-21,15.516397476196289,0.0,50.560001373291016,0.0,50.560001373291016,50.560001373291016,50.560001373291016,0.0,0
2014-11-24,15.577773094177246,0.0,50.7599983215332,0.0,50.7599983215332,50.7599983215332,50.7599983215332,0.0,0
2014-11-25,15.586979866027832,0.0,50.790000915527344,0.0,50.790000915527344,50.790000915527344,50.790000915527344,0.0,0
2014-11-26,15.59618854522705,0.0,50.81999969482422,0.0,50.81999969482422,50.81999969482422,50.81999969482422,0.0,0
2014-11-28,15.540949821472168,0.0,50.63999938964844,0.0,50.63999938964844,50.63999938964844,50.63999938964844,0.0,0
2014-12-01,15.458086967468262,0.0,50.369998931884766,0.0,50.369998931884766,50.369998931884766,50.369998931884766,0.0,0
2014-12-02,15.513328552246094,0.0,50.54999923706055,0.0,50.54999923706055,50.54999923706055,50.54999923706055,0.0,0
2014-12-03,15.562432289123535,0.0,50.709999084472656,0.0,50.709999084472656,50.709999084472656,50.709999084472656,0.0,0
2014-12-04,15.504119873046875,0.0,50.52000045776367,0.0,50.52000045776367,50.52000045776367,50.52000045776367,0.0,0
2014-12-05,15.516397476196289,0.0,50.560001373291016,0.0,50.560001373291016,50.560001373291016,50.560001373291016,0.0,0
2014-12-08,15.436606407165527,0.0,50.29999923706055,0.0,50.29999923706055,50.29999923706055,50.29999923706055,0.0,0
2014-12-09,15.427397727966309,0.0,50.27000045776367,0.0,50.27000045776367,50.27000045776367,50.27000045776367,0.0,0
2014-12-10,15.246336936950684,0.0,49.68000030517578,0.0,49.68000030517578,49.68000030517578,49.68000030517578,0.0,0
2014-12-11,15.304642677307129,0.0,49.869998931884766,0.0,49.869998931884766,49.869998931884766,49.869998931884766,0.0,0
2014-12-12,15.128686904907227,0.0,48.75,0.553,48.75,48.75,48.75,0.0,0
2014-12-15,15.063514709472656,0.0,48.540000915527344,0.0,48.540000915527344,48.540000915527344,48.540000915527344,0.0,0
2014-12-16,15.029376983642578,0.0,48.43000030517578,0.0,48.43000030517578,48.43000030517578,48.43000030517578,0.0,0
2014-12-17,15.240405082702637,0.0,49.11000061035156,0.0,49.11000061035156,49.11000061035156,49.11000061035156,0.0,0
2014-12-18,15.51349925994873,0.0,49.9900016784668,0.0,49.9900016784668,49.9900016784668,49.9900016784668,0.0,0
2014-12-19,15.5569486618042,0.0,50.130001068115234,0.0,50.130001068115234,50.130001068115234,50.130001068115234,0.0,0
2014-12-22,15.587973594665527,0.0,50.22999954223633,0.0,50.22999954223633,50.22999954223633,50.22999954223633,0.0,0
2014-12-23,15.628318786621094,0.0,50.36000061035156,0.0,50.36000061035156,50.36000061035156,50.36000061035156,0.0,0
2014-12-24,15.628318786621094,0.0,50.36000061035156,0.0,50.36000061035156,50.36000061035156,50.36000061035156,0.0,0
2014-12-26,15.665556907653809,0.0,50.47999954223633,0.0,50.47999954223633,50.47999954223633,50.47999954223633,0.0,0
2014-12-29,15.665556907653809,0.0,50.47999954223633,0.0,50.47999954223633,50.47999954223633,50.47999954223633,0.0,0
2014-12-30,15.653144836425781,0.0,50.439998626708984,0.0,50.439998626708984,50.439998626708984,50.439998626708984,0.0,0
2014-12-31,15.594183921813965,0.0,50.25,0.0,50.25,50.25,50.25,0.0,0
2015-01-02,15.501086235046387,0.0,49.95000076293945,0.0,49.95000076293945,49.95000076293945,49.95000076293945,0.0,0
2015-01-05,15.296265602111816,0.0,49.290000915527344,0.0,49.290000915527344,49.290000915527344,49.290000915527344,0.0,0
2015-01-06,15.141098976135254,0.0,48.790000915527344,0.0,48.790000915527344,48.790000915527344,48.790000915527344,0.0,0
2015-01-07,15.25592041015625,0.0,49.15999984741211,0.0,49.15999984741211,49.15999984741211,49.15999984741211,0.0,0
2015-01-08,15.460736274719238,0.0,49.81999969482422,0.0,49.81999969482422,49.81999969482422,49.81999969482422,0.0,0
2015-01-09,15.345914840698242,0.0,49.45000076293945,0.0,49.45000076293945,49.45000076293945,49.45000076293945,0.0,0
2015-01-12,15.28074836730957,0.0,49.2400016784668,0.0,49.2400016784668,49.2400016784668,49.2400016784668,0.0,0
2015-01-13,15.308679580688477,0.0,49.33000183105469,0.0,49.33000183105469,49.33000183105469,49.33000183105469,0.0,0
2015-01-14,15.2776460647583,0.0,49.22999954223633,0.0,49.22999954223633,49.22999954223633,49.22999954223633,0.0,0
2015-01-15,15.0945463180542,0.0,48.63999938964844,0.0,48.63999938964844,48.63999938964844,48.63999938964844,0.0,0
2015-01-16,15.240405082702637,0.0,49.11000061035156,0.0,49.11000061035156,49.11000061035156,49.11000061035156,0.0,0
2015-01-20,15.190755844116211,0.0,48.95000076293945,0.0,48.95000076293945,48.95000076293945,48.95000076293945,0.0,0
2015-01-21,15.2776460647583,0.0,49.22999954223633,0.0,49.22999954223633,49.22999954223633,49.22999954223633,0.0,0
2015-01-22,15.4762601852417,0.0,49.869998931884766,0.0,49.869998931884766,49.869998931884766,49.869998931884766,0.0,0
2015-01-23,15.439013481140137,0.0,49.75,0.0,49.75,49.75,49.75,0.0,0
2015-01-26,15.466950416564941,0.0,49.84000015258789,0.0,49.84000015258789,49.84000015258789,49.84000015258789,0.0,0
2015-01-27,15.36143684387207,0.0,49.5,0.0,49.5,49.5,49.5,0.0,0
2015-01-28,15.206267356872559,0.0,49.0,0.0,49.0,49.0,49.0,0.0,0
2015-01-29,15.32419490814209,0.0,49.380001068115234,0.0,49.380001068115234,49.380001068115234,49.380001068115234,0.0,0
2015-01-30,15.113167762756348,0.0,48.70000076293945,0.0,48.70000076293945,48.70000076293945,48.70000076293945,0.0,0
2015-02-02,15.271442413330078,0.0,49.209999084472656,0.0,49.209999084472656,49.209999084472656,49.209999084472656,0.0,0
2015-02-03,15.519705772399902,0.0,50.0099983215332,0.0,50.0099983215332,50.0099983215332,50.0099983215332,0.0,0
2015-02-04,15.463842391967773,0.0,49.83000183105469,0.0,49.83000183105469,49.83000183105469,49.83000183105469,0.0,0
2015-02-05,15.597286224365234,0.0,50.2599983215332,0.0,50.2599983215332,50.2599983215332,50.2599983215332,0.0,0
2015-02-06,15.538323402404785,0.0,50.06999969482422,0.0,50.06999969482422,50.06999969482422,50.06999969482422,0.0,0
2015-02-09,15.510396003723145,0.0,49.97999954223633,0.0,49.97999954223633,49.97999954223633,49.97999954223633,0.0,0
2015-02-10,15.60349178314209,0.0,50.279998779296875,0.0,50.279998779296875,50.279998779296875,50.279998779296875,0.0,0
2015-02-11,15.619009017944336,0.0,50.33000183105469,0.0,50.33000183105469,50.33000183105469,50.33000183105469,0.0,0
2015-02-12,15.808313369750977,0.0,50.939998626708984,0.0,50.939998626708984,50.939998626708984,50.939998626708984,0.0,0
2015-02-13,15.857962608337402,0.0,51.099998474121094,0.0,51.099998474121094,51.099998474121094,51.099998474121094,0.0,0
2015-02-17,15.873478889465332,0.0,51.150001525878906,0.0,51.150001525878906,51.150001525878906,51.150001525878906,0.0,0
2015-02-18,15.882792472839355,0.0,51.18000030517578,0.0,51.18000030517578,51.18000030517578,51.18000030517578,0.0,0
2015-02-19,15.90761947631836,0.0,51.2599983215332,0.0,51.2599983215332,51.2599983215332,51.2599983215332,0.0,0
2015-02-20,15.978996276855469,0.0,51.4900016784668,0.0,51.4900016784668,51.4900016784668,51.4900016784668,0.0,0
2015-02-23,16.00381851196289,0.0,51.56999969482422,0.0,51.56999969482422,51.56999969482422,51.56999969482422,0.0,0
2015-02-24,16.031747817993164,0.0,51.65999984741211,0.0,51.65999984741211,51.65999984741211,51.65999984741211,0.0,0
2015-02-25,16.019338607788086,0.0,51.619998931884766,0.0,51.619998931884766,51.619998931884766,51.619998931884766,0.0,0
2015-02-26,15.975892066955566,0.0,51.47999954223633,0.0,51.47999954223633,51.47999954223633,51.47999954223633,0.0,0
2015-02-27,16.025545120239258,0.0,51.63999938964844,0.0,51.63999938964844,51.63999938964844,51.63999938964844,0.0,0
2015-03-02,16.08140754699707,0.0,51.81999969482422,0.0,51.81999969482422,51.81999969482422,51.81999969482422,0.0,0
2015-03-03,15.988306045532227,0.0,51.52000045776367,0.0,51.52000045776367,51.52000045776367,51.52000045776367,0.0,0
2015-03-04,15.94796085357666,0.0,51.38999938964844,0.0,51.38999938964844,51.38999938964844,51.38999938964844,0.0,0
2015-03-05,15.978996276855469,0.0,51.4900016784668,0.0,51.4900016784668,51.4900016784668,51.4900016784668,0.0,0
2015-03-06,15.823827743530273,0.0,50.9900016784668,0.0,50.9900016784668,50.9900016784668,50.9900016784668,0.0,0
2015-03-09,15.867277145385742,0.0,51.130001068115234,0.0,51.130001068115234,51.130001068115234,51.130001068115234,0.0,0
2015-03-10,15.625210762023926,0.0,50.349998474121094,0.0,50.349998474121094,50.349998474121094,50.349998474121094,0.0,0
2015-03-11,15.634525299072266,0.0,50.380001068115234,0.0,50.380001068115234,50.380001068115234,50.380001068115234,0.0,0
2015-03-12,15.780385971069336,0.0,50.849998474121094,0.0,50.849998474121094,50.849998474121094,50.849998474121094,0.0,0
2015-03-13,15.718317985534668,0.0,50.650001525878906,0.0,50.650001525878906,50.650001525878906,50.650001525878906,0.0,0
2015-03-16,15.882792472839355,0.0,51.18000030517578,0.0,51.18000030517578,51.18000030517578,51.18000030517578,0.0,0
2015-03-17,15.833139419555664,0.0,51.02000045776367,0.0,51.02000045776367,51.02000045776367,51.02000045776367,0.0,0
2015-03-18,16.034854888916016,0.0,51.66999816894531,0.0,51.66999816894531,51.66999816894531,51.66999816894531,0.0,0
2015-03-19,15.95106315612793,0.0,51.400001525878906,0.0,51.400001525878906,51.400001525878906,51.400001525878906,0.0,0
2015-03-20,16.084505081176758,0.0,51.83000183105469,0.0,51.83000183105469,51.83000183105469,51.83000183105469,0.0,0
2015-03-23,16.12795639038086,0.0,51.970001220703125,0.0,51.970001220703125,51.970001220703125,51.970001220703125,0.0,0
2015-03-24,16.0969181060791,0.0,51.869998931884766,0.0,51.869998931884766,51.869998931884766,51.869998931884766,0.0,0
2015-03-25,15.93244743347168,0.0,51.34000015258789,0.0,51.34000015258789,51.34000015258789,51.34000015258789,0.0,0
2015-03-26,15.845551490783691,0.0,51.060001373291016,0.0,51.060001373291016,51.060001373291016,51.060001373291016,0.0,0
2015-03-27,15.864171028137207,0.0,51.119998931884766,0.0,51.119998931884766,51.119998931884766,51.119998931884766,0.0,0
2015-03-30,15.985201835632324,0.0,51.5099983215332,0.0,51.5099983215332,51.5099983215332,51.5099983215332,0.0,0
2015-03-31,15.870376586914062,0.0,51.13999938964844,0.0,51.13999938964844,51.13999938964844,51.13999938964844,0.0,0
2015-04-01,15.86107063293457,0.0,51.11000061035156,0.0,51.11000061035156,51.11000061035156,51.11000061035156,0.0,0
2015-04-02,15.960372924804688,0.0,51.43000030517578,0.0,51.43000030517578,51.43000030517578,51.43000030517578,0.0,0
2015-04-06,16.0751953125,0.0,51.79999923706055,0.0,51.79999923706055,51.79999923706055,51.79999923706055,0.0,0
2015-04-07,16.031747817993164,0.0,51.65999984741211,0.0,51.65999984741211,51.65999984741211,51.65999984741211,0.0,0
2015-04-08,16.10933494567871,0.0,51.90999984741211,0.0,51.90999984741211,51.90999984741211,51.90999984741211,0.0,0
2015-04-09,16.1341609954834,0.0,51.9900016784668,0.0,51.9900016784668,51.9900016784668,51.9900016784668,0.0,0
2015-04-10,16.199329376220703,0.0,52.20000076293945,0.0,52.20000076293945,52.20000076293945,52.20000076293945,0.0,0
2015-04-13,16.17450714111328,0.0,52.119998931884766,0.0,52.119998931884766,52.119998931884766,52.119998931884766,0.0,0
2015-04-14,16.202436447143555,0.0,52.209999084472656,0.0,52.209999084472656,52.209999084472656,52.209999084472656,0.0,0
2015-04-15,16.304847717285156,0.0,52.540000915527344,0.0,52.540000915527344,52.540000915527344,52.540000915527344,0.0,0
2015-04-16,16.348289489746094,0.0,52.68000030517578,0.0,52.68000030517578,52.68000030517578,52.68000030517578,0.0,0
2015-04-17,16.165193557739258,0.0,52.09000015258789,0.0,52.09000015258789,52.09000015258789,52.09000015258789,0.0,0
2015-04-20,16.2148494720459,0.0,52.25,0.0,52.25,52.25,52.25,0.0,0
2015-04-21,16.202436447143555,0.0,52.209999084472656,0.0,52.209999084472656,52.209999084472656,52.209999084472656,0.0,0
2015-04-22,16.208641052246094,0.0,52.22999954223633,0.0,52.22999954223633,52.22999954223633,52.22999954223633,0.0,0
2015-04-23,16.276912689208984,0.0,52.45000076293945,0.0,52.45000076293945,52.45000076293945,52.45000076293945,0.0,0
2015-04-24,16.326566696166992,0.0,52.61000061035156,0.0,52.61000061035156,52.61000061035156,52.61000061035156,0.0,0
2015-04-27,16.29242706298828,0.0,52.5,0.0,52.5,52.5,52.5,0.0,0
2015-04-28,16.363805770874023,0.0,52.72999954223633,0.0,52.72999954223633,52.72999954223633,52.72999954223633,0.0,0
2015-04-29,16.301740646362305,0.0,52.529998779296875,0.0,52.529998779296875,52.529998779296875,52.529998779296875,0.0,0
2015-04-30,16.208641052246094,0.0,52.22999954223633,0.0,52.22999954223633,52.22999954223633,52.22999954223633,0.0,0
2015-05-01,16.286226272583008,0.0,52.47999954223633,0.0,52.47999954223633,52.47999954223633,52.47999954223633,0.0,0
2015-05-04,16.338977813720703,0.0,52.650001525878906,0.0,52.650001525878906,52.650001525878906,52.650001525878906,0.0,0
2015-05-05,16.19001579284668,0.0,52.16999816894531,0.0,52.16999816894531,52.16999816894531,52.16999816894531,0.0,0
2015-05-06,16.18071174621582,0.0,52.13999938964844,0.0,52.13999938964844,52.13999938964844,52.13999938964844,0.0,0
2015-05-07,16.202436447143555,0.0,52.209999084472656,0.0,52.209999084472656,52.209999084472656,52.209999084472656,0.0,0
2015-05-08,16.388635635375977,0.0,52.810001373291016,0.0,52.810001373291016,52.810001373291016,52.810001373291016,0.0,0
2015-05-11,16.385528564453125,0.0,52.79999923706055,0.0,52.79999923706055,52.79999923706055,52.79999923706055,0.0,0
2015-05-12,16.323463439941406,0.0,52.599998474121094,0.0,52.599998474121094,52.599998474121094,52.599998474121094,0.0,0
2015-05-13,16.3979434967041,0.0,52.84000015258789,0.0,52.84000015258789,52.84000015258789,52.84000015258789,0.0,0
2015-05-14,16.528282165527344,0.0,53.2599983215332,0.0,53.2599983215332,53.2599983215332,53.2599983215332,0.0,0
2015-05-15,16.534488677978516,0.0,53.279998779296875,0.0,53.279998779296875,53.279998779296875,53.279998779296875,0.0,0
2015-05-18,16.58724594116211,0.0,53.45000076293945,0.0,53.45000076293945,53.45000076293945,53.45000076293945,0.0,0
2015-05-19,16.584138870239258,0.0,53.439998626708984,0.0,53.439998626708984,53.439998626708984,53.439998626708984,0.0,0
2015-05-20,16.556211471557617,0.0,53.349998474121094,0.0,53.349998474121094,53.349998474121094,53.349998474121094,0.0,0
2015-05-21,16.621381759643555,0.0,53.560001373291016,0.0,53.560001373291016,53.560001373291016,53.560001373291016,0.0,0
2015-05-22,16.53138542175293,0.0,53.27000045776367,0.0,53.27000045776367,53.27000045776367,53.27000045776367,0.0,0
2015-05-26,16.317256927490234,0.0,52.58000183105469,0.0,52.58000183105469,52.58000183105469,52.58000183105469,0.0,0
2015-05-27,16.432079315185547,0.0,52.95000076293945,0.0,52.95000076293945,52.95000076293945,52.95000076293945,0.0,0
2015-05-28,16.447593688964844,0.0,53.0,0.0,53.0,53.0,53.0,0.0,0
2015-05-29,16.38242530822754,0.0,52.790000915527344,0.0,52.790000915527344,52.790000915527344,52.790000915527344,0.0,0
2015-06-01,16.373117446899414,0.0,52.7599983215332,0.0,52.7599983215332,52.7599983215332,52.7599983215332,0.0,0
2015-06-02,16.42276954650879,0.0,52.91999816894531,0.0,52.91999816894531,52.91999816894531,52.91999816894531,0.0,0
2015-06-03,16.500350952148438,0.0,53.16999816894531,0.0,53.16999816894531,53.16999816894531,53.16999816894531,0.0,0
2015-06-04,16.366907119750977,0.0,52.7400016784668,0.0,52.7400016784668,52.7400016784668,52.7400016784668,0.0,0
2015-06-05,16.329668045043945,0.0,52.619998931884766,0.0,52.619998931884766,52.619998931884766,52.619998931884766,0.0,0
2015-06-08,16.267602920532227,0.0,52.41999816894531,0.0,52.41999816894531,52.41999816894531,52.41999816894531,0.0,0
2015-06-09,16.230365753173828,0.0,52.29999923706055,0.0,52.29999923706055,52.29999923706055,52.29999923706055,0.0,0
2015-06-10,16.466217041015625,0.0,53.060001373291016,0.0,53.060001373291016,53.060001373291016,53.060001373291016,0.0,0
2015-06-11,16.512765884399414,0.0,53.209999084472656,0.0,53.209999084472656,53.209999084472656,53.209999084472656,0.0,0
2015-06-12,16.432079315185547,0.0,52.95000076293945,0.0,52.95000076293945,52.95000076293945,52.95000076293945,0.0,0
2015-06-15,16.3544979095459,0.0,52.70000076293945,0.0,52.70000076293945,52.70000076293945,52.70000076293945,0.0,0
2015-06-16,16.444496154785156,0.0,52.9900016784668,0.0,52.9900016784668,52.9900016784668,52.9900016784668,0.0,0
2015-06-17,16.450698852539062,0.0,53.0099983215332,0.0,53.0099983215332,53.0099983215332,53.0099983215332,0.0,0
2015-06-18,16.571727752685547,0.0,53.400001525878906,0.0,53.400001525878906,53.400001525878906,53.400001525878906,0.0,0
2015-06-19,16.534488677978516,0.0,53.279998779296875,0.0,53.279998779296875,53.279998779296875,53.279998779296875,0.0,0
2015-06-22,16.65862464904785,0.0,53.68000030517578,0.0,53.68000030517578,53.68000030517578,53.68000030517578,0.0,0
2015-06-23,16.692760467529297,0.0,53.790000915527344,0.0,53.790000915527344,53.790000915527344,53.790000915527344,0.0,0
2015-06-24,16.57793617248535,0.0,53.41999816894531,0.0,53.41999816894531,53.41999816894531,53.41999816894531,0.0,0
2015-06-25,16.59966278076172,0.0,53.4900016784668,0.0,53.4900016784668,53.4900016784668,53.4900016784668,0.0,0
2015-06-26,16.596555709838867,0.0,53.47999954223633,0.0,53.47999954223633,53.47999954223633,53.47999954223633,0.0,0
2015-06-29,16.252086639404297,0.0,52.369998931884766,0.0,52.369998931884766,52.369998931884766,52.369998931884766,0.0,0
2015-06-30,16.267602920532227,0.0,52.41999816894531,0.0,52.41999816894531,52.41999816894531,52.41999816894531,0.0,0
2015-07-01,16.394840240478516,0.0,52.83000183105469,0.0,52.83000183105469,52.83000183105469,52.83000183105469,0.0,0
2015-07-02,16.342086791992188,0.0,52.65999984741211,0.0,52.65999984741211,52.65999984741211,52.65999984741211,0.0,0
2015-07-06,16.211746215820312,0.0,52.2400016784668,0.0,52.2400016784668,52.2400016784668,52.2400016784668,0.0,0
2015-07-07,16.205537796020508,0.0,52.220001220703125,0.0,52.220001220703125,52.220001220703125,52.220001220703125,0.0,0
2015-07-08,15.938651084899902,0.0,51.36000061035156,0.0,51.36000061035156,51.36000061035156,51.36000061035156,0.0,0
2015-07-09,16.019338607788086,0.0,51.619998931884766,0.0,51.619998931884766,51.619998931884766,51.619998931884766,0.0,0
2015-07-10,16.202436447143555,0.0,52.209999084472656,0.0,52.209999084472656,52.209999084472656,52.209999084472656,0.0,0
2015-07-13,16.351396560668945,0.0,52.689998626708984,0.0,52.689998626708984,52.689998626708984,52.689998626708984,0.0,0
2015-07-14,16.43828773498535,0.0,52.970001220703125,0.0,52.970001220703125,52.970001220703125,52.970001220703125,0.0,0
2015-07-15,16.416566848754883,0.0,52.900001525878906,0.0,52.900001525878906,52.900001525878906,52.900001525878906,0.0,0
2015-07-16,16.484834671020508,0.0,53.119998931884766,0.0,53.119998931884766,53.119998931884766,53.119998931884766,0.0,0
2015-07-17,16.3979434967041,0.0,52.84000015258789,0.0,52.84000015258789,52.84000015258789,52.84000015258789,0.0,0
2015-07-20,16.360706329345703,0.0,52.720001220703125,0.0,52.720001220703125,52.720001220703125,52.720001220703125,0.0,0
2015-07-21,16.34518814086914,0.0,52.66999816894531,0.0,52.66999816894531,52.66999816894531,52.66999816894531,0.0,0
2015-07-22,16.342086791992188,0.0,52.65999984741211,0.0,52.65999984741211,52.65999984741211,52.65999984741211,0.0,0
2015-07-23,16.276912689208984,0.0,52.45000076293945,0.0,52.45000076293945,52.45000076293945,52.45000076293945,0.0,0
2015-07-24,16.143468856811523,0.0,52.02000045776367,0.0,52.02000045776367,52.02000045776367,52.02000045776367,0.0,0
2015-07-27,15.991408348083496,0.0,51.529998779296875,0.0,51.529998779296875,51.529998779296875,51.529998779296875,0.0,0
2015-07-28,16.14967918395996,0.0,52.040000915527344,0.0,52.040000915527344,52.040000915527344,52.040000915527344,0.0,0
2015-07-29,16.255191802978516,0.0,52.380001068115234,0.0,52.380001068115234,52.380001068115234,52.380001068115234,0.0,0
2015-07-30,16.286226272583008,0.0,52.47999954223633,0.0,52.47999954223633,52.47999954223633,52.47999954223633,0.0,0
2015-07-31,16.338977813720703,0.0,52.650001525878906,0.0,52.650001525878906,52.650001525878906,52.650001525878906,0.0,0
2015-08-03,16.29242706298828,0.0,52.5,0.0,52.5,52.5,52.5,0.0,0
2015-08-04,16.301740646362305,0.0,52.529998779296875,0.0,52.529998779296875,52.529998779296875,52.529998779296875,0.0,0
2015-08-05,16.357595443725586,0.0,52.709999084472656,0.0,52.709999084472656,52.709999084472656,52.709999084472656,0.0,0
2015-08-06,16.267602920532227,0.0,52.41999816894531,0.0,52.41999816894531,52.41999816894531,52.41999816894531,0.0,0
2015-08-07,16.211746215820312,0.0,52.2400016784668,0.0,52.2400016784668,52.2400016784668,52.2400016784668,0.0,0
2015-08-10,16.413461685180664,0.0,52.88999938964844,0.0,52.88999938964844,52.88999938964844,52.88999938964844,0.0,0
2015-08-11,16.2738094329834,0.0,52.439998626708984,0.0,52.439998626708984,52.439998626708984,52.439998626708984,0.0,0
2015-08-12,16.242774963378906,0.0,52.34000015258789,0.0,52.34000015258789,52.34000015258789,52.34000015258789,0.0,0
2015-08-13,16.230365753173828,0.0,52.29999923706055,0.0,52.29999923706055,52.29999923706055,52.29999923706055,0.0,0
2015-08-14,16.301740646362305,0.0,52.529998779296875,0.0,52.529998779296875,52.529998779296875,52.529998779296875,0.0,0
2015-08-17,16.363805770874023,0.0,52.72999954223633,0.0,52.72999954223633,52.72999954223633,52.72999954223633,0.0,0
2015-08-18,16.3544979095459,0.0,52.70000076293945,0.0,52.70000076293945,52.70000076293945,52.70000076293945,0.0,0
2015-08-19,16.18691635131836,0.0,52.15999984741211,0.0,52.15999984741211,52.15999984741211,52.15999984741211,0.0,0
2015-08-20,15.898307800292969,0.0,51.22999954223633,0.0,51.22999954223633,51.22999954223633,51.22999954223633,0.0,0
2015-08-21,15.541424751281738,0.0,50.08000183105469,0.0,50.08000183105469,50.08000183105469,50.08000183105469,0.0,0
2015-08-24,15.029376983642578,0.0,48.43000030517578,0.0,48.43000030517578,48.43000030517578,48.43000030517578,0.0,0
2015-08-25,15.032483100891113,0.0,48.439998626708984,0.0,48.439998626708984,48.439998626708984,48.439998626708984,0.0,0
2015-08-26,15.376946449279785,0.0,49.54999923706055,0.0,49.54999923706055,49.54999923706055,49.54999923706055,0.0,0
2015-08-27,15.674870491027832,0.0,50.5099983215332,0.0,50.5099983215332,50.5099983215332,50.5099983215332,0.0,0
2015-08-28,15.709005355834961,0.0,50.619998931884766,0.0,50.619998931884766,50.619998931884766,50.619998931884766,0.0,0
2015-08-31,15.715211868286133,0.0,50.63999938964844,0.0,50.63999938964844,50.63999938964844,50.63999938964844,0.0,0
2015-09-01,15.336605072021484,0.0,49.41999816894531,0.0,49.41999816894531,49.41999816894531,49.41999816894531,0.0,0
2015-09-02,15.497976303100586,0.0,49.939998626708984,0.0,49.939998626708984,49.939998626708984,49.939998626708984,0.0,0
2015-09-03,15.53211498260498,0.0,50.04999923706055,0.0,50.04999923706055,50.04999923706055,50.04999923706055,0.0,0
2015-09-04,15.308679580688477,0.0,49.33000183105469,0.0,49.33000183105469,49.33000183105469,49.33000183105469,0.0,0
2015-09-08,15.578664779663086,0.0,50.20000076293945,0.0,50.20000076293945,50.20000076293945,50.20000076293945,0.0,0
2015-09-09,15.510396003723145,0.0,49.97999954223633,0.0,49.97999954223633,49.97999954223633,49.97999954223633,0.0,0
2015-09-10,15.59107780456543,0.0,50.2400016784668,0.0,50.2400016784668,50.2400016784668,50.2400016784668,0.0,0
2015-09-11,15.62683391571045,0.0,48.5099983215332,1.841,48.5099983215332,48.5099983215332,48.5099983215332,0.0,0
2015-09-14,15.555968284606934,0.0,48.290000915527344,0.0,48.290000915527344,48.290000915527344,48.290000915527344,0.0,0
2015-09-15,15.649386405944824,0.0,48.58000183105469,0.0,48.58000183105469,48.58000183105469,48.58000183105469,0.0,0
2015-09-16,15.804010391235352,0.0,49.060001373291016,0.0,49.060001373291016,49.060001373291016,49.060001373291016,0.0,0
2015-09-17,15.791130065917969,0.0,49.02000045776367,0.0,49.02000045776367,49.02000045776367,49.02000045776367,0.0,0
2015-09-18,15.552746772766113,0.0,48.279998779296875,0.0,48.279998779296875,48.279998779296875,48.279998779296875,0.0,0
2015-09-21,15.604288101196289,0.0,48.439998626708984,0.0,48.439998626708984,48.439998626708984,48.439998626708984,0.0,0
2015-09-22,15.382013320922852,0.0,47.75,0.0,47.75,47.75,47.75,0.0,0
2015-09-23,15.359463691711426,0.0,47.68000030517578,0.0,47.68000030517578,47.68000030517578,47.68000030517578,0.0,0
2015-09-24,15.340134620666504,0.0,47.619998931884766,0.0,47.619998931884766,47.619998931884766,47.619998931884766,0.0,0
2015-09-25,15.307920455932617,0.0,47.52000045776367,0.0,47.52000045776367,47.52000045776367,47.52000045776367,0.0,0
2015-09-28,15.050210952758789,0.0,46.720001220703125,0.0,46.720001220703125,46.720001220703125,46.720001220703125,0.0,0
2015-09-29,15.03732681274414,0.0,46.68000030517578,0.0,46.68000030517578,46.68000030517578,46.68000030517578,0.0,0
2015-09-30,15.259598731994629,0.0,47.369998931884766,0.0,47.369998931884766,47.369998931884766,47.369998931884766,0.0,0
2015-10-01,15.266043663024902,0.0,47.38999938964844,0.0,47.38999938964844,47.38999938964844,47.38999938964844,0.0,0
2015-10-02,15.439995765686035,0.0,47.93000030517578,0.0,47.93000030517578,47.93000030517578,47.93000030517578,0.0,0
2015-10-05,15.671937942504883,0.0,48.650001525878906,0.0,48.650001525878906,48.650001525878906,48.650001525878906,0.0,0
2015-10-06,15.659050941467285,0.0,48.61000061035156,0.0,48.61000061035156,48.61000061035156,48.61000061035156,0.0,0
2015-10-07,15.749249458312988,0.0,48.88999938964844,0.0,48.88999938964844,48.88999938964844,48.88999938964844,0.0,0
2015-10-08,15.858776092529297,0.0,49.22999954223633,0.0,49.22999954223633,49.22999954223633,49.22999954223633,0.0,0
2015-10-09,15.874881744384766,0.0,49.279998779296875,0.0,49.279998779296875,49.279998779296875,49.279998779296875,0.0,0
2015-10-12,15.894210815429688,0.0,49.34000015258789,0.0,49.34000015258789,49.34000015258789,49.34000015258789,0.0,0
2015-10-13,15.810456275939941,0.0,49.08000183105469,0.0,49.08000183105469,49.08000183105469,49.08000183105469,0.0,0
2015-10-14,15.704151153564453,0.0,48.75,0.0,48.75,48.75,48.75,0.0,0
2015-10-15,15.79434585571289,0.0,49.029998779296875,0.0,49.029998779296875,49.029998779296875,49.029998779296875,0.0,0
2015-10-16,15.755690574645996,0.0,48.90999984741211,0.0,48.90999984741211,48.90999984741211,48.90999984741211,0.0,0
2015-10-19,15.775022506713867,0.0,48.970001220703125,0.0,48.970001220703125,48.970001220703125,48.970001220703125,0.0,0
2015-10-20,15.826560020446777,0.0,49.130001068115234,0.0,49.130001068115234,49.130001068115234,49.130001068115234,0.0,0
2015-10-21,15.697708129882812,0.0,48.72999954223633,0.0,48.72999954223633,48.72999954223633,48.72999954223633,0.0,0
2015-10-22,15.79434585571289,0.0,49.029998779296875,0.0,49.029998779296875,49.029998779296875,49.029998779296875,0.0,0
2015-10-23,15.910319328308105,0.0,49.38999938964844,0.0,49.38999938964844,49.38999938964844,49.38999938964844,0.0,0
2015-10-26,15.878105163574219,0.0,49.290000915527344,0.0,49.290000915527344,49.290000915527344,49.290000915527344,0.0,0
2015-10-27,15.768583297729492,0.0,48.95000076293945,0.0,48.95000076293945,48.95000076293945,48.95000076293945,0.0,0
2015-10-28,15.923199653625488,0.0,49.43000030517578,0.0,49.43000030517578,49.43000030517578,49.43000030517578,0.0,0
2015-10-29,15.874881744384766,0.0,49.279998779296875,0.0,49.279998779296875,49.279998779296875,49.279998779296875,0.0,0
2015-10-30,15.865219116210938,0.0,49.25,0.0,49.25,49.25,49.25,0.0,0
2015-11-02,16.013399124145508,0.0,49.709999084472656,0.0,49.709999084472656,49.709999084472656,49.709999084472656,0.0,0
2015-11-03,16.068161010742188,0.0,49.880001068115234,0.0,49.880001068115234,49.880001068115234,49.880001068115234,0.0,0
2015-11-04,15.990848541259766,0.0,49.63999938964844,0.0,49.63999938964844,49.63999938964844,49.63999938964844,0.0,0
2015-11-05,16.010181427001953,0.0,49.70000076293945,0.0,49.70000076293945,49.70000076293945,49.70000076293945,0.0,0
2015-11-06,16.026283264160156,0.0,49.75,0.0,49.75,49.75,49.75,0.0,0
2015-11-09,15.897430419921875,0.0,49.349998474121094,0.0,49.349998474121094,49.349998474121094,49.349998474121094,0.0,0
2015-11-10,15.919978141784668,0.0,49.41999816894531,0.0,49.41999816894531,49.41999816894531,49.41999816894531,0.0,0
2015-11-11,15.82978343963623,0.0,49.13999938964844,0.0,49.13999938964844,49.13999938964844,49.13999938964844,0.0,0
2015-11-12,15.633280754089355,0.0,48.529998779296875,0.0,48.529998779296875,48.529998779296875,48.529998779296875,0.0,0
2015-11-13,15.427112579345703,0.0,47.88999938964844,0.0,47.88999938964844,47.88999938964844,47.88999938964844,0.0,0
2015-11-16,15.58818244934082,0.0,48.38999938964844,0.0,48.38999938964844,48.38999938964844,48.38999938964844,0.0,0
2015-11-17,15.617173194885254,0.0,48.47999954223633,0.0,48.47999954223633,48.47999954223633,48.47999954223633,0.0,0
2015-11-18,15.781461715698242,0.0,48.9900016784668,0.0,48.9900016784668,48.9900016784668,48.9900016784668,0.0,0
2015-11-19,15.713818550109863,0.0,48.779998779296875,0.0,48.779998779296875,48.779998779296875,48.779998779296875,0.0,0
2015-11-20,15.804010391235352,0.0,49.060001373291016,0.0,49.060001373291016,49.060001373291016,49.060001373291016,0.0,0
2015-11-23,15.791130065917969,0.0,49.02000045776367,0.0,49.02000045776367,49.02000045776367,49.02000045776367,0.0,0
2015-11-24,15.861995697021484,0.0,49.2400016784668,0.0,49.2400016784668,49.2400016784668,49.2400016784668,0.0,0
2015-11-25,15.926424980163574,0.0,49.439998626708984,0.0,49.439998626708984,49.439998626708984,49.439998626708984,0.0,0
2015-11-27,15.936090469360352,0.0,49.470001220703125,0.0,49.470001220703125,49.470001220703125,49.470001220703125,0.0,0
2015-11-30,15.929642677307129,0.0,49.45000076293945,0.0,49.45000076293945,49.45000076293945,49.45000076293945,0.0,0
2015-12-01,16.058500289916992,0.0,49.849998474121094,0.0,49.849998474121094,49.849998474121094,49.849998474121094,0.0,0
2015-12-02,15.929642677307129,0.0,49.45000076293945,0.0,49.45000076293945,49.45000076293945,49.45000076293945,0.0,0
2015-12-03,15.791130065917969,0.0,49.02000045776367,0.0,49.02000045776367,49.02000045776367,49.02000045776367,0.0,0
2015-12-04,15.948972702026367,0.0,49.5099983215332,0.0,49.5099983215332,49.5099983215332,49.5099983215332,0.0,0
2015-12-07,15.797567367553711,0.0,49.040000915527344,0.0,49.040000915527344,49.040000915527344,49.040000915527344,0.0,0
2015-12-08,15.710592269897461,0.0,48.77000045776367,0.0,48.77000045776367,48.77000045776367,48.77000045776367,0.0,0
2015-12-09,15.620394706726074,0.0,48.4900016784668,0.0,48.4900016784668,48.4900016784668,48.4900016784668,0.0,0
2015-12-10,15.649386405944824,0.0,48.58000183105469,0.0,48.58000183105469,48.58000183105469,48.58000183105469,0.0,0
2015-12-11,15.414932250976562,0.0,47.470001220703125,0.388,47.470001220703125,47.470001220703125,47.470001220703125,0.0,0
2015-12-14,15.359731674194336,0.0,47.29999923706055,0.0,47.29999923706055,47.29999923706055,47.29999923706055,0.0,0
2015-12-15,15.473381042480469,0.0,47.650001525878906,0.0,47.650001525878906,47.650001525878906,47.650001525878906,0.0,0
2015-12-16,15.596779823303223,0.0,48.029998779296875,0.0,48.029998779296875,48.029998779296875,48.029998779296875,0.0,0
2015-12-17,15.431168556213379,0.0,47.52000045776367,0.0,47.52000045776367,47.52000045776367,47.52000045776367,0.0,0
2015-12-18,15.275296211242676,0.0,47.040000915527344,0.0,47.040000915527344,47.040000915527344,47.040000915527344,0.0,0
2015-12-21,15.353233337402344,0.0,47.279998779296875,0.0,47.279998779296875,47.279998779296875,47.279998779296875,0.0,0
2015-12-22,15.457147598266602,0.0,47.599998474121094,0.0,47.599998474121094,47.599998474121094,47.599998474121094,0.0,0
2015-12-23,15.616264343261719,0.0,48.09000015258789,0.0,48.09000015258789,48.09000015258789,48.09000015258789,0.0,0
2015-12-24,15.593534469604492,0.0,48.02000045776367,0.0,48.02000045776367,48.02000045776367,48.02000045776367,0.0,0
2015-12-28,15.548070907592773,0.0,47.880001068115234,0.0,47.880001068115234,47.880001068115234,47.880001068115234,0.0,0
2015-12-29,15.684454917907715,0.0,48.29999923706055,0.0,48.29999923706055,48.29999923706055,48.29999923706055,0.0,0
2015-12-30,15.626008033752441,0.0,48.119998931884766,0.0,48.119998931884766,48.119998931884766,48.119998931884766,0.0,0
2015-12-31,15.505857467651367,0.0,47.75,0.0,47.75,47.75,47.75,0.0,0
2016-01-04,15.324006080627441,0.0,47.189998626708984,0.0,47.189998626708984,47.189998626708984,47.189998626708984,0.0,0
2016-01-05,15.298027992248535,0.0,47.11000061035156,0.0,47.11000061035156,47.11000061035156,47.11000061035156,0.0,0
2016-01-06,15.099943161010742,0.0,46.5,0.0,46.5,46.5,46.5,0.0,0
2016-01-07,14.898611068725586,0.0,45.880001068115234,0.0,45.880001068115234,45.880001068115234,45.880001068115234,0.0,0
2016-01-08,14.684289932250977,0.0,45.220001220703125,0.0,45.220001220703125,45.220001220703125,45.220001220703125,0.0,0
2016-01-11,14.632329940795898,0.0,45.060001373291016,0.0,45.060001373291016,45.060001373291016,45.060001373291016,0.0,0
2016-01-12,14.72974967956543,0.0,45.36000061035156,0.0,45.36000061035156,45.36000061035156,45.36000061035156,0.0,0
2016-01-13,14.466720581054688,0.0,44.54999923706055,0.0,44.54999923706055,44.54999923706055,44.54999923706055,0.0,0
2016-01-14,14.531665802001953,0.0,44.75,0.0,44.75,44.75,44.75,0.0,0
2016-01-15,14.314099311828613,0.0,44.08000183105469,0.0,44.08000183105469,44.08000183105469,44.08000183105469,0.0,0
2016-01-19,14.242655754089355,0.0,43.86000061035156,0.0,43.86000061035156,43.86000061035156,43.86000061035156,0.0,0
2016-01-20,14.122507095336914,0.0,43.4900016784668,0.0,43.4900016784668,43.4900016784668,43.4900016784668,0.0,0
2016-01-21,14.125753402709961,0.0,43.5,0.0,43.5,43.5,43.5,0.0,0
2016-01-22,14.411517143249512,0.0,44.380001068115234,0.0,44.380001068115234,44.380001068115234,44.380001068115234,0.0,0
2016-01-25,14.239408493041992,0.0,43.849998474121094,0.0,43.849998474121094,43.849998474121094,43.849998474121094,0.0,0
2016-01-26,14.431000709533691,0.0,44.439998626708984,0.0,44.439998626708984,44.439998626708984,44.439998626708984,0.0,0
2016-01-27,14.3270845413208,0.0,44.119998931884766,0.0,44.119998931884766,44.119998931884766,44.119998931884766,0.0,0
2016-01-28,14.349814414978027,0.0,44.189998626708984,0.0,44.189998626708984,44.189998626708984,44.189998626708984,0.0,0
2016-01-29,14.677793502807617,0.0,45.20000076293945,0.0,45.20000076293945,45.20000076293945,45.20000076293945,0.0,0
2016-02-01,14.720011711120605,0.0,45.33000183105469,0.0,45.33000183105469,45.33000183105469,45.33000183105469,0.0,0
2016-02-02,14.482958793640137,0.0,44.599998474121094,0.0,44.599998474121094,44.599998474121094,44.599998474121094,0.0,0
2016-02-03,14.544656753540039,0.0,44.790000915527344,0.0,44.790000915527344,44.790000915527344,44.790000915527344,0.0,0
2016-02-04,14.596612930297852,0.0,44.95000076293945,0.0,44.95000076293945,44.95000076293945,44.95000076293945,0.0,0
2016-02-05,14.37254810333252,0.0,44.2599983215332,0.0,44.2599983215332,44.2599983215332,44.2599983215332,0.0,0
2016-02-08,14.125753402709961,0.0,43.5,0.0,43.5,43.5,43.5,0.0,0
2016-02-09,14.080290794372559,0.0,43.36000061035156,0.0,43.36000061035156,43.36000061035156,43.36000061035156,0.0,0
2016-02-10,14.096529006958008,0.0,43.40999984741211,0.0,43.40999984741211,43.40999984741211,43.40999984741211,0.0,0
2016-02-11,13.921170234680176,0.0,42.869998931884766,0.0,42.869998931884766,42.869998931884766,42.869998931884766,0.0,0
2016-02-12,14.083539009094238,0.0,43.369998931884766,0.0,43.369998931884766,43.369998931884766,43.369998931884766,0.0,0
2016-02-16,14.349814414978027,0.0,44.189998626708984,0.0,44.189998626708984,44.189998626708984,44.189998626708984,0.0,0
2016-02-17,14.609600067138672,0.0,44.9900016784668,0.0,44.9900016784668,44.9900016784668,44.9900016784668,0.0,0
2016-02-18,14.63882827758789,0.0,45.08000183105469,0.0,45.08000183105469,45.08000183105469,45.08000183105469,0.0,0
2016-02-19,14.609600067138672,0.0,44.9900016784668,0.0,44.9900016784668,44.9900016784668,44.9900016784668,0.0,0
2016-02-22,14.752480506896973,0.0,45.43000030517578,0.0,45.43000030517578,45.43000030517578,45.43000030517578,0.0,0
2016-02-23,14.616094589233398,0.0,45.0099983215332,0.0,45.0099983215332,45.0099983215332,45.0099983215332,0.0,0
2016-02-24,14.677793502807617,0.0,45.20000076293945,0.0,45.20000076293945,45.20000076293945,45.20000076293945,0.0,0
2016-02-25,14.797942161560059,0.0,45.56999969482422,0.0,45.56999969482422,45.56999969482422,45.56999969482422,0.0,0
2016-02-26,14.849902153015137,0.0,45.72999954223633,0.0,45.72999954223633,45.72999954223633,45.72999954223633,0.0,0
2016-02-29,14.781710624694824,0.0,45.52000045776367,0.0,45.52000045776367,45.52000045776367,45.52000045776367,0.0,0
2016-03-01,15.064224243164062,0.0,46.38999938964844,0.0,46.38999938964844,46.38999938964844,46.38999938964844,0.0,0
2016-03-02,15.112934112548828,0.0,46.540000915527344,0.0,46.540000915527344,46.540000915527344,46.540000915527344,0.0,0
2016-03-03,15.25905990600586,0.0,46.9900016784668,0.0,46.9900016784668,46.9900016784668,46.9900016784668,0.0,0
2016-03-04,15.324006080627441,0.0,47.189998626708984,0.0,47.189998626708984,47.189998626708984,47.189998626708984,0.0,0
2016-03-07,15.395448684692383,0.0,47.40999984741211,0.0,47.40999984741211,47.40999984741211,47.40999984741211,0.0,0
2016-03-08,15.223340034484863,0.0,46.880001068115234,0.0,46.880001068115234,46.880001068115234,46.880001068115234,0.0,0
2016-03-09,15.275296211242676,0.0,47.040000915527344,0.0,47.040000915527344,47.040000915527344,47.040000915527344,0.0,0
2016-03-10,15.285040855407715,0.0,47.06999969482422,0.0,47.06999969482422,47.06999969482422,47.06999969482422,0.0,0
2016-03-11,15.53508472442627,0.0,47.84000015258789,0.0,47.84000015258789,47.84000015258789,47.84000015258789,0.0,0
2016-03-14,15.515596389770508,0.0,47.779998779296875,0.0,47.779998779296875,47.779998779296875,47.779998779296875,0.0,0
2016-03-15,15.39220142364502,0.0,47.400001525878906,0.0,47.400001525878906,47.400001525878906,47.400001525878906,0.0,0
2016-03-16,15.53508472442627,0.0,47.84000015258789,0.0,47.84000015258789,47.84000015258789,47.84000015258789,0.0,0
2016-03-17,15.661725997924805,0.0,48.22999954223633,0.0,48.22999954223633,48.22999954223633,48.22999954223633,0.0,0
2016-03-18,15.716928482055664,0.0,48.400001525878906,0.0,48.400001525878906,48.400001525878906,48.400001525878906,0.0,0
2016-03-21,15.684454917907715,0.0,48.29999923706055,0.0,48.29999923706055,48.29999923706055,48.29999923706055,0.0,0
2016-03-22,15.690953254699707,0.0,48.31999969482422,0.0,48.31999969482422,48.31999969482422,48.31999969482422,0.0,0
2016-03-23,15.557815551757812,0.0,47.90999984741211,0.0,47.90999984741211,47.90999984741211,47.90999984741211,0.0,0
2016-03-24,15.4279203414917,0.0,47.5099983215332,0.0,47.5099983215332,47.5099983215332,47.5099983215332,0.0,0
2016-03-28,15.486371040344238,0.0,47.689998626708984,0.0,47.689998626708984,47.689998626708984,47.689998626708984,0.0,0
2016-03-29,15.638998985290527,0.0,48.15999984741211,0.0,48.15999984741211,48.15999984741211,48.15999984741211,0.0,0
2016-03-30,15.703943252563477,0.0,48.36000061035156,0.0,48.36000061035156,48.36000061035156,48.36000061035156,0.0,0
2016-03-31,15.658479690551758,0.0,48.220001220703125,0.0,48.220001220703125,48.220001220703125,48.220001220703125,0.0,0
2016-04-01,15.648736000061035,0.0,48.189998626708984,0.0,48.189998626708984,48.189998626708984,48.189998626708984,0.0,0
2016-04-04,15.593534469604492,0.0,48.02000045776367,0.0,48.02000045776367,48.02000045776367,48.02000045776367,0.0,0
2016-04-05,15.39869499206543,0.0,47.41999816894531,0.0,47.41999816894531,47.41999816894531,47.41999816894531,0.0,0
2016-04-06,15.476630210876465,0.0,47.65999984741211,0.0,47.65999984741211,47.65999984741211,47.65999984741211,0.0,0
2016-04-07,15.298027992248535,0.0,47.11000061035156,0.0,47.11000061035156,47.11000061035156,47.11000061035156,0.0,0
2016-04-08,15.379210472106934,0.0,47.36000061035156,0.0,47.36000061035156,47.36000061035156,47.36000061035156,0.0,0
2016-04-11,15.405191421508789,0.0,47.439998626708984,0.0,47.439998626708984,47.439998626708984,47.439998626708984,0.0,0
2016-04-12,15.505857467651367,0.0,47.75,0.0,47.75,47.75,47.75,0.0,0
2016-04-13,15.674714088439941,0.0,48.27000045776367,0.0,48.27000045776367,48.27000045776367,48.27000045776367,0.0,0
2016-04-14,15.554569244384766,0.0,47.900001525878906,0.0,47.900001525878906,47.900001525878906,47.900001525878906,0.0,0
2016-04-15,15.538331031799316,0.0,47.849998474121094,0.0,47.849998474121094,47.849998474121094,47.849998474121094,0.0,0
2016-04-18,15.616264343261719,0.0,48.09000015258789,0.0,48.09000015258789,48.09000015258789,48.09000015258789,0.0,0
2016-04-19,15.6974458694458,0.0,48.34000015258789,0.0,48.34000015258789,48.34000015258789,48.34000015258789,0.0,0
2016-04-20,15.755899429321289,0.0,48.52000045776367,0.0,48.52000045776367,48.52000045776367,48.52000045776367,0.0,0
2016-04-21,15.671466827392578,0.0,48.2599983215332,0.0,48.2599983215332,48.2599983215332,48.2599983215332,0.0,0
2016-04-22,15.694199562072754,0.0,48.33000183105469,0.0,48.33000183105469,48.33000183105469,48.33000183105469,0.0,0
2016-04-25,15.651987075805664,0.0,48.20000076293945,0.0,48.20000076293945,48.20000076293945,48.20000076293945,0.0,0
2016-04-26,15.749404907226562,0.0,48.5,0.0,48.5,48.5,48.5,0.0,0
2016-04-27,15.804607391357422,0.0,48.66999816894531,0.0,48.66999816894531,48.66999816894531,48.66999816894531,0.0,0
2016-04-28,15.716928482055664,0.0,48.400001525878906,0.0,48.400001525878906,48.400001525878906,48.400001525878906,0.0,0
2016-04-29,15.609769821166992,0.0,48.06999969482422,0.0,48.06999969482422,48.06999969482422,48.06999969482422,0.0,0
2016-05-02,15.677964210510254,0.0,48.279998779296875,0.0,48.279998779296875,48.279998779296875,48.279998779296875,0.0,0
2016-05-03,15.515596389770508,0.0,47.779998779296875,0.0,47.779998779296875,47.779998779296875,47.779998779296875,0.0,0
2016-05-04,15.460395812988281,0.0,47.61000061035156,0.0,47.61000061035156,47.61000061035156,47.61000061035156,0.0,0
2016-05-05,15.408437728881836,0.0,47.45000076293945,0.0,47.45000076293945,47.45000076293945,47.45000076293945,0.0,0
2016-05-06,15.444157600402832,0.0,47.560001373291016,0.0,47.560001373291016,47.560001373291016,47.560001373291016,0.0,0
2016-05-09,15.470136642456055,0.0,47.63999938964844,0.0,47.63999938964844,47.63999938964844,47.63999938964844,0.0,0
2016-05-10,15.60002613067627,0.0,48.040000915527344,0.0,48.040000915527344,48.040000915527344,48.040000915527344,0.0,0
2016-05-11,15.411685943603516,0.0,47.459999084472656,0.0,47.459999084472656,47.459999084472656,47.459999084472656,0.0,0
2016-05-12,15.362972259521484,0.0,47.310001373291016,0.0,47.310001373291016,47.310001373291016,47.310001373291016,0.0,0
2016-05-13,15.288285255432129,0.0,47.08000183105469,0.0,47.08000183105469,47.08000183105469,47.08000183105469,0.0,0
2016-05-16,15.39869499206543,0.0,47.41999816894531,0.0,47.41999816894531,47.41999816894531,47.41999816894531,0.0,0
2016-05-17,15.340243339538574,0.0,47.2400016784668,0.0,47.2400016784668,47.2400016784668,47.2400016784668,0.0,0
2016-05-18,15.35647964477539,0.0,47.290000915527344,0.0,47.290000915527344,47.290000915527344,47.290000915527344,0.0,0
2016-05-19,15.324006080627441,0.0,47.189998626708984,0.0,47.189998626708984,47.189998626708984,47.189998626708984,0.0,0
2016-05-20,15.43441104888916,0.0,47.529998779296875,0.0,47.529998779296875,47.529998779296875,47.529998779296875,0.0,0
2016-05-23,15.440909385681152,0.0,47.54999923706055,0.0,47.54999923706055,47.54999923706055,47.54999923706055,0.0,0
2016-05-24,15.590287208557129,0.0,48.0099983215332,0.0,48.0099983215332,48.0099983215332,48.0099983215332,0.0,0
2016-05-25,15.720181465148926,0.0,48.40999984741211,0.0,48.40999984741211,48.40999984741211,48.40999984741211,0.0,0
2016-05-26,15.700695037841797,0.0,48.349998474121094,0.0,48.349998474121094,48.349998474121094,48.349998474121094,0.0,0
2016-05-27,15.739663124084473,0.0,48.470001220703125,0.0,48.470001220703125,48.470001220703125,48.470001220703125,0.0,0
2016-05-31,15.755899429321289,0.0,48.52000045776367,0.0,48.52000045776367,48.52000045776367,48.52000045776367,0.0,0
2016-06-01,15.772132873535156,0.0,48.56999969482422,0.0,48.56999969482422,48.56999969482422,48.56999969482422,0.0,0
2016-06-02,15.8565673828125,0.0,48.83000183105469,0.0,48.83000183105469,48.83000183105469,48.83000183105469,0.0,0
2016-06-03,15.872801780700684,0.0,48.880001068115234,0.0,48.880001068115234,48.880001068115234,48.880001068115234,0.0,0
2016-06-06,15.937750816345215,0.0,49.08000183105469,0.0,49.08000183105469,49.08000183105469,49.08000183105469,0.0,0
2016-06-07,16.02542495727539,0.0,49.349998474121094,0.0,49.349998474121094,49.349998474121094,49.349998474121094,0.0,0
2016-06-08,16.08712387084961,0.0,49.540000915527344,0.0,49.540000915527344,49.540000915527344,49.540000915527344,0.0,0
2016-06-09,15.999444961547852,0.0,49.27000045776367,0.0,49.27000045776367,49.27000045776367,49.27000045776367,0.0,0
2016-06-10,15.742907524108887,0.0,48.47999954223633,0.0,48.47999954223633,48.47999954223633,48.47999954223633,0.0,0
2016-06-13,15.58379077911377,0.0,47.9900016784668,0.0,47.9900016784668,47.9900016784668,47.9900016784668,0.0,0
2016-06-14,15.479873657226562,0.0,47.66999816894531,0.0,47.66999816894531,47.66999816894531,47.66999816894531,0.0,0
2016-06-15,15.512350082397461,0.0,47.77000045776367,0.0,47.77000045776367,47.77000045776367,47.77000045776367,0.0,0
2016-06-16,15.502607345581055,0.0,47.7400016784668,0.0,47.7400016784668,47.7400016784668,47.7400016784668,0.0,0
2016-06-17,15.577298164367676,0.0,47.970001220703125,0.0,47.970001220703125,47.970001220703125,47.970001220703125,0.0,0
2016-06-20,15.804607391357422,0.0,48.66999816894531,0.0,48.66999816894531,48.66999816894531,48.66999816894531,0.0,0
2016-06-21,15.798112869262695,0.0,48.650001525878906,0.0,48.650001525878906,48.650001525878906,48.650001525878906,0.0,0
2016-06-22,15.791619300842285,0.0,48.630001068115234,0.0,48.630001068115234,48.630001068115234,48.630001068115234,0.0,0
2016-06-23,16.00594139099121,0.0,49.290000915527344,0.0,49.290000915527344,49.290000915527344,49.290000915527344,0.0,0
2016-06-24,15.239581108093262,0.0,46.93000030517578,0.0,46.93000030517578,46.93000030517578,46.93000030517578,0.0,0
2016-06-27,14.86613655090332,0.0,45.779998779296875,0.0,45.779998779296875,45.779998779296875,45.779998779296875,0.0,0
2016-06-28,15.16813850402832,0.0,46.709999084472656,0.0,46.709999084472656,46.709999084472656,46.709999084472656,0.0,0
2016-06-29,15.39220142364502,0.0,47.400001525878906,0.0,47.400001525878906,47.400001525878906,47.400001525878906,0.0,0
2016-06-30,15.561058044433594,0.0,47.91999816894531,0.0,47.91999816894531,47.91999816894531,47.91999816894531,0.0,0
2016-07-01,15.596779823303223,0.0,48.029998779296875,0.0,48.029998779296875,48.029998779296875,48.029998779296875,0.0,0
2016-07-05,15.336995124816895,0.0,47.22999954223633,0.0,47.22999954223633,47.22999954223633,47.22999954223633,0.0,0
2016-07-06,15.37271785736084,0.0,47.34000015258789,0.0,47.34000015258789,47.34000015258789,47.34000015258789,0.0,0
2016-07-07,15.366222381591797,0.0,47.31999969482422,0.0,47.31999969482422,47.31999969482422,47.31999969482422,0.0,0
2016-07-08,15.57080364227295,0.0,47.95000076293945,0.0,47.95000076293945,47.95000076293945,47.95000076293945,0.0,0
2016-07-11,15.671466827392578,0.0,48.2599983215332,0.0,48.2599983215332,48.2599983215332,48.2599983215332,0.0,0
2016-07-12,15.866304397583008,0.0,48.86000061035156,0.0,48.86000061035156,48.86000061035156,48.86000061035156,0.0,0
2016-07-13,15.8565673828125,0.0,48.83000183105469,0.0,48.83000183105469,48.83000183105469,48.83000183105469,0.0,0
2016-07-14,15.93125057220459,0.0,49.060001373291016,0.0,49.060001373291016,49.060001373291016,49.060001373291016,0.0,0
2016-07-15,15.872801780700684,0.0,48.880001068115234,0.0,48.880001068115234,48.880001068115234,48.880001068115234,0.0,0
2016-07-18,15.928006172180176,0.0,49.04999923706055,0.0,49.04999923706055,49.04999923706055,49.04999923706055,0.0,0
2016-07-19,15.882542610168457,0.0,48.90999984741211,0.0,48.90999984741211,48.90999984741211,48.90999984741211,0.0,0
2016-07-20,15.970219612121582,0.0,49.18000030517578,0.0,49.18000030517578,49.18000030517578,49.18000030517578,0.0,0
2016-07-21,15.934502601623535,0.0,49.06999969482422,0.0,49.06999969482422,49.06999969482422,49.06999969482422,0.0,0
2016-07-22,15.950735092163086,0.0,49.119998931884766,0.0,49.119998931884766,49.119998931884766,49.119998931884766,0.0,0
2016-07-25,15.947488784790039,0.0,49.11000061035156,0.0,49.11000061035156,49.11000061035156,49.11000061035156,0.0,0
2016-07-26,16.018932342529297,0.0,49.33000183105469,0.0,49.33000183105469,49.33000183105469,49.33000183105469,0.0,0
2016-07-27,16.018932342529297,0.0,49.33000183105469,0.0,49.33000183105469,49.33000183105469,49.33000183105469,0.0,0
2016-07-28,16.02217674255371,0.0,49.34000015258789,0.0,49.34000015258789,49.34000015258789,49.34000015258789,0.0,0
2016-07-29,16.096866607666016,0.0,49.56999969482422,0.0,49.56999969482422,49.56999969482422,49.56999969482422,0.0,0
2016-08-01,16.04166030883789,0.0,49.400001525878906,0.0,49.400001525878906,49.400001525878906,49.400001525878906,0.0,0
2016-08-02,15.937750816345215,0.0,49.08000183105469,0.0,49.08000183105469,49.08000183105469,49.08000183105469,0.0,0
2016-08-03,15.999444961547852,0.0,49.27000045776367,0.0,49.27000045776367,49.27000045776367,49.27000045776367,0.0,0
2016-08-04,15.963726043701172,0.0,49.15999984741211,0.0,49.15999984741211,49.15999984741211,49.15999984741211,0.0,0
2016-08-05,16.090364456176758,0.0,49.54999923706055,0.0,49.54999923706055,49.54999923706055,49.54999923706055,0.0,0
2016-08-08,16.096866607666016,0.0,49.56999969482422,0.0,49.56999969482422,49.56999969482422,49.56999969482422,0.0,0
2016-08-09,16.10335922241211,0.0,49.59000015258789,0.0,49.59000015258789,49.59000015258789,49.59000015258789,0.0,0
2016-08-10,16.113101959228516,0.0,49.619998931884766,0.0,49.619998931884766,49.619998931884766,49.619998931884766,0.0,0
2016-08-11,16.191036224365234,0.0,49.86000061035156,0.0,49.86000061035156,49.86000061035156,49.86000061035156,0.0,0
2016-08-12,16.178043365478516,0.0,49.81999969482422,0.0,49.81999969482422,49.81999969482422,49.81999969482422,0.0,0
2016-08-15,16.242992401123047,0.0,50.02000045776367,0.0,50.02000045776367,50.02000045776367,50.02000045776367,0.0,0
2016-08-16,16.197528839111328,0.0,49.880001068115234,0.0,49.880001068115234,49.880001068115234,49.880001068115234,0.0,0
2016-08-17,16.14232635498047,0.0,49.709999084472656,0.0,49.709999084472656,49.709999084472656,49.709999084472656,0.0,0
2016-08-18,16.246238708496094,0.0,50.029998779296875,0.0,50.029998779296875,50.029998779296875,50.029998779296875,0.0,0
2016-08-19,16.223506927490234,0.0,49.959999084472656,0.0,49.959999084472656,49.959999084472656,49.959999084472656,0.0,0
2016-08-22,16.21051788330078,0.0,49.91999816894531,0.0,49.91999816894531,49.91999816894531,49.91999816894531,0.0,0
2016-08-23,16.366395950317383,0.0,50.400001525878906,0.0,50.400001525878906,50.400001525878906,50.400001525878906,0.0,0
2016-08-24,16.31443214416504,0.0,50.2400016784668,0.0,50.2400016784668,50.2400016784668,50.2400016784668,0.0,0
2016-08-25,16.291704177856445,0.0,50.16999816894531,0.0,50.16999816894531,50.16999816894531,50.16999816894531,0.0,0
2016-08-26,16.23324966430664,0.0,49.9900016784668,0.0,49.9900016784668,49.9900016784668,49.9900016784668,0.0,0
2016-08-29,16.246238708496094,0.0,50.029998779296875,0.0,50.029998779296875,50.029998779296875,50.029998779296875,0.0,0
2016-08-30,16.191036224365234,0.0,49.86000061035156,0.0,49.86000061035156,49.86000061035156,49.86000061035156,0.0,0
2016-08-31,16.152069091796875,0.0,49.7400016784668,0.0,49.7400016784668,49.7400016784668,49.7400016784668,0.0,0
2016-09-01,16.168306350708008,0.0,49.790000915527344,0.0,49.790000915527344,49.790000915527344,49.790000915527344,0.0,0
2016-09-02,16.272218704223633,0.0,50.11000061035156,0.0,50.11000061035156,50.11000061035156,50.11000061035156,0.0,0
2016-09-06,16.350149154663086,0.0,50.349998474121094,0.0,50.349998474121094,50.349998474121094,50.349998474121094,0.0,0
2016-09-07,16.385875701904297,0.0,50.459999084472656,0.0,50.459999084472656,50.459999084472656,50.459999084472656,0.0,0
2016-09-08,16.3533992767334,0.0,50.36000061035156,0.0,50.36000061035156,50.36000061035156,50.36000061035156,0.0,0
2016-09-09,16.038415908813477,0.0,49.38999938964844,0.0,49.38999938964844,49.38999938964844,49.38999938964844,0.0,0
2016-09-12,16.174800872802734,0.0,49.810001373291016,0.0,49.810001373291016,49.810001373291016,49.810001373291016,0.0,0
2016-09-13,15.950735092163086,0.0,49.119998931884766,0.0,49.119998931884766,49.119998931884766,49.119998931884766,0.0,0
2016-09-14,15.928006172180176,0.0,49.04999923706055,0.0,49.04999923706055,49.04999923706055,49.04999923706055,0.0,0
2016-09-15,16.038415908813477,0.0,49.38999938964844,0.0,49.38999938964844,49.38999938964844,49.38999938964844,0.0,0
2016-09-16,15.96711254119873,0.0,47.70000076293945,1.477,47.70000076293945,47.70000076293945,47.70000076293945,0.0,0
2016-09-19,16.03740882873535,0.0,47.90999984741211,0.0,47.90999984741211,47.90999984741211,47.90999984741211,0.0,0
2016-09-20,16.003934860229492,0.0,47.810001373291016,0.0,47.810001373291016,47.810001373291016,47.810001373291016,0.0,0
2016-09-21,16.21482276916504,0.0,48.439998626708984,0.0,48.439998626708984,48.439998626708984,48.439998626708984,0.0,0
2016-09-22,16.325284957885742,0.0,48.77000045776367,0.0,48.77000045776367,48.77000045776367,48.77000045776367,0.0,0
2016-09-23,16.248294830322266,0.0,48.540000915527344,0.0,48.540000915527344,48.540000915527344,48.540000915527344,0.0,0
2016-09-26,16.134485244750977,0.0,48.20000076293945,0.0,48.20000076293945,48.20000076293945,48.20000076293945,0.0,0
2016-09-27,16.241600036621094,0.0,48.52000045776367,0.0,48.52000045776367,48.52000045776367,48.52000045776367,0.0,0
2016-09-28,16.318593978881836,0.0,48.75,0.0,48.75,48.75,48.75,0.0,0
2016-09-29,16.181344985961914,0.0,48.34000015258789,0.0,48.34000015258789,48.34000015258789,48.34000015258789,0.0,0
2016-09-30,16.325284957885742,0.0,48.77000045776367,0.0,48.77000045776367,48.77000045776367,48.77000045776367,0.0,0
2016-10-03,16.285118103027344,0.0,48.650001525878906,0.0,48.650001525878906,48.650001525878906,48.650001525878906,0.0,0
2016-10-04,16.271728515625,0.0,48.61000061035156,0.0,48.61000061035156,48.61000061035156,48.61000061035156,0.0,0
2016-10-05,16.34537124633789,0.0,48.83000183105469,0.0,48.83000183105469,48.83000183105469,48.83000183105469,0.0,0
2016-10-06,16.271728515625,0.0,48.61000061035156,0.0,48.61000061035156,48.61000061035156,48.61000061035156,0.0,0
2016-10-07,16.181344985961914,0.0,48.34000015258789,0.0,48.34000015258789,48.34000015258789,48.34000015258789,0.0,0
2016-10-10,16.23155975341797,0.0,48.4900016784668,0.0,48.4900016784668,48.4900016784668,48.4900016784668,0.0,0
2016-10-11,16.030712127685547,0.0,47.88999938964844,0.0,47.88999938964844,47.88999938964844,47.88999938964844,0.0,0
2016-10-12,16.077579498291016,0.0,48.029998779296875,0.0,48.029998779296875,48.029998779296875,48.029998779296875,0.0,0
2016-10-13,16.020673751831055,0.0,47.86000061035156,0.0,47.86000061035156,47.86000061035156,47.86000061035156,0.0,0
2016-10-14,16.010629653930664,0.0,47.83000183105469,0.0,47.83000183105469,47.83000183105469,47.83000183105469,0.0,0
2016-10-17,15.963763236999512,0.0,47.689998626708984,0.0,47.689998626708984,47.689998626708984,47.689998626708984,0.0,0
2016-10-18,16.11775016784668,0.0,48.150001525878906,0.0,48.150001525878906,48.150001525878906,48.150001525878906,0.0,0
2016-10-19,16.181344985961914,0.0,48.34000015258789,0.0,48.34000015258789,48.34000015258789,48.34000015258789,0.0,0
2016-10-20,16.131134033203125,0.0,48.189998626708984,0.0,48.189998626708984,48.189998626708984,48.189998626708984,0.0,0
2016-10-21,16.084274291992188,0.0,48.04999923706055,0.0,48.04999923706055,48.04999923706055,48.04999923706055,0.0,0
2016-10-24,16.14118003845215,0.0,48.220001220703125,0.0,48.220001220703125,48.220001220703125,48.220001220703125,0.0,0
2016-10-25,16.067535400390625,0.0,48.0,0.0,48.0,48.0,48.0,0.0,0
2016-10-26,16.03740882873535,0.0,47.90999984741211,0.0,47.90999984741211,47.90999984741211,47.90999984741211,0.0,0
2016-10-27,15.923595428466797,0.0,47.56999969482422,0.0,47.56999969482422,47.56999969482422,47.56999969482422,0.0,0
2016-10-28,15.903512954711914,0.0,47.5099983215332,0.0,47.5099983215332,47.5099983215332,47.5099983215332,0.0,0
2016-10-31,15.903512954711914,0.0,47.5099983215332,0.0,47.5099983215332,47.5099983215332,47.5099983215332,0.0,0
2016-11-01,15.84326171875,0.0,47.33000183105469,0.0,47.33000183105469,47.33000183105469,47.33000183105469,0.0,0
2016-11-02,15.766267776489258,0.0,47.099998474121094,0.0,47.099998474121094,47.099998474121094,47.099998474121094,0.0,0
2016-11-03,15.762922286987305,0.0,47.09000015258789,0.0,47.09000015258789,47.09000015258789,47.09000015258789,0.0,0
2016-11-04,15.695974349975586,0.0,46.88999938964844,0.0,46.88999938964844,46.88999938964844,46.88999938964844,0.0,0
2016-11-07,15.920251846313477,0.0,47.560001373291016,0.0,47.560001373291016,47.560001373291016,47.560001373291016,0.0,0
2016-11-08,15.916900634765625,0.0,47.54999923706055,0.0,47.54999923706055,47.54999923706055,47.54999923706055,0.0,0
2016-11-09,16.077579498291016,0.0,48.029998779296875,0.0,48.029998779296875,48.029998779296875,48.029998779296875,0.0,0
2016-11-10,16.248294830322266,0.0,48.540000915527344,0.0,48.540000915527344,48.540000915527344,48.540000915527344,0.0,0
2016-11-11,16.278425216674805,0.0,48.630001068115234,0.0,48.630001068115234,48.630001068115234,48.630001068115234,0.0,0
2016-11-14,16.452486038208008,0.0,49.150001525878906,0.0,49.150001525878906,49.150001525878906,49.150001525878906,0.0,0
2016-11-15,16.475921630859375,0.0,49.220001220703125,0.0,49.220001220703125,49.220001220703125,49.220001220703125,0.0,0
2016-11-16,16.469226837158203,0.0,49.20000076293945,0.0,49.20000076293945,49.20000076293945,49.20000076293945,0.0,0
2016-11-17,16.63994026184082,0.0,49.709999084472656,0.0,49.709999084472656,49.709999084472656,49.709999084472656,0.0,0
2016-11-18,16.586381912231445,0.0,49.54999923706055,0.0,49.54999923706055,49.54999923706055,49.54999923706055,0.0,0
2016-11-21,16.69350242614746,0.0,49.869998931884766,0.0,49.869998931884766,49.869998931884766,49.869998931884766,0.0,0
2016-11-22,16.807308197021484,0.0,50.209999084472656,0.0,50.209999084472656,50.209999084472656,50.209999084472656,0.0,0
2016-11-23,16.827396392822266,0.0,50.27000045776367,0.0,50.27000045776367,50.27000045776367,50.27000045776367,0.0,0
2016-11-25,16.810659408569336,0.0,50.220001220703125,0.0,50.220001220703125,50.220001220703125,50.220001220703125,0.0,0
2016-11-28,16.716930389404297,0.0,49.939998626708984,0.0,49.939998626708984,49.939998626708984,49.939998626708984,0.0,0
2016-11-29,16.780534744262695,0.0,50.130001068115234,0.0,50.130001068115234,50.130001068115234,50.130001068115234,0.0,0
2016-11-30,16.770490646362305,0.0,50.099998474121094,0.0,50.099998474121094,50.099998474121094,50.099998474121094,0.0,0
2016-12-01,16.7403621673584,0.0,50.0099983215332,0.0,50.0099983215332,50.0099983215332,50.0099983215332,0.0,0
2016-12-02,16.737018585205078,0.0,50.0,0.0,50.0,50.0,50.0,0.0,0
2016-12-05,16.83074188232422,0.0,50.279998779296875,0.0,50.279998779296875,50.279998779296875,50.279998779296875,0.0,0
2016-12-06,16.897687911987305,0.0,50.47999954223633,0.0,50.47999954223633,50.47999954223633,50.47999954223633,0.0,0
2016-12-07,17.098533630371094,0.0,51.08000183105469,0.0,51.08000183105469,51.08000183105469,51.08000183105469,0.0,0
2016-12-08,17.158788681030273,0.0,51.2599983215332,0.0,51.2599983215332,51.2599983215332,51.2599983215332,0.0,0
2016-12-09,17.16628646850586,0.0,50.36000061035156,0.922,50.36000061035156,50.36000061035156,50.36000061035156,0.0,0
2016-12-12,17.11174774169922,0.0,50.20000076293945,0.0,50.20000076293945,50.20000076293945,50.20000076293945,0.0,0
2016-12-13,17.207191467285156,0.0,50.47999954223633,0.0,50.47999954223633,50.47999954223633,50.47999954223633,0.0,0
2016-12-14,17.012895584106445,0.0,49.90999984741211,0.0,49.90999984741211,49.90999984741211,49.90999984741211,0.0,0
2016-12-15,17.036760330200195,0.0,49.97999954223633,0.0,49.97999954223633,49.97999954223633,49.97999954223633,0.0,0
2016-12-16,17.01630401611328,0.0,49.91999816894531,0.0,49.91999816894531,49.91999816894531,49.91999816894531,0.0,0
2016-12-19,17.002670288085938,0.0,49.880001068115234,0.0,49.880001068115234,49.880001068115234,49.880001068115234,0.0,0
2016-12-20,17.064023971557617,0.0,50.060001373291016,0.0,50.060001373291016,50.060001373291016,50.060001373291016,0.0,0
2016-12-21,17.036760330200195,0.0,49.97999954223633,0.0,49.97999954223633,49.97999954223633,49.97999954223633,0.0,0
2016-12-22,16.93790054321289,0.0,49.689998626708984,0.0,49.689998626708984,49.689998626708984,49.689998626708984,0.0,0
2016-12-23,16.968582153320312,0.0,49.779998779296875,0.0,49.779998779296875,49.779998779296875,49.779998779296875,0.0,0
2016-12-27,17.009489059448242,0.0,49.900001525878906,0.0,49.900001525878906,49.900001525878906,49.900001525878906,0.0,0
2016-12-28,16.890180587768555,0.0,49.54999923706055,0.0,49.54999923706055,49.54999923706055,49.54999923706055,0.0,0
2016-12-29,16.90381622314453,0.0,49.59000015258789,0.0,49.59000015258789,49.59000015258789,49.59000015258789,0.0,0
2016-12-30,16.866323471069336,0.0,49.47999954223633,0.0,49.47999954223633,49.47999954223633,49.47999954223633,0.0,0
2017-01-03,16.93790054321289,0.0,49.689998626708984,0.0,49.689998626708984,49.689998626708984,49.689998626708984,0.0,0
2017-01-04,17.074251174926758,0.0,50.09000015258789,0.0,50.09000015258789,50.09000015258789,50.09000015258789,0.0,0
2017-01-05,17.070842742919922,0.0,50.08000183105469,0.0,50.08000183105469,50.08000183105469,50.08000183105469,0.0,0
2017-01-06,17.006078720092773,0.0,49.88999938964844,0.0,49.88999938964844,49.88999938964844,49.88999938964844,0.0,0
2017-01-09,16.92767906188965,0.0,49.65999984741211,0.0,49.65999984741211,49.65999984741211,49.65999984741211,0.0,0
2017-01-10,16.995853424072266,0.0,49.86000061035156,0.0,49.86000061035156,49.86000061035156,49.86000061035156,0.0,0
2017-01-11,17.029939651489258,0.0,49.959999084472656,0.0,49.959999084472656,49.959999084472656,49.959999084472656,0.0,0
2017-01-12,16.97880744934082,0.0,49.810001373291016,0.0,49.810001373291016,49.810001373291016,49.810001373291016,0.0,0
2017-01-13,17.0401668548584,0.0,49.9900016784668,0.0,49.9900016784668,49.9900016784668,49.9900016784668,0.0,0
2017-01-17,17.026531219482422,0.0,49.95000076293945,0.0,49.95000076293945,49.95000076293945,49.95000076293945,0.0,0
2017-01-18,16.975400924682617,0.0,49.79999923706055,0.0,49.79999923706055,49.79999923706055,49.79999923706055,0.0,0
2017-01-19,16.88677406311035,0.0,49.540000915527344,0.0,49.540000915527344,49.540000915527344,49.540000915527344,0.0,0
2017-01-20,16.91404151916504,0.0,49.619998931884766,0.0,49.619998931884766,49.619998931884766,49.619998931884766,0.0,0
2017-01-23,16.869728088378906,0.0,49.4900016784668,0.0,49.4900016784668,49.4900016784668,49.4900016784668,0.0,0
2017-01-24,16.982215881347656,0.0,49.81999969482422,0.0,49.81999969482422,49.81999969482422,49.81999969482422,0.0,0
2017-01-25,17.16287612915039,0.0,50.349998474121094,0.0,50.349998474121094,50.349998474121094,50.349998474121094,0.0,0
2017-01-26,17.11174774169922,0.0,50.20000076293945,0.0,50.20000076293945,50.20000076293945,50.20000076293945,0.0,0
2017-01-27,17.064023971557617,0.0,50.060001373291016,0.0,50.060001373291016,50.060001373291016,50.060001373291016,0.0,0
2017-01-30,17.002670288085938,0.0,49.880001068115234,0.0,49.880001068115234,49.880001068115234,49.880001068115234,0.0,0
2017-01-31,17.064023971557617,0.0,50.060001373291016,0.0,50.060001373291016,50.060001373291016,50.060001373291016,0.0,0
2017-02-01,17.104928970336914,0.0,50.18000030517578,0.0,50.18000030517578,50.18000030517578,50.18000030517578,0.0,0
2017-02-02,17.077661514282227,0.0,50.099998474121094,0.0,50.099998474121094,50.099998474121094,50.099998474121094,0.0,0
2017-02-03,17.224239349365234,0.0,50.529998779296875,0.0,50.529998779296875,50.529998779296875,50.529998779296875,0.0,0
2017-02-06,17.149246215820312,0.0,50.310001373291016,0.0,50.310001373291016,50.310001373291016,50.310001373291016,0.0,0
2017-02-07,17.13901710510254,0.0,50.279998779296875,0.0,50.279998779296875,50.279998779296875,50.279998779296875,0.0,0
2017-02-08,17.179927825927734,0.0,50.400001525878906,0.0,50.400001525878906,50.400001525878906,50.400001525878906,0.0,0
2017-02-09,17.28218650817871,0.0,50.70000076293945,0.0,50.70000076293945,50.70000076293945,50.70000076293945,0.0,0
2017-02-10,17.343542098999023,0.0,50.880001068115234,0.0,50.880001068115234,50.880001068115234,50.880001068115234,0.0,0
2017-02-13,17.384445190429688,0.0,51.0,0.0,51.0,51.0,51.0,0.0,0
2017-02-14,17.459436416625977,0.0,51.220001220703125,0.0,51.220001220703125,51.220001220703125,51.220001220703125,0.0,0
2017-02-15,17.520795822143555,0.0,51.400001525878906,0.0,51.400001525878906,51.400001525878906,51.400001525878906,0.0,0
2017-02-16,17.476478576660156,0.0,51.27000045776367,0.0,51.27000045776367,51.27000045776367,51.27000045776367,0.0,0
2017-02-17,17.398080825805664,0.0,51.040000915527344,0.0,51.040000915527344,51.040000915527344,51.040000915527344,0.0,0
2017-02-21,17.51056671142578,0.0,51.369998931884766,0.0,51.369998931884766,51.369998931884766,51.369998931884766,0.0,0
2017-02-22,17.479887008666992,0.0,51.279998779296875,0.0,51.279998779296875,51.279998779296875,51.279998779296875,0.0,0
2017-02-23,17.469663619995117,0.0,51.25,0.0,51.25,51.25,51.25,0.0,0
2017-02-24,17.479887008666992,0.0,51.279998779296875,0.0,51.279998779296875,51.279998779296875,51.279998779296875,0.0,0
2017-02-27,17.53101921081543,0.0,51.43000030517578,0.0,51.43000030517578,51.43000030517578,51.43000030517578,0.0,0
2017-02-28,17.432165145874023,0.0,51.13999938964844,0.0,51.13999938964844,51.13999938964844,51.13999938964844,0.0,0
2017-03-01,17.571922302246094,0.0,51.54999923706055,0.0,51.54999923706055,51.54999923706055,51.54999923706055,0.0,0
2017-03-02,17.52420425415039,0.0,51.40999984741211,0.0,51.40999984741211,51.40999984741211,51.40999984741211,0.0,0
2017-03-03,17.520795822143555,0.0,51.400001525878906,0.0,51.400001525878906,51.400001525878906,51.400001525878906,0.0,0
2017-03-06,17.452621459960938,0.0,51.20000076293945,0.0,51.20000076293945,51.20000076293945,51.20000076293945,0.0,0
2017-03-07,17.415124893188477,0.0,51.09000015258789,0.0,51.09000015258789,51.09000015258789,51.09000015258789,0.0,0
2017-03-08,17.387853622436523,0.0,51.0099983215332,0.0,51.0099983215332,51.0099983215332,51.0099983215332,0.0,0
2017-03-09,17.350357055664062,0.0,50.900001525878906,0.0,50.900001525878906,50.900001525878906,50.900001525878906,0.0,0
2017-03-10,17.442394256591797,0.0,51.16999816894531,0.0,51.16999816894531,51.16999816894531,51.16999816894531,0.0,0
2017-03-13,17.452621459960938,0.0,51.20000076293945,0.0,51.20000076293945,51.20000076293945,51.20000076293945,0.0,0
2017-03-14,17.387853622436523,0.0,51.0099983215332,0.0,51.0099983215332,51.0099983215332,51.0099983215332,0.0,0
2017-03-15,17.551475524902344,0.0,51.4900016784668,0.0,51.4900016784668,51.4900016784668,51.4900016784668,0.0,0
2017-03-16,17.599193572998047,0.0,51.630001068115234,0.0,51.630001068115234,51.630001068115234,51.630001068115234,0.0,0
2017-03-17,17.606014251708984,0.0,51.650001525878906,0.0,51.650001525878906,51.650001525878906,51.650001525878906,0.0,0
2017-03-20,17.541250228881836,0.0,51.459999084472656,0.0,51.459999084472656,51.459999084472656,51.459999084472656,0.0,0
2017-03-21,17.357179641723633,0.0,50.91999816894531,0.0,50.91999816894531,50.91999816894531,50.91999816894531,0.0,0
2017-03-22,17.36740493774414,0.0,50.95000076293945,0.0,50.95000076293945,50.95000076293945,50.95000076293945,0.0,0
2017-03-23,17.418529510498047,0.0,51.099998474121094,0.0,51.099998474121094,51.099998474121094,51.099998474121094,0.0,0
2017-03-24,17.384445190429688,0.0,51.0,0.0,51.0,51.0,51.0,0.0,0
2017-03-27,17.404897689819336,0.0,51.060001373291016,0.0,51.060001373291016,51.060001373291016,51.060001373291016,0.0,0
2017-03-28,17.507160186767578,0.0,51.36000061035156,0.0,51.36000061035156,51.36000061035156,51.36000061035156,0.0,0
2017-03-29,17.541250228881836,0.0,51.459999084472656,0.0,51.459999084472656,51.459999084472656,51.459999084472656,0.0,0
2017-03-30,17.592378616333008,0.0,51.61000061035156,0.0,51.61000061035156,51.61000061035156,51.61000061035156,0.0,0
2017-03-31,17.592378616333008,0.0,51.61000061035156,0.0,51.61000061035156,51.61000061035156,51.61000061035156,0.0,0
2017-04-03,17.51397705078125,0.0,51.380001068115234,0.0,51.380001068115234,51.380001068115234,51.380001068115234,0.0,0
2017-04-04,17.486705780029297,0.0,51.29999923706055,0.0,51.29999923706055,51.29999923706055,51.29999923706055,0.0,0
2017-04-05,17.438982009887695,0.0,51.15999984741211,0.0,51.15999984741211,51.15999984741211,51.15999984741211,0.0,0
2017-04-06,17.452621459960938,0.0,51.20000076293945,0.0,51.20000076293945,51.20000076293945,51.20000076293945,0.0,0
2017-04-07,17.435575485229492,0.0,51.150001525878906,0.0,51.150001525878906,51.150001525878906,51.150001525878906,0.0,0
2017-04-10,17.496932983398438,0.0,51.33000183105469,0.0,51.33000183105469,51.33000183105469,51.33000183105469,0.0,0
2017-04-11,17.578739166259766,0.0,51.56999969482422,0.0,51.56999969482422,51.56999969482422,51.56999969482422,0.0,0
2017-04-12,17.520795822143555,0.0,51.400001525878906,0.0,51.400001525878906,51.400001525878906,51.400001525878906,0.0,0
2017-04-13,17.445802688598633,0.0,51.18000030517578,0.0,51.18000030517578,51.18000030517578,51.18000030517578,0.0,0
2017-04-17,17.55487823486328,0.0,51.5,0.0,51.5,51.5,51.5,0.0,0
2017-04-18,17.568517684936523,0.0,51.540000915527344,0.0,51.540000915527344,51.540000915527344,51.540000915527344,0.0,0
2017-04-19,17.602603912353516,0.0,51.63999938964844,0.0,51.63999938964844,51.63999938964844,51.63999938964844,0.0,0
2017-04-20,17.725318908691406,0.0,52.0,0.0,52.0,52.0,52.0,0.0,0
2017-04-21,17.694639205932617,0.0,51.90999984741211,0.0,51.90999984741211,51.90999984741211,51.90999984741211,0.0,0
2017-04-24,17.88893699645996,0.0,52.47999954223633,0.0,52.47999954223633,52.47999954223633,52.47999954223633,0.0,0
2017-04-25,18.00483512878418,0.0,52.81999969482422,0.0,52.81999969482422,52.81999969482422,52.81999969482422,0.0,0
2017-04-26,17.936656951904297,0.0,52.619998931884766,0.0,52.619998931884766,52.619998931884766,52.619998931884766,0.0,0
2017-04-27,17.94347381591797,0.0,52.63999938964844,0.0,52.63999938964844,52.63999938964844,52.63999938964844,0.0,0
2017-04-28,17.861669540405273,0.0,52.400001525878906,0.0,52.400001525878906,52.400001525878906,52.400001525878906,0.0,0
2017-05-01,17.854848861694336,0.0,52.380001068115234,0.0,52.380001068115234,52.380001068115234,52.380001068115234,0.0,0
2017-05-02,17.929840087890625,0.0,52.599998474121094,0.0,52.599998474121094,52.599998474121094,52.599998474121094,0.0,0
2017-05-03,17.88552474975586,0.0,52.470001220703125,0.0,52.470001220703125,52.470001220703125,52.470001220703125,0.0,0
2017-05-04,17.912797927856445,0.0,52.54999923706055,0.0,52.54999923706055,52.54999923706055,52.54999923706055,0.0,0
2017-05-05,18.021881103515625,0.0,52.869998931884766,0.0,52.869998931884766,52.869998931884766,52.869998931884766,0.0,0
2017-05-08,18.052555084228516,0.0,52.959999084472656,0.0,52.959999084472656,52.959999084472656,52.959999084472656,0.0,0
2017-05-09,18.0321044921875,0.0,52.900001525878906,0.0,52.900001525878906,52.900001525878906,52.900001525878906,0.0,0
2017-05-10,18.09004783630371,0.0,53.06999969482422,0.0,53.06999969482422,53.06999969482422,53.06999969482422,0.0,0
2017-05-11,17.99119758605957,0.0,52.779998779296875,0.0,52.779998779296875,52.779998779296875,52.779998779296875,0.0,0
2017-05-12,17.90938949584961,0.0,52.540000915527344,0.0,52.540000915527344,52.540000915527344,52.540000915527344,0.0,0
2017-05-15,17.95711326599121,0.0,52.68000030517578,0.0,52.68000030517578,52.68000030517578,52.68000030517578,0.0,0
2017-05-16,17.95029067993164,0.0,52.65999984741211,0.0,52.65999984741211,52.65999984741211,52.65999984741211,0.0,0
2017-05-17,17.73554229736328,0.0,52.029998779296875,0.0,52.029998779296875,52.029998779296875,52.029998779296875,0.0,0
2017-05-18,17.738950729370117,0.0,52.040000915527344,0.0,52.040000915527344,52.040000915527344,52.040000915527344,0.0,0
2017-05-19,17.88552474975586,0.0,52.470001220703125,0.0,52.470001220703125,52.470001220703125,52.470001220703125,0.0,0
2017-05-22,17.967336654663086,0.0,52.709999084472656,0.0,52.709999084472656,52.709999084472656,52.709999084472656,0.0,0
2017-05-23,17.902570724487305,0.0,52.52000045776367,0.0,52.52000045776367,52.52000045776367,52.52000045776367,0.0,0
2017-05-24,17.940065383911133,0.0,52.630001068115234,0.0,52.630001068115234,52.630001068115234,52.630001068115234,0.0,0
2017-05-25,18.107093811035156,0.0,53.119998931884766,0.0,53.119998931884766,53.119998931884766,53.119998931884766,0.0,0
2017-05-26,18.03891944885254,0.0,52.91999816894531,0.0,52.91999816894531,52.91999816894531,52.91999816894531,0.0,0
2017-05-30,18.04914665222168,0.0,52.95000076293945,0.0,52.95000076293945,52.95000076293945,52.95000076293945,0.0,0
2017-05-31,18.059371948242188,0.0,52.97999954223633,0.0,52.97999954223633,52.97999954223633,52.97999954223633,0.0,0
2017-06-01,18.23662567138672,0.0,53.5,0.0,53.5,53.5,53.5,0.0,0
2017-06-02,18.274118423461914,0.0,53.61000061035156,0.0,53.61000061035156,53.61000061035156,53.61000061035156,0.0,0
2017-06-05,18.22298812866211,0.0,53.459999084472656,0.0,53.459999084472656,53.459999084472656,53.459999084472656,0.0,0
2017-06-06,18.137773513793945,0.0,53.209999084472656,0.0,53.209999084472656,53.209999084472656,53.209999084472656,0.0,0
2017-06-07,18.14118003845215,0.0,53.220001220703125,0.0,53.220001220703125,53.220001220703125,53.220001220703125,0.0,0
2017-06-08,18.175268173217773,0.0,53.31999969482422,0.0,53.31999969482422,53.31999969482422,53.31999969482422,0.0,0
2017-06-09,18.199125289916992,0.0,53.38999938964844,0.0,53.38999938964844,53.38999938964844,53.38999938964844,0.0,0
2017-06-12,18.144590377807617,0.0,53.22999954223633,0.0,53.22999954223633,53.22999954223633,53.22999954223633,0.0,0
2017-06-13,18.243440628051758,0.0,53.52000045776367,0.0,53.52000045776367,53.52000045776367,53.52000045776367,0.0,0
2017-06-14,18.23321533203125,0.0,53.4900016784668,0.0,53.4900016784668,53.4900016784668,53.4900016784668,0.0,0
2017-06-15,18.11050033569336,0.0,53.130001068115234,0.0,53.130001068115234,53.130001068115234,53.130001068115234,0.0,0
2017-06-16,18.12413787841797,0.0,53.16999816894531,0.0,53.16999816894531,53.16999816894531,53.16999816894531,0.0,0
2017-06-19,18.22298812866211,0.0,53.459999084472656,0.0,53.459999084472656,53.459999084472656,53.459999084472656,0.0,0
2017-06-20,18.08323097229004,0.0,53.04999923706055,0.0,53.04999923706055,53.04999923706055,53.04999923706055,0.0,0
2017-06-21,18.04914665222168,0.0,52.95000076293945,0.0,52.95000076293945,52.95000076293945,52.95000076293945,0.0,0
2017-06-22,18.10027503967285,0.0,53.099998474121094,0.0,53.099998474121094,53.099998474121094,53.099998474121094,0.0,0
2017-06-23,18.127546310424805,0.0,53.18000030517578,0.0,53.18000030517578,53.18000030517578,53.18000030517578,0.0,0
2017-06-26,18.171859741210938,0.0,53.310001373291016,0.0,53.310001373291016,53.310001373291016,53.310001373291016,0.0,0
2017-06-27,18.10027503967285,0.0,53.099998474121094,0.0,53.099998474121094,53.099998474121094,53.099998474121094,0.0,0
2017-06-28,18.202537536621094,0.0,53.400001525878906,0.0,53.400001525878906,53.400001525878906,53.400001525878906,0.0,0
2017-06-29,18.147993087768555,0.0,53.2400016784668,0.0,53.2400016784668,53.2400016784668,53.2400016784668,0.0,0
2017-06-30,18.171859741210938,0.0,53.310001373291016,0.0,53.310001373291016,53.310001373291016,53.310001373291016,0.0,0
2017-07-03,18.23662567138672,0.0,53.5,0.0,53.5,53.5,53.5,0.0,0
2017-07-05,18.168453216552734,0.0,53.29999923706055,0.0,53.29999923706055,53.29999923706055,53.29999923706055,0.0,0
2017-07-06,18.059371948242188,0.0,52.97999954223633,0.0,52.97999954223633,52.97999954223633,52.97999954223633,0.0,0
2017-07-07,18.117319107055664,0.0,53.150001525878906,0.0,53.150001525878906,53.150001525878906,53.150001525878906,0.0,0
2017-07-10,18.06959342956543,0.0,53.0099983215332,0.0,53.0099983215332,53.0099983215332,53.0099983215332,0.0,0
2017-07-11,18.07300567626953,0.0,53.02000045776367,0.0,53.02000045776367,53.02000045776367,53.02000045776367,0.0,0
2017-07-12,18.15481185913086,0.0,53.2599983215332,0.0,53.2599983215332,53.2599983215332,53.2599983215332,0.0,0
2017-07-13,18.22298812866211,0.0,53.459999084472656,0.0,53.459999084472656,53.459999084472656,53.459999084472656,0.0,0
2017-07-14,18.315025329589844,0.0,53.72999954223633,0.0,53.72999954223633,53.72999954223633,53.72999954223633,0.0,0
2017-07-17,18.332067489624023,0.0,53.779998779296875,0.0,53.779998779296875,53.779998779296875,53.779998779296875,0.0,0
2017-07-18,18.31161880493164,0.0,53.720001220703125,0.0,53.720001220703125,53.720001220703125,53.720001220703125,0.0,0
2017-07-19,18.441146850585938,0.0,54.099998474121094,0.0,54.099998474121094,54.099998474121094,54.099998474121094,0.0,0
2017-07-20,18.471826553344727,0.0,54.189998626708984,0.0,54.189998626708984,54.189998626708984,54.189998626708984,0.0,0
2017-07-21,18.458192825317383,0.0,54.150001525878906,0.0,54.150001525878906,54.150001525878906,54.150001525878906,0.0,0
2017-07-24,18.437740325927734,0.0,54.09000015258789,0.0,54.09000015258789,54.09000015258789,54.09000015258789,0.0,0
2017-07-25,18.424104690551758,0.0,54.04999923706055,0.0,54.04999923706055,54.04999923706055,54.04999923706055,0.0,0
2017-07-26,18.420696258544922,0.0,54.040000915527344,0.0,54.040000915527344,54.040000915527344,54.040000915527344,0.0,0
2017-07-27,18.45477867126465,0.0,54.13999938964844,0.0,54.13999938964844,54.13999938964844,54.13999938964844,0.0,0
2017-07-28,18.495689392089844,0.0,54.2599983215332,0.0,54.2599983215332,54.2599983215332,54.2599983215332,0.0,0
2017-07-31,18.536592483520508,0.0,54.380001068115234,0.0,54.380001068115234,54.380001068115234,54.380001068115234,0.0,0
2017-08-01,18.570680618286133,0.0,54.47999954223633,0.0,54.47999954223633,54.47999954223633,54.47999954223633,0.0,0
2017-08-02,18.567270278930664,0.0,54.470001220703125,0.0,54.470001220703125,54.470001220703125,54.470001220703125,0.0,0
2017-08-03,18.604764938354492,0.0,54.58000183105469,0.0,54.58000183105469,54.58000183105469,54.58000183105469,0.0,0
2017-08-04,18.638853073120117,0.0,54.68000030517578,0.0,54.68000030517578,54.68000030517578,54.68000030517578,0.0,0
2017-08-07,18.65248680114746,0.0,54.720001220703125,0.0,54.720001220703125,54.720001220703125,54.720001220703125,0.0,0
2017-08-08,18.666122436523438,0.0,54.7599983215332,0.0,54.7599983215332,54.7599983215332,54.7599983215332,0.0,0
2017-08-09,18.58772087097168,0.0,54.529998779296875,0.0,54.529998779296875,54.529998779296875,54.529998779296875,0.0,0
2017-08-10,18.376380920410156,0.0,53.90999984741211,0.0,53.90999984741211,53.90999984741211,53.90999984741211,0.0,0
2017-08-11,18.41046714782715,0.0,54.0099983215332,0.0,54.0099983215332,54.0099983215332,54.0099983215332,0.0,0
2017-08-14,18.482053756713867,0.0,54.220001220703125,0.0,54.220001220703125,54.220001220703125,54.220001220703125,0.0,0
2017-08-15,18.396833419799805,0.0,53.970001220703125,0.0,53.970001220703125,53.970001220703125,53.970001220703125,0.0,0
2017-08-16,18.485462188720703,0.0,54.22999954223633,0.0,54.22999954223633,54.22999954223633,54.22999954223633,0.0,0
2017-08-17,18.294570922851562,0.0,53.66999816894531,0.0,53.66999816894531,53.66999816894531,53.66999816894531,0.0,0
2017-08-18,18.31161880493164,0.0,53.720001220703125,0.0,53.720001220703125,53.720001220703125,53.720001220703125,0.0,0
2017-08-21,18.342294692993164,0.0,53.810001373291016,0.0,53.810001373291016,53.810001373291016,53.810001373291016,0.0,0
2017-08-22,18.468416213989258,0.0,54.18000030517578,0.0,54.18000030517578,54.18000030517578,54.18000030517578,0.0,0
2017-08-23,18.447965621948242,0.0,54.119998931884766,0.0,54.119998931884766,54.119998931884766,54.119998931884766,0.0,0
2017-08-24,18.45477867126465,0.0,54.13999938964844,0.0,54.13999938964844,54.13999938964844,54.13999938964844,0.0,0
2017-08-25,18.533180236816406,0.0,54.369998931884766,0.0,54.369998931884766,54.369998931884766,54.369998931884766,0.0,0
2017-08-28,18.53999900817871,0.0,54.38999938964844,0.0,54.38999938964844,54.38999938964844,54.38999938964844,0.0,0
2017-08-29,18.420696258544922,0.0,54.040000915527344,0.0,54.040000915527344,54.040000915527344,54.040000915527344,0.0,0
2017-08-30,18.45477867126465,0.0,54.13999938964844,0.0,54.13999938964844,54.13999938964844,54.13999938964844,0.0,0
2017-08-31,18.570680618286133,0.0,54.47999954223633,0.0,54.47999954223633,54.47999954223633,54.47999954223633,0.0,0
2017-09-01,18.62521743774414,0.0,54.63999938964844,0.0,54.63999938964844,54.63999938964844,54.63999938964844,0.0,0
2017-09-05,18.519550323486328,0.0,54.33000183105469,0.0,54.33000183105469,54.33000183105469,54.33000183105469,0.0,0
2017-09-06,18.543407440185547,0.0,54.400001525878906,0.0,54.400001525878906,54.400001525878906,54.400001525878906,0.0,0
2017-09-07,18.60135269165039,0.0,54.56999969482422,0.0,54.56999969482422,54.56999969482422,54.56999969482422,0.0,0
2017-09-08,18.62521743774414,0.0,54.63999938964844,0.0,54.63999938964844,54.63999938964844,54.63999938964844,0.0,0
2017-09-11,18.717252731323242,0.0,54.90999984741211,0.0,54.90999984741211,54.90999984741211,54.90999984741211,0.0,0
2017-09-12,18.822921752929688,0.0,55.220001220703125,0.0,55.220001220703125,55.220001220703125,55.220001220703125,0.0,0
2017-09-13,18.857006072998047,0.0,55.31999969482422,0.0,55.31999969482422,55.31999969482422,55.31999969482422,0.0,0
2017-09-14,18.87064552307129,0.0,55.36000061035156,0.0,55.36000061035156,55.36000061035156,55.36000061035156,0.0,0
2017-09-15,18.90045928955078,0.0,51.349998474121094,4.091,51.349998474121094,51.349998474121094,51.349998474121094,0.0,0
2017-09-18,18.89678192138672,0.0,51.34000015258789,0.0,51.34000015258789,51.34000015258789,51.34000015258789,0.0,0
2017-09-19,18.81212043762207,0.0,51.11000061035156,0.0,51.11000061035156,51.11000061035156,51.11000061035156,0.0,0
2017-09-20,18.771635055541992,0.0,51.0,0.0,51.0,51.0,51.0,0.0,0
2017-09-21,18.778995513916016,0.0,51.02000045776367,0.0,51.02000045776367,51.02000045776367,51.02000045776367,0.0,0
2017-09-22,18.81212043762207,0.0,51.11000061035156,0.0,51.11000061035156,51.11000061035156,51.11000061035156,0.0,0
2017-09-25,18.797401428222656,0.0,51.06999969482422,0.0,51.06999969482422,51.06999969482422,51.06999969482422,0.0,0
2017-09-26,18.830524444580078,0.0,51.15999984741211,0.0,51.15999984741211,51.15999984741211,51.15999984741211,0.0,0
2017-09-27,18.974071502685547,0.0,51.54999923706055,0.0,51.54999923706055,51.54999923706055,51.54999923706055,0.0,0
2017-09-28,19.047691345214844,0.0,51.75,0.0,51.75,51.75,51.75,0.0,0
2017-09-29,19.08817481994629,0.0,51.86000061035156,0.0,51.86000061035156,51.86000061035156,51.86000061035156,0.0,0
2017-10-02,19.183874130249023,0.0,52.119998931884766,0.0,52.119998931884766,52.119998931884766,52.119998931884766,0.0,0
2017-10-03,19.183874130249023,0.0,52.119998931884766,0.0,52.119998931884766,52.119998931884766,52.119998931884766,0.0,0
2017-10-04,19.213321685791016,0.0,52.20000076293945,0.0,52.20000076293945,52.20000076293945,52.20000076293945,0.0,0
2017-10-05,19.198596954345703,0.0,52.15999984741211,0.0,52.15999984741211,52.15999984741211,52.15999984741211,0.0,0
2017-10-06,19.2022762298584,0.0,52.16999816894531,0.0,52.16999816894531,52.16999816894531,52.16999816894531,0.0,0
2017-10-09,19.158109664916992,0.0,52.04999923706055,0.0,52.04999923706055,52.04999923706055,52.04999923706055,0.0,0
2017-10-10,19.191238403320312,0.0,52.13999938964844,0.0,52.13999938964844,52.13999938964844,52.13999938964844,0.0,0
2017-10-11,19.176509857177734,0.0,52.099998474121094,0.0,52.099998474121094,52.099998474121094,52.099998474121094,0.0,0
2017-10-12,19.154428482055664,0.0,52.040000915527344,0.0,52.040000915527344,52.040000915527344,52.040000915527344,0.0,0
2017-10-13,19.194917678833008,0.0,52.150001525878906,0.0,52.150001525878906,52.150001525878906,52.150001525878906,0.0,0
2017-10-16,19.2022762298584,0.0,52.16999816894531,0.0,52.16999816894531,52.16999816894531,52.16999816894531,0.0,0
2017-10-17,19.231721878051758,0.0,52.25,0.0,52.25,52.25,52.25,0.0,0
2017-10-18,19.279571533203125,0.0,52.380001068115234,0.0,52.380001068115234,52.380001068115234,52.380001068115234,0.0,0
2017-10-19,19.2501277923584,0.0,52.29999923706055,0.0,52.29999923706055,52.29999923706055,52.29999923706055,0.0,0
2017-10-20,19.316381454467773,0.0,52.47999954223633,0.0,52.47999954223633,52.47999954223633,52.47999954223633,0.0,0
2017-10-23,19.353185653686523,0.0,52.58000183105469,0.0,52.58000183105469,52.58000183105469,52.58000183105469,0.0,0
2017-10-24,19.386314392089844,0.0,52.66999816894531,0.0,52.66999816894531,52.66999816894531,52.66999816894531,0.0,0
2017-10-25,19.33478546142578,0.0,52.529998779296875,0.0,52.529998779296875,52.529998779296875,52.529998779296875,0.0,0
2017-10-26,19.404714584350586,0.0,52.720001220703125,0.0,52.720001220703125,52.720001220703125,52.720001220703125,0.0,0
2017-10-27,19.397357940673828,0.0,52.70000076293945,0.0,52.70000076293945,52.70000076293945,52.70000076293945,0.0,0
2017-10-30,19.367904663085938,0.0,52.619998931884766,0.0,52.619998931884766,52.619998931884766,52.619998931884766,0.0,0
2017-10-31,19.412080764770508,0.0,52.7400016784668,0.0,52.7400016784668,52.7400016784668,52.7400016784668,0.0,0
2017-11-01,19.371593475341797,0.0,52.630001068115234,0.0,52.630001068115234,52.630001068115234,52.630001068115234,0.0,0
2017-11-02,19.42312240600586,0.0,52.77000045776367,0.0,52.77000045776367,52.77000045776367,52.77000045776367,0.0,0
2017-11-03,19.426803588867188,0.0,52.779998779296875,0.0,52.779998779296875,52.779998779296875,52.779998779296875,0.0,0
2017-11-06,19.493051528930664,0.0,52.959999084472656,0.0,52.959999084472656,52.959999084472656,52.959999084472656,0.0,0
2017-11-07,19.42312240600586,0.0,52.77000045776367,0.0,52.77000045776367,52.77000045776367,52.77000045776367,0.0,0
2017-11-08,19.415760040283203,0.0,52.75,0.0,52.75,52.75,52.75,0.0,0
2017-11-09,19.37527084350586,0.0,52.63999938964844,0.0,52.63999938964844,52.63999938964844,52.63999938964844,0.0,0
2017-11-10,19.40839385986328,0.0,52.72999954223633,0.0,52.72999954223633,52.72999954223633,52.72999954223633,0.0,0
2017-11-13,19.3458251953125,0.0,52.560001373291016,0.0,52.560001373291016,52.560001373291016,52.560001373291016,0.0,0
2017-11-14,19.323740005493164,0.0,52.5,0.0,52.5,52.5,52.5,0.0,0
2017-11-15,19.209640502929688,0.0,52.189998626708984,0.0,52.189998626708984,52.189998626708984,52.189998626708984,0.0,0
2017-11-16,19.356868743896484,0.0,52.59000015258789,0.0,52.59000015258789,52.59000015258789,52.59000015258789,0.0,0
2017-11-17,19.478328704833984,0.0,52.91999816894531,0.0,52.91999816894531,52.91999816894531,52.91999816894531,0.0,0
2017-11-20,19.54826545715332,0.0,53.11000061035156,0.0,53.11000061035156,53.11000061035156,53.11000061035156,0.0,0
2017-11-21,19.629243850708008,0.0,53.33000183105469,0.0,53.33000183105469,53.33000183105469,53.33000183105469,0.0,0
2017-11-22,19.61819839477539,0.0,53.29999923706055,0.0,53.29999923706055,53.29999923706055,53.29999923706055,0.0,0
2017-11-24,19.63292121887207,0.0,53.34000015258789,0.0,53.34000015258789,53.34000015258789,53.34000015258789,0.0,0
2017-11-27,19.585071563720703,0.0,53.209999084472656,0.0,53.209999084472656,53.209999084472656,53.209999084472656,0.0,0
2017-11-28,19.783832550048828,0.0,53.75,0.0,53.75,53.75,53.75,0.0,0
2017-11-29,19.934741973876953,0.0,54.15999984741211,0.0,54.15999984741211,54.15999984741211,54.15999984741211,0.0,0
2017-11-30,19.978904724121094,0.0,54.279998779296875,0.0,54.279998779296875,54.279998779296875,54.279998779296875,0.0,0
2017-12-01,19.96050262451172,0.0,54.22999954223633,0.0,54.22999954223633,54.22999954223633,54.22999954223633,0.0,0
2017-12-04,19.971548080444336,0.0,54.2599983215332,0.0,54.2599983215332,54.2599983215332,54.2599983215332,0.0,0
2017-12-05,19.883211135864258,0.0,54.02000045776367,0.0,54.02000045776367,54.02000045776367,54.02000045776367,0.0,0
2017-12-06,19.791194915771484,0.0,53.77000045776367,0.0,53.77000045776367,53.77000045776367,53.77000045776367,0.0,0
2017-12-07,19.85008430480957,0.0,53.93000030517578,0.0,53.93000030517578,53.93000030517578,53.93000030517578,0.0,0
2017-12-08,19.990474700927734,0.0,53.540000915527344,0.766,53.540000915527344,53.540000915527344,53.540000915527344,0.0,0
2017-12-11,19.99420738220215,0.0,53.54999923706055,0.0,53.54999923706055,53.54999923706055,53.54999923706055,0.0,0
2017-12-12,19.983007431030273,0.0,53.52000045776367,0.0,53.52000045776367,53.52000045776367,53.52000045776367,0.0,0
2017-12-13,20.027809143066406,0.0,53.63999938964844,0.0,53.63999938964844,53.63999938964844,53.63999938964844,0.0,0
2017-12-14,19.9269962310791,0.0,53.369998931884766,0.0,53.369998931884766,53.369998931884766,53.369998931884766,0.0,0
2017-12-15,19.9718017578125,0.0,53.4900016784668,0.0,53.4900016784668,53.4900016784668,53.4900016784668,0.0,0
2017-12-18,20.132354736328125,0.0,53.91999816894531,0.0,53.91999816894531,53.91999816894531,53.91999816894531,0.0,0
2017-12-19,20.121150970458984,0.0,53.88999938964844,0.0,53.88999938964844,53.88999938964844,53.88999938964844,0.0,0
2017-12-20,20.177156448364258,0.0,54.040000915527344,0.0,54.040000915527344,54.040000915527344,54.040000915527344,0.0,0
2017-12-21,20.251832962036133,0.0,54.2400016784668,0.0,54.2400016784668,54.2400016784668,54.2400016784668,0.0,0
2017-12-22,20.285438537597656,0.0,54.33000183105469,0.0,54.33000183105469,54.33000183105469,54.33000183105469,0.0,0
2017-12-26,20.326507568359375,0.0,54.439998626708984,0.0,54.439998626708984,54.439998626708984,54.439998626708984,0.0,0
2017-12-27,20.345176696777344,0.0,54.4900016784668,0.0,54.4900016784668,54.4900016784668,54.4900016784668,0.0,0
2017-12-28,20.408653259277344,0.0,54.65999984741211,0.0,54.65999984741211,54.65999984741211,54.65999984741211,0.0,0
2017-12-29,20.356382369995117,0.0,54.52000045776367,0.0,54.52000045776367,54.52000045776367,54.52000045776367,0.0,0
2018-01-02,20.487060546875,0.0,54.869998931884766,0.0,54.869998931884766,54.869998931884766,54.869998931884766,0.0,0
2018-01-03,20.580402374267578,0.0,55.119998931884766,0.0,55.119998931884766,55.119998931884766,55.119998931884766,0.0,0
2018-01-04,20.65134620666504,0.0,55.310001373291016,0.0,55.310001373291016,55.310001373291016,55.310001373291016,0.0,0
2018-01-05,20.782026290893555,0.0,55.65999984741211,0.0,55.65999984741211,55.65999984741211,55.65999984741211,0.0,0
2018-01-08,20.841764450073242,0.0,55.81999969482422,0.0,55.81999969482422,55.81999969482422,55.81999969482422,0.0,0
2018-01-09,20.879100799560547,0.0,55.91999816894531,0.0,55.91999816894531,55.91999816894531,55.91999816894531,0.0,0
2018-01-10,20.849233627319336,0.0,55.84000015258789,0.0,55.84000015258789,55.84000015258789,55.84000015258789,0.0,0
2018-01-11,21.028453826904297,0.0,56.31999969482422,0.0,56.31999969482422,56.31999969482422,56.31999969482422,0.0,0
2018-01-12,21.189001083374023,0.0,56.75,0.0,56.75,56.75,56.75,0.0,0
2018-01-16,21.1292667388916,0.0,56.59000015258789,0.0,56.59000015258789,56.59000015258789,56.59000015258789,0.0,0
2018-01-17,21.256214141845703,0.0,56.93000030517578,0.0,56.93000030517578,56.93000030517578,56.93000030517578,0.0,0
2018-01-18,21.24127960205078,0.0,56.88999938964844,0.0,56.88999938964844,56.88999938964844,56.88999938964844,0.0,0
2018-01-19,21.40182876586914,0.0,57.31999969482422,0.0,57.31999969482422,57.31999969482422,57.31999969482422,0.0,0
2018-01-22,21.53251075744629,0.0,57.66999816894531,0.0,57.66999816894531,57.66999816894531,57.66999816894531,0.0,0
2018-01-23,21.60718536376953,0.0,57.869998931884766,0.0,57.869998931884766,57.869998931884766,57.869998931884766,0.0,0
2018-01-24,21.610919952392578,0.0,57.880001068115234,0.0,57.880001068115234,57.880001068115234,57.880001068115234,0.0,0
2018-01-25,21.554912567138672,0.0,57.72999954223633,0.0,57.72999954223633,57.72999954223633,57.72999954223633,0.0,0
2018-01-26,21.752796173095703,0.0,58.2599983215332,0.0,58.2599983215332,58.2599983215332,58.2599983215332,0.0,0
2018-01-29,21.618391036987305,0.0,57.900001525878906,0.0,57.900001525878906,57.900001525878906,57.900001525878906,0.0,0
2018-01-30,21.353286743164062,0.0,57.189998626708984,0.0,57.189998626708984,57.189998626708984,57.189998626708984,0.0,0
2018-01-31,21.24127960205078,0.0,56.88999938964844,0.0,56.88999938964844,56.88999938964844,56.88999938964844,0.0,0
2018-02-01,21.256214141845703,0.0,56.93000030517578,0.0,56.93000030517578,56.93000030517578,56.93000030517578,0.0,0
2018-02-02,20.815628051757812,0.0,55.75,0.0,55.75,55.75,55.75,0.0,0
2018-02-05,20.139820098876953,0.0,53.939998626708984,0.0,53.939998626708984,53.939998626708984,53.939998626708984,0.0,0
2018-02-06,20.29290771484375,0.0,54.349998474121094,0.0,54.349998474121094,54.349998474121094,54.349998474121094,0.0,0
2018-02-07,20.285438537597656,0.0,54.33000183105469,0.0,54.33000183105469,54.33000183105469,54.33000183105469,0.0,0
2018-02-08,19.7365779876709,0.0,52.86000061035156,0.0,52.86000061035156,52.86000061035156,52.86000061035156,0.0,0
2018-02-09,19.88966178894043,0.0,53.27000045776367,0.0,53.27000045776367,53.27000045776367,53.27000045776367,0.0,0
2018-02-12,20.07634735107422,0.0,53.77000045776367,0.0,53.77000045776367,53.77000045776367,53.77000045776367,0.0,0
2018-02-13,20.08755111694336,0.0,53.79999923706055,0.0,53.79999923706055,53.79999923706055,53.79999923706055,0.0,0
2018-02-14,20.412384033203125,0.0,54.66999816894531,0.0,54.66999816894531,54.66999816894531,54.66999816894531,0.0,0
2018-02-15,20.531869888305664,0.0,54.9900016784668,0.0,54.9900016784668,54.9900016784668,54.9900016784668,0.0,0
2018-02-16,20.584138870239258,0.0,55.130001068115234,0.0,55.130001068115234,55.130001068115234,55.130001068115234,0.0,0
2018-02-20,20.49079704284668,0.0,54.880001068115234,0.0,54.880001068115234,54.880001068115234,54.880001068115234,0.0,0
2018-02-21,20.401185989379883,0.0,54.63999938964844,0.0,54.63999938964844,54.63999938964844,54.63999938964844,0.0,0
2018-02-22,20.42359161376953,0.0,54.70000076293945,0.0,54.70000076293945,54.70000076293945,54.70000076293945,0.0,0
2018-02-23,20.621477127075195,0.0,55.22999954223633,0.0,55.22999954223633,55.22999954223633,55.22999954223633,0.0,0
2018-02-26,20.73722267150879,0.0,55.540000915527344,0.0,55.540000915527344,55.540000915527344,55.540000915527344,0.0,0
2018-02-27,20.483327865600586,0.0,54.86000061035156,0.0,54.86000061035156,54.86000061035156,54.86000061035156,0.0,0
2018-02-28,20.304107666015625,0.0,54.380001068115234,0.0,54.380001068115234,54.380001068115234,54.380001068115234,0.0,0
2018-03-01,20.1622257232666,0.0,54.0,0.0,54.0,54.0,54.0,0.0,0
2018-03-02,20.214496612548828,0.0,54.13999938964844,0.0,54.13999938964844,54.13999938964844,54.13999938964844,0.0,0
2018-03-05,20.352643966674805,0.0,54.5099983215332,0.0,54.5099983215332,54.5099983215332,54.5099983215332,0.0,0
2018-03-06,20.50572967529297,0.0,54.91999816894531,0.0,54.91999816894531,54.91999816894531,54.91999816894531,0.0,0
2018-03-07,20.438522338867188,0.0,54.7400016784668,0.0,54.7400016784668,54.7400016784668,54.7400016784668,0.0,0
2018-03-08,20.42359161376953,0.0,54.70000076293945,0.0,54.70000076293945,54.70000076293945,54.70000076293945,0.0,0
2018-03-09,20.66628074645996,0.0,55.349998474121094,0.0,55.349998474121094,55.349998474121094,55.349998474121094,0.0,0
2018-03-12,20.662546157836914,0.0,55.34000015258789,0.0,55.34000015258789,55.34000015258789,55.34000015258789,0.0,0
2018-03-13,20.658811569213867,0.0,55.33000183105469,0.0,55.33000183105469,55.33000183105469,55.33000183105469,0.0,0
2018-03-14,20.576671600341797,0.0,55.11000061035156,0.0,55.11000061035156,55.11000061035156,55.11000061035156,0.0,0
2018-03-15,20.565473556518555,0.0,55.08000183105469,0.0,55.08000183105469,55.08000183105469,55.08000183105469,0.0,0
2018-03-16,20.60280990600586,0.0,55.18000030517578,0.0,55.18000030517578,55.18000030517578,55.18000030517578,0.0,0
2018-03-19,20.434785842895508,0.0,54.72999954223633,0.0,54.72999954223633,54.72999954223633,54.72999954223633,0.0,0
2018-03-20,20.45718765258789,0.0,54.790000915527344,0.0,54.790000915527344,54.790000915527344,54.790000915527344,0.0,0
2018-03-21,20.487060546875,0.0,54.869998931884766,0.0,54.869998931884766,54.869998931884766,54.869998931884766,0.0,0
2018-03-22,20.10248374938965,0.0,53.84000015258789,0.0,53.84000015258789,53.84000015258789,53.84000015258789,0.0,0
2018-03-23,19.818723678588867,0.0,53.08000183105469,0.0,53.08000183105469,53.08000183105469,53.08000183105469,0.0,0
2018-03-26,20.177156448364258,0.0,54.040000915527344,0.0,54.040000915527344,54.040000915527344,54.040000915527344,0.0,0
2018-03-27,19.94566535949707,0.0,53.41999816894531,0.0,53.41999816894531,53.41999816894531,53.41999816894531,0.0,0
2018-03-28,19.9718017578125,0.0,53.4900016784668,0.0,53.4900016784668,53.4900016784668,53.4900016784668,0.0,0
2018-03-29,20.139820098876953,0.0,53.939998626708984,0.0,53.939998626708984,53.939998626708984,53.939998626708984,0.0,0
2018-04-02,19.844858169555664,0.0,53.150001525878906,0.0,53.150001525878906,53.150001525878906,53.150001525878906,0.0,0
2018-04-03,20.053943634033203,0.0,53.709999084472656,0.0,53.709999084472656,53.709999084472656,53.709999084472656,0.0,0
2018-04-04,20.24810218811035,0.0,54.22999954223633,0.0,54.22999954223633,54.22999954223633,54.22999954223633,0.0,0
2018-04-05,20.322778701782227,0.0,54.43000030517578,0.0,54.43000030517578,54.43000030517578,54.43000030517578,0.0,0
2018-04-06,20.05767822265625,0.0,53.720001220703125,0.0,53.720001220703125,53.720001220703125,53.720001220703125,0.0,0
2018-04-09,20.121150970458984,0.0,53.88999938964844,0.0,53.88999938964844,53.88999938964844,53.88999938964844,0.0,0
2018-04-10,20.382516860961914,0.0,54.59000015258789,0.0,54.59000015258789,54.59000015258789,54.59000015258789,0.0,0
2018-04-11,20.315311431884766,0.0,54.40999984741211,0.0,54.40999984741211,54.40999984741211,54.40999984741211,0.0,0
2018-04-12,20.40492057800293,0.0,54.650001525878906,0.0,54.650001525878906,54.650001525878906,54.650001525878906,0.0,0
2018-04-13,20.375049591064453,0.0,54.56999969482422,0.0,54.56999969482422,54.56999969482422,54.56999969482422,0.0,0
2018-04-16,20.531869888305664,0.0,54.9900016784668,0.0,54.9900016784668,54.9900016784668,54.9900016784668,0.0,0
2018-04-17,20.6774845123291,0.0,55.380001068115234,0.0,55.380001068115234,55.380001068115234,55.380001068115234,0.0,0
2018-04-18,20.759628295898438,0.0,55.599998474121094,0.0,55.599998474121094,55.599998474121094,55.599998474121094,0.0,0
2018-04-19,20.67374610900879,0.0,55.369998931884766,0.0,55.369998931884766,55.369998931884766,55.369998931884766,0.0,0
2018-04-20,20.569202423095703,0.0,55.09000015258789,0.0,55.09000015258789,55.09000015258789,55.09000015258789,0.0,0
2018-04-23,20.543066024780273,0.0,55.02000045776367,0.0,55.02000045776367,55.02000045776367,55.02000045776367,0.0,0
2018-04-24,20.453454971313477,0.0,54.779998779296875,0.0,54.779998779296875,54.779998779296875,54.779998779296875,0.0,0
2018-04-25,20.49452781677246,0.0,54.88999938964844,0.0,54.88999938964844,54.88999938964844,54.88999938964844,0.0,0
2018-04-26,20.621477127075195,0.0,55.22999954223633,0.0,55.22999954223633,55.22999954223633,55.22999954223633,0.0,0
2018-04-27,20.68868637084961,0.0,55.40999984741211,0.0,55.40999984741211,55.40999984741211,55.40999984741211,0.0,0
2018-04-30,20.561735153198242,0.0,55.06999969482422,0.0,55.06999969482422,55.06999969482422,55.06999969482422,0.0,0
2018-05-01,20.46839141845703,0.0,54.81999969482422,0.0,54.81999969482422,54.81999969482422,54.81999969482422,0.0,0
2018-05-02,20.322778701782227,0.0,54.43000030517578,0.0,54.43000030517578,54.43000030517578,54.43000030517578,0.0,0
2018-05-03,20.23689842224121,0.0,54.20000076293945,0.0,54.20000076293945,54.20000076293945,54.20000076293945,0.0,0
2018-05-04,20.352643966674805,0.0,54.5099983215332,0.0,54.5099983215332,54.5099983215332,54.5099983215332,0.0,0
2018-05-07,20.356382369995117,0.0,54.52000045776367,0.0,54.52000045776367,54.52000045776367,54.52000045776367,0.0,0
2018-05-08,20.375049591064453,0.0,54.56999969482422,0.0,54.56999969482422,54.56999969482422,54.56999969482422,0.0,0
2018-05-09,20.42359161376953,0.0,54.70000076293945,0.0,54.70000076293945,54.70000076293945,54.70000076293945,0.0,0
2018-05-10,20.543066024780273,0.0,55.02000045776367,0.0,55.02000045776367,55.02000045776367,55.02000045776367,0.0,0
2018-05-11,20.61400604248047,0.0,55.209999084472656,0.0,55.209999084472656,55.209999084472656,55.209999084472656,0.0,0
2018-05-14,20.692415237426758,0.0,55.41999816894531,0.0,55.41999816894531,55.41999816894531,55.41999816894531,0.0,0
2018-05-15,20.647613525390625,0.0,55.29999923706055,0.0,55.29999923706055,55.29999923706055,55.29999923706055,0.0,0
2018-05-16,20.740955352783203,0.0,55.54999923706055,0.0,55.54999923706055,55.54999923706055,55.54999923706055,0.0,0
2018-05-17,20.782026290893555,0.0,55.65999984741211,0.0,55.65999984741211,55.65999984741211,55.65999984741211,0.0,0
2018-05-18,20.707351684570312,0.0,55.459999084472656,0.0,55.459999084472656,55.459999084472656,55.459999084472656,0.0,0
2018-05-21,20.823097229003906,0.0,55.77000045776367,0.0,55.77000045776367,55.77000045776367,55.77000045776367,0.0,0
2018-05-22,20.72602081298828,0.0,55.5099983215332,0.0,55.5099983215332,55.5099983215332,55.5099983215332,0.0,0
2018-05-23,20.696151733398438,0.0,55.43000030517578,0.0,55.43000030517578,55.43000030517578,55.43000030517578,0.0,0
2018-05-24,20.640146255493164,0.0,55.279998779296875,0.0,55.279998779296875,55.279998779296875,55.279998779296875,0.0,0
2018-05-25,20.531869888305664,0.0,54.9900016784668,0.0,54.9900016784668,54.9900016784668,54.9900016784668,0.0,0
2018-05-29,20.315311431884766,0.0,54.40999984741211,0.0,54.40999984741211,54.40999984741211,54.40999984741211,0.0,0
2018-05-30,20.550533294677734,0.0,55.040000915527344,0.0,55.040000915527344,55.040000915527344,55.040000915527344,0.0,0
2018-05-31,20.419851303100586,0.0,54.689998626708984,0.0,54.689998626708984,54.689998626708984,54.689998626708984,0.0,0
2018-06-01,20.565473556518555,0.0,55.08000183105469,0.0,55.08000183105469,55.08000183105469,55.08000183105469,0.0,0
2018-06-04,20.681215286254883,0.0,55.38999938964844,0.0,55.38999938964844,55.38999938964844,55.38999938964844,0.0,0
2018-06-05,20.770824432373047,0.0,55.630001068115234,0.0,55.630001068115234,55.630001068115234,55.630001068115234,0.0,0
2018-06-06,20.897769927978516,0.0,55.970001220703125,0.0,55.970001220703125,55.970001220703125,55.970001220703125,0.0,0
2018-06-07,20.894039154052734,0.0,55.959999084472656,0.0,55.959999084472656,55.959999084472656,55.959999084472656,0.0,0
2018-06-08,20.95751190185547,0.0,56.130001068115234,0.0,56.130001068115234,56.130001068115234,56.130001068115234,0.0,0
2018-06-11,21.065792083740234,0.0,56.41999816894531,0.0,56.41999816894531,56.41999816894531,56.41999816894531,0.0,0
2018-06-12,21.04339027404785,0.0,56.36000061035156,0.0,56.36000061035156,56.36000061035156,56.36000061035156,0.0,0
2018-06-13,21.028453826904297,0.0,56.31999969482422,0.0,56.31999969482422,56.31999969482422,56.31999969482422,0.0,0
2018-06-14,21.01725196838379,0.0,56.290000915527344,0.0,56.290000915527344,56.290000915527344,56.290000915527344,0.0,0
2018-06-15,20.968713760375977,0.0,56.15999984741211,0.0,56.15999984741211,56.15999984741211,56.15999984741211,0.0,0
2018-06-18,20.976179122924805,0.0,56.18000030517578,0.0,56.18000030517578,56.18000030517578,56.18000030517578,0.0,0
2018-06-19,20.849233627319336,0.0,55.84000015258789,0.0,55.84000015258789,55.84000015258789,55.84000015258789,0.0,0
2018-06-20,20.886573791503906,0.0,55.939998626708984,0.0,55.939998626708984,55.939998626708984,55.939998626708984,0.0,0
2018-06-21,20.800695419311523,0.0,55.709999084472656,0.0,55.709999084472656,55.709999084472656,55.709999084472656,0.0,0
2018-06-22,20.927644729614258,0.0,56.04999923706055,0.0,56.04999923706055,56.04999923706055,56.04999923706055,0.0,0
2018-06-25,20.6774845123291,0.0,55.380001068115234,0.0,55.380001068115234,55.380001068115234,55.380001068115234,0.0,0
2018-06-26,20.707351684570312,0.0,55.459999084472656,0.0,55.459999084472656,55.459999084472656,55.459999084472656,0.0,0
2018-06-27,20.539335250854492,0.0,55.0099983215332,0.0,55.0099983215332,55.0099983215332,55.0099983215332,0.0,0
2018-06-28,20.49452781677246,0.0,54.88999938964844,0.0,54.88999938964844,54.88999938964844,54.88999938964844,0.0,0
2018-06-29,20.535598754882812,0.0,55.0,0.0,55.0,55.0,55.0,0.0,0
2018-07-02,20.44598960876465,0.0,54.7599983215332,0.0,54.7599983215332,54.7599983215332,54.7599983215332,0.0,0
2018-07-03,20.449722290039062,0.0,54.77000045776367,0.0,54.77000045776367,54.77000045776367,54.77000045776367,0.0,0
2018-07-05,20.516929626464844,0.0,54.95000076293945,0.0,54.95000076293945,54.95000076293945,54.95000076293945,0.0,0
2018-07-06,20.643878936767578,0.0,55.290000915527344,0.0,55.290000915527344,55.290000915527344,55.290000915527344,0.0,0
2018-07-09,20.841764450073242,0.0,55.81999969482422,0.0,55.81999969482422,55.81999969482422,55.81999969482422,0.0,0
2018-07-10,20.82682991027832,0.0,55.779998779296875,0.0,55.779998779296875,55.779998779296875,55.779998779296875,0.0,0
2018-07-11,20.606542587280273,0.0,55.189998626708984,0.0,55.189998626708984,55.189998626708984,55.189998626708984,0.0,0
2018-07-12,20.711084365844727,0.0,55.470001220703125,0.0,55.470001220703125,55.470001220703125,55.470001220703125,0.0,0
2018-07-13,20.815628051757812,0.0,55.75,0.0,55.75,55.75,55.75,0.0,0
2018-07-16,20.763357162475586,0.0,55.61000061035156,0.0,55.61000061035156,55.61000061035156,55.61000061035156,0.0,0
2018-07-17,20.785757064819336,0.0,55.66999816894531,0.0,55.66999816894531,55.66999816894531,55.66999816894531,0.0,0
2018-07-18,20.81936264038086,0.0,55.7599983215332,0.0,55.7599983215332,55.7599983215332,55.7599983215332,0.0,0
2018-07-19,20.782026290893555,0.0,55.65999984741211,0.0,55.65999984741211,55.65999984741211,55.65999984741211,0.0,0
2018-07-20,20.740955352783203,0.0,55.54999923706055,0.0,55.54999923706055,55.54999923706055,55.54999923706055,0.0,0
2018-07-23,20.729753494262695,0.0,55.52000045776367,0.0,55.52000045776367,55.52000045776367,55.52000045776367,0.0,0
2018-07-24,20.711084365844727,0.0,55.470001220703125,0.0,55.470001220703125,55.470001220703125,55.470001220703125,0.0,0
2018-07-25,20.815628051757812,0.0,55.75,0.0,55.75,55.75,55.75,0.0,0
2018-07-26,20.88283920288086,0.0,55.93000030517578,0.0,55.93000030517578,55.93000030517578,55.93000030517578,0.0,0
2018-07-27,20.793224334716797,0.0,55.689998626708984,0.0,55.689998626708984,55.689998626708984,55.689998626708984,0.0,0
2018-07-30,20.774559020996094,0.0,55.63999938964844,0.0,55.63999938964844,55.63999938964844,55.63999938964844,0.0,0
2018-07-31,20.778291702270508,0.0,55.650001525878906,0.0,55.650001525878906,55.650001525878906,55.650001525878906,0.0,0
2018-08-01,20.662546157836914,0.0,55.34000015258789,0.0,55.34000015258789,55.34000015258789,55.34000015258789,0.0,0
2018-08-02,20.67374610900879,0.0,55.369998931884766,0.0,55.369998931884766,55.369998931884766,55.369998931884766,0.0,0
2018-08-03,20.714820861816406,0.0,55.47999954223633,0.0,55.47999954223633,55.47999954223633,55.47999954223633,0.0,0
2018-08-06,20.729753494262695,0.0,55.52000045776367,0.0,55.52000045776367,55.52000045776367,55.52000045776367,0.0,0
2018-08-07,20.767087936401367,0.0,55.619998931884766,0.0,55.619998931884766,55.619998931884766,55.619998931884766,0.0,0
2018-08-08,20.79696273803711,0.0,55.70000076293945,0.0,55.70000076293945,55.70000076293945,55.70000076293945,0.0,0
2018-08-09,20.763357162475586,0.0,55.61000061035156,0.0,55.61000061035156,55.61000061035156,55.61000061035156,0.0,0
2018-08-10,20.60280990600586,0.0,55.18000030517578,0.0,55.18000030517578,55.18000030517578,55.18000030517578,0.0,0
2018-08-13,20.46466064453125,0.0,54.810001373291016,0.0,54.810001373291016,54.810001373291016,54.810001373291016,0.0,0
2018-08-14,20.636409759521484,0.0,55.27000045776367,0.0,55.27000045776367,55.27000045776367,55.27000045776367,0.0,0
2018-08-15,20.412384033203125,0.0,54.66999816894531,0.0,54.66999816894531,54.66999816894531,54.66999816894531,0.0,0
2018-08-16,20.535598754882812,0.0,55.0,0.0,55.0,55.0,55.0,0.0,0
2018-08-17,20.61774253845215,0.0,55.220001220703125,0.0,55.220001220703125,55.220001220703125,55.220001220703125,0.0,0
2018-08-20,20.68494987487793,0.0,55.400001525878906,0.0,55.400001525878906,55.400001525878906,55.400001525878906,0.0,0
2018-08-21,20.782026290893555,0.0,55.65999984741211,0.0,55.65999984741211,55.65999984741211,55.65999984741211,0.0,0
2018-08-22,20.80816078186035,0.0,55.72999954223633,0.0,55.72999954223633,55.72999954223633,55.72999954223633,0.0,0
2018-08-23,20.785757064819336,0.0,55.66999816894531,0.0,55.66999816894531,55.66999816894531,55.66999816894531,0.0,0
2018-08-24,20.8753662109375,0.0,55.90999984741211,0.0,55.90999984741211,55.90999984741211,55.90999984741211,0.0,0
2018-08-27,20.9836483001709,0.0,56.20000076293945,0.0,56.20000076293945,56.20000076293945,56.20000076293945,0.0,0
2018-08-28,20.95751190185547,0.0,56.130001068115234,0.0,56.130001068115234,56.130001068115234,56.130001068115234,0.0,0
2018-08-29,21.006052017211914,0.0,56.2599983215332,0.0,56.2599983215332,56.2599983215332,56.2599983215332,0.0,0
2018-08-30,20.916440963745117,0.0,56.02000045776367,0.0,56.02000045776367,56.02000045776367,56.02000045776367,0.0,0
2018-08-31,20.927644729614258,0.0,56.04999923706055,0.0,56.04999923706055,56.04999923706055,56.04999923706055,0.0,0
2018-09-04,20.793224334716797,0.0,55.689998626708984,0.0,55.689998626708984,55.689998626708984,55.689998626708984,0.0,0
2018-09-05,20.778291702270508,0.0,55.650001525878906,0.0,55.650001525878906,55.650001525878906,55.650001525878906,0.0,0
2018-09-06,20.72602081298828,0.0,55.5099983215332,0.0,55.5099983215332,55.5099983215332,55.5099983215332,0.0,0
2018-09-07,20.636409759521484,0.0,55.27000045776367,0.0,55.27000045776367,55.27000045776367,55.27000045776367,0.0,0
2018-09-10,20.599071502685547,0.0,55.16999816894531,0.0,55.16999816894531,55.16999816894531,55.16999816894531,0.0,0
2018-09-11,20.62520980834961,0.0,55.2400016784668,0.0,55.2400016784668,55.2400016784668,55.2400016784668,0.0,0
2018-09-12,20.696151733398438,0.0,55.43000030517578,0.0,55.43000030517578,55.43000030517578,55.43000030517578,0.0,0
2018-09-13,20.752155303955078,0.0,55.58000183105469,0.0,55.58000183105469,55.58000183105469,55.58000183105469,0.0,0
2018-09-14,20.807397842407227,0.0,51.97999954223633,3.738,51.97999954223633,51.97999954223633,51.97999954223633,0.0,0
2018-09-17,20.763364791870117,0.0,51.869998931884766,0.0,51.869998931884766,51.869998931884766,51.869998931884766,0.0,0
2018-09-18,20.87944984436035,0.0,52.15999984741211,0.0,52.15999984741211,52.15999984741211,52.15999984741211,0.0,0
2018-09-19,20.959508895874023,0.0,52.36000061035156,0.0,52.36000061035156,52.36000061035156,52.36000061035156,0.0,0
2018-09-20,21.09160614013672,0.0,52.689998626708984,0.0,52.689998626708984,52.689998626708984,52.689998626708984,0.0,0
2018-09-21,21.111621856689453,0.0,52.7400016784668,0.0,52.7400016784668,52.7400016784668,52.7400016784668,0.0,0
2018-09-24,21.03556251525879,0.0,52.54999923706055,0.0,52.54999923706055,52.54999923706055,52.54999923706055,0.0,0
2018-09-25,21.07559585571289,0.0,52.650001525878906,0.0,52.650001525878906,52.650001525878906,52.650001525878906,0.0,0
2018-09-26,21.02756118774414,0.0,52.529998779296875,0.0,52.529998779296875,52.529998779296875,52.529998779296875,0.0,0
2018-09-27,20.971519470214844,0.0,52.38999938964844,0.0,52.38999938964844,52.38999938964844,52.38999938964844,0.0,0
2018-09-28,21.015552520751953,0.0,52.5,0.0,52.5,52.5,52.5,0.0,0
2018-10-01,20.99553871154785,0.0,52.45000076293945,0.0,52.45000076293945,52.45000076293945,52.45000076293945,0.0,0
2018-10-02,20.899463653564453,0.0,52.209999084472656,0.0,52.209999084472656,52.209999084472656,52.209999084472656,0.0,0
2018-10-03,20.92348289489746,0.0,52.27000045776367,0.0,52.27000045776367,52.27000045776367,52.27000045776367,0.0,0
2018-10-04,20.75535774230957,0.0,51.849998474121094,0.0,51.849998474121094,51.849998474121094,51.849998474121094,0.0,0
2018-10-05,20.679302215576172,0.0,51.65999984741211,0.0,51.65999984741211,51.65999984741211,51.65999984741211,0.0,0
2018-10-08,20.631267547607422,0.0,51.540000915527344,0.0,51.540000915527344,51.540000915527344,51.540000915527344,0.0,0
2018-10-09,20.599245071411133,0.0,51.459999084472656,0.0,51.459999084472656,51.459999084472656,51.459999084472656,0.0,0
2018-10-10,20.198949813842773,0.0,50.459999084472656,0.0,50.459999084472656,50.459999084472656,50.459999084472656,0.0,0
2018-10-11,19.862701416015625,0.0,49.619998931884766,0.0,49.619998931884766,49.619998931884766,49.619998931884766,0.0,0
2018-10-12,20.026819229125977,0.0,50.029998779296875,0.0,50.029998779296875,50.029998779296875,50.029998779296875,0.0,0
2018-10-15,20.022815704345703,0.0,50.02000045776367,0.0,50.02000045776367,50.02000045776367,50.02000045776367,0.0,0
2018-10-16,20.315034866333008,0.0,50.75,0.0,50.75,50.75,50.75,0.0,0
2018-10-17,20.182933807373047,0.0,50.41999816894531,0.0,50.41999816894531,50.41999816894531,50.41999816894531,0.0,0
2018-10-18,19.982784271240234,0.0,49.91999816894531,0.0,49.91999816894531,49.91999816894531,49.91999816894531,0.0,0
2018-10-19,19.942758560180664,0.0,49.81999969482422,0.0,49.81999969482422,49.81999969482422,49.81999969482422,0.0,0
2018-10-22,19.88271713256836,0.0,49.66999816894531,0.0,49.66999816894531,49.66999816894531,49.66999816894531,0.0,0
2018-10-23,19.75461769104004,0.0,49.349998474121094,0.0,49.349998474121094,49.349998474121094,49.349998474121094,0.0,0
2018-10-24,19.27826499938965,0.0,48.15999984741211,0.0,48.15999984741211,48.15999984741211,48.15999984741211,0.0,0
2018-10-25,19.50243377685547,0.0,48.720001220703125,0.0,48.720001220703125,48.720001220703125,48.720001220703125,0.0,0
2018-10-26,19.246246337890625,0.0,48.08000183105469,0.0,48.08000183105469,48.08000183105469,48.08000183105469,0.0,0
2018-10-29,19.198205947875977,0.0,47.959999084472656,0.0,47.959999084472656,47.959999084472656,47.959999084472656,0.0,0
2018-10-30,19.462406158447266,0.0,48.619998931884766,0.0,48.619998931884766,48.619998931884766,48.619998931884766,0.0,0
2018-10-31,19.60650634765625,0.0,48.97999954223633,0.0,48.97999954223633,48.97999954223633,48.97999954223633,0.0,0
2018-11-01,19.834678649902344,0.0,49.54999923706055,0.0,49.54999923706055,49.54999923706055,49.54999923706055,0.0,0
2018-11-02,19.870704650878906,0.0,49.63999938964844,0.0,49.63999938964844,49.63999938964844,49.63999938964844,0.0,0
2018-11-05,19.96677589416504,0.0,49.880001068115234,0.0,49.880001068115234,49.880001068115234,49.880001068115234,0.0,0
2018-11-06,20.05084228515625,0.0,50.09000015258789,0.0,50.09000015258789,50.09000015258789,50.09000015258789,0.0,0
2018-11-07,20.35906410217285,0.0,50.86000061035156,0.0,50.86000061035156,50.86000061035156,50.86000061035156,0.0,0
2018-11-08,20.347055435180664,0.0,50.83000183105469,0.0,50.83000183105469,50.83000183105469,50.83000183105469,0.0,0
2018-11-09,20.170928955078125,0.0,50.38999938964844,0.0,50.38999938964844,50.38999938964844,50.38999938964844,0.0,0
2018-11-12,19.862701416015625,0.0,49.619998931884766,0.0,49.619998931884766,49.619998931884766,49.619998931884766,0.0,0
2018-11-13,19.88671875,0.0,49.68000030517578,0.0,49.68000030517578,49.68000030517578,49.68000030517578,0.0,0
2018-11-14,19.76662826538086,0.0,49.380001068115234,0.0,49.380001068115234,49.380001068115234,49.380001068115234,0.0,0
2018-11-15,19.774635314941406,0.0,49.400001525878906,0.0,49.400001525878906,49.400001525878906,49.400001525878906,0.0,0
2018-11-16,19.7906436920166,0.0,49.439998626708984,0.0,49.439998626708984,49.439998626708984,49.439998626708984,0.0,0
2018-11-19,19.58249282836914,0.0,48.91999816894531,0.0,48.91999816894531,48.91999816894531,48.91999816894531,0.0,0
2018-11-20,19.210214614868164,0.0,47.9900016784668,0.0,47.9900016784668,47.9900016784668,47.9900016784668,0.0,0
2018-11-21,19.3463191986084,0.0,48.33000183105469,0.0,48.33000183105469,48.33000183105469,48.33000183105469,0.0,0
2018-11-23,19.33831214904785,0.0,48.310001373291016,0.0,48.310001373291016,48.310001373291016,48.310001373291016,0.0,0
2018-11-26,19.526451110839844,0.0,48.779998779296875,0.0,48.779998779296875,48.779998779296875,48.779998779296875,0.0,0
2018-11-27,19.522449493408203,0.0,48.77000045776367,0.0,48.77000045776367,48.77000045776367,48.77000045776367,0.0,0
2018-11-28,19.842681884765625,0.0,49.56999969482422,0.0,49.56999969482422,49.56999969482422,49.56999969482422,0.0,0
2018-11-29,19.78664207458496,0.0,49.43000030517578,0.0,49.43000030517578,49.43000030517578,49.43000030517578,0.0,0
2018-11-30,19.794647216796875,0.0,49.45000076293945,0.0,49.45000076293945,49.45000076293945,49.45000076293945,0.0,0
2018-12-03,19.97077751159668,0.0,49.88999938964844,0.0,49.88999938964844,49.88999938964844,49.88999938964844,0.0,0
2018-12-04,19.466407775878906,0.0,48.630001068115234,0.0,48.630001068115234,48.630001068115234,48.630001068115234,0.0,0
2018-12-06,19.33030128479004,0.0,48.290000915527344,0.0,48.290000915527344,48.290000915527344,48.290000915527344,0.0,0
2018-12-07,19.037357330322266,0.0,45.4900016784668,2.1,45.4900016784668,45.4900016784668,45.4900016784668,0.0,0
2018-12-10,18.861589431762695,0.0,45.06999969482422,0.0,45.06999969482422,45.06999969482422,45.06999969482422,0.0,0
2018-12-11,18.819740295410156,0.0,44.970001220703125,0.0,44.970001220703125,44.970001220703125,44.970001220703125,0.0,0
2018-12-12,19.01224708557129,0.0,45.43000030517578,0.0,45.43000030517578,45.43000030517578,45.43000030517578,0.0,0
2018-12-13,18.907625198364258,0.0,45.18000030517578,0.0,45.18000030517578,45.18000030517578,45.18000030517578,0.0,0
2018-12-14,18.623046875,0.0,44.5,0.0,44.5,44.5,44.5,0.0,0
2018-12-17,18.3133602142334,0.0,43.7599983215332,0.0,43.7599983215332,43.7599983215332,43.7599983215332,0.0,0
2018-12-18,18.275699615478516,0.0,43.66999816894531,0.0,43.66999816894531,43.66999816894531,43.66999816894531,0.0,0
2018-12-19,18.083189010620117,0.0,43.209999084472656,0.0,43.209999084472656,43.209999084472656,43.209999084472656,0.0,0
2018-12-20,17.89486312866211,0.0,42.7599983215332,0.0,42.7599983215332,42.7599983215332,42.7599983215332,0.0,0
2018-12-21,17.58099365234375,0.0,42.0099983215332,0.0,42.0099983215332,42.0099983215332,42.0099983215332,0.0,0
2018-12-24,17.3675594329834,0.0,41.5,0.0,41.5,41.5,41.5,0.0,0
2018-12-26,17.96600914001465,0.0,42.93000030517578,0.0,42.93000030517578,42.93000030517578,42.93000030517578,0.0,0
2018-12-27,18.00786018371582,0.0,43.029998779296875,0.0,43.029998779296875,43.029998779296875,43.029998779296875,0.0,0
2018-12-28,18.037155151367188,0.0,43.099998474121094,0.0,43.099998474121094,43.099998474121094,43.099998474121094,0.0,0
2018-12-31,18.15851593017578,0.0,43.38999938964844,0.0,43.38999938964844,43.38999938964844,43.38999938964844,0.0,0
2019-01-02,18.191997528076172,0.0,43.470001220703125,0.0,43.470001220703125,43.470001220703125,43.470001220703125,0.0,0
2019-01-03,17.999488830566406,0.0,43.0099983215332,0.0,43.0099983215332,43.0099983215332,43.0099983215332,0.0,0
2019-01-04,18.434722900390625,0.0,44.04999923706055,0.0,44.04999923706055,44.04999923706055,44.04999923706055,0.0,0
2019-01-07,18.63559913635254,0.0,44.529998779296875,0.0,44.529998779296875,44.529998779296875,44.529998779296875,0.0,0
2019-01-08,18.76533317565918,0.0,44.84000015258789,0.0,44.84000015258789,44.84000015258789,44.84000015258789,0.0,0
2019-01-09,18.974580764770508,0.0,45.34000015258789,0.0,45.34000015258789,45.34000015258789,45.34000015258789,0.0,0
2019-01-10,18.999691009521484,0.0,45.400001525878906,0.0,45.400001525878906,45.400001525878906,45.400001525878906,0.0,0
2019-01-11,19.054096221923828,0.0,45.529998779296875,0.0,45.529998779296875,45.529998779296875,45.529998779296875,0.0,0
2019-01-14,18.953657150268555,0.0,45.290000915527344,0.0,45.290000915527344,45.290000915527344,45.290000915527344,0.0,0
2019-01-15,19.058284759521484,0.0,45.540000915527344,0.0,45.540000915527344,45.540000915527344,45.540000915527344,0.0,0
2019-01-16,19.150348663330078,0.0,45.7599983215332,0.0,45.7599983215332,45.7599983215332,45.7599983215332,0.0,0
2019-01-17,19.221498489379883,0.0,45.93000030517578,0.0,45.93000030517578,45.93000030517578,45.93000030517578,0.0,0
2019-01-18,19.460037231445312,0.0,46.5,0.0,46.5,46.5,46.5,0.0,0
2019-01-22,19.259159088134766,0.0,46.02000045776367,0.0,46.02000045776367,46.02000045776367,46.02000045776367,0.0,0
2019-01-23,19.271713256835938,0.0,46.04999923706055,0.0,46.04999923706055,46.04999923706055,46.04999923706055,0.0,0
2019-01-24,19.367969512939453,0.0,46.279998779296875,0.0,46.279998779296875,46.279998779296875,46.279998779296875,0.0,0
2019-01-25,19.57721519470215,0.0,46.779998779296875,0.0,46.779998779296875,46.779998779296875,46.779998779296875,0.0,0
2019-01-28,19.476776123046875,0.0,46.540000915527344,0.0,46.540000915527344,46.540000915527344,46.540000915527344,0.0,0
2019-01-29,19.47259521484375,0.0,46.529998779296875,0.0,46.529998779296875,46.529998779296875,46.529998779296875,0.0,0
2019-01-30,19.635805130004883,0.0,46.91999816894531,0.0,46.91999816894531,46.91999816894531,46.91999816894531,0.0,0
2019-01-31,19.686025619506836,0.0,47.040000915527344,0.0,47.040000915527344,47.040000915527344,47.040000915527344,0.0,0
2019-02-01,19.690208435058594,0.0,47.04999923706055,0.0,47.04999923706055,47.04999923706055,47.04999923706055,0.0,0
2019-02-04,19.778093338012695,0.0,47.2599983215332,0.0,47.2599983215332,47.2599983215332,47.2599983215332,0.0,0
2019-02-05,19.836688995361328,0.0,47.400001525878906,0.0,47.400001525878906,47.400001525878906,47.400001525878906,0.0,0
2019-02-06,19.836688995361328,0.0,47.400001525878906,0.0,47.400001525878906,47.400001525878906,47.400001525878906,0.0,0
2019-02-07,19.652545928955078,0.0,46.959999084472656,0.0,46.959999084472656,46.959999084472656,46.959999084472656,0.0,0
2019-02-08,19.59395408630371,0.0,46.81999969482422,0.0,46.81999969482422,46.81999969482422,46.81999969482422,0.0,0
2019-02-11,19.606510162353516,0.0,46.849998474121094,0.0,46.849998474121094,46.849998474121094,46.849998474121094,0.0,0
2019-02-12,19.824129104614258,0.0,47.369998931884766,0.0,47.369998931884766,47.369998931884766,47.369998931884766,0.0,0
2019-02-13,19.85342025756836,0.0,47.439998626708984,0.0,47.439998626708984,47.439998626708984,47.439998626708984,0.0,0
2019-02-14,19.824129104614258,0.0,47.369998931884766,0.0,47.369998931884766,47.369998931884766,47.369998931884766,0.0,0
2019-02-15,20.025007247924805,0.0,47.849998474121094,0.0,47.849998474121094,47.849998474121094,47.849998474121094,0.0,0
2019-02-19,20.087783813476562,0.0,48.0,0.0,48.0,48.0,48.0,0.0,0
2019-02-20,20.167293548583984,0.0,48.189998626708984,0.0,48.189998626708984,48.189998626708984,48.189998626708984,0.0,0
2019-02-21,20.08359718322754,0.0,47.9900016784668,0.0,47.9900016784668,47.9900016784668,47.9900016784668,0.0,0
2019-02-22,20.18403434753418,0.0,48.22999954223633,0.0,48.22999954223633,48.22999954223633,48.22999954223633,0.0,0
2019-02-25,20.200775146484375,0.0,48.27000045776367,0.0,48.27000045776367,48.27000045776367,48.27000045776367,0.0,0
2019-02-26,20.246809005737305,0.0,48.380001068115234,0.0,48.380001068115234,48.380001068115234,48.380001068115234,0.0,0
2019-02-27,20.209142684936523,0.0,48.290000915527344,0.0,48.290000915527344,48.290000915527344,48.290000915527344,0.0,0
2019-02-28,20.13381576538086,0.0,48.11000061035156,0.0,48.11000061035156,48.11000061035156,48.11000061035156,0.0,0
2019-03-01,20.230070114135742,0.0,48.34000015258789,0.0,48.34000015258789,48.34000015258789,48.34000015258789,0.0,0
2019-03-04,20.129629135131836,0.0,48.099998474121094,0.0,48.099998474121094,48.099998474121094,48.099998474121094,0.0,0
2019-03-05,20.10870361328125,0.0,48.04999923706055,0.0,48.04999923706055,48.04999923706055,48.04999923706055,0.0,0
2019-03-06,19.983156204223633,0.0,47.75,0.0,47.75,47.75,47.75,0.0,0
2019-03-07,19.78228187561035,0.0,47.27000045776367,0.0,47.27000045776367,47.27000045776367,47.27000045776367,0.0,0
2019-03-08,19.686025619506836,0.0,47.040000915527344,0.0,47.040000915527344,47.040000915527344,47.040000915527344,0.0,0
2019-03-11,19.924570083618164,0.0,47.61000061035156,0.0,47.61000061035156,47.61000061035156,47.61000061035156,0.0,0
2019-03-12,19.987340927124023,0.0,47.7599983215332,0.0,47.7599983215332,47.7599983215332,47.7599983215332,0.0,0
2019-03-13,20.125446319580078,0.0,48.09000015258789,0.0,48.09000015258789,48.09000015258789,48.09000015258789,0.0,0
2019-03-14,20.087783813476562,0.0,48.0,0.0,48.0,48.0,48.0,0.0,0
2019-03-15,20.17984962463379,0.0,48.220001220703125,0.0,48.220001220703125,48.220001220703125,48.220001220703125,0.0,0
2019-03-18,20.313770294189453,0.0,48.540000915527344,0.0,48.540000915527344,48.540000915527344,48.540000915527344,0.0,0
2019-03-19,20.250993728637695,0.0,48.38999938964844,0.0,48.38999938964844,48.38999938964844,48.38999938964844,0.0,0
2019-03-20,20.071041107177734,0.0,47.959999084472656,0.0,47.959999084472656,47.959999084472656,47.959999084472656,0.0,0
2019-03-21,20.163108825683594,0.0,48.18000030517578,0.0,48.18000030517578,48.18000030517578,48.18000030517578,0.0,0
2019-03-22,19.81575584411621,0.0,47.349998474121094,0.0,47.349998474121094,47.349998474121094,47.349998474121094,0.0,0
2019-03-25,19.81157684326172,0.0,47.34000015258789,0.0,47.34000015258789,47.34000015258789,47.34000015258789,0.0,0
2019-03-26,19.962236404418945,0.0,47.70000076293945,0.0,47.70000076293945,47.70000076293945,47.70000076293945,0.0,0
2019-03-27,19.916196823120117,0.0,47.59000015258789,0.0,47.59000015258789,47.59000015258789,47.59000015258789,0.0,0
2019-03-28,19.91201400756836,0.0,47.58000183105469,0.0,47.58000183105469,47.58000183105469,47.58000183105469,0.0,0
2019-03-29,20.050119400024414,0.0,47.90999984741211,0.0,47.90999984741211,47.90999984741211,47.90999984741211,0.0,0
2019-04-01,20.313770294189453,0.0,48.540000915527344,0.0,48.540000915527344,48.540000915527344,48.540000915527344,0.0,0
2019-04-02,20.271915435791016,0.0,48.439998626708984,0.0,48.439998626708984,48.439998626708984,48.439998626708984,0.0,0
2019-04-03,20.380727767944336,0.0,48.70000076293945,0.0,48.70000076293945,48.70000076293945,48.70000076293945,0.0,0
2019-04-04,20.468612670898438,0.0,48.90999984741211,0.0,48.90999984741211,48.90999984741211,48.90999984741211,0.0,0
2019-04-05,20.573238372802734,0.0,49.15999984741211,0.0,49.15999984741211,49.15999984741211,49.15999984741211,0.0,0
2019-04-08,20.589977264404297,0.0,49.20000076293945,0.0,49.20000076293945,49.20000076293945,49.20000076293945,0.0,0
2019-04-09,20.472795486450195,0.0,48.91999816894531,0.0,48.91999816894531,48.91999816894531,48.91999816894531,0.0,0
2019-04-10,20.548124313354492,0.0,49.099998474121094,0.0,49.099998474121094,49.099998474121094,49.099998474121094,0.0,0
2019-04-11,20.48116683959961,0.0,48.939998626708984,0.0,48.939998626708984,48.939998626708984,48.939998626708984,0.0,0
2019-04-12,20.497905731201172,0.0,48.97999954223633,0.0,48.97999954223633,48.97999954223633,48.97999954223633,0.0,0
2019-04-15,20.552310943603516,0.0,49.11000061035156,0.0,49.11000061035156,49.11000061035156,49.11000061035156,0.0,0
2019-04-16,20.531387329101562,0.0,49.060001373291016,0.0,49.060001373291016,49.060001373291016,49.060001373291016,0.0,0
2019-04-17,20.46442985534668,0.0,48.900001525878906,0.0,48.900001525878906,48.900001525878906,48.900001525878906,0.0,0
2019-04-18,20.426759719848633,0.0,48.810001373291016,0.0,48.810001373291016,48.810001373291016,48.810001373291016,0.0,0
2019-04-22,20.37235450744629,0.0,48.68000030517578,0.0,48.68000030517578,48.68000030517578,48.68000030517578,0.0,0
2019-04-23,20.489538192749023,0.0,48.959999084472656,0.0,48.959999084472656,48.959999084472656,48.959999084472656,0.0,0
2019-04-24,20.43094825744629,0.0,48.81999969482422,0.0,48.81999969482422,48.81999969482422,48.81999969482422,0.0,0
2019-04-25,20.36398696899414,0.0,48.65999984741211,0.0,48.65999984741211,48.65999984741211,48.65999984741211,0.0,0
2019-04-26,20.46023941040039,0.0,48.88999938964844,0.0,48.88999938964844,48.88999938964844,48.88999938964844,0.0,0
2019-04-29,20.506277084350586,0.0,49.0,0.0,49.0,49.0,49.0,0.0,0
2019-04-30,20.5146484375,0.0,49.02000045776367,0.0,49.02000045776367,49.02000045776367,49.02000045776367,0.0,0
2019-05-01,20.389097213745117,0.0,48.720001220703125,0.0,48.720001220703125,48.720001220703125,48.720001220703125,0.0,0
2019-05-02,20.35980224609375,0.0,48.650001525878906,0.0,48.650001525878906,48.650001525878906,48.650001525878906,0.0,0
2019-05-03,20.52720069885254,0.0,49.04999923706055,0.0,49.04999923706055,49.04999923706055,49.04999923706055,0.0,0
2019-05-06,20.489538192749023,0.0,48.959999084472656,0.0,48.959999084472656,48.959999084472656,48.959999084472656,0.0,0
2019-05-07,20.271915435791016,0.0,48.439998626708984,0.0,48.439998626708984,48.439998626708984,48.439998626708984,0.0,0
2019-05-08,20.246809005737305,0.0,48.380001068115234,0.0,48.380001068115234,48.380001068115234,48.380001068115234,0.0,0
2019-05-09,20.175668716430664,0.0,48.209999084472656,0.0,48.209999084472656,48.209999084472656,48.209999084472656,0.0,0
2019-05-10,20.24262046813965,0.0,48.369998931884766,0.0,48.369998931884766,48.369998931884766,48.369998931884766,0.0,0
2019-05-13,19.748796463012695,0.0,47.189998626708984,0.0,47.189998626708984,47.189998626708984,47.189998626708984,0.0,0
2019-05-14,19.89527702331543,0.0,47.540000915527344,0.0,47.540000915527344,47.540000915527344,47.540000915527344,0.0,0
2019-05-15,19.962236404418945,0.0,47.70000076293945,0.0,47.70000076293945,47.70000076293945,47.70000076293945,0.0,0
2019-05-16,20.075225830078125,0.0,47.970001220703125,0.0,47.970001220703125,47.970001220703125,47.970001220703125,0.0,0
2019-05-17,19.97897720336914,0.0,47.7400016784668,0.0,47.7400016784668,47.7400016784668,47.7400016784668,0.0,0
2019-05-20,19.89527702331543,0.0,47.540000915527344,0.0,47.540000915527344,47.540000915527344,47.540000915527344,0.0,0
2019-05-21,20.13381576538086,0.0,48.11000061035156,0.0,48.11000061035156,48.11000061035156,48.11000061035156,0.0,0
2019-05-22,19.953861236572266,0.0,47.68000030517578,0.0,47.68000030517578,47.68000030517578,47.68000030517578,0.0,0
2019-05-23,19.660917282104492,0.0,46.97999954223633,0.0,46.97999954223633,46.97999954223633,46.97999954223633,0.0,0
2019-05-24,19.761356353759766,0.0,47.220001220703125,0.0,47.220001220703125,47.220001220703125,47.220001220703125,0.0,0
2019-05-28,19.62325096130371,0.0,46.88999938964844,0.0,46.88999938964844,46.88999938964844,46.88999938964844,0.0,0
2019-05-29,19.522815704345703,0.0,46.650001525878906,0.0,46.650001525878906,46.650001525878906,46.650001525878906,0.0,0
2019-05-30,19.54792022705078,0.0,46.709999084472656,0.0,46.709999084472656,46.709999084472656,46.709999084472656,0.0,0
2019-05-31,19.367969512939453,0.0,46.279998779296875,0.0,46.279998779296875,46.279998779296875,46.279998779296875,0.0,0
2019-06-03,19.443300247192383,0.0,46.459999084472656,0.0,46.459999084472656,46.459999084472656,46.459999084472656,0.0,0
2019-06-04,19.736248016357422,0.0,47.15999984741211,0.0,47.15999984741211,47.15999984741211,47.15999984741211,0.0,0
2019-06-05,19.736248016357422,0.0,47.15999984741211,0.0,47.15999984741211,47.15999984741211,47.15999984741211,0.0,0
2019-06-06,19.757165908813477,0.0,47.209999084472656,0.0,47.209999084472656,47.209999084472656,47.209999084472656,0.0,0
2019-06-07,19.89527702331543,0.0,47.540000915527344,0.0,47.540000915527344,47.540000915527344,47.540000915527344,0.0,0
2019-06-10,19.92875099182129,0.0,47.619998931884766,0.0,47.619998931884766,47.619998931884766,47.619998931884766,0.0,0
2019-06-11,19.962236404418945,0.0,47.70000076293945,0.0,47.70000076293945,47.70000076293945,47.70000076293945,0.0,0
2019-06-12,19.882719039916992,0.0,47.5099983215332,0.0,47.5099983215332,47.5099983215332,47.5099983215332,0.0,0
2019-06-13,19.96641731262207,0.0,47.709999084472656,0.0,47.709999084472656,47.709999084472656,47.709999084472656,0.0,0
2019-06-14,19.907827377319336,0.0,47.56999969482422,0.0,47.56999969482422,47.56999969482422,47.56999969482422,0.0,0
2019-06-17,19.92038345336914,0.0,47.599998474121094,0.0,47.599998474121094,47.599998474121094,47.599998474121094,0.0,0
2019-06-18,20.12126350402832,0.0,48.08000183105469,0.0,48.08000183105469,48.08000183105469,48.08000183105469,0.0,0
2019-06-19,20.192405700683594,0.0,48.25,0.0,48.25,48.25,48.25,0.0,0
2019-06-20,20.343067169189453,0.0,48.61000061035156,0.0,48.61000061035156,48.61000061035156,48.61000061035156,0.0,0
2019-06-21,20.313770294189453,0.0,48.540000915527344,0.0,48.540000915527344,48.540000915527344,48.540000915527344,0.0,0
2019-06-24,20.23844337463379,0.0,48.36000061035156,0.0,48.36000061035156,48.36000061035156,48.36000061035156,0.0,0
2019-06-25,20.10870361328125,0.0,48.04999923706055,0.0,48.04999923706055,48.04999923706055,48.04999923706055,0.0,0
2019-06-26,20.112892150878906,0.0,48.060001373291016,0.0,48.060001373291016,48.060001373291016,48.060001373291016,0.0,0
2019-06-27,20.230070114135742,0.0,48.34000015258789,0.0,48.34000015258789,48.34000015258789,48.34000015258789,0.0,0
2019-06-28,20.33469581604004,0.0,48.59000015258789,0.0,48.59000015258789,48.59000015258789,48.59000015258789,0.0,0
2019-07-01,20.451873779296875,0.0,48.869998931884766,0.0,48.869998931884766,48.869998931884766,48.869998931884766,0.0,0
2019-07-02,20.410024642944336,0.0,48.77000045776367,0.0,48.77000045776367,48.77000045776367,48.77000045776367,0.0,0
2019-07-03,20.531387329101562,0.0,49.060001373291016,0.0,49.060001373291016,49.060001373291016,49.060001373291016,0.0,0
2019-07-05,20.543941497802734,0.0,49.09000015258789,0.0,49.09000015258789,49.09000015258789,49.09000015258789,0.0,0
2019-07-08,20.422576904296875,0.0,48.79999923706055,0.0,48.79999923706055,48.79999923706055,48.79999923706055,0.0,0
2019-07-09,20.33888053894043,0.0,48.599998474121094,0.0,48.599998474121094,48.599998474121094,48.599998474121094,0.0,0
2019-07-10,20.422576904296875,0.0,48.79999923706055,0.0,48.79999923706055,48.79999923706055,48.79999923706055,0.0,0
2019-07-11,20.52720069885254,0.0,49.04999923706055,0.0,49.04999923706055,49.04999923706055,49.04999923706055,0.0,0
2019-07-12,20.69878578186035,0.0,49.459999084472656,0.0,49.459999084472656,49.459999084472656,49.459999084472656,0.0,0
2019-07-15,20.686227798461914,0.0,49.43000030517578,0.0,49.43000030517578,49.43000030517578,49.43000030517578,0.0,0
2019-07-16,20.640193939208984,0.0,49.31999969482422,0.0,49.31999969482422,49.31999969482422,49.31999969482422,0.0,0
2019-07-17,20.535568237304688,0.0,49.06999969482422,0.0,49.06999969482422,49.06999969482422,49.06999969482422,0.0,0
2019-07-18,20.497905731201172,0.0,48.97999954223633,0.0,48.97999954223633,48.97999954223633,48.97999954223633,0.0,0
2019-07-19,20.47698402404785,0.0,48.93000030517578,0.0,48.93000030517578,48.93000030517578,48.93000030517578,0.0,0
2019-07-22,20.451873779296875,0.0,48.869998931884766,0.0,48.869998931884766,48.869998931884766,48.869998931884766,0.0,0
2019-07-23,20.548124313354492,0.0,49.099998474121094,0.0,49.099998474121094,49.099998474121094,49.099998474121094,0.0,0
2019-07-24,20.656932830810547,0.0,49.36000061035156,0.0,49.36000061035156,49.36000061035156,49.36000061035156,0.0,0
2019-07-25,20.581605911254883,0.0,49.18000030517578,0.0,49.18000030517578,49.18000030517578,49.18000030517578,0.0,0
2019-07-26,20.673677444458008,0.0,49.400001525878906,0.0,49.400001525878906,49.400001525878906,49.400001525878906,0.0,0
2019-07-29,20.598342895507812,0.0,49.220001220703125,0.0,49.220001220703125,49.220001220703125,49.220001220703125,0.0,0
2019-07-30,20.615083694458008,0.0,49.2599983215332,0.0,49.2599983215332,49.2599983215332,49.2599983215332,0.0,0
2019-07-31,20.518831253051758,0.0,49.029998779296875,0.0,49.029998779296875,49.029998779296875,49.029998779296875,0.0,0
2019-08-01,20.204959869384766,0.0,48.279998779296875,0.0,48.279998779296875,48.279998779296875,48.279998779296875,0.0,0
2019-08-02,19.999897003173828,0.0,47.790000915527344,0.0,47.790000915527344,47.790000915527344,47.790000915527344,0.0,0
2019-08-05,19.480960845947266,0.0,46.54999923706055,0.0,46.54999923706055,46.54999923706055,46.54999923706055,0.0,0
2019-08-06,19.652545928955078,0.0,46.959999084472656,0.0,46.959999084472656,46.959999084472656,46.959999084472656,0.0,0
2019-08-07,19.6567325592041,0.0,46.970001220703125,0.0,46.970001220703125,46.970001220703125,46.970001220703125,0.0,0
2019-08-08,19.891088485717773,0.0,47.529998779296875,0.0,47.529998779296875,47.529998779296875,47.529998779296875,0.0,0
2019-08-09,19.75299072265625,0.0,47.20000076293945,0.0,47.20000076293945,47.20000076293945,47.20000076293945,0.0,0
2019-08-12,19.52699851989746,0.0,46.65999984741211,0.0,46.65999984741211,46.65999984741211,46.65999984741211,0.0,0
2019-08-13,19.748796463012695,0.0,47.189998626708984,0.0,47.189998626708984,47.189998626708984,47.189998626708984,0.0,0
2019-08-14,19.217309951782227,0.0,45.91999816894531,0.0,45.91999816894531,45.91999816894531,45.91999816894531,0.0,0
2019-08-15,19.14198112487793,0.0,45.7400016784668,0.0,45.7400016784668,45.7400016784668,45.7400016784668,0.0,0
2019-08-16,19.37215805053711,0.0,46.290000915527344,0.0,46.290000915527344,46.290000915527344,46.290000915527344,0.0,0
2019-08-19,19.53118324279785,0.0,46.66999816894531,0.0,46.66999816894531,46.66999816894531,46.66999816894531,0.0,0
2019-08-20,19.44748306274414,0.0,46.470001220703125,0.0,46.470001220703125,46.470001220703125,46.470001220703125,0.0,0
2019-08-21,19.573030471801758,0.0,46.77000045776367,0.0,46.77000045776367,46.77000045776367,46.77000045776367,0.0,0
2019-08-22,19.568845748901367,0.0,46.7599983215332,0.0,46.7599983215332,46.7599983215332,46.7599983215332,0.0,0
2019-08-23,19.21312713623047,0.0,45.90999984741211,0.0,45.90999984741211,45.90999984741211,45.90999984741211,0.0,0
2019-08-26,19.321931838989258,0.0,46.16999816894531,0.0,46.16999816894531,46.16999816894531,46.16999816894531,0.0,0
2019-08-27,19.217309951782227,0.0,45.91999816894531,0.0,45.91999816894531,45.91999816894531,45.91999816894531,0.0,0
2019-08-28,19.296823501586914,0.0,46.11000061035156,0.0,46.11000061035156,46.11000061035156,46.11000061035156,0.0,0
2019-08-29,19.493518829345703,0.0,46.58000183105469,0.0,46.58000183105469,46.58000183105469,46.58000183105469,0.0,0
2019-08-30,19.57721519470215,0.0,46.779998779296875,0.0,46.779998779296875,46.779998779296875,46.779998779296875,0.0,0
2019-09-03,19.422374725341797,0.0,46.40999984741211,0.0,46.40999984741211,46.40999984741211,46.40999984741211,0.0,0
2019-09-04,19.610698699951172,0.0,46.86000061035156,0.0,46.86000061035156,46.86000061035156,46.86000061035156,0.0,0
2019-09-05,19.949682235717773,0.0,47.66999816894531,0.0,47.66999816894531,47.66999816894531,47.66999816894531,0.0,0
2019-09-06,19.97060203552246,0.0,47.720001220703125,0.0,47.720001220703125,47.720001220703125,47.720001220703125,0.0,0
2019-09-09,20.125446319580078,0.0,48.09000015258789,0.0,48.09000015258789,48.09000015258789,48.09000015258789,0.0,0
2019-09-10,20.246809005737305,0.0,48.380001068115234,0.0,48.380001068115234,48.380001068115234,48.380001068115234,0.0,0
2019-09-11,20.422576904296875,0.0,48.79999923706055,0.0,48.79999923706055,48.79999923706055,48.79999923706055,0.0,0
2019-09-12,20.36398696899414,0.0,48.65999984741211,0.0,48.65999984741211,48.65999984741211,48.65999984741211,0.0,0
2019-09-13,20.539106369018555,0.0,45.38999938964844,3.657,45.38999938964844,45.38999938964844,45.38999938964844,0.0,0
2019-09-16,20.543630599975586,0.0,45.400001525878906,0.0,45.400001525878906,45.400001525878906,45.400001525878906,0.0,0
2019-09-17,20.498380661010742,0.0,45.29999923706055,0.0,45.29999923706055,45.29999923706055,45.29999923706055,0.0,0
2019-09-18,20.448606491088867,0.0,45.189998626708984,0.0,45.189998626708984,45.189998626708984,45.189998626708984,0.0,0
2019-09-19,20.407875061035156,0.0,45.099998474121094,0.0,45.099998474121094,45.099998474121094,45.099998474121094,0.0,0
2019-09-20,20.376203536987305,0.0,45.029998779296875,0.0,45.029998779296875,45.029998779296875,45.029998779296875,0.0,0
2019-09-23,20.358104705810547,0.0,44.9900016784668,0.0,44.9900016784668,44.9900016784668,44.9900016784668,0.0,0
2019-09-24,20.244983673095703,0.0,44.7400016784668,0.0,44.7400016784668,44.7400016784668,44.7400016784668,0.0,0
2019-09-25,20.25855827331543,0.0,44.77000045776367,0.0,44.77000045776367,44.77000045776367,44.77000045776367,0.0,0
2019-09-26,20.222354888916016,0.0,44.689998626708984,0.0,44.689998626708984,44.689998626708984,44.689998626708984,0.0,0
2019-09-27,20.24045753479004,0.0,44.72999954223633,0.0,44.72999954223633,44.72999954223633,44.72999954223633,0.0,0
2019-09-30,20.303804397583008,0.0,44.869998931884766,0.0,44.869998931884766,44.869998931884766,44.869998931884766,0.0,0
2019-10-01,20.11827850341797,0.0,44.459999084472656,0.0,44.459999084472656,44.459999084472656,44.459999084472656,0.0,0
2019-10-02,19.7924747467041,0.0,43.7400016784668,0.0,43.7400016784668,43.7400016784668,43.7400016784668,0.0,0
2019-10-03,19.828678131103516,0.0,43.81999969482422,0.0,43.81999969482422,43.81999969482422,43.81999969482422,0.0,0
2019-10-04,19.9915771484375,0.0,44.18000030517578,0.0,44.18000030517578,44.18000030517578,44.18000030517578,0.0,0
2019-10-07,19.95537757873535,0.0,44.099998474121094,0.0,44.099998474121094,44.099998474121094,44.099998474121094,0.0,0
2019-10-08,19.66124725341797,0.0,43.45000076293945,0.0,43.45000076293945,43.45000076293945,43.45000076293945,0.0,0
2019-10-09,19.787952423095703,0.0,43.72999954223633,0.0,43.72999954223633,43.72999954223633,43.72999954223633,0.0,0
2019-10-10,19.9915771484375,0.0,44.18000030517578,0.0,44.18000030517578,44.18000030517578,44.18000030517578,0.0,0
2019-10-11,20.376203536987305,0.0,45.029998779296875,0.0,45.029998779296875,45.029998779296875,45.029998779296875,0.0,0
2019-10-14,20.32190704345703,0.0,44.90999984741211,0.0,44.90999984741211,44.90999984741211,44.90999984741211,0.0,0
2019-10-15,20.629608154296875,0.0,45.59000015258789,0.0,45.59000015258789,45.59000015258789,45.59000015258789,0.0,0
2019-10-16,20.58435821533203,0.0,45.4900016784668,0.0,45.4900016784668,45.4900016784668,45.4900016784668,0.0,0
2019-10-17,20.72463035583496,0.0,45.79999923706055,0.0,45.79999923706055,45.79999923706055,45.79999923706055,0.0,0
2019-10-18,20.702009201049805,0.0,45.75,0.0,45.75,45.75,45.75,0.0,0
2019-10-21,20.810609817504883,0.0,45.9900016784668,0.0,45.9900016784668,45.9900016784668,45.9900016784668,0.0,0
2019-10-22,20.88300895690918,0.0,46.150001525878906,0.0,46.150001525878906,46.150001525878906,46.150001525878906,0.0,0
2019-10-23,20.864910125732422,0.0,46.11000061035156,0.0,46.11000061035156,46.11000061035156,46.11000061035156,0.0,0
2019-10-24,20.833236694335938,0.0,46.040000915527344,0.0,46.040000915527344,46.040000915527344,46.040000915527344,0.0,0
2019-10-25,20.88300895690918,0.0,46.150001525878906,0.0,46.150001525878906,46.150001525878906,46.150001525878906,0.0,0
2019-10-28,21.00971031188965,0.0,46.43000030517578,0.0,46.43000030517578,46.43000030517578,46.43000030517578,0.0,0
2019-10-29,21.07758903503418,0.0,46.58000183105469,0.0,46.58000183105469,46.58000183105469,46.58000183105469,0.0,0
2019-10-30,21.054960250854492,0.0,46.529998779296875,0.0,46.529998779296875,46.529998779296875,46.529998779296875,0.0,0
2019-10-31,20.95993423461914,0.0,46.31999969482422,0.0,46.31999969482422,46.31999969482422,46.31999969482422,0.0,0
2019-11-01,21.18618392944336,0.0,46.81999969482422,0.0,46.81999969482422,46.81999969482422,46.81999969482422,0.0,0
2019-11-04,21.33098793029785,0.0,47.13999938964844,0.0,47.13999938964844,47.13999938964844,47.13999938964844,0.0,0
2019-11-05,21.426013946533203,0.0,47.349998474121094,0.0,47.349998474121094,47.349998474121094,47.349998474121094,0.0,0
2019-11-06,21.44864273071289,0.0,47.400001525878906,0.0,47.400001525878906,47.400001525878906,47.400001525878906,0.0,0
2019-11-07,21.62964630126953,0.0,47.79999923706055,0.0,47.79999923706055,47.79999923706055,47.79999923706055,0.0,0
2019-11-08,21.62511444091797,0.0,47.790000915527344,0.0,47.790000915527344,47.790000915527344,47.790000915527344,0.0,0
2019-11-11,21.59343910217285,0.0,47.720001220703125,0.0,47.720001220703125,47.720001220703125,47.720001220703125,0.0,0
2019-11-12,21.59796142578125,0.0,47.72999954223633,0.0,47.72999954223633,47.72999954223633,47.72999954223633,0.0,0
2019-11-13,21.498411178588867,0.0,47.5099983215332,0.0,47.5099983215332,47.5099983215332,47.5099983215332,0.0,0
2019-11-14,21.516510009765625,0.0,47.54999923706055,0.0,47.54999923706055,47.54999923706055,47.54999923706055,0.0,0
2019-11-15,21.74276351928711,0.0,48.04999923706055,0.0,48.04999923706055,48.04999923706055,48.04999923706055,0.0,0
2019-11-18,21.769916534423828,0.0,48.11000061035156,0.0,48.11000061035156,48.11000061035156,48.11000061035156,0.0,0
2019-11-19,21.711090087890625,0.0,47.97999954223633,0.0,47.97999954223633,47.97999954223633,47.97999954223633,0.0,0
2019-11-20,21.62964630126953,0.0,47.79999923706055,0.0,47.79999923706055,47.79999923706055,47.79999923706055,0.0,0
2019-11-21,21.62511444091797,0.0,47.790000915527344,0.0,47.790000915527344,47.790000915527344,47.790000915527344,0.0,0
2019-11-22,21.706565856933594,0.0,47.970001220703125,0.0,47.970001220703125,47.970001220703125,47.970001220703125,0.0,0
2019-11-25,21.959964752197266,0.0,48.529998779296875,0.0,48.529998779296875,48.529998779296875,48.529998779296875,0.0,0
2019-11-26,22.005216598510742,0.0,48.630001068115234,0.0,48.630001068115234,48.630001068115234,48.630001068115234,0.0,0
2019-11-27,22.113815307617188,0.0,48.869998931884766,0.0,48.869998931884766,48.869998931884766,48.869998931884766,0.0,0
2019-11-29,21.969013214111328,0.0,48.54999923706055,0.0,48.54999923706055,48.54999923706055,48.54999923706055,0.0,0
2019-12-02,21.892091751098633,0.0,48.380001068115234,0.0,48.380001068115234,48.380001068115234,48.380001068115234,0.0,0
2019-12-03,21.6975154876709,0.0,47.95000076293945,0.0,47.95000076293945,47.95000076293945,47.95000076293945,0.0,0
2019-12-04,21.90566635131836,0.0,48.40999984741211,0.0,48.40999984741211,48.40999984741211,48.40999984741211,0.0,0
2019-12-05,21.95091438293457,0.0,48.5099983215332,0.0,48.5099983215332,48.5099983215332,48.5099983215332,0.0,0
2019-12-06,22.113815307617188,0.0,48.869998931884766,0.0,48.869998931884766,48.869998931884766,48.869998931884766,0.0,0
2019-12-09,22.10929298400879,0.0,48.86000061035156,0.0,48.86000061035156,48.86000061035156,48.86000061035156,0.0,0
2019-12-10,22.154542922973633,0.0,48.959999084472656,0.0,48.959999084472656,48.959999084472656,48.959999084472656,0.0,0
2019-12-11,22.190744400024414,0.0,49.040000915527344,0.0,49.040000915527344,49.040000915527344,49.040000915527344,0.0,0
2019-12-12,22.407939910888672,0.0,49.52000045776367,0.0,49.52000045776367,49.52000045776367,49.52000045776367,0.0,0
2019-12-13,22.519283294677734,0.0,49.349998474121094,0.414,49.349998474121094,49.349998474121094,49.349998474121094,0.0,0
2019-12-16,22.706371307373047,0.0,49.7599983215332,0.0,49.7599983215332,49.7599983215332,49.7599983215332,0.0,0
2019-12-17,22.706371307373047,0.0,49.7599983215332,0.0,49.7599983215332,49.7599983215332,49.7599983215332,0.0,0
2019-12-18,22.683557510375977,0.0,49.709999084472656,0.0,49.709999084472656,49.709999084472656,49.709999084472656,0.0,0
2019-12-19,22.697248458862305,0.0,49.7400016784668,0.0,49.7400016784668,49.7400016784668,49.7400016784668,0.0,0
2019-12-20,22.724628448486328,0.0,49.79999923706055,0.0,49.79999923706055,49.79999923706055,49.79999923706055,0.0,0
2019-12-23,22.74287986755371,0.0,49.84000015258789,0.0,49.84000015258789,49.84000015258789,49.84000015258789,0.0,0
2019-12-24,22.75657081604004,0.0,49.869998931884766,0.0,49.869998931884766,49.869998931884766,49.869998931884766,0.0,0
2019-12-26,22.797639846801758,0.0,49.959999084472656,0.0,49.959999084472656,49.959999084472656,49.959999084472656,0.0,0
2019-12-27,22.82958221435547,0.0,50.029998779296875,0.0,50.029998779296875,50.029998779296875,50.029998779296875,0.0,0
2019-12-30,22.761133193969727,0.0,49.880001068115234,0.0,49.880001068115234,49.880001068115234,49.880001068115234,0.0,0
2019-12-31,22.834144592285156,0.0,50.040000915527344,0.0,50.040000915527344,50.040000915527344,50.040000915527344,0.0,0
2020-01-02,22.84783363342285,0.0,50.06999969482422,0.0,50.06999969482422,50.06999969482422,50.06999969482422,0.0,0
2020-01-03,22.706371307373047,0.0,49.7599983215332,0.0,49.7599983215332,49.7599983215332,49.7599983215332,0.0,0
2020-01-06,22.701814651489258,0.0,49.75,0.0,49.75,49.75,49.75,0.0,0
2020-01-07,22.720062255859375,0.0,49.790000915527344,0.0,49.790000915527344,49.790000915527344,49.790000915527344,0.0,0
2020-01-08,22.72919273376465,0.0,49.810001373291016,0.0,49.810001373291016,49.810001373291016,49.810001373291016,0.0,0
2020-01-09,22.788511276245117,0.0,49.939998626708984,0.0,49.939998626708984,49.939998626708984,49.939998626708984,0.0,0
2020-01-10,22.788511276245117,0.0,49.939998626708984,0.0,49.939998626708984,49.939998626708984,49.939998626708984,0.0,0
2020-01-13,22.79307746887207,0.0,49.95000076293945,0.0,49.95000076293945,49.95000076293945,49.95000076293945,0.0,0
2020-01-14,22.815893173217773,0.0,50.0,0.0,50.0,50.0,50.0,0.0,0
2020-01-15,22.856966018676758,0.0,50.09000015258789,0.0,50.09000015258789,50.09000015258789,50.09000015258789,0.0,0
2020-01-16,22.993858337402344,0.0,50.38999938964844,0.0,50.38999938964844,50.38999938964844,50.38999938964844,0.0,0
2020-01-17,23.016666412353516,0.0,50.439998626708984,0.0,50.439998626708984,50.439998626708984,50.439998626708984,0.0,0
2020-01-21,22.957347869873047,0.0,50.310001373291016,0.0,50.310001373291016,50.310001373291016,50.310001373291016,0.0,0
2020-01-22,22.98929214477539,0.0,50.380001068115234,0.0,50.380001068115234,50.380001068115234,50.380001068115234,0.0,0
2020-01-23,22.971040725708008,0.0,50.34000015258789,0.0,50.34000015258789,50.34000015258789,50.34000015258789,0.0,0
2020-01-24,22.73832130432129,0.0,49.83000183105469,0.0,49.83000183105469,49.83000183105469,49.83000183105469,0.0,0
2020-01-27,22.32306671142578,0.0,48.91999816894531,0.0,48.91999816894531,48.91999816894531,48.91999816894531,0.0,0
2020-01-28,22.459964752197266,0.0,49.220001220703125,0.0,49.220001220703125,49.220001220703125,49.220001220703125,0.0,0
2020-01-29,22.32306671142578,0.0,48.91999816894531,0.0,48.91999816894531,48.91999816894531,48.91999816894531,0.0,0
2020-01-30,22.240930557250977,0.0,48.7400016784668,0.0,48.7400016784668,48.7400016784668,48.7400016784668,0.0,0
2020-01-31,21.839370727539062,0.0,47.86000061035156,0.0,47.86000061035156,47.86000061035156,47.86000061035156,0.0,0
2020-02-03,21.930639266967773,0.0,48.060001373291016,0.0,48.060001373291016,48.060001373291016,48.060001373291016,0.0,0
2020-02-04,22.2318058013916,0.0,48.720001220703125,0.0,48.720001220703125,48.720001220703125,48.720001220703125,0.0,0
2020-02-05,22.555789947509766,0.0,49.43000030517578,0.0,49.43000030517578,49.43000030517578,49.43000030517578,0.0,0
2020-02-06,22.49190902709961,0.0,49.290000915527344,0.0,49.290000915527344,49.290000915527344,49.290000915527344,0.0,0
2020-02-07,22.309377670288086,0.0,48.88999938964844,0.0,48.88999938964844,48.88999938964844,48.88999938964844,0.0,0
2020-02-10,22.345884323120117,0.0,48.970001220703125,0.0,48.970001220703125,48.970001220703125,48.970001220703125,0.0,0
2020-02-11,22.528406143188477,0.0,49.369998931884766,0.0,49.369998931884766,49.369998931884766,49.369998931884766,0.0,0
2020-02-12,22.701814651489258,0.0,49.75,0.0,49.75,49.75,49.75,0.0,0
2020-02-13,22.669872283935547,0.0,49.68000030517578,0.0,49.68000030517578,49.68000030517578,49.68000030517578,0.0,0
2020-02-14,22.57860565185547,0.0,49.47999954223633,0.0,49.47999954223633,49.47999954223633,49.47999954223633,0.0,0
2020-02-18,22.473651885986328,0.0,49.25,0.0,49.25,49.25,49.25,0.0,0
2020-02-19,22.537534713745117,0.0,49.38999938964844,0.0,49.38999938964844,49.38999938964844,49.38999938964844,0.0,0
2020-02-20,22.455402374267578,0.0,49.209999084472656,0.0,49.209999084472656,49.209999084472656,49.209999084472656,0.0,0
2020-02-21,22.318504333496094,0.0,48.90999984741211,0.0,48.90999984741211,48.90999984741211,48.90999984741211,0.0,0
2020-02-24,21.529075622558594,0.0,47.18000030517578,0.0,47.18000030517578,47.18000030517578,47.18000030517578,0.0,0
2020-02-25,20.92217445373535,0.0,45.849998474121094,0.0,45.849998474121094,45.849998474121094,45.849998474121094,0.0,0
2020-02-26,20.81265640258789,0.0,45.61000061035156,0.0,45.61000061035156,45.61000061035156,45.61000061035156,0.0,0
2020-02-27,20.018659591674805,0.0,43.869998931884766,0.0,43.869998931884766,43.869998931884766,43.869998931884766,0.0,0
2020-02-28,19.858951568603516,0.0,43.52000045776367,0.0,43.52000045776367,43.52000045776367,43.52000045776367,0.0,0
2020-03-02,20.447603225708008,0.0,44.810001373291016,0.0,44.810001373291016,44.810001373291016,44.810001373291016,0.0,0
2020-03-03,20.036916732788086,0.0,43.90999984741211,0.0,43.90999984741211,43.90999984741211,43.90999984741211,0.0,0
2020-03-04,20.671201705932617,0.0,45.29999923706055,0.0,45.29999923706055,45.29999923706055,45.29999923706055,0.0,0
2020-03-05,20.032352447509766,0.0,43.900001525878906,0.0,43.900001525878906,43.900001525878906,43.900001525878906,0.0,0
2020-03-06,19.740306854248047,0.0,43.2599983215332,0.0,43.2599983215332,43.2599983215332,43.2599983215332,0.0,0
2020-03-09,18.40329933166504,0.0,40.33000183105469,0.0,40.33000183105469,40.33000183105469,40.33000183105469,0.0,0
2020-03-10,18.9554443359375,0.0,41.540000915527344,0.0,41.540000915527344,41.540000915527344,41.540000915527344,0.0,0
2020-03-11,18.15232276916504,0.0,39.779998779296875,0.0,39.779998779296875,39.779998779296875,39.779998779296875,0.0,0
2020-03-12,16.418315887451172,0.0,35.97999954223633,0.0,35.97999954223633,35.97999954223633,35.97999954223633,0.0,0
2020-03-13,17.440467834472656,0.0,38.220001220703125,0.0,38.220001220703125,38.220001220703125,38.220001220703125,0.0,0
2020-03-16,15.455482482910156,0.0,33.869998931884766,0.0,33.869998931884766,33.869998931884766,33.869998931884766,0.0,0
2020-03-17,16.05782699584961,0.0,35.189998626708984,0.0,35.189998626708984,35.189998626708984,35.189998626708984,0.0,0
2020-03-18,14.898777961730957,0.0,32.650001525878906,0.0,32.650001525878906,32.650001525878906,32.650001525878906,0.0,0
2020-03-19,15.01742172241211,0.0,32.90999984741211,0.0,32.90999984741211,32.90999984741211,32.90999984741211,0.0,0
2020-03-20,14.666056632995605,0.0,32.13999938964844,0.0,32.13999938964844,32.13999938964844,32.13999938964844,0.0,0
2020-03-23,14.23255443572998,0.0,31.190000534057617,0.0,31.190000534057617,31.190000534057617,31.190000534057617,0.0,0
2020-03-24,15.446357727050781,0.0,33.849998474121094,0.0,33.849998474121094,33.849998474121094,33.849998474121094,0.0,0
2020-03-25,15.96199893951416,0.0,34.97999954223633,0.0,34.97999954223633,34.97999954223633,34.97999954223633,0.0,0
2020-03-26,16.856380462646484,0.0,36.939998626708984,0.0,36.939998626708984,36.939998626708984,36.939998626708984,0.0,0
2020-03-27,16.39093589782715,0.0,35.91999816894531,0.0,35.91999816894531,35.91999816894531,35.91999816894531,0.0,0
2020-03-30,16.596282958984375,0.0,36.369998931884766,0.0,36.369998931884766,36.369998931884766,36.369998931884766,0.0,0
2020-03-31,16.432004928588867,0.0,36.0099983215332,0.0,36.0099983215332,36.0099983215332,36.0099983215332,0.0,0
2020-04-01,15.651703834533691,0.0,34.29999923706055,0.0,34.29999923706055,34.29999923706055,34.29999923706055,0.0,0
2020-04-02,15.779472351074219,0.0,34.58000183105469,0.0,34.58000183105469,34.58000183105469,34.58000183105469,0.0,0
2020-04-03,15.437233924865723,0.0,33.83000183105469,0.0,33.83000183105469,33.83000183105469,33.83000183105469,0.0,0
2020-04-06,16.53239631652832,0.0,36.22999954223633,0.0,36.22999954223633,36.22999954223633,36.22999954223633,0.0,0
2020-04-07,16.746868133544922,0.0,36.70000076293945,0.0,36.70000076293945,36.70000076293945,36.70000076293945,0.0,0
2020-04-08,17.33551597595215,0.0,37.9900016784668,0.0,37.9900016784668,37.9900016784668,37.9900016784668,0.0,0
2020-04-09,17.659500122070312,0.0,38.70000076293945,0.0,38.70000076293945,38.70000076293945,38.70000076293945,0.0,0
2020-04-13,17.513479232788086,0.0,38.380001068115234,0.0,38.380001068115234,38.380001068115234,38.380001068115234,0.0,0
2020-04-14,17.80552101135254,0.0,39.02000045776367,0.0,39.02000045776367,39.02000045776367,39.02000045776367,0.0,0
2020-04-15,17.276195526123047,0.0,37.86000061035156,0.0,37.86000061035156,37.86000061035156,37.86000061035156,0.0,0
2020-04-16,17.39027214050293,0.0,38.11000061035156,0.0,38.11000061035156,38.11000061035156,38.11000061035156,0.0,0
2020-04-17,17.823774337768555,0.0,39.060001373291016,0.0,39.060001373291016,39.060001373291016,39.060001373291016,0.0,0
2020-04-20,17.577363967895508,0.0,38.52000045776367,0.0,38.52000045776367,38.52000045776367,38.52000045776367,0.0,0
2020-04-21,17.18036651611328,0.0,37.650001525878906,0.0,37.650001525878906,37.650001525878906,37.650001525878906,0.0,0
2020-04-22,17.41765022277832,0.0,38.16999816894531,0.0,38.16999816894531,38.16999816894531,38.16999816894531,0.0,0
2020-04-23,17.54998207092285,0.0,38.459999084472656,0.0,38.459999084472656,38.459999084472656,38.459999084472656,0.0,0
2020-04-24,17.79183578491211,0.0,38.9900016784668,0.0,38.9900016784668,38.9900016784668,38.9900016784668,0.0,0
2020-04-27,18.15688705444336,0.0,39.790000915527344,0.0,39.790000915527344,39.790000915527344,39.790000915527344,0.0,0
2020-04-28,18.35310173034668,0.0,40.220001220703125,0.0,40.220001220703125,40.220001220703125,40.220001220703125,0.0,0
2020-04-29,18.900686264038086,0.0,41.41999816894531,0.0,41.41999816894531,41.41999816894531,41.41999816894531,0.0,0
2020-04-30,18.52193832397461,0.0,40.59000015258789,0.0,40.59000015258789,40.59000015258789,40.59000015258789,0.0,0
2020-05-01,18.033681869506836,0.0,39.52000045776367,0.0,39.52000045776367,39.52000045776367,39.52000045776367,0.0,0
2020-05-04,18.06106185913086,0.0,39.58000183105469,0.0,39.58000183105469,39.58000183105469,39.58000183105469,0.0,0
2020-05-05,18.065624237060547,0.0,39.59000015258789,0.0,39.59000015258789,39.59000015258789,39.59000015258789,0.0,0
2020-05-06,17.924163818359375,0.0,39.279998779296875,0.0,39.279998779296875,39.279998779296875,39.279998779296875,0.0,0
2020-05-07,18.15232276916504,0.0,39.779998779296875,0.0,39.779998779296875,39.779998779296875,39.779998779296875,0.0,0
2020-05-08,18.5721378326416,0.0,40.70000076293945,0.0,40.70000076293945,40.70000076293945,40.70000076293945,0.0,0
2020-05-11,18.43524169921875,0.0,40.400001525878906,0.0,40.400001525878906,40.400001525878906,40.400001525878906,0.0,0
2020-05-12,18.079313278198242,0.0,39.619998931884766,0.0,39.619998931884766,39.619998931884766,39.619998931884766,0.0,0
2020-05-13,17.74163818359375,0.0,38.880001068115234,0.0,38.880001068115234,38.880001068115234,38.880001068115234,0.0,0
2020-05-14,17.87396812438965,0.0,39.16999816894531,0.0,39.16999816894531,39.16999816894531,39.16999816894531,0.0,0
2020-05-15,17.924163818359375,0.0,39.279998779296875,0.0,39.279998779296875,39.279998779296875,39.279998779296875,0.0,0
2020-05-18,18.613201141357422,0.0,40.790000915527344,0.0,40.790000915527344,40.790000915527344,40.790000915527344,0.0,0
2020-05-19,18.385046005249023,0.0,40.290000915527344,0.0,40.290000915527344,40.290000915527344,40.290000915527344,0.0,0
2020-05-20,18.604076385498047,0.0,40.77000045776367,0.0,40.77000045776367,40.77000045776367,40.77000045776367,0.0,0
2020-05-21,18.594953536987305,0.0,40.75,0.0,40.75,40.75,40.75,0.0,0
2020-05-22,18.526504516601562,0.0,40.599998474121094,0.0,40.599998474121094,40.599998474121094,40.599998474121094,0.0,0
2020-05-26,19.06039810180664,0.0,41.77000045776367,0.0,41.77000045776367,41.77000045776367,41.77000045776367,0.0,0
2020-05-27,19.39350700378418,0.0,42.5,0.0,42.5,42.5,42.5,0.0,0
2020-05-28,19.338748931884766,0.0,42.380001068115234,0.0,42.380001068115234,42.380001068115234,42.380001068115234,0.0,0
2020-05-29,19.27942657470703,0.0,42.25,0.0,42.25,42.25,42.25,0.0,0
2020-06-01,19.52583885192871,0.0,42.790000915527344,0.0,42.790000915527344,42.790000915527344,42.790000915527344,0.0,0
2020-06-02,19.77681541442871,0.0,43.34000015258789,0.0,43.34000015258789,43.34000015258789,43.34000015258789,0.0,0
2020-06-03,20.123615264892578,0.0,44.099998474121094,0.0,44.099998474121094,44.099998474121094,44.099998474121094,0.0,0
2020-06-04,20.141870498657227,0.0,44.13999938964844,0.0,44.13999938964844,44.13999938964844,44.13999938964844,0.0,0
2020-06-05,20.694011688232422,0.0,45.349998474121094,0.0,45.349998474121094,45.349998474121094,45.349998474121094,0.0,0
2020-06-08,21.07732391357422,0.0,46.189998626708984,0.0,46.189998626708984,46.189998626708984,46.189998626708984,0.0,0
2020-06-09,20.698575973510742,0.0,45.36000061035156,0.0,45.36000061035156,45.36000061035156,45.36000061035156,0.0,0
2020-06-10,20.40196990966797,0.0,44.709999084472656,0.0,44.709999084472656,44.709999084472656,44.709999084472656,0.0,0
2020-06-11,19.210981369018555,0.0,42.099998474121094,0.0,42.099998474121094,42.099998474121094,42.099998474121094,0.0,0
2020-06-12,19.51671028137207,0.0,42.77000045776367,0.0,42.77000045776367,42.77000045776367,42.77000045776367,0.0,0
2020-06-15,19.612539291381836,0.0,42.97999954223633,0.0,42.97999954223633,42.97999954223633,42.97999954223633,0.0,0
2020-06-16,20.000411987304688,0.0,43.83000183105469,0.0,43.83000183105469,43.83000183105469,43.83000183105469,0.0,0
2020-06-17,19.886333465576172,0.0,43.58000183105469,0.0,43.58000183105469,43.58000183105469,43.58000183105469,0.0,0
2020-06-18,19.799631118774414,0.0,43.38999938964844,0.0,43.38999938964844,43.38999938964844,43.38999938964844,0.0,0
2020-06-19,19.731182098388672,0.0,43.2400016784668,0.0,43.2400016784668,43.2400016784668,43.2400016784668,0.0,0
2020-06-22,19.78594207763672,0.0,43.36000061035156,0.0,43.36000061035156,43.36000061035156,43.36000061035156,0.0,0
2020-06-23,19.854387283325195,0.0,43.5099983215332,0.0,43.5099983215332,43.5099983215332,43.5099983215332,0.0,0
2020-06-24,19.27942657470703,0.0,42.25,0.0,42.25,42.25,42.25,0.0,0
2020-06-25,19.452831268310547,0.0,42.630001068115234,0.0,42.630001068115234,42.630001068115234,42.630001068115234,0.0,0
2020-06-26,19.16078758239746,0.0,41.9900016784668,0.0,41.9900016784668,41.9900016784668,41.9900016784668,0.0,0
2020-06-29,19.45738983154297,0.0,42.63999938964844,0.0,42.63999938964844,42.63999938964844,42.63999938964844,0.0,0
2020-06-30,19.589723587036133,0.0,42.93000030517578,0.0,42.93000030517578,42.93000030517578,42.93000030517578,0.0,0
2020-07-01,19.50302505493164,0.0,42.7400016784668,0.0,42.7400016784668,42.7400016784668,42.7400016784668,0.0,0
2020-07-02,19.649045944213867,0.0,43.060001373291016,0.0,43.060001373291016,43.060001373291016,43.060001373291016,0.0,0
2020-07-06,19.973033905029297,0.0,43.77000045776367,0.0,43.77000045776367,43.77000045776367,43.77000045776367,0.0,0
2020-07-07,19.649045944213867,0.0,43.060001373291016,0.0,43.060001373291016,43.060001373291016,43.060001373291016,0.0,0
2020-07-08,19.72205924987793,0.0,43.220001220703125,0.0,43.220001220703125,43.220001220703125,43.220001220703125,0.0,0
2020-07-09,19.384384155273438,0.0,42.47999954223633,0.0,42.47999954223633,42.47999954223633,42.47999954223633,0.0,0
2020-07-10,19.617103576660156,0.0,42.9900016784668,0.0,42.9900016784668,42.9900016784668,42.9900016784668,0.0,0
2020-07-13,19.60797691345215,0.0,42.970001220703125,0.0,42.970001220703125,42.970001220703125,42.970001220703125,0.0,0
2020-07-14,19.8406982421875,0.0,43.47999954223633,0.0,43.47999954223633,43.47999954223633,43.47999954223633,0.0,0
2020-07-15,20.178377151489258,0.0,44.220001220703125,0.0,44.220001220703125,44.220001220703125,44.220001220703125,0.0,0
2020-07-16,20.13274383544922,0.0,44.119998931884766,0.0,44.119998931884766,44.119998931884766,44.119998931884766,0.0,0
2020-07-17,20.164682388305664,0.0,44.189998626708984,0.0,44.189998626708984,44.189998626708984,44.189998626708984,0.0,0
2020-07-20,20.137304306030273,0.0,44.130001068115234,0.0,44.130001068115234,44.130001068115234,44.130001068115234,0.0,0
2020-07-21,20.347211837768555,0.0,44.59000015258789,0.0,44.59000015258789,44.59000015258789,44.59000015258789,0.0,0
2020-07-22,20.4749813079834,0.0,44.869998931884766,0.0,44.869998931884766,44.869998931884766,44.869998931884766,0.0,0
2020-07-23,20.452163696289062,0.0,44.81999969482422,0.0,44.81999969482422,44.81999969482422,44.81999969482422,0.0,0
2020-07-24,20.347211837768555,0.0,44.59000015258789,0.0,44.59000015258789,44.59000015258789,44.59000015258789,0.0,0
2020-07-27,20.45673179626465,0.0,44.83000183105469,0.0,44.83000183105469,44.83000183105469,44.83000183105469,0.0,0
2020-07-28,20.424785614013672,0.0,44.7599983215332,0.0,44.7599983215332,44.7599983215332,44.7599983215332,0.0,0
2020-07-29,20.712263107299805,0.0,45.38999938964844,0.0,45.38999938964844,45.38999938964844,45.38999938964844,0.0,0
2020-07-30,20.58449935913086,0.0,45.11000061035156,0.0,45.11000061035156,45.11000061035156,45.11000061035156,0.0,0
2020-07-31,20.433914184570312,0.0,44.779998779296875,0.0,44.779998779296875,44.779998779296875,44.779998779296875,0.0,0
2020-08-03,20.616439819335938,0.0,45.18000030517578,0.0,45.18000030517578,45.18000030517578,45.18000030517578,0.0,0
2020-08-04,20.68488883972168,0.0,45.33000183105469,0.0,45.33000183105469,45.33000183105469,45.33000183105469,0.0,0
2020-08-05,20.92217445373535,0.0,45.849998474121094,0.0,45.849998474121094,45.849998474121094,45.849998474121094,0.0,0
2020-08-06,20.826345443725586,0.0,45.63999938964844,0.0,45.63999938964844,45.63999938964844,45.63999938964844,0.0,0
2020-08-07,20.972368240356445,0.0,45.959999084472656,0.0,45.959999084472656,45.959999084472656,45.959999084472656,0.0,0
2020-08-10,21.182273864746094,0.0,46.41999816894531,0.0,46.41999816894531,46.41999816894531,46.41999816894531,0.0,0
2020-08-11,21.218778610229492,0.0,46.5,0.0,46.5,46.5,46.5,0.0,0
2020-08-12,21.414995193481445,0.0,46.93000030517578,0.0,46.93000030517578,46.93000030517578,46.93000030517578,0.0,0
2020-08-13,21.35567855834961,0.0,46.79999923706055,0.0,46.79999923706055,46.79999923706055,46.79999923706055,0.0,0
2020-08-14,21.442378997802734,0.0,46.9900016784668,0.0,46.9900016784668,46.9900016784668,46.9900016784668,0.0,0
2020-08-17,21.474315643310547,0.0,47.060001373291016,0.0,47.060001373291016,47.060001373291016,47.060001373291016,0.0,0
2020-08-18,21.414995193481445,0.0,46.93000030517578,0.0,46.93000030517578,46.93000030517578,46.93000030517578,0.0,0
2020-08-19,21.310043334960938,0.0,46.70000076293945,0.0,46.70000076293945,46.70000076293945,46.70000076293945,0.0,0
2020-08-20,21.118389129638672,0.0,46.279998779296875,0.0,46.279998779296875,46.279998779296875,46.279998779296875,0.0,0
2020-08-21,21.10926628112793,0.0,46.2599983215332,0.0,46.2599983215332,46.2599983215332,46.2599983215332,0.0,0
2020-08-24,21.378490447998047,0.0,46.849998474121094,0.0,46.849998474121094,46.849998474121094,46.849998474121094,0.0,0
2020-08-25,21.369367599487305,0.0,46.83000183105469,0.0,46.83000183105469,46.83000183105469,46.83000183105469,0.0,0
2020-08-26,21.337419509887695,0.0,46.7599983215332,0.0,46.7599983215332,46.7599983215332,46.7599983215332,0.0,0
2020-08-27,21.378490447998047,0.0,46.849998474121094,0.0,46.849998474121094,46.849998474121094,46.849998474121094,0.0,0
2020-08-28,21.501697540283203,0.0,47.119998931884766,0.0,47.119998931884766,47.119998931884766,47.119998931884766,0.0,0
2020-08-31,21.383056640625,0.0,46.86000061035156,0.0,46.86000061035156,46.86000061035156,46.86000061035156,0.0,0
2020-09-01,21.378490447998047,0.0,46.849998474121094,0.0,46.849998474121094,46.849998474121094,46.849998474121094,0.0,0
2020-09-02,21.71616554260254,0.0,47.59000015258789,0.0,47.59000015258789,47.59000015258789,47.59000015258789,0.0,0
2020-09-03,21.28266716003418,0.0,46.63999938964844,0.0,46.63999938964844,46.63999938964844,46.63999938964844,0.0,0
2020-09-04,21.278100967407227,0.0,46.630001068115234,0.0,46.630001068115234,46.630001068115234,46.630001068115234,0.0,0
2020-09-08,20.90391731262207,0.0,45.810001373291016,0.0,45.810001373291016,45.810001373291016,45.810001373291016,0.0,0
2020-09-09,21.141206741333008,0.0,46.33000183105469,0.0,46.33000183105469,46.33000183105469,46.33000183105469,0.0,0
2020-09-10,20.89023208618164,0.0,45.779998779296875,0.0,45.779998779296875,45.779998779296875,45.779998779296875,0.0,0
2020-09-11,21.023561477661133,0.0,42.88999938964844,3.162,42.88999938964844,42.88999938964844,42.88999938964844,0.0,0
2020-09-14,21.376483917236328,0.0,43.61000061035156,0.0,43.61000061035156,43.61000061035156,43.61000061035156,0.0,0
2020-09-15,21.34707260131836,0.0,43.54999923706055,0.0,43.54999923706055,43.54999923706055,43.54999923706055,0.0,0
2020-09-16,21.513731002807617,0.0,43.88999938964844,0.0,43.88999938964844,43.88999938964844,43.88999938964844,0.0,0
2020-09-17,21.557846069335938,0.0,43.97999954223633,0.0,43.97999954223633,43.97999954223633,43.97999954223633,0.0,0
2020-09-18,21.435302734375,0.0,43.72999954223633,0.0,43.72999954223633,43.72999954223633,43.72999954223633,0.0,0
2020-09-21,20.87650489807129,0.0,42.59000015258789,0.0,42.59000015258789,42.59000015258789,42.59000015258789,0.0,0
2020-09-22,20.891212463378906,0.0,42.619998931884766,0.0,42.619998931884766,42.619998931884766,42.619998931884766,0.0,0
2020-09-23,20.55789566040039,0.0,41.939998626708984,0.0,41.939998626708984,41.939998626708984,41.939998626708984,0.0,0
2020-09-24,20.528486251831055,0.0,41.880001068115234,0.0,41.880001068115234,41.880001068115234,41.880001068115234,0.0,0
2020-09-25,20.719650268554688,0.0,42.27000045776367,0.0,42.27000045776367,42.27000045776367,42.27000045776367,0.0,0
2020-09-28,21.11669158935547,0.0,43.08000183105469,0.0,43.08000183105469,43.08000183105469,43.08000183105469,0.0,0
2020-09-29,21.023561477661133,0.0,42.88999938964844,0.0,42.88999938964844,42.88999938964844,42.88999938964844,0.0,0
2020-09-30,21.15590476989746,0.0,43.15999984741211,0.0,43.15999984741211,43.15999984741211,43.15999984741211,0.0,0
2020-10-01,21.34707260131836,0.0,43.54999923706055,0.0,43.54999923706055,43.54999923706055,43.54999923706055,0.0,0
2020-10-02,21.371583938598633,0.0,43.599998474121094,0.0,43.599998474121094,43.599998474121094,43.599998474121094,0.0,0
2020-10-05,21.73430824279785,0.0,44.34000015258789,0.0,44.34000015258789,44.34000015258789,44.34000015258789,0.0,0
2020-10-06,21.52353286743164,0.0,43.90999984741211,0.0,43.90999984741211,43.90999984741211,43.90999984741211,0.0,0
2020-10-07,21.827442169189453,0.0,44.529998779296875,0.0,44.529998779296875,44.529998779296875,44.529998779296875,0.0,0
2020-10-08,22.023509979248047,0.0,44.93000030517578,0.0,44.93000030517578,44.93000030517578,44.93000030517578,0.0,0
2020-10-09,22.082334518432617,0.0,45.04999923706055,0.0,45.04999923706055,45.04999923706055,45.04999923706055,0.0,0
2020-10-12,22.17547035217285,0.0,45.2400016784668,0.0,45.2400016784668,45.2400016784668,45.2400016784668,0.0,0
2020-10-13,21.999004364013672,0.0,44.880001068115234,0.0,44.880001068115234,44.880001068115234,44.880001068115234,0.0,0
2020-10-14,21.969593048095703,0.0,44.81999969482422,0.0,44.81999969482422,44.81999969482422,44.81999969482422,0.0,0
2020-10-15,21.959789276123047,0.0,44.79999923706055,0.0,44.79999923706055,44.79999923706055,44.79999923706055,0.0,0
2020-10-16,21.969593048095703,0.0,44.81999969482422,0.0,44.81999969482422,44.81999969482422,44.81999969482422,0.0,0
2020-10-19,21.8127384185791,0.0,44.5,0.0,44.5,44.5,44.5,0.0,0
2020-10-20,21.915674209594727,0.0,44.709999084472656,0.0,44.709999084472656,44.709999084472656,44.709999084472656,0.0,0
2020-10-21,21.88136100769043,0.0,44.63999938964844,0.0,44.63999938964844,44.63999938964844,44.63999938964844,0.0,0
2020-10-22,22.018606185913086,0.0,44.91999816894531,0.0,44.91999816894531,44.91999816894531,44.91999816894531,0.0,0
2020-10-23,22.1313533782959,0.0,45.150001525878906,0.0,45.150001525878906,45.150001525878906,45.150001525878906,0.0,0
2020-10-26,21.6901912689209,0.0,44.25,0.0,44.25,44.25,44.25,0.0,0
2020-10-27,21.484323501586914,0.0,43.83000183105469,0.0,43.83000183105469,43.83000183105469,43.83000183105469,0.0,0
2020-10-28,20.91081428527832,0.0,42.65999984741211,0.0,42.65999984741211,42.65999984741211,42.65999984741211,0.0,0
2020-10-29,20.9304256439209,0.0,42.70000076293945,0.0,42.70000076293945,42.70000076293945,42.70000076293945,0.0,0
2020-10-30,20.807878494262695,0.0,42.45000076293945,0.0,42.45000076293945,42.45000076293945,42.45000076293945,0.0,0
2020-11-02,21.18531608581543,0.0,43.220001220703125,0.0,43.220001220703125,43.220001220703125,43.220001220703125,0.0,0
2020-11-03,21.64118003845215,0.0,44.150001525878906,0.0,44.150001525878906,44.150001525878906,44.150001525878906,0.0,0
2020-11-04,21.88136100769043,0.0,44.63999938964844,0.0,44.63999938964844,44.63999938964844,44.63999938964844,0.0,0
2020-11-05,22.25389289855957,0.0,45.400001525878906,0.0,45.400001525878906,45.400001525878906,45.400001525878906,0.0,0
2020-11-06,22.19017219543457,0.0,45.27000045776367,0.0,45.27000045776367,45.27000045776367,45.27000045776367,0.0,0
2020-11-09,22.886219024658203,0.0,46.689998626708984,0.0,46.689998626708984,46.689998626708984,46.689998626708984,0.0,0
2020-11-10,23.12150001525879,0.0,47.16999816894531,0.0,47.16999816894531,47.16999816894531,47.16999816894531,0.0,0
2020-11-11,23.116600036621094,0.0,47.15999984741211,0.0,47.15999984741211,47.15999984741211,47.15999984741211,0.0,0
2020-11-12,22.89112091064453,0.0,46.70000076293945,0.0,46.70000076293945,46.70000076293945,46.70000076293945,0.0,0
2020-11-13,23.21953582763672,0.0,47.369998931884766,0.0,47.369998931884766,47.369998931884766,47.369998931884766,0.0,0
2020-11-16,23.616575241088867,0.0,48.18000030517578,0.0,48.18000030517578,48.18000030517578,48.18000030517578,0.0,0
2020-11-17,23.567564010620117,0.0,48.08000183105469,0.0,48.08000183105469,48.08000183105469,48.08000183105469,0.0,0
2020-11-18,23.42050552368164,0.0,47.779998779296875,0.0,47.779998779296875,47.779998779296875,47.779998779296875,0.0,0
2020-11-19,23.430315017700195,0.0,47.79999923706055,0.0,47.79999923706055,47.79999923706055,47.79999923706055,0.0,0
2020-11-20,23.371490478515625,0.0,47.68000030517578,0.0,47.68000030517578,47.68000030517578,47.68000030517578,0.0,0
2020-11-23,23.655790328979492,0.0,48.2599983215332,0.0,48.2599983215332,48.2599983215332,48.2599983215332,0.0,0
2020-11-24,24.126358032226562,0.0,49.220001220703125,0.0,49.220001220703125,49.220001220703125,49.220001220703125,0.0,0
2020-11-25,23.910682678222656,0.0,48.779998779296875,0.0,48.779998779296875,48.779998779296875,48.779998779296875,0.0,0
2020-11-27,23.964597702026367,0.0,48.88999938964844,0.0,48.88999938964844,48.88999938964844,48.88999938964844,0.0,0
2020-11-30,23.596973419189453,0.0,48.13999938964844,0.0,48.13999938964844,48.13999938964844,48.13999938964844,0.0,0
2020-12-01,24.05282974243164,0.0,49.06999969482422,0.0,49.06999969482422,49.06999969482422,49.06999969482422,0.0,0
2020-12-02,24.121456146240234,0.0,49.209999084472656,0.0,49.209999084472656,49.209999084472656,49.209999084472656,0.0,0
2020-12-03,24.36654281616211,0.0,49.709999084472656,0.0,49.709999084472656,49.709999084472656,49.709999084472656,0.0,0
2020-12-04,24.64594078063965,0.0,50.279998779296875,0.0,50.279998779296875,50.279998779296875,50.279998779296875,0.0,0
2020-12-07,24.4400691986084,0.0,49.86000061035156,0.0,49.86000061035156,49.86000061035156,49.86000061035156,0.0,0
2020-12-08,24.420461654663086,0.0,49.81999969482422,0.0,49.81999969482422,49.81999969482422,49.81999969482422,0.0,0
2020-12-09,24.498891830444336,0.0,49.97999954223633,0.0,49.97999954223633,49.97999954223633,49.97999954223633,0.0,0
2020-12-10,24.45477294921875,0.0,49.88999938964844,0.0,49.88999938964844,49.88999938964844,49.88999938964844,0.0,0
2020-12-11,24.299219131469727,0.0,47.33000183105469,2.257,47.33000183105469,47.33000183105469,47.33000183105469,0.0,0
2020-12-14,24.258142471313477,0.0,47.25,0.0,47.25,47.25,47.25,0.0,0
2020-12-15,24.58158302307129,0.0,47.880001068115234,0.0,47.880001068115234,47.880001068115234,47.880001068115234,0.0,0
2020-12-16,24.576452255249023,0.0,47.869998931884766,0.0,47.869998931884766,47.869998931884766,47.869998931884766,0.0,0
2020-12-17,24.73560333251953,0.0,48.18000030517578,0.0,48.18000030517578,48.18000030517578,48.18000030517578,0.0,0
2020-12-18,24.550779342651367,0.0,47.81999969482422,0.0,47.81999969482422,47.81999969482422,47.81999969482422,0.0,0
2020-12-21,24.39162254333496,0.0,47.5099983215332,0.0,47.5099983215332,47.5099983215332,47.5099983215332,0.0,0
2020-12-22,24.268409729003906,0.0,47.27000045776367,0.0,47.27000045776367,47.27000045776367,47.27000045776367,0.0,0
2020-12-23,24.62265396118164,0.0,47.959999084472656,0.0,47.959999084472656,47.959999084472656,47.959999084472656,0.0,0
2020-12-24,24.67913055419922,0.0,48.06999969482422,0.0,48.06999969482422,48.06999969482422,48.06999969482422,0.0,0
2020-12-28,24.786945343017578,0.0,48.279998779296875,0.0,48.279998779296875,48.279998779296875,48.279998779296875,0.0,0
2020-12-29,24.792076110839844,0.0,48.290000915527344,0.0,48.290000915527344,48.290000915527344,48.290000915527344,0.0,0
2020-12-30,24.905025482177734,0.0,48.5099983215332,0.0,48.5099983215332,48.5099983215332,48.5099983215332,0.0,0
2020-12-31,24.966632843017578,0.0,48.630001068115234,0.0,48.630001068115234,48.630001068115234,48.630001068115234,0.0,0
2021-01-04,24.761274337768555,0.0,48.22999954223633,0.0,48.22999954223633,48.22999954223633,48.22999954223633,0.0,0
2021-01-05,25.105253219604492,0.0,48.900001525878906,0.0,48.900001525878906,48.900001525878906,48.900001525878906,0.0,0
2021-01-06,25.793209075927734,0.0,50.2400016784668,0.0,50.2400016784668,50.2400016784668,50.2400016784668,0.0,0
2021-01-07,25.93695640563965,0.0,50.52000045776367,0.0,50.52000045776367,50.52000045776367,50.52000045776367,0.0,0
2021-01-08,25.98316764831543,0.0,50.61000061035156,0.0,50.61000061035156,50.61000061035156,50.61000061035156,0.0,0
2021-01-11,25.93695640563965,0.0,50.52000045776367,0.0,50.52000045776367,50.52000045776367,50.52000045776367,0.0,0
2021-01-12,26.20392608642578,0.0,51.040000915527344,0.0,51.040000915527344,51.040000915527344,51.040000915527344,0.0,0
2021-01-13,26.1474552154541,0.0,50.93000030517578,0.0,50.93000030517578,50.93000030517578,50.93000030517578,0.0,0
2021-01-14,26.39388656616211,0.0,51.40999984741211,0.0,51.40999984741211,51.40999984741211,51.40999984741211,0.0,0
2021-01-15,26.19365882873535,0.0,51.02000045776367,0.0,51.02000045776367,51.02000045776367,51.02000045776367,0.0,0
2021-01-19,26.239866256713867,0.0,51.11000061035156,0.0,51.11000061035156,51.11000061035156,51.11000061035156,0.0,0
2021-01-20,26.352815628051758,0.0,51.33000183105469,0.0,51.33000183105469,51.33000183105469,51.33000183105469,0.0,0
2021-01-21,26.286069869995117,0.0,51.20000076293945,0.0,51.20000076293945,51.20000076293945,51.20000076293945,0.0,0
2021-01-22,26.137184143066406,0.0,50.90999984741211,0.0,50.90999984741211,50.90999984741211,50.90999984741211,0.0,0
2021-01-25,26.111515045166016,0.0,50.86000061035156,0.0,50.86000061035156,50.86000061035156,50.86000061035156,0.0,0
2021-01-26,26.111515045166016,0.0,50.86000061035156,0.0,50.86000061035156,50.86000061035156,50.86000061035156,0.0,0
2021-01-27,25.93695640563965,0.0,50.52000045776367,0.0,50.52000045776367,50.52000045776367,50.52000045776367,0.0,0
2021-01-28,25.916425704956055,0.0,50.47999954223633,0.0,50.47999954223633,50.47999954223633,50.47999954223633,0.0,0
2021-01-29,25.361955642700195,0.0,49.400001525878906,0.0,49.400001525878906,49.400001525878906,49.400001525878906,0.0,0
2021-02-01,25.613515853881836,0.0,49.88999938964844,0.0,49.88999938964844,49.88999938964844,49.88999938964844,0.0,0
2021-02-02,25.82400894165039,0.0,50.29999923706055,0.0,50.29999923706055,50.29999923706055,50.29999923706055,0.0,0
2021-02-03,26.02937126159668,0.0,50.70000076293945,0.0,50.70000076293945,50.70000076293945,50.70000076293945,0.0,0
2021-02-04,26.229595184326172,0.0,51.09000015258789,0.0,51.09000015258789,51.09000015258789,51.09000015258789,0.0,0
2021-02-05,26.342544555664062,0.0,51.310001373291016,0.0,51.310001373291016,51.310001373291016,51.310001373291016,0.0,0
2021-02-08,26.630048751831055,0.0,51.869998931884766,0.0,51.869998931884766,51.869998931884766,51.869998931884766,0.0,0
2021-02-09,26.71219253540039,0.0,52.029998779296875,0.0,52.029998779296875,52.029998779296875,52.029998779296875,0.0,0
2021-02-10,26.763532638549805,0.0,52.130001068115234,0.0,52.130001068115234,52.130001068115234,52.130001068115234,0.0,0
2021-02-11,26.73273277282715,0.0,52.06999969482422,0.0,52.06999969482422,52.06999969482422,52.06999969482422,0.0,0
2021-02-12,26.784067153930664,0.0,52.16999816894531,0.0,52.16999816894531,52.16999816894531,52.16999816894531,0.0,0
2021-02-16,26.92782211303711,0.0,52.45000076293945,0.0,52.45000076293945,52.45000076293945,52.45000076293945,0.0,0
2021-02-17,26.855947494506836,0.0,52.310001373291016,0.0,52.310001373291016,52.310001373291016,52.310001373291016,0.0,0
2021-02-18,26.707056045532227,0.0,52.02000045776367,0.0,52.02000045776367,52.02000045776367,52.02000045776367,0.0,0
2021-02-19,26.866214752197266,0.0,52.33000183105469,0.0,52.33000183105469,52.33000183105469,52.33000183105469,0.0,0
2021-02-22,26.97916030883789,0.0,52.54999923706055,0.0,52.54999923706055,52.54999923706055,52.54999923706055,0.0,0
2021-02-23,26.968891143798828,0.0,52.529998779296875,0.0,52.529998779296875,52.529998779296875,52.529998779296875,0.0,0
2021-02-24,27.28206443786621,0.0,53.13999938964844,0.0,53.13999938964844,53.13999938964844,53.13999938964844,0.0,0
2021-02-25,26.72245979309082,0.0,52.04999923706055,0.0,52.04999923706055,52.04999923706055,52.04999923706055,0.0,0
2021-02-26,26.491430282592773,0.0,51.599998474121094,0.0,51.599998474121094,51.599998474121094,51.599998474121094,0.0,0
2021-03-01,27.08184051513672,0.0,52.75,0.0,52.75,52.75,52.75,0.0,0
2021-03-02,26.943225860595703,0.0,52.47999954223633,0.0,52.47999954223633,52.47999954223633,52.47999954223633,0.0,0
2021-03-03,27.0356388092041,0.0,52.65999984741211,0.0,52.65999984741211,52.65999984741211,52.65999984741211,0.0,0
2021-03-04,26.748132705688477,0.0,52.099998474121094,0.0,52.099998474121094,52.099998474121094,52.099998474121094,0.0,0
2021-03-05,27.246129989624023,0.0,53.06999969482422,0.0,53.06999969482422,53.06999969482422,53.06999969482422,0.0,0
2021-03-08,27.523366928100586,0.0,53.61000061035156,0.0,53.61000061035156,53.61000061035156,53.61000061035156,0.0,0
2021-03-09,27.641448974609375,0.0,53.84000015258789,0.0,53.84000015258789,53.84000015258789,53.84000015258789,0.0,0
2021-03-10,27.90841293334961,0.0,54.36000061035156,0.0,54.36000061035156,54.36000061035156,54.36000061035156,0.0,0
2021-03-11,28.170246124267578,0.0,54.869998931884766,0.0,54.869998931884766,54.869998931884766,54.869998931884766,0.0,0
2021-03-12,28.37047576904297,0.0,55.2599983215332,0.0,55.2599983215332,55.2599983215332,55.2599983215332,0.0,0
2021-03-15,28.53989601135254,0.0,55.59000015258789,0.0,55.59000015258789,55.59000015258789,55.59000015258789,0.0,0
2021-03-16,28.478290557861328,0.0,55.470001220703125,0.0,55.470001220703125,55.470001220703125,55.470001220703125,0.0,0
2021-03-17,28.575838088989258,0.0,55.65999984741211,0.0,55.65999984741211,55.65999984741211,55.65999984741211,0.0,0
2021-03-18,28.375608444213867,0.0,55.27000045776367,0.0,55.27000045776367,55.27000045776367,55.27000045776367,0.0,0
2021-03-19,28.447486877441406,0.0,55.40999984741211,0.0,55.40999984741211,55.40999984741211,55.40999984741211,0.0,0
2021-03-22,28.396148681640625,0.0,55.310001373291016,0.0,55.310001373291016,55.310001373291016,55.310001373291016,0.0,0
2021-03-23,27.867341995239258,0.0,54.279998779296875,0.0,54.279998779296875,54.279998779296875,54.279998779296875,0.0,0
2021-03-24,27.703054428100586,0.0,53.959999084472656,0.0,53.959999084472656,53.959999084472656,53.959999084472656,0.0,0
2021-03-25,28.108638763427734,0.0,54.75,0.0,54.75,54.75,54.75,0.0,0
2021-03-26,28.652847290039062,0.0,55.810001373291016,0.0,55.810001373291016,55.810001373291016,55.810001373291016,0.0,0
2021-03-29,28.396148681640625,0.0,55.310001373291016,0.0,55.310001373291016,55.310001373291016,55.310001373291016,0.0,0
2021-03-30,28.529630661010742,0.0,55.56999969482422,0.0,55.56999969482422,55.56999969482422,55.56999969482422,0.0,0
2021-03-31,28.416683197021484,0.0,55.349998474121094,0.0,55.349998474121094,55.349998474121094,55.349998474121094,0.0,0
2021-04-01,28.719587326049805,0.0,55.939998626708984,0.0,55.939998626708984,55.939998626708984,55.939998626708984,0.0,0
2021-04-05,28.9095458984375,0.0,56.310001373291016,0.0,56.310001373291016,56.310001373291016,56.310001373291016,0.0,0
2021-04-06,28.806861877441406,0.0,56.11000061035156,0.0,56.11000061035156,56.11000061035156,56.11000061035156,0.0,0
2021-04-07,28.837669372558594,0.0,56.16999816894531,0.0,56.16999816894531,56.16999816894531,56.16999816894531,0.0,0
2021-04-08,28.88387680053711,0.0,56.2599983215332,0.0,56.2599983215332,56.2599983215332,56.2599983215332,0.0,0
2021-04-09,29.05329704284668,0.0,56.59000015258789,0.0,56.59000015258789,56.59000015258789,56.59000015258789,0.0,0
2021-04-12,29.05329704284668,0.0,56.59000015258789,0.0,56.59000015258789,56.59000015258789,56.59000015258789,0.0,0
2021-04-13,28.991689682006836,0.0,56.470001220703125,0.0,56.470001220703125,56.470001220703125,56.470001220703125,0.0,0
2021-04-14,29.104637145996094,0.0,56.689998626708984,0.0,56.689998626708984,56.689998626708984,56.689998626708984,0.0,0
2021-04-15,29.279190063476562,0.0,57.029998779296875,0.0,57.029998779296875,57.029998779296875,57.029998779296875,0.0,0
2021-04-16,29.464017868041992,0.0,57.38999938964844,0.0,57.38999938964844,57.38999938964844,57.38999938964844,0.0,0
2021-04-19,29.38700294494629,0.0,57.2400016784668,0.0,57.2400016784668,57.2400016784668,57.2400016784668,0.0,0
2021-04-20,29.007091522216797,0.0,56.5,0.0,56.5,56.5,56.5,0.0,0
2021-04-21,29.284326553344727,0.0,57.040000915527344,0.0,57.040000915527344,57.040000915527344,57.040000915527344,0.0,0
2021-04-22,29.125171661376953,0.0,56.72999954223633,0.0,56.72999954223633,56.72999954223633,56.72999954223633,0.0,0
2021-04-23,29.45888328552246,0.0,57.380001068115234,0.0,57.380001068115234,57.380001068115234,57.380001068115234,0.0,0
2021-04-26,29.505088806152344,0.0,57.470001220703125,0.0,57.470001220703125,57.470001220703125,57.470001220703125,0.0,0
2021-04-27,29.55643081665039,0.0,57.56999969482422,0.0,57.56999969482422,57.56999969482422,57.56999969482422,0.0,0
2021-04-28,29.566699981689453,0.0,57.59000015258789,0.0,57.59000015258789,57.59000015258789,57.59000015258789,0.0,0
2021-04-29,29.741252899169922,0.0,57.93000030517578,0.0,57.93000030517578,57.93000030517578,57.93000030517578,0.0,0
2021-04-30,29.45374298095703,0.0,57.369998931884766,0.0,57.369998931884766,57.369998931884766,57.369998931884766,0.0,0
2021-05-03,29.736120223999023,0.0,57.91999816894531,0.0,57.91999816894531,57.91999816894531,57.91999816894531,0.0,0
2021-05-04,29.633440017700195,0.0,57.720001220703125,0.0,57.720001220703125,57.720001220703125,57.720001220703125,0.0,0
2021-05-05,29.823394775390625,0.0,58.09000015258789,0.0,58.09000015258789,58.09000015258789,58.09000015258789,0.0,0
2021-05-06,30.04416275024414,0.0,58.52000045776367,0.0,58.52000045776367,58.52000045776367,58.52000045776367,0.0,0
2021-05-07,30.413806915283203,0.0,59.2400016784668,0.0,59.2400016784668,59.2400016784668,59.2400016784668,0.0,0
2021-05-10,30.357336044311523,0.0,59.130001068115234,0.0,59.130001068115234,59.130001068115234,59.130001068115234,0.0,0
2021-05-11,29.94148063659668,0.0,58.31999969482422,0.0,58.31999969482422,58.31999969482422,58.31999969482422,0.0,0
2021-05-12,29.34593963623047,0.0,57.15999984741211,0.0,57.15999984741211,57.15999984741211,57.15999984741211,0.0,0
2021-05-13,29.633440017700195,0.0,57.720001220703125,0.0,57.720001220703125,57.720001220703125,57.720001220703125,0.0,0
2021-05-14,30.21871566772461,0.0,58.86000061035156,0.0,58.86000061035156,58.86000061035156,58.86000061035156,0.0,0
2021-05-17,30.26491928100586,0.0,58.95000076293945,0.0,58.95000076293945,58.95000076293945,58.95000076293945,0.0,0
2021-05-18,30.136568069458008,0.0,58.70000076293945,0.0,58.70000076293945,58.70000076293945,58.70000076293945,0.0,0
2021-05-19,29.88500213623047,0.0,58.209999084472656,0.0,58.209999084472656,58.209999084472656,58.209999084472656,0.0,0
2021-05-20,29.890138626098633,0.0,58.220001220703125,0.0,58.220001220703125,58.220001220703125,58.220001220703125,0.0,0
2021-05-21,29.89527130126953,0.0,58.22999954223633,0.0,58.22999954223633,58.22999954223633,58.22999954223633,0.0,0
2021-05-24,30.04416275024414,0.0,58.52000045776367,0.0,58.52000045776367,58.52000045776367,58.52000045776367,0.0,0
2021-05-25,29.802860260009766,0.0,58.04999923706055,0.0,58.04999923706055,58.04999923706055,58.04999923706055,0.0,0
2021-05-26,30.02362060546875,0.0,58.47999954223633,0.0,58.47999954223633,58.47999954223633,58.47999954223633,0.0,0
2021-05-27,30.187908172607422,0.0,58.79999923706055,0.0,58.79999923706055,58.79999923706055,58.79999923706055,0.0,0
2021-05-28,30.223846435546875,0.0,58.869998931884766,0.0,58.869998931884766,58.869998931884766,58.869998931884766,0.0,0
2021-06-01,30.434341430664062,0.0,59.279998779296875,0.0,59.279998779296875,59.279998779296875,59.279998779296875,0.0,0
2021-06-02,30.588359832763672,0.0,59.58000183105469,0.0,59.58000183105469,59.58000183105469,59.58000183105469,0.0,0
2021-06-03,30.38300323486328,0.0,59.18000030517578,0.0,59.18000030517578,59.18000030517578,59.18000030517578,0.0,0
2021-06-04,30.501081466674805,0.0,59.40999984741211,0.0,59.40999984741211,59.40999984741211,59.40999984741211,0.0,0
2021-06-07,30.5164852142334,0.0,59.439998626708984,0.0,59.439998626708984,59.439998626708984,59.439998626708984,0.0,0
2021-06-08,30.603763580322266,0.0,59.61000061035156,0.0,59.61000061035156,59.61000061035156,59.61000061035156,0.0,0
2021-06-09,30.36246681213379,0.0,59.13999938964844,0.0,59.13999938964844,59.13999938964844,59.13999938964844,0.0,0
2021-06-10,30.228984832763672,0.0,58.880001068115234,0.0,58.880001068115234,58.880001068115234,58.880001068115234,0.0,0
2021-06-11,30.40353775024414,0.0,59.220001220703125,0.0,59.220001220703125,59.220001220703125,59.220001220703125,0.0,0
2021-06-14,30.182777404785156,0.0,58.790000915527344,0.0,58.790000915527344,58.790000915527344,58.790000915527344,0.0,0
2021-06-15,30.23925018310547,0.0,58.900001525878906,0.0,58.900001525878906,58.900001525878906,58.900001525878906,0.0,0
2021-06-16,30.054431915283203,0.0,58.540000915527344,0.0,58.540000915527344,58.540000915527344,58.540000915527344,0.0,0
2021-06-17,29.602636337280273,0.0,57.65999984741211,0.0,57.65999984741211,57.65999984741211,57.65999984741211,0.0,0
2021-06-18,29.058433532714844,0.0,56.599998474121094,0.0,56.599998474121094,56.599998474121094,56.599998474121094,0.0,0
2021-06-21,29.51021957397461,0.0,57.47999954223633,0.0,57.47999954223633,57.47999954223633,57.47999954223633,0.0,0
2021-06-22,29.587234497070312,0.0,57.630001068115234,0.0,57.630001068115234,57.630001068115234,57.630001068115234,0.0,0
2021-06-23,29.59236717224121,0.0,57.63999938964844,0.0,57.63999938964844,57.63999938964844,57.63999938964844,0.0,0
2021-06-24,29.849063873291016,0.0,58.13999938964844,0.0,58.13999938964844,58.13999938964844,58.13999938964844,0.0,0
2021-06-25,30.069828033447266,0.0,58.56999969482422,0.0,58.56999969482422,58.56999969482422,58.56999969482422,0.0,0
2021-06-28,29.818260192871094,0.0,58.08000183105469,0.0,58.08000183105469,58.08000183105469,58.08000183105469,0.0,0
2021-06-29,29.736120223999023,0.0,57.91999816894531,0.0,57.91999816894531,57.91999816894531,57.91999816894531,0.0,0
2021-06-30,29.833663940429688,0.0,58.11000061035156,0.0,58.11000061035156,58.11000061035156,58.11000061035156,0.0,0
2021-07-01,30.02875518798828,0.0,58.4900016784668,0.0,58.4900016784668,58.4900016784668,58.4900016784668,0.0,0
2021-07-02,30.110902786254883,0.0,58.650001525878906,0.0,58.650001525878906,58.650001525878906,58.650001525878906,0.0,0
2021-07-06,29.736120223999023,0.0,57.91999816894531,0.0,57.91999816894531,57.91999816894531,57.91999816894531,0.0,0
2021-07-07,29.695043563842773,0.0,57.84000015258789,0.0,57.84000015258789,57.84000015258789,57.84000015258789,0.0,0
2021-07-08,29.356204986572266,0.0,57.18000030517578,0.0,57.18000030517578,57.18000030517578,57.18000030517578,0.0,0
2021-07-09,29.84393310546875,0.0,58.130001068115234,0.0,58.130001068115234,58.130001068115234,58.130001068115234,0.0,0
2021-07-12,29.951745986938477,0.0,58.34000015258789,0.0,58.34000015258789,58.34000015258789,58.34000015258789,0.0,0
2021-07-13,29.787458419799805,0.0,58.02000045776367,0.0,58.02000045776367,58.02000045776367,58.02000045776367,0.0,0
2021-07-14,29.695043563842773,0.0,57.84000015258789,0.0,57.84000015258789,57.84000015258789,57.84000015258789,0.0,0
2021-07-15,29.55643081665039,0.0,57.56999969482422,0.0,57.56999969482422,57.56999969482422,57.56999969482422,0.0,0
2021-07-16,29.248390197753906,0.0,56.970001220703125,0.0,56.970001220703125,56.970001220703125,56.970001220703125,0.0,0
2021-07-19,28.663116455078125,0.0,55.83000183105469,0.0,55.83000183105469,55.83000183105469,55.83000183105469,0.0,0
2021-07-20,29.12003517150879,0.0,56.720001220703125,0.0,56.720001220703125,56.720001220703125,56.720001220703125,0.0,0
2021-07-21,29.525617599487305,0.0,57.5099983215332,0.0,57.5099983215332,57.5099983215332,57.5099983215332,0.0,0
2021-07-22,29.42807960510254,0.0,57.31999969482422,0.0,57.31999969482422,57.31999969482422,57.31999969482422,0.0,0
2021-07-23,29.612905502319336,0.0,57.68000030517578,0.0,57.68000030517578,57.68000030517578,57.68000030517578,0.0,0
2021-07-26,29.751523971557617,0.0,57.95000076293945,0.0,57.95000076293945,57.95000076293945,57.95000076293945,0.0,0
2021-07-27,29.612905502319336,0.0,57.68000030517578,0.0,57.68000030517578,57.68000030517578,57.68000030517578,0.0,0
2021-07-28,29.695043563842773,0.0,57.84000015258789,0.0,57.84000015258789,57.84000015258789,57.84000015258789,0.0,0
2021-07-29,29.93120765686035,0.0,58.29999923706055,0.0,58.29999923706055,58.29999923706055,58.29999923706055,0.0,0
2021-07-30,29.802860260009766,0.0,58.04999923706055,0.0,58.04999923706055,58.04999923706055,58.04999923706055,0.0,0
2021-08-02,29.818260192871094,0.0,58.08000183105469,0.0,58.08000183105469,58.08000183105469,58.08000183105469,0.0,0
2021-08-03,30.00308609008789,0.0,58.439998626708984,0.0,58.439998626708984,58.439998626708984,58.439998626708984,0.0,0
2021-08-04,29.684778213500977,0.0,57.81999969482422,0.0,57.81999969482422,57.81999969482422,57.81999969482422,0.0,0
2021-08-05,29.792593002319336,0.0,58.029998779296875,0.0,58.029998779296875,58.029998779296875,58.029998779296875,0.0,0
2021-08-06,29.977415084838867,0.0,58.38999938964844,0.0,58.38999938964844,58.38999938964844,58.38999938964844,0.0,0
2021-08-09,29.879873275756836,0.0,58.20000076293945,0.0,58.20000076293945,58.20000076293945,58.20000076293945,0.0,0
2021-08-10,30.126306533813477,0.0,58.68000030517578,0.0,58.68000030517578,58.68000030517578,58.68000030517578,0.0,0
2021-08-11,30.30599021911621,0.0,59.029998779296875,0.0,59.029998779296875,59.029998779296875,59.029998779296875,0.0,0
2021-08-12,30.234115600585938,0.0,58.88999938964844,0.0,58.88999938964844,58.88999938964844,58.88999938964844,0.0,0
2021-08-13,30.213577270507812,0.0,58.849998474121094,0.0,58.849998474121094,58.849998474121094,58.849998474121094,0.0,0
2021-08-16,30.10063362121582,0.0,58.630001068115234,0.0,58.630001068115234,58.630001068115234,58.630001068115234,0.0,0
2021-08-17,29.772058486938477,0.0,57.9900016784668,0.0,57.9900016784668,57.9900016784668,57.9900016784668,0.0,0
2021-08-18,29.653972625732422,0.0,57.7599983215332,0.0,57.7599983215332,57.7599983215332,57.7599983215332,0.0,0
2021-08-19,29.392139434814453,0.0,57.25,0.0,57.25,57.25,57.25,0.0,0
2021-08-20,29.5358943939209,0.0,57.529998779296875,0.0,57.529998779296875,57.529998779296875,57.529998779296875,0.0,0
2021-08-23,29.792593002319336,0.0,58.029998779296875,0.0,58.029998779296875,58.029998779296875,58.029998779296875,0.0,0
2021-08-24,30.02875518798828,0.0,58.4900016784668,0.0,58.4900016784668,58.4900016784668,58.4900016784668,0.0,0
2021-08-25,30.177642822265625,0.0,58.779998779296875,0.0,58.779998779296875,58.779998779296875,58.779998779296875,0.0,0
2021-08-26,29.89527130126953,0.0,58.22999954223633,0.0,58.22999954223633,58.22999954223633,58.22999954223633,0.0,0
2021-08-27,30.203311920166016,0.0,58.83000183105469,0.0,58.83000183105469,58.83000183105469,58.83000183105469,0.0,0
2021-08-30,30.110902786254883,0.0,58.650001525878906,0.0,58.650001525878906,58.650001525878906,58.650001525878906,0.0,0
2021-08-31,30.141698837280273,0.0,58.709999084472656,0.0,58.709999084472656,58.709999084472656,58.709999084472656,0.0,0
2021-09-01,30.126306533813477,0.0,58.68000030517578,0.0,58.68000030517578,58.68000030517578,58.68000030517578,0.0,0
2021-09-02,30.300859451293945,0.0,59.02000045776367,0.0,59.02000045776367,59.02000045776367,59.02000045776367,0.0,0
2021-09-03,30.275188446044922,0.0,58.970001220703125,0.0,58.970001220703125,58.970001220703125,58.970001220703125,0.0,0
2021-09-07,30.05956268310547,0.0,58.54999923706055,0.0,58.54999923706055,58.54999923706055,58.54999923706055,0.0,0
2021-09-08,29.828529357910156,0.0,58.099998474121094,0.0,58.099998474121094,58.099998474121094,58.099998474121094,0.0,0
2021-09-09,29.86446762084961,0.0,58.16999816894531,0.0,58.16999816894531,58.16999816894531,58.16999816894531,0.0,0
2021-09-10,29.64725112915039,0.0,53.22999954223633,4.55,53.22999954223633,53.22999954223633,53.22999954223633,0.0,0
2021-09-13,29.881179809570312,0.0,53.650001525878906,0.0,53.650001525878906,53.650001525878906,53.650001525878906,0.0,0
2021-09-14,29.680673599243164,0.0,53.290000915527344,0.0,53.290000915527344,53.290000915527344,53.290000915527344,0.0,0
2021-09-15,29.931303024291992,0.0,53.7400016784668,0.0,53.7400016784668,53.7400016784668,53.7400016784668,0.0,0
2021-09-16,29.853328704833984,0.0,53.599998474121094,0.0,53.599998474121094,53.599998474121094,53.599998474121094,0.0,0
2021-09-17,29.74193572998047,0.0,53.400001525878906,0.0,53.400001525878906,53.400001525878906,53.400001525878906,0.0,0
2021-09-20,29.229528427124023,0.0,52.47999954223633,0.0,52.47999954223633,52.47999954223633,52.47999954223633,0.0,0
2021-09-21,29.257373809814453,0.0,52.529998779296875,0.0,52.529998779296875,52.529998779296875,52.529998779296875,0.0,0
2021-09-22,29.48573112487793,0.0,52.939998626708984,0.0,52.939998626708984,52.939998626708984,52.939998626708984,0.0,0
2021-09-23,29.819913864135742,0.0,53.540000915527344,0.0,53.540000915527344,53.540000915527344,53.540000915527344,0.0,0
2021-09-24,29.77535629272461,0.0,53.459999084472656,0.0,53.459999084472656,53.459999084472656,53.459999084472656,0.0,0
2021-09-27,30.081682205200195,0.0,54.0099983215332,0.0,54.0099983215332,54.0099983215332,54.0099983215332,0.0,0
2021-09-28,29.641681671142578,0.0,53.220001220703125,0.0,53.220001220703125,53.220001220703125,53.220001220703125,0.0,0
2021-09-29,29.730792999267578,0.0,53.380001068115234,0.0,53.380001068115234,53.380001068115234,53.380001068115234,0.0,0
2021-09-30,29.31307601928711,0.0,52.630001068115234,0.0,52.630001068115234,52.630001068115234,52.630001068115234,0.0,0
2021-10-01,29.508010864257812,0.0,52.97999954223633,0.0,52.97999954223633,52.97999954223633,52.97999954223633,0.0,0
2021-10-04,29.34649085998535,0.0,52.689998626708984,0.0,52.689998626708984,52.689998626708984,52.689998626708984,0.0,0
2021-10-05,29.508010864257812,0.0,52.97999954223633,0.0,52.97999954223633,52.97999954223633,52.97999954223633,0.0,0
2021-10-06,29.290796279907227,0.0,52.59000015258789,0.0,52.59000015258789,52.59000015258789,52.59000015258789,0.0,0
2021-10-07,29.630542755126953,0.0,53.20000076293945,0.0,53.20000076293945,53.20000076293945,53.20000076293945,0.0,0
2021-10-08,29.680673599243164,0.0,53.290000915527344,0.0,53.290000915527344,53.290000915527344,53.290000915527344,0.0,0
2021-10-11,29.535858154296875,0.0,53.029998779296875,0.0,53.029998779296875,53.029998779296875,53.029998779296875,0.0,0
2021-10-12,29.452312469482422,0.0,52.880001068115234,0.0,52.880001068115234,52.880001068115234,52.880001068115234,0.0,0
2021-10-13,29.519149780273438,0.0,53.0,0.0,53.0,53.0,53.0,0.0,0
2021-10-14,29.98143196105957,0.0,53.83000183105469,0.0,53.83000183105469,53.83000183105469,53.83000183105469,0.0,0
2021-10-15,30.109535217285156,0.0,54.060001373291016,0.0,54.060001373291016,54.060001373291016,54.060001373291016,0.0,0
2021-10-18,30.115100860595703,0.0,54.06999969482422,0.0,54.06999969482422,54.06999969482422,54.06999969482422,0.0,0
2021-10-19,30.23206329345703,0.0,54.279998779296875,0.0,54.279998779296875,54.279998779296875,54.279998779296875,0.0,0
2021-10-20,30.427001953125,0.0,54.630001068115234,0.0,54.630001068115234,54.630001068115234,54.630001068115234,0.0,0
2021-10-21,30.326751708984375,0.0,54.45000076293945,0.0,54.45000076293945,54.45000076293945,54.45000076293945,0.0,0
2021-10-22,30.460418701171875,0.0,54.689998626708984,0.0,54.689998626708984,54.689998626708984,54.689998626708984,0.0,0
2021-10-25,30.54953384399414,0.0,54.849998474121094,0.0,54.849998474121094,54.849998474121094,54.849998474121094,0.0,0
2021-10-26,30.54953384399414,0.0,54.849998474121094,0.0,54.849998474121094,54.849998474121094,54.849998474121094,0.0,0
2021-10-27,30.098388671875,0.0,54.040000915527344,0.0,54.040000915527344,54.040000915527344,54.040000915527344,0.0,0
2021-10-28,30.2933292388916,0.0,54.38999938964844,0.0,54.38999938964844,54.38999938964844,54.38999938964844,0.0,0
2021-10-29,30.12067222595215,0.0,54.08000183105469,0.0,54.08000183105469,54.08000183105469,54.08000183105469,0.0,0
2021-11-01,30.41585922241211,0.0,54.61000061035156,0.0,54.61000061035156,54.61000061035156,54.61000061035156,0.0,0
2021-11-02,30.371313095092773,0.0,54.529998779296875,0.0,54.529998779296875,54.529998779296875,54.529998779296875,0.0,0
2021-11-03,30.62751007080078,0.0,54.9900016784668,0.0,54.9900016784668,54.9900016784668,54.9900016784668,0.0,0
2021-11-04,30.594097137451172,0.0,54.93000030517578,0.0,54.93000030517578,54.93000030517578,54.93000030517578,0.0,0
2021-11-05,30.844728469848633,0.0,55.380001068115234,0.0,55.380001068115234,55.380001068115234,55.380001068115234,0.0,0
2021-11-08,30.905990600585938,0.0,55.4900016784668,0.0,55.4900016784668,55.4900016784668,55.4900016784668,0.0,0
2021-11-09,30.950551986694336,0.0,55.56999969482422,0.0,55.56999969482422,55.56999969482422,55.56999969482422,0.0,0
2021-11-10,30.816883087158203,0.0,55.33000183105469,0.0,55.33000183105469,55.33000183105469,55.33000183105469,0.0,0
2021-11-11,30.961688995361328,0.0,55.59000015258789,0.0,55.59000015258789,55.59000015258789,55.59000015258789,0.0,0
2021-11-12,31.1287784576416,0.0,55.88999938964844,0.0,55.88999938964844,55.88999938964844,55.88999938964844,0.0,0
2021-11-15,31.134349822998047,0.0,55.900001525878906,0.0,55.900001525878906,55.900001525878906,55.900001525878906,0.0,0
2021-11-16,31.078651428222656,0.0,55.79999923706055,0.0,55.79999923706055,55.79999923706055,55.79999923706055,0.0,0
2021-11-17,30.844728469848633,0.0,55.380001068115234,0.0,55.380001068115234,55.380001068115234,55.380001068115234,0.0,0
2021-11-18,30.777891159057617,0.0,55.2599983215332,0.0,55.2599983215332,55.2599983215332,55.2599983215332,0.0,0
2021-11-19,30.432567596435547,0.0,54.63999938964844,0.0,54.63999938964844,54.63999938964844,54.63999938964844,0.0,0
2021-11-22,30.516117095947266,0.0,54.790000915527344,0.0,54.790000915527344,54.790000915527344,54.790000915527344,0.0,0
2021-11-23,30.666501998901367,0.0,55.060001373291016,0.0,55.060001373291016,55.060001373291016,55.060001373291016,0.0,0
2021-11-24,30.582948684692383,0.0,54.90999984741211,0.0,54.90999984741211,54.90999984741211,54.90999984741211,0.0,0
2021-11-26,29.719654083251953,0.0,53.36000061035156,0.0,53.36000061035156,53.36000061035156,53.36000061035156,0.0,0
2021-11-29,29.79763412475586,0.0,53.5,0.0,53.5,53.5,53.5,0.0,0
2021-11-30,29.229528427124023,0.0,52.47999954223633,0.0,52.47999954223633,52.47999954223633,52.47999954223633,0.0,0
2021-12-01,28.917625427246094,0.0,51.91999816894531,0.0,51.91999816894531,51.91999816894531,51.91999816894531,0.0,0
2021-12-02,29.530292510986328,0.0,53.02000045776367,0.0,53.02000045776367,53.02000045776367,53.02000045776367,0.0,0
2021-12-03,29.480161666870117,0.0,52.93000030517578,0.0,52.93000030517578,52.93000030517578,52.93000030517578,0.0,0
2021-12-06,29.98143196105957,0.0,53.83000183105469,0.0,53.83000183105469,53.83000183105469,53.83000183105469,0.0,0
2021-12-07,30.571807861328125,0.0,54.88999938964844,0.0,54.88999938964844,54.88999938964844,54.88999938964844,0.0,0
2021-12-08,30.571807861328125,0.0,54.88999938964844,0.0,54.88999938964844,54.88999938964844,54.88999938964844,0.0,0
2021-12-09,30.471559524536133,0.0,54.709999084472656,0.0,54.709999084472656,54.709999084472656,54.709999084472656,0.0,0
2021-12-10,30.535682678222656,0.0,52.86000061035156,1.961,52.86000061035156,52.86000061035156,52.86000061035156,0.0,0
2021-12-13,30.12553596496582,0.0,52.150001525878906,0.0,52.150001525878906,52.150001525878906,52.150001525878906,0.0,0
2021-12-14,30.13131332397461,0.0,52.15999984741211,0.0,52.15999984741211,52.15999984741211,52.15999984741211,0.0,0
2021-12-15,30.362377166748047,0.0,52.560001373291016,0.0,52.560001373291016,52.560001373291016,52.560001373291016,0.0,0
2021-12-16,30.25840187072754,0.0,52.380001068115234,0.0,52.380001068115234,52.380001068115234,52.380001068115234,0.0,0
2021-12-17,30.079322814941406,0.0,52.06999969482422,0.0,52.06999969482422,52.06999969482422,52.06999969482422,0.0,0
2021-12-20,29.617183685302734,0.0,51.27000045776367,0.0,51.27000045776367,51.27000045776367,51.27000045776367,0.0,0
2021-12-21,30.160194396972656,0.0,52.209999084472656,0.0,52.209999084472656,52.209999084472656,52.209999084472656,0.0,0
2021-12-22,30.420150756835938,0.0,52.65999984741211,0.0,52.65999984741211,52.65999984741211,52.65999984741211,0.0,0
2021-12-23,30.58189582824707,0.0,52.939998626708984,0.0,52.939998626708984,52.939998626708984,52.939998626708984,0.0,0
2021-12-27,30.911163330078125,0.0,53.5099983215332,0.0,53.5099983215332,53.5099983215332,53.5099983215332,0.0,0
2021-12-28,30.997817993164062,0.0,53.65999984741211,0.0,53.65999984741211,53.65999984741211,53.65999984741211,0.0,0
2021-12-29,31.159564971923828,0.0,53.939998626708984,0.0,53.939998626708984,53.939998626708984,53.939998626708984,0.0,0
2021-12-30,31.0498046875,0.0,53.75,0.0,53.75,53.75,53.75,0.0,0
2021-12-31,31.072917938232422,0.0,53.790000915527344,0.0,53.790000915527344,53.790000915527344,53.790000915527344,0.0,0
2022-01-03,31.246219635009766,0.0,54.09000015258789,0.0,54.09000015258789,54.09000015258789,54.09000015258789,0.0,0
2022-01-04,31.540828704833984,0.0,54.599998474121094,0.0,54.599998474121094,54.599998474121094,54.599998474121094,0.0,0
2022-01-05,31.142234802246094,0.0,53.90999984741211,0.0,53.90999984741211,53.90999984741211,53.90999984741211,0.0,0
2022-01-06,31.1018009185791,0.0,53.84000015258789,0.0,53.84000015258789,53.84000015258789,53.84000015258789,0.0,0
2022-01-07,31.078697204589844,0.0,53.79999923706055,0.0,53.79999923706055,53.79999923706055,53.79999923706055,0.0,0
2022-01-10,30.94005584716797,0.0,53.560001373291016,0.0,53.560001373291016,53.560001373291016,53.560001373291016,0.0,0
2022-01-11,31.29820442199707,0.0,54.18000030517578,0.0,54.18000030517578,54.18000030517578,54.18000030517578,0.0,0
2022-01-12,31.442625045776367,0.0,54.43000030517578,0.0,54.43000030517578,54.43000030517578,54.43000030517578,0.0,0
2022-01-13,31.350202560424805,0.0,54.27000045776367,0.0,54.27000045776367,54.27000045776367,54.27000045776367,0.0,0
2022-01-14,31.303985595703125,0.0,54.189998626708984,0.0,54.189998626708984,54.189998626708984,54.189998626708984,0.0,0
2022-01-18,30.795635223388672,0.0,53.310001373291016,0.0,53.310001373291016,53.310001373291016,53.310001373291016,0.0,0
2022-01-19,30.599225997924805,0.0,52.970001220703125,0.0,52.970001220703125,52.970001220703125,52.970001220703125,0.0,0
2022-01-20,30.25840187072754,0.0,52.380001068115234,0.0,52.380001068115234,52.380001068115234,52.380001068115234,0.0,0
2022-01-21,29.83669662475586,0.0,51.650001525878906,0.0,51.650001525878906,51.650001525878906,51.650001525878906,0.0,0
2022-01-24,30.02155303955078,0.0,51.970001220703125,0.0,51.970001220703125,51.970001220703125,51.970001220703125,0.0,0
2022-01-25,29.871360778808594,0.0,51.709999084472656,0.0,51.709999084472656,51.709999084472656,51.709999084472656,0.0,0
2022-01-26,29.622962951660156,0.0,51.279998779296875,0.0,51.279998779296875,51.279998779296875,51.279998779296875,0.0,0
2022-01-27,29.547868728637695,0.0,51.150001525878906,0.0,51.150001525878906,51.150001525878906,51.150001525878906,0.0,0
2022-01-28,29.854032516479492,0.0,51.68000030517578,0.0,51.68000030517578,51.68000030517578,51.68000030517578,0.0,0
2022-01-31,30.252620697021484,0.0,52.369998931884766,0.0,52.369998931884766,52.369998931884766,52.369998931884766,0.0,0
2022-02-01,30.443256378173828,0.0,52.70000076293945,0.0,52.70000076293945,52.70000076293945,52.70000076293945,0.0,0
2022-02-02,30.73786163330078,0.0,53.209999084472656,0.0,53.209999084472656,53.209999084472656,53.209999084472656,0.0,0
2022-02-03,30.385486602783203,0.0,52.599998474121094,0.0,52.599998474121094,52.599998474121094,52.599998474121094,0.0,0
2022-02-04,30.437475204467773,0.0,52.689998626708984,0.0,52.689998626708984,52.689998626708984,52.689998626708984,0.0,0
2022-02-07,30.47791290283203,0.0,52.7599983215332,0.0,52.7599983215332,52.7599983215332,52.7599983215332,0.0,0
2022-02-08,30.743642807006836,0.0,53.220001220703125,0.0,53.220001220703125,53.220001220703125,53.220001220703125,0.0,0
2022-02-09,31.084468841552734,0.0,53.810001373291016,0.0,53.810001373291016,53.810001373291016,53.810001373291016,0.0,0
2022-02-10,30.73786163330078,0.0,53.209999084472656,0.0,53.209999084472656,53.209999084472656,53.209999084472656,0.0,0
2022-02-11,30.57611656188965,0.0,52.93000030517578,0.0,52.93000030517578,52.93000030517578,52.93000030517578,0.0,0
2022-02-14,30.339271545410156,0.0,52.52000045776367,0.0,52.52000045776367,52.52000045776367,52.52000045776367,0.0,0
2022-02-15,30.685876846313477,0.0,53.119998931884766,0.0,53.119998931884766,53.119998931884766,53.119998931884766,0.0,0
2022-02-16,30.726316452026367,0.0,53.189998626708984,0.0,53.189998626708984,53.189998626708984,53.189998626708984,0.0,0
2022-02-17,30.333492279052734,0.0,52.5099983215332,0.0,52.5099983215332,52.5099983215332,52.5099983215332,0.0,0
2022-02-18,30.177522659301758,0.0,52.2400016784668,0.0,52.2400016784668,52.2400016784668,52.2400016784668,0.0,0
2022-02-22,29.790481567382812,0.0,51.56999969482422,0.0,51.56999969482422,51.56999969482422,51.56999969482422,0.0,0
2022-02-23,29.461210250854492,0.0,51.0,0.0,51.0,51.0,51.0,0.0,0
2022-02-24,29.420778274536133,0.0,50.93000030517578,0.0,50.93000030517578,50.93000030517578,50.93000030517578,0.0,0
2022-02-25,30.09665298461914,0.0,52.099998474121094,0.0,52.099998474121094,52.099998474121094,52.099998474121094,0.0,0
2022-02-28,30.050437927246094,0.0,52.02000045776367,0.0,52.02000045776367,52.02000045776367,52.02000045776367,0.0,0
2022-03-01,29.54208755493164,0.0,51.13999938964844,0.0,51.13999938964844,51.13999938964844,51.13999938964844,0.0,0
2022-03-02,30.165973663330078,0.0,52.220001220703125,0.0,52.220001220703125,52.220001220703125,52.220001220703125,0.0,0
2022-03-03,30.02733039855957,0.0,51.97999954223633,0.0,51.97999954223633,51.97999954223633,51.97999954223633,0.0,0
2022-03-04,29.73272132873535,0.0,51.470001220703125,0.0,51.470001220703125,51.470001220703125,51.470001220703125,0.0,0
2022-03-07,29.0626220703125,0.0,50.310001373291016,0.0,50.310001373291016,50.310001373291016,50.310001373291016,0.0,0
2022-03-08,28.958641052246094,0.0,50.130001068115234,0.0,50.130001068115234,50.130001068115234,50.130001068115234,0.0,0
2022-03-09,29.58830451965332,0.0,51.220001220703125,0.0,51.220001220703125,51.220001220703125,51.220001220703125,0.0,0
2022-03-10,29.547868728637695,0.0,51.150001525878906,0.0,51.150001525878906,51.150001525878906,51.150001525878906,0.0,0
2022-03-11,29.2763614654541,0.0,50.68000030517578,0.0,50.68000030517578,50.68000030517578,50.68000030517578,0.0,0
2022-03-14,29.235923767089844,0.0,50.61000061035156,0.0,50.61000061035156,50.61000061035156,50.61000061035156,0.0,0
2022-03-15,29.449657440185547,0.0,50.97999954223633,0.0,50.97999954223633,50.97999954223633,50.97999954223633,0.0,0
2022-03-16,30.061994552612305,0.0,52.040000915527344,0.0,52.040000915527344,52.040000915527344,52.040000915527344,0.0,0
2022-03-17,30.37971305847168,0.0,52.59000015258789,0.0,52.59000015258789,52.59000015258789,52.59000015258789,0.0,0
2022-03-18,30.541460037231445,0.0,52.869998931884766,0.0,52.869998931884766,52.869998931884766,52.869998931884766,0.0,0
2022-03-21,30.460580825805664,0.0,52.72999954223633,0.0,52.72999954223633,52.72999954223633,52.72999954223633,0.0,0
2022-03-22,30.593448638916016,0.0,52.959999084472656,0.0,52.959999084472656,52.959999084472656,52.959999084472656,0.0,0
2022-03-23,30.310388565063477,0.0,52.470001220703125,0.0,52.470001220703125,52.470001220703125,52.470001220703125,0.0,0
2022-03-24,30.558792114257812,0.0,52.900001525878906,0.0,52.900001525878906,52.900001525878906,52.900001525878906,0.0,0
2022-03-25,30.795635223388672,0.0,53.310001373291016,0.0,53.310001373291016,53.310001373291016,53.310001373291016,0.0,0
2022-03-28,30.66276741027832,0.0,53.08000183105469,0.0,53.08000183105469,53.08000183105469,53.08000183105469,0.0,0
2022-03-29,31.072917938232422,0.0,53.790000915527344,0.0,53.790000915527344,53.790000915527344,53.790000915527344,0.0,0
2022-03-30,30.760971069335938,0.0,53.25,0.0,53.25,53.25,53.25,0.0,0
2022-03-31,30.356605529785156,0.0,52.54999923706055,0.0,52.54999923706055,52.54999923706055,52.54999923706055,0.0,0
2022-04-01,30.47791290283203,0.0,52.7599983215332,0.0,52.7599983215332,52.7599983215332,52.7599983215332,0.0,0
2022-04-04,30.547231674194336,0.0,52.880001068115234,0.0,52.880001068115234,52.880001068115234,52.880001068115234,0.0,0
2022-04-05,30.32194709777832,0.0,52.4900016784668,0.0,52.4900016784668,52.4900016784668,52.4900016784668,0.0,0
2022-04-06,30.252620697021484,0.0,52.369998931884766,0.0,52.369998931884766,52.369998931884766,52.369998931884766,0.0,0
2022-04-07,30.25840187072754,0.0,52.380001068115234,0.0,52.380001068115234,52.380001068115234,52.380001068115234,0.0,0
2022-04-08,30.518354415893555,0.0,52.83000183105469,0.0,52.83000183105469,52.83000183105469,52.83000183105469,0.0,0
2022-04-11,30.316164016723633,0.0,52.47999954223633,0.0,52.47999954223633,52.47999954223633,52.47999954223633,0.0,0
2022-04-12,30.304615020751953,0.0,52.459999084472656,0.0,52.459999084472656,52.459999084472656,52.459999084472656,0.0,0
2022-04-13,30.645435333251953,0.0,53.04999923706055,0.0,53.04999923706055,53.04999923706055,53.04999923706055,0.0,0
2022-04-14,30.58767318725586,0.0,52.95000076293945,0.0,52.95000076293945,52.95000076293945,52.95000076293945,0.0,0
2022-04-18,30.63966178894043,0.0,53.040000915527344,0.0,53.040000915527344,53.040000915527344,53.040000915527344,0.0,0
2022-04-19,30.876506805419922,0.0,53.45000076293945,0.0,53.45000076293945,53.45000076293945,53.45000076293945,0.0,0
2022-04-20,31.136459350585938,0.0,53.900001525878906,0.0,53.900001525878906,53.900001525878906,53.900001525878906,0.0,0
2022-04-21,30.680099487304688,0.0,53.11000061035156,0.0,53.11000061035156,53.11000061035156,53.11000061035156,0.0,0
2022-04-22,29.917577743530273,0.0,51.790000915527344,0.0,51.790000915527344,51.790000915527344,51.790000915527344,0.0,0
2022-04-25,29.882917404174805,0.0,51.72999954223633,0.0,51.72999954223633,51.72999954223633,51.72999954223633,0.0,0
2022-04-26,29.259029388427734,0.0,50.650001525878906,0.0,50.650001525878906,50.650001525878906,50.650001525878906,0.0,0
2022-04-27,29.270580291748047,0.0,50.66999816894531,0.0,50.66999816894531,50.66999816894531,50.66999816894531,0.0,0
2022-04-28,29.628738403320312,0.0,51.290000915527344,0.0,51.290000915527344,51.290000915527344,51.290000915527344,0.0,0
2022-04-29,29.08572769165039,0.0,50.349998474121094,0.0,50.349998474121094,50.349998474121094,50.349998474121094,0.0,0
2022-05-02,29.10305404663086,0.0,50.380001068115234,0.0,50.380001068115234,50.380001068115234,50.380001068115234,0.0,0
2022-05-03,29.38611602783203,0.0,50.869998931884766,0.0,50.869998931884766,50.869998931884766,50.869998931884766,0.0,0
2022-05-04,30.044662475585938,0.0,52.0099983215332,0.0,52.0099983215332,52.0099983215332,52.0099983215332,0.0,0
2022-05-05,29.189706802368164,0.0,50.529998779296875,0.0,50.529998779296875,50.529998779296875,50.529998779296875,0.0,0
2022-05-06,29.097278594970703,0.0,50.369998931884766,0.0,50.369998931884766,50.369998931884766,50.369998931884766,0.0,0
2022-05-09,28.25965690612793,0.0,48.91999816894531,0.0,48.91999816894531,48.91999816894531,48.91999816894531,0.0,0
2022-05-10,28.161455154418945,0.0,48.75,0.0,48.75,48.75,48.75,0.0,0
2022-05-11,27.90150260925293,0.0,48.29999923706055,0.0,48.29999923706055,48.29999923706055,48.29999923706055,0.0,0
2022-05-12,27.941936492919922,0.0,48.369998931884766,0.0,48.369998931884766,48.369998931884766,48.369998931884766,0.0,0
2022-05-13,28.53116226196289,0.0,49.38999938964844,0.0,49.38999938964844,49.38999938964844,49.38999938964844,0.0,0
2022-05-16,28.623594284057617,0.0,49.54999923706055,0.0,49.54999923706055,49.54999923706055,49.54999923706055,0.0,0
2022-05-17,29.17815399169922,0.0,50.5099983215332,0.0,50.5099983215332,50.5099983215332,50.5099983215332,0.0,0
2022-05-18,28.23077392578125,0.0,48.869998931884766,0.0,48.869998931884766,48.869998931884766,48.869998931884766,0.0,0
2022-05-19,28.340534210205078,0.0,49.060001373291016,0.0,49.060001373291016,49.060001373291016,49.060001373291016,0.0,0
2022-05-20,28.23077392578125,0.0,48.869998931884766,0.0,48.869998931884766,48.869998931884766,48.869998931884766,0.0,0
2022-05-23,28.75067901611328,0.0,49.77000045776367,0.0,49.77000045776367,49.77000045776367,49.77000045776367,0.0,0
2022-05-24,28.606258392333984,0.0,49.52000045776367,0.0,49.52000045776367,49.52000045776367,49.52000045776367,0.0,0
2022-05-25,29.0452938079834,0.0,50.279998779296875,0.0,50.279998779296875,50.279998779296875,50.279998779296875,0.0,0
2022-05-26,29.617183685302734,0.0,51.27000045776367,0.0,51.27000045776367,51.27000045776367,51.27000045776367,0.0,0
2022-05-27,30.10242462158203,0.0,52.11000061035156,0.0,52.11000061035156,52.11000061035156,52.11000061035156,0.0,0
2022-05-31,30.004220962524414,0.0,51.939998626708984,0.0,51.939998626708984,51.939998626708984,51.939998626708984,0.0,0
2022-06-01,29.871360778808594,0.0,51.709999084472656,0.0,51.709999084472656,51.709999084472656,51.709999084472656,0.0,0
2022-06-02,30.142866134643555,0.0,52.18000030517578,0.0,52.18000030517578,52.18000030517578,52.18000030517578,0.0,0
2022-06-03,29.894468307495117,0.0,51.75,0.0,51.75,51.75,51.75,0.0,0
2022-06-06,30.061994552612305,0.0,52.040000915527344,0.0,52.040000915527344,52.040000915527344,52.040000915527344,0.0,0
2022-06-07,30.281505584716797,0.0,52.41999816894531,0.0,52.41999816894531,52.41999816894531,52.41999816894531,0.0,0
2022-06-08,29.986888885498047,0.0,51.90999984741211,0.0,51.90999984741211,51.90999984741211,51.90999984741211,0.0,0
2022-06-09,29.490093231201172,0.0,51.04999923706055,0.0,51.04999923706055,51.04999923706055,51.04999923706055,0.0,0
2022-06-10,28.854663848876953,0.0,49.95000076293945,0.0,49.95000076293945,49.95000076293945,49.95000076293945,0.0,0
2022-06-13,27.84373664855957,0.0,48.20000076293945,0.0,48.20000076293945,48.20000076293945,48.20000076293945,0.0,0
2022-06-14,27.641550064086914,0.0,47.849998474121094,0.0,47.849998474121094,47.849998474121094,47.849998474121094,0.0,0
2022-06-15,27.826406478881836,0.0,48.16999816894531,0.0,48.16999816894531,48.16999816894531,48.16999816894531,0.0,0
2022-06-16,26.92523956298828,0.0,46.61000061035156,0.0,46.61000061035156,46.61000061035156,46.61000061035156,0.0,0
2022-06-17,26.711502075195312,0.0,46.2400016784668,0.0,46.2400016784668,46.2400016784668,46.2400016784668,0.0,0
2022-06-21,27.063879013061523,0.0,46.849998474121094,0.0,46.849998474121094,46.849998474121094,46.849998474121094,0.0,0
2022-06-22,26.809703826904297,0.0,46.40999984741211,0.0,46.40999984741211,46.40999984741211,46.40999984741211,0.0,0
2022-06-23,26.734603881835938,0.0,46.279998779296875,0.0,46.279998779296875,46.279998779296875,46.279998779296875,0.0,0
2022-06-24,27.358491897583008,0.0,47.36000061035156,0.0,47.36000061035156,47.36000061035156,47.36000061035156,0.0,0
2022-06-27,27.5606746673584,0.0,47.709999084472656,0.0,47.709999084472656,47.709999084472656,47.709999084472656,0.0,0
2022-06-28,27.398927688598633,0.0,47.43000030517578,0.0,47.43000030517578,47.43000030517578,47.43000030517578,0.0,0
2022-06-29,27.20252227783203,0.0,47.09000015258789,0.0,47.09000015258789,47.09000015258789,47.09000015258789,0.0,0
2022-06-30,26.873249053955078,0.0,46.52000045776367,0.0,46.52000045776367,46.52000045776367,46.52000045776367,0.0,0
2022-07-01,27.034997940063477,0.0,46.79999923706055,0.0,46.79999923706055,46.79999923706055,46.79999923706055,0.0,0
2022-07-05,26.6826171875,0.0,46.189998626708984,0.0,46.189998626708984,46.189998626708984,46.189998626708984,0.0,0
2022-07-06,26.584409713745117,0.0,46.02000045776367,0.0,46.02000045776367,46.02000045776367,46.02000045776367,0.0,0
2022-07-07,27.063879013061523,0.0,46.849998474121094,0.0,46.849998474121094,46.849998474121094,46.849998474121094,0.0,0
2022-07-08,27.121646881103516,0.0,46.95000076293945,0.0,46.95000076293945,46.95000076293945,46.95000076293945,0.0,0
2022-07-11,26.873249053955078,0.0,46.52000045776367,0.0,46.52000045776367,46.52000045776367,46.52000045776367,0.0,0
2022-07-12,26.815481185913086,0.0,46.41999816894531,0.0,46.41999816894531,46.41999816894531,46.41999816894531,0.0,0
2022-07-13,26.775043487548828,0.0,46.349998474121094,0.0,46.349998474121094,46.349998474121094,46.349998474121094,0.0,0
2022-07-14,26.526641845703125,0.0,45.91999816894531,0.0,45.91999816894531,45.91999816894531,45.91999816894531,0.0,0
2022-07-15,27.017667770385742,0.0,46.77000045776367,0.0,46.77000045776367,46.77000045776367,46.77000045776367,0.0,0
2022-07-18,27.069656372070312,0.0,46.86000061035156,0.0,46.86000061035156,46.86000061035156,46.86000061035156,0.0,0
2022-07-19,27.75130844116211,0.0,48.040000915527344,0.0,48.040000915527344,48.040000915527344,48.040000915527344,0.0,0
2022-07-20,27.785966873168945,0.0,48.099998474121094,0.0,48.099998474121094,48.099998474121094,48.099998474121094,0.0,0
2022-07-21,27.820629119873047,0.0,48.15999984741211,0.0,48.15999984741211,48.15999984741211,48.15999984741211,0.0,0
2022-07-22,27.693544387817383,0.0,47.939998626708984,0.0,47.939998626708984,47.939998626708984,47.939998626708984,0.0,0
2022-07-25,27.96504783630371,0.0,48.40999984741211,0.0,48.40999984741211,48.40999984741211,48.40999984741211,0.0,0
2022-07-26,27.733976364135742,0.0,48.0099983215332,0.0,48.0099983215332,48.0099983215332,48.0099983215332,0.0,0
2022-07-27,28.155677795410156,0.0,48.7400016784668,0.0,48.7400016784668,48.7400016784668,48.7400016784668,0.0,0
2022-07-28,28.32320213317871,0.0,49.029998779296875,0.0,49.029998779296875,49.029998779296875,49.029998779296875,0.0,0
2022-07-29,28.554269790649414,0.0,49.43000030517578,0.0,49.43000030517578,49.43000030517578,49.43000030517578,0.0,0
2022-08-01,28.51383399963379,0.0,49.36000061035156,0.0,49.36000061035156,49.36000061035156,49.36000061035156,0.0,0
2022-08-02,28.196117401123047,0.0,48.810001373291016,0.0,48.810001373291016,48.810001373291016,48.810001373291016,0.0,0
2022-08-03,28.38097381591797,0.0,49.130001068115234,0.0,49.130001068115234,49.130001068115234,49.130001068115234,0.0,0
2022-08-04,28.27699089050293,0.0,48.95000076293945,0.0,48.95000076293945,48.95000076293945,48.95000076293945,0.0,0
2022-08-05,28.294315338134766,0.0,48.97999954223633,0.0,48.97999954223633,48.97999954223633,48.97999954223633,0.0,0
2022-08-08,28.392526626586914,0.0,49.150001525878906,0.0,49.150001525878906,49.150001525878906,49.150001525878906,0.0,0
2022-08-09,28.300092697143555,0.0,48.9900016784668,0.0,48.9900016784668,48.9900016784668,48.9900016784668,0.0,0
2022-08-10,28.791112899780273,0.0,49.84000015258789,0.0,49.84000015258789,49.84000015258789,49.84000015258789,0.0,0
2022-08-11,29.022186279296875,0.0,50.2400016784668,0.0,50.2400016784668,50.2400016784668,50.2400016784668,0.0,0
2022-08-12,29.339902877807617,0.0,50.790000915527344,0.0,50.790000915527344,50.790000915527344,50.790000915527344,0.0,0
2022-08-15,29.230144500732422,0.0,50.599998474121094,0.0,50.599998474121094,50.599998474121094,50.599998474121094,0.0,0
2022-08-16,29.426551818847656,0.0,50.939998626708984,0.0,50.939998626708984,50.939998626708984,50.939998626708984,0.0,0
2022-08-17,29.247478485107422,0.0,50.630001068115234,0.0,50.630001068115234,50.630001068115234,50.630001068115234,0.0,0
2022-08-18,29.339902877807617,0.0,50.790000915527344,0.0,50.790000915527344,50.790000915527344,50.790000915527344,0.0,0
2022-08-19,29.09150505065918,0.0,50.36000061035156,0.0,50.36000061035156,50.36000061035156,50.36000061035156,0.0,0
2022-08-22,28.75067901611328,0.0,49.77000045776367,0.0,49.77000045776367,49.77000045776367,49.77000045776367,0.0,0
2022-08-23,28.756452560424805,0.0,49.779998779296875,0.0,49.779998779296875,49.779998779296875,49.779998779296875,0.0,0
2022-08-24,28.808446884155273,0.0,49.869998931884766,0.0,49.869998931884766,49.869998931884766,49.869998931884766,0.0,0
2022-08-25,29.08572769165039,0.0,50.349998474121094,0.0,50.349998474121094,50.349998474121094,50.349998474121094,0.0,0
2022-08-26,28.42718505859375,0.0,49.209999084472656,0.0,49.209999084472656,49.209999084472656,49.209999084472656,0.0,0
2022-08-29,28.35209083557129,0.0,49.08000183105469,0.0,49.08000183105469,49.08000183105469,49.08000183105469,0.0,0
2022-08-30,28.051698684692383,0.0,48.560001373291016,0.0,48.560001373291016,48.560001373291016,48.560001373291016,0.0,0
2022-08-31,27.9361629486084,0.0,48.36000061035156,0.0,48.36000061035156,48.36000061035156,48.36000061035156,0.0,0
2022-09-01,27.733976364135742,0.0,48.0099983215332,0.0,48.0099983215332,48.0099983215332,48.0099983215332,0.0,0
2022-09-02,27.693544387817383,0.0,47.939998626708984,0.0,47.939998626708984,47.939998626708984,47.939998626708984,0.0,0
2022-09-06,27.497133255004883,0.0,47.599998474121094,0.0,47.599998474121094,47.599998474121094,47.599998474121094,0.0,0
2022-09-07,27.72820472717285,0.0,48.0,0.0,48.0,48.0,48.0,0.0,0
2022-09-08,27.872617721557617,0.0,48.25,0.0,48.25,48.25,48.25,0.0,0
2022-09-09,28.388431549072266,0.0,45.68000030517578,3.4,45.68000030517578,45.68000030517578,45.68000030517578,0.0,0
2022-09-12,28.686737060546875,0.0,46.15999984741211,0.0,46.15999984741211,46.15999984741211,46.15999984741211,0.0,0
2022-09-13,27.760753631591797,0.0,44.66999816894531,0.0,44.66999816894531,44.66999816894531,44.66999816894531,0.0,0
2022-09-14,27.791828155517578,0.0,44.720001220703125,0.0,44.720001220703125,44.720001220703125,44.720001220703125,0.0,0
2022-09-15,27.717252731323242,0.0,44.599998474121094,0.0,44.599998474121094,44.599998474121094,44.599998474121094,0.0,0
2022-09-16,27.549461364746094,0.0,44.33000183105469,0.0,44.33000183105469,44.33000183105469,44.33000183105469,0.0,0
2022-09-19,27.648895263671875,0.0,44.4900016784668,0.0,44.4900016784668,44.4900016784668,44.4900016784668,0.0,0
2022-09-20,27.3505916595459,0.0,44.0099983215332,0.0,44.0099983215332,44.0099983215332,44.0099983215332,0.0,0
2022-09-21,26.97150230407715,0.0,43.400001525878906,0.0,43.400001525878906,43.400001525878906,43.400001525878906,0.0,0
2022-09-22,26.766416549682617,0.0,43.06999969482422,0.0,43.06999969482422,43.06999969482422,43.06999969482422,0.0,0
2022-09-23,26.051729202270508,0.0,41.91999816894531,0.0,41.91999816894531,41.91999816894531,41.91999816894531,0.0,0
2022-09-26,25.622920989990234,0.0,41.22999954223633,0.0,41.22999954223633,41.22999954223633,41.22999954223633,0.0,0
2022-09-27,25.635351181030273,0.0,41.25,0.0,41.25,41.25,41.25,0.0,0
2022-09-28,26.169811248779297,0.0,42.11000061035156,0.0,42.11000061035156,42.11000061035156,42.11000061035156,0.0,0
2022-09-29,25.80936050415039,0.0,41.529998779296875,0.0,41.529998779296875,41.529998779296875,41.529998779296875,0.0,0
2022-09-30,25.685070037841797,0.0,41.33000183105469,0.0,41.33000183105469,41.33000183105469,41.33000183105469,0.0,0
2022-10-03,26.418394088745117,0.0,42.5099983215332,0.0,42.5099983215332,42.5099983215332,42.5099983215332,0.0,0
2022-10-04,27.27601432800293,0.0,43.88999938964844,0.0,43.88999938964844,43.88999938964844,43.88999938964844,0.0,0
2022-10-05,27.244945526123047,0.0,43.84000015258789,0.0,43.84000015258789,43.84000015258789,43.84000015258789,0.0,0
2022-10-06,27.015005111694336,0.0,43.470001220703125,0.0,43.470001220703125,43.470001220703125,43.470001220703125,0.0,0
2022-10-07,26.56133270263672,0.0,42.7400016784668,0.0,42.7400016784668,42.7400016784668,42.7400016784668,0.0,0
2022-10-10,26.486757278442383,0.0,42.619998931884766,0.0,42.619998931884766,42.619998931884766,42.619998931884766,0.0,0
2022-10-11,26.399755477905273,0.0,42.47999954223633,0.0,42.47999954223633,42.47999954223633,42.47999954223633,0.0,0
2022-10-12,26.325178146362305,0.0,42.36000061035156,0.0,42.36000061035156,42.36000061035156,42.36000061035156,0.0,0
2022-10-13,26.9342098236084,0.0,43.34000015258789,0.0,43.34000015258789,43.34000015258789,43.34000015258789,0.0,0
2022-10-14,26.437040328979492,0.0,42.540000915527344,0.0,42.540000915527344,42.540000915527344,42.540000915527344,0.0,0
2022-10-17,26.909353256225586,0.0,43.29999923706055,0.0,43.29999923706055,43.29999923706055,43.29999923706055,0.0,0
2022-10-18,27.126861572265625,0.0,43.650001525878906,0.0,43.650001525878906,43.650001525878906,43.650001525878906,0.0,0
2022-10-19,26.97771453857422,0.0,43.40999984741211,0.0,43.40999984741211,43.40999984741211,43.40999984741211,0.0,0
2022-10-20,26.82855987548828,0.0,43.16999816894531,0.0,43.16999816894531,43.16999816894531,43.16999816894531,0.0,0
2022-10-21,27.307090759277344,0.0,43.939998626708984,0.0,43.939998626708984,43.939998626708984,43.939998626708984,0.0,0
2022-10-24,27.46245002746582,0.0,44.189998626708984,0.0,44.189998626708984,44.189998626708984,44.189998626708984,0.0,0
2022-10-25,27.909910202026367,0.0,44.90999984741211,0.0,44.90999984741211,44.90999984741211,44.90999984741211,0.0,0
2022-10-26,28.07770347595215,0.0,45.18000030517578,0.0,45.18000030517578,45.18000030517578,45.18000030517578,0.0,0
2022-10-27,28.121206283569336,0.0,45.25,0.0,45.25,45.25,45.25,0.0,0
2022-10-28,28.388431549072266,0.0,45.68000030517578,0.0,45.68000030517578,45.68000030517578,45.68000030517578,0.0,0
2022-10-31,28.30143165588379,0.0,45.540000915527344,0.0,45.540000915527344,45.540000915527344,45.540000915527344,0.0,0
2022-11-01,28.43815040588379,0.0,45.7599983215332,0.0,45.7599983215332,45.7599983215332,45.7599983215332,0.0,0
2022-11-02,27.96584129333496,0.0,45.0,0.0,45.0,45.0,45.0,0.0,0
2022-11-03,27.74832534790039,0.0,44.650001525878906,0.0,44.650001525878906,44.650001525878906,44.650001525878906,0.0,0
2022-11-04,28.270357131958008,0.0,45.4900016784668,0.0,45.4900016784668,45.4900016784668,45.4900016784668,0.0,0
2022-11-07,28.593517303466797,0.0,46.0099983215332,0.0,46.0099983215332,46.0099983215332,46.0099983215332,0.0,0
2022-11-08,28.686737060546875,0.0,46.15999984741211,0.0,46.15999984741211,46.15999984741211,46.15999984741211,0.0,0
2022-11-09,28.096345901489258,0.0,45.209999084472656,0.0,45.209999084472656,45.209999084472656,45.209999084472656,0.0,0
2022-11-10,29.18390655517578,0.0,46.959999084472656,0.0,46.959999084472656,46.959999084472656,46.959999084472656,0.0,0
2022-11-11,29.33926773071289,0.0,47.209999084472656,0.0,47.209999084472656,47.209999084472656,47.209999084472656,0.0,0
2022-11-14,29.10932731628418,0.0,46.84000015258789,0.0,46.84000015258789,46.84000015258789,46.84000015258789,0.0,0
2022-11-15,29.283340454101562,0.0,47.119998931884766,0.0,47.119998931884766,47.119998931884766,47.119998931884766,0.0,0
2022-11-16,29.009899139404297,0.0,46.68000030517578,0.0,46.68000030517578,46.68000030517578,46.68000030517578,0.0,0
2022-11-17,29.009899139404297,0.0,46.68000030517578,0.0,46.68000030517578,46.68000030517578,46.68000030517578,0.0,0
2022-11-18,29.239837646484375,0.0,47.04999923706055,0.0,47.04999923706055,47.04999923706055,47.04999923706055,0.0,0
2022-11-21,29.177692413330078,0.0,46.95000076293945,0.0,46.95000076293945,46.95000076293945,46.95000076293945,0.0,0
2022-11-22,29.656217575073242,0.0,47.720001220703125,0.0,47.720001220703125,47.720001220703125,47.720001220703125,0.0,0
2022-11-23,29.780508041381836,0.0,47.91999816894531,0.0,47.91999816894531,47.91999816894531,47.91999816894531,0.0,0
2022-11-25,29.95452308654785,0.0,48.20000076293945,0.0,48.20000076293945,48.20000076293945,48.20000076293945,0.0,0
2022-11-28,29.53813934326172,0.0,47.529998779296875,0.0,47.529998779296875,47.529998779296875,47.529998779296875,0.0,0
2022-11-29,29.66865348815918,0.0,47.7400016784668,0.0,47.7400016784668,47.7400016784668,47.7400016784668,0.0,0
2022-11-30,30.17824935913086,0.0,48.560001373291016,0.0,48.560001373291016,48.560001373291016,48.560001373291016,0.0,0
2022-12-01,30.078811645507812,0.0,48.400001525878906,0.0,48.400001525878906,48.400001525878906,48.400001525878906,0.0,0
2022-12-02,30.066381454467773,0.0,48.380001068115234,0.0,48.380001068115234,48.380001068115234,48.380001068115234,0.0,0
2022-12-05,29.531923294067383,0.0,47.52000045776367,0.0,47.52000045776367,47.52000045776367,47.52000045776367,0.0,0
2022-12-06,29.345487594604492,0.0,47.220001220703125,0.0,47.220001220703125,47.220001220703125,47.220001220703125,0.0,0
2022-12-07,29.33926773071289,0.0,47.209999084472656,0.0,47.209999084472656,47.209999084472656,47.209999084472656,0.0,0
2022-12-08,29.388992309570312,0.0,47.290000915527344,0.0,47.290000915527344,47.290000915527344,47.290000915527344,0.0,0
2022-12-09,29.24687957763672,0.0,46.099998474121094,0.966,46.099998474121094,46.099998474121094,46.099998474121094,0.0,0
2022-12-12,29.456239700317383,0.0,46.43000030517578,0.0,46.43000030517578,46.43000030517578,46.43000030517578,0.0,0
2022-12-13,29.53236961364746,0.0,46.54999923706055,0.0,46.54999923706055,46.54999923706055,46.54999923706055,0.0,0
2022-12-14,29.513336181640625,0.0,46.52000045776367,0.0,46.52000045776367,46.52000045776367,46.52000045776367,0.0,0
2022-12-15,29.037517547607422,0.0,45.77000045776367,0.0,45.77000045776367,45.77000045776367,45.77000045776367,0.0,0
2022-12-16,28.910634994506836,0.0,45.56999969482422,0.0,45.56999969482422,45.56999969482422,45.56999969482422,0.0,0
2022-12-19,28.745689392089844,0.0,45.310001373291016,0.0,45.310001373291016,45.310001373291016,45.310001373291016,0.0,0
2022-12-20,28.83450698852539,0.0,45.45000076293945,0.0,45.45000076293945,45.45000076293945,45.45000076293945,0.0,0
2022-12-21,29.21515655517578,0.0,46.04999923706055,0.0,46.04999923706055,46.04999923706055,46.04999923706055,0.0,0
2022-12-22,28.974075317382812,0.0,45.66999816894531,0.0,45.66999816894531,45.66999816894531,45.66999816894531,0.0,0
2022-12-23,29.22150230407715,0.0,46.060001373291016,0.0,46.060001373291016,46.060001373291016,46.060001373291016,0.0,0
2022-12-27,29.342039108276367,0.0,46.25,0.0,46.25,46.25,46.25,0.0,0
2022-12-28,28.955045700073242,0.0,45.63999938964844,0.0,45.63999938964844,45.63999938964844,45.63999938964844,0.0,0
2022-12-29,29.32301139831543,0.0,46.220001220703125,0.0,46.220001220703125,46.220001220703125,46.220001220703125,0.0,0
2022-12-30,29.303977966308594,0.0,46.189998626708984,0.0,46.189998626708984,46.189998626708984,46.189998626708984,0.0,0
2023-01-03,29.075586318969727,0.0,45.83000183105469,0.0,45.83000183105469,45.83000183105469,45.83000183105469,0.0,0
2023-01-04,29.24687957763672,0.0,46.099998474121094,0.0,46.099998474121094,46.099998474121094,46.099998474121094,0.0,0
2023-01-05,29.100961685180664,0.0,45.869998931884766,0.0,45.869998931884766,45.869998931884766,45.869998931884766,0.0,0
2023-01-06,29.646564483642578,0.0,46.72999954223633,0.0,46.72999954223633,46.72999954223633,46.72999954223633,0.0,0
2023-01-09,29.60849952697754,0.0,46.66999816894531,0.0,46.66999816894531,46.66999816894531,46.66999816894531,0.0,0
2023-01-10,29.67194366455078,0.0,46.77000045776367,0.0,46.77000045776367,46.77000045776367,46.77000045776367,0.0,0
2023-01-11,29.862268447875977,0.0,47.06999969482422,0.0,47.06999969482422,47.06999969482422,47.06999969482422,0.0,0
2023-01-12,30.160449981689453,0.0,47.540000915527344,0.0,47.540000915527344,47.540000915527344,47.540000915527344,0.0,0
2023-01-13,30.242919921875,0.0,47.66999816894531,0.0,47.66999816894531,47.66999816894531,47.66999816894531,0.0,0
2023-01-17,30.192169189453125,0.0,47.59000015258789,0.0,47.59000015258789,47.59000015258789,47.59000015258789,0.0,0
2023-01-18,29.893991470336914,0.0,47.119998931884766,0.0,47.119998931884766,47.119998931884766,47.119998931884766,0.0,0
2023-01-19,29.900331497192383,0.0,47.130001068115234,0.0,47.130001068115234,47.130001068115234,47.130001068115234,0.0,0
2023-01-20,30.23657989501953,0.0,47.65999984741211,0.0,47.65999984741211,47.65999984741211,47.65999984741211,0.0,0
2023-01-23,30.433252334594727,0.0,47.970001220703125,0.0,47.970001220703125,47.970001220703125,47.970001220703125,0.0,0
2023-01-24,30.452281951904297,0.0,48.0,0.0,48.0,48.0,48.0,0.0,0
2023-01-25,30.59185791015625,0.0,48.220001220703125,0.0,48.220001220703125,48.220001220703125,48.220001220703125,0.0,0
2023-01-26,30.82659339904785,0.0,48.59000015258789,0.0,48.59000015258789,48.59000015258789,48.59000015258789,0.0,0
2023-01-27,30.756807327270508,0.0,48.47999954223633,0.0,48.47999954223633,48.47999954223633,48.47999954223633,0.0,0
2023-01-30,30.4713134765625,0.0,48.029998779296875,0.0,48.029998779296875,48.029998779296875,48.029998779296875,0.0,0
2023-01-31,30.864654541015625,0.0,48.650001525878906,0.0,48.650001525878906,48.650001525878906,48.650001525878906,0.0,0
2023-02-01,31.07401466369629,0.0,48.97999954223633,0.0,48.97999954223633,48.97999954223633,48.97999954223633,0.0,0
2023-02-02,30.978853225708008,0.0,48.83000183105469,0.0,48.83000183105469,48.83000183105469,48.83000183105469,0.0,0
2023-02-03,30.706050872802734,0.0,48.400001525878906,0.0,48.400001525878906,48.400001525878906,48.400001525878906,0.0,0
2023-02-06,30.433252334594727,0.0,47.970001220703125,0.0,47.970001220703125,47.970001220703125,47.970001220703125,0.0,0
2023-02-07,30.64895248413086,0.0,48.310001373291016,0.0,48.310001373291016,48.310001373291016,48.310001373291016,0.0,0
2023-02-08,30.50303840637207,0.0,48.08000183105469,0.0,48.08000183105469,48.08000183105469,48.08000183105469,0.0,0
2023-02-09,30.4713134765625,0.0,48.029998779296875,0.0,48.029998779296875,48.029998779296875,48.029998779296875,0.0,0
2023-02-10,30.64895248413086,0.0,48.310001373291016,0.0,48.310001373291016,48.310001373291016,48.310001373291016,0.0,0
2023-02-13,30.83293342590332,0.0,48.599998474121094,0.0,48.599998474121094,48.599998474121094,48.599998474121094,0.0,0
2023-02-14,30.820249557495117,0.0,48.58000183105469,0.0,48.58000183105469,48.58000183105469,48.58000183105469,0.0,0
2023-02-15,30.769495010375977,0.0,48.5,0.0,48.5,48.5,48.5,0.0,0
2023-02-16,30.63626480102539,0.0,48.290000915527344,0.0,48.290000915527344,48.290000915527344,48.290000915527344,0.0,0
2023-02-17,30.57282257080078,0.0,48.189998626708984,0.0,48.189998626708984,48.189998626708984,48.189998626708984,0.0,0
2023-02-21,30.08431625366211,0.0,47.41999816894531,0.0,47.41999816894531,47.41999816894531,47.41999816894531,0.0,0
2023-02-22,30.103347778320312,0.0,47.45000076293945,0.0,47.45000076293945,47.45000076293945,47.45000076293945,0.0,0
2023-02-23,30.344430923461914,0.0,47.83000183105469,0.0,47.83000183105469,47.83000183105469,47.83000183105469,0.0,0
2023-02-24,30.21120262145996,0.0,47.619998931884766,0.0,47.619998931884766,47.619998931884766,47.619998931884766,0.0,0
2023-02-27,30.280990600585938,0.0,47.72999954223633,0.0,47.72999954223633,47.72999954223633,47.72999954223633,0.0,0
2023-02-28,30.10969352722168,0.0,47.459999084472656,0.0,47.459999084472656,47.459999084472656,47.459999084472656,0.0,0
2023-03-01,30.230236053466797,0.0,47.650001525878906,0.0,47.650001525878906,47.650001525878906,47.650001525878906,0.0,0
2023-03-02,30.325395584106445,0.0,47.79999923706055,0.0,47.79999923706055,47.79999923706055,47.79999923706055,0.0,0
2023-03-03,30.64895248413086,0.0,48.310001373291016,0.0,48.310001373291016,48.310001373291016,48.310001373291016,0.0,0
2023-03-06,30.484004974365234,0.0,48.04999923706055,0.0,48.04999923706055,48.04999923706055,48.04999923706055,0.0,0
2023-03-07,30.071630477905273,0.0,47.400001525878906,0.0,47.400001525878906,47.400001525878906,47.400001525878906,0.0,0
2023-03-08,30.08431625366211,0.0,47.41999816894531,0.0,47.41999816894531,47.41999816894531,47.41999816894531,0.0,0
2023-03-09,29.640226364135742,0.0,46.720001220703125,0.0,46.720001220703125,46.720001220703125,46.720001220703125,0.0,0
2023-03-10,29.21515655517578,0.0,46.04999923706055,0.0,46.04999923706055,46.04999923706055,46.04999923706055,0.0,0
2023-03-13,28.847192764282227,0.0,45.470001220703125,0.0,45.470001220703125,45.470001220703125,45.470001220703125,0.0,0
2023-03-14,29.043865203857422,0.0,45.779998779296875,0.0,45.779998779296875,45.779998779296875,45.779998779296875,0.0,0
2023-03-15,28.50460433959961,0.0,44.93000030517578,0.0,44.93000030517578,44.93000030517578,44.93000030517578,0.0,0
2023-03-16,28.866226196289062,0.0,45.5,0.0,45.5,45.5,45.5,0.0,0
2023-03-17,28.49191665649414,0.0,44.90999984741211,0.0,44.90999984741211,44.90999984741211,44.90999984741211,0.0,0
2023-03-20,28.80912971496582,0.0,45.40999984741211,0.0,45.40999984741211,45.40999984741211,45.40999984741211,0.0,0
2023-03-21,29.170751571655273,0.0,45.97999954223633,0.0,45.97999954223633,45.97999954223633,45.97999954223633,0.0,0
2023-03-22,28.796438217163086,0.0,45.38999938964844,0.0,45.38999938964844,45.38999938964844,45.38999938964844,0.0,0
2023-03-23,28.694929122924805,0.0,45.22999954223633,0.0,45.22999954223633,45.22999954223633,45.22999954223633,0.0,0
2023-03-24,28.72665023803711,0.0,45.279998779296875,0.0,45.279998779296875,45.279998779296875,45.279998779296875,0.0,0
2023-03-27,28.986764907836914,0.0,45.689998626708984,0.0,45.689998626708984,45.689998626708984,45.689998626708984,0.0,0
2023-03-28,29.037517547607422,0.0,45.77000045776367,0.0,45.77000045776367,45.77000045776367,45.77000045776367,0.0,0
2023-03-29,29.20881462097168,0.0,46.040000915527344,0.0,46.040000915527344,46.040000915527344,46.040000915527344,0.0,0
2023-03-30,29.36742401123047,0.0,46.290000915527344,0.0,46.290000915527344,46.290000915527344,46.290000915527344,0.0,0
2023-03-31,29.633878707885742,0.0,46.709999084472656,0.0,46.709999084472656,46.709999084472656,46.709999084472656,0.0,0
2023-04-03,29.976465225219727,0.0,47.25,0.0,47.25,47.25,47.25,0.0,0
2023-04-04,29.760761260986328,0.0,46.90999984741211,0.0,46.90999984741211,46.90999984741211,46.90999984741211,0.0,0
2023-04-05,29.652910232543945,0.0,46.7400016784668,0.0,46.7400016784668,46.7400016784668,46.7400016784668,0.0,0
2023-04-06,29.570436477661133,0.0,46.61000061035156,0.0,46.61000061035156,46.61000061035156,46.61000061035156,0.0,0
2023-04-10,29.73538589477539,0.0,46.869998931884766,0.0,46.869998931884766,46.869998931884766,46.869998931884766,0.0,0
2023-04-11,29.982810974121094,0.0,47.2599983215332,0.0,47.2599983215332,47.2599983215332,47.2599983215332,0.0,0
2023-04-12,30.00184440612793,0.0,47.290000915527344,0.0,47.290000915527344,47.290000915527344,47.290000915527344,0.0,0
2023-04-13,30.230236053466797,0.0,47.650001525878906,0.0,47.650001525878906,47.650001525878906,47.650001525878906,0.0,0
2023-04-14,30.128726959228516,0.0,47.4900016784668,0.0,47.4900016784668,47.4900016784668,47.4900016784668,0.0,0
2023-04-17,30.128726959228516,0.0,47.4900016784668,0.0,47.4900016784668,47.4900016784668,47.4900016784668,0.0,0
2023-04-18,30.21755027770996,0.0,47.630001068115234,0.0,47.630001068115234,47.630001068115234,47.630001068115234,0.0,0
2023-04-19,29.989154815673828,0.0,47.27000045776367,0.0,47.27000045776367,47.27000045776367,47.27000045776367,0.0,0
2023-04-20,29.925708770751953,0.0,47.16999816894531,0.0,47.16999816894531,47.16999816894531,47.16999816894531,0.0,0
2023-04-21,29.855928421020508,0.0,47.060001373291016,0.0,47.060001373291016,47.060001373291016,47.060001373291016,0.0,0
2023-04-24,29.976465225219727,0.0,47.25,0.0,47.25,47.25,47.25,0.0,0
2023-04-25,29.545059204101562,0.0,46.56999969482422,0.0,46.56999969482422,46.56999969482422,46.56999969482422,0.0,0
2023-04-26,29.40548324584961,0.0,46.349998474121094,0.0,46.349998474121094,46.349998474121094,46.349998474121094,0.0,0
2023-04-27,29.710012435913086,0.0,46.83000183105469,0.0,46.83000183105469,46.83000183105469,46.83000183105469,0.0,0
2023-04-28,29.976465225219727,0.0,47.25,0.0,47.25,47.25,47.25,0.0,0
2023-05-01,29.925708770751953,0.0,47.16999816894531,0.0,47.16999816894531,47.16999816894531,47.16999816894531,0.0,0
2023-05-02,29.564088821411133,0.0,46.599998474121094,0.0,46.599998474121094,46.599998474121094,46.599998474121094,0.0,0
2023-05-03,29.44989013671875,0.0,46.41999816894531,0.0,46.41999816894531,46.41999816894531,46.41999816894531,0.0,0
2023-05-04,29.22150230407715,0.0,46.060001373291016,0.0,46.060001373291016,46.060001373291016,46.060001373291016,0.0,0
2023-05-05,29.75441551208496,0.0,46.900001525878906,0.0,46.900001525878906,46.900001525878906,46.900001525878906,0.0,0
2023-05-08,29.760761260986328,0.0,46.90999984741211,0.0,46.90999984741211,46.90999984741211,46.90999984741211,0.0,0
2023-05-09,29.716352462768555,0.0,46.84000015258789,0.0,46.84000015258789,46.84000015258789,46.84000015258789,0.0,0
2023-05-10,29.703662872314453,0.0,46.81999969482422,0.0,46.81999969482422,46.81999969482422,46.81999969482422,0.0,0
2023-05-11,29.545059204101562,0.0,46.56999969482422,0.0,46.56999969482422,46.56999969482422,46.56999969482422,0.0,0
2023-05-12,29.564088821411133,0.0,46.599998474121094,0.0,46.599998474121094,46.599998474121094,46.599998474121094,0.0,0
2023-05-15,29.729042053222656,0.0,46.86000061035156,0.0,46.86000061035156,46.86000061035156,46.86000061035156,0.0,0
2023-05-16,29.41817283630371,0.0,46.369998931884766,0.0,46.369998931884766,46.369998931884766,46.369998931884766,0.0,0
2023-05-17,29.72269630432129,0.0,46.849998474121094,0.0,46.849998474121094,46.849998474121094,46.849998474121094,0.0,0
2023-05-18,29.81151580810547,0.0,46.9900016784668,0.0,46.9900016784668,46.9900016784668,46.9900016784668,0.0,0
2023-05-19,29.716352462768555,0.0,46.84000015258789,0.0,46.84000015258789,46.84000015258789,46.84000015258789,0.0,0
2023-05-22,29.805171966552734,0.0,46.97999954223633,0.0,46.97999954223633,46.97999954223633,46.97999954223633,0.0,0
2023-05-23,29.538713455200195,0.0,46.560001373291016,0.0,46.560001373291016,46.560001373291016,46.560001373291016,0.0,0
2023-05-24,29.272254943847656,0.0,46.13999938964844,0.0,46.13999938964844,46.13999938964844,46.13999938964844,0.0,0
2023-05-25,29.151714324951172,0.0,45.95000076293945,0.0,45.95000076293945,45.95000076293945,45.95000076293945,0.0,0
2023-05-26,29.303977966308594,0.0,46.189998626708984,0.0,46.189998626708984,46.189998626708984,46.189998626708984,0.0,0
2023-05-30,29.151714324951172,0.0,45.95000076293945,0.0,45.95000076293945,45.95000076293945,45.95000076293945,0.0,0
2023-05-31,28.847192764282227,0.0,45.470001220703125,0.0,45.470001220703125,45.470001220703125,45.470001220703125,0.0,0
2023-06-01,29.100961685180664,0.0,45.869998931884766,0.0,45.869998931884766,45.869998931884766,45.869998931884766,0.0,0
2023-06-02,29.72269630432129,0.0,46.849998474121094,0.0,46.849998474121094,46.849998474121094,46.849998474121094,0.0,0
2023-06-05,29.487958908081055,0.0,46.47999954223633,0.0,46.47999954223633,46.47999954223633,46.47999954223633,0.0,0
2023-06-06,29.75441551208496,0.0,46.900001525878906,0.0,46.900001525878906,46.900001525878906,46.900001525878906,0.0,0
2023-06-07,29.976465225219727,0.0,47.25,0.0,47.25,47.25,47.25,0.0,0
2023-06-08,30.008188247680664,0.0,47.29999923706055,0.0,47.29999923706055,47.29999923706055,47.29999923706055,0.0,0
2023-06-09,29.938398361206055,0.0,47.189998626708984,0.0,47.189998626708984,47.189998626708984,47.189998626708984,0.0,0
2023-06-12,30.04625129699707,0.0,47.36000061035156,0.0,47.36000061035156,47.36000061035156,47.36000061035156,0.0,0
2023-06-13,30.306365966796875,0.0,47.77000045776367,0.0,47.77000045776367,47.77000045776367,47.77000045776367,0.0,0
2023-06-14,30.097003936767578,0.0,47.439998626708984,0.0,47.439998626708984,47.439998626708984,47.439998626708984,0.0,0
2023-06-15,30.452281951904297,0.0,48.0,0.0,48.0,48.0,48.0,0.0,0
2023-06-16,30.338085174560547,0.0,47.81999969482422,0.0,47.81999969482422,47.81999969482422,47.81999969482422,0.0,0
2023-06-20,30.141416549682617,0.0,47.5099983215332,0.0,47.5099983215332,47.5099983215332,47.5099983215332,0.0,0
2023-06-21,30.160449981689453,0.0,47.540000915527344,0.0,47.540000915527344,47.540000915527344,47.540000915527344,0.0,0
2023-06-22,30.014530181884766,0.0,47.310001373291016,0.0,47.310001373291016,47.310001373291016,47.310001373291016,0.0,0
2023-06-23,29.703662872314453,0.0,46.81999969482422,0.0,46.81999969482422,46.81999969482422,46.81999969482422,0.0,0
2023-06-26,29.83054542541504,0.0,47.02000045776367,0.0,47.02000045776367,47.02000045776367,47.02000045776367,0.0,0
2023-06-27,30.071630477905273,0.0,47.400001525878906,0.0,47.400001525878906,47.400001525878906,47.400001525878906,0.0,0
2023-06-28,30.09066390991211,0.0,47.43000030517578,0.0,47.43000030517578,47.43000030517578,47.43000030517578,0.0,0
2023-06-29,30.274642944335938,0.0,47.720001220703125,0.0,47.720001220703125,47.720001220703125,47.720001220703125,0.0,0
2023-06-30,30.50303840637207,0.0,48.08000183105469,0.0,48.08000183105469,48.08000183105469,48.08000183105469,0.0,0
2023-07-03,30.617231369018555,0.0,48.2599983215332,0.0,48.2599983215332,48.2599983215332,48.2599983215332,0.0,0
2023-07-05,30.401525497436523,0.0,47.91999816894531,0.0,47.91999816894531,47.91999816894531,47.91999816894531,0.0,0
2023-07-06,30.027217864990234,0.0,47.33000183105469,0.0,47.33000183105469,47.33000183105469,47.33000183105469,0.0,0
2023-07-07,30.21120262145996,0.0,47.619998931884766,0.0,47.619998931884766,47.619998931884766,47.619998931884766,0.0,0
2023-07-10,30.477659225463867,0.0,48.040000915527344,0.0,48.040000915527344,48.040000915527344,48.040000915527344,0.0,0
2023-07-11,30.788522720336914,0.0,48.529998779296875,0.0,48.529998779296875,48.529998779296875,48.529998779296875,0.0,0
2023-07-12,30.966167449951172,0.0,48.810001373291016,0.0,48.810001373291016,48.810001373291016,48.810001373291016,0.0,0
2023-07-13,31.13111686706543,0.0,49.06999969482422,0.0,49.06999969482422,49.06999969482422,49.06999969482422,0.0,0
2023-07-14,30.997886657714844,0.0,48.86000061035156,0.0,48.86000061035156,48.86000061035156,48.86000061035156,0.0,0
2023-07-17,31.080358505249023,0.0,48.9900016784668,0.0,48.9900016784668,48.9900016784668,48.9900016784668,0.0,0
2023-07-18,31.372194290161133,0.0,49.45000076293945,0.0,49.45000076293945,49.45000076293945,49.45000076293945,0.0,0
2023-07-19,31.486391067504883,0.0,49.630001068115234,0.0,49.630001068115234,49.630001068115234,49.630001068115234,0.0,0
2023-07-20,31.35315704345703,0.0,49.41999816894531,0.0,49.41999816894531,49.41999816894531,49.41999816894531,0.0,0
2023-07-21,31.296062469482422,0.0,49.33000183105469,0.0,49.33000183105469,49.33000183105469,49.33000183105469,0.0,0
2023-07-24,31.36585235595703,0.0,49.439998626708984,0.0,49.439998626708984,49.439998626708984,49.439998626708984,0.0,0
2023-07-25,31.492734909057617,0.0,49.63999938964844,0.0,49.63999938964844,49.63999938964844,49.63999938964844,0.0,0
2023-07-26,31.49907684326172,0.0,49.650001525878906,0.0,49.650001525878906,49.650001525878906,49.650001525878906,0.0,0
2023-07-27,31.372194290161133,0.0,49.45000076293945,0.0,49.45000076293945,49.45000076293945,49.45000076293945,0.0,0
2023-07-28,31.587900161743164,0.0,49.790000915527344,0.0,49.790000915527344,49.790000915527344,49.790000915527344,0.0,0
2023-07-31,31.66402816772461,0.0,49.90999984741211,0.0,49.90999984741211,49.90999984741211,49.90999984741211,0.0,0
2023-08-01,31.57520866394043,0.0,49.77000045776367,0.0,49.77000045776367,49.77000045776367,49.77000045776367,0.0,0
2023-08-02,31.251651763916016,0.0,49.2599983215332,0.0,49.2599983215332,49.2599983215332,49.2599983215332,0.0,0
2023-08-03,31.28337287902832,0.0,49.310001373291016,0.0,49.310001373291016,49.310001373291016,49.310001373291016,0.0,0
2023-08-04,31.289716720581055,0.0,49.31999969482422,0.0,49.31999969482422,49.31999969482422,49.31999969482422,0.0,0
2023-08-07,31.49907684326172,0.0,49.650001525878906,0.0,49.650001525878906,49.650001525878906,49.650001525878906,0.0,0
2023-08-08,31.36585235595703,0.0,49.439998626708984,0.0,49.439998626708984,49.439998626708984,49.439998626708984,0.0,0
2023-08-09,31.302410125732422,0.0,49.34000015258789,0.0,49.34000015258789,49.34000015258789,49.34000015258789,0.0,0
2023-08-10,31.270689010620117,0.0,49.290000915527344,0.0,49.290000915527344,49.290000915527344,49.290000915527344,0.0,0
2023-08-11,31.20724105834961,0.0,49.189998626708984,0.0,49.189998626708984,49.189998626708984,49.189998626708984,0.0,0
2023-08-14,31.1691837310791,0.0,49.130001068115234,0.0,49.130001068115234,49.130001068115234,49.130001068115234,0.0,0
2023-08-15,30.83928108215332,0.0,48.61000061035156,0.0,48.61000061035156,48.61000061035156,48.61000061035156,0.0,0
2023-08-16,30.617231369018555,0.0,48.2599983215332,0.0,48.2599983215332,48.2599983215332,48.2599983215332,0.0,0
2023-08-17,30.439592361450195,0.0,47.97999954223633,0.0,47.97999954223633,47.97999954223633,47.97999954223633,0.0,0
2023-08-18,30.477659225463867,0.0,48.040000915527344,0.0,48.040000915527344,48.040000915527344,48.040000915527344,0.0,0
2023-08-21,30.4713134765625,0.0,48.029998779296875,0.0,48.029998779296875,48.029998779296875,48.029998779296875,0.0,0
2023-08-22,30.357118606567383,0.0,47.849998474121094,0.0,47.849998474121094,47.849998474121094,47.849998474121094,0.0,0
2023-08-23,30.50303840637207,0.0,48.08000183105469,0.0,48.08000183105469,48.08000183105469,48.08000183105469,0.0,0
2023-08-24,30.319055557250977,0.0,47.790000915527344,0.0,47.790000915527344,47.790000915527344,47.790000915527344,0.0,0
2023-08-25,30.369808197021484,0.0,47.869998931884766,0.0,47.869998931884766,47.869998931884766,47.869998931884766,0.0,0
2023-08-28,30.642610549926758,0.0,48.29999923706055,0.0,48.29999923706055,48.29999923706055,48.29999923706055,0.0,0
2023-08-29,30.978853225708008,0.0,48.83000183105469,0.0,48.83000183105469,48.83000183105469,48.83000183105469,0.0,0
2023-08-30,31.010574340820312,0.0,48.880001068115234,0.0,48.880001068115234,48.880001068115234,48.880001068115234,0.0,0
2023-08-31,30.997886657714844,0.0,48.86000061035156,0.0,48.86000061035156,48.86000061035156,48.86000061035156,0.0,0
2023-09-01,31.20724105834961,0.0,49.189998626708984,0.0,49.189998626708984,49.189998626708984,49.189998626708984,0.0,0
2023-09-05,30.83293342590332,0.0,48.599998474121094,0.0,48.599998474121094,48.599998474121094,48.599998474121094,0.0,0
2023-09-06,30.756807327270508,0.0,48.47999954223633,0.0,48.47999954223633,48.47999954223633,48.47999954223633,0.0,0
2023-09-07,30.560134887695312,0.0,48.16999816894531,0.0,48.16999816894531,48.16999816894531,48.16999816894531,0.0,0
2023-09-08,30.638376235961914,0.0,41.900001525878906,6.377,41.900001525878906,41.900001525878906,41.900001525878906,0.0,0
2023-09-11,30.645687103271484,0.0,41.90999984741211,0.0,41.90999984741211,41.90999984741211,41.90999984741211,0.0,0
2023-09-12,30.71880531311035,0.0,42.0099983215332,0.0,42.0099983215332,42.0099983215332,42.0099983215332,0.0,0
2023-09-13,30.638376235961914,0.0,41.900001525878906,0.0,41.900001525878906,41.900001525878906,41.900001525878906,0.0,0
2023-09-14,30.93086814880371,0.0,42.29999923706055,0.0,42.29999923706055,42.29999923706055,42.29999923706055,0.0,0
2023-09-15,30.762683868408203,0.0,42.06999969482422,0.0,42.06999969482422,42.06999969482422,42.06999969482422,0.0,0
2023-09-18,30.711502075195312,0.0,42.0,0.0,42.0,42.0,42.0,0.0,0
2023-09-19,30.631059646606445,0.0,41.88999938964844,0.0,41.88999938964844,41.88999938964844,41.88999938964844,0.0,0
2023-09-20,30.550626754760742,0.0,41.779998779296875,0.0,41.779998779296875,41.779998779296875,41.779998779296875,0.0,0
2023-09-21,30.272764205932617,0.0,41.400001525878906,0.0,41.400001525878906,41.400001525878906,41.400001525878906,0.0,0
2023-09-22,30.272764205932617,0.0,41.400001525878906,0.0,41.400001525878906,41.400001525878906,41.400001525878906,0.0,0
2023-09-25,30.39707374572754,0.0,41.56999969482422,0.0,41.56999969482422,41.56999969482422,41.56999969482422,0.0,0
2023-09-26,30.038772583007812,0.0,41.08000183105469,0.0,41.08000183105469,41.08000183105469,41.08000183105469,0.0,0
2023-09-27,30.148454666137695,0.0,41.22999954223633,0.0,41.22999954223633,41.22999954223633,41.22999954223633,0.0,0
2023-09-28,30.34588623046875,0.0,41.5,0.0,41.5,41.5,41.5,0.0,0
2023-09-29,30.250823974609375,0.0,41.369998931884766,0.0,41.369998931884766,41.369998931884766,41.369998931884766,0.0,0
2023-10-02,29.921775817871094,0.0,40.91999816894531,0.0,40.91999816894531,40.91999816894531,40.91999816894531,0.0,0
2023-10-03,29.50497817993164,0.0,40.349998474121094,0.0,40.349998474121094,40.349998474121094,40.349998474121094,0.0,0
2023-10-04,29.475727081298828,0.0,40.310001373291016,0.0,40.310001373291016,40.310001373291016,40.310001373291016,0.0,0
2023-10-05,29.592723846435547,0.0,40.470001220703125,0.0,40.470001220703125,40.470001220703125,40.470001220703125,0.0,0
2023-10-06,29.907150268554688,0.0,40.900001525878906,0.0,40.900001525878906,40.900001525878906,40.900001525878906,0.0,0
2023-10-09,30.08995819091797,0.0,41.150001525878906,0.0,41.150001525878906,41.150001525878906,41.150001525878906,0.0,0
2023-10-10,30.34588623046875,0.0,41.5,0.0,41.5,41.5,41.5,0.0,0
2023-10-11,30.353195190429688,0.0,41.5099983215332,0.0,41.5099983215332,41.5099983215332,41.5099983215332,0.0,0
2023-10-12,30.097265243530273,0.0,41.15999984741211,0.0,41.15999984741211,41.15999984741211,41.15999984741211,0.0,0
2023-10-13,29.96565055847168,0.0,40.97999954223633,0.0,40.97999954223633,40.97999954223633,40.97999954223633,0.0,0
2023-10-16,30.272764205932617,0.0,41.400001525878906,0.0,41.400001525878906,41.400001525878906,41.400001525878906,0.0,0
2023-10-17,30.4555721282959,0.0,41.650001525878906,0.0,41.650001525878906,41.650001525878906,41.650001525878906,0.0,0
2023-10-18,30.068017959594727,0.0,41.119998931884766,0.0,41.119998931884766,41.119998931884766,41.119998931884766,0.0,0
2023-10-19,29.775529861450195,0.0,40.720001220703125,0.0,40.720001220703125,40.720001220703125,40.720001220703125,0.0,0
2023-10-20,29.497663497924805,0.0,40.34000015258789,0.0,40.34000015258789,40.34000015258789,40.34000015258789,0.0,0
2023-10-23,29.32948112487793,0.0,40.11000061035156,0.0,40.11000061035156,40.11000061035156,40.11000061035156,0.0,0
2023-10-24,29.402605056762695,0.0,40.209999084472656,0.0,40.209999084472656,40.209999084472656,40.209999084472656,0.0,0
2023-10-25,29.18323516845703,0.0,39.90999984741211,0.0,39.90999984741211,39.90999984741211,39.90999984741211,0.0,0
2023-10-26,29.21248435974121,0.0,39.95000076293945,0.0,39.95000076293945,39.95000076293945,39.95000076293945,0.0,0
2023-10-27,29.007740020751953,0.0,39.66999816894531,0.0,39.66999816894531,39.66999816894531,39.66999816894531,0.0,0
2023-10-30,29.234420776367188,0.0,39.97999954223633,0.0,39.97999954223633,39.97999954223633,39.97999954223633,0.0,0
2023-10-31,29.387981414794922,0.0,40.189998626708984,0.0,40.189998626708984,40.189998626708984,40.189998626708984,0.0,0
2023-11-01,29.534223556518555,0.0,40.38999938964844,0.0,40.38999938964844,40.38999938964844,40.38999938964844,0.0,0
2023-11-02,30.04608154296875,0.0,41.09000015258789,0.0,41.09000015258789,41.09000015258789,41.09000015258789,0.0,0
2023-11-03,30.484821319580078,0.0,41.689998626708984,0.0,41.689998626708984,41.689998626708984,41.689998626708984,0.0,0
2023-11-06,30.309324264526367,0.0,41.45000076293945,0.0,41.45000076293945,41.45000076293945,41.45000076293945,0.0,0
2023-11-07,30.14113998413086,0.0,41.220001220703125,0.0,41.220001220703125,41.220001220703125,41.220001220703125,0.0,0
2023-11-08,29.96565055847168,0.0,40.97999954223633,0.0,40.97999954223633,40.97999954223633,40.97999954223633,0.0,0
2023-11-09,29.85596466064453,0.0,40.83000183105469,0.0,40.83000183105469,40.83000183105469,40.83000183105469,0.0,0
2023-11-10,30.12651824951172,0.0,41.20000076293945,0.0,41.20000076293945,41.20000076293945,41.20000076293945,0.0,0
2023-11-13,30.14113998413086,0.0,41.220001220703125,0.0,41.220001220703125,41.220001220703125,41.220001220703125,0.0,0
2023-11-14,30.952804565429688,0.0,42.33000183105469,0.0,42.33000183105469,42.33000183105469,42.33000183105469,0.0,0
2023-11-15,30.99667739868164,0.0,42.38999938964844,0.0,42.38999938964844,42.38999938964844,42.38999938964844,0.0,0
2023-11-16,30.791933059692383,0.0,42.11000061035156,0.0,42.11000061035156,42.11000061035156,42.11000061035156,0.0,0
2023-11-17,31.069801330566406,0.0,42.4900016784668,0.0,42.4900016784668,42.4900016784668,42.4900016784668,0.0,0
2023-11-20,31.164857864379883,0.0,42.619998931884766,0.0,42.619998931884766,42.619998931884766,42.619998931884766,0.0,0
2023-11-21,31.069801330566406,0.0,42.4900016784668,0.0,42.4900016784668,42.4900016784668,42.4900016784668,0.0,0
2023-11-22,31.17217254638672,0.0,42.630001068115234,0.0,42.630001068115234,42.630001068115234,42.630001068115234,0.0,0
2023-11-24,31.34766387939453,0.0,42.869998931884766,0.0,42.869998931884766,42.869998931884766,42.869998931884766,0.0,0
2023-11-27,31.289165496826172,0.0,42.790000915527344,0.0,42.790000915527344,42.790000915527344,42.790000915527344,0.0,0
2023-11-28,31.216045379638672,0.0,42.689998626708984,0.0,42.689998626708984,42.689998626708984,42.689998626708984,0.0,0
2023-11-29,31.201417922973633,0.0,42.66999816894531,0.0,42.66999816894531,42.66999816894531,42.66999816894531,0.0,0
2023-11-30,31.325727462768555,0.0,42.84000015258789,0.0,42.84000015258789,42.84000015258789,42.84000015258789,0.0,0
2023-12-01,31.779088973999023,0.0,43.459999084472656,0.0,43.459999084472656,43.459999084472656,43.459999084472656,0.0,0
2023-12-04,31.793710708618164,0.0,43.47999954223633,0.0,43.47999954223633,43.47999954223633,43.47999954223633,0.0,0
2023-12-05,31.515844345092773,0.0,43.099998474121094,0.0,43.099998474121094,43.099998474121094,43.099998474121094,0.0,0
2023-12-06,31.545095443725586,0.0,43.13999938964844,0.0,43.13999938964844,43.13999938964844,43.13999938964844,0.0,0
2023-12-07,31.720590591430664,0.0,43.380001068115234,0.0,43.380001068115234,43.380001068115234,43.380001068115234,0.0,0
2023-12-08,31.859806060791016,0.0,41.880001068115234,1.683,41.880001068115234,41.880001068115234,41.880001068115234,0.0,0
2023-12-11,32.072811126708984,0.0,42.15999984741211,0.0,42.15999984741211,42.15999984741211,42.15999984741211,0.0,0
2023-12-12,32.049991607666016,0.0,42.130001068115234,0.0,42.130001068115234,42.130001068115234,42.130001068115234,0.0,0
2023-12-13,32.59772491455078,0.0,42.849998474121094,0.0,42.849998474121094,42.849998474121094,42.849998474121094,0.0,0
2023-12-14,33.160667419433594,0.0,43.59000015258789,0.0,43.59000015258789,43.59000015258789,43.59000015258789,0.0,0
2023-12-15,32.93244934082031,0.0,43.290000915527344,0.0,43.290000915527344,43.290000915527344,43.290000915527344,0.0,0
2023-12-18,32.894412994384766,0.0,43.2400016784668,0.0,43.2400016784668,43.2400016784668,43.2400016784668,0.0,0
2023-12-19,33.168277740478516,0.0,43.599998474121094,0.0,43.599998474121094,43.599998474121094,43.599998474121094,0.0,0
2023-12-20,32.79551315307617,0.0,43.11000061035156,0.0,43.11000061035156,43.11000061035156,43.11000061035156,0.0,0
2023-12-21,33.20631408691406,0.0,43.650001525878906,0.0,43.650001525878906,43.650001525878906,43.650001525878906,0.0,0
2023-12-22,33.32803726196289,0.0,43.810001373291016,0.0,43.810001373291016,43.810001373291016,43.810001373291016,0.0,0
2023-12-26,33.52582550048828,0.0,44.06999969482422,0.0,44.06999969482422,44.06999969482422,44.06999969482422,0.0,0
2023-12-27,33.63993835449219,0.0,44.220001220703125,0.0,44.220001220703125,44.220001220703125,44.220001220703125,0.0,0
2023-12-28,33.647544860839844,0.0,44.22999954223633,0.0,44.22999954223633,44.22999954223633,44.22999954223633,0.0,0
2023-12-29,33.52582550048828,0.0,44.06999969482422,0.0,44.06999969482422,44.06999969482422,44.06999969482422,0.0,0
2024-01-02,33.39649963378906,0.0,43.900001525878906,0.0,43.900001525878906,43.900001525878906,43.900001525878906,0.0,0
2024-01-03,32.98570251464844,0.0,43.36000061035156,0.0,43.36000061035156,43.36000061035156,43.36000061035156,0.0,0
2024-01-04,33.00851821899414,0.0,43.38999938964844,0.0,43.38999938964844,43.38999938964844,43.38999938964844,0.0,0
2024-01-05,33.023738861083984,0.0,43.40999984741211,0.0,43.40999984741211,43.40999984741211,43.40999984741211,0.0,0
2024-01-08,33.297603607177734,0.0,43.77000045776367,0.0,43.77000045776367,43.77000045776367,43.77000045776367,0.0,0
2024-01-09,33.107421875,0.0,43.52000045776367,0.0,43.52000045776367,43.52000045776367,43.52000045776367,0.0,0
2024-01-10,33.160667419433594,0.0,43.59000015258789,0.0,43.59000015258789,43.59000015258789,43.59000015258789,0.0,0
2024-01-11,33.09980773925781,0.0,43.5099983215332,0.0,43.5099983215332,43.5099983215332,43.5099983215332,0.0,0
2024-01-12,33.06938552856445,0.0,43.470001220703125,0.0,43.470001220703125,43.470001220703125,43.470001220703125,0.0,0
2024-01-16,32.75748062133789,0.0,43.060001373291016,0.0,43.060001373291016,43.060001373291016,43.060001373291016,0.0,0
2024-01-17,32.49882507324219,0.0,42.720001220703125,0.0,42.720001220703125,42.720001220703125,42.720001220703125,0.0,0
2024-01-18,32.68901443481445,0.0,42.970001220703125,0.0,42.970001220703125,42.970001220703125,42.970001220703125,0.0,0
2024-01-19,32.886802673339844,0.0,43.22999954223633,0.0,43.22999954223633,43.22999954223633,43.22999954223633,0.0,0
2024-01-22,33.160667419433594,0.0,43.59000015258789,0.0,43.59000015258789,43.59000015258789,43.59000015258789,0.0,0
2024-01-23,33.107421875,0.0,43.52000045776367,0.0,43.52000045776367,43.52000045776367,43.52000045776367,0.0,0
2024-01-24,33.13785171508789,0.0,43.560001373291016,0.0,43.560001373291016,43.560001373291016,43.560001373291016,0.0,0
2024-01-25,33.26716995239258,0.0,43.72999954223633,0.0,43.72999954223633,43.72999954223633,43.72999954223633,0.0,0
2024-01-26,33.358463287353516,0.0,43.849998474121094,0.0,43.849998474121094,43.849998474121094,43.849998474121094,0.0,0
2024-01-29,33.53343200683594,0.0,44.08000183105469,0.0,44.08000183105469,44.08000183105469,44.08000183105469,0.0,0
2024-01-30,33.601898193359375,0.0,44.16999816894531,0.0,44.16999816894531,44.16999816894531,44.16999816894531,0.0,0
2024-01-31,33.213924407958984,0.0,43.65999984741211,0.0,43.65999984741211,43.65999984741211,43.65999984741211,0.0,0
2024-02-01,33.47257614135742,0.0,44.0,0.0,44.0,44.0,44.0,0.0,0
2024-02-02,33.3432502746582,0.0,43.83000183105469,0.0,43.83000183105469,43.83000183105469,43.83000183105469,0.0,0
2024-02-05,33.00851821899414,0.0,43.38999938964844,0.0,43.38999938964844,43.38999938964844,43.38999938964844,0.0,0
2024-02-06,33.19110107421875,0.0,43.630001068115234,0.0,43.630001068115234,43.630001068115234,43.630001068115234,0.0,0
2024-02-07,33.213924407958984,0.0,43.65999984741211,0.0,43.65999984741211,43.65999984741211,43.65999984741211,0.0,0
2024-02-08,33.32803726196289,0.0,43.810001373291016,0.0,43.810001373291016,43.810001373291016,43.810001373291016,0.0,0
2024-02-09,33.457359313964844,0.0,43.97999954223633,0.0,43.97999954223633,43.97999954223633,43.97999954223633,0.0,0
2024-02-12,33.761653900146484,0.0,44.380001068115234,0.0,44.380001068115234,44.380001068115234,44.380001068115234,0.0,0
2024-02-13,33.14545822143555,0.0,43.56999969482422,0.0,43.56999969482422,43.56999969482422,43.56999969482422,0.0,0
2024-02-14,33.51822280883789,0.0,44.060001373291016,0.0,44.060001373291016,44.060001373291016,44.060001373291016,0.0,0
2024-02-15,33.97466278076172,0.0,44.65999984741211,0.0,44.65999984741211,44.65999984741211,44.65999984741211,0.0,0
2024-02-16,33.95184326171875,0.0,44.630001068115234,0.0,44.630001068115234,44.630001068115234,44.630001068115234,0.0,0
2024-02-20,33.921409606933594,0.0,44.59000015258789,0.0,44.59000015258789,44.59000015258789,44.59000015258789,0.0,0
2024-02-21,34.043128967285156,0.0,44.75,0.0,44.75,44.75,44.75,0.0,0
2024-02-22,34.362640380859375,0.0,45.16999816894531,0.0,45.16999816894531,45.16999816894531,45.16999816894531,0.0,0
2024-02-23,34.469146728515625,0.0,45.310001373291016,0.0,45.310001373291016,45.310001373291016,45.310001373291016,0.0,0
2024-02-26,34.4158935546875,0.0,45.2400016784668,0.0,45.2400016784668,45.2400016784668,45.2400016784668,0.0,0
2024-02-27,34.54521942138672,0.0,45.40999984741211,0.0,45.40999984741211,45.40999984741211,45.40999984741211,0.0,0
2024-02-28,34.45392990112305,0.0,45.290000915527344,0.0,45.290000915527344,45.290000915527344,45.290000915527344,0.0,0
2024-02-29,34.659332275390625,0.0,45.560001373291016,0.0,45.560001373291016,45.560001373291016,45.560001373291016,0.0,0
2024-03-01,34.91798400878906,0.0,45.900001525878906,0.0,45.900001525878906,45.900001525878906,45.900001525878906,0.0,0
2024-03-04,34.963626861572266,0.0,45.959999084472656,0.0,45.959999084472656,45.959999084472656,45.959999084472656,0.0,0
2024-03-05,34.88755416870117,0.0,45.86000061035156,0.0,45.86000061035156,45.86000061035156,45.86000061035156,0.0,0
2024-03-06,35.03208923339844,0.0,46.04999923706055,0.0,46.04999923706055,46.04999923706055,46.04999923706055,0.0,0
2024-03-07,35.2983512878418,0.0,46.400001525878906,0.0,46.400001525878906,46.400001525878906,46.400001525878906,0.0,0
2024-03-08,35.21467208862305,0.0,46.290000915527344,0.0,46.290000915527344,46.290000915527344,46.290000915527344,0.0,0
2024-03-11,35.077735900878906,0.0,46.11000061035156,0.0,46.11000061035156,46.11000061035156,46.11000061035156,0.0,0
2024-03-12,35.237491607666016,0.0,46.31999969482422,0.0,46.31999969482422,46.31999969482422,46.31999969482422,0.0,0
2024-03-13,35.28313446044922,0.0,46.380001068115234,0.0,46.380001068115234,46.380001068115234,46.380001068115234,0.0,0
2024-03-14,35.05491638183594,0.0,46.08000183105469,0.0,46.08000183105469,46.08000183105469,46.08000183105469,0.0,0
2024-03-15,35.077735900878906,0.0,46.11000061035156,0.0,46.11000061035156,46.11000061035156,46.11000061035156,0.0,0
2024-03-18,35.077735900878906,0.0,46.11000061035156,0.0,46.11000061035156,46.11000061035156,46.11000061035156,0.0,0
2024-03-19,35.26031494140625,0.0,46.349998474121094,0.0,46.349998474121094,46.349998474121094,46.349998474121094,0.0,0
2024-03-20,35.66350555419922,0.0,46.880001068115234,0.0,46.880001068115234,46.880001068115234,46.880001068115234,0.0,0
2024-03-21,35.884117126464844,0.0,47.16999816894531,0.0,47.16999816894531,47.16999816894531,47.16999816894531,0.0,0
2024-03-22,35.66350555419922,0.0,46.880001068115234,0.0,46.880001068115234,46.880001068115234,46.880001068115234,0.0,0
2024-03-25,35.66350555419922,0.0,46.880001068115234,0.0,46.880001068115234,46.880001068115234,46.880001068115234,0.0,0
2024-03-26,35.78522491455078,0.0,47.040000915527344,0.0,47.040000915527344,47.040000915527344,47.040000915527344,0.0,0
2024-03-27,36.20363235473633,0.0,47.59000015258789,0.0,47.59000015258789,47.59000015258789,47.59000015258789,0.0,0
2024-03-28,36.31013870239258,0.0,47.72999954223633,0.0,47.72999954223633,47.72999954223633,47.72999954223633,0.0,0
2024-04-01,36.127559661865234,0.0,47.4900016784668,0.0,47.4900016784668,47.4900016784668,47.4900016784668,0.0,0
2024-04-02,35.80044174194336,0.0,47.060001373291016,0.0,47.060001373291016,47.060001373291016,47.060001373291016,0.0,0
2024-04-03,35.990623474121094,0.0,47.310001373291016,0.0,47.310001373291016,47.310001373291016,47.310001373291016,0.0,0
2024-04-04,35.66350555419922,0.0,46.880001068115234,0.0,46.880001068115234,46.880001068115234,46.880001068115234,0.0,0
2024-04-05,35.86130142211914,0.0,47.13999938964844,0.0,47.13999938964844,47.13999938964844,47.13999938964844,0.0,0
2024-04-08,35.967803955078125,0.0,47.279998779296875,0.0,47.279998779296875,47.279998779296875,47.279998779296875,0.0,0
2024-04-09,35.967803955078125,0.0,47.279998779296875,0.0,47.279998779296875,47.279998779296875,47.279998779296875,0.0,0
2024-04-10,35.49614334106445,0.0,46.65999984741211,0.0,46.65999984741211,46.65999984741211,46.65999984741211,0.0,0
2024-04-11,35.44289016723633,0.0,46.59000015258789,0.0,46.59000015258789,46.59000015258789,46.59000015258789,0.0,0
2024-04-12,34.94080352783203,0.0,45.93000030517578,0.0,45.93000030517578,45.93000030517578,45.93000030517578,0.0,0
2024-04-15,34.712581634521484,0.0,45.630001068115234,0.0,45.630001068115234,45.630001068115234,45.630001068115234,0.0,0
2024-04-16,34.552825927734375,0.0,45.41999816894531,0.0,45.41999816894531,45.41999816894531,45.41999816894531,0.0,0
2024-04-17,34.44632339477539,0.0,45.279998779296875,0.0,45.279998779296875,45.279998779296875,45.279998779296875,0.0,0
2024-04-18,34.522396087646484,0.0,45.380001068115234,0.0,45.380001068115234,45.380001068115234,45.380001068115234,0.0,0
2024-04-19,34.613685607910156,0.0,45.5,0.0,45.5,45.5,45.5,0.0,0
2024-04-22,34.963626861572266,0.0,45.959999084472656,0.0,45.959999084472656,45.959999084472656,45.959999084472656,0.0,0
2024-04-23,35.336387634277344,0.0,46.45000076293945,0.0,46.45000076293945,46.45000076293945,46.45000076293945,0.0,0
2024-04-24,35.38203430175781,0.0,46.5099983215332,0.0,46.5099983215332,46.5099983215332,46.5099983215332,0.0,0
2024-04-25,35.25270462036133,0.0,46.34000015258789,0.0,46.34000015258789,46.34000015258789,46.34000015258789,0.0,0
2024-04-26,35.39724349975586,0.0,46.529998779296875,0.0,46.529998779296875,46.529998779296875,46.529998779296875,0.0,0
2024-04-29,35.6026496887207,0.0,46.79999923706055,0.0,46.79999923706055,46.79999923706055,46.79999923706055,0.0,0
2024-04-30,35.10055923461914,0.0,46.13999938964844,0.0,46.13999938964844,46.13999938964844,46.13999938964844,0.0,0
2024-05-01,34.933197021484375,0.0,45.91999816894531,0.0,45.91999816894531,45.91999816894531,45.91999816894531,0.0,0
2024-05-02,35.336387634277344,0.0,46.45000076293945,0.0,46.45000076293945,46.45000076293945,46.45000076293945,0.0,0
2024-05-03,35.61025619506836,0.0,46.810001373291016,0.0,46.810001373291016,46.810001373291016,46.810001373291016,0.0,0
2024-05-06,35.990623474121094,0.0,47.310001373291016,0.0,47.310001373291016,47.310001373291016,47.310001373291016,0.0,0
2024-05-07,36.03627014160156,0.0,47.369998931884766,0.0,47.369998931884766,47.369998931884766,47.369998931884766,0.0,0
2024-05-08,36.09712600708008,0.0,47.45000076293945,0.0,47.45000076293945,47.45000076293945,47.45000076293945,0.0,0
2024-05-09,36.27970504760742,0.0,47.689998626708984,0.0,47.689998626708984,47.689998626708984,47.689998626708984,0.0,0
2024-05-10,36.34817123413086,0.0,47.779998779296875,0.0,47.779998779296875,47.779998779296875,47.779998779296875,0.0,0
2024-05-13,36.33295440673828,0.0,47.7599983215332,0.0,47.7599983215332,47.7599983215332,47.7599983215332,0.0,0
2024-05-14,36.507930755615234,0.0,47.9900016784668,0.0,47.9900016784668,47.9900016784668,47.9900016784668,0.0,0
2024-05-15,36.80461502075195,0.0,48.380001068115234,0.0,48.380001068115234,48.380001068115234,48.380001068115234,0.0,0
2024-05-16,36.63725662231445,0.0,48.15999984741211,0.0,48.15999984741211,48.15999984741211,48.15999984741211,0.0,0
2024-05-17,36.67529296875,0.0,48.209999084472656,0.0,48.209999084472656,48.209999084472656,48.209999084472656,0.0,0
2024-05-20,36.70572280883789,0.0,48.25,0.0,48.25,48.25,48.25,0.0,0
2024-05-21,36.6068229675293,0.0,48.119998931884766,0.0,48.119998931884766,48.119998931884766,48.119998931884766,0.0,0
2024-05-22,36.42424774169922,0.0,47.880001068115234,0.0,47.880001068115234,47.880001068115234,47.880001068115234,0.0,0
2024-05-23,36.112342834472656,0.0,47.470001220703125,0.0,47.470001220703125,47.470001220703125,47.470001220703125,0.0,0
2024-05-24,36.370994567871094,0.0,47.810001373291016,0.0,47.810001373291016,47.810001373291016,47.810001373291016,0.0,0
2024-05-28,36.264488220214844,0.0,47.66999816894531,0.0,47.66999816894531,47.66999816894531,47.66999816894531,0.0,0
2024-05-29,35.78522491455078,0.0,47.040000915527344,0.0,47.040000915527344,47.040000915527344,47.040000915527344,0.0,0
2024-05-30,36.07430648803711,0.0,47.41999816894531,0.0,47.41999816894531,47.41999816894531,47.41999816894531,0.0,0
2024-05-31,36.454673767089844,0.0,47.91999816894531,0.0,47.91999816894531,47.91999816894531,47.91999816894531,0.0,0
2024-06-03,36.28731155395508,0.0,47.70000076293945,0.0,47.70000076293945,47.70000076293945,47.70000076293945,0.0,0
2024-06-04,35.8689079284668,0.0,47.150001525878906,0.0,47.150001525878906,47.150001525878906,47.150001525878906,0.0,0
2024-06-05,36.08952331542969,0.0,47.439998626708984,0.0,47.439998626708984,47.439998626708984,47.439998626708984,0.0,0
2024-06-06,35.998233795166016,0.0,47.31999969482422,0.0,47.31999969482422,47.31999969482422,47.31999969482422,0.0,0
2024-06-07,35.80044174194336,0.0,47.060001373291016,0.0,47.060001373291016,47.060001373291016,47.060001373291016,0.0,0
2024-06-10,35.87651062011719,0.0,47.15999984741211,0.0,47.15999984741211,47.15999984741211,47.15999984741211,0.0,0
2024-06-11,35.61785888671875,0.0,46.81999969482422,0.0,46.81999969482422,46.81999969482422,46.81999969482422,0.0,0
2024-06-12,35.94498062133789,0.0,47.25,0.0,47.25,47.25,47.25,0.0,0
2024-06-13,35.65589904785156,0.0,46.869998931884766,0.0,46.869998931884766,46.869998931884766,46.869998931884766,0.0,0
2024-06-14,35.2983512878418,0.0,46.400001525878906,0.0,46.400001525878906,46.400001525878906,46.400001525878906,0.0,0
2024-06-17,35.54939270019531,0.0,46.72999954223633,0.0,46.72999954223633,46.72999954223633,46.72999954223633,0.0,0
2024-06-18,35.67111587524414,0.0,46.88999938964844,0.0,46.88999938964844,46.88999938964844,46.88999938964844,0.0,0
2024-06-20,35.716758728027344,0.0,46.95000076293945,0.0,46.95000076293945,46.95000076293945,46.95000076293945,0.0,0
2024-06-21,35.64068603515625,0.0,46.849998474121094,0.0,46.849998474121094,46.849998474121094,46.849998474121094,0.0,0
2024-06-24,35.914546966552734,0.0,47.209999084472656,0.0,47.209999084472656,47.209999084472656,47.209999084472656,0.0,0
2024-06-25,35.63307571411133,0.0,46.84000015258789,0.0,46.84000015258789,46.84000015258789,46.84000015258789,0.0,0
2024-06-26,35.43528747558594,0.0,46.58000183105469,0.0,46.58000183105469,46.58000183105469,46.58000183105469,0.0,0
2024-06-27,35.450496673583984,0.0,46.599998474121094,0.0,46.599998474121094,46.599998474121094,46.599998474121094,0.0,0
2024-06-28,35.61025619506836,0.0,46.810001373291016,0.0,46.810001373291016,46.810001373291016,46.810001373291016,0.0,0
2024-07-01,35.44289016723633,0.0,46.59000015258789,0.0,46.59000015258789,46.59000015258789,46.59000015258789,0.0,0
2024-07-02,35.564613342285156,0.0,46.75,0.0,46.75,46.75,46.75,0.0,0
2024-07-03,35.66350555419922,0.0,46.880001068115234,0.0,46.880001068115234,46.880001068115234,46.880001068115234,0.0,0
2024-07-05,35.54939270019531,0.0,46.72999954223633,0.0,46.72999954223633,46.72999954223633,46.72999954223633,0.0,0
2024-07-08,35.61025619506836,0.0,46.810001373291016,0.0,46.810001373291016,46.810001373291016,46.810001373291016,0.0,0
2024-07-09,35.3896369934082,0.0,46.52000045776367,0.0,46.52000045776367,46.52000045776367,46.52000045776367,0.0,0
2024-07-10,35.724361419677734,0.0,46.959999084472656,0.0,46.959999084472656,46.959999084472656,46.959999084472656,0.0,0
2024-07-11,36.33295440673828,0.0,47.7599983215332,0.0,47.7599983215332,47.7599983215332,47.7599983215332,0.0,0
2024-07-12,36.599220275878906,0.0,48.11000061035156,0.0,48.11000061035156,48.11000061035156,48.11000061035156,0.0,0
2024-07-15,36.77418518066406,0.0,48.34000015258789,0.0,48.34000015258789,48.34000015258789,48.34000015258789,0.0,0
2024-07-16,37.4132080078125,0.0,49.18000030517578,0.0,49.18000030517578,49.18000030517578,49.18000030517578,0.0,0
2024-07-17,37.23063278198242,0.0,48.939998626708984,0.0,48.939998626708984,48.939998626708984,48.939998626708984,0.0,0
2024-07-18,36.873085021972656,0.0,48.470001220703125,0.0,48.470001220703125,48.470001220703125,48.470001220703125,0.0,0
2024-07-19,36.5307502746582,0.0,48.02000045776367,0.0,48.02000045776367,48.02000045776367,48.02000045776367,0.0,0
2024-07-22,36.8426513671875,0.0,48.43000030517578,0.0,48.43000030517578,48.43000030517578,48.43000030517578,0.0,0
2024-07-23,36.81983184814453,0.0,48.400001525878906,0.0,48.400001525878906,48.400001525878906,48.400001525878906,0.0,0
2024-07-24,36.39381408691406,0.0,47.84000015258789,0.0,47.84000015258789,47.84000015258789,47.84000015258789,0.0,0
2024-07-25,36.5307502746582,0.0,48.02000045776367,0.0,48.02000045776367,48.02000045776367,48.02000045776367,0.0,0
2024-07-26,37.01762771606445,0.0,48.65999984741211,0.0,48.65999984741211,48.65999984741211,48.65999984741211,0.0,0
2024-07-29,36.94155502319336,0.0,48.560001373291016,0.0,48.560001373291016,48.560001373291016,48.560001373291016,0.0,0
2024-07-30,37.07848358154297,0.0,48.7400016784668,0.0,48.7400016784668,48.7400016784668,48.7400016784668,0.0,0
2024-07-31,37.44363784790039,0.0,49.220001220703125,0.0,49.220001220703125,49.220001220703125,49.220001220703125,0.0,0
2024-08-01,36.61443328857422,0.0,48.130001068115234,0.0,48.130001068115234,48.130001068115234,48.130001068115234,0.0,0
2024-08-02,35.63307571411133,0.0,46.84000015258789,0.0,46.84000015258789,46.84000015258789,46.84000015258789,0.0,0
2024-08-05,34.62129592895508,0.0,45.5099983215332,0.0,45.5099983215332,45.5099983215332,45.5099983215332,0.0,0
2024-08-06,34.826690673828125,0.0,45.779998779296875,0.0,45.779998779296875,45.779998779296875,45.779998779296875,0.0,0
2024-08-07,34.659332275390625,0.0,45.560001373291016,0.0,45.560001373291016,45.560001373291016,45.560001373291016,0.0,0
2024-08-08,35.207061767578125,0.0,46.279998779296875,0.0,46.279998779296875,46.279998779296875,46.279998779296875,0.0,0
2024-08-09,35.336387634277344,0.0,46.45000076293945,0.0,46.45000076293945,46.45000076293945,46.45000076293945,0.0,0
2024-08-12,35.2222785949707,0.0,46.29999923706055,0.0,46.29999923706055,46.29999923706055,46.29999923706055,0.0,0
2024-08-13,35.716758728027344,0.0,46.95000076293945,0.0,46.95000076293945,46.95000076293945,46.95000076293945,0.0,0
2024-08-14,35.80804443359375,0.0,47.06999969482422,0.0,47.06999969482422,47.06999969482422,47.06999969482422,0.0,0
2024-08-15,36.35578155517578,0.0,47.790000915527344,0.0,47.790000915527344,47.790000915527344,47.790000915527344,0.0,0
2024-08-16,36.50032043457031,0.0,47.97999954223633,0.0,47.97999954223633,47.97999954223633,47.97999954223633,0.0,0
2024-08-19,36.789405822753906,0.0,48.36000061035156,0.0,48.36000061035156,48.36000061035156,48.36000061035156,0.0,0
2024-08-20,36.53835678100586,0.0,48.029998779296875,0.0,48.029998779296875,48.029998779296875,48.029998779296875,0.0,0
2024-08-21,36.81222152709961,0.0,48.38999938964844,0.0,48.38999938964844,48.38999938964844,48.38999938964844,0.0,0
2024-08-22,36.63725662231445,0.0,48.15999984741211,0.0,48.15999984741211,48.15999984741211,48.15999984741211,0.0,0
2024-08-23,37.34474563598633,0.0,49.09000015258789,0.0,49.09000015258789,49.09000015258789,49.09000015258789,0.0,0
2024-08-26,37.337135314941406,0.0,49.08000183105469,0.0,49.08000183105469,49.08000183105469,49.08000183105469,0.0,0
2024-08-27,37.276275634765625,0.0,49.0,0.0,49.0,49.0,49.0,0.0,0
2024-08-28,37.16216278076172,0.0,48.849998474121094,0.0,48.849998474121094,48.849998474121094,48.849998474121094,0.0,0
2024-08-29,37.28388595581055,0.0,49.0099983215332,0.0,49.0099983215332,49.0099983215332,49.0099983215332,0.0,0
2024-08-30,37.45124816894531,0.0,49.22999954223633,0.0,49.22999954223633,49.22999954223633,49.22999954223633,0.0,0
2024-09-03,36.80461502075195,0.0,48.380001068115234,0.0,48.380001068115234,48.380001068115234,48.380001068115234,0.0,0
2024-09-04,36.652469635009766,0.0,48.18000030517578,0.0,48.18000030517578,48.18000030517578,48.18000030517578,0.0,0
2024-09-05,36.53835678100586,0.0,48.029998779296875,0.0,48.029998779296875,48.029998779296875,48.029998779296875,0.0,0
2024-09-06,35.92976760864258,0.0,47.22999954223633,0.0,47.22999954223633,47.22999954223633,47.22999954223633,0.0,0
2024-09-09,36.021053314208984,0.0,47.349998474121094,0.0,47.349998474121094,47.349998474121094,47.349998474121094,0.0,0
2024-09-10,35.8689079284668,0.0,47.150001525878906,0.0,47.150001525878906,47.150001525878906,47.150001525878906,0.0,0
2024-09-11,35.906944274902344,0.0,47.20000076293945,0.0,47.20000076293945,47.20000076293945,47.20000076293945,0.0,0
2024-09-12,36.104736328125,0.0,47.459999084472656,0.0,47.459999084472656,47.459999084472656,47.459999084472656,0.0,0
2024-09-13,36.60898971557617,0.0,43.27000045776367,4.786,43.27000045776367,43.27000045776367,43.27000045776367,0.0,0
2024-09-16,36.82050323486328,0.0,43.52000045776367,0.0,43.52000045776367,43.52000045776367,43.52000045776367,0.0,0
2024-09-17,36.9389533996582,0.0,43.65999984741211,0.0,43.65999984741211,43.65999984741211,43.65999984741211,0.0,0
2024-09-18,36.90510559082031,0.0,43.619998931884766,0.0,43.619998931884766,43.619998931884766,43.619998931884766,0.0,0
2024-09-19,37.5142707824707,0.0,44.34000015258789,0.0,44.34000015258789,44.34000015258789,44.34000015258789,0.0,0
2024-09-20,37.2181510925293,0.0,43.9900016784668,0.0,43.9900016784668,43.9900016784668,43.9900016784668,0.0,0
2024-09-23,37.3281364440918,0.0,44.119998931884766,0.0,44.119998931884766,44.119998931884766,44.119998931884766,0.0,0
2024-09-24,37.378902435302734,0.0,44.18000030517578,0.0,44.18000030517578,44.18000030517578,44.18000030517578,0.0,0
2024-09-25,37.03201675415039,0.0,43.77000045776367,0.0,43.77000045776367,43.77000045776367,43.77000045776367,0.0,0
2024-09-26,37.5142707824707,0.0,44.34000015258789,0.0,44.34000015258789,44.34000015258789,44.34000015258789,0.0,0
2024-09-27,37.60734176635742,0.0,44.45000076293945,0.0,44.45000076293945,44.45000076293945,44.45000076293945,0.0,0
2024-09-30,37.59041976928711,0.0,44.43000030517578,0.0,44.43000030517578,44.43000030517578,44.43000030517578,0.0,0
2024-10-01,37.29429626464844,0.0,44.08000183105469,0.0,44.08000183105469,44.08000183105469,44.08000183105469,0.0,0
2024-10-02,37.243534088134766,0.0,44.02000045776367,0.0,44.02000045776367,44.02000045776367,44.02000045776367,0.0,0
2024-10-03,37.08278274536133,0.0,43.83000183105469,0.0,43.83000183105469,43.83000183105469,43.83000183105469,0.0,0
2024-10-04,37.53119659423828,0.0,44.36000061035156,0.0,44.36000061035156,44.36000061035156,44.36000061035156,0.0,0
2024-10-07,37.35352325439453,0.0,44.150001525878906,0.0,44.150001525878906,44.150001525878906,44.150001525878906,0.0,0
2024-10-08,37.09969711303711,0.0,43.849998474121094,0.0,43.849998474121094,43.849998474121094,43.849998474121094,0.0,0
2024-10-09,37.22660827636719,0.0,44.0,0.0,44.0,44.0,44.0,0.0,0
2024-10-10,37.091243743896484,0.0,43.84000015258789,0.0,43.84000015258789,43.84000015258789,43.84000015258789,0.0,0
2024-10-11,37.4888916015625,0.0,44.310001373291016,0.0,44.310001373291016,44.310001373291016,44.310001373291016,0.0,0
2024-10-14,37.61579895019531,0.0,44.459999084472656,0.0,44.459999084472656,44.459999084472656,44.459999084472656,0.0,0
2024-10-15,37.35352325439453,0.0,44.150001525878906,0.0,44.150001525878906,44.150001525878906,44.150001525878906,0.0,0
2024-10-16,37.700408935546875,0.0,44.560001373291016,0.0,44.560001373291016,44.560001373291016,44.560001373291016,0.0,0
2024-10-17,37.69194412231445,0.0,44.54999923706055,0.0,44.54999923706055,44.54999923706055,44.54999923706055,0.0,0
2024-10-18,37.67502212524414,0.0,44.529998779296875,0.0,44.529998779296875,44.529998779296875,44.529998779296875,0.0,0
2024-10-21,37.18430709838867,0.0,43.95000076293945,0.0,43.95000076293945,43.95000076293945,43.95000076293945,0.0,0
2024-10-22,37.04047775268555,0.0,43.779998779296875,0.0,43.779998779296875,43.779998779296875,43.779998779296875,0.0,0
2024-10-23,36.80358123779297,0.0,43.5,0.0,43.5,43.5,43.5,0.0,0
2024-10-24,36.82896041870117,0.0,43.529998779296875,0.0,43.529998779296875,43.529998779296875,43.529998779296875,0.0,0
2024-10-25,36.60052490234375,0.0,43.2599983215332,0.0,43.2599983215332,43.2599983215332,43.2599983215332,0.0,0
2024-10-28,36.845882415771484,0.0,43.54999923706055,0.0,43.54999923706055,43.54999923706055,43.54999923706055,0.0,0
2024-10-29,36.71897506713867,0.0,43.400001525878906,0.0,43.400001525878906,43.400001525878906,43.400001525878906,0.0,0
2024-10-30,36.76128005981445,0.0,43.45000076293945,0.0,43.45000076293945,43.45000076293945,43.45000076293945,0.0,0
2024-10-31,36.33824920654297,0.0,42.95000076293945,0.0,42.95000076293945,42.95000076293945,42.95000076293945,0.0,0
2024-11-01,36.35517501831055,0.0,42.970001220703125,0.0,42.970001220703125,42.970001220703125,42.970001220703125,0.0,0
2024-11-04,36.39747619628906,0.0,43.02000045776367,0.0,43.02000045776367,43.02000045776367,43.02000045776367,0.0,0
2024-11-05,36.778202056884766,0.0,43.470001220703125,0.0,43.470001220703125,43.470001220703125,43.470001220703125,0.0,0
2024-11-06,37.852699279785156,0.0,44.7400016784668,0.0,44.7400016784668,44.7400016784668,44.7400016784668,0.0,0
2024-11-07,37.94575881958008,0.0,44.849998474121094,0.0,44.849998474121094,44.849998474121094,44.849998474121094,0.0,0
2024-11-08,37.920379638671875,0.0,44.81999969482422,0.0,44.81999969482422,44.81999969482422,44.81999969482422,0.0,0
2024-11-11,38.1741943359375,0.0,45.119998931884766,0.0,45.119998931884766,45.119998931884766,45.119998931884766,0.0,0
2024-11-12,37.768089294433594,0.0,44.63999938964844,0.0,44.63999938964844,44.63999938964844,44.63999938964844,0.0,0
2024-11-13,37.455047607421875,0.0,44.27000045776367,0.0,44.27000045776367,44.27000045776367,44.27000045776367,0.0,0
2024-11-14,37.243534088134766,0.0,44.02000045776367,0.0,44.02000045776367,44.02000045776367,44.02000045776367,0.0,0
2024-11-15,37.015098571777344,0.0,43.75,0.0,43.75,43.75,43.75,0.0,0
2024-11-18,37.15046310424805,0.0,43.90999984741211,0.0,43.90999984741211,43.90999984741211,43.90999984741211,0.0,0
2024-11-19,36.998172760009766,0.0,43.72999954223633,0.0,43.72999954223633,43.72999954223633,43.72999954223633,0.0,0
2024-11-20,37.015098571777344,0.0,43.75,0.0,43.75,43.75,43.75,0.0,0
2024-11-21,37.39582443237305,0.0,44.20000076293945,0.0,44.20000076293945,44.20000076293945,44.20000076293945,0.0,0
2024-11-22,37.74271011352539,0.0,44.61000061035156,0.0,44.61000061035156,44.61000061035156,44.61000061035156,0.0,0
2024-11-25,38.15727615356445,0.0,45.099998474121094,0.0,45.099998474121094,45.099998474121094,45.099998474121094,0.0,0
2024-11-26,37.93730163574219,0.0,44.84000015258789,0.0,44.84000015258789,44.84000015258789,44.84000015258789,0.0,0
2024-11-27,37.996524810791016,0.0,44.90999984741211,0.0,44.90999984741211,44.90999984741211,44.90999984741211,0.0,0
2024-11-29,38.18265914916992,0.0,45.130001068115234,0.0,45.130001068115234,45.130001068115234,45.130001068115234,0.0,0
2024-12-02,38.11497497558594,0.0,45.04999923706055,0.0,45.04999923706055,45.04999923706055,45.04999923706055,0.0,0
2024-12-03,38.064212799072266,0.0,44.9900016784668,0.0,44.9900016784668,44.9900016784668,44.9900016784668,0.0,0
2024-12-04,38.00498580932617,0.0,44.91999816894531,0.0,44.91999816894531,44.91999816894531,44.91999816894531,0.0,0
2024-12-05,37.835777282714844,0.0,44.720001220703125,0.0,44.720001220703125,44.720001220703125,44.720001220703125,0.0,0
2024-12-06,37.71315002441406,0.0,42.75,1.831,42.75,42.75,42.75,0.0,0
2024-12-09,37.66904067993164,0.0,42.70000076293945,0.0,42.70000076293945,42.70000076293945,42.70000076293945,0.0,0
2024-12-10,37.4484977722168,0.0,42.45000076293945,0.0,42.45000076293945,42.45000076293945,42.45000076293945,0.0,0
2024-12-11,37.57200241088867,0.0,42.59000015258789,0.0,42.59000015258789,42.59000015258789,42.59000015258789,0.0,0
2024-12-12,37.307350158691406,0.0,42.290000915527344,0.0,42.290000915527344,42.290000915527344,42.290000915527344,0.0,0
2024-12-13,37.13091278076172,0.0,42.09000015258789,0.0,42.09000015258789,42.09000015258789,42.09000015258789,0.0,0
2024-12-16,36.96329879760742,0.0,41.900001525878906,0.0,41.900001525878906,41.900001525878906,41.900001525878906,0.0,0
2024-12-17,36.583961486816406,0.0,41.470001220703125,0.0,41.470001220703125,41.470001220703125,41.470001220703125,0.0,0
2024-12-18,35.65767288208008,0.0,40.41999816894531,0.0,40.41999816894531,40.41999816894531,40.41999816894531,0.0,0
2024-12-19,35.472412109375,0.0,40.209999084472656,0.0,40.209999084472656,40.209999084472656,40.209999084472656,0.0,0
2024-12-20,35.719425201416016,0.0,40.4900016784668,0.0,40.4900016784668,40.4900016784668,40.4900016784668,0.0,0
2024-12-23,35.8341064453125,0.0,40.619998931884766,0.0,40.619998931884766,40.619998931884766,40.619998931884766,0.0,0
2024-12-24,36.045833587646484,0.0,40.86000061035156,0.0,40.86000061035156,40.86000061035156,40.86000061035156,0.0,0
2024-12-26,36.16051483154297,0.0,40.9900016784668,0.0,40.9900016784668,40.9900016784668,40.9900016784668,0.0,0
2024-12-27,35.975257873535156,0.0,40.779998779296875,0.0,40.779998779296875,40.779998779296875,40.779998779296875,0.0,0
2024-12-30,35.80764389038086,0.0,40.59000015258789,0.0,40.59000015258789,40.59000015258789,40.59000015258789,0.0,0
2024-12-31,35.948795318603516,0.0,40.75,0.0,40.75,40.75,40.75,0.0,0
2025-01-02,35.816463470458984,0.0,40.599998474121094,0.0,40.599998474121094,40.599998474121094,40.599998474121094,0.0,0
2025-01-03,36.0634765625,0.0,40.880001068115234,0.0,40.880001068115234,40.880001068115234,40.880001068115234,0.0,0
2025-01-06,36.2310905456543,0.0,41.06999969482422,0.0,41.06999969482422,41.06999969482422,41.06999969482422,0.0,0
2025-01-07,36.16933822631836,0.0,41.0,0.0,41.0,41.0,41.0,0.0,0
2025-01-08,36.01936721801758,0.0,40.83000183105469,0.0,40.83000183105469,40.83000183105469,40.83000183105469,0.0,0
2025-01-10,35.481239318847656,0.0,40.220001220703125,0.0,40.220001220703125,40.220001220703125,40.220001220703125,0.0,0
2025-01-13,35.60474395751953,0.0,40.36000061035156,0.0,40.36000061035156,40.36000061035156,40.36000061035156,0.0,0
2025-01-14,35.91350173950195,0.0,40.709999084472656,0.0,40.709999084472656,40.709999084472656,40.709999084472656,0.0,0
2025-01-15,36.513389587402344,0.0,41.38999938964844,0.0,41.38999938964844,41.38999938964844,41.38999938964844,0.0,0
2025-01-16,36.60160446166992,0.0,41.4900016784668,0.0,41.4900016784668,41.4900016784668,41.4900016784668,0.0,0
2025-01-17,36.76921844482422,0.0,41.68000030517578,0.0,41.68000030517578,41.68000030517578,41.68000030517578,0.0,0
2025-01-21,37.35145950317383,0.0,42.34000015258789,0.0,42.34000015258789,42.34000015258789,42.34000015258789,0.0,0
2025-01-22,37.18384552001953,0.0,42.150001525878906,0.0,42.150001525878906,42.150001525878906,42.150001525878906,0.0,0
2025-01-23,37.2191276550293,0.0,42.189998626708984,0.0,42.189998626708984,42.189998626708984,42.189998626708984,0.0,0
2025-01-24,37.2808837890625,0.0,42.2599983215332,0.0,42.2599983215332,42.2599983215332,42.2599983215332,0.0,0
2025-01-27,37.2191276550293,0.0,42.189998626708984,0.0,42.189998626708984,42.189998626708984,42.189998626708984,0.0,0
2025-01-28,37.12208938598633,0.0,42.08000183105469,0.0,42.08000183105469,42.08000183105469,42.08000183105469,0.0,0
2025-01-29,37.077980041503906,0.0,42.029998779296875,0.0,42.029998779296875,42.029998779296875,42.029998779296875,0.0,0
2025-01-30,37.36027908325195,0.0,42.349998474121094,0.0,42.349998474121094,42.349998474121094,42.349998474121094,0.0,0
2025-01-31,37.007408142089844,0.0,41.95000076293945,0.0,41.95000076293945,41.95000076293945,41.95000076293945,0.0,0
2025-02-03,36.531028747558594,0.0,41.40999984741211,0.0,41.40999984741211,41.40999984741211,41.40999984741211,0.0,0
2025-02-04,36.80450439453125,0.0,41.720001220703125,0.0,41.720001220703125,41.720001220703125,41.720001220703125,0.0,0
2025-02-05,37.077980041503906,0.0,42.029998779296875,0.0,42.029998779296875,42.029998779296875,42.029998779296875,0.0,0
2025-02-06,37.0868034362793,0.0,42.040000915527344,0.0,42.040000915527344,42.040000915527344,42.040000915527344,0.0,0
2025-02-07,36.7251091003418,0.0,41.630001068115234,0.0,41.630001068115234,41.630001068115234,41.630001068115234,0.0,0
2025-02-10,36.786865234375,0.0,41.70000076293945,0.0,41.70000076293945,41.70000076293945,41.70000076293945,0.0,0
2025-02-11,36.87508010864258,0.0,41.79999923706055,0.0,41.79999923706055,41.79999923706055,41.79999923706055,0.0,0
2025-02-12,36.680999755859375,0.0,41.58000183105469,0.0,41.58000183105469,41.58000183105469,41.58000183105469,0.0,0
2025-02-13,37.077980041503906,0.0,42.029998779296875,0.0,42.029998779296875,42.029998779296875,42.029998779296875,0.0,0
2025-02-14,37.09562301635742,0.0,42.04999923706055,0.0,42.04999923706055,42.04999923706055,42.04999923706055,0.0,0
2025-02-18,37.263240814208984,0.0,42.2400016784668,0.0,42.2400016784668,42.2400016784668,42.2400016784668,0.0,0
2025-02-19,37.18384552001953,0.0,42.150001525878906,0.0,42.150001525878906,42.150001525878906,42.150001525878906,0.0,0
2025-02-20,37.051513671875,0.0,42.0,0.0,42.0,42.0,42.0,0.0,0
2025-02-21,36.548675537109375,0.0,41.43000030517578,0.0,41.43000030517578,41.43000030517578,41.43000030517578,0.0,0
2025-02-24,36.48692321777344,0.0,41.36000061035156,0.0,41.36000061035156,41.36000061035156,41.36000061035156,0.0,0
2025-02-25,36.49574279785156,0.0,41.369998931884766,0.0,41.369998931884766,41.369998931884766,41.369998931884766,0.0,0
2025-02-26,36.50456619262695,0.0,41.380001068115234,0.0,41.380001068115234,41.380001068115234,41.380001068115234,0.0,0
2025-02-27,36.16051483154297,0.0,40.9900016784668,0.0,40.9900016784668,40.9900016784668,40.9900016784668,0.0,0
2025-02-28,36.266380310058594,0.0,41.11000061035156,0.0,41.11000061035156,41.11000061035156,41.11000061035156,0.0,0
2025-03-03,35.816463470458984,0.0,40.599998474121094,0.0,40.599998474121094,40.599998474121094,40.599998474121094,0.0,0
2025-03-04,35.348907470703125,0.0,40.06999969482422,0.0,40.06999969482422,40.06999969482422,40.06999969482422,0.0,0
2025-03-05,35.92232894897461,0.0,40.720001220703125,0.0,40.720001220703125,40.720001220703125,40.720001220703125,0.0,0
2025-03-06,35.701786041259766,0.0,40.470001220703125,0.0,40.470001220703125,40.470001220703125,40.470001220703125,0.0,0
2025-03-07,35.92232894897461,0.0,40.720001220703125,0.0,40.720001220703125,40.720001220703125,40.720001220703125,0.0,0
2025-03-10,35.251869201660156,0.0,39.959999084472656,0.0,39.959999084472656,39.959999084472656,39.959999084472656,0.0,0
2025-03-11,35.19894027709961,0.0,39.900001525878906,0.0,39.900001525878906,39.900001525878906,39.900001525878906,0.0,0
2025-03-12,35.225406646728516,0.0,39.93000030517578,0.0,39.93000030517578,39.93000030517578,39.93000030517578,0.0,0
2025-03-13,34.87253189086914,0.0,39.529998779296875,0.0,39.529998779296875,39.529998779296875,39.529998779296875,0.0,0
2025-03-14,35.542991638183594,0.0,40.290000915527344,0.0,40.290000915527344,40.290000915527344,40.290000915527344,0.0,0
2025-03-17,35.99290084838867,0.0,40.79999923706055,0.0,40.79999923706055,40.79999923706055,40.79999923706055,0.0,0
2025-03-18,35.948795318603516,0.0,40.75,0.0,40.75,40.75,40.75,0.0,0
2025-03-19,36.213443756103516,0.0,41.04999923706055,0.0,41.04999923706055,41.04999923706055,41.04999923706055,0.0,0
2025-03-20,36.03700637817383,0.0,40.849998474121094,0.0,40.849998474121094,40.849998474121094,40.849998474121094,0.0,0
2025-03-21,35.790000915527344,0.0,40.56999969482422,0.0,40.56999969482422,40.56999969482422,40.56999969482422,0.0,0
2025-03-24,36.284019470214844,0.0,41.130001068115234,0.0,41.130001068115234,41.130001068115234,41.130001068115234,0.0,0
2025-03-25,36.292842864990234,0.0,41.13999938964844,0.0,41.13999938964844,41.13999938964844,41.13999938964844,0.0,0
2025-03-26,36.2310905456543,0.0,41.06999969482422,0.0,41.06999969482422,41.06999969482422,41.06999969482422,0.0,0
2025-03-27,36.05465316772461,0.0,40.869998931884766,0.0,40.869998931884766,40.869998931884766,40.869998931884766,0.0,0
2025-03-28,35.56063461303711,0.0,40.310001373291016,0.0,40.310001373291016,40.310001373291016,40.310001373291016,0.0,0
2025-03-31,35.472412109375,0.0,40.209999084472656,0.0,40.209999084472656,40.209999084472656,40.209999084472656,0.0,0
2025-04-01,35.587100982666016,0.0,40.34000015258789,0.0,40.34000015258789,40.34000015258789,40.34000015258789,0.0,0
2025-04-02,35.931148529052734,0.0,40.72999954223633,0.0,40.72999954223633,40.72999954223633,40.72999954223633,0.0,0
2025-04-03,34.219722747802734,0.0,38.790000915527344,0.0,38.790000915527344,38.790000915527344,38.790000915527344,0.0,0
2025-04-04,32.420074462890625,0.0,36.75,0.0,36.75,36.75,36.75,0.0,0
2025-04-07,31.82901954650879,0.0,36.08000183105469,0.0,36.08000183105469,36.08000183105469,36.08000183105469,0.0,0
2025-04-08,31.44085693359375,0.0,35.63999938964844,0.0,35.63999938964844,35.63999938964844,35.63999938964844,0.0,0
2025-04-09,33.69923400878906,0.0,38.20000076293945,0.0,38.20000076293945,38.20000076293945,38.20000076293945,0.0,0
2025-04-10,32.72002029418945,0.0,37.09000015258789,0.0,37.09000015258789,37.09000015258789,37.09000015258789,0.0,0
2025-04-11,33.30225372314453,0.0,37.75,0.0,37.75,37.75,37.75,0.0,0
2025-04-14,33.655128479003906,0.0,38.150001525878906,0.0,38.150001525878906,38.150001525878906,38.150001525878906,0.0,0
2025-04-15,33.69041442871094,0.0,38.189998626708984,0.0,38.189998626708984,38.189998626708984,38.189998626708984,0.0,0
2025-04-16,33.48751449584961,0.0,37.959999084472656,0.0,37.959999084472656,37.959999084472656,37.959999084472656,0.0,0
2025-04-17,33.70805740356445,0.0,38.209999084472656,0.0,38.209999084472656,38.209999084472656,38.209999084472656,0.0,0
2025-04-21,33.364009857177734,0.0,37.81999969482422,0.0,37.81999969482422,37.81999969482422,37.81999969482422,0.0,0
2025-04-22,34.04328536987305,0.0,38.59000015258789,0.0,38.59000015258789,38.59000015258789,38.59000015258789,0.0,0
2025-04-23,34.378517150878906,0.0,38.970001220703125,0.0,38.970001220703125,38.970001220703125,38.970001220703125,0.0,0
2025-04-24,34.87253189086914,0.0,39.529998779296875,0.0,39.529998779296875,39.529998779296875,39.529998779296875,0.0,0
2025-04-25,34.79313659667969,0.0,39.439998626708984,0.0,39.439998626708984,39.439998626708984,39.439998626708984,0.0,0
2025-04-28,34.969573974609375,0.0,39.63999938964844,0.0,39.63999938964844,39.63999938964844,39.63999938964844,0.0,0
2025-04-29,35.119544982910156,0.0,39.810001373291016,0.0,39.810001373291016,39.810001373291016,39.810001373291016,0.0,0
2025-04-30,35.0136833190918,0.0,39.689998626708984,0.0,39.689998626708984,39.689998626708984,39.689998626708984,0.0,0
2025-05-01,35.0136833190918,0.0,39.689998626708984,0.0,39.689998626708984,39.689998626708984,39.689998626708984,0.0,0
2025-05-02,35.719425201416016,0.0,40.4900016784668,0.0,40.4900016784668,40.4900016784668,40.4900016784668,0.0,0
2025-05-05,35.65767288208008,0.0,40.41999816894531,0.0,40.41999816894531,40.41999816894531,40.41999816894531,0.0,0
2025-05-06,35.613563537597656,0.0,40.369998931884766,0.0,40.369998931884766,40.369998931884766,40.369998931884766,0.0,0
2025-05-07,35.613563537597656,0.0,40.369998931884766,0.0,40.369998931884766,40.369998931884766,40.369998931884766,0.0,0
2025-05-08,36.05465316772461,0.0,40.869998931884766,0.0,40.869998931884766,40.869998931884766,40.869998931884766,0.0,0
2025-05-09,36.16933822631836,0.0,41.0,0.0,41.0,41.0,41.0,0.0,0
2025-05-12,37.10445022583008,0.0,42.060001373291016,0.0,42.060001373291016,42.060001373291016,42.060001373291016,0.0,0
2025-05-13,37.289703369140625,0.0,42.27000045776367,0.0,42.27000045776367,42.27000045776367,42.27000045776367,0.0,0
2025-05-14,37.077980041503906,0.0,42.029998779296875,0.0,42.029998779296875,42.029998779296875,42.029998779296875,0.0,0
2025-05-15,37.148555755615234,0.0,42.11000061035156,0.0,42.11000061035156,42.11000061035156,42.11000061035156,0.0,0
2025-05-16,37.36909866333008,0.0,42.36000061035156,0.0,42.36000061035156,42.36000061035156,42.36000061035156,0.0,0
2025-05-19,37.35145950317383,0.0,42.34000015258789,0.0,42.34000015258789,42.34000015258789,42.34000015258789,0.0,0
2025-05-20,37.32499313354492,0.0,42.310001373291016,0.0,42.310001373291016,42.310001373291016,42.310001373291016,0.0,0
2025-05-21,36.60160446166992,0.0,41.4900016784668,0.0,41.4900016784668,41.4900016784668,41.4900016784668,0.0,0
2025-05-22,36.539852142333984,0.0,41.41999816894531,0.0,41.41999816894531,41.41999816894531,41.41999816894531,0.0,0
2025-05-23,36.50456619262695,0.0,41.380001068115234,0.0,41.380001068115234,41.380001068115234,41.380001068115234,0.0,0
2025-05-27,37.13091278076172,0.0,42.09000015258789,0.0,42.09000015258789,42.09000015258789,42.09000015258789,0.0,0
2025-05-28,36.85743713378906,0.0,41.779998779296875,0.0,41.779998779296875,41.779998779296875,41.779998779296875,0.0,0
2025-05-29,37.03387451171875,0.0,41.97999954223633,0.0,41.97999954223633,41.97999954223633,41.97999954223633,0.0,0
2025-05-30,36.892723083496094,0.0,41.81999969482422,0.0,41.81999969482422,41.81999969482422,41.81999969482422,0.0,0
2025-06-02,36.86626052856445,0.0,41.790000915527344,0.0,41.790000915527344,41.790000915527344,41.790000915527344,0.0,0
2025-06-03,37.157379150390625,0.0,42.119998931884766,0.0,42.119998931884766,42.119998931884766,42.119998931884766,0.0,0
2025-06-04,37.09562301635742,0.0,42.04999923706055,0.0,42.04999923706055,42.04999923706055,42.04999923706055,0.0,0
2025-06-05,37.0868034362793,0.0,42.040000915527344,0.0,42.040000915527344,42.040000915527344,42.040000915527344,0.0,0
2025-06-06,37.4132080078125,0.0,42.40999984741211,0.0,42.40999984741211,42.40999984741211,42.40999984741211,0.0,0
2025-06-09,37.554359436035156,0.0,42.56999969482422,0.0,42.56999969482422,42.56999969482422,42.56999969482422,0.0,0
2025-06-10,37.7396125793457,0.0,42.779998779296875,0.0,42.779998779296875,42.779998779296875,42.779998779296875,0.0,0
2025-06-11,37.77490234375,0.0,42.81999969482422,0.0,42.81999969482422,42.81999969482422,42.81999969482422,0.0,0
2025-06-12,37.889583587646484,0.0,42.95000076293945,0.0,42.95000076293945,42.95000076293945,42.95000076293945,0.0,0
2025-06-13,37.33381271362305,0.0,42.31999969482422,0.0,42.31999969482422,42.31999969482422,42.31999969482422,0.0,0
2025-06-16,37.63375473022461,0.0,42.65999984741211,0.0,42.65999984741211,42.65999984741211,42.65999984741211,0.0,0
2025-06-17,37.32499313354492,0.0,42.310001373291016,0.0,42.310001373291016,42.310001373291016,42.310001373291016,0.0,0
2025-06-18,37.32499313354492,0.0,42.310001373291016,0.0,42.310001373291016,42.310001373291016,42.310001373291016,0.0,0
2025-06-20,37.422027587890625,0.0,42.41999816894531,0.0,42.41999816894531,42.41999816894531,42.41999816894531,0.0,0
2025-06-23,37.56318283081055,0.0,42.58000183105469,0.0,42.58000183105469,42.58000183105469,42.58000183105469,0.0,0
2025-06-24,37.96015930175781,0.0,43.029998779296875,0.0,43.029998779296875,43.029998779296875,43.029998779296875,0.0,0
2025-06-25,37.81018829345703,0.0,42.86000061035156,0.0,42.86000061035156,42.86000061035156,42.86000061035156,0.0,0
2025-06-26,38.260101318359375,0.0,43.369998931884766,0.0,43.369998931884766,43.369998931884766,43.369998931884766,0.0,0
2025-06-27,38.43653869628906,0.0,43.56999969482422,0.0,43.56999969482422,43.56999969482422,43.56999969482422,0.0,0
2025-06-30,38.48064422607422,0.0,43.619998931884766,0.0,43.619998931884766,43.619998931884766,43.619998931884766,0.0,0
2025-07-01,38.974666595458984,0.0,44.18000030517578,0.0,44.18000030517578,44.18000030517578,44.18000030517578,0.0,0
2025-07-02,39.23931884765625,0.0,44.47999954223633,0.0,44.47999954223633,44.47999954223633,44.47999954223633,0.0,0
2025-07-03,39.41575622558594,0.0,44.68000030517578,0.0,44.68000030517578,44.68000030517578,44.68000030517578,0.0,0
2025-07-07,38.95702362060547,0.0,44.15999984741211,0.0,44.15999984741211,44.15999984741211,44.15999984741211,0.0,0
2025-07-08,39.20403289794922,0.0,44.439998626708984,0.0,44.439998626708984,44.439998626708984,44.439998626708984,0.0,0
2025-07-09,39.25696563720703,0.0,44.5,0.0,44.5,44.5,44.5,0.0,0
2025-07-10,39.42457580566406,0.0,44.689998626708984,0.0,44.689998626708984,44.689998626708984,44.689998626708984,0.0,0
2025-07-11,39.15110397338867,0.0,44.380001068115234,0.0,44.380001068115234,44.380001068115234,44.380001068115234,0.0,0
2025-07-14,39.1599235534668,0.0,44.38999938964844,0.0,44.38999938964844,44.38999938964844,44.38999938964844,0.0,0
2025-07-15,38.57768249511719,0.0,43.72999954223633,0.0,43.72999954223633,43.72999954223633,43.72999954223633,0.0,0
2025-07-16,38.68354797363281,0.0,43.849998474121094,0.0,43.849998474121094,43.849998474121094,43.849998474121094,0.0,0
2025-07-17,39.0275993347168,0.0,44.2400016784668,0.0,44.2400016784668,44.2400016784668,44.2400016784668,0.0,0
2025-07-18,38.965843200683594,0.0,44.16999816894531,0.0,44.16999816894531,44.16999816894531,44.16999816894531,0.0,0
2025-07-21,38.904090881347656,0.0,44.099998474121094,0.0,44.099998474121094,44.099998474121094,44.099998474121094,0.0,0
2025-07-22,39.32754135131836,0.0,44.58000183105469,0.0,44.58000183105469,44.58000183105469,44.58000183105469,0.0,0
2025-07-23,39.80391311645508,0.0,45.119998931884766,0.0,45.119998931884766,45.119998931884766,45.119998931884766,0.0,0
2025-07-24,39.468685150146484,0.0,44.7400016784668,0.0,44.7400016784668,44.7400016784668,44.7400016784668,0.0,0
2025-07-25,39.55690383911133,0.0,44.84000015258789,0.0,44.84000015258789,44.84000015258789,44.84000015258789,0.0,0
2025-07-28,39.35400390625,0.0,44.61000061035156,0.0,44.61000061035156,44.61000061035156,44.61000061035156,0.0,0
2025-07-29,39.336360931396484,0.0,44.59000015258789,0.0,44.59000015258789,44.59000015258789,44.59000015258789,0.0,0
2025-07-30,38.9923095703125,0.0,44.20000076293945,0.0,44.20000076293945,44.20000076293945,44.20000076293945,0.0,0
2025-07-31,38.63943862915039,0.0,43.79999923706055,0.0,43.79999923706055,43.79999923706055,43.79999923706055,0.0,0
2025-08-01,38.127777099609375,0.0,43.220001220703125,0.0,43.220001220703125,43.220001220703125,43.220001220703125,0.0,0
2025-08-04,38.56004333496094,0.0,43.709999084472656,0.0,43.709999084472656,43.709999084472656,43.709999084472656,0.0,0
2025-08-05,38.73647689819336,0.0,43.90999984741211,0.0,43.90999984741211,43.90999984741211,43.90999984741211,0.0,0
2025-08-06,38.762943267822266,0.0,43.939998626708984,0.0,43.939998626708984,43.939998626708984,43.939998626708984,0.0,0
2025-08-07,38.81587600708008,0.0,44.0,0.0,44.0,44.0,44.0,0.0,0
2025-08-08,39.06288146972656,0.0,44.279998779296875,0.0,44.279998779296875,44.279998779296875,44.279998779296875,0.0,0
2025-08-11,38.94820022583008,0.0,44.150001525878906,0.0,44.150001525878906,44.150001525878906,44.150001525878906,0.0,0
2025-08-12,39.7156982421875,0.0,45.02000045776367,0.0,45.02000045776367,45.02000045776367,45.02000045776367,0.0,0
2025-08-13,40.236183166503906,0.0,45.61000061035156,0.0,45.61000061035156,45.61000061035156,45.61000061035156,0.0,0
2025-08-14,40.01564025878906,0.0,45.36000061035156,0.0,45.36000061035156,45.36000061035156,45.36000061035156,0.0,0
2025-08-15,39.85684585571289,0.0,45.18000030517578,0.0,45.18000030517578,45.18000030517578,45.18000030517578,0.0,0
2025-08-18,39.85684585571289,0.0,45.18000030517578,0.0,45.18000030517578,45.18000030517578,45.18000030517578,0.0,0
2025-08-19,39.97153091430664,0.0,45.310001373291016,0.0,45.310001373291016,45.310001373291016,45.310001373291016,0.0,0
2025-08-20,39.85684585571289,0.0,45.18000030517578,0.0,45.18000030517578,45.18000030517578,45.18000030517578,0.0,0
2025-08-21,39.76863098144531,0.0,45.08000183105469,0.0,45.08000183105469,45.08000183105469,45.08000183105469,0.0,0
2025-08-22,40.78313446044922,0.0,46.22999954223633,0.0,46.22999954223633,46.22999954223633,46.22999954223633,0.0,0
2025-08-25,40.50083541870117,0.0,45.90999984741211,0.0,45.90999984741211,45.90999984741211,45.90999984741211,0.0,0
2025-08-26,40.52729797363281,0.0,45.939998626708984,0.0,45.939998626708984,45.939998626708984,45.939998626708984,0.0,0
2025-08-27,40.66844940185547,0.0,46.099998474121094,0.0,46.099998474121094,46.099998474121094,46.099998474121094,0.0,0
2025-08-28,40.64198303222656,0.0,46.06999969482422,0.0,46.06999969482422,46.06999969482422,46.06999969482422,0.0,0
2025-08-29,40.53612518310547,0.0,45.95000076293945,0.0,45.95000076293945,45.95000076293945,45.95000076293945,0.0,0
2025-09-02,40.16560745239258,0.0,45.529998779296875,0.0,45.529998779296875,45.529998779296875,45.529998779296875,0.0,0
2025-09-03,40.10385513305664,0.0,45.459999084472656,0.0,45.459999084472656,45.459999084472656,45.459999084472656,0.0,0
2025-09-04,40.50083541870117,0.0,45.90999984741211,0.0,45.90999984741211,45.90999984741211,45.90999984741211,0.0,0
2025-09-05,40.61552047729492,0.0,46.040000915527344,0.0,46.040000915527344,46.040000915527344,46.040000915527344,0.0,0
2025-09-08,40.67727279663086,0.0,46.11000061035156,0.0,46.11000061035156,46.11000061035156,46.11000061035156,0.0,0
2025-09-09,40.412620544433594,0.0,45.810001373291016,0.0,45.810001373291016,45.810001373291016,45.810001373291016,0.0,0
2025-09-10,40.49201583862305,0.0,45.900001525878906,0.0,45.900001525878906,45.900001525878906,45.900001525878906,0.0,0
2025-09-11,41.02132034301758,0.0,46.5,0.0,46.5,46.5,46.5,0.0,0
2025-09-12,40.710262298583984,0.0,41.880001068115234,4.3,41.880001068115234,41.880001068115234,41.880001068115234,0.0,0
2025-09-15,40.63249588012695,0.0,41.79999923706055,0.0,41.79999923706055,41.79999923706055,41.79999923706055,0.0,0
2025-09-16,40.61305236816406,0.0,41.779998779296875,0.0,41.779998779296875,41.779998779296875,41.779998779296875,0.0,0
2025-09-17,40.62277603149414,0.0,41.790000915527344,0.0,41.790000915527344,41.790000915527344,41.790000915527344,0.0,0
2025-09-18,40.96299743652344,0.0,42.13999938964844,0.0,42.13999938964844,42.13999938964844,42.13999938964844,0.0,0
2025-09-19,40.63249588012695,0.0,41.79999923706055,0.0,41.79999923706055,41.79999923706055,41.79999923706055,0.0,0
2025-09-22,40.61305236816406,0.0,41.779998779296875,0.0,41.779998779296875,41.779998779296875,41.779998779296875,0.0,0
2025-09-23,40.7199821472168,0.0,41.88999938964844,0.0,41.88999938964844,41.88999938964844,41.88999938964844,0.0,0
2025-09-24,40.55472946166992,0.0,41.720001220703125,0.0,41.720001220703125,41.720001220703125,41.720001220703125,0.0,0
2025-09-25,40.19506072998047,0.0,41.349998474121094,0.0,41.349998474121094,41.349998474121094,41.349998474121094,0.0,0
2025-09-26,40.515846252441406,0.0,41.68000030517578,0.0,41.68000030517578,41.68000030517578,41.68000030517578,0.0,0
2025-09-29,40.47696304321289,0.0,41.63999938964844,0.0,41.63999938964844,41.63999938964844,41.63999938964844,0.0,0
2025-09-30,40.564449310302734,0.0,41.72999954223633,0.0,41.72999954223633,41.72999954223633,41.72999954223633,0.0,0
2025-10-01,40.642215728759766,0.0,41.810001373291016,0.0,41.810001373291016,41.810001373291016,41.810001373291016,0.0,0
2025-10-02,40.62277603149414,0.0,41.790000915527344,0.0,41.790000915527344,41.790000915527344,41.790000915527344,0.0,0
2025-10-03,40.80746841430664,0.0,41.97999954223633,0.0,41.97999954223633,41.97999954223633,41.97999954223633,0.0,0
2025-10-06,40.710262298583984,0.0,41.880001068115234,0.0,41.880001068115234,41.880001068115234,41.880001068115234,0.0,0
2025-10-07,40.399200439453125,0.0,41.560001373291016,0.0,41.560001373291016,41.560001373291016,41.560001373291016,0.0,0
2025-10-08,40.48668670654297,0.0,41.650001525878906,0.0,41.650001525878906,41.650001525878906,41.650001525878906,0.0,0
2025-10-09,40.146461486816406,0.0,41.29999923706055,0.0,41.29999923706055,41.29999923706055,41.29999923706055,0.0,0
2025-10-10,39.09662628173828,0.0,40.220001220703125,0.0,40.220001220703125,40.220001220703125,40.220001220703125,0.0,0
2025-10-13,39.699310302734375,0.0,40.84000015258789,0.0,40.84000015258789,40.84000015258789,40.84000015258789,0.0,0
2025-10-14,40.05897521972656,0.0,41.209999084472656,0.0,41.209999084472656,41.209999084472656,41.209999084472656,0.0,0
2025-10-15,40.21450424194336,0.0,41.369998931884766,0.0,41.369998931884766,41.369998931884766,41.369998931884766,0.0,0
2025-10-16,39.85483932495117,0.0,41.0,0.0,41.0,41.0,41.0,0.0,0
2025-10-17,39.92288589477539,0.0,41.06999969482422,0.0,41.06999969482422,41.06999969482422,41.06999969482422,0.0,0
2025-10-20,40.272830963134766,0.0,41.43000030517578,0.0,41.43000030517578,41.43000030517578,41.43000030517578,0.0,0
2025-10-21,40.379756927490234,0.0,41.540000915527344,0.0,41.540000915527344,41.540000915527344,41.540000915527344,0.0,0
2025-10-22,40.26310729980469,0.0,41.41999816894531,0.0,41.41999816894531,41.41999816894531,41.41999816894531,0.0,0
2025-10-23,40.52556610107422,0.0,41.689998626708984,0.0,41.689998626708984,41.689998626708984,41.689998626708984,0.0,0
2025-10-24,40.642215728759766,0.0,41.810001373291016,0.0,41.810001373291016,41.810001373291016,41.810001373291016,0.0,0
2025-10-27,40.78802490234375,0.0,41.959999084472656,0.0,41.959999084472656,41.959999084472656,41.959999084472656,0.0,0
2025-10-28,40.47696304321289,0.0,41.63999938964844,0.0,41.63999938964844,41.63999938964844,41.63999938964844,0.0,0
2025-10-29,40.02008819580078,0.0,41.16999816894531,0.0,41.16999816894531,41.16999816894531,41.16999816894531,0.0,0
2025-10-30,39.67014694213867,0.0,40.810001373291016,0.0,40.810001373291016,40.810001373291016,40.810001373291016,0.0,0
2025-10-31,39.76735305786133,0.0,40.90999984741211,0.0,40.90999984741211,40.90999984741211,40.90999984741211,0.0,0
2025-11-03,39.757633209228516,0.0,40.900001525878906,0.0,40.900001525878906,40.900001525878906,40.900001525878906,0.0,0
2025-11-04,39.5048942565918,0.0,40.63999938964844,0.0,40.63999938964844,40.63999938964844,40.63999938964844,0.0,0
2025-11-05,39.679866790771484,0.0,40.81999969482422,0.0,40.81999969482422,40.81999969482422,40.81999969482422,0.0,0
2025-11-06,39.45629119873047,0.0,40.59000015258789,0.0,40.59000015258789,40.59000015258789,40.59000015258789,0.0,0
2025-11-07,39.699310302734375,0.0,40.84000015258789,0.0,40.84000015258789,40.84000015258789,40.84000015258789,0.0,0
2025-11-10,39.89372253417969,0.0,41.040000915527344,0.0,41.040000915527344,41.040000915527344,41.040000915527344,0.0,0
2025-11-11,40.068695068359375,0.0,41.220001220703125,0.0,41.220001220703125,41.220001220703125,41.220001220703125,0.0,0
2025-11-12,40.18534469604492,0.0,41.34000015258789,0.0,41.34000015258789,41.34000015258789,41.34000015258789,0.0,0
2025-11-13,39.864559173583984,0.0,41.0099983215332,0.0,41.0099983215332,41.0099983215332,41.0099983215332,0.0,0
2025-11-14,39.699310302734375,0.0,40.84000015258789,0.0,40.84000015258789,40.84000015258789,40.84000015258789,0.0,0
2025-11-17,39.02858352661133,0.0,40.150001525878906,0.0,40.150001525878906,40.150001525878906,40.150001525878906,0.0,0
2025-11-18,38.95081329345703,0.0,40.06999969482422,0.0,40.06999969482422,40.06999969482422,40.06999969482422,0.0,0
2025-11-19,38.86332702636719,0.0,39.97999954223633,0.0,39.97999954223633,39.97999954223633,39.97999954223633,0.0,0
2025-11-20,38.42589569091797,0.0,39.529998779296875,0.0,39.529998779296875,39.529998779296875,39.529998779296875,0.0,0
2025-11-21,39.28131866455078,0.0,40.40999984741211,0.0,40.40999984741211,40.40999984741211,40.40999984741211,0.0,0
2025-11-24,39.495174407958984,0.0,40.630001068115234,0.0,40.630001068115234,40.630001068115234,40.630001068115234,0.0,0
2025-11-25,40.127017974853516,0.0,41.279998779296875,0.0,41.279998779296875,41.279998779296875,41.279998779296875,0.0,0
2025-11-26,40.438079833984375,0.0,41.599998474121094,0.0,41.599998474121094,41.599998474121094,41.599998474121094,0.0,0
2025-11-28,40.57417297363281,0.0,41.7400016784668,0.0,41.7400016784668,41.7400016784668,41.7400016784668,0.0,0
2025-12-01,40.515846252441406,0.0,41.68000030517578,0.0,41.68000030517578,41.68000030517578,41.68000030517578,0.0,0
2025-12-02,40.438079833984375,0.0,41.599998474121094,0.0,41.599998474121094,41.599998474121094,41.599998474121094,0.0,0
2025-12-03,40.875511169433594,0.0,42.04999923706055,0.0,42.04999923706055,42.04999923706055,42.04999923706055,0.0,0
2025-12-04,40.96299743652344,0.0,42.13999938964844,0.0,42.13999938964844,42.13999938964844,42.13999938964844,0.0,0
2025-12-05,40.939998626708984,0.0,40.939998626708984,1.177,40.939998626708984,40.939998626708984,40.939998626708984,0.0,0
2025-12-08,40.7400016784668,0.0,40.7400016784668,0.0,40.7400016784668,40.7400016784668,40.7400016784668,0.0,0
2025-12-09,40.720001220703125,0.0,40.720001220703125,0.0,40.720001220703125,40.720001220703125,40.720001220703125,0.0,0
2025-12-10,41.400001525878906,0.0,41.400001525878906,0.0,41.400001525878906,41.400001525878906,41.400001525878906,0.0,0
2025-12-11,41.65999984741211,0.0,41.65999984741211,0.0,41.65999984741211,41.65999984741211,41.65999984741211,0.0,0
2025-12-12,41.43000030517578,0.0,41.43000030517578,0.0,41.43000030517578,41.43000030517578,41.43000030517578,0.0,0
2025-12-15,41.47999954223633,0.0,41.47999954223633,0.0,41.47999954223633,41.47999954223633,41.47999954223633,0.0,0
2025-12-16,41.189998626708984,0.0,41.189998626708984,0.0,41.189998626708984,41.189998626708984,41.189998626708984,0.0,0
2025-12-17,41.099998474121094,0.0,41.099998474121094,0.0,41.099998474121094,41.099998474121094,41.099998474121094,0.0,0
2025-12-18,41.209999084472656,0.0,41.209999084472656,0.0,41.209999084472656,41.209999084472656,41.209999084472656,0.0,0
2025-12-19,41.290000915527344,0.0,41.290000915527344,0.0,41.290000915527344,41.290000915527344,41.290000915527344,0.0,0
2025-12-22,41.5,0.0,41.5,0.0,41.5,41.5,41.5,0.0,0
2025-12-23,41.5099983215332,0.0,41.5099983215332,0.0,41.5099983215332,41.5099983215332,41.5099983215332,0.0,0
2025-12-24,41.599998474121094,0.0,41.599998474121094,0.0,41.599998474121094,41.599998474121094,41.599998474121094,0.0,0
2025-12-26,41.650001525878906,0.0,41.650001525878906,0.0,41.650001525878906,41.650001525878906,41.650001525878906,0.0,0
2025-12-29,41.599998474121094,0.0,41.599998474121094,0.0,41.599998474121094,41.599998474121094,41.599998474121094,0.0,0
2025-12-30,41.5,0.0,41.5,0.0,41.5,41.5,41.5,0.0,0
2025-12-31,41.22999954223633,0.0,41.22999954223633,0.0,41.22999954223633,41.22999954223633,41.22999954223633,0.0,0
2026-01-02,41.599998474121094,0.0,41.599998474121094,0.0,41.599998474121094,41.599998474121094,41.599998474121094,0.0,0
2026-01-05,42.0099983215332,0.0,42.0099983215332,0.0,42.0099983215332,42.0099983215332,42.0099983215332,0.0,0
2026-01-06,42.310001373291016,0.0,42.310001373291016,0.0,42.310001373291016,42.310001373291016,42.310001373291016,0.0,0
2026-01-07,41.93000030517578,0.0,41.93000030517578,0.0,41.93000030517578,41.93000030517578,41.93000030517578,0.0,0
2026-01-08,42.34000015258789,0.0,42.34000015258789,0.0,42.34000015258789,42.34000015258789,42.34000015258789,0.0,0
2026-01-09,42.58000183105469,0.0,42.58000183105469,0.0,42.58000183105469,42.58000183105469,42.58000183105469,0.0,0
2026-01-12,42.59000015258789,0.0,42.59000015258789,0.0,42.59000015258789,42.59000015258789,42.59000015258789,0.0,0
2026-01-13,42.459999084472656,0.0,42.459999084472656,0.0,42.459999084472656,42.459999084472656,42.459999084472656,0.0,0
2026-01-14,42.619998931884766,0.0,42.619998931884766,0.0,42.619998931884766,42.619998931884766,42.619998931884766,0.0,0
2026-01-15,42.959999084472656,0.0,42.959999084472656,0.0,42.959999084472656,42.959999084472656,42.959999084472656,0.0,0
2026-01-16,42.84000015258789,0.0,42.84000015258789,0.0,42.84000015258789,42.84000015258789,42.84000015258789,0.0,0
2026-01-20,42.25,0.0,42.25,0.0,42.25,42.25,42.25,0.0,0
2026-01-21,43.0099983215332,0.0,43.0099983215332,0.0,43.0099983215332,43.0099983215332,43.0099983215332,0.0,0
2026-01-22,43.2599983215332,0.0,43.2599983215332,0.0,43.2599983215332,43.2599983215332,43.2599983215332,0.0,0
2026-01-23,43.04999923706055,0.0,43.04999923706055,0.0,43.04999923706055,43.04999923706055,43.04999923706055,0.0,0
2026-01-26,43.08000183105469,0.0,43.08000183105469,0.0,43.08000183105469,43.08000183105469,43.08000183105469,0.0,0
2026-01-27,43.13999938964844,0.0,43.13999938964844,0.0,43.13999938964844,43.13999938964844,43.13999938964844,0.0,0
2026-01-28,43.06999969482422,0.0,43.06999969482422,0.0,43.06999969482422,43.06999969482422,43.06999969482422,0.0,0
2026-01-29,43.349998474121094,0.0,43.349998474121094,0.0,43.349998474121094,43.349998474121094,43.349998474121094,0.0,0
2026-01-30,43.08000183105469,0.0,43.08000183105469,0.0,43.08000183105469,43.08000183105469,43.08000183105469,0.0,0
2026-02-02,43.27000045776367,0.0,43.27000045776367,0.0,43.27000045776367,43.27000045776367,43.27000045776367,0.0,0
2026-02-03,43.4900016784668,0.0,43.4900016784668,0.0,43.4900016784668,43.4900016784668,43.4900016784668,0.0,0
2026-02-04,44.029998779296875,0.0,44.029998779296875,0.0,44.029998779296875,44.029998779296875,44.029998779296875,0.0,0
2026-02-05,43.63999938964844,0.0,43.63999938964844,0.0,43.63999938964844,43.63999938964844,43.63999938964844,0.0,0
2026-02-06,44.5,0.0,44.5,0.0,44.5,44.5,44.5,0.0,0
2026-02-09,44.529998779296875,0.0,44.529998779296875,0.0,44.529998779296875,44.529998779296875,44.529998779296875,0.0,0
2026-02-10,44.56999969482422,0.0,44.56999969482422,0.0,44.56999969482422,44.56999969482422,44.56999969482422,0.0,0
2026-02-11,44.619998931884766,0.0,44.619998931884766,0.0,44.619998931884766,44.619998931884766,44.619998931884766,0.0,0
2026-02-12,44.130001068115234,0.0,44.130001068115234,0.0,44.130001068115234,44.130001068115234,44.130001068115234,0.0,0
2026-02-13,44.470001220703125,0.0,44.470001220703125,0.0,44.470001220703125,44.470001220703125,44.470001220703125,0.0,0
2026-02-17,44.29999923706055,0.0,44.29999923706055,0.0,44.29999923706055,44.29999923706055,44.29999923706055,0.0,0
2026-02-18,44.59000015258789,0.0,44.59000015258789,0.0,44.59000015258789,44.59000015258789,44.59000015258789,0.0,0
2026-02-19,44.54999923706055,0.0,44.54999923706055,0.0,44.54999923706055,44.54999923706055,44.54999923706055,0.0,0
2026-02-20,44.7400016784668,0.0,44.7400016784668,0.0,44.7400016784668,44.7400016784668,44.7400016784668,0.0,0
2026-02-23,44.15999984741211,0.0,44.15999984741211,0.0,44.15999984741211,44.15999984741211,44.15999984741211,0.0,0
2026-02-24,44.41999816894531,0.0,44.41999816894531,0.0,44.41999816894531,44.41999816894531,44.41999816894531,0.0,0
2026-02-25,44.4900016784668,0.0,44.4900016784668,0.0,44.4900016784668,44.4900016784668,44.4900016784668,0.0,0
2026-02-26,44.66999816894531,0.0,44.66999816894531,0.0,44.66999816894531,44.66999816894531,44.66999816894531,0.0,0
2026-02-27,44.540000915527344,0.0,44.540000915527344,0.0,44.540000915527344,44.540000915527344,44.540000915527344,0.0,0
2026-03-02,44.279998779296875,0.0,44.279998779296875,0.0,44.279998779296875,44.279998779296875,44.279998779296875,0.0,0
2026-03-03,43.400001525878906,0.0,43.400001525878906,0.0,43.400001525878906,43.400001525878906,43.400001525878906,0.0,0
2026-03-04,43.40999984741211,0.0,43.40999984741211,0.0,43.40999984741211,43.40999984741211,43.40999984741211,0.0,0
2026-03-05,42.970001220703125,0.0,42.970001220703125,0.0,42.970001220703125,42.970001220703125,42.970001220703125,0.0,0
2026-03-06,42.36000061035156,0.0,42.36000061035156,0.0,42.36000061035156,42.36000061035156,42.36000061035156,0.0,0
2026-03-09,42.36000061035156,0.0,42.36000061035156,0.0,42.36000061035156,42.36000061035156,42.36000061035156,0.0,0
2026-03-10,42.220001220703125,0.0,42.220001220703125,0.0,42.220001220703125,42.220001220703125,42.220001220703125,0.0,0
2026-03-11,42.18000030517578,0.0,42.18000030517578,0.0,42.18000030517578,42.18000030517578,42.18000030517578,0.0,0
2026-03-12,41.52000045776367,0.0,41.52000045776367,0.0,41.52000045776367,41.52000045776367,41.52000045776367,0.0,0
2026-03-13,41.38999938964844,0.0,41.38999938964844,0.0,41.38999938964844,41.38999938964844,41.38999938964844,0.0,0
2026-03-16,41.650001525878906,0.0,41.650001525878906,0.0,41.650001525878906,41.650001525878906,41.650001525878906,0.0,0
2026-03-17,41.849998474121094,0.0,41.849998474121094,0.0,41.849998474121094,41.849998474121094,41.849998474121094,0.0,0
2026-03-18,41.380001068115234,0.0,41.380001068115234,0.0,41.380001068115234,41.380001068115234,41.380001068115234,0.0,0
2026-03-19,41.349998474121094,0.0,41.349998474121094,0.0,41.349998474121094,41.349998474121094,41.349998474121094,0.0,0
2026-03-20,40.77000045776367,0.0,40.77000045776367,0.0,40.77000045776367,40.77000045776367,40.77000045776367,0.0,0
2026-03-23,41.40999984741211,0.0,41.40999984741211,0.0,41.40999984741211,41.40999984741211,41.40999984741211,0.0,0
2026-03-24,41.560001373291016,0.0,41.560001373291016,0.0,41.560001373291016,41.560001373291016,41.560001373291016,0.0,0
2026-03-25,41.88999938964844,0.0,41.88999938964844,0.0,41.88999938964844,41.88999938964844,41.88999938964844,0.0,0
2026-03-26,41.43000030517578,0.0,41.43000030517578,0.0,41.43000030517578,41.43000030517578,41.43000030517578,0.0,0
2026-03-27,40.95000076293945,0.0,40.95000076293945,0.0,40.95000076293945,40.95000076293945,40.95000076293945,0.0,0
2026-03-30,40.79999923706055,0.0,40.79999923706055,0.0,40.79999923706055,40.79999923706055,40.79999923706055,0.0,0
2026-03-31,41.619998931884766,0.0,41.619998931884766,0.0,41.619998931884766,41.619998931884766,41.619998931884766,0.0,0
2026-04-01,41.95000076293945,0.0,41.95000076293945,0.0,41.95000076293945,41.95000076293945,41.95000076293945,0.0,0
2026-04-02,41.84000015258789,0.0,41.84000015258789,0.0,41.84000015258789,41.84000015258789,41.84000015258789,0.0,0
2026-04-06,42.09000015258789,0.0,42.09000015258789,0.0,42.09000015258789,42.09000015258789,42.09000015258789,0.0,0
2026-04-07,42.11000061035156,0.0,42.11000061035156,0.0,42.11000061035156,42.11000061035156,42.11000061035156,0.0,0
2026-04-08,43.34000015258789,0.0,43.34000015258789,0.0,43.34000015258789,43.34000015258789,43.34000015258789,0.0,0
2026-04-09,43.47999954223633,0.0,43.47999954223633,0.0,43.47999954223633,43.47999954223633,43.47999954223633,0.0,0
2026-04-10,43.33000183105469,0.0,43.33000183105469,0.0,43.33000183105469,43.33000183105469,43.33000183105469,0.0,0
2026-04-13,43.68000030517578,0.0,43.68000030517578,0.0,43.68000030517578,43.68000030517578,43.68000030517578,0.0,0
2026-04-14,43.79999923706055,0.0,43.79999923706055,0.0,43.79999923706055,43.79999923706055,43.79999923706055,0.0,0
2026-04-15,43.619998931884766,0.0,43.619998931884766,0.0,43.619998931884766,43.619998931884766,43.619998931884766,0.0,0
2026-04-16,43.75,0.0,43.75,0.0,43.75,43.75,43.75,0.0,0
2026-04-17,44.380001068115234,0.0,44.380001068115234,0.0,44.380001068115234,44.380001068115234,44.380001068115234,0.0,0
2026-04-20,44.40999984741211,0.0,44.40999984741211,0.0,44.40999984741211,44.40999984741211,44.40999984741211,0.0,0
2026-04-21,44.220001220703125,0.0,44.220001220703125,0.0,44.220001220703125,44.220001220703125,44.220001220703125,0.0,0
2026-04-22,44.220001220703125,0.0,44.220001220703125,0.0,44.220001220703125,44.220001220703125,44.220001220703125,0.0,0
2026-04-23,44.09000015258789,0.0,44.09000015258789,0.0,44.09000015258789,44.09000015258789,44.09000015258789,0.0,0
2026-04-24,44.0099983215332,0.0,44.0099983215332,0.0,44.0099983215332,44.0099983215332,44.0099983215332,0.0,0
2026-04-27,44.04999923706055,0.0,44.04999923706055,0.0,44.04999923706055,44.04999923706055,44.04999923706055,0.0,0
2026-04-28,44.04999923706055,0.0,44.04999923706055,0.0,44.04999923706055,44.04999923706055,44.04999923706055,0.0,0
2026-04-29,43.95000076293945,0.0,43.95000076293945,0.0,43.95000076293945,43.95000076293945,43.95000076293945,0.0,0
2026-04-30,44.540000915527344,0.0,44.540000915527344,0.0,44.540000915527344,44.540000915527344,44.540000915527344,0.0,0
2026-05-01,44.33000183105469,0.0,44.33000183105469,0.0,44.33000183105469,44.33000183105469,44.33000183105469,0.0,0
2026-05-04,44.0,0.0,44.0,0.0,44.0,44.0,44.0,0.0,0
2026-05-05,44.380001068115234,0.0,44.380001068115234,0.0,44.380001068115234,44.380001068115234,44.380001068115234,0.0,0
2026-05-06,44.90999984741211,0.0,44.90999984741211,0.0,44.90999984741211,44.90999984741211,44.90999984741211,0.0,0
2026-05-07,44.58000183105469,0.0,44.58000183105469,0.0,44.58000183105469,44.58000183105469,44.58000183105469,0.0,0
2026-05-08,44.88999938964844,0.0,44.88999938964844,0.0,44.88999938964844,44.88999938964844,44.88999938964844,0.0,0
2026-05-11,44.56999969482422,0.0,44.56999969482422,0.0,44.56999969482422,44.56999969482422,44.56999969482422,0.0,0
2026-05-12,44.349998474121094,0.0,44.349998474121094,0.0,44.349998474121094,44.349998474121094,44.349998474121094,0.0,0
2026-05-13,44.13999938964844,0.0,44.13999938964844,0.0,44.13999938964844,44.13999938964844,44.13999938964844,0.0,0
2026-05-14,44.310001373291016,0.0,44.310001373291016,0.0,44.310001373291016,44.310001373291016,44.310001373291016,0.0,0
2026-05-15,43.66999816894531,0.0,43.66999816894531,0.0,43.66999816894531,43.66999816894531,43.66999816894531,0.0,0
2026-05-18,43.810001373291016,0.0,43.810001373291016,0.0,43.810001373291016,43.810001373291016,43.810001373291016,0.0,0
2026-05-19,43.529998779296875,0.0,43.529998779296875,0.0,43.529998779296875,43.529998779296875,43.529998779296875,0.0,0
2026-05-20,44.060001373291016,0.0,44.060001373291016,0.0,44.060001373291016,44.060001373291016,44.060001373291016,0.0,0
2026-05-21,44.2599983215332,0.0,44.2599983215332,0.0,44.2599983215332,44.2599983215332,44.2599983215332,0.0,0
2026-05-22,44.540000915527344,0.0,44.540000915527344,0.0,44.540000915527344,44.540000915527344,44.540000915527344,0.0,0
2026-05-26,44.95000076293945,0.0,44.95000076293945,0.0,44.95000076293945,44.95000076293945,44.95000076293945,0.0,0
2026-05-27,44.9900016784668,0.0,44.9900016784668,0.0,44.9900016784668,44.9900016784668,44.9900016784668,0.0,0
2026-05-28,45.099998474121094,0.0,45.099998474121094,0.0,45.099998474121094,45.099998474121094,45.099998474121094,0.0,0
2026-05-29,45.130001068115234,0.0,45.130001068115234,0.0,45.130001068115234,45.130001068115234,45.130001068115234,0.0,0
2026-06-01,45.16999816894531,0.0,45.16999816894531,0.0,45.16999816894531,45.16999816894531,45.16999816894531,0.0,0
2026-06-02,45.369998931884766,0.0,45.369998931884766,0.0,45.369998931884766,45.369998931884766,45.369998931884766,0.0,0
2026-06-03,45.15999984741211,0.0,45.15999984741211,0.0,45.15999984741211,45.15999984741211,45.15999984741211,0.0,0
2026-06-04,45.439998626708984,0.0,45.439998626708984,0.0,45.439998626708984,45.439998626708984,45.439998626708984,0.0,0
2026-06-05,44.849998474121094,0.0,44.849998474121094,0.0,44.849998474121094,44.849998474121094,44.849998474121094,0.0,0
2026-06-08,44.900001525878906,0.0,44.900001525878906,0.0,44.900001525878906,44.900001525878906,44.900001525878906,0.0,0
2026-06-09,45.290000915527344,0.0,45.290000915527344,0.0,45.290000915527344,45.290000915527344,45.290000915527344,0.0,0
2026-06-10,44.849998474121094,0.0,44.849998474121094,0.0,44.849998474121094,44.849998474121094,44.849998474121094,0.0,0
2026-06-11,45.7400016784668,0.0,45.7400016784668,0.0,45.7400016784668,45.7400016784668,45.7400016784668,0.0,0
2026-06-12,46.099998474121094,0.0,46.099998474121094,0.0,46.099998474121094,46.099998474121094,46.099998474121094,0.0,0
2026-06-15,46.150001525878906,0.0,46.150001525878906,0.0,46.150001525878906,46.150001525878906,46.150001525878906,0.0,0
2026-06-16,46.08000183105469,0.0,46.08000183105469,0.0,46.08000183105469,46.08000183105469,46.08000183105469,0.0,0
2026-06-17,45.5099983215332,0.0,45.5099983215332,0.0,45.5099983215332,45.5099983215332,45.5099983215332,0.0,0
2026-06-18,45.650001525878906,0.0,45.650001525878906,0.0,45.650001525878906,45.650001525878906,45.650001525878906,0.0,0
2026-06-22,45.63999938964844,0.0,45.63999938964844,0.0,45.63999938964844,45.63999938964844,45.63999938964844,0.0,0
2026-06-23,45.369998931884766,0.0,45.369998931884766,0.0,45.369998931884766,45.369998931884766,45.369998931884766,0.0,0
2026-06-24,45.650001525878906,0.0,45.650001525878906,0.0,45.650001525878906,45.650001525878906,45.650001525878906,0.0,0
2026-06-25,45.880001068115234,0.0,45.880001068115234,0.0,45.880001068115234,45.880001068115234,45.880001068115234,0.0,0
2026-06-26,46.040000915527344,0.0,46.040000915527344,0.0,46.040000915527344,46.040000915527344,46.040000915527344,0.0,0
2026-06-29,46.099998474121094,0.0,46.099998474121094,0.0,46.099998474121094,46.099998474121094,46.099998474121094,0.0,0
2026-06-30,46.130001068115234,0.0,46.130001068115234,0.0,46.130001068115234,46.130001068115234,46.130001068115234,0.0,0
2026-07-01,46.06999969482422,0.0,46.06999969482422,0.0,46.06999969482422,46.06999969482422,46.06999969482422,0.0,0
2026-07-02,46.34000015258789,0.0,46.34000015258789,0.0,46.34000015258789,46.34000015258789,46.34000015258789,0.0,0
2026-07-06,46.68000030517578,0.0,46.68000030517578,0.0,46.68000030517578,46.68000030517578,46.68000030517578,0.0,0
2026-07-07,46.45000076293945,0.0,46.45000076293945,0.0,46.45000076293945,46.45000076293945,46.45000076293945,0.0,0
2026-07-08,45.9900016784668,0.0,45.9900016784668,0.0,45.9900016784668,45.9900016784668,45.9900016784668,0.0,0
2026-07-09,46.310001373291016,0.0,46.310001373291016,0.0,46.310001373291016,46.310001373291016,46.310001373291016,0.0,0
2026-07-10,46.5,0.0,46.5,0.0,46.5,46.5,46.5,0.0,0
2026-07-13,46.470001220703125,0.0,46.470001220703125,0.0,46.470001220703125,46.470001220703125,46.470001220703125,0.0,0
2026-07-14,46.4900016784668,0.0,46.4900016784668,0.0,46.4900016784668,46.4900016784668,46.4900016784668,0.0,0
2026-07-15,46.689998626708984,0.0,46.689998626708984,0.0,46.689998626708984,46.689998626708984,46.689998626708984,0.0,0
2026-07-16,47.040000915527344,0.0,47.040000915527344,0.0,47.040000915527344,47.040000915527344,47.040000915527344,0.0,0
2026-07-17,46.75,0.0,46.75,0.0,46.75,46.75,46.75,0.0,0
2026-07-20,46.369998931884766,0.0,46.369998931884766,0.0,46.369998931884766,46.369998931884766,46.369998931884766,0.0,0
2026-07-21,46.77000045776367,0.0,46.77000045776367,0.0,46.77000045776367,46.77000045776367,46.77000045776367,0.0,0
2026-07-22,46.880001068115234,0.0,46.880001068115234,0.0,46.880001068115234,46.880001068115234,46.880001068115234,0.0,0
2026-07-23,46.58000183105469,0.0,46.58000183105469,0.0,46.58000183105469,46.58000183105469,46.58000183105469,0.0,0
2026-07-24,46.959999084472656,0.0,46.959999084472656,0.0,46.959999084472656,46.959999084472656,46.959999084472656,0.0,0
2026-07-27,47.22999954223633,0.0,47.22999954223633,0.0,47.22999954223633,47.22999954223633,47.22999954223633,0.0,0
2026-07-28,47.630001068115234,0.0,47.630001068115234,0.0,47.630001068115234,47.630001068115234,47.630001068115234,0.0,0
2026-07-29,47.400001525878906,0.0,47.400001525878906,0.0,47.400001525878906,47.400001525878906,47.400001525878906,0.0,0
2026-07-30,47.709999084472656,0.0,47.709999084472656,0.0,47.709999084472656,47.709999084472656,47.709999084472656,0.0,0
2026-07-31,47.54999923706055,0.0,47.54999923706055,0.0,47.54999923706055,47.54999923706055,47.54999923706055,0.0,0
2026-08-03,48.119998931884766,0.0,48.119998931884766,0.0,48.119998931884766,48.119998931884766,48.119998931884766,0.0,0
2026-08-04,48.61000061035156,0.0,48.61000061035156,0.0,48.61000061035156,48.61000061035156,48.61000061035156,0.0,0
2026-08-05,48.560001373291016,0.0,48.560001373291016,0.0,48.560001373291016,48.560001373291016,48.560001373291016,0.0,0
2026-08-06,48.43000030517578,0.0,48.43000030517578,0.0,48.43000030517578,48.43000030517578,48.43000030517578,0.0,0
2026-08-07,48.619998931884766,0.0,48.619998931884766,0.0,48.619998931884766,48.619998931884766,48.619998931884766,0.0,0
2026-08-10,48.38999938964844,0.0,48.38999938964844,0.0,48.38999938964844,48.38999938964844,48.38999938964844,0.0,0
2026-08-11,48.43000030517578,0.0,48.43000030517578,0.0,48.43000030517578,48.43000030517578,48.43000030517578,0.0,0
2026-08-12,48.529998779296875,0.0,48.529998779296875,0.0,48.529998779296875,48.529998779296875,48.529998779296875,0.0,0
2026-08-13,48.68000030517578,0.0,48.68000030517578,0.0,48.68000030517578,48.68000030517578,48.68000030517578,0.0,0
2026-08-14,48.84000015258789,0.0,48.84000015258789,0.0,48.84000015258789,48.84000015258789,48.84000015258789,0.0,0
2026-08-17,48.560001373291016,0.0,48.560001373291016,0.0,48.560001373291016,48.560001373291016,48.560001373291016,0.0,0
2026-08-18,48.20000076293945,0.0,48.20000076293945,0.0,48.20000076293945,48.20000076293945,48.20000076293945,0.0,0
2026-08-19,48.2599983215332,0.0,48.2599983215332,0.0,48.2599983215332,48.2599983215332,48.2599983215332,0.0,0
2026-08-20,47.95000076293945,0.0,47.95000076293945,0.0,47.95000076293945,47.95000076293945,47.95000076293945,0.0,0
