Date,Adj Close,Close,Dividends,High,Low,Open,Stock Splits,Volume
2000-08-01,20.886075973510742,34.34375,0.0,35.03125,34.09375,34.96875,0.0,47163600
2000-08-02,21.095130920410156,34.6875,0.0,35.21875,34.25,34.28125,0.0,48269200
2000-08-03,21.36118507385254,35.125,0.0,35.1875,34.0625,34.09375,0.0,54543400
2000-08-04,21.019107818603516,34.5625,0.0,34.9375,34.09375,34.71875,0.0,38107400
2000-08-07,21.28516960144043,35.0,0.0,35.5625,34.875,35.09375,0.0,52741800
2000-08-08,22.539478302001953,37.0625,0.0,37.34375,35.0,35.03125,0.0,138038800
2000-08-09,22.57747459411621,37.125,0.0,37.4375,36.5625,36.875,0.0,63945600
2000-08-10,22.083362579345703,36.3125,0.0,37.03125,35.875,36.90625,0.0,48986000
2000-08-11,22.02635383605957,36.21875,0.0,36.34375,35.8125,36.21875,0.0,35629600
2000-08-14,21.950336456298828,36.09375,0.0,36.6875,35.6875,36.15625,0.0,53427000
2000-08-15,21.779287338256836,35.8125,0.0,36.5,35.75,36.0,0.0,40714200
2000-08-16,21.589237213134766,35.5,0.0,36.125,35.28125,35.9375,0.0,44976200
2000-08-17,21.760286331176758,35.78125,0.0,36.0,35.28125,35.5625,0.0,36112800
2000-08-18,21.589237213134766,35.5,0.0,35.71875,35.0,35.5625,0.0,54438800
2000-08-21,21.475215911865234,35.3125,0.0,35.40625,35.03125,35.34375,0.0,34119600
2000-08-22,21.665264129638672,35.625,0.0,36.21875,35.109375,35.40625,0.0,54428200
2000-08-23,21.513227462768555,35.375,0.0,35.5625,35.1875,35.40625,0.0,36726800
2000-08-24,21.62726593017578,35.5625,0.0,35.59375,34.96875,35.3125,0.0,42405400
2000-08-25,21.475215911865234,35.3125,0.0,35.84375,35.28125,35.34375,0.0,52729400
2000-08-28,21.68427085876465,35.65625,0.0,36.0625,35.0625,35.09375,0.0,56421600
2000-08-29,21.57023811340332,35.46875,0.0,36.375,35.4375,35.59375,0.0,59400200
2000-08-30,21.28516960144043,35.0,0.0,35.46875,34.84375,35.34375,0.0,53498800
2000-08-31,21.228160858154297,34.90625,0.0,36.0,34.84375,35.4375,0.0,72575400
2000-09-01,21.342182159423828,35.09375,0.0,35.3125,34.84375,35.0,0.0,37629800
2000-09-05,21.323184967041016,35.0625,0.0,35.34375,34.90625,35.0,0.0,50755200
2000-09-06,21.114126205444336,34.71875,0.0,35.34375,34.65625,35.03125,0.0,62960800
2000-09-07,21.30416488647461,35.03125,0.0,36.03125,34.71875,35.0,0.0,111711200
2000-09-08,21.076107025146484,34.65625,0.0,35.4375,34.59375,35.1875,0.0,56709600
2000-09-11,20.924076080322266,34.40625,0.0,34.84375,34.03125,34.5625,0.0,48495200
2000-09-12,20.71501922607422,34.0625,0.0,34.65625,33.8125,34.375,0.0,46781200
2000-09-13,20.75304412841797,34.125,0.0,34.375,33.59375,33.78125,0.0,40744800
2000-09-14,20.01186180114746,32.90625,0.0,34.375,32.84375,34.34375,0.0,78503000
2000-09-15,19.517742156982422,32.09375,0.0,32.8125,31.65625,32.71875,0.0,99915200
2000-09-18,19.156654357910156,31.5,0.0,32.3125,31.09375,32.125,0.0,69037800
2000-09-19,19.76480484008789,32.5,0.0,32.875,31.6875,31.8125,0.0,79311200
2000-09-20,19.5367431640625,32.125,0.0,32.5,31.59375,32.4375,0.0,67791400
2000-09-21,19.517742156982422,32.09375,0.0,32.5625,31.78125,32.0,0.0,48952200
2000-09-22,19.232667922973633,31.625,0.0,31.75,30.5,30.5625,0.0,84476600
2000-09-25,18.624521255493164,30.625,0.0,31.75,30.21875,31.625,0.0,53484200
2000-09-26,19.061630249023438,31.34375,0.0,32.9375,30.21875,30.46875,0.0,155704800
2000-09-27,18.43447494506836,30.3125,0.0,31.78125,29.90625,31.71875,0.0,106155600
2000-09-28,18.643526077270508,30.65625,0.0,30.9375,30.3125,30.40625,0.0,52360400
2000-09-29,18.33945655822754,30.15625,0.0,30.65625,29.3125,30.5,0.0,74053600
2000-10-02,17.97836685180664,29.5625,0.0,30.40625,29.125,30.25,0.0,58562400
2000-10-03,17.199176788330078,28.28125,0.0,29.90625,28.25,29.78125,0.0,85374000
2000-10-04,16.85710334777832,27.71875,0.0,28.28125,27.25,28.1875,0.0,136453400
2000-10-05,16.838083267211914,27.6875,0.0,28.625,27.625,27.75,0.0,81099400
2000-10-06,16.895105361938477,27.78125,0.0,28.375,27.375,27.90625,0.0,61794000
2000-10-09,16.477006912231445,27.09375,0.0,27.875,26.5,27.8125,0.0,58323600
2000-10-10,16.591032028198242,27.28125,0.0,27.78125,26.90625,26.96875,0.0,62066200
2000-10-11,16.952119827270508,27.875,0.0,28.46875,27.0,27.0,0.0,101205800
2000-10-12,16.534013748168945,27.1875,0.0,28.4375,26.90625,28.15625,0.0,90219600
2000-10-13,16.343965530395508,26.875,0.0,27.4375,26.0625,26.9375,0.0,104521200
2000-10-16,15.317724227905273,25.1875,0.0,26.90625,24.78125,26.75,0.0,119759000
2000-10-17,15.336730003356934,25.21875,0.0,26.21875,25.125,25.9375,0.0,81276600
2000-10-18,15.735823631286621,25.875,0.0,26.625,24.21875,24.8125,0.0,110536400
2000-10-19,18.814571380615234,30.9375,0.0,31.09375,29.0,29.21875,0.0,256993200
2000-10-20,19.821815490722656,32.59375,0.0,33.0625,30.5625,30.65625,0.0,160378600
2000-10-23,18.890588760375977,31.0625,0.0,33.125,30.34375,32.3125,0.0,185170400
2000-10-24,18.700546264648438,30.75,0.0,31.46875,30.09375,31.3125,0.0,94427400
2000-10-25,18.624521255493164,30.625,0.0,31.71875,30.21875,30.96875,0.0,167603800
2000-10-26,19.593767166137695,32.21875,0.0,32.53125,30.40625,30.5,0.0,114826600
2000-10-27,20.581995010375977,33.84375,0.0,34.59375,32.3125,32.34375,0.0,124292400
2000-10-30,21.000106811523438,34.53125,0.0,35.0625,33.6875,33.75,0.0,110057600
2000-10-31,20.943090438842773,34.4375,0.0,34.75,34.0,34.5,0.0,104474000
2000-11-01,21.171138763427734,34.8125,0.0,35.03125,34.21875,34.25,0.0,81309400
2000-11-02,21.380197525024414,35.15625,0.0,35.421875,34.8125,35.1875,0.0,77985200
2000-11-03,20.75304412841797,34.125,0.0,34.8125,34.03125,34.625,0.0,68711000
2000-11-06,21.13313865661621,34.75,0.0,35.0625,34.125,34.34375,0.0,74851400
2000-11-07,21.43720817565918,35.25,0.0,35.9375,34.75,34.875,0.0,104331200
2000-11-08,21.114126205444336,34.71875,0.0,36.1875,34.0,35.5625,0.0,206149400
2000-11-09,21.551239013671875,35.4375,0.0,35.65625,34.21875,34.25,0.0,91058600
2000-11-10,20.486976623535156,33.6875,0.0,35.15625,33.40625,34.96875,0.0,93744400
2000-11-13,20.201902389526367,33.21875,0.0,34.0625,32.203125,33.34375,0.0,83364800
2000-11-14,20.924076080322266,34.40625,0.0,34.90625,33.65625,34.0,0.0,84218600
2000-11-15,21.30416488647461,35.03125,0.0,35.4375,34.34375,34.53125,0.0,60422200
2000-11-16,20.962093353271484,34.46875,0.0,35.75,34.46875,34.71875,0.0,92128600
2000-11-17,21.000106811523438,34.53125,0.0,35.0,33.8984375,34.71875,0.0,106525600
2000-11-20,20.429960250854492,33.59375,0.0,34.25,32.78125,34.0625,0.0,80157200
2000-11-21,20.60099983215332,33.875,0.0,34.625,33.6875,33.6875,0.0,59487600
2000-11-22,20.75304412841797,34.125,0.0,34.75,33.0,33.03125,0.0,76343200
2000-11-24,21.266157150268555,34.96875,0.0,35.21875,34.25,34.5,0.0,34439200
2000-11-27,21.494224548339844,35.34375,0.0,36.125,35.3125,35.71875,0.0,85307600
2000-11-28,20.372955322265625,33.5,0.0,34.875,33.40625,34.6875,0.0,127446200
2000-11-29,19.783809661865234,32.53125,0.0,33.5625,31.625,33.40625,0.0,98280400
2000-11-30,17.446237564086914,28.6875,0.0,31.03125,28.5,31.0,0.0,197200800
2000-12-01,17.218183517456055,28.3125,0.0,30.3125,28.03125,29.03125,0.0,109809800
2000-12-04,17.16117286682129,28.21875,0.0,29.5,27.59375,28.625,0.0,80407200
2000-12-05,18.2064208984375,29.9375,0.0,30.25,29.125,29.59375,0.0,101734400
2000-12-06,17.237192153930664,28.34375,0.0,30.03125,28.03125,30.0,0.0,90560800
2000-12-07,16.153928756713867,26.5625,0.0,27.0,26.125,26.71875,0.0,145308400
2000-12-08,16.553028106689453,27.21875,0.0,27.9375,26.71875,27.3125,0.0,120939800
2000-12-11,17.655290603637695,29.03125,0.0,29.375,27.5,27.75,0.0,95576200
2000-12-12,17.75031089782715,29.1875,0.0,30.0,28.375,28.90625,0.0,63106000
2000-12-13,17.408231735229492,28.625,0.0,30.25,28.40625,30.25,0.0,98360400
2000-12-14,16.8760986328125,27.75,0.0,29.3671875,27.6875,28.96875,0.0,71201400
2000-12-15,14.956639289855957,24.59375,0.0,26.0,23.875,25.5234375,0.0,116899800
2000-12-18,14.538530349731445,23.90625,0.0,25.0,23.5,24.5,0.0,107187400
2000-12-19,13.626311302185059,22.40625,0.0,24.0,22.25,23.71875,0.0,120271800
2000-12-20,12.619067192077637,20.75,0.0,22.0,20.6875,21.40625,0.0,149037800
2000-12-21,13.208203315734863,21.71875,0.0,22.5625,20.15625,20.375,0.0,163173000
2000-12-22,14.120431900024414,23.21875,0.0,23.5625,22.375,22.375,0.0,109551800
2000-12-26,14.253466606140137,23.4375,0.0,24.28125,22.9375,23.4375,0.0,66941600
2000-12-27,14.120431900024414,23.21875,0.0,23.40625,22.5,23.0625,0.0,69003800
2000-12-28,13.55029010772705,22.28125,0.0,23.125,21.9375,22.5625,0.0,77619200
2000-12-29,13.189207077026367,21.6875,0.0,22.90625,21.5,21.96875,0.0,99977600
2001-01-02,13.189207077026367,21.6875,0.0,22.5,21.4375,22.0625,0.0,82413200
2001-01-03,14.57653522491455,23.96875,0.0,24.4375,21.5625,21.59375,0.0,135962200
2001-01-04,14.728577613830566,24.21875,0.0,25.25,23.4375,23.90625,0.0,112397000
2001-01-05,14.937629699707031,24.5625,0.0,24.9375,23.78125,24.25,0.0,93414600
2001-01-08,14.880616188049316,24.46875,0.0,24.875,23.34375,24.46875,0.0,79817600
2001-01-09,15.754817008972168,25.90625,0.0,26.3125,24.875,25.0,0.0,114965400
2001-01-10,16.077903747558594,26.4375,0.0,26.90625,25.375,25.5,0.0,90230200
2001-01-11,16.72406768798828,27.5,0.0,27.875,26.15625,26.5,0.0,101854800
2001-01-12,16.267946243286133,26.75,0.0,27.5,26.25,27.4375,0.0,73712000
2001-01-16,15.98288631439209,26.28125,0.0,26.75,25.5625,26.6875,0.0,68462400
2001-01-17,16.09691047668457,26.46875,0.0,27.4375,26.28125,26.8125,0.0,72844200
2001-01-18,16.8760986328125,27.75,0.0,28.09375,26.3125,26.84375,0.0,109788800
2001-01-19,18.54850196838379,30.5,0.0,30.71875,29.4375,30.0,0.0,209348800
2001-01-22,18.282440185546875,30.0625,0.0,30.5,29.5,30.375,0.0,76673000
2001-01-23,18.415475845336914,30.28125,0.0,30.46875,29.46875,29.875,0.0,70295200
2001-01-24,19.137645721435547,31.46875,0.0,31.71875,30.375,30.5,0.0,110455000
2001-01-25,18.795562744140625,30.90625,0.0,32.0,30.78125,31.375,0.0,85657400
2001-01-26,19.46072769165039,32.0,0.0,32.15625,30.5,30.5,0.0,93080000
2001-01-29,19.612768173217773,32.25,0.0,32.3125,31.75,31.78125,0.0,84983800
2001-01-30,19.27068519592285,31.6875,0.0,32.375,31.4375,32.25,0.0,57276800
2001-01-31,18.56751251220703,30.53125,0.0,31.875,30.5,31.5,0.0,81898800
2001-02-01,18.96661376953125,31.1875,0.0,31.3125,30.1875,30.40625,0.0,71792800
2001-02-02,18.491487503051758,30.40625,0.0,31.6875,30.375,31.25,0.0,71100000
2001-02-05,18.833568572998047,30.96875,0.0,31.03125,30.125,30.375,0.0,51399200
2001-02-06,19.023616790771484,31.28125,0.0,31.90625,30.84375,31.03125,0.0,96442000
2001-02-07,19.669780731201172,32.34375,0.0,32.53125,30.90625,31.0,0.0,126061800
2001-02-08,18.92859649658203,31.125,0.0,32.25,31.0,31.875,0.0,88041200
2001-02-09,17.97836685180664,29.5625,0.0,30.78125,29.25,30.65625,0.0,100575200
2001-02-12,17.86433982849121,29.375,0.0,29.71875,28.59375,29.40625,0.0,71289400
2001-02-13,17.69329833984375,29.09375,0.0,30.53125,29.0625,29.8125,0.0,76070600
2001-02-14,17.75031089782715,29.1875,0.0,29.5,28.1875,28.8125,0.0,61728400
2001-02-15,17.883344650268555,29.40625,0.0,30.09375,28.9375,29.5,0.0,65627800
2001-02-16,17.427230834960938,28.65625,0.0,29.125,28.0625,28.5,0.0,66958400
2001-02-20,16.990129470825195,27.9375,0.0,29.125,27.6875,28.6875,0.0,60730800
2001-02-21,17.10416030883789,28.125,0.0,29.03125,27.59375,27.625,0.0,63947200
2001-02-22,16.781085968017578,27.59375,0.0,28.40625,26.9375,28.15625,0.0,100816400
2001-02-23,17.256195068359375,28.375,0.0,28.75,27.15625,27.21875,0.0,92620600
2001-02-26,18.11140251159668,29.78125,0.0,29.96875,28.6875,28.8125,0.0,87936800
2001-02-27,18.054384231567383,29.6875,0.0,30.59375,29.3359375,29.6875,0.0,99148600
2001-02-28,17.940357208251953,29.5,0.0,30.0390625,29.09375,29.78125,0.0,84608400
2001-03-01,18.049636840820312,29.6796875,0.0,29.75,28.125,29.28125,0.0,81781600
2001-03-02,17.237192153930664,28.34375,0.0,29.0625,28.21875,28.75,0.0,79800800
2001-03-05,17.46524429321289,28.71875,0.0,29.3125,28.28125,28.625,0.0,49383600
2001-03-06,18.073387145996094,29.71875,0.0,30.0,29.1875,29.3125,0.0,66781800
2001-03-07,18.4534854888916,30.34375,0.0,30.5625,29.65625,29.9375,0.0,59743600
2001-03-08,18.016374588012695,29.625,0.0,30.296875,29.21875,30.15625,0.0,54626000
2001-03-09,17.237192153930664,28.34375,0.0,29.09375,27.4375,28.96875,0.0,103794400
2001-03-12,15.792835235595703,25.96875,0.0,27.5,25.8125,27.34375,0.0,114376000
2001-03-13,16.477006912231445,27.09375,0.0,27.375,26.0,26.09375,0.0,91035600
2001-03-14,16.41998863220215,27.0,0.0,27.625,26.09375,26.25,0.0,90686200
2001-03-15,16.32495880126953,26.84375,0.0,28.0390625,26.75,27.65625,0.0,71638400
2001-03-16,16.591032028198242,27.28125,0.0,27.5625,26.2421875,26.25,0.0,112848800
2001-03-19,16.51500701904297,27.15625,0.0,27.75,26.5625,27.25,0.0,61036400
2001-03-20,16.020891189575195,26.34375,0.0,28.0625,26.3125,27.28125,0.0,91822800
2001-03-21,15.222687721252441,25.03125,0.0,26.625,24.875,26.125,0.0,124988600
2001-03-22,16.41998863220215,27.0,0.0,27.03125,25.25,25.28125,0.0,126363200
2001-03-23,17.199176788330078,28.28125,0.0,28.5,27.1875,27.46875,0.0,99519600
2001-03-26,17.047142028808594,28.03125,0.0,28.75,27.78125,28.5625,0.0,63118600
2001-03-27,17.712308883666992,29.125,0.0,29.28125,27.9375,28.03125,0.0,95135600
2001-03-28,16.895105361938477,27.78125,0.0,28.96875,27.6875,28.6875,0.0,78681600
2001-03-29,16.838083267211914,27.6875,0.0,28.59375,27.28125,27.6875,0.0,86985000
2001-03-30,16.629032135009766,27.34375,0.0,28.09375,26.9375,27.875,0.0,91201600
2001-04-02,16.971128463745117,27.90625,0.0,28.46875,27.3125,27.40625,0.0,75924000
2001-04-03,16.229949951171875,26.6875,0.0,27.65625,26.375,27.65625,0.0,94187600
2001-04-04,15.792835235595703,25.96875,0.0,27.5,25.53125,26.6875,0.0,104046600
2001-04-05,17.256195068359375,28.375,0.0,28.6875,26.75,26.875,0.0,113364000
2001-04-06,17.08514976501465,28.09375,0.0,28.59375,27.53125,28.1875,0.0,92622000
2001-04-09,17.377822875976562,28.575000762939453,0.0,28.709999084472656,27.829999923706055,28.28499984741211,0.0,56295600
2001-04-10,18.147136688232422,29.84000015258789,0.0,30.045000076293945,28.889999389648438,28.975000381469727,0.0,109199400
2001-04-11,18.256591796875,30.020000457763672,0.0,30.75,29.850000381469727,30.325000762939453,0.0,109879600
2001-04-12,18.907312393188477,31.09000015258789,0.0,31.155000686645508,29.674999237060547,29.780000686645508,0.0,87520000
2001-04-16,18.484651565551758,30.395000457763672,0.0,30.790000915527344,30.059999465942383,30.700000762939453,0.0,65857400
2001-04-17,18.694459915161133,30.739999771118164,0.0,31.05500030517578,30.020000457763672,30.260000228881836,0.0,85149200
2001-04-18,19.895545959472656,32.71500015258789,0.0,33.154998779296875,31.5,31.69499969482422,0.0,156696400
2001-04-19,20.689180374145508,34.02000045776367,0.0,34.5,32.875,32.904998779296875,0.0,159375600
2001-04-20,20.98110580444336,34.5,0.0,35.54999923706055,34.25,35.150001525878906,0.0,192919600
2001-04-23,20.75304412841797,34.125,0.0,34.23500061035156,33.45000076293945,34.05500030517578,0.0,92171200
2001-04-24,20.540193557739258,33.775001525878906,0.0,34.96500015258789,33.56999969482422,34.099998474121094,0.0,89176600
2001-04-25,21.19090461730957,34.845001220703125,0.0,34.89500045776367,33.625,33.78499984741211,0.0,76744000
2001-04-26,21.020631790161133,34.564998626708984,0.0,35.5,34.125,35.03499984741211,0.0,118737600
2001-04-27,20.409440994262695,33.560001373291016,0.0,34.84000015258789,33.10499954223633,34.76499938964844,0.0,121572400
2001-04-30,20.60099983215332,33.875,0.0,34.529998779296875,33.84000015258789,34.26499938964844,0.0,74368200
2001-05-01,21.336872100830078,35.084999084472656,0.0,35.150001525878906,33.79999923706055,33.83000183105469,0.0,83702800
2001-05-02,21.212202072143555,34.880001068115234,0.0,35.57500076293945,34.67499923706055,35.5,0.0,92864400
2001-05-03,20.838186264038086,34.26499938964844,0.0,35.09000015258789,34.06999969482422,34.625,0.0,66273400
2001-05-04,21.513227462768555,35.375,0.0,35.525001525878906,33.97999954223633,34.0,0.0,119538400
2001-05-07,21.70478630065918,35.689998626708984,0.0,36.07500076293945,35.349998474121094,35.415000915527344,0.0,109356200
2001-05-08,21.91156578063965,36.029998779296875,0.0,36.04999923706055,35.375,35.875,0.0,75084000
2001-05-09,21.406801223754883,35.20000076293945,0.0,35.650001525878906,34.93000030517578,35.619998931884766,0.0,76676600
2001-05-10,21.28516960144043,35.0,0.0,35.619998931884766,34.97999954223633,35.564998626708984,0.0,64334600
2001-05-11,21.102718353271484,34.70000076293945,0.0,35.0,34.32500076293945,34.97999954223633,0.0,51128800
2001-05-14,20.895954132080078,34.36000061035156,0.0,34.599998474121094,34.150001525878906,34.564998626708984,0.0,44968000
2001-05-15,20.759122848510742,34.1349983215332,0.0,34.650001525878906,34.0,34.369998931884766,0.0,61385600
2001-05-16,21.029748916625977,34.58000183105469,0.0,34.939998626708984,33.665000915527344,33.849998474121094,0.0,91893800
2001-05-17,20.728713989257812,34.084999084472656,0.0,35.06999969482422,33.775001525878906,34.54999923706055,0.0,106984800
2001-05-18,20.704387664794922,34.04499816894531,0.0,34.599998474121094,33.625,33.845001220703125,0.0,90605400
2001-05-21,20.91724395751953,34.39500045776367,0.0,34.994998931884766,33.875,34.025001525878906,0.0,103491600
2001-05-22,21.379430770874023,35.154998779296875,0.0,35.17499923706055,34.59000015258789,34.724998474121094,0.0,83455600
2001-05-23,21.193946838378906,34.849998474121094,0.0,35.79999923706055,34.755001068115234,35.19499969482422,0.0,93637400
2001-05-24,21.808181762695312,35.86000061035156,0.0,35.88999938964844,34.6349983215332,34.970001220703125,0.0,80781600
2001-05-25,21.561880111694336,35.45500183105469,0.0,35.95000076293945,35.18000030517578,35.83000183105469,0.0,52747600
2001-05-29,21.388551712036133,35.16999816894531,0.0,35.875,35.025001525878906,35.400001525878906,0.0,71210800
2001-05-30,21.038869857788086,34.595001220703125,0.0,35.290000915527344,34.32500076293945,34.779998779296875,0.0,86501800
2001-05-31,21.035825729370117,34.59000015258789,0.0,35.189998626708984,34.20000076293945,34.744998931884766,0.0,70682600
2001-06-01,21.388551712036133,35.16999816894531,0.0,35.349998474121094,34.349998474121094,34.79999923706055,0.0,57587600
2001-06-04,21.522342681884766,35.38999938964844,0.0,35.5099983215332,34.900001525878906,35.275001525878906,0.0,43736600
2001-06-05,22.075769424438477,36.29999923706055,0.0,36.540000915527344,35.25,35.380001068115234,0.0,89454200
2001-06-06,22.002782821655273,36.18000030517578,0.0,36.7400016784668,35.775001525878906,36.44499969482422,0.0,80022800
2001-06-07,22.40416717529297,36.84000015258789,0.0,36.8650016784668,36.040000915527344,36.060001373291016,0.0,66960000
2001-06-08,22.255168914794922,36.595001220703125,0.0,36.875,36.025001525878906,36.849998474121094,0.0,51867000
2001-06-11,21.929811477661133,36.060001373291016,0.0,36.42499923706055,35.755001068115234,36.42499923706055,0.0,47345600
2001-06-12,21.91764259338379,36.040000915527344,0.0,36.20500183105469,35.404998779296875,35.5099983215332,0.0,66714600
2001-06-13,21.494976043701172,35.345001220703125,0.0,36.150001525878906,35.31999969482422,36.025001525878906,0.0,55302400
2001-06-14,20.9506893157959,34.45000076293945,0.0,35.275001525878906,34.20000076293945,35.11000061035156,0.0,71972400
2001-06-15,20.6831111907959,34.0099983215332,0.0,34.150001525878906,33.20000076293945,33.755001068115234,0.0,108354400
2001-06-18,20.336462020874023,33.439998626708984,0.0,33.97999954223633,33.005001068115234,33.974998474121094,0.0,56846800
2001-06-19,20.470260620117188,33.65999984741211,0.0,34.42499923706055,33.42499923706055,34.10499954223633,0.0,63457400
2001-06-20,21.10576820373535,34.70500183105469,0.0,34.79499816894531,33.54999923706055,33.56999969482422,0.0,64108400
2001-06-21,21.23651695251465,34.91999816894531,0.0,35.275001525878906,34.459999084472656,34.57500076293945,0.0,69603800
2001-06-22,20.92940902709961,34.415000915527344,0.0,35.30500030517578,34.290000915527344,35.0,0.0,51092000
2001-06-25,20.93549346923828,34.42499923706055,0.0,34.904998779296875,33.8849983215332,34.54999923706055,0.0,49215600
2001-06-26,21.327739715576172,35.06999969482422,0.0,35.10499954223633,33.849998474121094,33.90999984741211,0.0,63077000
2001-06-27,21.631824493408203,35.56999969482422,0.0,35.76499938964844,34.68000030517578,34.93000030517578,0.0,69199800
2001-06-28,22.11832618713379,36.369998931884766,0.0,38.07500076293945,35.26499938964844,35.775001525878906,0.0,128975600
2001-06-29,22.197385787963867,36.5,0.0,36.70500183105469,35.70000076293945,36.29999923706055,0.0,94283800
2001-07-02,21.467609405517578,35.29999923706055,0.0,36.57500076293945,35.07500076293945,36.025001525878906,0.0,72810200
2001-07-03,21.42808723449707,35.23500061035156,0.0,35.400001525878906,34.96500015258789,35.150001525878906,0.0,28037400
2001-07-05,20.832103729248047,34.255001068115234,0.0,35.36000061035156,34.220001220703125,35.11000061035156,0.0,49242600
2001-07-06,20.087120056152344,33.029998779296875,0.0,34.20000076293945,32.834999084472656,34.150001525878906,0.0,67467800
2001-07-09,19.9746150970459,32.845001220703125,0.0,33.45500183105469,32.52000045776367,33.099998474121094,0.0,66476600
2001-07-10,19.606685638427734,32.2400016784668,0.0,33.125,32.17499923706055,32.95000076293945,0.0,66562600
2001-07-11,20.220914840698242,33.25,0.0,33.375,32.099998474121094,32.10499954223633,0.0,73822600
2001-07-12,21.77168846130371,35.79999923706055,0.0,36.025001525878906,35.165000915527344,35.349998474121094,0.0,128078000
2001-07-13,21.6926212310791,35.66999816894531,0.0,36.0,35.470001220703125,35.70000076293945,0.0,58934600
2001-07-16,21.64398193359375,35.59000015258789,0.0,36.08000183105469,35.07500076293945,35.724998474121094,0.0,55990800
2001-07-17,21.838581085205078,35.90999984741211,0.0,36.005001068115234,35.06999969482422,35.33000183105469,0.0,63241000
2001-07-18,21.458486557006836,35.28499984741211,0.0,35.75,34.935001373291016,35.29999923706055,0.0,57590800
2001-07-19,22.066646575927734,36.28499984741211,0.0,36.5,35.61000061035156,35.61000061035156,0.0,76549400
2001-07-20,21.035825729370117,34.59000015258789,0.0,34.70000076293945,33.970001220703125,34.01499938964844,0.0,124203600
2001-07-23,20.400314331054688,33.54499816894531,0.0,34.619998931884766,33.17499923706055,34.619998931884766,0.0,79999400
2001-07-24,20.16617774963379,33.15999984741211,0.0,33.994998931884766,32.849998474121094,33.5,0.0,67530200
2001-07-25,20.518905639648438,33.7400016784668,0.0,33.7599983215332,32.80500030517578,33.130001068115234,0.0,74065400
2001-07-26,20.248287200927734,33.29499816894531,0.0,33.65999984741211,32.75,33.560001373291016,0.0,77974000
2001-07-27,19.907712936401367,32.73500061035156,0.0,33.125,32.525001525878906,33.025001525878906,0.0,65396000
2001-07-30,20.008056640625,32.900001525878906,0.0,33.439998626708984,32.77000045776367,32.82500076293945,0.0,42196400
2001-07-31,20.126651763916016,33.095001220703125,0.0,33.69499969482422,32.92499923706055,33.005001068115234,0.0,59031600
2001-08-01,20.21178436279297,33.23500061035156,0.0,33.404998779296875,32.880001068115234,33.400001525878906,0.0,55679000
2001-08-02,20.509784698486328,33.724998474121094,0.0,33.77000045776367,33.130001068115234,33.60499954223633,0.0,54198400
2001-08-03,20.339494705200195,33.44499969482422,0.0,33.68000030517578,33.0,33.650001525878906,0.0,43260400
2001-08-06,20.108409881591797,33.064998626708984,0.0,33.560001373291016,32.84000015258789,33.26499938964844,0.0,27831600
2001-08-07,20.17530059814453,33.17499923706055,0.0,33.525001525878906,32.994998931884766,33.02000045776367,0.0,31347800
2001-08-08,19.722227096557617,32.43000030517578,0.0,33.619998931884766,32.244998931884766,33.255001068115234,0.0,54996400
2001-08-09,19.76784324645996,32.505001068115234,0.0,32.775001525878906,32.150001525878906,32.4900016784668,0.0,45536200
2001-08-10,19.92292022705078,32.7599983215332,0.0,32.93000030517578,31.450000762939453,32.3849983215332,0.0,51756400
2001-08-13,20.017183303833008,32.915000915527344,0.0,32.994998931884766,32.375,32.619998931884766,0.0,32675400
2001-08-14,19.67053985595703,32.345001220703125,0.0,33.04499816894531,32.224998474121094,32.875,0.0,36481200
2001-08-15,19.217464447021484,31.600000381469727,0.0,32.525001525878906,31.600000381469727,32.35499954223633,0.0,39503000
2001-08-16,19.649259567260742,32.310001373291016,0.0,32.35499954223633,31.350000381469727,31.420000076293945,0.0,43905600
2001-08-17,18.816089630126953,30.940000534057617,0.0,32.064998626708984,30.75,31.889999389648438,0.0,52234200
2001-08-20,19.0654296875,31.350000381469727,0.0,31.375,30.549999237060547,30.829999923706055,0.0,48371200
2001-08-21,18.481609344482422,30.389999389648438,0.0,31.600000381469727,30.354999542236328,31.350000381469727,0.0,47111800
2001-08-22,18.445117950439453,30.329999923706055,0.0,30.575000762939453,29.540000915527344,30.565000534057617,0.0,78107200
2001-08-23,17.976850509643555,29.559999465942383,0.0,30.764999389648438,29.5,30.334999084472656,0.0,51813200
2001-08-24,18.867780685424805,31.024999618530273,0.0,31.139999389648438,29.614999771118164,29.799999237060547,0.0,63399000
2001-08-27,18.946840286254883,31.155000686645508,0.0,31.68000030517578,30.78499984741211,30.950000762939453,0.0,44562800
2001-08-28,18.46944236755371,30.3700008392334,0.0,31.475000381469727,30.290000915527344,31.170000076293945,0.0,47422800
2001-08-29,18.320449829101562,30.125,0.0,30.649999618530273,29.770000457763672,30.524999618530273,0.0,48170000
2001-08-30,17.3139705657959,28.469999313354492,0.0,29.829999923706055,28.260000228881836,29.520000457763672,0.0,97632000
2001-08-31,17.347415924072266,28.524999618530273,0.0,29.030000686645508,28.149999618530273,28.424999237060547,0.0,57900800
2001-09-04,17.058551788330078,28.049999237060547,0.0,29.540000915527344,28.03499984741211,28.594999313354492,0.0,67189200
2001-09-05,17.557222366333008,28.8700008392334,0.0,29.19499969482422,27.69499969482422,28.09000015258789,0.0,89470600
2001-09-06,17.03421401977539,28.010000228881836,0.0,29.19499969482422,27.950000762939453,28.280000686645508,0.0,112356800
2001-09-07,16.845699310302734,27.700000762939453,0.0,28.68000030517578,27.655000686645508,28.05500030517578,0.0,89863800
2001-09-10,17.508573532104492,28.790000915527344,0.0,28.975000381469727,27.350000381469727,27.459999084472656,0.0,84471800
2001-09-17,16.088542938232422,26.454999923706055,0.0,27.549999237060547,26.399999618530273,27.010000228881836,0.0,127502000
2001-09-18,16.517290115356445,27.15999984741211,0.0,27.5,26.584999084472656,26.704999923706055,0.0,83182600
2001-09-19,16.380455017089844,26.934999465942383,0.0,27.350000381469727,25.299999237060547,27.229999542236328,0.0,126950200
2001-09-20,15.434786796569824,25.3799991607666,0.0,26.30500030517578,25.334999084472656,26.174999237060547,0.0,117983200
2001-09-21,15.115516662597656,24.854999542236328,0.0,25.299999237060547,23.75,23.959999084472656,0.0,184976600
2001-09-24,15.814887046813965,26.0049991607666,0.0,26.225000381469727,24.934999465942383,25.325000762939453,0.0,85580200
2001-09-25,15.59898567199707,25.649999618530273,0.0,26.5,25.079999923706055,26.135000228881836,0.0,84940600
2001-09-26,15.285797119140625,25.135000228881836,0.0,25.899999618530273,24.774999618530273,25.7549991607666,0.0,58524400
2001-09-27,15.191529273986816,24.979999542236328,0.0,25.34000015258789,24.0,25.049999237060547,0.0,81191200
2001-09-28,15.55945110321045,25.584999084472656,0.0,25.795000076293945,24.489999771118164,24.809999465942383,0.0,116641200
2001-10-01,15.747983932495117,25.895000457763672,0.0,26.25,25.204999923706055,25.469999313354492,0.0,69999600
2001-10-02,16.131122589111328,26.524999618530273,0.0,26.774999618530273,25.780000686645508,25.815000534057617,0.0,80860800
2001-10-03,17.098073959350586,28.114999771118164,0.0,28.46500015258789,26.200000762939453,26.239999771118164,0.0,97199200
2001-10-04,17.161930084228516,28.219999313354492,0.0,29.200000762939453,28.104999542236328,28.459999084472656,0.0,101778000
2001-10-05,17.551143646240234,28.860000610351562,0.0,29.0,27.469999313354492,28.079999923706055,0.0,80844400
2001-10-08,17.64844512939453,29.020000457763672,0.0,29.325000762939453,28.3700008392334,28.399999618530273,0.0,60605800
2001-10-09,16.590267181396484,27.280000686645508,0.0,28.78499984741211,27.094999313354492,28.75,0.0,99477600
2001-10-10,16.879148483276367,27.7549991607666,0.0,27.875,26.5,26.799999237060547,0.0,86349200
2001-10-11,17.125436782836914,28.15999984741211,0.0,28.420000076293945,27.295000076293945,27.8799991607666,0.0,83742600
2001-10-12,17.14369773864746,28.190000534057617,0.0,28.31999969482422,27.274999618530273,27.850000381469727,0.0,63307000
2001-10-15,17.65453338623047,29.030000686645508,0.0,29.25,27.924999237060547,27.950000762939453,0.0,68437000
2001-10-16,17.77311134338379,29.225000381469727,0.0,29.454999923706055,28.604999542236328,28.934999465942383,0.0,66169000
2001-10-17,17.03725814819336,28.014999389648438,0.0,29.649999618530273,27.989999771118164,29.559999465942383,0.0,73710600
2001-10-18,17.256195068359375,28.375,0.0,28.790000915527344,27.75,28.170000076293945,0.0,78348000
2001-10-19,17.605871200561523,28.950000762939453,0.0,29.0049991607666,27.815000534057617,28.700000762939453,0.0,91219600
2001-10-22,18.2930850982666,30.079999923706055,0.0,30.09000015258789,28.735000610351562,28.950000762939453,0.0,72323600
2001-10-23,18.37519073486328,30.21500015258789,0.0,30.719999313354492,29.700000762939453,30.235000610351562,0.0,80325000
2001-10-24,18.645801544189453,30.65999984741211,0.0,30.809999465942383,29.809999465942383,30.25,0.0,79141400
2001-10-25,19.022859573364258,31.280000686645508,0.0,31.299999237060547,29.78499984741211,30.30500030517578,0.0,75318200
2001-10-26,18.91339874267578,31.100000381469727,0.0,31.815000534057617,31.040000915527344,31.15999984741211,0.0,64509400
2001-10-29,18.134973526000977,29.81999969482422,0.0,31.100000381469727,29.770000457763672,31.049999237060547,0.0,55129400
2001-10-30,17.903871536254883,29.440000534057617,0.0,29.770000457763672,29.094999313354492,29.459999084472656,0.0,57395600
2001-10-31,17.68189811706543,29.075000762939453,0.0,30.364999771118164,29.049999237060547,29.649999618530273,0.0,64700000
2001-11-01,18.803932189941406,30.920000076293945,0.0,31.125,29.799999237060547,30.040000915527344,0.0,109671200
2001-11-02,18.670133590698242,30.700000762939453,0.0,31.510000228881836,30.2549991607666,30.96500015258789,0.0,83360000
2001-11-05,19.23875617980957,31.635000228881836,0.0,32.01499938964844,30.875,30.93000030517578,0.0,66401600
2001-11-06,19.697904586791992,32.38999938964844,0.0,32.470001220703125,31.079999923706055,31.350000381469727,0.0,68612000
2001-11-07,19.5367431640625,32.125,0.0,32.525001525878906,32.01499938964844,32.11000061035156,0.0,58899000
2001-11-08,19.588441848754883,32.209999084472656,0.0,33.029998779296875,31.829999923706055,32.22999954223633,0.0,74227800
2001-11-09,19.82866096496582,32.60499954223633,0.0,32.82500076293945,31.954999923706055,32.16999816894531,0.0,48013600
2001-11-12,20.00501823425293,32.89500045776367,0.0,33.220001220703125,31.825000762939453,32.349998474121094,0.0,57752800
2001-11-13,20.64661407470703,33.95000076293945,0.0,33.974998474121094,33.29999923706055,33.400001525878906,0.0,60159600
2001-11-14,20.053665161132812,32.974998474121094,0.0,34.16999816894531,32.89500045776367,34.1150016784668,0.0,88625600
2001-11-15,20.105358123779297,33.060001373291016,0.0,33.525001525878906,32.724998474121094,33.04999923706055,0.0,77922000
2001-11-16,19.99285316467285,32.875,0.0,33.30500030517578,32.474998474121094,33.18000030517578,0.0,59249000
2001-11-19,20.233062744140625,33.27000045776367,0.0,33.48500061035156,32.849998474121094,33.125,0.0,56005000
2001-11-20,19.886428833007812,32.70000076293945,0.0,33.900001525878906,32.51499938964844,33.224998474121094,0.0,65921800
2001-11-21,19.475934982299805,32.025001525878906,0.0,32.29999923706055,31.739999771118164,32.18000030517578,0.0,50785200
2001-11-23,19.676616668701172,32.35499954223633,0.0,32.404998779296875,31.809999465942383,32.189998626708984,0.0,15754600
2001-11-26,19.807374954223633,32.56999969482422,0.0,32.85499954223633,32.20000076293945,32.494998931884766,0.0,41983600
2001-11-27,19.38166618347168,31.8700008392334,0.0,32.53499984741211,31.375,32.39500045776367,0.0,90819000
2001-11-28,19.095842361450195,31.399999618530273,0.0,32.060001373291016,31.364999771118164,31.584999084472656,0.0,54536600
2001-11-29,19.71614646911621,32.41999816894531,0.0,32.45000076293945,31.475000381469727,31.559999465942383,0.0,54034400
2001-11-30,19.52458381652832,32.10499954223633,0.0,32.540000915527344,31.96500015258789,32.33000183105469,0.0,48234200
2001-12-03,19.694862365722656,32.3849983215332,0.0,32.6150016784668,31.899999618530273,31.915000915527344,0.0,47211800
2001-12-04,20.06887435913086,33.0,0.0,33.040000915527344,32.04999923706055,32.5,0.0,51005800
2001-12-05,20.707435607910156,34.04999923706055,0.0,34.084999084472656,32.599998474121094,33.244998931884766,0.0,74243000
2001-12-06,20.874677658081055,34.32500076293945,0.0,34.5,33.775001525878906,33.9900016784668,0.0,56026200
2001-12-07,20.625322341918945,33.915000915527344,0.0,34.41999816894531,33.275001525878906,34.125,0.0,42334800
2001-12-10,20.391193389892578,33.529998779296875,0.0,34.224998474121094,33.43000030517578,33.7599983215332,0.0,38367400
2001-12-11,20.470260620117188,33.65999984741211,0.0,34.064998626708984,33.53499984741211,33.83000183105469,0.0,54334000
2001-12-12,20.661823272705078,33.974998474121094,0.0,33.9900016784668,33.125,33.58000183105469,0.0,47884200
2001-12-13,20.150978088378906,33.1349983215332,0.0,34.119998931884766,33.03499984741211,33.564998626708984,0.0,53227800
2001-12-14,20.506744384765625,33.720001220703125,0.0,33.974998474121094,32.96500015258789,33.0099983215332,0.0,43000600
2001-12-17,20.975025177001953,34.4900016784668,0.0,34.55500030517578,33.58000183105469,33.584999084472656,0.0,57079800
2001-12-18,21.06319236755371,34.6349983215332,0.0,34.70000076293945,34.29999923706055,34.459999084472656,0.0,47255200
2001-12-19,21.13009262084961,34.744998931884766,0.0,34.94499969482422,34.224998474121094,34.310001373291016,0.0,56996200
2001-12-20,20.299970626831055,33.380001068115234,0.0,34.625,33.310001373291016,34.57500076293945,0.0,78585000
2001-12-21,20.537147521972656,33.77000045776367,0.0,34.0099983215332,33.5,34.005001068115234,0.0,84307600
2001-12-24,20.455049514770508,33.6349983215332,0.0,34.01499938964844,33.599998474121094,33.86000061035156,0.0,11701600
2001-12-26,20.579713821411133,33.84000015258789,0.0,34.53499984741211,33.69499969482422,33.709999084472656,0.0,29328000
2001-12-27,20.631412506103516,33.92499923706055,0.0,34.35499954223633,33.630001068115234,33.9900016784668,0.0,32406600
2001-12-28,20.637495040893555,33.935001373291016,0.0,34.42499923706055,33.849998474121094,34.1150016784668,0.0,28787200
2001-12-31,20.1448917388916,33.125,0.0,34.2400016784668,33.125,33.91999816894531,0.0,43006200
2002-01-02,20.385107040405273,33.52000045776367,0.0,33.55500030517578,32.755001068115234,33.32500076293945,0.0,48124000
2002-01-03,21.051040649414062,34.6150016784668,0.0,34.625,33.54499816894531,33.55500030517578,0.0,67590800
2002-01-04,20.9506893157959,34.45000076293945,0.0,34.95500183105469,34.334999084472656,34.625,0.0,52731400
2002-01-07,20.847301483154297,34.279998779296875,0.0,35.0099983215332,34.17499923706055,34.875,0.0,58508800
2002-01-08,21.096651077270508,34.689998626708984,0.0,34.93000030517578,34.0,34.345001220703125,0.0,47736400
2002-01-09,20.892915725708008,34.35499954223633,0.0,35.310001373291016,34.275001525878906,34.86000061035156,0.0,76304000
2002-01-10,21.066246032714844,34.63999938964844,0.0,34.900001525878906,34.064998626708984,34.2400016784668,0.0,50296600
2002-01-11,20.86250114440918,34.30500030517578,0.0,35.15999984741211,34.04999923706055,34.7599983215332,0.0,72993200
2002-01-14,20.8199405670166,34.23500061035156,0.0,34.52000045776367,33.869998931884766,34.150001525878906,0.0,50997800
2002-01-15,21.14834213256836,34.775001525878906,0.0,34.810001373291016,34.25,34.33000183105469,0.0,60717400
2002-01-16,20.637495040893555,33.935001373291016,0.0,34.91999816894531,33.92499923706055,34.42499923706055,0.0,61955400
2002-01-17,21.242603302001953,34.93000030517578,0.0,35.0,34.20000076293945,34.26499938964844,0.0,78958000
2002-01-18,20.09928321838379,33.04999923706055,0.0,33.92499923706055,32.709999084472656,33.54999923706055,0.0,107140400
2002-01-22,19.600595474243164,32.22999954223633,0.0,33.314998626708984,32.125,33.30500030517578,0.0,76837200
2002-01-23,19.38166618347168,31.8700008392334,0.0,32.35499954223633,31.6200008392334,32.025001525878906,0.0,80403000
2002-01-24,19.64316749572754,32.29999923706055,0.0,32.59000015258789,31.899999618530273,32.04999923706055,0.0,83886000
2002-01-25,19.39991569519043,31.899999618530273,0.0,32.42499923706055,31.7549991607666,32.095001220703125,0.0,48981200
2002-01-28,19.405990600585938,31.90999984741211,0.0,32.20000076293945,31.454999923706055,32.1150016784668,0.0,41622000
2002-01-29,18.94989013671875,31.15999984741211,0.0,32.25,30.9950008392334,31.950000762939453,0.0,58666000
2002-01-30,19.111038208007812,31.424999237060547,0.0,31.450000762939453,30.665000915527344,31.225000381469727,0.0,66100000
2002-01-31,19.372549057006836,31.854999542236328,0.0,31.905000686645508,31.059999465942383,31.530000686645508,0.0,69566200
2002-02-01,19.05327033996582,31.329999923706055,0.0,32.25,31.235000610351562,32.07500076293945,0.0,63462200
2002-02-04,18.58499526977539,30.559999465942383,0.0,31.344999313354492,30.375,31.200000762939453,0.0,70308400
2002-02-05,18.5941162109375,30.575000762939453,0.0,31.114999771118164,30.25,30.399999618530273,0.0,66772600
2002-02-06,18.366064071655273,30.200000762939453,0.0,30.94499969482422,30.125,30.80500030517578,0.0,66103000
2002-02-07,18.183616638183594,29.899999618530273,0.0,30.80500030517578,29.875,30.149999618530273,0.0,63314000
2002-02-08,18.442081451416016,30.325000762939453,0.0,30.329999923706055,29.415000915527344,30.059999465942383,0.0,61283000
2002-02-11,18.58803367614746,30.565000534057617,0.0,30.6200008392334,29.795000076293945,30.0049991607666,0.0,50899600
2002-02-12,18.28700065612793,30.06999969482422,0.0,30.424999237060547,30.010000228881836,30.2450008392334,0.0,44973800
2002-02-13,18.797849655151367,30.90999984741211,0.0,30.940000534057617,29.975000381469727,30.1299991607666,0.0,54168600
2002-02-14,18.755268096923828,30.84000015258789,0.0,31.4950008392334,30.65999984741211,31.0,0.0,57267000
2002-02-15,18.314369201660156,30.114999771118164,0.0,31.030000686645508,30.100000381469727,30.850000381469727,0.0,50179800
2002-02-19,17.91907501220703,29.46500015258789,0.0,30.06999969482422,29.299999237060547,29.954999923706055,0.0,52262600
2002-02-20,18.214031219482422,29.950000762939453,0.0,30.18000030517578,29.399999618530273,29.700000762939453,0.0,50492000
2002-02-21,17.651485443115234,29.024999618530273,0.0,30.135000228881836,29.0049991607666,29.860000610351562,0.0,59398400
2002-02-22,17.633251190185547,28.9950008392334,0.0,29.375,28.575000762939453,29.024999618530273,0.0,71347800
2002-02-25,17.964679718017578,29.540000915527344,0.0,29.94499969482422,28.94499969482422,28.969999313354492,0.0,51832200
2002-02-26,17.803525924682617,29.274999618530273,0.0,30.0,28.950000762939453,29.549999237060547,0.0,63276200
2002-02-27,17.7548770904541,29.19499969482422,0.0,30.075000762939453,28.9950008392334,29.53499984741211,0.0,65750000
2002-02-28,17.739669799804688,29.170000076293945,0.0,29.850000381469727,29.06999969482422,29.389999389648438,0.0,68068000
2002-03-01,18.661014556884766,30.684999465942383,0.0,30.709999084472656,29.424999237060547,29.524999618530273,0.0,62115600
2002-03-04,19.247879028320312,31.649999618530273,0.0,31.75,30.434999465942383,30.6200008392334,0.0,74464200
2002-03-05,19.18098258972168,31.540000915527344,0.0,31.940000534057617,31.170000076293945,31.5,0.0,55926400
2002-03-06,19.348222732543945,31.815000534057617,0.0,31.850000381469727,31.094999313354492,31.454999923706055,0.0,49835400
2002-03-07,19.071516036987305,31.360000610351562,0.0,31.940000534057617,30.93000030517578,31.834999084472656,0.0,58079200
2002-03-08,19.445528030395508,31.975000381469727,0.0,32.349998474121094,31.584999084472656,31.815000534057617,0.0,57701800
2002-03-11,19.56411361694336,32.16999816894531,0.0,32.5,31.5,31.7549991607666,0.0,43718200
2002-03-12,19.01677703857422,31.270000457763672,0.0,31.399999618530273,30.834999084472656,31.260000228881836,0.0,66407200
2002-03-13,18.88298225402832,31.049999237060547,0.0,31.510000228881836,30.975000381469727,31.040000915527344,0.0,44387400
2002-03-14,18.615398406982422,30.610000610351562,0.0,31.1200008392334,30.524999618530273,31.06999969482422,0.0,51819600
2002-03-15,19.00157928466797,31.2450008392334,0.0,31.2549991607666,30.485000610351562,30.5,0.0,69086800
2002-03-18,18.895145416259766,31.06999969482422,0.0,31.4950008392334,30.600000381469727,31.3700008392334,0.0,52296800
2002-03-19,18.922521591186523,31.114999771118164,0.0,31.5,30.75,31.09000015258789,0.0,36376400
2002-03-20,18.274839401245117,30.049999237060547,0.0,31.010000228881836,30.049999237060547,30.700000762939453,0.0,55235200
2002-03-21,18.657978057861328,30.68000030517578,0.0,30.795000076293945,29.915000915527344,30.104999542236328,0.0,46123400
2002-03-22,18.381263732910156,30.225000381469727,0.0,30.56999969482422,30.110000610351562,30.524999618530273,0.0,41341400
2002-03-25,18.010299682617188,29.614999771118164,0.0,30.389999389648438,29.575000762939453,30.239999771118164,0.0,47752400
2002-03-26,17.964679718017578,29.540000915527344,0.0,30.459999084472656,29.155000686645508,29.549999237060547,0.0,69357200
2002-03-27,18.074148178100586,29.719999313354492,0.0,29.940000534057617,29.295000076293945,29.399999618530273,0.0,47318400
2002-03-28,18.33868980407715,30.155000686645508,0.0,30.325000762939453,29.829999923706055,29.975000381469727,0.0,43901200
2002-04-01,18.359975814819336,30.190000534057617,0.0,30.200000762939453,29.600000381469727,29.915000915527344,0.0,47010000
2002-04-02,17.41735076904297,28.639999389648438,0.0,29.545000076293945,28.55500030517578,29.450000762939453,0.0,76509400
2002-04-03,17.12847900390625,28.165000915527344,0.0,28.80500030517578,27.75,28.719999313354492,0.0,76931400
2002-04-04,17.16497039794922,28.225000381469727,0.0,28.485000610351562,27.709999084472656,27.989999771118164,0.0,61763800
2002-04-05,16.988609313964844,27.934999465942383,0.0,28.649999618530273,27.920000076293945,28.44499969482422,0.0,50166000
2002-04-08,17.399105072021484,28.610000610351562,0.0,28.655000686645508,27.1299991607666,27.149999618530273,0.0,73389600
2002-04-09,16.684534072875977,27.434999465942383,0.0,28.71500015258789,27.399999618530273,28.665000915527344,0.0,63413000
2002-04-10,17.119352340698242,28.149999618530273,0.0,28.55500030517578,27.530000686645508,27.559999465942383,0.0,75636400
2002-04-11,16.660205841064453,27.395000457763672,0.0,28.225000381469727,27.25,27.94499969482422,0.0,58165800
2002-04-12,17.00684928894043,27.96500015258789,0.0,28.1299991607666,27.43000030517578,27.575000762939453,0.0,52297600
2002-04-15,16.93387794494629,27.844999313354492,0.0,28.375,27.700000762939453,28.0,0.0,47388800
2002-04-16,17.578516006469727,28.905000686645508,0.0,29.049999237060547,28.18000030517578,28.200000762939453,0.0,51921600
2002-04-17,17.219703674316406,28.315000534057617,0.0,29.139999389648438,28.209999084472656,28.975000381469727,0.0,55158600
2002-04-18,17.140640258789062,28.184999465942383,0.0,28.655000686645508,26.34000015258789,28.395000457763672,0.0,74794800
2002-04-19,17.393028259277344,28.600000381469727,0.0,28.989999771118164,28.43000030517578,28.719999313354492,0.0,104268600
2002-04-22,16.903465270996094,27.795000076293945,0.0,28.350000381469727,27.5,28.260000228881836,0.0,51465200
2002-04-23,16.41694450378418,26.9950008392334,0.0,27.90999984741211,26.649999618530273,27.850000381469727,0.0,68281400
2002-04-24,16.121994018554688,26.510000228881836,0.0,27.21500015258789,26.5,26.924999237060547,0.0,61220400
2002-04-25,16.337888717651367,26.864999771118164,0.0,27.225000381469727,26.440000534057617,26.450000762939453,0.0,57290400
2002-04-26,15.659804344177246,25.75,0.0,27.225000381469727,25.729999542236328,27.03499984741211,0.0,62776600
2002-04-29,15.8848237991333,26.1200008392334,0.0,26.454999923706055,25.719999313354492,25.735000610351562,0.0,70246000
2002-04-30,15.890901565551758,26.1299991607666,0.0,26.649999618530273,25.959999084472656,26.049999237060547,0.0,77384000
2002-05-01,16.039901733398438,26.375,0.0,26.594999313354492,25.329999923706055,26.079999923706055,0.0,76413000
2002-05-02,15.571627616882324,25.604999542236328,0.0,27.03499984741211,25.575000762939453,26.31999969482422,0.0,79009200
2002-05-03,15.069901466369629,24.780000686645508,0.0,25.84000015258789,24.7549991607666,25.6299991607666,0.0,71628000
2002-05-06,14.784071922302246,24.309999465942383,0.0,25.270000457763672,24.184999465942383,24.719999313354492,0.0,66299400
2002-05-07,15.042536735534668,24.735000610351562,0.0,25.145000457763672,24.174999237060547,24.59000015258789,0.0,88385400
2002-05-08,16.714937210083008,27.485000610351562,0.0,27.485000610351562,25.610000610351562,25.635000228881836,0.0,101242000
2002-05-09,15.848328590393066,26.059999465942383,0.0,27.5,25.950000762939453,27.200000762939453,0.0,83288200
2002-05-10,15.218891143798828,25.024999618530273,0.0,26.334999084472656,24.9950008392334,26.264999389648438,0.0,64408800
2002-05-13,16.02165412902832,26.344999313354492,0.0,26.454999923706055,24.875,25.225000381469727,0.0,64819000
2002-05-14,16.687578201293945,27.440000534057617,0.0,27.549999237060547,26.989999771118164,27.200000762939453,0.0,64832400
2002-05-15,16.64803695678711,27.375,0.0,28.219999313354492,26.93000030517578,27.2450008392334,0.0,70412000
2002-05-16,16.949079513549805,27.8700008392334,0.0,28.014999389648438,27.325000762939453,27.354999542236328,0.0,53406400
2002-05-17,17.03725814819336,28.014999389648438,0.0,28.200000762939453,27.635000228881836,28.104999542236328,0.0,54646200
2002-05-20,16.42302894592285,27.0049991607666,0.0,27.774999618530273,26.75,27.75,0.0,52115800
2002-05-21,15.869620323181152,26.094999313354492,0.0,27.299999237060547,26.065000534057617,26.975000381469727,0.0,63120000
2002-05-22,16.325721740722656,26.844999313354492,0.0,26.860000610351562,25.924999237060547,25.934999465942383,0.0,54169400
2002-05-23,16.66933250427246,27.40999984741211,0.0,27.420000076293945,26.5049991607666,26.850000381469727,0.0,51412800
2002-05-24,16.194974899291992,26.6299991607666,0.0,27.260000228881836,26.520000457763672,27.06999969482422,0.0,35982000
2002-05-28,15.90914535522461,26.15999984741211,0.0,26.844999313354492,25.875,26.795000076293945,0.0,49602000
2002-05-29,15.827045440673828,26.024999618530273,0.0,26.360000610351562,25.774999618530273,25.825000762939453,0.0,45393200
2002-05-30,16.006446838378906,26.31999969482422,0.0,26.68000030517578,25.71500015258789,25.81999969482422,0.0,63213000
2002-05-31,15.480400085449219,25.454999923706055,0.0,26.709999084472656,25.440000534057617,26.450000762939453,0.0,66468000
2002-06-03,15.027336120605469,24.709999084472656,0.0,25.81999969482422,24.584999084472656,25.4950008392334,0.0,88439000
2002-06-04,15.197609901428223,24.989999771118164,0.0,25.614999771118164,24.6200008392334,24.75,0.0,88008400
2002-06-05,15.708455085754395,25.829999923706055,0.0,25.875,25.165000915527344,25.21500015258789,0.0,66969400
2002-06-06,15.781434059143066,25.950000762939453,0.0,26.06999969482422,25.0,25.75,0.0,78703400
2002-06-07,15.80575942993164,25.989999771118164,0.0,26.299999237060547,24.93000030517578,24.94499969482422,0.0,97834400
2002-06-10,16.061182022094727,26.40999984741211,0.0,26.649999618530273,25.729999542236328,25.825000762939453,0.0,71825400
2002-06-11,15.9851655960083,26.28499984741211,0.0,27.09000015258789,26.209999084472656,26.6200008392334,0.0,74368200
2002-06-12,16.888256072998047,27.770000457763672,0.0,27.889999389648438,26.25,26.290000915527344,0.0,136198600
2002-06-13,16.486886978149414,27.110000610351562,0.0,27.739999771118164,27.100000381469727,27.420000076293945,0.0,79771600
2002-06-14,16.800077438354492,27.625,0.0,27.774999618530273,26.5,26.575000762939453,0.0,109433600
2002-06-17,16.93083381652832,27.84000015258789,0.0,28.219999313354492,27.684999465942383,27.829999923706055,0.0,94486600
2002-06-18,17.02509307861328,27.9950008392334,0.0,28.145000457763672,27.674999237060547,27.764999389648438,0.0,77518400
2002-06-19,16.52946662902832,27.18000030517578,0.0,27.969999313354492,27.15999984741211,27.735000610351562,0.0,81247000
2002-06-20,16.45040512084961,27.049999237060547,0.0,27.549999237060547,26.950000762939453,27.184999465942383,0.0,86401200
2002-06-21,15.896980285644531,26.139999389648438,0.0,27.274999618530273,26.139999389648438,26.700000762939453,0.0,116820000
2002-06-24,16.468639373779297,27.079999923706055,0.0,27.31999969482422,25.924999237060547,26.045000076293945,0.0,104523200
2002-06-25,16.10071563720703,26.475000381469727,0.0,27.5,26.399999618530273,27.350000381469727,0.0,84025200
2002-06-26,16.45952033996582,27.065000534057617,0.0,27.19499969482422,25.524999618530273,25.524999618530273,0.0,112131400
2002-06-27,16.69974136352539,27.459999084472656,0.0,27.469999313354492,26.43000030517578,27.299999237060547,0.0,95812400
2002-06-28,16.632841110229492,27.350000381469727,0.0,27.895000457763672,27.0,27.274999618530273,0.0,89555600
2002-07-01,16.012527465820312,26.329999923706055,0.0,27.19499969482422,26.290000915527344,27.059999465942383,0.0,66473800
2002-07-02,15.64155387878418,25.719999313354492,0.0,26.459999084472656,25.665000915527344,26.190000534057617,0.0,82814200
2002-07-03,15.763184547424316,25.920000076293945,0.0,26.260000228881836,25.225000381469727,25.6200008392334,0.0,80936600
2002-07-05,16.678451538085938,27.424999237060547,0.0,27.450000762939453,26.524999618530273,26.545000076293945,0.0,35673600
2002-07-08,16.09158706665039,26.459999084472656,0.0,27.46500015258789,26.290000915527344,27.204999923706055,0.0,63199400
2002-07-09,16.179771423339844,26.604999542236328,0.0,27.364999771118164,26.485000610351562,26.655000686645508,0.0,85277200
2002-07-10,15.8848237991333,26.1200008392334,0.0,27.100000381469727,26.065000534057617,26.844999313354492,0.0,90673400
2002-07-11,16.088542938232422,26.454999923706055,0.0,26.53499984741211,25.625,26.020000457763672,0.0,129550600
2002-07-12,15.769272804260254,25.93000030517578,0.0,26.864999771118164,25.739999771118164,26.684999465942383,0.0,95733800
2002-07-15,15.751025199890137,25.899999618530273,0.0,25.93000030517578,24.0,25.69499969482422,0.0,136965600
2002-07-16,15.58379077911377,25.625,0.0,26.399999618530273,25.31999969482422,25.655000686645508,0.0,97154600
2002-07-17,15.811842918395996,26.0,0.0,26.649999618530273,25.584999084472656,26.260000228881836,0.0,98034800
2002-07-18,15.541215896606445,25.55500030517578,0.0,26.3700008392334,25.329999923706055,26.030000686645508,0.0,91053600
2002-07-19,15.069901466369629,24.780000686645508,0.0,25.44499969482422,24.405000686645508,24.934999465942383,0.0,112543400
2002-07-22,14.446549415588379,23.7549991607666,0.0,24.9950008392334,22.950000762939453,24.475000381469727,0.0,180069800
2002-07-23,13.078218460083008,21.5049991607666,0.0,23.399999618530273,21.485000610351562,23.2450008392334,0.0,168061600
2002-07-24,14.05733585357666,23.114999771118164,0.0,23.18000030517578,20.704999923706055,20.875,0.0,202307800
2002-07-25,13.02347469329834,21.415000915527344,0.0,22.854999542236328,21.219999313354492,22.725000381469727,0.0,163411400
2002-07-26,13.789750099182129,22.674999237060547,0.0,22.704999923706055,21.84000015258789,21.8700008392334,0.0,123538000
2002-07-29,14.671565055847168,24.125,0.0,24.149999618530273,23.274999618530273,23.424999237060547,0.0,112148600
2002-07-30,14.625955581665039,24.049999237060547,0.0,24.415000915527344,23.665000915527344,23.774999618530273,0.0,122690600
2002-07-31,14.589462280273438,23.989999771118164,0.0,24.0,23.18000030517578,23.80500030517578,0.0,93875600
2002-08-01,13.911382675170898,22.875,0.0,24.045000076293945,22.75,23.790000915527344,0.0,92002800
2002-08-02,13.503914833068848,22.204999923706055,0.0,22.924999237060547,21.899999618530273,22.7549991607666,0.0,85947600
2002-08-05,13.376212120056152,21.9950008392334,0.0,22.584999084472656,21.905000686645508,22.145000457763672,0.0,78941600
2002-08-06,13.887049674987793,22.834999084472656,0.0,23.625,22.420000076293945,22.450000762939453,0.0,88715800
2002-08-07,14.318840026855469,23.545000076293945,0.0,23.649999618530273,22.579999923706055,23.5,0.0,86349400
2002-08-08,14.872252464294434,24.454999923706055,0.0,24.5,23.204999923706055,23.55500030517578,0.0,88748000
2002-08-09,14.632038116455078,24.059999465942383,0.0,24.575000762939453,23.829999923706055,24.075000762939453,0.0,69049400
2002-08-12,14.738452911376953,24.235000610351562,0.0,24.375,23.799999237060547,23.80500030517578,0.0,56866600
2002-08-13,14.309718132019043,23.530000686645508,0.0,24.850000381469727,23.459999084472656,23.9950008392334,0.0,100122800
2002-08-14,15.115516662597656,24.854999542236328,0.0,24.864999771118164,23.604999542236328,23.625,0.0,96706000
2002-08-15,15.133753776550293,24.885000228881836,0.0,25.3700008392334,24.375,24.979999542236328,0.0,98745600
2002-08-16,15.203693389892578,25.0,0.0,25.114999771118164,24.459999084472656,24.71500015258789,0.0,69334000
2002-08-19,15.811842918395996,26.0,0.0,26.024999618530273,24.924999237060547,25.020000457763672,0.0,79848200
2002-08-20,15.51993179321289,25.520000457763672,0.0,25.850000381469727,25.375,25.690000534057617,0.0,70317600
2002-08-21,15.896980285644531,26.139999389648438,0.0,26.190000534057617,25.575000762939453,25.780000686645508,0.0,81203400
2002-08-22,16.185850143432617,26.614999771118164,0.0,26.725000381469727,26.299999237060547,26.424999237060547,0.0,72517600
2002-08-23,15.878742218017578,26.110000610351562,0.0,26.424999237060547,25.920000076293945,26.329999923706055,0.0,57929200
2002-08-26,15.842247009277344,26.049999237060547,0.0,26.325000762939453,25.59000015258789,26.25,0.0,55652400
2002-08-27,15.459121704101562,25.420000076293945,0.0,26.225000381469727,25.325000762939453,26.165000915527344,0.0,65470200
2002-08-28,15.01517105102539,24.690000534057617,0.0,25.329999923706055,24.649999618530273,25.239999771118164,0.0,68875000
2002-08-29,15.38005542755127,25.290000915527344,0.0,25.5,24.260000228881836,24.44499969482422,0.0,94275600
2002-08-30,14.9239501953125,24.540000915527344,0.0,25.239999771118164,24.5,25.06999969482422,0.0,58138400
2002-09-03,14.297553062438965,23.510000228881836,0.0,24.260000228881836,23.5,24.260000228881836,0.0,74452600
2002-09-04,14.659399032592773,24.104999542236328,0.0,24.299999237060547,23.575000762939453,23.725000381469727,0.0,80232000
2002-09-05,13.960033416748047,22.954999923706055,0.0,23.760000228881836,22.940000534057617,23.75,0.0,90438800
2002-09-06,14.540814399719238,23.90999984741211,0.0,24.135000228881836,23.735000610351562,23.875,0.0,69918400
2002-09-09,14.808401107788086,24.350000381469727,0.0,24.475000381469727,23.315000534057617,23.625,0.0,81653200
2002-09-10,15.139837265014648,24.895000457763672,0.0,24.90999984741211,24.174999237060547,24.270000457763672,0.0,83950000
2002-09-11,14.771907806396484,24.290000915527344,0.0,25.549999237060547,24.264999389648438,25.114999771118164,0.0,77443200
2002-09-12,14.337088584899902,23.575000762939453,0.0,24.149999618530273,23.510000228881836,24.075000762939453,0.0,63726800
2002-09-13,14.568181037902832,23.954999923706055,0.0,24.1299991607666,23.424999237060547,23.450000762939453,0.0,59549200
2002-09-16,14.52864933013916,23.889999389648438,0.0,24.065000534057617,23.524999618530273,23.799999237060547,0.0,50166200
2002-09-17,14.379657745361328,23.645000457763672,0.0,24.450000762939453,23.604999542236328,24.334999084472656,0.0,73343400
2002-09-18,14.519529342651367,23.875,0.0,24.1200008392334,23.329999923706055,23.360000610351562,0.0,83951800
2002-09-19,14.352280616760254,23.600000381469727,0.0,23.90999984741211,23.295000076293945,23.34000015258789,0.0,77777600
2002-09-20,14.431344032287598,23.729999542236328,0.0,24.0,23.649999618530273,23.854999542236328,0.0,130619200
2002-09-23,13.75326156616211,22.614999771118164,0.0,23.354999542236328,22.405000686645508,23.299999237060547,0.0,89783800
2002-09-24,13.87793254852295,22.81999969482422,0.0,23.239999771118164,22.315000534057617,22.415000915527344,0.0,104142200
2002-09-25,14.142476081848145,23.2549991607666,0.0,23.479999542236328,22.524999618530273,23.200000762939453,0.0,107116600
2002-09-26,14.048209190368652,23.100000381469727,0.0,23.75,22.975000381469727,23.55500030517578,0.0,100852200
2002-09-27,13.759345054626465,22.625,0.0,23.549999237060547,22.594999313354492,23.020000457763672,0.0,81011600
2002-09-30,13.300190925598145,21.8700008392334,0.0,22.520000457763672,21.55500030517578,22.434999465942383,0.0,115577000
2002-10-01,14.05733585357666,23.114999771118164,0.0,23.125,21.594999313354492,22.15999984741211,0.0,110636600
2002-10-02,13.868814468383789,22.80500030517578,0.0,23.405000686645508,22.579999923706055,23.049999237060547,0.0,103488600
2002-10-03,13.622512817382812,22.399999618530273,0.0,23.295000076293945,22.299999237060547,22.649999618530273,0.0,105221400
2002-10-04,13.309321403503418,21.885000228881836,0.0,22.78499984741211,21.844999313354492,22.69499969482422,0.0,107120400
2002-10-07,13.394457817077637,22.024999618530273,0.0,22.530000686645508,21.844999313354492,21.905000686645508,0.0,89790000
2002-10-08,13.680283546447754,22.4950008392334,0.0,22.989999771118164,22.065000534057617,22.375,0.0,115667600
2002-10-09,13.376212120056152,21.9950008392334,0.0,22.725000381469727,21.905000686645508,22.114999771118164,0.0,123142600
2002-10-10,14.102944374084473,23.190000534057617,0.0,23.309999465942383,21.625,22.0,0.0,118515000
2002-10-11,14.860090255737305,24.434999465942383,0.0,24.450000762939453,23.5049991607666,23.68000030517578,0.0,108828800
2002-10-14,14.987799644470215,24.645000457763672,0.0,24.665000915527344,23.920000076293945,24.125,0.0,76216200
2002-10-15,15.900026321411133,26.145000457763672,0.0,26.184999465942383,25.325000762939453,25.6299991607666,0.0,133374200
2002-10-16,15.328364372253418,25.204999923706055,0.0,25.6299991607666,25.139999389648438,25.19499969482422,0.0,95437400
2002-10-17,15.43783187866211,25.385000228881836,0.0,26.25,25.024999618530273,26.139999389648438,0.0,182602400
2002-10-18,16.161531448364258,26.575000762939453,0.0,26.600000381469727,25.56999969482422,26.299999237060547,0.0,152817200
2002-10-21,15.966920852661133,26.2549991607666,0.0,26.4950008392334,25.68000030517578,25.985000610351562,0.0,112378600
2002-10-22,15.711494445800781,25.834999084472656,0.0,25.96500015258789,25.514999389648438,25.71500015258789,0.0,87159000
2002-10-23,16.176721572875977,26.600000381469727,0.0,26.6299991607666,25.71500015258789,25.71500015258789,0.0,110866600
2002-10-24,15.577706336975098,25.614999771118164,0.0,26.684999465942383,25.450000762939453,26.68000030517578,0.0,95833400
2002-10-25,16.01860809326172,26.34000015258789,0.0,26.399999618530273,25.579999923706055,25.625,0.0,75425800
2002-10-28,15.796637535095215,25.975000381469727,0.0,26.75,25.7549991607666,26.700000762939453,0.0,79906600
2002-10-29,15.833125114440918,26.03499984741211,0.0,26.2450008392334,25.424999237060547,26.075000762939453,0.0,90517200
2002-10-30,16.149362564086914,26.55500030517578,0.0,26.69499969482422,25.815000534057617,26.100000381469727,0.0,94451200
2002-10-31,16.258840560913086,26.735000610351562,0.0,27.03499984741211,26.424999237060547,26.594999313354492,0.0,105973800
2002-11-01,16.11590576171875,26.5,0.0,26.6200008392334,25.950000762939453,26.21500015258789,0.0,105097800
2002-11-04,17.058551788330078,28.049999237060547,0.0,28.625,27.760000228881836,28.375,0.0,139964200
2002-11-05,17.234909057617188,28.34000015258789,0.0,28.399999618530273,27.790000915527344,27.889999389648438,0.0,76658200
2002-11-06,17.341337203979492,28.514999389648438,0.0,28.549999237060547,27.764999389648438,28.4950008392334,0.0,115407000
2002-11-07,17.031177520751953,28.0049991607666,0.0,28.309999465942383,27.75,28.100000381469727,0.0,73699600
2002-11-08,16.754472732543945,27.549999237060547,0.0,28.274999618530273,27.5049991607666,28.0,0.0,64522200
2002-11-11,16.377422332763672,26.93000030517578,0.0,27.549999237060547,26.90999984741211,27.53499984741211,0.0,58341200
2002-11-12,16.5750675201416,27.2549991607666,0.0,27.71500015258789,26.950000762939453,27.049999237060547,0.0,81398600
2002-11-13,16.83353042602539,27.68000030517578,0.0,27.96500015258789,27.05500030517578,27.1200008392334,0.0,107370200
2002-11-14,17.329174041748047,28.4950008392334,0.0,28.5,27.934999465942383,27.9950008392334,0.0,78337000
2002-11-15,17.23795509338379,28.344999313354492,0.0,28.459999084472656,27.834999084472656,28.299999237060547,0.0,77533600
2002-11-18,16.982519149780273,27.924999237060547,0.0,28.514999389648438,27.8700008392334,28.475000381469727,0.0,58086400
2002-11-19,16.681488037109375,27.43000030517578,0.0,27.899999618530273,27.155000686645508,27.774999618530273,0.0,76403400
2002-11-20,17.216655731201172,28.309999465942383,0.0,28.450000762939453,27.46500015258789,27.5049991607666,0.0,76435400
2002-11-21,17.58763313293457,28.920000076293945,0.0,29.0,28.389999389648438,28.489999771118164,0.0,82922200
2002-11-22,17.70317840576172,29.110000610351562,0.0,29.149999618530273,28.524999618530273,28.725000381469727,0.0,70002000
2002-11-25,17.706222534179688,29.114999771118164,0.0,29.31999969482422,28.78499984741211,29.030000686645508,0.0,61583000
2002-11-26,17.301809310913086,28.450000762939453,0.0,29.125,28.389999389648438,28.81999969482422,0.0,68650400
2002-11-27,17.66061019897461,29.040000915527344,0.0,29.30500030517578,28.700000762939453,28.799999237060547,0.0,55191800
2002-11-29,17.53897476196289,28.84000015258789,0.0,29.315000534057617,28.84000015258789,29.21500015258789,0.0,28393000
2002-12-02,17.542022705078125,28.844999313354492,0.0,29.479999542236328,28.5049991607666,29.325000762939453,0.0,63735000
2002-12-03,17.2440242767334,28.354999542236328,0.0,28.674999237060547,28.204999923706055,28.639999389648438,0.0,58457400
2002-12-04,17.192337036132812,28.270000457763672,0.0,28.719999313354492,27.90999984741211,28.065000534057617,0.0,83892000
2002-12-05,16.82744789123535,27.670000076293945,0.0,28.545000076293945,27.649999618530273,28.475000381469727,0.0,68435800
2002-12-06,16.86697769165039,27.735000610351562,0.0,27.8700008392334,27.110000610351562,27.434999465942383,0.0,71670200
2002-12-09,16.277080535888672,26.764999389648438,0.0,27.610000610351562,26.7549991607666,27.5,0.0,63862800
2002-12-10,16.42302894592285,27.0049991607666,0.0,27.239999771118164,26.739999771118164,26.780000686645508,0.0,63730200
2002-12-11,16.620681762695312,27.329999923706055,0.0,27.5049991607666,26.790000915527344,26.924999237060547,0.0,69186200
2002-12-12,16.471689224243164,27.084999084472656,0.0,27.530000686645508,26.844999313354492,27.5,0.0,55242000
2002-12-13,15.96387767791748,26.25,0.0,26.875,26.2450008392334,26.84000015258789,0.0,65245400
2002-12-16,16.565946578979492,27.239999771118164,0.0,27.274999618530273,26.334999084472656,26.5,0.0,60140400
2002-12-17,16.52946662902832,27.18000030517578,0.0,27.4950008392334,26.889999389648438,27.209999084472656,0.0,49549800
2002-12-18,16.277080535888672,26.764999389648438,0.0,27.200000762939453,26.395000457763672,26.920000076293945,0.0,62709400
2002-12-19,16.149362564086914,26.55500030517578,0.0,27.375,26.440000534057617,26.625,0.0,82686600
2002-12-20,16.12807846069336,26.520000457763672,0.0,26.860000610351562,26.475000381469727,26.7450008392334,0.0,98294600
2002-12-23,16.41998863220215,27.0,0.0,27.139999389648438,26.450000762939453,26.524999618530273,0.0,48798400
2002-12-24,16.365262985229492,26.90999984741211,0.0,27.114999771118164,26.760000228881836,26.770000457763672,0.0,18386000
2002-12-26,16.234493255615234,26.69499969482422,0.0,27.344999313354492,26.584999084472656,27.014999389648438,0.0,37228000
2002-12-27,16.10679817199707,26.485000610351562,0.0,27.0,26.450000762939453,26.639999389648438,0.0,40891600
2002-12-30,16.039901733398438,26.375,0.0,26.6200008392334,26.135000228881836,26.5049991607666,0.0,48019600
2002-12-31,15.720616340637207,25.850000381469727,0.0,26.4950008392334,25.6299991607666,26.3700008392334,0.0,58208800
2003-01-02,16.334842681884766,26.860000610351562,0.0,26.875,25.854999542236328,26.149999618530273,0.0,67025200
2003-01-03,16.356122970581055,26.895000457763672,0.0,26.899999618530273,26.440000534057617,26.795000076293945,0.0,55546800
2003-01-06,16.654117584228516,27.385000228881836,0.0,27.614999771118164,26.899999618530273,27.010000228881836,0.0,59456200
2003-01-07,16.967323303222656,27.899999618530273,0.0,28.0049991607666,27.34000015258789,27.459999084472656,0.0,80517400
2003-01-08,16.49295997619629,27.1200008392334,0.0,27.774999618530273,27.05500030517578,27.684999465942383,0.0,64566000
2003-01-09,16.970367431640625,27.905000686645508,0.0,27.959999084472656,27.264999389648438,27.360000610351562,0.0,61808000
2003-01-10,17.00381088256836,27.959999084472656,0.0,28.149999618530273,27.450000762939453,27.549999237060547,0.0,67730200
2003-01-13,17.146732330322266,28.19499969482422,0.0,28.375,27.885000228881836,28.260000228881836,0.0,60817800
2003-01-14,17.32308578491211,28.485000610351562,0.0,28.5,28.094999313354492,28.165000915527344,0.0,54206400
2003-01-15,17.110231399536133,28.135000228881836,0.0,28.65999984741211,28.094999313354492,28.5,0.0,59622600
2003-01-16,16.830488204956055,27.674999237060547,0.0,28.325000762939453,27.55500030517578,28.15999984741211,0.0,81371000
2003-01-17,15.647636413574219,25.729999542236328,0.0,26.5,25.655000686645508,26.469999313354492,0.0,155876000
2003-01-21,15.608120918273926,25.665000915527344,0.0,26.075000762939453,25.645000457763672,25.934999465942383,0.0,86159200
2003-01-22,15.507763862609863,25.5,0.0,26.200000762939453,25.454999923706055,25.795000076293945,0.0,86948000
2003-01-23,15.896980285644531,26.139999389648438,0.0,26.270000457763672,25.729999542236328,25.975000381469727,0.0,71374800
2003-01-24,15.158075332641602,24.924999237060547,0.0,26.024999618530273,24.850000381469727,26.014999389648438,0.0,103027000
2003-01-27,14.951311111450195,24.584999084472656,0.0,25.299999237060547,24.204999923706055,24.65999984741211,0.0,114838600
2003-01-28,14.844882011413574,24.40999984741211,0.0,24.850000381469727,24.280000686645508,24.844999313354492,0.0,86151200
2003-01-29,15.176322937011719,24.954999923706055,0.0,25.020000457763672,23.96500015258789,24.364999771118164,0.0,106884000
2003-01-30,14.668523788452148,24.1200008392334,0.0,25.084999084472656,24.094999313354492,25.079999923706055,0.0,87877400
2003-01-31,14.431344032287598,23.729999542236328,0.0,24.174999237060547,23.514999389648438,23.725000381469727,0.0,106858400
2003-02-03,14.765833854675293,24.280000686645508,0.0,24.549999237060547,23.729999542236328,23.96500015258789,0.0,80129800
2003-02-04,14.388775825500488,23.65999984741211,0.0,23.969999313354492,23.440000534057617,23.899999618530273,0.0,81854800
2003-02-05,14.279303550720215,23.479999542236328,0.0,24.264999389648438,23.364999771118164,23.915000915527344,0.0,101072000
2003-02-06,14.41918659210205,23.709999084472656,0.0,23.809999465942383,23.280000686645508,23.43000030517578,0.0,83312000
2003-02-07,14.16375732421875,23.290000915527344,0.0,23.975000381469727,23.204999923706055,23.940000534057617,0.0,75208000
2003-02-10,14.407020568847656,23.690000534057617,0.0,23.760000228881836,23.270000457763672,23.399999618530273,0.0,74081400
2003-02-11,14.121198654174805,23.219999313354492,0.0,23.834999084472656,23.0,23.649999618530273,0.0,84292000
2003-02-12,14.121198654174805,23.219999313354492,0.0,23.549999237060547,23.1299991607666,23.274999618530273,0.0,71315200
2003-02-13,14.288426399230957,23.4950008392334,0.0,23.559999465942383,23.065000534057617,23.204999923706055,0.0,73558200
2003-02-14,14.686769485473633,24.149999618530273,0.0,24.25,23.385000228881836,23.625,0.0,90446400
2003-02-18,15.179368019104004,24.959999084472656,0.0,24.989999771118164,24.399999618530273,24.6200008392334,2.0,57415500
2003-02-19,14.965838432312012,24.530000686645508,0.08,24.8799991607666,24.170000076293945,24.81999969482422,0.0,46902700
2003-02-20,14.727887153625488,24.139999389648438,0.0,24.8700008392334,24.100000381469727,24.770000457763672,0.0,50897200
2003-02-21,15.02684211730957,24.6299991607666,0.0,24.799999237060547,23.700000762939453,24.290000915527344,0.0,56853200
2003-02-24,14.685185432434082,24.06999969482422,0.0,24.5,23.84000015258789,24.440000534057617,0.0,62403700
2003-02-25,14.758391380310059,24.190000534057617,0.0,24.270000457763672,23.3799991607666,23.540000915527344,0.0,68113000
2003-02-26,14.40453815460205,23.610000610351562,0.0,24.469999313354492,23.579999923706055,24.06999969482422,0.0,57096000
2003-02-27,14.38622760772705,23.579999923706055,0.0,24.209999084472656,23.299999237060547,23.899999618530273,0.0,75434300
2003-02-28,14.459447860717773,23.700000762939453,0.0,24.06999969482422,23.549999237060547,23.739999771118164,0.0,56585400
2003-03-03,14.361828804016113,23.540000915527344,0.0,24.1200008392334,23.399999618530273,24.020000457763672,0.0,50653500
2003-03-04,14.075078010559082,23.06999969482422,0.0,23.65999984741211,23.059999465942383,23.579999923706055,0.0,56605700
2003-03-05,14.300823211669922,23.440000534057617,0.0,23.549999237060547,23.049999237060547,23.06999969482422,0.0,55415900
2003-03-06,14.197101593017578,23.270000457763672,0.0,23.5,23.1299991607666,23.170000076293945,0.0,54607600
2003-03-07,14.37403392791748,23.559999465942383,0.0,23.790000915527344,22.899999618530273,22.950000762939453,0.0,66167600
2003-03-10,14.001869201660156,22.950000762939453,0.0,23.459999084472656,22.889999389648438,23.309999465942383,0.0,48413600
2003-03-11,13.910353660583496,22.799999237060547,0.0,23.260000228881836,22.760000228881836,23.059999465942383,0.0,53990700
2003-03-12,14.270322799682617,23.389999389648438,0.0,23.440000534057617,22.549999237060547,22.809999465942383,0.0,72379500
2003-03-13,15.051241874694824,24.670000076293945,0.0,24.739999771118164,23.440000534057617,23.719999313354492,0.0,80701300
2003-03-14,15.167166709899902,24.860000610351562,0.0,24.959999084472656,24.260000228881836,24.68000030517578,0.0,75451400
2003-03-17,15.819977760314941,25.93000030517578,0.0,25.950000762939453,24.329999923706055,24.520000457763672,0.0,100983800
2003-03-18,15.887092590332031,26.040000915527344,0.0,26.040000915527344,25.5,25.889999389648438,0.0,78108800
2003-03-19,16.057912826538086,26.31999969482422,0.0,26.43000030517578,25.739999771118164,25.979999542236328,0.0,73652100
2003-03-20,16.015207290649414,26.25,0.0,26.520000457763672,25.670000076293945,26.020000457763672,0.0,71798500
2003-03-21,16.210437774658203,26.56999969482422,0.0,26.799999237060547,26.030000686645508,26.75,0.0,85586800
2003-03-24,15.429509162902832,25.290000915527344,0.0,25.93000030517578,25.18000030517578,25.549999237060547,0.0,61105200
2003-03-25,15.551533699035645,25.489999771118164,0.0,25.75,25.030000686645508,25.600000381469727,0.0,63595100
2003-03-26,15.405109405517578,25.25,0.0,25.6200008392334,25.239999771118164,25.459999084472656,0.0,51673600
2003-03-27,15.276983261108398,25.040000915527344,0.0,25.260000228881836,24.59000015258789,24.940000534057617,0.0,60043300
2003-03-28,15.051241874694824,24.670000076293945,0.0,25.100000381469727,24.600000381469727,24.670000076293945,0.0,39584600
2003-03-31,14.770593643188477,24.209999084472656,0.0,24.709999084472656,24.010000228881836,24.25,0.0,71384000
2003-04-01,14.8560152053833,24.350000381469727,0.0,24.700000762939453,24.25,24.459999084472656,0.0,49803200
2003-04-02,15.691850662231445,25.719999313354492,0.0,26.0,25.100000381469727,25.100000381469727,0.0,68282500
2003-04-03,15.697949409484863,25.729999542236328,0.0,26.09000015258789,25.600000381469727,25.989999771118164,0.0,57394300
2003-04-04,15.3074951171875,25.09000015258789,0.0,25.799999237060547,24.93000030517578,25.760000228881836,0.0,55740600
2003-04-07,15.356301307678223,25.170000076293945,0.0,26.43000030517578,25.170000076293945,26.229999542236328,0.0,65627100
2003-04-08,15.606438636779785,25.579999923706055,0.0,25.829999923706055,25.200000762939453,25.309999465942383,0.0,54132100
2003-04-09,14.990230560302734,24.56999969482422,0.0,25.670000076293945,24.540000915527344,25.610000610351562,0.0,76875800
2003-04-10,15.002439498901367,24.59000015258789,0.0,24.790000915527344,24.280000686645508,24.709999084472656,0.0,51608900
2003-04-11,14.764495849609375,24.200000762939453,0.0,25.18000030517578,23.950000762939453,24.889999389648438,0.0,71565500
2003-04-14,15.10615062713623,24.760000228881836,0.0,24.8799991607666,24.0,24.270000457763672,0.0,51599600
2003-04-15,15.008541107177734,24.600000381469727,0.0,24.790000915527344,24.100000381469727,24.68000030517578,0.0,63399000
2003-04-16,15.203775405883789,24.920000076293945,0.0,25.739999771118164,24.600000381469727,25.600000381469727,0.0,86178700
2003-04-17,15.55762767791748,25.5,0.0,25.540000915527344,24.739999771118164,24.770000457763672,0.0,58356600
2003-04-21,15.380694389343262,25.209999084472656,0.0,25.610000610351562,25.079999923706055,25.610000610351562,0.0,41557800
2003-04-22,15.716262817382812,25.760000228881836,0.0,25.799999237060547,25.030000686645508,25.059999465942383,0.0,58844000
2003-04-23,15.691850662231445,25.719999313354492,0.0,25.989999771118164,25.469999313354492,25.75,0.0,55559300
2003-04-24,15.551533699035645,25.489999771118164,0.0,25.719999313354492,25.31999969482422,25.479999542236328,0.0,51703600
2003-04-25,15.386795997619629,25.219999313354492,0.0,25.639999389648438,25.170000076293945,25.329999923706055,0.0,53657400
2003-04-28,15.70405387878418,25.739999771118164,0.0,25.940000534057617,25.31999969482422,25.389999389648438,0.0,56287600
2003-04-29,15.740653991699219,25.799999237060547,0.0,26.25,25.68000030517578,25.950000762939453,0.0,65877300
2003-04-30,15.600336074829102,25.56999969482422,0.0,25.8799991607666,25.25,25.729999542236328,0.0,55566800
2003-05-01,15.691850662231445,25.719999313354492,0.0,25.950000762939453,25.34000015258789,25.540000915527344,0.0,42085800
2003-05-02,15.92369270324707,26.100000381469727,0.0,26.290000915527344,25.559999465942383,25.649999618530273,0.0,52695400
2003-05-05,15.777273178100586,25.860000610351562,0.0,26.389999389648438,25.84000015258789,26.25,0.0,50391500
2003-05-06,16.088417053222656,26.3700008392334,0.0,26.5,25.81999969482422,25.860000610351562,0.0,54299500
2003-05-07,15.856579780578613,25.989999771118164,0.0,26.350000381469727,25.84000015258789,26.110000610351562,0.0,49120000
2003-05-08,15.70405387878418,25.739999771118164,0.0,26.139999389648438,25.709999084472656,25.75,0.0,46401400
2003-05-09,16.082317352294922,26.360000610351562,0.0,26.5,25.889999389648438,25.899999618530273,0.0,58913600
2003-05-12,15.984707832336426,26.200000762939453,0.0,26.469999313354492,26.059999465942383,26.149999618530273,0.0,53900800
2003-05-13,15.856579780578613,25.989999771118164,0.0,26.200000762939453,25.889999389648438,26.040000915527344,0.0,44501900
2003-05-14,15.630847930908203,25.6200008392334,0.0,26.18000030517578,25.540000915527344,26.079999923706055,0.0,45021000
2003-05-15,15.734564781188965,25.790000915527344,0.0,26.010000228881836,25.56999969482422,25.850000381469727,0.0,45450200
2003-05-16,15.600336074829102,25.56999969482422,0.0,26.049999237060547,25.40999984741211,25.8799991607666,0.0,60620900
2003-05-19,15.10615062713623,24.760000228881836,0.0,25.540000915527344,24.739999771118164,25.399999618530273,0.0,55336300
2003-05-20,15.02684211730957,24.6299991607666,0.0,25.0,24.5,24.860000610351562,0.0,52677600
2003-05-21,14.660775184631348,24.030000686645508,0.0,24.709999084472656,23.889999389648438,24.6299991607666,0.0,108960900
2003-05-22,14.740092277526855,24.15999984741211,0.0,24.270000457763672,24.040000915527344,24.200000762939453,0.0,93157100
2003-05-23,14.77669906616211,24.219999313354492,0.0,24.540000915527344,24.030000686645508,24.200000762939453,0.0,76968000
2003-05-27,15.124459266662598,24.790000915527344,0.0,24.889999389648438,24.219999313354492,24.25,0.0,68486800
2003-05-28,14.892614364624023,24.40999984741211,0.0,24.8700008392334,24.299999237060547,24.780000686645508,0.0,91467000
2003-05-29,14.886517524719238,24.399999618530273,0.0,24.670000076293945,24.229999542236328,24.469999313354492,0.0,75451300
2003-05-30,15.014640808105469,24.610000610351562,0.0,24.90999984741211,24.510000228881836,24.729999542236328,0.0,85096700
2003-06-02,15.032936096191406,24.639999389648438,0.0,25.030000686645508,24.56999969482422,24.979999542236328,0.0,66310800
2003-06-03,15.179368019104004,24.8799991607666,0.0,24.920000076293945,24.56999969482422,24.75,0.0,61058200
2003-06-04,15.173270225524902,24.8700008392334,0.0,25.219999313354492,24.739999771118164,24.989999771118164,0.0,83484600
2003-06-05,14.697385787963867,24.09000015258789,0.0,24.520000457763672,24.010000228881836,24.469999313354492,0.0,115877900
2003-06-06,14.441143989562988,23.670000076293945,0.0,24.559999465942383,23.649999618530273,24.440000534057617,0.0,119629400
2003-06-09,14.489951133728027,23.75,0.0,23.979999542236328,23.600000381469727,23.719999313354492,0.0,73610000
2003-06-10,15.057340621948242,24.68000030517578,0.0,24.75,23.850000381469727,23.940000534057617,0.0,80655300
2003-06-11,15.179368019104004,24.8799991607666,0.0,24.959999084472656,24.420000076293945,24.670000076293945,0.0,75768600
2003-06-12,15.246479988098145,24.989999771118164,0.0,25.139999389648438,24.739999771118164,24.969999313354492,0.0,66177700
2003-06-13,15.03904914855957,24.649999618530273,0.0,25.25,24.489999771118164,25.200000762939453,0.0,55157500
2003-06-16,15.490522384643555,25.389999389648438,0.0,25.420000076293945,24.670000076293945,24.799999237060547,0.0,69658600
2003-06-17,15.83827018737793,25.959999084472656,0.0,26.139999389648438,25.530000686645508,25.639999389648438,0.0,122213900
2003-06-18,15.905389785766602,26.06999969482422,0.0,26.43000030517578,25.709999084472656,25.979999542236328,0.0,89957700
2003-06-19,15.905389785766602,26.06999969482422,0.0,26.389999389648438,26.010000228881836,26.09000015258789,0.0,63626900
2003-06-20,16.06401824951172,26.329999923706055,0.0,26.3799991607666,26.010000228881836,26.34000015258789,0.0,86048900
2003-06-23,15.728460311889648,25.780000686645508,0.0,26.239999771118164,25.489999771118164,26.139999389648438,0.0,52584500
2003-06-24,15.679661750793457,25.700000762939453,0.0,26.040000915527344,25.520000457763672,25.649999618530273,0.0,51820300
2003-06-25,15.411211013793945,25.260000228881836,0.0,25.989999771118164,25.139999389648438,25.639999389648438,0.0,60483500
2003-06-26,15.710163116455078,25.75,0.0,26.510000228881836,25.209999084472656,25.389999389648438,0.0,51758100
2003-06-27,15.636946678161621,25.6299991607666,0.0,26.34000015258789,25.530000686645508,25.950000762939453,0.0,76040300
2003-06-30,15.643045425415039,25.639999389648438,0.0,26.1200008392334,25.5,25.940000534057617,0.0,48073100
2003-07-01,15.95419979095459,26.149999618530273,0.0,26.200000762939453,25.389999389648438,25.59000015258789,0.0,60926000
2003-07-02,16.399578094482422,26.8799991607666,0.0,26.93000030517578,26.450000762939453,26.5,0.0,94069300
2003-07-03,16.167724609375,26.5,0.0,26.950000762939453,26.40999984741211,26.690000534057617,0.0,39440900
2003-07-07,16.72902488708496,27.420000076293945,0.0,27.549999237060547,26.950000762939453,27.020000457763672,0.0,88960800
2003-07-08,16.899860382080078,27.700000762939453,0.0,27.799999237060547,27.25,27.260000228881836,0.0,61896800
2003-07-09,16.75953483581543,27.469999313354492,0.0,27.700000762939453,27.25,27.559999465942383,0.0,62300700
2003-07-10,16.41788101196289,26.90999984741211,0.0,27.420000076293945,26.59000015258789,27.25,0.0,55350800
2003-07-11,16.661909103393555,27.309999465942383,0.0,27.450000762939453,26.889999389648438,26.950000762939453,0.0,50377300
2003-07-14,16.716833114624023,27.399999618530273,0.0,27.809999465942383,27.049999237060547,27.6299991607666,0.0,60464400
2003-07-15,16.637516021728516,27.270000457763672,0.0,27.530000686645508,27.100000381469727,27.469999313354492,0.0,53567600
2003-07-16,16.790042877197266,27.520000457763672,0.0,27.6200008392334,27.200000762939453,27.559999465942383,0.0,49838900
2003-07-17,16.283649444580078,26.690000534057617,0.0,27.270000457763672,26.540000915527344,27.139999389648438,0.0,72805000
2003-07-18,16.405670166015625,26.889999389648438,0.0,27.229999542236328,26.75,27.110000610351562,0.0,63388400
2003-07-21,15.887092590332031,26.040000915527344,0.0,26.90999984741211,26.0,26.8700008392334,0.0,48480800
2003-07-22,16.094518661499023,26.3799991607666,0.0,26.559999465942383,26.1299991607666,26.280000686645508,0.0,51791000
2003-07-23,16.137237548828125,26.450000762939453,0.0,26.649999618530273,26.139999389648438,26.420000076293945,0.0,49828200
2003-07-24,15.862685203552246,26.0,0.0,26.920000076293945,25.979999542236328,26.780000686645508,0.0,53556600
2003-07-25,16.405670166015625,26.889999389648438,0.0,26.950000762939453,26.06999969482422,26.280000686645508,0.0,54173000
2003-07-28,16.234848022460938,26.610000610351562,0.0,27.0,26.489999771118164,26.940000534057617,0.0,52658300
2003-07-29,16.14944076538086,26.469999313354492,0.0,26.899999618530273,26.239999771118164,26.8799991607666,0.0,62391100
2003-07-30,16.00299835205078,26.229999542236328,0.0,26.56999969482422,26.170000076293945,26.459999084472656,0.0,41240300
2003-07-31,16.112823486328125,26.40999984741211,0.0,26.989999771118164,26.309999465942383,26.600000381469727,0.0,64504800
2003-08-01,15.966400146484375,26.170000076293945,0.0,26.510000228881836,26.1200008392334,26.329999923706055,0.0,42649700
2003-08-04,15.972512245178223,26.18000030517578,0.0,26.40999984741211,25.75,26.149999618530273,0.0,51825600
2003-08-05,15.65524959564209,25.65999984741211,0.0,26.540000915527344,25.600000381469727,26.309999465942383,0.0,58825800
2003-08-06,15.64914608001709,25.649999618530273,0.0,26.190000534057617,25.43000030517578,25.540000915527344,0.0,56294900
2003-08-07,15.685757637023926,25.709999084472656,0.0,25.809999465942383,25.450000762939453,25.719999313354492,0.0,44258500
2003-08-08,15.606438636779785,25.579999923706055,0.0,25.979999542236328,25.5,25.8799991607666,0.0,33241400
2003-08-11,15.624747276306152,25.610000610351562,0.0,25.989999771118164,25.540000915527344,25.610000610351562,0.0,36433900
2003-08-12,15.697949409484863,25.729999542236328,0.0,25.770000457763672,25.450000762939453,25.709999084472656,0.0,38208400
2003-08-13,15.61863899230957,25.600000381469727,0.0,25.889999389648438,25.5,25.790000915527344,0.0,39636900
2003-08-14,15.636946678161621,25.6299991607666,0.0,25.709999084472656,25.520000457763672,25.65999984741211,0.0,37338300
2003-08-15,15.582037925720215,25.540000915527344,0.0,25.65999984741211,25.43000030517578,25.610000610351562,0.0,27607900
2003-08-18,15.679661750793457,25.700000762939453,0.0,25.829999923706055,25.459999084472656,25.559999465942383,0.0,45817400
2003-08-19,16.24095344543457,26.6200008392334,0.0,26.649999618530273,25.770000457763672,25.850000381469727,0.0,72952900
2003-08-20,16.137237548828125,26.450000762939453,0.0,26.530000686645508,26.0,26.299999237060547,0.0,56739300
2003-08-21,16.00909996032715,26.239999771118164,0.0,26.729999542236328,26.1299991607666,26.649999618530273,0.0,63802700
2003-08-22,15.996906280517578,26.219999313354492,0.0,26.950000762939453,26.209999084472656,26.780000686645508,0.0,65846300
2003-08-25,16.167724609375,26.5,0.0,26.540000915527344,26.229999542236328,26.309999465942383,0.0,36132900
2003-08-26,16.210437774658203,26.56999969482422,0.0,26.670000076293945,25.959999084472656,26.309999465942383,0.0,47546000
2003-08-27,16.118927001953125,26.420000076293945,0.0,26.579999923706055,26.299999237060547,26.510000228881836,0.0,30633900
2003-08-28,16.173831939697266,26.510000228881836,0.0,26.579999923706055,26.239999771118164,26.5,0.0,46211200
2003-08-29,16.179935455322266,26.520000457763672,0.0,26.549999237060547,26.350000381469727,26.459999084472656,0.0,34503000
2003-09-02,16.63141441345215,27.260000228881836,0.0,27.299999237060547,26.469999313354492,26.700000762939453,0.0,74168900
2003-09-03,17.265920639038086,28.299999237060547,0.0,28.399999618530273,27.3799991607666,27.420000076293945,0.0,109437800
2003-09-04,17.34522819519043,28.43000030517578,0.0,28.469999313354492,27.989999771118164,28.100000381469727,0.0,59840800
2003-09-05,17.314727783203125,28.3799991607666,0.0,28.75,28.170000076293945,28.229999542236328,0.0,64024500
2003-09-08,17.595369338989258,28.84000015258789,0.0,28.920000076293945,28.34000015258789,28.389999389648438,0.0,46105300
2003-09-09,17.30863380432129,28.3700008392334,0.0,28.709999084472656,28.309999465942383,28.649999618530273,0.0,44315200
2003-09-10,16.8083438873291,27.549999237060547,0.0,28.18000030517578,27.479999542236328,28.030000686645508,0.0,54763500
2003-09-11,16.985271453857422,27.84000015258789,0.0,28.110000610351562,27.59000015258789,27.65999984741211,0.0,37813300
2003-09-12,17.290325164794922,28.34000015258789,0.0,28.399999618530273,27.450000762939453,27.479999542236328,0.0,55777200
2003-09-15,17.302526473999023,28.360000610351562,0.0,28.610000610351562,28.329999923706055,28.3700008392334,0.0,41432300
2003-09-16,17.63199234008789,28.899999618530273,0.0,28.950000762939453,28.31999969482422,28.40999984741211,0.0,52060600
2003-09-17,17.387937545776367,28.5,0.0,28.950000762939453,28.469999313354492,28.760000228881836,0.0,47221600
2003-09-18,17.998043060302734,29.5,0.0,29.510000228881836,28.420000076293945,28.489999771118164,0.0,67268100
2003-09-19,18.278684616088867,29.959999084472656,0.0,29.969999313354492,29.520000457763672,29.760000228881836,0.0,92433800
2003-09-22,17.735706329345703,29.06999969482422,0.0,30.0,28.809999465942383,29.389999389648438,0.0,65678700
2003-09-23,18.059059143066406,29.600000381469727,0.0,29.709999084472656,28.8799991607666,29.1200008392334,0.0,57827800
2003-09-24,17.36353302001953,28.459999084472656,0.0,29.700000762939453,28.420000076293945,29.610000610351562,0.0,66336500
2003-09-25,17.229318618774414,28.239999771118164,0.0,28.959999084472656,28.219999313354492,28.469999313354492,0.0,56224500
2003-09-26,17.198823928833008,28.190000534057617,0.0,28.780000686645508,28.139999389648438,28.270000457763672,0.0,49864700
2003-09-29,17.589277267456055,28.829999923706055,0.0,28.90999984741211,28.100000381469727,28.40999984741211,0.0,47380300
2003-09-30,16.96087074279785,27.799999237060547,0.0,28.610000610351562,27.75,28.59000015258789,0.0,63333700
2003-10-01,17.400148391723633,28.520000457763672,0.0,28.6299991607666,27.809999465942383,28.030000686645508,0.0,58375900
2003-10-02,17.387937545776367,28.5,0.0,28.75,28.190000534057617,28.450000762939453,0.0,38143600
2003-10-03,17.741802215576172,29.079999923706055,0.0,29.459999084472656,28.93000030517578,29.15999984741211,0.0,57303000
2003-10-06,17.808916091918945,29.190000534057617,0.0,29.299999237060547,28.90999984741211,29.149999618530273,0.0,34047600
2003-10-07,17.778409957885742,29.139999389648438,0.0,29.3700008392334,28.920000076293945,29.010000228881836,0.0,52356800
2003-10-08,17.58317756652832,28.81999969482422,0.0,29.360000610351562,28.68000030517578,29.360000610351562,0.0,46989100
2003-10-09,17.656391143798828,28.940000534057617,0.0,29.350000381469727,28.799999237060547,29.219999313354492,0.0,62653300
2003-10-10,17.63807487487793,28.90999984741211,0.0,29.200000762939453,28.670000076293945,28.90999984741211,0.0,37604700
2003-10-13,17.558773040771484,28.780000686645508,0.0,29.100000381469727,28.5,28.979999542236328,0.0,39320300
2003-10-14,17.497760772705078,28.68000030517578,0.0,28.770000457763672,28.479999542236328,28.65999984741211,0.0,34851300
2003-10-15,17.835203170776367,29.06999969482422,0.16,29.260000228881836,28.700000762939453,29.200000762939453,0.0,57242100
2003-10-16,17.933374404907227,29.229999542236328,0.0,29.309999465942383,28.799999237060547,28.90999984741211,0.0,42232500
2003-10-17,17.749305725097656,28.93000030517578,0.0,29.290000915527344,28.799999237060547,29.280000686645508,0.0,49960000
2003-10-20,18.006988525390625,29.350000381469727,0.0,29.3700008392334,28.799999237060547,28.950000762939453,0.0,38794500
2003-10-21,18.006988525390625,29.350000381469727,0.0,29.43000030517578,29.170000076293945,29.350000381469727,0.0,44166800
2003-10-22,17.724763870239258,28.889999389648438,0.0,29.209999084472656,28.799999237060547,29.030000686645508,0.0,48798500
2003-10-23,17.737037658691406,28.90999984741211,0.0,29.079999923706055,28.100000381469727,28.719999313354492,0.0,67357900
2003-10-24,16.3259220123291,26.610000610351562,0.0,27.399999618530273,26.420000076293945,27.270000457763672,0.0,210558300
2003-10-27,16.509986877441406,26.90999984741211,0.0,27.100000381469727,26.81999969482422,26.90999984741211,0.0,65619100
2003-10-28,16.687915802001953,27.200000762939453,0.0,27.219999313354492,26.8799991607666,27.09000015258789,0.0,71752600
2003-10-29,16.405677795410156,26.739999771118164,0.0,27.25,26.65999984741211,27.15999984741211,0.0,73551500
2003-10-30,16.025291442871094,26.1200008392334,0.0,27.040000915527344,25.90999984741211,27.010000228881836,0.0,98729400
2003-10-31,16.037569046020508,26.139999389648438,0.0,26.440000534057617,26.110000610351562,26.3700008392334,0.0,69623700
2003-11-03,16.368879318237305,26.68000030517578,0.0,26.75,26.290000915527344,26.350000381469727,0.0,57772300
2003-11-04,15.994608879089355,26.06999969482422,0.0,26.6200008392334,26.010000228881836,26.59000015258789,0.0,84026100
2003-11-05,16.013029098510742,26.100000381469727,0.0,26.31999969482422,26.0,26.149999618530273,0.0,61514400
2003-11-06,16.09278678894043,26.229999542236328,0.0,26.299999237060547,26.0,26.260000228881836,0.0,68189800
2003-11-07,16.013029098510742,26.100000381469727,0.0,26.489999771118164,26.030000686645508,26.3799991607666,0.0,57822100
2003-11-10,15.95167350769043,26.0,0.0,26.229999542236328,26.0,26.1200008392334,0.0,54579100
2003-11-11,15.828963279724121,25.799999237060547,0.0,26.079999923706055,25.670000076293945,26.010000228881836,0.0,64990700
2003-11-12,15.93940258026123,25.979999542236328,0.0,26.139999389648438,25.600000381469727,25.850000381469727,0.0,75877300
2003-11-13,15.761479377746582,25.690000534057617,0.0,25.93000030517578,25.450000762939453,25.860000610351562,0.0,78949500
2003-11-14,15.644909858703613,25.5,0.0,26.020000457763672,25.440000534057617,25.700000762939453,0.0,83146400
2003-11-17,15.430184364318848,25.149999618530273,0.0,25.440000534057617,24.84000015258789,25.389999389648438,0.0,103900200
2003-11-18,15.430184364318848,25.149999618530273,0.0,25.84000015258789,25.1200008392334,25.329999923706055,0.0,106868300
2003-11-19,15.552887916564941,25.350000381469727,0.0,25.540000915527344,25.170000076293945,25.290000915527344,0.0,78853300
2003-11-20,15.39949893951416,25.100000381469727,0.0,25.6299991607666,25.079999923706055,25.170000076293945,0.0,106845700
2003-11-21,15.405635833740234,25.110000610351562,0.0,25.3799991607666,25.079999923706055,25.329999923706055,0.0,70712900
2003-11-24,15.786028861999512,25.729999542236328,0.0,25.809999465942383,25.280000686645508,25.329999923706055,0.0,99463800
2003-11-25,15.583562850952148,25.399999618530273,0.0,25.950000762939453,25.3799991607666,25.8700008392334,0.0,85663800
2003-11-26,15.614238739013672,25.450000762939453,0.0,25.6299991607666,25.31999969482422,25.610000610351562,0.0,69758400
2003-11-28,15.77375316619873,25.709999084472656,0.0,25.75,25.399999618530273,25.5,0.0,33402600
2003-12-01,15.853508949279785,25.84000015258789,0.0,26.209999084472656,25.5,25.899999618530273,0.0,101914600
2003-12-02,15.743063926696777,25.65999984741211,0.0,26.09000015258789,25.610000610351562,25.950000762939453,0.0,85121700
2003-12-03,15.749215126037598,25.670000076293945,0.0,26.06999969482422,25.6200008392334,25.81999969482422,0.0,93121600
2003-12-04,16.074386596679688,26.200000762939453,0.0,26.229999542236328,25.65999984741211,25.719999313354492,0.0,87202400
2003-12-05,15.93940258026123,25.979999542236328,0.0,26.479999542236328,25.920000076293945,25.959999084472656,0.0,96610900
2003-12-08,16.098920822143555,26.239999771118164,0.0,26.34000015258789,25.809999465942383,26.1200008392334,0.0,90504000
2003-12-09,16.184818267822266,26.3799991607666,0.0,26.610000610351562,26.25,26.440000534057617,0.0,103547100
2003-12-10,16.31365203857422,26.59000015258789,0.0,26.6299991607666,26.3799991607666,26.450000762939453,0.0,82853700
2003-12-11,16.3259220123291,26.610000610351562,0.0,26.770000457763672,26.280000686645508,26.59000015258789,0.0,79309000
2003-12-12,16.350465774536133,26.649999618530273,0.0,26.809999465942383,26.5,26.690000534057617,0.0,69154100
2003-12-15,16.405677795410156,26.739999771118164,0.0,27.100000381469727,26.68000030517578,27.049999237060547,0.0,88860600
2003-12-16,16.602006912231445,27.059999465942383,0.0,27.15999984741211,26.770000457763672,26.829999923706055,0.0,73978000
2003-12-17,16.58974266052246,27.040000915527344,0.0,27.079999923706055,26.850000381469727,27.040000915527344,0.0,53712300
2003-12-18,16.810604095458984,27.399999618530273,0.0,27.450000762939453,27.049999237060547,27.100000381469727,0.0,61177800
2003-12-19,16.78607177734375,27.360000610351562,0.0,27.549999237060547,27.190000534057617,27.489999771118164,0.0,76856400
2003-12-22,16.675634384155273,27.18000030517578,0.0,27.43000030517578,26.969999313354492,27.15999984741211,0.0,43894800
2003-12-23,16.657228469848633,27.149999618530273,0.0,27.34000015258789,27.010000228881836,27.170000076293945,0.0,39609000
2003-12-24,16.58974266052246,27.040000915527344,0.0,27.15999984741211,27.0,27.139999389648438,0.0,19924200
2003-12-26,16.694042205810547,27.209999084472656,0.0,27.25,27.0,27.049999237060547,0.0,12076900
2003-12-29,16.84741973876953,27.459999084472656,0.0,27.530000686645508,27.15999984741211,27.209999084472656,0.0,40426700
2003-12-30,16.884235382080078,27.520000457763672,0.0,27.549999237060547,27.399999618530273,27.40999984741211,0.0,34406600
2003-12-31,16.792205810546875,27.3700008392334,0.0,27.549999237060547,27.229999542236328,27.420000076293945,0.0,42198900
2004-01-02,16.84129524230957,27.450000762939453,0.0,27.770000457763672,27.329999923706055,27.579999923706055,0.0,44487700
2004-01-05,17.26462745666504,28.139999389648438,0.0,28.18000030517578,27.719999313354492,27.729999542236328,0.0,67333700
2004-01-06,17.325973510742188,28.239999771118164,0.0,28.280000686645508,28.06999969482422,28.190000534057617,0.0,46950800
2004-01-07,17.30756187438965,28.209999084472656,0.0,28.309999465942383,28.010000228881836,28.170000076293945,0.0,54298200
2004-01-08,17.27688980102539,28.15999984741211,0.0,28.479999542236328,28.0,28.389999389648438,0.0,58810800
2004-01-09,16.970121383666992,27.65999984741211,0.0,28.059999465942383,27.59000015258789,28.030000686645508,0.0,67079900
2004-01-12,16.9149169921875,27.56999969482422,0.0,27.729999542236328,27.350000381469727,27.670000076293945,0.0,55845200
2004-01-13,16.829015731811523,27.43000030517578,0.0,27.639999389648438,27.260000228881836,27.549999237060547,0.0,51555900
2004-01-14,16.99467658996582,27.700000762939453,0.0,27.729999542236328,27.469999313354492,27.520000457763672,0.0,43907000
2004-01-15,16.896507263183594,27.540000915527344,0.0,27.719999313354492,27.420000076293945,27.549999237060547,0.0,58504100
2004-01-16,17.06216049194336,27.809999465942383,0.0,27.8799991607666,27.530000686645508,27.709999084472656,0.0,63983400
2004-01-20,17.240087509155273,28.100000381469727,0.0,28.200000762939453,27.93000030517578,27.979999542236328,0.0,63068500
2004-01-21,17.36277961730957,28.299999237060547,0.0,28.299999237060547,27.850000381469727,28.1299991607666,0.0,53570600
2004-01-22,17.184864044189453,28.010000228881836,0.0,28.440000534057617,27.940000534057617,28.360000610351562,0.0,78425200
2004-01-23,17.473217010498047,28.479999542236328,0.0,28.760000228881836,28.219999313354492,28.280000686645508,0.0,127259100
2004-01-26,17.669540405273438,28.799999237060547,0.0,28.829999923706055,28.31999969482422,28.489999771118164,0.0,58299600
2004-01-27,17.332107543945312,28.25,0.0,28.719999313354492,28.219999313354492,28.639999389648438,0.0,63196200
2004-01-28,17.000802993774414,27.709999084472656,0.0,28.440000534057617,27.469999313354492,28.299999237060547,0.0,71336000
2004-01-29,17.12350845336914,27.90999984741211,0.0,27.950000762939453,27.56999969482422,27.809999465942383,0.0,63748400
2004-01-30,16.963993072509766,27.649999618530273,0.0,27.899999618530273,27.549999237060547,27.84000015258789,0.0,40528700
2004-02-02,16.810604095458984,27.399999618530273,0.0,27.799999237060547,27.239999771118164,27.610000610351562,0.0,62891800
2004-02-03,16.74312973022461,27.290000915527344,0.0,27.549999237060547,27.18000030517578,27.399999618530273,0.0,47993800
2004-02-04,16.571340560913086,27.010000228881836,0.0,27.43000030517578,27.010000228881836,27.219999313354492,0.0,60648000
2004-02-05,16.540666580200195,26.959999084472656,0.0,27.170000076293945,26.829999923706055,27.059999465942383,0.0,55527500
2004-02-06,16.614282608032227,27.079999923706055,0.0,27.190000534057617,26.93000030517578,27.030000686645508,0.0,47209600
2004-02-09,16.503843307495117,26.899999618530273,0.0,27.229999542236328,26.850000381469727,27.190000534057617,0.0,48108500
2004-02-10,16.577468872070312,27.020000457763672,0.0,27.149999618530273,26.81999969482422,26.8700008392334,0.0,37790600
2004-02-11,16.657228469848633,27.149999618530273,0.0,27.229999542236328,26.850000381469727,26.969999313354492,0.0,51515300
2004-02-12,16.534528732299805,26.950000762939453,0.0,27.149999618530273,26.93000030517578,27.09000015258789,0.0,44537000
2004-02-13,16.31365203857422,26.59000015258789,0.0,27.059999465942383,26.5,26.979999542236328,0.0,67541100
2004-02-17,16.55906867980957,26.989999771118164,0.0,27.100000381469727,26.59000015258789,26.719999313354492,0.0,43477000
2004-02-18,16.424083709716797,26.770000457763672,0.0,27.110000610351562,26.739999771118164,26.899999618530273,0.0,50334700
2004-02-19,16.233898162841797,26.459999084472656,0.0,26.979999542236328,26.43000030517578,26.920000076293945,0.0,61840600
2004-02-20,16.301389694213867,26.56999969482422,0.0,26.799999237060547,26.5,26.65999984741211,0.0,57821900
2004-02-23,16.3259220123291,26.610000610351562,0.0,26.760000228881836,26.479999542236328,26.729999542236328,0.0,50256800
2004-02-24,16.491586685180664,26.8799991607666,0.0,26.950000762939453,26.549999237060547,26.610000610351562,0.0,55426500
2004-02-25,16.38114356994629,26.700000762939453,0.0,26.989999771118164,26.610000610351562,26.899999618530273,0.0,64275700
2004-02-26,16.258438110351562,26.5,0.0,26.649999618530273,26.40999984741211,26.59000015258789,0.0,66602700
2004-02-27,16.27684211730957,26.530000686645508,0.0,26.6200008392334,26.350000381469727,26.469999313354492,0.0,58266500
2004-03-01,16.38114356994629,26.700000762939453,0.0,26.719999313354492,26.5,26.6299991607666,0.0,51912300
2004-03-02,16.19095230102539,26.389999389648438,0.0,26.690000534057617,26.350000381469727,26.610000610351562,0.0,66331000
2004-03-03,16.178678512573242,26.3700008392334,0.0,26.549999237060547,26.219999313354492,26.350000381469727,0.0,54998700
2004-03-04,16.178678512573242,26.3700008392334,0.0,26.420000076293945,26.209999084472656,26.329999923706055,0.0,44023200
2004-03-05,16.16640281677246,26.350000381469727,0.0,26.600000381469727,26.200000762939453,26.229999542236328,0.0,59849800
2004-03-08,15.84737491607666,25.829999923706055,0.0,26.350000381469727,25.809999465942383,26.309999465942383,0.0,69367800
2004-03-09,15.779891967773438,25.719999313354492,0.0,25.969999313354492,25.540000915527344,25.799999237060547,0.0,81111700
2004-03-10,15.56515121459961,25.3700008392334,0.0,25.799999237060547,25.350000381469727,25.649999618530273,0.0,75155800
2004-03-11,15.393366813659668,25.09000015258789,0.0,25.780000686645508,25.06999969482422,25.18000030517578,0.0,90536300
2004-03-12,15.571290016174316,25.3799991607666,0.0,25.510000228881836,25.229999542236328,25.3799991607666,0.0,64137100
2004-03-15,15.436320304870605,25.15999984741211,0.0,25.43000030517578,25.059999465942383,25.299999237060547,0.0,68835300
2004-03-16,15.448589324951172,25.18000030517578,0.0,25.3700008392334,25.100000381469727,25.260000228881836,0.0,65453800
2004-03-17,15.417909622192383,25.1299991607666,0.0,25.459999084472656,25.110000610351562,25.25,0.0,56241400
2004-03-18,15.270660400390625,24.889999389648438,0.0,25.030000686645508,24.579999923706055,24.959999084472656,0.0,123231000
2004-03-19,15.111149787902832,24.6299991607666,0.0,24.940000534057617,24.559999465942383,24.770000457763672,0.0,86281600
2004-03-22,15.031388282775879,24.5,0.0,24.84000015258789,24.010000228881836,24.479999542236328,0.0,127605200
2004-03-23,14.816658973693848,24.149999618530273,0.0,24.65999984741211,24.110000610351562,24.649999618530273,0.0,91696300
2004-03-24,14.976174354553223,24.40999984741211,0.0,24.579999923706055,24.18000030517578,24.3799991607666,0.0,97584700
2004-03-25,15.45472240447998,25.190000534057617,0.0,25.239999771118164,24.579999923706055,24.600000381469727,0.0,85677900
2004-03-26,15.356558799743652,25.030000686645508,0.0,25.510000228881836,25.0,25.110000610351562,0.0,61584900
2004-03-29,15.52834701538086,25.309999465942383,0.0,25.399999618530273,25.0,25.25,0.0,51881600
2004-03-30,15.460854530334473,25.200000762939453,0.0,25.329999923706055,25.030000686645508,25.209999084472656,0.0,59010400
2004-03-31,15.29520320892334,24.93000030517578,0.0,25.200000762939453,24.8700008392334,25.200000762939453,0.0,70533200
2004-04-01,15.387225151062012,25.079999923706055,0.0,25.110000610351562,24.850000381469727,24.950000762939453,0.0,69051900
2004-04-02,15.859639167785645,25.850000381469727,0.0,25.899999618530273,25.440000534057617,25.479999542236328,0.0,98043800
2004-04-05,15.920999526977539,25.950000762939453,0.0,25.979999542236328,25.729999542236328,25.809999465942383,0.0,53800300
2004-04-06,15.828963279724121,25.799999237060547,0.0,25.899999618530273,25.65999984741211,25.770000457763672,0.0,48992000
2004-04-07,15.700133323669434,25.59000015258789,0.0,25.780000686645508,25.350000381469727,25.739999771118164,0.0,63268900
2004-04-08,15.632637977600098,25.479999542236328,0.0,25.850000381469727,25.360000610351562,25.81999969482422,0.0,45294600
2004-04-12,15.712397575378418,25.610000610351562,0.0,25.739999771118164,25.43000030517578,25.479999542236328,0.0,38786800
2004-04-13,15.614238739013672,25.450000762939453,0.0,25.770000457763672,25.40999984741211,25.68000030517578,0.0,56971500
2004-04-14,15.65104866027832,25.510000228881836,0.0,25.68000030517578,25.3799991607666,25.389999389648438,0.0,61079600
2004-04-15,15.473125457763672,25.219999313354492,0.0,25.729999542236328,25.100000381469727,25.530000686645508,0.0,73756900
2004-04-16,15.436320304870605,25.15999984741211,0.0,25.399999618530273,25.110000610351562,25.329999923706055,0.0,51768600
2004-04-19,15.663318634033203,25.530000686645508,0.0,25.600000381469727,25.059999465942383,25.079999923706055,0.0,44592100
2004-04-20,15.540614128112793,25.329999923706055,0.0,25.8799991607666,25.280000686645508,25.649999618530273,0.0,59902600
2004-04-21,15.614238739013672,25.450000762939453,0.0,25.489999771118164,25.200000762939453,25.360000610351562,0.0,49252000
2004-04-22,15.920999526977539,25.950000762939453,0.0,25.989999771118164,25.469999313354492,25.510000228881836,0.0,99207700
2004-04-23,16.896507263183594,27.540000915527344,0.0,27.719999313354492,27.34000015258789,27.399999618530273,0.0,258269000
2004-04-26,16.71243667602539,27.239999771118164,0.0,27.549999237060547,27.100000381469727,27.450000762939453,0.0,89391000
2004-04-27,16.700170516967773,27.219999313354492,0.0,27.3700008392334,27.1299991607666,27.15999984741211,0.0,80716800
2004-04-28,16.29525375366211,26.559999465942383,0.0,27.049999237060547,26.469999313354492,27.010000228881836,0.0,72842200
2004-04-29,16.246166229248047,26.479999542236328,0.0,26.940000534057617,26.309999465942383,26.510000228881836,0.0,77787300
2004-04-30,16.031429290771484,26.1299991607666,0.0,26.75,25.959999084472656,26.59000015258789,0.0,66172200
2004-05-03,16.16640281677246,26.350000381469727,0.0,26.520000457763672,26.190000534057617,26.190000534057617,0.0,65916200
2004-05-04,16.154130935668945,26.329999923706055,0.0,26.540000915527344,26.020000457763672,26.350000381469727,0.0,55496400
2004-05-05,16.135732650756836,26.299999237060547,0.0,26.600000381469727,26.25,26.31999969482422,0.0,51841700
2004-05-06,16.025291442871094,26.1200008392334,0.0,26.34000015258789,26.030000686645508,26.15999984741211,0.0,62693900
2004-05-07,15.816702842712402,25.780000686645508,0.0,26.3799991607666,25.75,26.030000686645508,0.0,68290200
2004-05-10,15.908726692199707,25.93000030517578,0.0,26.049999237060547,25.6200008392334,25.6299991607666,0.0,64621400
2004-05-11,15.914876937866211,25.940000534057617,0.0,26.110000610351562,25.790000915527344,26.09000015258789,0.0,57917200
2004-05-12,15.914876937866211,25.940000534057617,0.0,26.0,25.43000030517578,25.8700008392334,0.0,64145600
2004-05-13,16.013029098510742,26.100000381469727,0.0,26.190000534057617,25.790000915527344,25.81999969482422,0.0,63861500
2004-05-14,15.865781784057617,25.860000610351562,0.0,26.170000076293945,25.639999389648438,26.0,0.0,43775300
2004-05-17,15.669452667236328,25.540000915527344,0.0,25.790000915527344,25.420000076293945,25.469999313354492,0.0,55149600
2004-05-18,15.84737491607666,25.829999923706055,0.0,25.969999313354492,25.639999389648438,25.700000762939453,0.0,58158600
2004-05-19,15.718537330627441,25.6200008392334,0.0,26.270000457763672,25.6200008392334,26.030000686645508,0.0,60052800
2004-05-20,15.786028861999512,25.729999542236328,0.0,25.8700008392334,25.59000015258789,25.75,0.0,52089900
2004-05-21,15.884182929992676,25.889999389648438,0.0,26.200000762939453,25.780000686645508,25.969999313354492,0.0,57809300
2004-05-24,15.804422378540039,25.760000228881836,0.0,26.170000076293945,25.739999771118164,26.049999237060547,0.0,56250500
2004-05-25,16.013029098510742,26.100000381469727,0.0,26.190000534057617,25.600000381469727,25.709999084472656,0.0,66615000
2004-05-26,16.037569046020508,26.139999389648438,0.0,26.149999618530273,25.850000381469727,25.989999771118164,0.0,50306900
2004-05-27,16.068252563476562,26.190000534057617,0.0,26.190000534057617,25.920000076293945,26.15999984741211,0.0,49071900
2004-05-28,16.09278678894043,26.229999542236328,0.0,26.350000381469727,26.020000457763672,26.139999389648438,0.0,37393000
2004-06-01,16.019161224365234,26.110000610351562,0.0,26.270000457763672,25.8700008392334,26.1299991607666,0.0,48369500
2004-06-02,16.031429290771484,26.1299991607666,0.0,26.280000686645508,26.010000228881836,26.1200008392334,0.0,54020000
2004-06-03,15.884182929992676,25.889999389648438,0.0,26.1299991607666,25.860000610351562,26.049999237060547,0.0,45933100
2004-06-04,15.920999526977539,25.950000762939453,0.0,26.239999771118164,25.940000534057617,26.030000686645508,0.0,48815300
2004-06-07,16.21548843383789,26.43000030517578,0.0,26.43000030517578,25.969999313354492,26.020000457763672,0.0,65218600
2004-06-08,16.31978988647461,26.600000381469727,0.0,26.649999618530273,26.239999771118164,26.280000686645508,0.0,58447700
2004-06-09,16.24003028869629,26.469999313354492,0.0,26.649999618530273,26.399999618530273,26.399999618530273,0.0,50385500
2004-06-10,16.424083709716797,26.770000457763672,0.0,26.790000915527344,26.3799991607666,26.3799991607666,0.0,48109200
2004-06-14,16.503843307495117,26.899999618530273,0.0,26.899999618530273,26.530000686645508,26.549999237060547,0.0,67377500
2004-06-15,16.816749572753906,27.40999984741211,0.0,27.600000381469727,26.969999313354492,26.989999771118164,0.0,114183400
2004-06-16,16.76152992248535,27.31999969482422,0.0,27.5,27.149999618530273,27.34000015258789,0.0,67431100
2004-06-17,17.037614822387695,27.770000457763672,0.0,27.920000076293945,27.290000915527344,27.309999465942383,0.0,105427500
2004-06-18,17.393463134765625,28.350000381469727,0.0,28.5,27.700000762939453,27.770000457763672,0.0,134218700
2004-06-21,17.393463134765625,28.350000381469727,0.0,28.65999984741211,28.1200008392334,28.219999313354492,0.0,116881700
2004-06-22,17.356643676757812,28.290000915527344,0.0,28.350000381469727,27.809999465942383,28.149999618530273,0.0,98932000
2004-06-23,17.36277961730957,28.299999237060547,0.0,28.3799991607666,28.0,28.200000762939453,0.0,58558400
2004-06-24,17.418006896972656,28.389999389648438,0.0,28.649999618530273,28.360000610351562,28.479999542236328,0.0,65503800
2004-06-25,17.5284366607666,28.56999969482422,0.0,28.6299991607666,28.25,28.479999542236328,0.0,71136500
2004-06-28,17.350509643554688,28.280000686645508,0.0,28.75,28.170000076293945,28.600000381469727,0.0,77024100
2004-06-29,17.485477447509766,28.5,0.0,28.579999923706055,28.18000030517578,28.18000030517578,0.0,55371700
2004-06-30,17.522296905517578,28.559999465942383,0.0,28.799999237060547,28.389999389648438,28.56999969482422,0.0,83544400
2004-07-01,17.565244674682617,28.6299991607666,0.0,28.84000015258789,28.260000228881836,28.700000762939453,0.0,78441400
2004-07-02,17.5284366607666,28.56999969482422,0.0,28.68000030517578,28.399999618530273,28.6200008392334,0.0,36690100
2004-07-06,17.190998077392578,28.020000457763672,0.0,28.329999923706055,27.940000534057617,28.31999969482422,0.0,69158900
2004-07-07,17.240087509155273,28.100000381469727,0.0,28.31999969482422,27.549999237060547,27.670000076293945,0.0,66255700
2004-07-08,16.95785140991211,27.639999389648438,0.0,28.149999618530273,27.549999237060547,27.8799991607666,0.0,59125100
2004-07-09,17.092824935913086,27.860000610351562,0.0,28.0,27.639999389648438,27.780000686645508,0.0,50249300
2004-07-12,17.111242294311523,27.889999389648438,0.0,28.0,27.59000015258789,27.670000076293945,0.0,45757300
2004-07-13,16.933324813842773,27.600000381469727,0.0,27.950000762939453,27.600000381469727,27.90999984741211,0.0,43274100
2004-07-14,17.25848388671875,28.1299991607666,0.0,28.360000610351562,27.34000015258789,27.399999618530273,0.0,87656300
2004-07-15,17.098974227905273,27.8700008392334,0.0,28.200000762939453,27.799999237060547,28.049999237060547,0.0,46759700
2004-07-16,16.859689712524414,27.479999542236328,0.0,28.200000762939453,27.25,28.18000030517578,0.0,66406300
2004-07-19,17.148056030273438,27.950000762939453,0.0,28.260000228881836,27.600000381469727,27.6200008392334,0.0,60354500
2004-07-20,17.375049591064453,28.31999969482422,0.0,28.479999542236328,27.850000381469727,28.0,0.0,89010700
2004-07-21,17.706363677978516,28.860000610351562,0.0,29.889999389648438,28.809999465942383,29.889999389648438,0.0,201518000
2004-07-22,17.792253494262695,29.0,0.0,29.299999237060547,28.829999923706055,29.06999969482422,0.0,124640700
2004-07-23,17.197126388549805,28.030000686645508,0.0,28.399999618530273,28.020000457763672,28.3799991607666,0.0,97372700
2004-07-26,17.583654403686523,28.65999984741211,0.0,28.709999084472656,28.200000762939453,28.360000610351562,0.0,72387600
2004-07-27,17.44867515563965,28.440000534057617,0.0,28.760000228881836,28.1299991607666,28.700000762939453,0.0,72968400
2004-07-28,17.534570693969727,28.579999923706055,0.0,28.790000915527344,28.280000686645508,28.34000015258789,0.0,62718800
2004-07-29,17.473217010498047,28.479999542236328,0.0,28.799999237060547,28.25,28.780000686645508,0.0,60148400
2004-07-30,17.479347229003906,28.489999771118164,0.0,28.809999465942383,28.329999923706055,28.450000762939453,0.0,59552900
2004-08-02,17.497760772705078,28.520000457763672,0.0,28.549999237060547,28.15999984741211,28.270000457763672,0.0,52267000
2004-08-03,17.2216739654541,28.06999969482422,0.0,28.420000076293945,28.0,28.3799991607666,0.0,53990900
2004-08-04,17.215543746948242,28.059999465942383,0.0,28.200000762939453,27.989999771118164,28.010000228881836,0.0,46217900
2004-08-05,16.89037322998047,27.530000686645508,0.0,28.209999084472656,27.520000457763672,28.15999984741211,0.0,55591700
2004-08-06,16.651094436645508,27.139999389648438,0.0,27.860000610351562,27.059999465942383,27.3799991607666,0.0,75628000
2004-08-09,16.675634384155273,27.18000030517578,0.0,27.280000686645508,27.100000381469727,27.260000228881836,0.0,51877500
2004-08-10,17.006940841674805,27.719999313354492,0.0,27.75,27.25,27.299999237060547,0.0,57632700
2004-08-11,16.816749572753906,27.40999984741211,0.0,27.510000228881836,27.200000762939453,27.389999389648438,0.0,53097300
2004-08-12,16.491586685180664,26.8799991607666,0.0,27.309999465942383,26.860000610351562,27.229999542236328,0.0,50279700
2004-08-13,16.577468872070312,27.020000457763672,0.0,27.25,26.979999542236328,27.010000228881836,0.0,43333200
2004-08-16,16.620420455932617,27.09000015258789,0.0,27.200000762939453,26.959999084472656,27.030000686645508,0.0,54347200
2004-08-17,16.59587860107422,27.049999237060547,0.0,27.3799991607666,26.979999542236328,27.219999313354492,0.0,56879700
2004-08-18,16.84741973876953,27.459999084472656,0.0,27.5,26.889999389648438,26.93000030517578,0.0,58844000
2004-08-19,16.638824462890625,27.1200008392334,0.0,27.450000762939453,27.010000228881836,27.350000381469727,0.0,46293000
2004-08-20,16.687915802001953,27.200000762939453,0.0,27.3700008392334,27.040000915527344,27.1299991607666,0.0,46494800
2004-08-23,16.761735916137695,27.239999771118164,0.08,27.329999923706055,27.1200008392334,27.270000457763672,0.0,39572200
2004-08-24,16.761735916137695,27.239999771118164,0.0,27.459999084472656,27.09000015258789,27.399999618530273,0.0,40835300
2004-08-25,16.95250129699707,27.549999237060547,0.0,27.670000076293945,27.18000030517578,27.209999084472656,0.0,53512700
2004-08-26,16.884815216064453,27.440000534057617,0.0,27.600000381469727,27.389999389648438,27.459999084472656,0.0,35465500
2004-08-27,16.897117614746094,27.459999084472656,0.0,27.649999618530273,27.450000762939453,27.5,0.0,33248700
2004-08-30,16.798669815063477,27.299999237060547,0.0,27.389999389648438,26.850000381469727,27.299999237060547,0.0,36679600
2004-08-31,16.798669815063477,27.299999237060547,0.0,27.31999969482422,27.049999237060547,27.290000915527344,0.0,52106700
2004-09-01,16.854049682617188,27.389999389648438,0.0,27.520000457763672,27.139999389648438,27.229999542236328,0.0,48507500
2004-09-02,16.995573043823242,27.6200008392334,0.0,27.68000030517578,27.350000381469727,27.399999618530273,0.0,42161700
2004-09-03,16.6817569732666,27.110000610351562,0.0,27.6200008392334,27.100000381469727,27.459999084472656,0.0,46174400
2004-09-07,16.83559226989746,27.360000610351562,0.0,27.3799991607666,27.15999984741211,27.290000915527344,0.0,44893400
2004-09-08,16.77405548095703,27.260000228881836,0.0,27.469999313354492,27.139999389648438,27.299999237060547,0.0,53278100
2004-09-09,16.786352157592773,27.280000686645508,0.0,27.469999313354492,27.18000030517578,27.299999237060547,0.0,56904700
2004-09-10,16.915576934814453,27.489999771118164,0.0,27.510000228881836,27.18000030517578,27.34000015258789,0.0,52664500
2004-09-13,16.76788902282715,27.25,0.0,27.56999969482422,26.739999771118164,27.530000686645508,0.0,48239200
2004-09-14,16.884815216064453,27.440000534057617,0.0,27.510000228881836,27.270000457763672,27.3700008392334,0.0,55920000
2004-09-15,16.730981826782227,27.190000534057617,0.0,27.399999618530273,27.139999389648438,27.360000610351562,0.0,52605700
2004-09-16,16.77405548095703,27.260000228881836,0.0,27.350000381469727,27.170000076293945,27.219999313354492,0.0,35951500
2004-09-17,16.927885055541992,27.510000228881836,0.0,27.530000686645508,27.260000228881836,27.389999389648438,0.0,65283000
2004-09-20,16.927885055541992,27.510000228881836,0.0,27.649999618530273,27.329999923706055,27.440000534057617,0.0,51513600
2004-09-21,16.77405548095703,27.260000228881836,0.0,27.530000686645508,27.25,27.450000762939453,0.0,73874400
2004-09-22,16.68790626525879,27.1200008392334,0.0,27.739999771118164,27.06999969482422,27.280000686645508,0.0,68409000
2004-09-23,16.829429626464844,27.350000381469727,0.0,27.389999389648438,27.170000076293945,27.190000534057617,0.0,52155800
2004-09-24,16.792518615722656,27.290000915527344,0.0,27.459999084472656,27.190000534057617,27.389999389648438,0.0,49859800
2004-09-27,16.730981826782227,27.190000534057617,0.0,27.31999969482422,27.1299991607666,27.170000076293945,0.0,47813600
2004-09-28,16.78020668029785,27.270000457763672,0.0,27.360000610351562,27.040000915527344,27.209999084472656,0.0,62055100
2004-09-29,16.97096061706543,27.579999923706055,0.0,27.690000534057617,27.229999542236328,27.260000228881836,0.0,61529300
2004-09-30,17.0140323638916,27.649999618530273,0.0,27.790000915527344,27.520000457763672,27.59000015258789,0.0,71218000
2004-10-01,17.38323402404785,28.25,0.0,28.31999969482422,27.780000686645508,27.81999969482422,0.0,66302800
2004-10-04,17.303247451782227,28.1200008392334,0.0,28.459999084472656,28.06999969482422,28.440000534057617,0.0,62016200
2004-10-05,17.46323013305664,28.3799991607666,0.0,28.450000762939453,28.100000381469727,28.149999618530273,0.0,58017700
2004-10-06,17.555526733398438,28.530000686645508,0.0,28.549999237060547,28.229999542236328,28.389999389648438,0.0,56999600
2004-10-07,17.33401107788086,28.170000076293945,0.0,28.59000015258789,28.15999984741211,28.540000915527344,0.0,38401500
2004-10-08,17.223247528076172,27.989999771118164,0.0,28.329999923706055,27.969999313354492,28.100000381469727,0.0,49556600
2004-10-11,17.266326904296875,28.059999465942383,0.0,28.219999313354492,27.93000030517578,28.200000762939453,0.0,44691000
2004-10-12,17.247859954833984,28.030000686645508,0.0,28.15999984741211,27.809999465942383,27.829999923706055,0.0,56412900
2004-10-13,17.247859954833984,28.030000686645508,0.0,28.270000457763672,27.940000534057617,28.190000534057617,0.0,49500700
2004-10-14,17.106340408325195,27.799999237060547,0.0,28.15999984741211,27.799999237060547,28.040000915527344,0.0,41548700
2004-10-15,17.223247528076172,27.989999771118164,0.0,28.239999771118164,27.81999969482422,27.969999313354492,0.0,49828500
2004-10-18,17.481693267822266,28.40999984741211,0.0,28.450000762939453,27.979999542236328,28.06999969482422,0.0,50350700
2004-10-19,17.340167999267578,28.18000030517578,0.0,28.59000015258789,28.170000076293945,28.530000686645508,0.0,57026500
2004-10-20,17.660144805908203,28.700000762939453,0.0,28.75,28.1200008392334,28.219999313354492,0.0,69078100
2004-10-21,17.57398223876953,28.559999465942383,0.0,28.889999389648438,28.469999313354492,28.809999465942383,0.0,94988500
2004-10-22,17.06941032409668,27.739999771118164,0.0,28.34000015258789,27.579999923706055,28.299999237060547,0.0,101912800
2004-10-25,17.00172996520996,27.6299991607666,0.0,27.770000457763672,27.549999237060547,27.670000076293945,0.0,61529500
2004-10-26,17.167869567871094,27.899999618530273,0.0,27.899999618530273,27.6299991607666,27.709999084472656,0.0,76966600
2004-10-27,17.321706771850586,28.149999618530273,0.0,28.350000381469727,27.579999923706055,27.860000610351562,0.0,72392600
2004-10-28,17.23555564880371,28.010000228881836,0.0,28.540000915527344,27.899999618530273,28.110000610351562,0.0,63059600
2004-10-29,17.210933685302734,27.969999313354492,0.0,28.149999618530273,27.799999237060547,28.1200008392334,0.0,80010100
2004-11-01,17.278629302978516,28.079999923706055,0.0,28.280000686645508,27.959999084472656,28.15999984741211,0.0,72930900
2004-11-02,17.37708282470703,28.239999771118164,0.0,28.469999313354492,28.030000686645508,28.260000228881836,0.0,89417100
2004-11-03,17.51860237121582,28.469999313354492,0.0,28.649999618530273,28.309999465942383,28.649999618530273,0.0,79666700
2004-11-04,17.844743728637695,29.0,0.0,29.0,28.3799991607666,28.3799991607666,0.0,87867700
2004-11-05,18.035493850708008,29.309999465942383,0.0,29.360000610351562,29.030000686645508,29.209999084472656,0.0,95337700
2004-11-08,18.01702308654785,29.280000686645508,0.0,29.479999542236328,29.1299991607666,29.18000030517578,0.0,112802100
2004-11-09,18.31854820251465,29.770000457763672,0.0,29.889999389648438,29.350000381469727,29.43000030517578,0.0,100401000
2004-11-10,18.293933868408203,29.729999542236328,0.0,30.0,29.690000534057617,29.920000076293945,0.0,84097700
2004-11-11,18.447763442993164,29.979999542236328,0.0,30.079999923706055,29.81999969482422,29.889999389648438,0.0,87358900
2004-11-12,18.441612243652344,29.969999313354492,0.0,30.200000762939453,29.799999237060547,30.15999984741211,0.0,162269000
2004-11-15,18.784526824951172,27.389999389648438,3.08,27.5,27.200000762939453,27.34000015258789,0.0,104468000
2004-11-16,18.59935760498047,27.1200008392334,0.0,27.34000015258789,27.049999237060547,27.329999923706055,0.0,64522600
2004-11-17,18.63364028930664,27.170000076293945,0.0,27.350000381469727,27.059999465942383,27.25,0.0,58830700
2004-11-18,18.5650634765625,27.06999969482422,0.0,27.170000076293945,27.0,27.1299991607666,0.0,63249900
2004-11-19,18.42103385925293,26.860000610351562,0.0,27.06999969482422,26.84000015258789,27.030000686645508,0.0,85808600
2004-11-22,18.277008056640625,26.649999618530273,0.0,26.81999969482422,26.100000381469727,26.75,0.0,92410800
2004-11-23,18.1947078704834,26.530000686645508,0.0,26.700000762939453,26.399999618530273,26.520000457763672,0.0,70459700
2004-11-24,18.270164489746094,26.639999389648438,0.0,26.729999542236328,26.399999618530273,26.6200008392334,0.0,60069200
2004-11-26,18.242721557617188,26.600000381469727,0.0,26.81999969482422,26.549999237060547,26.559999465942383,0.0,24398700
2004-11-29,18.35931968688965,26.770000457763672,0.0,26.950000762939453,26.610000610351562,26.639999389648438,0.0,67079900
2004-11-30,18.386749267578125,26.809999465942383,0.0,27.010000228881836,26.700000762939453,26.75,0.0,75960400
2004-12-01,18.688507080078125,27.25,0.0,27.280000686645508,26.809999465942383,26.950000762939453,0.0,99889000
2004-12-02,18.578779220581055,27.09000015258789,0.0,27.399999618530273,26.920000076293945,27.270000457763672,0.0,96088300
2004-12-03,18.674793243408203,27.229999542236328,0.0,27.440000534057617,27.139999389648438,27.15999984741211,0.0,76498400
2004-12-06,18.743371963500977,27.329999923706055,0.0,27.440000534057617,27.06999969482422,27.100000381469727,0.0,55297400
2004-12-07,18.5650634765625,27.06999969482422,0.0,27.3799991607666,27.0,27.260000228881836,0.0,111656000
2004-12-08,18.76393699645996,27.360000610351562,0.0,27.360000610351562,26.90999984741211,27.010000228881836,0.0,95655000
2004-12-09,18.674793243408203,27.229999542236328,0.0,27.360000610351562,26.940000534057617,27.1299991607666,0.0,83006000
2004-12-10,18.57192039489746,27.079999923706055,0.0,27.18000030517578,27.040000915527344,27.079999923706055,0.0,70949200
2004-12-13,18.688507080078125,27.25,0.0,27.280000686645508,26.90999984741211,27.100000381469727,0.0,93812500
2004-12-14,18.674793243408203,27.229999542236328,0.0,27.329999923706055,27.040000915527344,27.049999237060547,0.0,127843200
2004-12-15,18.59249496459961,27.110000610351562,0.0,27.399999618530273,27.06999969482422,27.219999313354492,0.0,106303900
2004-12-16,18.626785278320312,27.15999984741211,0.0,27.280000686645508,27.010000228881836,27.149999618530273,0.0,88997500
2004-12-17,18.489625930786133,26.959999084472656,0.0,27.31999969482422,26.799999237060547,27.0,0.0,126184400
2004-12-20,18.482769012451172,26.950000762939453,0.0,27.149999618530273,26.889999389648438,27.010000228881836,0.0,85552800
2004-12-21,18.5650634765625,27.06999969482422,0.0,27.170000076293945,26.940000534057617,27.0,0.0,94646100
2004-12-22,18.496482849121094,26.969999313354492,0.0,27.149999618530273,26.780000686645508,26.84000015258789,0.0,63651900
2004-12-23,18.52391242980957,27.010000228881836,0.0,27.149999618530273,26.829999923706055,26.8700008392334,0.0,65801900
2004-12-27,18.414175033569336,26.850000381469727,0.0,27.100000381469727,26.81999969482422,27.010000228881836,0.0,55958500
2004-12-28,18.482769012451172,26.950000762939453,0.0,27.030000686645508,26.799999237060547,26.850000381469727,0.0,55075900
2004-12-29,18.448469161987305,26.899999618530273,0.0,27.0,26.81999969482422,26.850000381469727,0.0,47594900
2004-12-30,18.352455139160156,26.760000228881836,0.0,26.940000534057617,26.75,26.889999389648438,0.0,48355400
2004-12-31,18.325021743774414,26.719999313354492,0.0,26.899999618530273,26.68000030517578,26.75,0.0,54959500
2005-01-03,18.338733673095703,26.739999771118164,0.0,26.950000762939453,26.649999618530273,26.799999237060547,0.0,65002900
2005-01-04,18.40732192993164,26.84000015258789,0.0,27.100000381469727,26.65999984741211,26.8700008392334,0.0,109442100
2005-01-05,18.366174697875977,26.780000686645508,0.0,27.100000381469727,26.760000228881836,26.84000015258789,0.0,72463500
2005-01-06,18.345596313476562,26.75,0.0,27.059999465942383,26.639999389648438,26.850000381469727,0.0,76890500
2005-01-07,18.29073143005371,26.670000076293945,0.0,26.889999389648438,26.6200008392334,26.81999969482422,0.0,68723300
2005-01-10,18.3798828125,26.799999237060547,0.0,26.860000610351562,26.540000915527344,26.600000381469727,0.0,70376600
2005-01-11,18.331884384155273,26.729999542236328,0.0,26.81999969482422,26.610000610351562,26.690000534057617,0.0,64712000
2005-01-12,18.366174697875977,26.780000686645508,0.0,26.850000381469727,26.6200008392334,26.770000457763672,0.0,72940600
2005-01-13,18.01641273498535,26.270000457763672,0.0,26.799999237060547,26.15999984741211,26.68000030517578,0.0,89861600
2005-01-14,17.913522720336914,26.1200008392334,0.0,26.450000762939453,26.040000915527344,26.399999618530273,0.0,92180800
2005-01-18,18.050701141357422,26.31999969482422,0.0,26.350000381469727,25.84000015258789,26.030000686645508,0.0,69146400
2005-01-19,17.817516326904297,25.979999542236328,0.0,26.260000228881836,25.920000076293945,26.209999084472656,0.0,58114100
2005-01-20,17.735219955444336,25.860000610351562,0.0,26.100000381469727,25.739999771118164,25.84000015258789,0.0,58380100
2005-01-21,17.59119987487793,25.649999618530273,0.0,26.1299991607666,25.639999389648438,25.950000762939453,0.0,76501000
2005-01-24,17.604917526245117,25.670000076293945,0.0,26.0,25.639999389648438,25.760000228881836,0.0,69010900
2005-01-25,17.84494400024414,26.020000457763672,0.0,26.190000534057617,25.75,25.760000228881836,0.0,67580700
2005-01-26,17.838096618652344,26.010000228881836,0.0,26.170000076293945,25.899999618530273,26.06999969482422,0.0,64974500
2005-01-27,17.90667724609375,26.110000610351562,0.0,26.15999984741211,25.850000381469727,25.950000762939453,0.0,93204100
2005-01-28,17.954687118530273,26.18000030517578,0.0,26.649999618530273,25.959999084472656,26.540000915527344,0.0,110466500
2005-01-31,18.023265838623047,26.280000686645508,0.0,26.520000457763672,26.15999984741211,26.350000381469727,0.0,71442100
2005-02-01,18.098697662353516,26.389999389648438,0.0,26.43000030517578,26.219999313354492,26.25,0.0,57981700
2005-02-02,18.146705627441406,26.459999084472656,0.0,26.5,26.280000686645508,26.420000076293945,0.0,79329500
2005-02-03,17.954687118530273,26.18000030517578,0.0,26.399999618530273,26.100000381469727,26.3700008392334,0.0,62545400
2005-02-04,18.050701141357422,26.31999969482422,0.0,26.3700008392334,26.139999389648438,26.170000076293945,0.0,61246500
2005-02-07,17.940963745117188,26.15999984741211,0.0,26.299999237060547,26.059999465942383,26.270000457763672,0.0,57763400
2005-02-08,17.995830535888672,26.239999771118164,0.0,26.34000015258789,26.15999984741211,26.190000534057617,0.0,61343700
2005-02-09,17.879241943359375,26.06999969482422,0.0,26.309999465942383,26.040000915527344,26.25,0.0,77874800
2005-02-10,17.872390747070312,26.059999465942383,0.0,26.1299991607666,26.0,26.100000381469727,0.0,71796400
2005-02-11,17.810667037963867,25.969999313354492,0.0,26.1200008392334,25.809999465942383,26.030000686645508,0.0,83835900
2005-02-14,17.838096618652344,26.010000228881836,0.0,26.1200008392334,25.90999984741211,25.93000030517578,0.0,58694000
2005-02-15,17.838092803955078,25.93000030517578,0.08,26.079999923706055,25.860000610351562,26.0,0.0,76551600
2005-02-16,17.741775512695312,25.790000915527344,0.0,25.93000030517578,25.670000076293945,25.8700008392334,0.0,57506600
2005-02-17,17.64546775817871,25.649999618530273,0.0,25.860000610351562,25.600000381469727,25.709999084472656,0.0,67024800
2005-02-18,17.528520584106445,25.479999542236328,0.0,25.649999618530273,25.399999618530273,25.639999389648438,0.0,77091100
2005-02-22,17.35653305053711,25.229999542236328,0.0,25.489999771118164,25.200000762939453,25.25,0.0,96419200
2005-02-23,17.335901260375977,25.200000762939453,0.0,25.350000381469727,25.170000076293945,25.239999771118164,0.0,83689400
2005-02-24,17.452852249145508,25.3700008392334,0.0,25.440000534057617,25.149999618530273,25.18000030517578,0.0,85236300
2005-02-25,17.37030029296875,25.25,0.0,25.3799991607666,25.149999618530273,25.329999923706055,0.0,62467700
2005-02-28,17.30838394165039,25.15999984741211,0.0,25.3700008392334,25.1299991607666,25.219999313354492,0.0,82728000
2005-03-01,17.39093780517578,25.280000686645508,0.0,25.40999984741211,25.1299991607666,25.190000534057617,0.0,56394800
2005-03-02,17.377180099487305,25.260000228881836,0.0,25.479999542236328,25.15999984741211,25.190000534057617,0.0,67739000
2005-03-03,17.315261840820312,25.170000076293945,0.0,25.309999465942383,25.139999389648438,25.299999237060547,0.0,52183600
2005-03-04,17.315261840820312,25.170000076293945,0.0,25.299999237060547,25.1299991607666,25.209999084472656,0.0,63058200
2005-03-07,17.52164077758789,25.469999313354492,0.0,25.790000915527344,25.15999984741211,25.170000076293945,0.0,80407400
2005-03-08,17.473487854003906,25.399999618530273,0.0,25.6200008392334,25.34000015258789,25.399999618530273,0.0,52871800
2005-03-09,17.411575317382812,25.309999465942383,0.0,25.56999969482422,25.280000686645508,25.389999389648438,0.0,62991800
2005-03-10,17.4941349029541,25.43000030517578,0.0,25.479999542236328,25.25,25.43000030517578,0.0,59132900
2005-03-11,17.260234832763672,25.09000015258789,0.0,25.479999542236328,25.059999465942383,25.450000762939453,0.0,60617900
2005-03-14,17.273988723754883,25.110000610351562,0.0,25.149999618530273,24.959999084472656,25.079999923706055,0.0,65550500
2005-03-15,17.13640594482422,24.90999984741211,0.0,25.239999771118164,24.889999389648438,25.100000381469727,0.0,71469400
2005-03-16,16.94379234313965,24.6299991607666,0.0,24.969999313354492,24.559999465942383,24.81999969482422,0.0,74841400
2005-03-17,16.881866455078125,24.540000915527344,0.0,24.68000030517578,24.530000686645508,24.639999389648438,0.0,60573200
2005-03-18,16.723636627197266,24.309999465942383,0.0,24.90999984741211,24.280000686645508,24.530000686645508,0.0,135904000
2005-03-21,16.647966384887695,24.200000762939453,0.0,24.360000610351562,24.149999618530273,24.350000381469727,0.0,71446200
2005-03-22,16.50350570678711,23.989999771118164,0.0,24.270000457763672,23.959999084472656,24.190000534057617,0.0,102113300
2005-03-23,16.63421630859375,24.18000030517578,0.0,24.389999389648438,23.959999084472656,23.989999771118164,0.0,79293300
2005-03-24,16.7030086517334,24.280000686645508,0.0,24.469999313354492,24.200000762939453,24.239999771118164,0.0,78820900
2005-03-28,16.647966384887695,24.200000762939453,0.0,24.469999313354492,24.18000030517578,24.399999618530273,0.0,49802000
2005-03-29,16.45534896850586,23.920000076293945,0.0,24.239999771118164,23.81999969482422,24.139999389648438,0.0,74231700
2005-03-30,16.620445251464844,24.15999984741211,0.0,24.190000534057617,24.0,24.040000915527344,0.0,59585700
2005-03-31,16.627338409423828,24.170000076293945,0.0,24.309999465942383,24.1200008392334,24.25,0.0,62382300
2005-04-01,16.592941284179688,24.1200008392334,0.0,24.350000381469727,24.100000381469727,24.239999771118164,0.0,64619600
2005-04-04,16.668609619140625,24.229999542236328,0.0,24.260000228881836,23.940000534057617,24.110000610351562,0.0,62196400
2005-04-05,16.833707809448242,24.469999313354492,0.0,24.5,24.1200008392334,24.219999313354492,0.0,73549600
2005-04-06,16.971302032470703,24.670000076293945,0.0,24.940000534057617,24.450000762939453,24.469999313354492,0.0,78020200
2005-04-07,17.267112731933594,25.100000381469727,0.0,25.1299991607666,24.6299991607666,24.65999984741211,0.0,77451500
2005-04-08,17.15703773498535,24.940000534057617,0.0,25.25,24.90999984741211,25.06999969482422,0.0,47956300
2005-04-11,17.177677154541016,24.969999313354492,0.0,25.110000610351562,24.860000610351562,25.030000686645508,0.0,47791800
2005-04-12,17.418453216552734,25.31999969482422,0.0,25.350000381469727,24.799999237060547,24.920000076293945,0.0,67517800
2005-04-13,17.225833892822266,25.040000915527344,0.0,25.450000762939453,24.989999771118164,25.229999542236328,0.0,60929300
2005-04-14,17.088241577148438,24.84000015258789,0.0,25.139999389648438,24.829999923706055,25.010000228881836,0.0,66754400
2005-04-15,16.82682228088379,24.459999084472656,0.0,24.899999618530273,24.40999984741211,24.579999923706055,0.0,100251600
2005-04-18,16.957548141479492,24.649999618530273,0.0,24.84000015258789,24.399999618530273,24.450000762939453,0.0,75766400
2005-04-19,16.94379234313965,24.6299991607666,0.0,24.799999237060547,24.450000762939453,24.709999084472656,0.0,65956200
2005-04-20,16.730525970458984,24.31999969482422,0.0,24.700000762939453,24.299999237060547,24.65999984741211,0.0,91923500
2005-04-21,17.39093780517578,25.280000686645508,0.0,25.389999389648438,24.469999313354492,24.479999542236328,0.0,93562300
2005-04-22,17.184558868408203,24.979999542236328,0.0,25.25,24.780000686645508,25.049999237060547,0.0,80087500
2005-04-25,17.191438674926758,24.989999771118164,0.0,25.280000686645508,24.860000610351562,25.06999969482422,0.0,75457900
2005-04-26,17.033218383789062,24.760000228881836,0.0,25.25,24.739999771118164,24.950000762939453,0.0,60464300
2005-04-27,17.191438674926758,24.989999771118164,0.0,25.149999618530273,24.6299991607666,24.65999984741211,0.0,47732800
2005-04-28,16.8199520111084,24.450000762939453,0.0,24.920000076293945,24.440000534057617,24.81999969482422,0.0,83623100
2005-04-29,17.404695510864258,25.299999237060547,0.0,25.299999237060547,24.790000915527344,24.8799991607666,0.0,98641200
2005-05-02,17.35653305053711,25.229999542236328,0.0,25.360000610351562,24.950000762939453,25.229999542236328,0.0,54376700
2005-05-03,17.445981979370117,25.360000610351562,0.0,25.399999618530273,25.09000015258789,25.1299991607666,0.0,67867800
2005-05-04,17.342775344848633,25.209999084472656,0.0,25.399999618530273,25.110000610351562,25.34000015258789,0.0,86864200
2005-05-05,17.35653305053711,25.229999542236328,0.0,25.329999923706055,25.079999923706055,25.200000762939453,0.0,59362300
2005-05-06,17.34966278076172,25.219999313354492,0.0,25.479999542236328,25.190000534057617,25.329999923706055,0.0,64322600
2005-05-09,17.273988723754883,25.110000610351562,0.0,25.329999923706055,25.049999237060547,25.229999542236328,0.0,61872400
2005-05-10,17.129520416259766,24.899999618530273,0.0,25.079999923706055,24.81999969482422,25.040000915527344,0.0,62235100
2005-05-11,17.13640594482422,24.90999984741211,0.0,24.969999313354492,24.639999389648438,24.889999389648438,0.0,59463300
2005-05-12,17.198320388793945,25.0,0.0,25.110000610351562,24.829999923706055,24.84000015258789,0.0,74540700
2005-05-13,17.404695510864258,25.299999237060547,0.0,25.3799991607666,24.989999771118164,25.030000686645508,0.0,77204300
2005-05-16,17.591022491455078,25.489999771118164,0.08,25.5,25.190000534057617,25.229999542236328,0.0,50577300
2005-05-17,17.57032012939453,25.459999084472656,0.0,25.5,25.25,25.309999465942383,0.0,39983200
2005-05-18,17.735958099365234,25.700000762939453,0.0,25.84000015258789,25.420000076293945,25.5,0.0,71182400
2005-05-19,17.88776969909668,25.920000076293945,0.0,26.049999237060547,25.700000762939453,25.75,0.0,52120800
2005-05-20,17.763553619384766,25.739999771118164,0.0,25.920000076293945,25.729999542236328,25.8799991607666,0.0,64444500
2005-05-23,17.83946418762207,25.850000381469727,0.0,26.06999969482422,25.739999771118164,25.739999771118164,0.0,75421100
2005-05-24,17.770448684692383,25.75,0.0,25.8799991607666,25.719999313354492,25.799999237060547,0.0,61287700
2005-05-25,17.74285125732422,25.709999084472656,0.0,25.770000457763672,25.5,25.68000030517578,0.0,35749000
2005-05-26,17.873971939086914,25.899999618530273,0.0,26.0,25.729999542236328,25.75,0.0,50579200
2005-05-27,17.991294860839844,26.06999969482422,0.0,26.09000015258789,25.809999465942383,25.829999923706055,0.0,54978000
2005-05-31,17.804962158203125,25.799999237060547,0.0,26.030000686645508,25.75,25.989999771118164,0.0,46131100
2005-06-01,17.811866760253906,25.809999465942383,0.0,26.0,25.610000610351562,25.729999542236328,0.0,54621000
2005-06-02,17.79805564880371,25.790000915527344,0.0,25.860000610351562,25.639999389648438,25.709999084472656,0.0,27212500
2005-06-03,17.54962730407715,25.43000030517578,0.0,25.809999465942383,25.34000015258789,25.700000762939453,0.0,79659500
2005-06-06,17.508216857910156,25.3700008392334,0.0,25.5,25.309999465942383,25.3799991607666,0.0,40756900
2005-06-07,17.604835510253906,25.510000228881836,0.0,25.829999923706055,25.309999465942383,25.329999923706055,0.0,54511400
2005-06-08,17.528915405273438,25.399999618530273,0.0,25.6200008392334,25.34000015258789,25.549999237060547,0.0,45369700
2005-06-09,17.604835510253906,25.510000228881836,0.0,25.610000610351562,25.350000381469727,25.399999618530273,0.0,52767900
2005-06-10,17.54962730407715,25.43000030517578,0.0,25.520000457763672,25.34000015258789,25.489999771118164,0.0,39459800
2005-06-13,17.466806411743164,25.309999465942383,0.0,25.489999771118164,25.260000228881836,25.360000610351562,0.0,49104100
2005-06-14,17.501319885253906,25.360000610351562,0.0,25.440000534057617,25.239999771118164,25.309999465942383,0.0,44243300
2005-06-15,17.432302474975586,25.260000228881836,0.0,25.40999984741211,25.110000610351562,25.399999618530273,0.0,50764800
2005-06-16,17.280475616455078,25.040000915527344,0.0,25.229999542236328,24.950000762939453,25.219999313354492,0.0,65918800
2005-06-17,17.280475616455078,25.040000915527344,0.0,25.290000915527344,24.920000076293945,25.270000457763672,0.0,90821300
2005-06-20,17.328784942626953,25.110000610351562,0.0,25.280000686645508,24.93000030517578,24.979999542236328,0.0,50538900
2005-06-21,17.35638999938965,25.149999618530273,0.0,25.190000534057617,25.040000915527344,25.079999923706055,0.0,81084000
2005-06-22,17.301179885864258,25.06999969482422,0.0,25.260000228881836,25.030000686645508,25.110000610351562,0.0,60492700
2005-06-23,17.466806411743164,25.309999465942383,0.0,25.6200008392334,25.149999618530273,25.170000076293945,0.0,105159800
2005-06-24,17.280475616455078,25.040000915527344,0.0,25.399999618530273,25.040000915527344,25.219999313354492,0.0,57970700
2005-06-27,17.287376403808594,25.049999237060547,0.0,25.25,25.030000686645508,25.06999969482422,0.0,61636200
2005-06-28,17.301179885864258,25.06999969482422,0.0,25.200000762939453,25.030000686645508,25.09000015258789,0.0,53058100
2005-06-29,17.314987182617188,25.09000015258789,0.0,25.31999969482422,25.0,25.219999313354492,0.0,55859900
2005-06-30,17.14244842529297,24.84000015258789,0.0,25.139999389648438,24.81999969482422,25.059999465942383,0.0,82018200
2005-07-01,17.052743911743164,24.709999084472656,0.0,24.989999771118164,24.670000076293945,24.850000381469727,0.0,69718400
2005-07-05,17.239070892333984,24.979999542236328,0.0,25.190000534057617,24.6200008392334,24.65999984741211,0.0,61883500
2005-07-06,17.04583740234375,24.700000762939453,0.0,25.079999923706055,24.690000534057617,24.969999313354492,0.0,64214600
2005-07-07,17.011337280273438,24.649999618530273,0.0,24.709999084472656,24.5,24.579999923706055,0.0,80082900
2005-07-08,17.314987182617188,25.09000015258789,0.0,25.1200008392334,24.6299991607666,24.639999389648438,0.0,56104000
2005-07-11,17.453004837036133,25.290000915527344,0.0,25.3799991607666,25.110000610351562,25.149999618530273,0.0,61525400
2005-07-12,17.673839569091797,25.610000610351562,0.0,25.6200008392334,25.200000762939453,25.239999771118164,0.0,63384800
2005-07-13,17.708349227905273,25.65999984741211,0.0,25.75,25.479999542236328,25.530000686645508,0.0,44749200
2005-07-14,17.92228889465332,25.969999313354492,0.0,26.100000381469727,25.790000915527344,25.790000915527344,0.0,69506800
2005-07-15,17.79805564880371,25.790000915527344,0.0,26.100000381469727,25.75,26.040000915527344,0.0,56472800
2005-07-18,17.6324405670166,25.549999237060547,0.0,25.790000915527344,25.549999237060547,25.709999084472656,0.0,39668000
2005-07-19,18.053388595581055,26.15999984741211,0.0,26.25,25.75,25.790000915527344,0.0,113290100
2005-07-20,18.07411003112793,26.190000534057617,0.0,26.229999542236328,25.8799991607666,26.0,0.0,71424800
2005-07-21,18.24662971496582,26.440000534057617,0.0,26.479999542236328,26.0,26.299999237060547,0.0,112932100
2005-07-22,17.722143173217773,25.68000030517578,0.0,26.34000015258789,25.6299991607666,25.989999771118164,0.0,97558900
2005-07-25,17.729045867919922,25.690000534057617,0.0,25.899999618530273,25.649999618530273,25.690000534057617,0.0,45174600
2005-07-26,17.62552833557129,25.540000915527344,0.0,25.739999771118164,25.530000686645508,25.719999313354492,0.0,51476400
2005-07-27,17.749757766723633,25.719999313354492,0.0,25.799999237060547,25.530000686645508,25.610000610351562,0.0,57977300
2005-07-28,17.770448684692383,25.75,0.0,25.850000381469727,25.65999984741211,25.75,0.0,44738700
2005-07-29,17.673839569091797,25.610000610351562,0.0,26.0,25.59000015258789,25.780000686645508,0.0,59524400
2005-08-01,17.88776969909668,25.920000076293945,0.0,26.049999237060547,25.760000228881836,25.809999465942383,0.0,61346800
2005-08-02,18.50197982788086,26.809999465942383,0.0,26.899999618530273,25.8700008392334,25.899999618530273,0.0,137510100
2005-08-03,18.805625915527344,27.25,0.0,27.43000030517578,26.729999542236328,26.760000228881836,0.0,139422400
2005-08-04,18.85394287109375,27.31999969482422,0.0,27.5,27.049999237060547,27.15999984741211,0.0,91461400
2005-08-05,19.1575927734375,27.760000228881836,0.0,27.940000534057617,27.25,27.290000915527344,0.0,82212400
2005-08-08,18.722806930541992,27.1299991607666,0.0,27.84000015258789,27.079999923706055,27.799999237060547,0.0,77207200
2005-08-09,18.87464714050293,27.350000381469727,0.0,27.510000228881836,27.010000228881836,27.219999313354492,0.0,64761800
2005-08-10,18.59859848022461,26.950000762939453,0.0,27.5,26.850000381469727,27.40999984741211,0.0,62818800
2005-08-11,18.819429397583008,27.270000457763672,0.0,27.299999237060547,26.889999389648438,26.979999542236328,0.0,48646800
2005-08-12,18.667612075805664,27.049999237060547,0.0,27.139999389648438,26.899999618530273,27.079999923706055,0.0,52006500
2005-08-15,18.778348922729492,27.1299991607666,0.08,27.299999237060547,26.690000534057617,26.979999542236328,0.0,45976600
2005-08-16,18.50841522216797,26.739999771118164,0.0,27.139999389648438,26.700000762939453,27.030000686645508,0.0,46894600
2005-08-17,18.653759002685547,26.950000762939453,0.0,27.149999618530273,26.65999984741211,26.81999969482422,0.0,52413100
2005-08-18,18.56377601623535,26.81999969482422,0.0,27.079999923706055,26.799999237060547,26.889999389648438,0.0,40861900
2005-08-19,18.494565963745117,26.719999313354492,0.0,26.90999984741211,26.700000762939453,26.850000381469727,0.0,36043500
2005-08-22,18.626083374023438,26.90999984741211,0.0,27.170000076293945,26.770000457763672,26.790000915527344,0.0,41691700
2005-08-23,18.5983943939209,26.8700008392334,0.0,27.06999969482422,26.739999771118164,26.84000015258789,0.0,48296700
2005-08-24,18.556854248046875,26.809999465942383,0.0,27.15999984741211,26.780000686645508,26.84000015258789,0.0,63645000
2005-08-25,18.709131240844727,27.030000686645508,0.0,27.09000015258789,26.850000381469727,26.899999618530273,0.0,39306300
2005-08-26,18.667612075805664,26.969999313354492,0.0,27.079999923706055,26.8700008392334,27.059999465942383,0.0,36774600
2005-08-29,18.792192459106445,27.149999618530273,0.0,27.229999542236328,26.809999465942383,26.809999465942383,0.0,52307700
2005-08-30,18.812952041625977,27.18000030517578,0.0,27.229999542236328,26.959999084472656,27.059999465942383,0.0,55163200
2005-08-31,18.951393127441406,27.3799991607666,0.0,27.440000534057617,27.040000915527344,27.170000076293945,0.0,65210200
2005-09-01,18.826797485351562,27.200000762939453,0.0,27.389999389648438,27.149999618530273,27.3799991607666,0.0,75974500
2005-09-02,18.702213287353516,27.020000457763672,0.0,27.270000457763672,26.969999313354492,27.209999084472656,0.0,52047500
2005-09-06,18.688377380371094,27.0,0.0,27.290000915527344,26.979999542236328,27.059999465942383,0.0,46089000
2005-09-07,18.584552764892578,26.850000381469727,0.0,27.110000610351562,26.81999969482422,26.940000534057617,0.0,44656100
2005-09-08,18.418426513671875,26.610000610351562,0.0,26.8799991607666,26.520000457763672,26.799999237060547,0.0,52552300
2005-09-09,18.397655487060547,26.579999923706055,0.0,26.81999969482422,26.530000686645508,26.6200008392334,0.0,41515800
2005-09-12,18.418426513671875,26.610000610351562,0.0,26.75,26.520000457763672,26.6200008392334,0.0,40550500
2005-09-13,18.32844352722168,26.479999542236328,0.0,26.760000228881836,26.3700008392334,26.540000915527344,0.0,63422900
2005-09-14,18.21078109741211,26.309999465942383,0.0,26.639999389648438,26.299999237060547,26.520000457763672,0.0,54969600
2005-09-15,18.183090209960938,26.270000457763672,0.0,26.43000030517578,26.219999313354492,26.3700008392334,0.0,60357200
2005-09-16,18.04465103149414,26.06999969482422,0.0,26.399999618530273,25.969999313354492,26.34000015258789,0.0,187384300
2005-09-19,17.9962100982666,26.0,0.0,26.270000457763672,25.860000610351562,26.09000015258789,0.0,61832300
2005-09-20,17.885465621948242,25.84000015258789,0.0,26.219999313354492,25.690000534057617,26.06999969482422,0.0,61043400
2005-09-21,17.643203735351562,25.489999771118164,0.0,25.899999618530273,25.43000030517578,25.799999237060547,0.0,68281800
2005-09-22,17.53938102722168,25.34000015258789,0.0,25.600000381469727,25.149999618530273,25.489999771118164,0.0,71314900
2005-09-23,17.490930557250977,25.270000457763672,0.0,25.540000915527344,25.1200008392334,25.309999465942383,0.0,66396800
2005-09-26,17.490930557250977,25.270000457763672,0.0,25.489999771118164,25.209999084472656,25.399999618530273,0.0,56203700
2005-09-27,17.53938102722168,25.34000015258789,0.0,25.450000762939453,25.299999237060547,25.3700008392334,0.0,48797900
2005-09-28,17.767797470092773,25.670000076293945,0.0,25.8700008392334,25.3799991607666,25.389999389648438,0.0,71019400
2005-09-29,17.95467758178711,25.940000534057617,0.0,26.0,25.5,25.610000610351562,0.0,66807100
2005-09-30,17.80931854248047,25.729999542236328,0.0,25.950000762939453,25.610000610351562,25.90999984741211,0.0,57644500
2005-10-03,17.650135040283203,25.5,0.0,25.729999542236328,25.440000534057617,25.709999084472656,0.0,55341300
2005-10-04,17.290205001831055,24.979999542236328,0.0,25.389999389648438,24.75,25.360000610351562,0.0,151666300
2005-10-05,17.07562828063965,24.670000076293945,0.0,25.049999237060547,24.670000076293945,25.040000915527344,0.0,73684700
2005-10-06,17.117162704467773,24.729999542236328,0.0,24.950000762939453,24.530000686645508,24.65999984741211,0.0,81724600
2005-10-07,17.020265579223633,24.59000015258789,0.0,24.84000015258789,24.520000457763672,24.770000457763672,0.0,50768700
2005-10-10,16.930280685424805,24.459999084472656,0.0,24.68000030517578,24.350000381469727,24.670000076293945,0.0,48880900
2005-10-11,16.895666122436523,24.40999984741211,0.0,24.549999237060547,24.25,24.510000228881836,0.0,76567300
2005-10-12,16.819528579711914,24.299999237060547,0.0,24.700000762939453,24.270000457763672,24.489999771118164,0.0,71294400
2005-10-13,17.020265579223633,24.59000015258789,0.0,24.729999542236328,24.270000457763672,24.309999465942383,0.0,70192000
2005-10-14,17.07562828063965,24.670000076293945,0.0,24.729999542236328,24.5,24.709999084472656,0.0,53846700
2005-10-17,16.97873306274414,24.530000686645508,0.0,24.690000534057617,24.440000534057617,24.68000030517578,0.0,46924400
2005-10-18,17.00641441345215,24.56999969482422,0.0,24.829999923706055,24.450000762939453,24.489999771118164,0.0,69328200
2005-10-19,17.3663387298584,25.09000015258789,0.0,25.09000015258789,24.5,24.559999465942383,0.0,66574500
2005-10-20,17.1586971282959,24.790000915527344,0.0,25.1299991607666,24.739999771118164,25.049999237060547,0.0,58830600
2005-10-21,17.151769638061523,24.780000686645508,0.0,25.0,24.56999969482422,24.90999984741211,0.0,69431200
2005-10-24,17.373266220092773,25.100000381469727,0.0,25.100000381469727,24.68000030517578,24.889999389648438,0.0,51868000
2005-10-25,17.32481575012207,25.030000686645508,0.0,25.1299991607666,24.829999923706055,24.950000762939453,0.0,41310500
2005-10-26,17.38018798828125,25.110000610351562,0.0,25.329999923706055,24.93000030517578,24.969999313354492,0.0,58178100
2005-10-27,17.200218200683594,24.850000381469727,0.0,25.270000457763672,24.850000381469727,25.219999313354492,0.0,61566100
2005-10-28,17.67089080810547,25.530000686645508,0.0,25.600000381469727,25.100000381469727,25.100000381469727,0.0,106559300
2005-10-31,17.788557052612305,25.700000762939453,0.0,25.799999237060547,25.5,25.610000610351562,0.0,75122100
2005-11-01,17.968524932861328,25.959999084472656,0.0,26.100000381469727,25.610000610351562,25.610000610351562,0.0,71370400
2005-11-02,18.314603805541992,26.459999084472656,0.0,26.5,25.93000030517578,25.93000030517578,0.0,75067100
2005-11-03,18.300764083862305,26.440000534057617,0.0,26.639999389648438,26.25,26.600000381469727,0.0,73421600
2005-11-04,18.45302963256836,26.65999984741211,0.0,26.709999084472656,26.450000762939453,26.530000686645508,0.0,57464000
2005-11-07,18.695301055908203,27.010000228881836,0.0,27.079999923706055,26.700000762939453,26.719999313354492,0.0,77104800
2005-11-08,18.72297477722168,27.049999237060547,0.0,27.18000030517578,26.770000457763672,26.940000534057617,0.0,60091700
2005-11-09,18.660688400268555,26.959999084472656,0.0,27.149999618530273,26.940000534057617,26.979999542236328,0.0,59562100
2005-11-10,18.750669479370117,27.09000015258789,0.0,27.149999618530273,26.639999389648438,26.940000534057617,0.0,73314800
2005-11-11,18.88217544555664,27.280000686645508,0.0,27.389999389648438,27.1299991607666,27.149999618530273,0.0,51945600
2005-11-14,18.944473266601562,27.3700008392334,0.0,27.440000534057617,27.200000762939453,27.360000610351562,0.0,67152200
2005-11-15,19.090248107910156,27.5,0.08,27.540000915527344,27.25,27.329999923706055,0.0,65081000
2005-11-16,19.256855010986328,27.739999771118164,0.0,27.8799991607666,27.440000534057617,27.479999542236328,0.0,86277000
2005-11-17,19.416513442993164,27.969999313354492,0.0,28.0,27.760000228881836,27.850000381469727,0.0,91351000
2005-11-18,19.485942840576172,28.06999969482422,0.0,28.25,27.899999618530273,28.1200008392334,0.0,75431200
2005-11-21,19.54841423034668,28.15999984741211,0.0,28.239999771118164,27.84000015258789,28.06999969482422,0.0,65794400
2005-11-22,19.37487030029297,27.90999984741211,0.0,28.079999923706055,27.860000610351562,28.059999465942383,0.0,104253300
2005-11-23,19.381807327270508,27.920000076293945,0.0,28.09000015258789,27.739999771118164,27.920000076293945,0.0,70541300
2005-11-25,19.270729064941406,27.760000228881836,0.0,27.940000534057617,27.469999313354492,27.799999237060547,0.0,44082500
2005-11-28,19.263792037963867,27.75,0.0,27.850000381469727,27.530000686645508,27.790000915527344,0.0,57517200
2005-11-29,19.21520233154297,27.68000030517578,0.0,27.790000915527344,27.600000381469727,27.790000915527344,0.0,62220400
2005-11-30,19.21520233154297,27.68000030517578,0.0,27.770000457763672,27.6299991607666,27.68000030517578,0.0,55904700
2005-12-01,19.360980987548828,27.889999389648438,0.0,28.100000381469727,27.729999542236328,27.729999542236328,0.0,61006100
2005-12-02,19.44428825378418,28.010000228881836,0.0,28.100000381469727,27.790000915527344,27.81999969482422,0.0,42319600
2005-12-05,19.33321762084961,27.850000381469727,0.0,28.020000457763672,27.709999084472656,27.93000030517578,0.0,47517300
2005-12-06,19.22214698791504,27.690000534057617,0.0,27.920000076293945,27.68000030517578,27.899999618530273,0.0,65980000
2005-12-07,19.263792037963867,27.75,0.0,27.75,27.549999237060547,27.670000076293945,0.0,55583200
2005-12-08,19.22214698791504,27.690000534057617,0.0,27.809999465942383,27.600000381469727,27.709999084472656,0.0,63931600
2005-12-09,19.23602867126465,27.709999084472656,0.0,27.829999923706055,27.639999389648438,27.709999084472656,0.0,48467000
2005-12-12,19.055540084838867,27.450000762939453,0.0,27.75,27.329999923706055,27.700000762939453,0.0,63757200
2005-12-13,18.833393096923828,27.1299991607666,0.0,27.43000030517578,27.0,27.290000915527344,0.0,104285500
2005-12-14,18.805635452270508,27.09000015258789,0.0,27.239999771118164,26.850000381469727,27.0,0.0,65076200
2005-12-15,18.687620162963867,26.920000076293945,0.0,27.110000610351562,26.809999465942383,27.079999923706055,0.0,79018100
2005-12-16,18.673734664916992,26.899999618530273,0.0,27.079999923706055,26.809999465942383,26.8799991607666,0.0,88542500
2005-12-19,18.625141143798828,26.829999923706055,0.0,26.8700008392334,26.649999618530273,26.81999969482422,0.0,68680100
2005-12-20,18.645973205566406,26.860000610351562,0.0,26.8799991607666,26.670000076293945,26.760000228881836,0.0,62960600
2005-12-21,18.555727005004883,26.729999542236328,0.0,26.90999984741211,26.709999084472656,26.8700008392334,0.0,75800900
2005-12-22,18.458538055419922,26.59000015258789,0.0,26.780000686645508,26.420000076293945,26.709999084472656,0.0,91276900
2005-12-23,18.493242263793945,26.639999389648438,0.0,26.670000076293945,26.440000534057617,26.520000457763672,0.0,30689200
2005-12-27,18.3682918548584,26.459999084472656,0.0,26.850000381469727,26.450000762939453,26.68000030517578,0.0,37819000
2005-12-28,18.319698333740234,26.389999389648438,0.0,26.65999984741211,26.350000381469727,26.510000228881836,0.0,35444400
2005-12-29,18.23639678955078,26.270000457763672,0.0,26.5,26.260000228881836,26.40999984741211,0.0,34495500
2005-12-30,18.153091430664062,26.149999618530273,0.0,26.309999465942383,26.100000381469727,26.149999618530273,0.0,49044600
2006-01-03,18.632083892822266,26.84000015258789,0.0,27.0,26.100000381469727,26.25,0.0,79973000
2006-01-04,18.722332000732422,26.969999313354492,0.0,27.079999923706055,26.770000457763672,26.770000457763672,0.0,57975600
2006-01-05,18.7362117767334,26.989999771118164,0.0,27.1299991607666,26.90999984741211,26.959999084472656,0.0,48245500
2006-01-06,18.680683135986328,26.90999984741211,0.0,27.0,26.489999771118164,26.889999389648438,0.0,100963000
2006-01-09,18.645973205566406,26.860000610351562,0.0,27.06999969482422,26.760000228881836,26.93000030517578,0.0,55625000
2006-01-10,18.743152618408203,27.0,0.0,27.020000457763672,26.59000015258789,26.649999618530273,0.0,64921900
2006-01-11,18.944467544555664,27.290000915527344,0.0,27.389999389648438,26.899999618530273,27.010000228881836,0.0,70120700
2006-01-12,18.84033966064453,27.139999389648438,0.0,27.260000228881836,26.969999313354492,27.25,0.0,45994800
2006-01-13,18.875051498413086,27.190000534057617,0.0,27.25,27.010000228881836,27.030000686645508,0.0,41418000
2006-01-17,18.7362117767334,26.989999771118164,0.0,27.190000534057617,26.899999618530273,26.899999618530273,0.0,58566600
2006-01-18,18.625141143798828,26.829999923706055,0.0,26.979999542236328,26.700000762939453,26.739999771118164,0.0,52376200
2006-01-19,18.757038116455078,27.020000457763672,0.0,27.239999771118164,26.850000381469727,26.8700008392334,0.0,60367600
2006-01-20,18.333580017089844,26.40999984741211,0.0,27.010000228881836,26.260000228881836,27.010000228881836,0.0,79165900
2006-01-23,18.29193878173828,26.350000381469727,0.0,26.530000686645508,26.299999237060547,26.40999984741211,0.0,47925600
2006-01-24,18.24333381652832,26.280000686645508,0.0,26.450000762939453,26.219999313354492,26.34000015258789,0.0,63040700
2006-01-25,18.326642990112305,26.399999618530273,0.0,26.56999969482422,26.229999542236328,26.40999984741211,0.0,59072100
2006-01-26,18.396055221557617,26.5,0.0,26.719999313354492,26.309999465942383,26.559999465942383,0.0,69509300
2006-01-27,19.29156494140625,27.790000915527344,0.0,27.950000762939453,27.190000534057617,27.229999542236328,0.0,134520700
2006-01-30,19.437349319458008,28.0,0.0,28.18000030517578,27.780000686645508,27.81999969482422,0.0,103999200
2006-01-31,19.541465759277344,28.149999618530273,0.0,28.3799991607666,27.8700008392334,27.90999984741211,0.0,94841300
2006-02-01,19.465112686157227,28.040000915527344,0.0,28.06999969482422,27.760000228881836,27.959999084472656,0.0,68448800
2006-02-02,19.21520233154297,27.68000030517578,0.0,27.989999771118164,27.549999237060547,27.969999313354492,0.0,55073400
2006-02-03,19.11802101135254,27.540000915527344,0.0,27.700000762939453,27.34000015258789,27.479999542236328,0.0,75022700
2006-02-06,18.861167907714844,27.170000076293945,0.0,27.540000915527344,27.09000015258789,27.510000228881836,0.0,60170500
2006-02-07,18.70150375366211,26.940000534057617,0.0,27.149999618530273,26.809999465942383,26.950000762939453,0.0,72159500
2006-02-08,18.680683135986328,26.90999984741211,0.0,27.079999923706055,26.709999084472656,27.010000228881836,0.0,51795200
2006-02-09,18.507125854492188,26.65999984741211,0.0,27.030000686645508,26.649999618530273,26.959999084472656,0.0,52861700
2006-02-10,18.52796173095703,26.690000534057617,0.0,26.889999389648438,26.510000228881836,26.6200008392334,0.0,52127000
2006-02-13,18.319698333740234,26.389999389648438,0.0,26.700000762939453,26.34000015258789,26.6299991607666,0.0,46707000
2006-02-14,18.500185012817383,26.649999618530273,0.0,26.68000030517578,26.350000381469727,26.40999984741211,0.0,58432900
2006-02-15,18.723079681396484,26.8799991607666,0.09,26.93000030517578,26.5,26.600000381469727,0.0,62808900
2006-02-16,18.67431640625,26.809999465942383,0.0,26.899999618530273,26.56999969482422,26.850000381469727,0.0,48868500
2006-02-17,18.597707748413086,26.700000762939453,0.0,26.809999465942383,26.559999465942383,26.670000076293945,0.0,41513200
2006-02-21,18.48625946044922,26.540000915527344,0.0,26.719999313354492,26.34000015258789,26.719999313354492,0.0,50216100
2006-02-22,18.611629486083984,26.719999313354492,0.0,26.860000610351562,26.469999313354492,26.530000686645508,0.0,43043100
2006-02-23,18.569841384887695,26.65999984741211,0.0,26.889999389648438,26.540000915527344,26.729999542236328,0.0,47359100
2006-02-24,18.548934936523438,26.6299991607666,0.0,26.739999771118164,26.520000457763672,26.59000015258789,0.0,44753800
2006-02-27,18.84149742126465,27.049999237060547,0.0,27.260000228881836,26.670000076293945,26.75,0.0,51301500
2006-02-28,18.71611976623535,26.8700008392334,0.0,27.299999237060547,26.8700008392334,26.950000762939453,0.0,65036100
2006-03-01,18.904176712036133,27.139999389648438,0.0,27.200000762939453,26.950000762939453,26.979999542236328,0.0,53061200
2006-03-02,18.785776138305664,26.969999313354492,0.0,27.100000381469727,26.899999618530273,27.020000457763672,0.0,41850300
2006-03-03,18.757911682128906,26.93000030517578,0.0,27.15999984741211,26.739999771118164,26.809999465942383,0.0,45218800
2006-03-06,18.743982315063477,26.90999984741211,0.0,27.149999618530273,26.829999923706055,26.920000076293945,0.0,53054100
2006-03-07,18.848461151123047,27.059999465942383,0.0,27.100000381469727,26.809999465942383,26.899999618530273,0.0,51613900
2006-03-08,18.980798721313477,27.25,0.0,27.5,26.969999313354492,26.989999771118164,0.0,57547400
2006-03-09,18.80666732788086,27.0,0.0,27.420000076293945,27.0,27.270000457763672,0.0,45360700
2006-03-10,18.925085067749023,27.170000076293945,0.0,27.219999313354492,26.8799991607666,27.059999465942383,0.0,41297200
2006-03-13,18.883291244506836,27.110000610351562,0.0,27.290000915527344,26.940000534057617,27.18000030517578,0.0,40342600
2006-03-14,18.966875076293945,27.229999542236328,0.0,27.3799991607666,26.989999771118164,27.040000915527344,0.0,39821800
2006-03-15,19.057415008544922,27.360000610351562,0.0,27.450000762939453,27.010000228881836,27.200000762939453,0.0,57152000
2006-03-16,18.994735717773438,27.270000457763672,0.0,27.479999542236328,27.219999313354492,27.34000015258789,0.0,73793700
2006-03-17,19.154935836791992,27.5,0.0,27.65999984741211,27.270000457763672,27.350000381469727,0.0,120615000
2006-03-20,19.42658042907715,27.889999389648438,0.0,27.989999771118164,27.670000076293945,27.700000762939453,0.0,67094100
2006-03-21,19.32210922241211,27.739999771118164,0.0,28.219999313354492,27.68000030517578,27.739999771118164,0.0,73199600
2006-03-22,18.911149978637695,27.149999618530273,0.0,27.5,26.799999237060547,27.079999923706055,0.0,145696100
2006-03-23,18.702190399169922,26.850000381469727,0.0,27.100000381469727,26.65999984741211,27.079999923706055,0.0,73682900
2006-03-24,18.813642501831055,27.010000228881836,0.0,27.209999084472656,26.6200008392334,26.709999084472656,0.0,69157600
2006-03-27,18.813642501831055,27.010000228881836,0.0,27.299999237060547,27.0,27.010000228881836,0.0,59908600
2006-03-28,18.737014770507812,26.899999618530273,0.0,27.209999084472656,26.809999465942383,27.010000228881836,0.0,58520500
2006-03-29,18.82059669494629,27.020000457763672,0.0,27.200000762939453,26.920000076293945,26.950000762939453,0.0,53150300
2006-03-30,18.966875076293945,27.229999542236328,0.0,27.389999389648438,27.0,27.030000686645508,0.0,54612000
2006-03-31,18.95294189453125,27.209999084472656,0.0,27.540000915527344,27.209999084472656,27.299999237060547,0.0,62190500
2006-04-03,19.19672966003418,27.559999465942383,0.0,27.729999542236328,27.440000534057617,27.670000076293945,0.0,57605300
2006-04-04,19.252452850341797,27.639999389648438,0.0,27.799999237060547,27.469999313354492,27.600000381469727,0.0,45470000
2006-04-05,19.32210922241211,27.739999771118164,0.0,27.940000534057617,27.639999389648438,27.8799991607666,0.0,41539300
2006-04-06,19.19672966003418,27.559999465942383,0.0,27.719999313354492,27.3700008392334,27.65999984741211,0.0,51885500
2006-04-07,18.980798721313477,27.25,0.0,27.719999313354492,27.229999542236328,27.610000610351562,0.0,47249400
2006-04-10,19.008657455444336,27.290000915527344,0.0,27.440000534057617,27.200000762939453,27.229999542236328,0.0,39432000
2006-04-11,18.89720916748047,27.1299991607666,0.0,27.31999969482422,27.0,27.290000915527344,0.0,42953400
2006-04-12,18.94597625732422,27.200000762939453,0.0,27.200000762939453,26.969999313354492,27.100000381469727,0.0,32183000
2006-04-13,18.855424880981445,27.06999969482422,0.0,27.200000762939453,27.0,27.079999923706055,0.0,28160000
2006-04-17,18.695219039916992,26.84000015258789,0.0,27.049999237060547,26.729999542236328,27.030000686645508,0.0,35796200
2006-04-18,18.959901809692383,27.219999313354492,0.0,27.5,26.81999969482422,26.940000534057617,0.0,56272700
2006-04-19,18.827556610107422,27.030000686645508,0.0,27.190000534057617,26.959999084472656,27.110000610351562,0.0,45111100
2006-04-20,18.827556610107422,27.030000686645508,0.0,27.190000534057617,26.700000762939453,27.049999237060547,0.0,45648300
2006-04-21,18.911149978637695,27.149999618530273,0.0,27.389999389648438,27.0,27.049999237060547,0.0,58528000
2006-04-24,18.883291244506836,27.110000610351562,0.0,27.25,26.979999542236328,27.06999969482422,0.0,42318400
2006-04-25,18.883291244506836,27.110000610351562,0.0,27.209999084472656,27.020000457763672,27.09000015258789,0.0,49222500
2006-04-26,18.876319885253906,27.100000381469727,0.0,27.229999542236328,27.0,27.079999923706055,0.0,39190000
2006-04-27,18.980798721313477,27.25,0.0,27.6299991607666,26.940000534057617,26.969999313354492,0.0,96509600
2006-04-28,16.821517944335938,24.149999618530273,0.0,24.5,24.0,24.229999542236328,0.0,591052200
2006-05-01,16.91904640197754,24.290000915527344,0.0,25.0,24.09000015258789,24.31999969482422,0.0,174800900
2006-05-02,16.724002838134766,24.010000228881836,0.0,25.0,23.899999618530273,24.489999771118164,0.0,190533500
2006-05-03,16.138904571533203,23.170000076293945,0.0,24.020000457763672,23.149999618530273,23.989999771118164,0.0,211527100
2006-05-04,16.326980590820312,23.440000534057617,0.0,23.670000076293945,23.139999389648438,23.350000381469727,0.0,171257400
2006-05-05,16.57773208618164,23.799999237060547,0.0,23.950000762939453,23.520000457763672,23.65999984741211,0.0,131604300
2006-05-08,16.52897071838379,23.729999542236328,0.0,25.0,23.510000228881836,23.850000381469727,0.0,80693500
2006-05-09,16.452356338500977,23.6200008392334,0.0,24.0,23.489999771118164,23.75,0.0,75345900
2006-05-10,16.556833267211914,23.770000457763672,0.0,23.790000915527344,23.59000015258789,23.670000076293945,0.0,76563300
2006-05-11,16.173738479614258,23.219999313354492,0.0,23.790000915527344,23.149999618530273,23.709999084472656,0.0,92916700
2006-05-12,16.138904571533203,23.170000076293945,0.0,23.3700008392334,23.049999237060547,23.139999389648438,0.0,83115900
2006-05-15,16.187854766845703,23.149999618530273,0.09,23.229999542236328,23.030000686645508,23.100000381469727,0.0,67314800
2006-05-16,16.0899658203125,23.010000228881836,0.0,24.0,22.90999984741211,23.15999984741211,0.0,82095100
2006-05-17,15.8941650390625,22.729999542236328,0.0,23.079999923706055,22.729999542236328,22.889999389648438,0.0,98598300
2006-05-18,15.964092254638672,22.829999923706055,0.0,23.139999389648438,22.760000228881836,22.84000015258789,0.0,95476400
2006-05-19,15.775288581848145,22.559999465942383,0.0,22.899999618530273,22.520000457763672,22.790000915527344,0.0,100071200
2006-05-22,15.999061584472656,22.8799991607666,0.0,23.020000457763672,22.450000762939453,22.479999542236328,0.0,87322300
2006-05-23,15.936123847961426,22.790000915527344,0.0,23.3799991607666,22.770000457763672,23.110000610351562,0.0,79986300
2006-05-24,16.432600021362305,23.5,0.0,23.540000915527344,22.979999542236328,22.989999771118164,0.0,107356700
2006-05-25,16.600419998168945,23.739999771118164,0.0,23.920000076293945,23.540000915527344,23.56999969482422,0.0,83052700
2006-05-26,16.5864315032959,23.719999313354492,0.0,23.8799991607666,23.559999465942383,23.770000457763672,0.0,46861600
2006-05-30,16.187854766845703,23.149999618530273,0.0,23.760000228881836,23.139999389648438,23.549999237060547,0.0,52497500
2006-05-31,15.838217735290527,22.649999618530273,0.0,23.350000381469727,22.649999618530273,23.260000228881836,0.0,120202000
2006-06-01,15.957099914550781,22.81999969482422,0.0,22.84000015258789,22.6200008392334,22.739999771118164,0.0,80230800
2006-06-02,15.91513729095459,22.760000228881836,0.0,22.989999771118164,22.670000076293945,22.8700008392334,0.0,73935600
2006-06-05,15.733338356018066,22.5,0.0,22.729999542236328,22.489999771118164,22.719999313354492,0.0,63914100
2006-06-06,15.47461223602295,22.1299991607666,0.0,22.559999465942383,21.979999542236328,22.549999237060547,0.0,126601300
2006-06-07,15.411677360534668,22.040000915527344,0.0,22.389999389648438,22.010000228881836,22.149999618530273,0.0,73827500
2006-06-08,15.460634231567383,22.110000610351562,0.0,22.209999084472656,21.969999313354492,22.030000686645508,0.0,104126900
2006-06-09,15.327766418457031,21.920000076293945,0.0,22.190000534057617,21.889999389648438,22.149999618530273,0.0,52573800
2006-06-12,15.180917739868164,21.709999084472656,0.0,22.100000381469727,21.700000762939453,21.959999084472656,0.0,74309700
2006-06-13,15.04106616973877,21.510000228881836,0.0,22.030000686645508,21.459999084472656,21.729999542236328,0.0,113175300
2006-06-14,15.29979133605957,21.8799991607666,0.0,21.940000534057617,21.549999237060547,21.59000015258789,0.0,86081500
2006-06-15,15.432656288146973,22.06999969482422,0.0,22.1299991607666,21.799999237060547,22.010000228881836,0.0,121577300
2006-06-16,15.453636169433594,22.100000381469727,0.0,22.280000686645508,21.790000915527344,21.969999313354492,0.0,147506500
2006-06-19,15.768301963806152,22.549999237060547,0.0,22.600000381469727,22.1200008392334,22.139999389648438,0.0,129640900
2006-06-20,15.775288581848145,22.559999465942383,0.0,22.760000228881836,22.5,22.540000915527344,0.0,90598500
2006-06-21,16.13890266418457,23.079999923706055,0.0,23.149999618530273,22.530000686645508,22.610000610351562,0.0,91660300
2006-06-22,15.999061584472656,22.8799991607666,0.0,23.170000076293945,22.780000686645508,23.059999465942383,0.0,76590600
2006-06-23,15.733338356018066,22.5,0.0,22.8700008392334,22.5,22.850000381469727,0.0,60532600
2006-06-26,15.957099914550781,22.81999969482422,0.0,22.889999389648438,22.6299991607666,22.649999618530273,0.0,53644100
2006-06-27,15.985074043273926,22.860000610351562,0.0,23.15999984741211,22.84000015258789,22.889999389648438,0.0,84759100
2006-06-28,16.194839477539062,23.15999984741211,0.0,23.25,22.90999984741211,22.959999084472656,0.0,71906500
2006-06-29,16.411617279052734,23.469999313354492,0.0,23.6299991607666,23.219999313354492,23.31999969482422,0.0,121395500
2006-06-30,16.292743682861328,23.299999237060547,0.0,23.649999618530273,23.299999237060547,23.540000915527344,0.0,73048800
2006-07-03,16.572450637817383,23.700000762939453,0.0,23.719999313354492,23.450000762939453,23.530000686645508,0.0,25711400
2006-07-05,16.327701568603516,23.350000381469727,0.0,23.520000457763672,23.299999237060547,23.479999542236328,0.0,53093500
2006-07-06,16.418601989746094,23.479999542236328,0.0,23.610000610351562,23.420000076293945,23.450000762939453,0.0,44775200
2006-07-07,16.292743682861328,23.299999237060547,0.0,23.549999237060547,23.299999237060547,23.389999389648438,0.0,63168800
2006-07-10,16.432600021362305,23.5,0.0,23.65999984741211,23.3799991607666,23.43000030517578,0.0,50565100
2006-07-11,16.152896881103516,23.100000381469727,0.0,23.3700008392334,22.739999771118164,23.3700008392334,0.0,88676300
2006-07-12,15.8312349319458,22.639999389648438,0.0,22.8799991607666,22.6200008392334,22.790000915527344,0.0,77379300
2006-07-13,15.565507888793945,22.260000228881836,0.0,22.610000610351562,22.25,22.3700008392334,0.0,73099500
2006-07-14,15.586491584777832,22.290000915527344,0.0,22.549999237060547,22.229999542236328,22.280000686645508,0.0,67499400
2006-07-17,15.719347953796387,22.479999542236328,0.0,22.610000610351562,22.260000228881836,22.290000915527344,0.0,37053500
2006-07-18,15.901159286499023,22.739999771118164,0.0,22.760000228881836,22.479999542236328,22.59000015258789,0.0,65047300
2006-07-19,16.362668991088867,23.399999618530273,0.0,23.459999084472656,22.719999313354492,22.81999969482422,0.0,82188200
2006-07-20,15.978071212768555,22.850000381469727,0.0,23.450000762939453,22.780000686645508,23.440000534057617,0.0,76605200
2006-07-21,16.691326141357422,23.8700008392334,0.0,24.149999618530273,23.0,24.079999923706055,0.0,175483800
2006-07-24,16.782228469848633,24.0,0.0,24.110000610351562,23.790000915527344,24.010000228881836,0.0,59586700
2006-07-25,16.936058044433594,24.219999313354492,0.0,24.290000915527344,23.899999618530273,24.0,0.0,60075800
2006-07-26,17.040952682495117,24.3700008392334,0.0,24.530000686645508,24.100000381469727,24.1200008392334,0.0,54942100
2006-07-27,16.691326141357422,23.8700008392334,0.0,24.600000381469727,23.770000457763672,24.579999923706055,0.0,85386800
2006-07-28,16.957046508789062,24.25,0.0,24.280000686645508,24.059999465942383,24.079999923706055,0.0,51705800
2006-07-31,16.824182510375977,24.059999465942383,0.0,24.420000076293945,24.010000228881836,24.06999969482422,0.0,40254400
2006-08-01,16.775230407714844,23.989999771118164,0.0,24.200000762939453,23.850000381469727,24.020000457763672,0.0,49168700
2006-08-02,16.99199676513672,24.299999237060547,0.0,24.399999618530273,24.030000686645508,24.1200008392334,0.0,46462000
2006-08-03,16.929065704345703,24.209999084472656,0.0,24.479999542236328,24.149999618530273,24.190000534057617,0.0,43155300
2006-08-04,16.985013961791992,24.290000915527344,0.0,24.489999771118164,24.149999618530273,24.399999618530273,0.0,45690400
2006-08-07,16.936058044433594,24.219999313354492,0.0,24.479999542236328,24.190000534057617,24.280000686645508,0.0,36862400
2006-08-08,17.019975662231445,24.34000015258789,0.0,24.520000457763672,24.200000762939453,24.389999389648438,0.0,58171300
2006-08-09,17.08989715576172,24.440000534057617,0.0,24.639999389648438,24.34000015258789,24.489999771118164,0.0,44405700
2006-08-10,17.1038818359375,24.459999084472656,0.0,24.600000381469727,24.34000015258789,24.3700008392334,0.0,31753400
2006-08-11,17.082901000976562,24.43000030517578,0.0,24.450000762939453,24.200000762939453,24.43000030517578,0.0,30255500
2006-08-14,17.15283966064453,24.530000686645508,0.0,24.600000381469727,24.350000381469727,24.520000457763672,0.0,47831900
2006-08-15,17.279165267944336,24.6200008392334,0.09,24.649999618530273,24.440000534057617,24.549999237060547,0.0,48994500
2006-08-16,17.335309982299805,24.700000762939453,0.0,24.729999542236328,24.469999313354492,24.610000610351562,0.0,52373600
2006-08-17,17.335309982299805,24.700000762939453,0.0,24.75,24.610000610351562,24.700000762939453,0.0,45674800
2006-08-18,18.100303649902344,25.790000915527344,0.0,25.799999237060547,24.979999542236328,25.049999237060547,0.0,128414800
2006-08-21,18.331911087036133,26.1200008392334,0.0,26.1299991607666,25.559999465942383,25.65999984741211,0.0,88398300
2006-08-22,17.980995178222656,25.6200008392334,0.0,26.25,25.6200008392334,26.010000228881836,0.0,89312400
2006-08-23,18.016094207763672,25.670000076293945,0.0,25.950000762939453,25.520000457763672,25.649999618530273,0.0,44648500
2006-08-24,18.06521224975586,25.739999771118164,0.0,25.860000610351562,25.5,25.81999969482422,0.0,35933300
2006-08-25,18.142417907714844,25.850000381469727,0.0,26.0,25.690000534057617,25.709999084472656,0.0,33115900
2006-08-28,18.212602615356445,25.950000762939453,0.0,26.0,25.690000534057617,25.84000015258789,0.0,34190900
2006-08-29,18.135398864746094,25.84000015258789,0.0,25.979999542236328,25.6299991607666,25.920000076293945,0.0,42711200
2006-08-30,18.107324600219727,25.799999237060547,0.0,25.889999389648438,25.639999389648438,25.850000381469727,0.0,30283100
2006-08-31,18.03714370727539,25.700000762939453,0.0,25.979999542236328,25.68000030517578,25.8700008392334,0.0,26380500
2006-09-01,18.135398864746094,25.84000015258789,0.0,25.969999313354492,25.639999389648438,25.889999389648438,0.0,31594600
2006-09-05,17.973979949951172,25.610000610351562,0.0,25.959999084472656,25.559999465942383,25.690000534057617,0.0,44222400
2006-09-06,17.973979949951172,25.610000610351562,0.0,25.719999313354492,25.510000228881836,25.510000228881836,0.0,50160400
2006-09-07,17.847646713256836,25.43000030517578,0.0,25.700000762939453,25.389999389648438,25.479999542236328,0.0,51266900
2006-09-08,17.96695327758789,25.600000381469727,0.0,25.790000915527344,25.459999084472656,25.530000686645508,0.0,36866800
2006-09-11,18.184528350830078,25.90999984741211,0.0,25.950000762939453,25.420000076293945,25.43000030517578,0.0,55608200
2006-09-12,18.198564529418945,25.93000030517578,0.0,25.979999542236328,25.719999313354492,25.899999618530273,0.0,52248800
2006-09-13,18.23366355895996,25.979999542236328,0.0,26.100000381469727,25.81999969482422,25.81999969482422,0.0,37706700
2006-09-14,18.47930145263672,26.329999923706055,0.0,26.5,25.979999542236328,25.989999771118164,0.0,74324500
2006-09-15,18.84425163269043,26.850000381469727,0.0,26.940000534057617,26.489999771118164,26.579999923706055,0.0,126057700
2006-09-18,18.802141189575195,26.790000915527344,0.0,27.040000915527344,26.670000076293945,26.739999771118164,0.0,49135000
2006-09-19,18.85127067565918,26.860000610351562,0.0,26.940000534057617,26.719999313354492,26.739999771118164,0.0,43039100
2006-09-20,19.075855255126953,27.18000030517578,0.0,27.229999542236328,26.989999771118164,27.010000228881836,0.0,71676400
2006-09-21,18.87934684753418,26.899999618530273,0.0,27.25,26.850000381469727,27.239999771118164,0.0,58495100
2006-09-22,18.710908889770508,26.65999984741211,0.0,26.850000381469727,26.479999542236328,26.829999923706055,0.0,47712500
2006-09-25,18.91444206237793,26.950000762939453,0.0,27.190000534057617,26.790000915527344,26.809999465942383,0.0,67903900
2006-09-26,19.089900970458984,27.200000762939453,0.0,27.31999969482422,26.8799991607666,26.90999984741211,0.0,54766500
2006-09-27,19.25834083557129,27.440000534057617,0.0,27.469999313354492,27.1200008392334,27.18000030517578,0.0,66233900
2006-09-28,19.230260848999023,27.399999618530273,0.0,27.520000457763672,27.260000228881836,27.469999313354492,0.0,44179700
2006-09-29,19.195171356201172,27.350000381469727,0.0,27.420000076293945,27.209999084472656,27.350000381469727,0.0,34283500
2006-10-02,19.20218849182129,27.360000610351562,0.0,27.489999771118164,27.149999618530273,27.31999969482422,0.0,52908100
2006-10-03,19.209205627441406,27.3700008392334,0.0,27.479999542236328,27.209999084472656,27.3700008392334,0.0,39386200
2006-10-04,19.6092529296875,27.940000534057617,0.0,27.959999084472656,27.3700008392334,27.389999389648438,0.0,82191200
2006-10-05,19.595216751098633,27.920000076293945,0.0,28.110000610351562,27.780000686645508,27.920000076293945,0.0,81967200
2006-10-06,19.56012535095215,27.8700008392334,0.0,28.0,27.649999618530273,27.760000228881836,0.0,36452200
2006-10-09,19.454845428466797,27.719999313354492,0.0,27.93000030517578,27.6200008392334,27.799999237060547,0.0,33366300
2006-10-10,19.43379783630371,27.690000534057617,0.0,27.75,27.440000534057617,27.690000534057617,0.0,34598500
2006-10-11,19.32851791381836,27.540000915527344,0.0,27.670000076293945,27.420000076293945,27.459999084472656,0.0,37219600
2006-10-12,19.805767059326172,28.219999313354492,0.0,28.290000915527344,27.540000915527344,27.579999923706055,0.0,120174900
2006-10-13,19.911041259765625,28.3700008392334,0.0,28.690000534057617,28.309999465942383,28.34000015258789,0.0,129751900
2006-10-16,19.967191696166992,28.450000762939453,0.0,28.600000381469727,28.329999923706055,28.479999542236328,0.0,49744800
2006-10-17,19.960159301757812,28.440000534057617,0.0,28.510000228881836,28.170000076293945,28.239999771118164,0.0,40122600
2006-10-18,20.016315460205078,28.520000457763672,0.0,28.700000762939453,28.260000228881836,28.5,0.0,40630800
2006-10-19,19.854888916015625,28.290000915527344,0.0,28.450000762939453,28.1200008392334,28.350000381469727,0.0,44730800
2006-10-20,19.95314598083496,28.43000030517578,0.0,28.489999771118164,28.170000076293945,28.479999542236328,0.0,48887800
2006-10-23,19.967191696166992,28.450000762939453,0.0,28.690000534057617,28.18000030517578,28.299999237060547,0.0,48525000
2006-10-24,19.847871780395508,28.280000686645508,0.0,28.43000030517578,28.1299991607666,28.43000030517578,0.0,61409600
2006-10-25,19.868932723999023,28.309999465942383,0.0,28.459999084472656,28.139999389648438,28.280000686645508,0.0,40717100
2006-10-26,19.897005081176758,28.350000381469727,0.0,28.40999984741211,28.040000915527344,28.329999923706055,0.0,69964200
2006-10-27,19.889984130859375,28.34000015258789,0.0,28.790000915527344,28.25,28.489999771118164,0.0,89060100
2006-10-30,20.02333641052246,28.530000686645508,0.0,28.84000015258789,28.31999969482422,28.350000381469727,0.0,47296800
2006-10-31,20.1496639251709,28.709999084472656,0.0,28.850000381469727,28.559999465942383,28.65999984741211,0.0,61861700
2006-11-01,20.2198486328125,28.809999465942383,0.0,28.989999771118164,28.700000762939453,28.780000686645508,0.0,75895900
2006-11-02,20.1917724609375,28.770000457763672,0.0,28.860000610351562,28.579999923706055,28.709999084472656,0.0,58674400
2006-11-03,20.163705825805664,28.729999542236328,0.0,28.93000030517578,28.610000610351562,28.850000381469727,0.0,41124500
2006-11-06,20.240907669067383,28.84000015258789,0.0,29.049999237060547,28.760000228881836,28.770000457763672,0.0,60446200
2006-11-07,20.318099975585938,28.950000762939453,0.0,29.06999969482422,28.799999237060547,28.860000610351562,0.0,56511200
2006-11-08,20.339157104492188,28.979999542236328,0.0,29.229999542236328,28.65999984741211,28.780000686645508,0.0,77403300
2006-11-09,20.535675048828125,29.260000228881836,0.0,29.399999618530273,29.0,29.110000610351562,0.0,89407500
2006-11-10,20.52163314819336,29.239999771118164,0.0,29.290000915527344,29.149999618530273,29.170000076293945,0.0,37855100
2006-11-13,20.598840713500977,29.350000381469727,0.0,29.459999084472656,29.15999984741211,29.190000534057617,0.0,47271800
2006-11-14,20.58475685119629,29.229999542236328,0.1,29.420000076293945,29.06999969482422,29.280000686645508,0.0,63012500
2006-11-15,20.507286071777344,29.1200008392334,0.0,29.360000610351562,29.110000610351562,29.1299991607666,0.0,63943200
2006-11-16,20.753765106201172,29.469999313354492,0.0,29.639999389648438,29.1299991607666,29.139999389648438,0.0,64328500
2006-11-17,20.7044734954834,29.399999618530273,0.0,29.540000915527344,29.280000686645508,29.309999465942383,0.0,49356700
2006-11-20,21.049549102783203,29.889999389648438,0.0,30.0,29.5,29.520000457763672,0.0,85703800
2006-11-21,21.070682525634766,29.920000076293945,0.0,30.0,29.790000915527344,29.90999984741211,0.0,66446600
2006-11-22,21.070682525634766,29.920000076293945,0.0,30.0,29.81999969482422,29.969999313354492,0.0,43907200
2006-11-24,20.95800018310547,29.760000228881836,0.0,29.84000015258789,29.639999389648438,29.65999984741211,0.0,20456700
2006-11-27,20.760805130004883,29.479999542236328,0.0,29.739999771118164,29.329999923706055,29.690000534057617,0.0,72722100
2006-11-28,20.697431564331055,29.389999389648438,0.0,29.420000076293945,29.1299991607666,29.34000015258789,0.0,52602300
2006-11-29,20.824190139770508,29.56999969482422,0.0,29.780000686645508,29.43000030517578,29.440000534057617,0.0,58775100
2006-11-30,20.676300048828125,29.360000610351562,0.0,29.56999969482422,29.329999923706055,29.420000076293945,0.0,53297400
2006-12-01,20.507286071777344,29.1200008392334,0.0,29.299999237060547,28.899999618530273,29.229999542236328,0.0,72257000
2006-12-04,20.65518569946289,29.329999923706055,0.0,29.520000457763672,29.170000076293945,29.229999542236328,0.0,55123400
2006-12-05,20.514328002929688,29.1299991607666,0.0,29.399999618530273,29.030000686645508,29.360000610351562,0.0,45606000
2006-12-06,20.415739059448242,28.989999771118164,0.0,29.1299991607666,28.8700008392334,29.100000381469727,0.0,48564100
2006-12-07,20.31715202331543,28.850000381469727,0.0,29.06999969482422,28.809999465942383,28.959999084472656,0.0,46831100
2006-12-08,20.7044734954834,29.399999618530273,0.0,29.399999618530273,28.799999237060547,28.81999969482422,0.0,108854900
2006-12-11,20.803070068359375,29.540000915527344,0.0,29.75,29.110000610351562,29.190000534057617,0.0,107712000
2006-12-12,20.725597381591797,29.43000030517578,0.0,29.6299991607666,29.219999313354492,29.559999465942383,0.0,68529400
2006-12-13,20.810110092163086,29.549999237060547,0.0,29.600000381469727,29.31999969482422,29.600000381469727,0.0,46002500
2006-12-14,21.17631721496582,30.06999969482422,0.0,30.079999923706055,29.520000457763672,29.540000915527344,0.0,85866500
2006-12-15,21.260814666748047,30.190000534057617,0.0,30.229999542236328,30.030000686645508,30.139999389648438,0.0,102783700
2006-12-18,21.049549102783203,29.889999389648438,0.0,30.260000228881836,29.780000686645508,30.190000534057617,0.0,56986800
2006-12-19,21.119972229003906,29.989999771118164,0.0,30.170000076293945,29.530000686645508,29.709999084472656,0.0,53822100
2006-12-20,21.190391540527344,30.09000015258789,0.0,30.239999771118164,29.969999313354492,29.989999771118164,0.0,31202100
2006-12-21,21.112932205200195,29.979999542236328,0.0,30.139999389648438,29.889999389648438,30.1299991607666,0.0,32270500
2006-12-22,20.873497009277344,29.639999389648438,0.0,29.860000610351562,29.6200008392334,29.829999923706055,0.0,37971700
2006-12-26,21.119972229003906,29.989999771118164,0.0,30.0,29.399999618530273,29.530000686645508,0.0,37098300
2006-12-27,21.141096115112305,30.020000457763672,0.0,30.1299991607666,29.90999984741211,29.989999771118164,0.0,31248400
2006-12-28,21.112932205200195,29.979999542236328,0.0,30.030000686645508,29.809999465942383,29.860000610351562,0.0,26690600
2006-12-29,21.028425216674805,29.860000610351562,0.0,30.149999618530273,29.829999923706055,29.860000610351562,0.0,41739800
2007-01-03,21.028425216674805,29.860000610351562,0.0,30.25,29.399999618530273,29.90999984741211,0.0,76935100
2007-01-04,20.993206024169922,29.809999465942383,0.0,29.969999313354492,29.440000534057617,29.700000762939453,0.0,45774500
2007-01-05,20.873497009277344,29.639999389648438,0.0,29.75,29.450000762939453,29.6299991607666,0.0,44607200
2007-01-08,21.07772445678711,29.93000030517578,0.0,30.100000381469727,29.530000686645508,29.649999618530273,0.0,50220200
2007-01-09,21.098854064941406,29.959999084472656,0.0,30.18000030517578,29.729999542236328,30.0,0.0,44636600
2007-01-10,20.887577056884766,29.65999984741211,0.0,29.889999389648438,29.43000030517578,29.799999237060547,0.0,55017400
2007-01-11,21.619985580444336,30.700000762939453,0.0,30.75,29.649999618530273,29.760000228881836,0.0,99464300
2007-01-12,21.97913932800293,31.209999084472656,0.0,31.389999389648438,30.639999389648438,30.649999618530273,0.0,103972500
2007-01-16,21.943933486938477,31.15999984741211,0.0,31.450000762939453,31.030000686645508,31.260000228881836,0.0,62379600
2007-01-17,21.901668548583984,31.100000381469727,0.0,31.440000534057617,31.010000228881836,31.260000228881836,0.0,58519600
2007-01-18,21.831249237060547,31.0,0.0,31.3700008392334,30.799999237060547,31.149999618530273,0.0,56364300
2007-01-19,21.908716201782227,31.110000610351562,0.0,31.110000610351562,30.690000534057617,30.729999542236328,0.0,75826900
2007-01-22,21.634063720703125,30.719999313354492,0.0,31.1200008392334,30.510000228881836,31.059999465942383,0.0,56143900
2007-01-23,21.648149490356445,30.739999771118164,0.0,30.959999084472656,30.520000457763672,30.6299991607666,0.0,49171200
2007-01-24,21.89462661743164,31.09000015258789,0.0,31.299999237060547,30.649999618530273,30.780000686645508,0.0,58527800
2007-01-25,21.44391441345215,30.450000762939453,0.0,31.479999542236328,30.450000762939453,31.079999923706055,0.0,97378700
2007-01-26,21.5495548248291,30.600000381469727,0.0,31.229999542236328,30.600000381469727,31.219999313354492,0.0,96103700
2007-01-29,21.500261306762695,30.530000686645508,0.0,30.780000686645508,30.34000015258789,30.649999618530273,0.0,57605900
2007-01-30,21.46504783630371,30.479999542236328,0.0,30.639999389648438,30.139999389648438,30.56999969482422,0.0,61900400
2007-01-31,21.732656478881836,30.860000610351562,0.0,31.100000381469727,30.350000381469727,30.40999984741211,0.0,73968400
2007-02-01,21.52138900756836,30.559999465942383,0.0,30.940000534057617,30.3700008392334,30.84000015258789,0.0,55355800
2007-02-02,21.260814666748047,30.190000534057617,0.0,30.84000015258789,30.1299991607666,30.81999969482422,0.0,60401700
2007-02-05,20.85236358642578,29.610000610351562,0.0,30.020000457763672,29.40999984741211,29.969999313354492,0.0,99102100
2007-02-06,20.781940460205078,29.510000228881836,0.0,29.75,29.219999313354492,29.59000015258789,0.0,79281100
2007-02-07,20.683353424072266,29.3700008392334,0.0,29.700000762939453,29.25,29.639999389648438,0.0,65145500
2007-02-08,20.60588264465332,29.260000228881836,0.0,29.799999237060547,29.200000762939453,29.239999771118164,0.0,48749000
2007-02-09,20.408687591552734,28.979999542236328,0.0,29.399999618530273,28.93000030517578,29.350000381469727,0.0,69823100
2007-02-12,20.380525588989258,28.940000534057617,0.0,29.09000015258789,28.829999923706055,28.889999389648438,0.0,52774400
2007-02-13,20.50066375732422,29.010000228881836,0.1,29.200000762939453,28.959999084472656,29.040000915527344,0.0,50348100
2007-02-14,20.776264190673828,29.399999618530273,0.0,29.690000534057617,29.149999618530273,29.170000076293945,0.0,55588600
2007-02-15,20.818666458129883,29.459999084472656,0.0,29.649999618530273,29.219999313354492,29.579999923706055,0.0,63858100
2007-02-16,20.309858322143555,28.739999771118164,0.0,28.940000534057617,28.649999618530273,28.90999984741211,0.0,109340300
2007-02-20,20.37346076965332,28.829999923706055,0.0,28.860000610351562,28.469999313354492,28.6299991607666,0.0,53978200
2007-02-21,20.740924835205078,29.350000381469727,0.0,29.389999389648438,28.739999771118164,28.75,0.0,68604900
2007-02-22,20.769197463989258,29.389999389648438,0.0,29.540000915527344,29.15999984741211,29.309999465942383,0.0,57754400
2007-02-23,20.422929763793945,28.899999618530273,0.0,29.280000686645508,28.889999389648438,29.219999313354492,0.0,63787100
2007-02-26,20.54305648803711,29.06999969482422,0.0,29.09000015258789,28.81999969482422,28.959999084472656,0.0,63481900
2007-02-27,19.69504737854004,27.8700008392334,0.0,28.969999313354492,27.790000915527344,28.709999084472656,0.0,87143300
2007-02-28,19.907058715820312,28.170000076293945,0.0,28.25,27.920000076293945,27.950000762939453,0.0,86333300
2007-03-01,19.85051918029785,28.09000015258789,0.0,28.329999923706055,27.729999542236328,27.81999969482422,0.0,80175700
2007-03-02,19.6173152923584,27.760000228881836,0.0,28.15999984741211,27.760000228881836,28.020000457763672,0.0,63254700
2007-03-05,19.46891975402832,27.549999237060547,0.0,27.90999984741211,27.40999984741211,27.489999771118164,0.0,56454300
2007-03-06,19.666786193847656,27.829999923706055,0.0,27.940000534057617,27.649999618530273,27.799999237060547,0.0,49361800
2007-03-07,19.511323928833008,27.610000610351562,0.0,27.899999618530273,27.549999237060547,27.760000228881836,0.0,52044700
2007-03-08,19.306377410888672,27.31999969482422,0.0,27.850000381469727,26.600000381469727,27.719999313354492,0.0,72175200
2007-03-09,19.285181045532227,27.290000915527344,0.0,27.479999542236328,27.030000686645508,27.420000076293945,0.0,80125000
2007-03-12,19.39118194580078,27.440000534057617,0.0,27.479999542236328,27.1299991607666,27.18000030517578,0.0,36516400
2007-03-13,18.88237953186035,26.719999313354492,0.0,27.399999618530273,26.709999084472656,27.25,0.0,75169500
2007-03-14,19.362916946411133,27.399999618530273,0.0,27.399999618530273,26.729999542236328,26.81999969482422,0.0,75730300
2007-03-15,19.278114318847656,27.280000686645508,0.0,27.469999313354492,27.200000762939453,27.31999969482422,0.0,51757100
2007-03-16,19.31344985961914,27.329999923706055,0.0,27.479999542236328,27.200000762939453,27.350000381469727,0.0,65055300
2007-03-19,19.666786193847656,27.829999923706055,0.0,27.829999923706055,27.200000762939453,27.34000015258789,0.0,49412000
2007-03-20,19.673851013183594,27.84000015258789,0.0,28.15999984741211,27.760000228881836,27.93000030517578,0.0,47902400
2007-03-21,20.154386520385742,28.520000457763672,0.0,28.520000457763672,27.559999465942383,27.899999618530273,0.0,72808200
2007-03-22,19.977720260620117,28.270000457763672,0.0,28.549999237060547,28.010000228881836,28.520000457763672,0.0,47934900
2007-03-23,19.801063537597656,28.020000457763672,0.0,28.270000457763672,27.799999237060547,28.219999313354492,0.0,50519800
2007-03-26,19.942384719848633,28.219999313354492,0.0,28.219999313354492,27.700000762939453,27.940000534057617,0.0,47491500
2007-03-27,19.58904457092285,27.719999313354492,0.0,28.15999984741211,27.649999618530273,28.040000915527344,0.0,58979800
2007-03-28,19.53251838684082,27.639999389648438,0.0,28.0,27.399999618530273,27.579999923706055,0.0,46947000
2007-03-29,19.610252380371094,27.75,0.0,27.850000381469727,27.489999771118164,27.84000015258789,0.0,42629900
2007-03-30,19.69504737854004,27.8700008392334,0.0,27.950000762939453,27.5,27.75,0.0,47061000
2007-04-02,19.603187561035156,27.739999771118164,0.0,27.93000030517578,27.559999465942383,27.889999389648438,0.0,41977600
2007-04-03,19.69504737854004,27.8700008392334,0.0,28.059999465942383,27.75,27.860000610351562,0.0,39821300
2007-04-04,20.140256881713867,28.5,0.0,28.780000686645508,27.899999618530273,28.010000228881836,0.0,63244200
2007-04-05,20.175596237182617,28.549999237060547,0.0,28.649999618530273,28.299999237060547,28.31999969482422,0.0,30131200
2007-04-09,20.189725875854492,28.56999969482422,0.0,28.719999313354492,28.389999389648438,28.579999923706055,0.0,31384600
2007-04-10,20.069589614868164,28.399999618530273,0.0,28.639999389648438,28.219999313354492,28.5,0.0,38643100
2007-04-11,19.864662170410156,28.110000610351562,0.0,28.56999969482422,27.989999771118164,28.299999237060547,0.0,44050200
2007-04-12,20.168529510498047,28.540000915527344,0.0,28.6200008392334,28.040000915527344,28.059999465942383,0.0,43762100
2007-04-13,20.21799659729004,28.610000610351562,0.0,28.700000762939453,28.100000381469727,28.43000030517578,0.0,36002900
2007-04-16,20.302791595458984,28.729999542236328,0.0,28.75,28.209999084472656,28.600000381469727,0.0,30740100
2007-04-17,20.38759994506836,28.850000381469727,0.0,28.889999389648438,28.559999465942383,28.6299991607666,0.0,33170200
2007-04-18,20.2109317779541,28.600000381469727,0.0,28.670000076293945,28.360000610351562,28.610000610351562,0.0,41778400
2007-04-19,20.274524688720703,28.690000534057617,0.0,28.889999389648438,28.260000228881836,28.34000015258789,0.0,43648800
2007-04-20,20.50773048400879,29.020000457763672,0.0,29.100000381469727,28.700000762939453,28.979999542236328,0.0,60311500
2007-04-23,20.338123321533203,28.780000686645508,0.0,28.989999771118164,28.670000076293945,28.959999084472656,0.0,41739100
2007-04-24,20.345190048217773,28.790000915527344,0.0,28.959999084472656,28.59000015258789,28.790000915527344,0.0,34236700
2007-04-25,20.486530303955078,28.989999771118164,0.0,29.0,28.690000534057617,28.860000610351562,0.0,39475000
2007-04-26,20.564266204833984,29.100000381469727,0.0,29.350000381469727,28.90999984741211,29.09000015258789,0.0,68760300
2007-04-27,21.28507423400879,30.1200008392334,0.0,30.739999771118164,30.0,30.170000076293945,0.0,128298800
2007-04-30,21.157867431640625,29.940000534057617,0.0,30.3700008392334,29.940000534057617,30.1299991607666,0.0,67788800
2007-05-01,21.48293685913086,30.399999618530273,0.0,30.420000076293945,29.899999618530273,29.940000534057617,0.0,73539300
2007-05-02,21.6313419342041,30.610000610351562,0.0,30.690000534057617,30.299999237060547,30.389999389648438,0.0,80686700
2007-05-03,21.885751724243164,30.969999313354492,0.0,31.0,30.530000686645508,30.600000381469727,0.0,82036800
2007-05-04,21.596010208129883,30.559999465942383,0.0,30.700000762939453,30.290000915527344,30.68000030517578,0.0,104385900
2007-05-07,21.70200538635254,30.709999084472656,0.0,30.760000228881836,30.479999542236328,30.520000457763672,0.0,59889100
2007-05-08,21.73027801513672,30.75,0.0,30.940000534057617,30.579999923706055,30.68000030517578,0.0,60551700
2007-05-09,21.75147247314453,30.780000686645508,0.0,30.93000030517578,30.56999969482422,30.700000762939453,0.0,51735000
2007-05-10,21.610143661499023,30.579999923706055,0.0,30.93000030517578,30.530000686645508,30.68000030517578,0.0,55398600
2007-05-11,21.82921028137207,30.889999389648438,0.0,30.979999542236328,30.549999237060547,30.56999969482422,0.0,43425300
2007-05-14,21.885751724243164,30.969999313354492,0.0,30.989999771118164,30.809999465942383,30.84000015258789,0.0,70188500
2007-05-15,21.907011032104492,30.899999618530273,0.1,31.09000015258789,30.84000015258789,30.899999618530273,0.0,75013900
2007-05-16,22.02754020690918,31.06999969482422,0.0,31.09000015258789,30.809999465942383,31.0,0.0,45833600
2007-05-17,21.963726043701172,30.979999542236328,0.0,31.139999389648438,30.959999084472656,31.030000686645508,0.0,41045600
2007-05-18,21.857389450073242,30.829999923706055,0.0,30.989999771118164,30.579999923706055,30.969999313354492,0.0,58453000
2007-05-21,22.013355255126953,31.049999237060547,0.0,31.15999984741211,30.729999542236328,30.729999542236328,0.0,41836400
2007-05-22,21.758129119873047,30.690000534057617,0.0,30.93000030517578,30.65999984741211,30.899999618530273,0.0,39999500
2007-05-23,21.68014144897461,30.579999923706055,0.0,30.84000015258789,30.56999969482422,30.84000015258789,0.0,46322500
2007-05-24,21.389469146728516,30.170000076293945,0.0,30.799999237060547,29.959999084472656,30.540000915527344,0.0,64046400
2007-05-25,21.609249114990234,30.479999542236328,0.0,30.65999984741211,30.18000030517578,30.280000686645508,0.0,47726500
2007-05-29,21.82902717590332,30.790000915527344,0.0,30.829999923706055,30.389999389648438,30.489999771118164,0.0,42373100
2007-05-30,22.05589485168457,31.110000610351562,0.0,31.1299991607666,30.510000228881836,30.549999237060547,0.0,57376800
2007-05-31,21.758129119873047,30.690000534057617,0.0,31.15999984741211,30.610000610351562,31.1200008392334,0.0,85290500
2007-06-01,21.68723487854004,30.59000015258789,0.0,30.899999618530273,30.549999237060547,30.790000915527344,0.0,39469400
2007-06-04,21.779401779174805,30.719999313354492,0.0,30.760000228881836,30.399999618530273,30.420000076293945,0.0,41434500
2007-06-05,21.68014144897461,30.579999923706055,0.0,30.6299991607666,30.329999923706055,30.6200008392334,0.0,44265000
2007-06-06,21.474538803100586,30.290000915527344,0.0,30.530000686645508,30.25,30.3700008392334,0.0,38217500
2007-06-07,20.999540328979492,29.6200008392334,0.0,30.290000915527344,29.59000015258789,30.020000457763672,0.0,71971400
2007-06-08,21.30439567565918,30.049999237060547,0.0,30.059999465942383,29.40999984741211,29.579999923706055,0.0,61346200
2007-06-11,21.283124923706055,30.020000457763672,0.0,30.25,29.93000030517578,29.940000534057617,0.0,48467400
2007-06-12,21.1626033782959,29.850000381469727,0.0,30.239999771118164,29.770000457763672,29.959999084472656,0.0,56981800
2007-06-13,21.545440673828125,30.389999389648438,0.0,30.40999984741211,29.850000381469727,29.969999313354492,0.0,64435600
2007-06-14,21.637615203857422,30.520000457763672,0.0,30.709999084472656,30.299999237060547,30.350000381469727,0.0,59065700
2007-06-15,21.6163387298584,30.489999771118164,0.0,30.8799991607666,30.43000030517578,30.860000610351562,0.0,100933000
2007-06-18,21.630516052246094,30.510000228881836,0.0,30.719999313354492,30.420000076293945,30.690000534057617,0.0,45412600
2007-06-19,21.59507179260254,30.459999084472656,0.0,30.65999984741211,30.3799991607666,30.479999542236328,0.0,46802600
2007-06-20,21.276037216186523,30.010000228881836,0.0,30.510000228881836,29.959999084472656,30.440000534057617,0.0,46861600
2007-06-21,21.42491340637207,30.219999313354492,0.0,30.299999237060547,29.90999984741211,29.979999542236328,0.0,56564800
2007-06-22,20.90737533569336,29.489999771118164,0.0,30.100000381469727,29.450000762939453,30.0,0.0,86219900
2007-06-25,20.90737533569336,29.489999771118164,0.0,29.770000457763672,29.3799991607666,29.469999313354492,0.0,53905800
2007-06-26,20.92864418029785,29.520000457763672,0.0,29.799999237060547,29.5,29.549999237060547,0.0,48340300
2007-06-27,21.17677879333496,29.8700008392334,0.0,29.950000762939453,29.360000610351562,29.360000610351562,0.0,53468600
2007-06-28,21.1484317779541,29.829999923706055,0.0,29.969999313354492,29.68000030517578,29.860000610351562,0.0,46055200
2007-06-29,20.893198013305664,29.469999313354492,0.0,29.93000030517578,29.040000915527344,29.8700008392334,0.0,71193900
2007-07-02,21.08461570739746,29.739999771118164,0.0,29.799999237060547,29.489999771118164,29.670000076293945,0.0,47316000
2007-07-03,21.283124923706055,30.020000457763672,0.0,30.219999313354492,29.780000686645508,29.790000915527344,0.0,35202600
2007-07-05,21.261859893798828,29.989999771118164,0.0,30.219999313354492,29.829999923706055,30.049999237060547,0.0,47838500
2007-07-06,21.24767303466797,29.969999313354492,0.0,30.040000915527344,29.65999984741211,29.90999984741211,0.0,57541000
2007-07-09,21.17677879333496,29.8700008392334,0.0,29.950000762939453,29.809999465942383,29.860000610351562,0.0,33831400
2007-07-10,20.793941497802734,29.329999923706055,0.0,29.989999771118164,29.18000030517578,29.700000762939453,0.0,66013500
2007-07-11,20.90737533569336,29.489999771118164,0.0,29.649999618530273,29.209999084472656,29.239999771118164,0.0,48017000
2007-07-12,21.318571090698242,30.06999969482422,0.0,30.110000610351562,29.440000534057617,29.559999465942383,0.0,54302400
2007-07-13,21.14133644104004,29.81999969482422,0.0,30.020000457763672,29.65999984741211,29.940000534057617,0.0,42173000
2007-07-16,21.29021453857422,30.030000686645508,0.0,30.239999771118164,29.719999313354492,29.760000228881836,0.0,48023200
2007-07-17,21.82193374633789,30.780000686645508,0.0,30.8799991607666,30.010000228881836,30.020000457763672,0.0,77539600
2007-07-18,21.921194076538086,30.920000076293945,0.0,30.969999313354492,30.5,30.510000228881836,0.0,64414400
2007-07-19,22.339487075805664,31.510000228881836,0.0,31.84000015258789,30.93000030517578,31.049999237060547,0.0,121159300
2007-07-20,22.091346740722656,31.15999984741211,0.0,31.200000762939453,30.790000915527344,31.149999618530273,0.0,98292600
2007-07-23,22.11261558532715,31.190000534057617,0.0,31.520000457763672,31.1200008392334,31.360000610351562,0.0,48910600
2007-07-24,21.836118698120117,30.799999237060547,0.0,31.479999542236328,30.709999084472656,31.010000228881836,0.0,59729300
2007-07-25,21.772306442260742,30.709999084472656,0.0,31.299999237060547,30.3700008392334,30.989999771118164,0.0,54950100
2007-07-26,21.2547664642334,29.979999542236328,0.0,30.530000686645508,29.510000228881836,30.239999771118164,0.0,87025300
2007-07-27,20.836471557617188,29.389999389648438,0.0,30.0,29.360000610351562,29.93000030517578,0.0,69214600
2007-07-30,20.843563079833984,29.399999618530273,0.0,29.489999771118164,28.950000762939453,29.40999984741211,0.0,67499600
2007-07-31,20.552892684936523,28.989999771118164,0.0,29.719999313354492,28.979999542236328,29.709999084472656,0.0,66554000
2007-08-01,20.772668838500977,29.299999237060547,0.0,29.549999237060547,28.81999969482422,28.950000762939453,0.0,80006300
2007-08-02,20.92864418029785,29.520000457763672,0.0,29.790000915527344,29.020000457763672,29.190000534057617,0.0,47938300
2007-08-03,20.531620025634766,28.959999084472656,0.0,29.780000686645508,28.899999618530273,29.450000762939453,0.0,61535500
2007-08-06,20.94281578063965,29.540000915527344,0.0,29.540000915527344,28.75,29.049999237060547,0.0,59530500
2007-08-07,20.949909210205078,29.549999237060547,0.0,29.790000915527344,29.049999237060547,29.329999923706055,0.0,49163000
2007-08-08,21.268943786621094,30.0,0.0,30.010000228881836,29.209999084472656,29.719999313354492,0.0,52898600
2007-08-09,20.772668838500977,29.299999237060547,0.0,30.100000381469727,28.920000076293945,29.639999389648438,0.0,72964500
2007-08-10,20.354385375976562,28.709999084472656,0.0,29.049999237060547,28.260000228881836,28.899999618530273,0.0,76576200
2007-08-13,20.297670364379883,28.6299991607666,0.0,28.989999771118164,28.440000534057617,28.940000534057617,0.0,55492300
2007-08-14,20.112689971923828,28.270000457763672,0.1,28.889999389648438,28.200000762939453,28.770000457763672,0.0,42944100
2007-08-15,19.991744995117188,28.100000381469727,0.0,28.989999771118164,28.049999237060547,28.239999771118164,0.0,48117700
2007-08-16,19.785419464111328,27.809999465942383,0.0,28.350000381469727,27.510000228881836,27.8799991607666,0.0,81447400
2007-08-17,20.09845733642578,28.25,0.0,28.25,27.81999969482422,28.09000015258789,0.0,76747700
2007-08-20,20.105575561523438,28.260000228881836,0.0,28.489999771118164,28.079999923706055,28.18000030517578,0.0,49952000
2007-08-21,19.970399856567383,28.06999969482422,0.0,28.31999969482422,27.8700008392334,28.100000381469727,0.0,50786200
2007-08-22,20.077119827270508,28.219999313354492,0.0,28.31999969482422,28.010000228881836,28.270000457763672,0.0,44763500
2007-08-23,20.134023666381836,28.299999237060547,0.0,28.329999923706055,28.100000381469727,28.280000686645508,0.0,33886600
2007-08-24,20.496870040893555,28.809999465942383,0.0,28.84000015258789,28.06999969482422,28.209999084472656,0.0,45158900
2007-08-27,20.26920509338379,28.489999771118164,0.0,28.770000457763672,28.399999618530273,28.610000610351562,0.0,32789500
2007-08-28,19.870790481567383,27.93000030517578,0.0,28.489999771118164,27.90999984741211,28.299999237060547,0.0,43924400
2007-08-29,20.340349197387695,28.59000015258789,0.0,28.610000610351562,27.81999969482422,28.1299991607666,0.0,45753700
2007-08-30,20.240739822387695,28.450000762939453,0.0,28.93000030517578,28.31999969482422,28.420000076293945,0.0,33690700
2007-08-31,20.43995475769043,28.729999542236328,0.0,28.920000076293945,28.360000610351562,28.700000762939453,0.0,42511900
2007-09-04,20.496870040893555,28.809999465942383,0.0,29.100000381469727,28.479999542236328,28.5,0.0,45689600
2007-09-05,20.262086868286133,28.479999542236328,0.0,28.729999542236328,28.420000076293945,28.649999618530273,0.0,47669800
2007-09-06,20.568008422851562,28.90999984741211,0.0,29.010000228881836,28.549999237060547,28.559999465942383,0.0,45430800
2007-09-07,20.2336368560791,28.440000534057617,0.0,28.829999923706055,28.31999969482422,28.6200008392334,0.0,52160900
2007-09-10,20.262086868286133,28.479999542236328,0.0,28.75,28.40999984741211,28.670000076293945,0.0,37247600
2007-09-11,20.582244873046875,28.93000030517578,0.0,28.950000762939453,28.579999923706055,28.6299991607666,0.0,34380800
2007-09-12,20.582244873046875,28.93000030517578,0.0,29.170000076293945,28.799999237060547,28.809999465942383,0.0,42364700
2007-09-13,20.745878219604492,29.15999984741211,0.0,29.260000228881836,28.959999084472656,29.1200008392334,0.0,35288600
2007-09-14,20.66050148010254,29.040000915527344,0.0,29.110000610351562,28.8799991607666,28.979999542236328,0.0,33496600
2007-09-17,20.43995475769043,28.729999542236328,0.0,28.8799991607666,28.6200008392334,28.790000915527344,0.0,39536500
2007-09-18,20.582244873046875,28.93000030517578,0.0,28.969999313354492,28.270000457763672,28.700000762939453,0.0,77462400
2007-09-19,20.397258758544922,28.670000076293945,0.0,28.90999984741211,28.299999237060547,28.8700008392334,0.0,94242200
2007-09-20,20.219398498535156,28.420000076293945,0.0,28.579999923706055,28.34000015258789,28.479999542236328,0.0,67168900
2007-09-21,20.38303565979004,28.649999618530273,0.0,28.809999465942383,28.440000534057617,28.690000534057617,0.0,135636100
2007-09-24,20.6889591217041,29.079999923706055,0.0,29.610000610351562,28.799999237060547,28.809999465942383,0.0,104459800
2007-09-25,21.030452728271484,29.559999465942383,0.0,29.559999465942383,29.110000610351562,29.139999389648438,0.0,75621000
2007-09-26,20.98776626586914,29.5,0.0,29.850000381469727,29.479999542236328,29.68000030517578,0.0,60337000
2007-09-27,20.980655670166016,29.489999771118164,0.0,29.719999313354492,29.440000534057617,29.700000762939453,0.0,43407100
2007-09-28,20.959320068359375,29.459999084472656,0.0,29.690000534057617,29.229999542236328,29.489999771118164,0.0,45819100
2007-10-01,21.179859161376953,29.770000457763672,0.0,29.790000915527344,29.40999984741211,29.459999084472656,0.0,43875100
2007-10-02,21.130056381225586,29.700000762939453,0.0,29.850000381469727,29.56999969482422,29.700000762939453,0.0,33700900
2007-10-03,20.95220184326172,29.450000762939453,0.0,29.850000381469727,29.290000915527344,29.709999084472656,0.0,37633900
2007-10-04,21.137174606323242,29.709999084472656,0.0,29.770000457763672,29.440000534057617,29.559999465942383,0.0,37868000
2007-10-05,21.22966957092285,29.84000015258789,0.0,29.989999771118164,29.729999542236328,29.889999389648438,0.0,45012300
2007-10-08,21.22966957092285,29.84000015258789,0.0,29.850000381469727,29.600000381469727,29.65999984741211,0.0,30265400
2007-10-09,21.414649963378906,30.100000381469727,0.0,30.389999389648438,30.0,30.030000686645508,0.0,63603100
2007-10-10,21.507129669189453,30.229999542236328,0.0,30.3700008392334,30.030000686645508,30.040000915527344,0.0,32251500
2007-10-11,21.279462814331055,29.90999984741211,0.0,30.6299991607666,29.790000915527344,30.299999237060547,0.0,50788400
2007-10-12,21.46444320678711,30.170000076293945,0.0,30.399999618530273,29.950000762939453,30.030000686645508,0.0,31121100
2007-10-15,21.371952056884766,30.040000915527344,0.0,30.329999923706055,30.0,30.100000381469727,0.0,47150500
2007-10-16,21.571157455444336,30.31999969482422,0.0,30.579999923706055,30.229999542236328,30.239999771118164,0.0,56286200
2007-10-17,22.111860275268555,31.079999923706055,0.0,31.229999542236328,30.649999618530273,30.75,0.0,86092400
2007-10-18,22.168779373168945,31.15999984741211,0.0,31.229999542236328,30.6299991607666,31.219999313354492,0.0,49208600
2007-10-19,21.46444320678711,30.170000076293945,0.0,31.09000015258789,30.110000610351562,31.09000015258789,0.0,75200200
2007-10-22,21.706335067749023,30.510000228881836,0.0,30.700000762939453,30.1200008392334,30.1200008392334,0.0,58785100
2007-10-23,21.98379898071289,30.899999618530273,0.0,31.1200008392334,30.709999084472656,30.709999084472656,0.0,49956200
2007-10-24,22.232803344726562,31.25,0.0,31.299999237060547,30.5,30.850000381469727,0.0,77979200
2007-10-25,22.759275436401367,31.989999771118164,0.0,32.220001220703125,31.489999771118164,31.56999969482422,0.0,169588700
2007-10-26,24.922090530395508,35.029998779296875,0.0,36.029998779296875,34.560001373291016,36.0099983215332,0.0,288121200
2007-10-29,24.594816207885742,34.56999969482422,0.0,35.290000915527344,34.45000076293945,34.849998474121094,0.0,114655600
2007-10-30,25.306262969970703,35.56999969482422,0.0,35.59000015258789,34.349998474121094,34.369998931884766,0.0,107297300
2007-10-31,26.188474655151367,36.810001373291016,0.0,37.0,35.5099983215332,35.52000045776367,0.0,185635800
2007-11-01,26.3663272857666,37.060001373291016,0.0,37.4900016784668,36.36000061035156,36.529998779296875,0.0,152078800
2007-11-02,26.3663272857666,37.060001373291016,0.0,37.5,36.41999816894531,37.220001220703125,0.0,96389800
2007-11-05,26.131553649902344,36.72999954223633,0.0,37.099998474121094,36.630001068115234,36.7599983215332,0.0,75485400
2007-11-06,25.90389060974121,36.40999984741211,0.0,36.65999984741211,35.869998931884766,36.59000015258789,0.0,100966700
2007-11-07,25.27069091796875,35.52000045776367,0.0,36.15999984741211,35.45000076293945,36.040000915527344,0.0,74897800
2007-11-08,24.715770721435547,34.7400016784668,0.0,35.900001525878906,34.400001525878906,35.599998474121094,0.0,133742400
2007-11-09,23.99720001220703,33.72999954223633,0.0,34.540000915527344,33.650001525878906,34.18000030517578,0.0,125136900
2007-11-12,23.74819564819336,33.380001068115234,0.0,33.709999084472656,33.02000045776367,33.31999969482422,0.0,84865200
2007-11-13,24.59762191772461,34.459999084472656,0.11,34.66999816894531,33.380001068115234,33.540000915527344,0.0,104311500
2007-11-14,24.219301223754883,33.93000030517578,0.0,34.75,33.75,34.619998931884766,0.0,84063100
2007-11-15,24.097963333129883,33.7599983215332,0.0,34.099998474121094,33.54999923706055,33.7599983215332,0.0,64014100
2007-11-16,24.33352279663086,34.09000015258789,0.0,34.2599983215332,33.709999084472656,33.86000061035156,0.0,71113800
2007-11-19,24.2407169342041,33.959999084472656,0.0,34.2400016784668,33.869998931884766,33.959999084472656,0.0,63026200
2007-11-20,24.683277130126953,34.58000183105469,0.0,34.970001220703125,34.099998474121094,34.22999954223633,0.0,100009400
2007-11-21,24.433448791503906,34.22999954223633,0.0,34.72999954223633,34.18000030517578,34.400001525878906,0.0,89518700
2007-11-23,24.347797393798828,34.11000061035156,0.0,34.439998626708984,33.709999084472656,34.36000061035156,0.0,33467200
2007-11-26,23.5340576171875,32.970001220703125,0.0,34.369998931884766,32.93000030517578,34.09000015258789,0.0,80335000
2007-11-27,23.598299026489258,33.060001373291016,0.0,33.599998474121094,32.68000030517578,33.27000045776367,0.0,84178400
2007-11-28,24.055131912231445,33.70000076293945,0.0,33.88999938964844,32.900001525878906,33.380001068115234,0.0,88585000
2007-11-29,23.976600646972656,33.59000015258789,0.0,33.93000030517578,33.310001373291016,33.58000183105469,0.0,53633600
2007-11-30,23.983753204345703,33.599998474121094,0.0,34.119998931884766,33.189998626708984,33.91999816894531,0.0,71027800
2007-12-03,23.49836540222168,32.91999816894531,0.0,33.63999938964844,32.68000030517578,33.5,0.0,61770600
2007-12-04,23.39129638671875,32.77000045776367,0.0,33.2400016784668,32.630001068115234,32.7400016784668,0.0,54801500
2007-12-05,24.37635040283203,34.150001525878906,0.0,34.52000045776367,33.029998779296875,33.13999938964844,0.0,84894700
2007-12-06,24.661861419677734,34.54999923706055,0.0,34.61000061035156,33.869998931884766,34.2599983215332,0.0,49209700
2007-12-07,24.64759063720703,34.529998779296875,0.0,34.70000076293945,34.220001220703125,34.61000061035156,0.0,40771000
2007-12-10,24.81175422668457,34.7599983215332,0.0,34.95000076293945,34.470001220703125,34.63999938964844,0.0,36083500
2007-12-11,24.34065055847168,34.099998474121094,0.0,34.9900016784668,33.93000030517578,34.72999954223633,0.0,55070700
2007-12-12,24.604755401611328,34.470001220703125,0.0,35.09000015258789,33.93000030517578,34.61000061035156,0.0,63345400
2007-12-13,25.140098571777344,35.220001220703125,0.0,35.45000076293945,34.279998779296875,34.47999954223633,0.0,73913200
2007-12-14,25.204349517822266,35.310001373291016,0.0,35.84000015258789,35.0099983215332,35.04999923706055,0.0,71126200
2007-12-17,24.547651290893555,34.38999938964844,0.0,35.130001068115234,34.36000061035156,35.029998779296875,0.0,58121200
2007-12-18,24.797483444213867,34.7400016784668,0.0,35.0,34.209999084472656,34.63999938964844,0.0,52791800
2007-12-19,24.833179473876953,34.790000915527344,0.0,35.13999938964844,34.380001068115234,34.689998626708984,0.0,58469100
2007-12-20,25.354244232177734,35.52000045776367,0.0,35.790000915527344,35.08000183105469,35.290000915527344,0.0,59345000
2007-12-21,25.73969841003418,36.060001373291016,0.0,36.060001373291016,35.75,35.900001525878906,0.0,83240500
2007-12-24,26.110881805419922,36.58000183105469,0.0,36.720001220703125,36.04999923706055,36.130001068115234,0.0,29622600
2007-12-26,26.132299423217773,36.61000061035156,0.0,36.63999938964844,36.2599983215332,36.40999984741211,0.0,30252400
2007-12-27,25.675458908081055,35.970001220703125,0.0,36.54999923706055,35.939998626708984,36.349998474121094,0.0,33311100
2007-12-28,25.782527923583984,36.119998931884766,0.0,36.22999954223633,35.66999816894531,36.099998474121094,0.0,33447200
2007-12-31,25.411357879638672,35.599998474121094,0.0,35.9900016784668,35.52000045776367,35.900001525878906,0.0,35229700
2008-01-02,25.140098571777344,35.220001220703125,0.0,35.959999084472656,35.0,35.790000915527344,0.0,63004200
2008-01-03,25.24717903137207,35.369998931884766,0.0,35.650001525878906,34.86000061035156,35.220001220703125,0.0,49599600
2008-01-04,24.540517807006836,34.380001068115234,0.0,35.20000076293945,34.09000015258789,35.189998626708984,0.0,72090800
2008-01-07,24.704687118530273,34.61000061035156,0.0,34.79999923706055,34.25,34.54999923706055,0.0,80164300
2008-01-08,23.876680374145508,33.45000076293945,0.0,34.709999084472656,33.400001525878906,34.709999084472656,0.0,79148300
2008-01-09,24.58333969116211,34.439998626708984,0.0,34.540000915527344,33.349998474121094,33.36000061035156,0.0,74305500
2008-01-10,24.504817962646484,34.33000183105469,0.0,34.5,33.779998779296875,34.349998474121094,0.0,72446000
2008-01-11,24.20502471923828,33.90999984741211,0.0,34.2400016784668,33.720001220703125,34.13999938964844,0.0,55187900
2008-01-14,24.547651290893555,34.38999938964844,0.0,34.56999969482422,34.08000183105469,34.459999084472656,0.0,52792200
2008-01-15,24.26927375793457,34.0,0.0,34.380001068115234,34.0,34.029998779296875,0.0,61606200
2008-01-16,23.71963882446289,33.22999954223633,0.0,33.650001525878906,32.5099983215332,33.41999816894531,0.0,120778500
2008-01-17,23.63397789001465,33.11000061035156,0.0,33.79999923706055,32.970001220703125,33.540000915527344,0.0,94247800
2008-01-18,23.562612533569336,33.0099983215332,0.0,34.0,32.970001220703125,33.15999984741211,0.0,117062000
2008-01-22,22.8131103515625,31.959999084472656,0.0,32.529998779296875,31.5,31.540000915527344,0.0,108521400
2008-01-23,22.791698455810547,31.93000030517578,0.0,32.04999923706055,31.040000915527344,31.479999542236328,0.0,137597400
2008-01-24,23.73392105102539,33.25,0.0,33.36000061035156,32.119998931884766,32.349998474121094,0.0,155640400
2008-01-25,23.51264762878418,32.939998626708984,0.0,35.0,32.869998931884766,34.900001525878906,0.0,196992300
2008-01-28,23.355600357055664,32.720001220703125,0.0,33.099998474121094,32.41999816894531,33.02000045776367,0.0,81019000
2008-01-29,23.269948959350586,32.599998474121094,0.0,32.88999938964844,32.349998474121094,32.849998474121094,0.0,68023000
2008-01-30,22.984426498413086,32.20000076293945,0.0,32.79999923706055,32.04999923706055,32.560001373291016,0.0,106432600
2008-01-31,23.269948959350586,32.599998474121094,0.0,32.7400016784668,31.719999313354492,31.90999984741211,0.0,103642200
2008-02-01,21.73528289794922,30.450000762939453,0.0,33.25,30.25,31.059999465942383,0.0,291138900
2008-02-04,21.549684524536133,30.190000534057617,0.0,30.719999313354492,30.110000610351562,30.489999771118164,0.0,119998600
2008-02-05,20.750234603881836,29.06999969482422,0.0,29.940000534057617,28.889999389648438,29.90999984741211,0.0,137534100
2008-02-06,20.35763931274414,28.520000457763672,0.0,29.350000381469727,28.290000915527344,29.280000686645508,0.0,138315600
2008-02-07,20.072111129760742,28.1200008392334,0.0,28.780000686645508,27.899999618530273,28.34000015258789,0.0,164964900
2008-02-08,20.386180877685547,28.559999465942383,0.0,29.079999923706055,28.239999771118164,28.290000915527344,0.0,124872000
2008-02-11,20.1363525390625,28.209999084472656,0.0,28.610000610351562,27.90999984741211,28.520000457763672,0.0,156814100
2008-02-12,20.229143142700195,28.34000015258789,0.0,28.6200008392334,28.110000610351562,28.43000030517578,0.0,84365900
2008-02-13,20.671703338623047,28.959999084472656,0.0,29.049999237060547,28.530000686645508,28.6200008392334,0.0,88986200
2008-02-14,20.34336280822754,28.5,0.0,29.040000915527344,28.459999084472656,28.8799991607666,0.0,69113500
2008-02-15,20.286251068115234,28.420000076293945,0.0,28.639999389648438,28.25,28.309999465942383,0.0,68166100
2008-02-19,20.18593978881836,28.170000076293945,0.11,28.84000015258789,28.06999969482422,28.799999237060547,0.0,68261200
2008-02-20,20.221769332885742,28.219999313354492,0.0,28.260000228881836,27.920000076293945,28.149999618530273,0.0,93056200
2008-02-21,20.135780334472656,28.100000381469727,0.0,28.959999084472656,27.959999084472656,28.6200008392334,0.0,98776500
2008-02-22,19.834814071655273,27.68000030517578,0.0,28.389999389648438,27.200000762939453,28.239999771118164,0.0,125705400
2008-02-25,19.949466705322266,27.84000015258789,0.0,28.239999771118164,27.479999542236328,27.649999618530273,0.0,109974300
2008-02-26,20.336410522460938,28.3799991607666,0.0,28.860000610351562,27.670000076293945,27.739999771118164,0.0,108923500
2008-02-27,20.25041961669922,28.260000228881836,0.0,28.68000030517578,28.100000381469727,28.190000534057617,0.0,75199500
2008-02-28,20.01395606994629,27.93000030517578,0.0,28.270000457763672,27.799999237060547,28.020000457763672,0.0,83002900
2008-02-29,19.490861892700195,27.200000762939453,0.0,27.829999923706055,27.020000457763672,27.690000534057617,0.0,117411400
2008-03-03,19.340373992919922,26.989999771118164,0.0,27.389999389648438,26.8700008392334,27.239999771118164,0.0,76544300
2008-03-04,19.770320892333984,27.59000015258789,0.0,27.6299991607666,26.959999084472656,27.020000457763672,0.0,86925600
2008-03-05,20.150102615356445,28.1200008392334,0.0,28.40999984741211,27.700000762939453,27.75,0.0,106489800
2008-03-06,19.7559871673584,27.56999969482422,0.0,28.170000076293945,27.5,28.059999465942383,0.0,91127700
2008-03-07,19.97096061706543,27.8700008392334,0.0,28.06999969482422,27.31999969482422,27.34000015258789,0.0,77597600
2008-03-10,20.099952697753906,28.049999237060547,0.0,28.260000228881836,27.75,27.829999923706055,0.0,72175100
2008-03-11,20.981325149536133,29.280000686645508,0.0,29.34000015258789,28.3799991607666,28.399999618530273,0.0,98740700
2008-03-12,20.515554428100586,28.6299991607666,0.0,29.489999771118164,28.540000915527344,29.43000030517578,0.0,75993800
2008-03-13,20.508398056030273,28.6200008392334,0.0,28.989999771118164,28.15999984741211,28.540000915527344,0.0,84552200
2008-03-14,20.035446166992188,27.959999084472656,0.0,29.010000228881836,27.639999389648438,28.719999313354492,0.0,105214900
2008-03-17,20.279085159301758,28.299999237060547,0.0,28.729999542236328,27.280000686645508,27.299999237060547,0.0,84490100
2008-03-18,21.0816593170166,29.420000076293945,0.0,29.479999542236328,28.670000076293945,28.670000076293945,0.0,83695300
2008-03-19,20.508398056030273,28.6200008392334,0.0,29.59000015258789,28.6200008392334,29.3799991607666,0.0,61442100
2008-03-20,20.9096736907959,29.18000030517578,0.0,29.219999313354492,28.59000015258789,28.739999771118164,0.0,60170200
2008-03-24,20.902503967285156,29.170000076293945,0.0,29.399999618530273,29.059999465942383,29.329999923706055,0.0,48294700
2008-03-25,20.88101577758789,29.139999389648438,0.0,29.3700008392334,28.940000534057617,29.329999923706055,0.0,49149000
2008-03-26,20.46540069580078,28.559999465942383,0.0,29.06999969482422,28.3799991607666,29.030000686645508,0.0,45868100
2008-03-27,20.099952697753906,28.049999237060547,0.0,28.489999771118164,28.0,28.479999542236328,0.0,47894400
2008-03-28,19.999631881713867,27.90999984741211,0.0,28.43000030517578,27.829999923706055,28.229999542236328,0.0,49244000
2008-03-31,20.336410522460938,28.3799991607666,0.0,28.59000015258789,27.84000015258789,27.8799991607666,0.0,46780600
2008-04-01,21.138973236083984,29.5,0.0,29.540000915527344,28.6299991607666,28.829999923706055,0.0,65796200
2008-04-02,20.895343780517578,29.15999984741211,0.0,29.579999923706055,29.0,29.56999969482422,0.0,49499400
2008-04-03,20.780683517456055,29.0,0.0,29.31999969482422,28.799999237060547,29.0,0.0,38961400
2008-04-04,20.895343780517578,29.15999984741211,0.0,29.260000228881836,28.739999771118164,29.1299991607666,0.0,43860800
2008-04-07,20.895343780517578,29.15999984741211,0.0,29.59000015258789,29.030000686645508,29.549999237060547,0.0,44428600
2008-04-08,20.601547241210938,28.75,0.0,29.0,28.540000915527344,28.940000534057617,0.0,44733500
2008-04-09,20.701858520507812,28.889999389648438,0.0,29.040000915527344,28.540000915527344,28.719999313354492,0.0,45839300
2008-04-10,20.859514236450195,29.110000610351562,0.0,29.399999618530273,28.799999237060547,28.829999923706055,0.0,65591600
2008-04-11,20.264751434326172,28.280000686645508,0.0,29.010000228881836,28.209999084472656,28.8700008392334,0.0,54373700
2008-04-14,20.107112884521484,28.059999465942383,0.0,28.309999465942383,27.93000030517578,28.239999771118164,0.0,43418100
2008-04-15,20.243261337280273,28.25,0.0,28.479999542236328,28.030000686645508,28.1200008392334,0.0,34310000
2008-04-16,20.74485969543457,28.950000762939453,0.0,29.049999237060547,28.3799991607666,28.56999969482422,0.0,54107400
2008-04-17,20.938335418701172,29.219999313354492,0.0,29.34000015258789,28.899999618530273,29.1200008392334,0.0,48743300
2008-04-18,21.497268676757812,30.0,0.0,30.100000381469727,29.610000610351562,30.010000228881836,0.0,73658900
2008-04-21,21.7982234954834,30.420000076293945,0.0,30.600000381469727,30.1200008392334,30.190000534057617,0.0,54411700
2008-04-22,21.676406860351562,30.25,0.0,30.700000762939453,29.969999313354492,30.639999389648438,0.0,67387500
2008-04-23,22.53630256652832,31.450000762939453,0.0,31.459999084472656,30.299999237060547,30.450000762939453,0.0,98351500
2008-04-24,22.787105560302734,31.799999237060547,0.0,32.099998474121094,31.15999984741211,31.6299991607666,0.0,115416700
2008-04-25,21.375450134277344,29.829999923706055,0.0,30.389999389648438,29.600000381469727,30.049999237060547,0.0,145194900
2008-04-28,20.773523330688477,28.989999771118164,0.0,29.84000015258789,28.81999969482422,29.799999237060547,0.0,97473000
2008-04-29,20.52272605895996,28.639999389648438,0.0,28.899999618530273,28.450000762939453,28.799999237060547,0.0,84428900
2008-04-30,20.436729431152344,28.520000457763672,0.0,29.209999084472656,28.510000228881836,28.739999771118164,0.0,74733600
2008-05-01,21.067319869995117,29.399999618530273,0.0,29.489999771118164,28.479999542236328,28.5,0.0,71699400
2008-05-02,20.952665328979492,29.239999771118164,0.0,29.6200008392334,28.860000610351562,29.59000015258789,0.0,66024200
2008-05-05,20.83802032470703,29.079999923706055,0.0,30.229999542236328,28.989999771118164,29.93000030517578,0.0,119687700
2008-05-06,21.282291412353516,29.700000762939453,0.0,29.860000610351562,28.93000030517578,29.0,0.0,93582000
2008-05-07,20.931169509887695,29.209999084472656,0.0,30.139999389648438,29.079999923706055,29.690000534057617,0.0,88775000
2008-05-08,20.97416877746582,29.270000457763672,0.0,29.389999389648438,29.0,29.280000686645508,0.0,69589900
2008-05-09,21.060157775878906,29.389999389648438,0.0,29.549999237060547,28.950000762939453,29.209999084472656,0.0,51621200
2008-05-12,21.490100860595703,29.989999771118164,0.0,30.059999465942383,29.350000381469727,29.399999618530273,0.0,64278800
2008-05-13,21.418180465698242,29.780000686645508,0.11,30.1299991607666,29.530000686645508,30.0,0.0,70934700
2008-05-14,21.526058197021484,29.93000030517578,0.0,30.260000228881836,29.729999542236328,29.889999389648438,0.0,66730400
2008-05-15,21.900062561035156,30.450000762939453,0.0,30.530000686645508,29.940000534057617,29.979999542236328,0.0,53355800
2008-05-16,21.569215774536133,29.989999771118164,0.0,30.479999542236328,29.920000076293945,30.469999313354492,0.0,81538200
2008-05-19,21.188032150268555,29.459999084472656,0.0,29.889999389648438,29.309999465942383,29.8700008392334,0.0,59615000
2008-05-20,20.684579849243164,28.760000228881836,0.0,29.309999465942383,28.6299991607666,29.299999237060547,0.0,75767600
2008-05-21,20.31778335571289,28.25,0.0,29.049999237060547,28.190000534057617,28.809999465942383,0.0,60125100
2008-05-22,20.476003646850586,28.469999313354492,0.0,28.700000762939453,28.18000030517578,28.280000686645508,0.0,52203100
2008-05-23,20.173938751220703,28.049999237060547,0.0,28.329999923706055,27.950000762939453,28.260000228881836,0.0,48890700
2008-05-27,20.454439163208008,28.440000534057617,0.0,28.5,28.049999237060547,28.110000610351562,0.0,47334500
2008-05-28,20.267440795898438,28.18000030517578,0.0,28.56999969482422,28.040000915527344,28.559999465942383,0.0,52318500
2008-05-29,20.360933303833008,28.309999465942383,0.0,28.68000030517578,28.139999389648438,28.209999084472656,0.0,47699200
2008-05-30,20.368125915527344,28.31999969482422,0.0,28.700000762939453,28.200000762939453,28.3799991607666,0.0,63399200
2008-06-02,19.994131088256836,27.799999237060547,0.0,28.360000610351562,27.549999237060547,28.239999771118164,0.0,77028400
2008-06-03,19.641719818115234,27.309999465942383,0.0,28.309999465942383,27.270000457763672,27.90999984741211,0.0,86616700
2008-06-04,19.807146072387695,27.540000915527344,0.0,27.639999389648438,27.200000762939453,27.280000686645508,0.0,79567400
2008-06-05,20.353750228881836,28.299999237060547,0.0,28.299999237060547,27.600000381469727,27.719999313354492,0.0,76063400
2008-06-06,19.771183013916016,27.489999771118164,0.0,28.170000076293945,27.489999771118164,27.989999771118164,0.0,78500800
2008-06-09,19.92940902709961,27.709999084472656,0.0,27.90999984741211,27.299999237060547,27.649999618530273,0.0,66787100
2008-06-10,20.05886459350586,27.889999389648438,0.0,28.290000915527344,27.31999969482422,27.360000610351562,0.0,77433900
2008-06-11,19.50506591796875,27.1200008392334,0.0,27.940000534057617,27.110000610351562,27.850000381469727,0.0,59330800
2008-06-12,20.310590744018555,28.239999771118164,0.0,28.549999237060547,27.190000534057617,27.399999618530273,0.0,113996300
2008-06-13,20.907535552978516,29.06999969482422,0.0,29.56999969482422,28.5,28.6299991607666,0.0,131969100
2008-06-16,20.80685043334961,28.93000030517578,0.0,29.110000610351562,28.639999389648438,29.020000457763672,0.0,74718900
2008-06-17,20.71334457397461,28.799999237060547,0.0,29.1200008392334,28.790000915527344,29.040000915527344,0.0,44256700
2008-06-18,20.468814849853516,28.459999084472656,0.0,28.860000610351562,28.459999084472656,28.549999237060547,0.0,49677800
2008-06-19,20.80685043334961,28.93000030517578,0.0,29.190000534057617,28.329999923706055,28.549999237060547,0.0,62037800
2008-06-20,20.303396224975586,28.229999542236328,0.0,28.920000076293945,28.100000381469727,28.899999618530273,0.0,97480400
2008-06-23,20.11639976501465,27.969999313354492,0.0,28.40999984741211,27.790000915527344,28.299999237060547,0.0,57145300
2008-06-24,19.943798065185547,27.729999542236328,0.0,28.010000228881836,27.510000228881836,27.920000076293945,0.0,65218300
2008-06-25,20.38970184326172,28.350000381469727,0.0,28.670000076293945,27.760000228881836,27.809999465942383,0.0,64280200
2008-06-26,19.95817756652832,27.75,0.0,28.200000762939453,27.75,28.030000686645508,0.0,67049100
2008-06-27,19.871868133544922,27.6299991607666,0.0,27.90999984741211,27.459999084472656,27.68000030517578,0.0,73450200
2008-06-30,19.78557014465332,27.510000228881836,0.0,27.979999542236328,27.489999771118164,27.729999542236328,0.0,57830500
2008-07-01,19.325273513793945,26.8700008392334,0.0,27.3799991607666,26.440000534057617,27.270000457763672,0.0,100327800
2008-07-02,18.613248825073242,25.8799991607666,0.0,27.0,25.8799991607666,26.899999618530273,0.0,84669000
2008-07-03,18.68516731262207,25.979999542236328,0.0,26.100000381469727,25.600000381469727,25.969999313354492,0.0,37074500
2008-07-07,18.72113609313965,26.030000686645508,0.0,26.389999389648438,25.450000762939453,26.110000610351562,0.0,71527600
2008-07-08,18.591672897338867,25.850000381469727,0.0,26.200000762939453,25.510000228881836,25.93000030517578,0.0,65553200
2008-07-09,18.145750045776367,25.229999542236328,0.0,25.850000381469727,25.18000030517578,25.790000915527344,0.0,54255800
2008-07-10,18.30398941040039,25.450000762939453,0.0,25.670000076293945,24.979999542236328,25.200000762939453,0.0,57830600
2008-07-11,18.160144805908203,25.25,0.0,25.639999389648438,24.8700008392334,25.15999984741211,0.0,69532600
2008-07-14,18.088224411010742,25.149999618530273,0.0,25.809999465942383,25.06999969482422,25.479999542236328,0.0,51216200
2008-07-15,18.807435989379883,26.149999618530273,0.0,26.639999389648438,24.93000030517578,24.93000030517578,0.0,92719300
2008-07-16,19.605758666992188,27.260000228881836,0.0,27.290000915527344,25.920000076293945,26.1299991607666,0.0,82060400
2008-07-17,19.792755126953125,27.520000457763672,0.0,27.90999984741211,27.110000610351562,27.579999923706055,0.0,96526100
2008-07-18,18.598865509033203,25.860000610351562,0.0,26.469999313354492,25.110000610351562,26.360000610351562,0.0,150277000
2008-07-21,18.440635681152344,25.639999389648438,0.0,26.170000076293945,25.530000686645508,25.65999984741211,0.0,77575600
2008-07-22,18.555707931518555,25.799999237060547,0.0,25.940000534057617,25.479999542236328,25.540000915527344,0.0,88657200
2008-07-23,19.008819580078125,26.43000030517578,0.0,26.84000015258789,25.850000381469727,25.860000610351562,0.0,79408800
2008-07-24,18.296794891357422,25.440000534057617,0.0,26.170000076293945,25.440000534057617,26.09000015258789,0.0,81092600
2008-07-25,18.814620971679688,26.15999984741211,0.0,26.219999313354492,25.5,25.639999389648438,0.0,58682300
2008-07-28,18.339937210083008,25.5,0.0,26.110000610351562,25.34000015258789,26.059999465942383,0.0,59707800
2008-07-29,18.778667449951172,26.110000610351562,0.0,26.190000534057617,25.399999618530273,25.520000457763672,0.0,66368200
2008-07-30,18.864974975585938,26.229999542236328,0.0,26.489999771118164,25.899999618530273,26.200000762939453,0.0,51977700
2008-07-31,18.498170852661133,25.719999313354492,0.0,26.280000686645508,25.709999084472656,25.850000381469727,0.0,60461000
2008-08-01,18.296794891357422,25.440000534057617,0.0,25.950000762939453,25.06999969482422,25.920000076293945,0.0,82720200
2008-08-04,18.181718826293945,25.280000686645508,0.0,25.549999237060547,25.110000610351562,25.389999389648438,0.0,60588300
2008-08-05,18.850589752197266,26.209999084472656,0.0,26.280000686645508,25.5,25.639999389648438,0.0,84297600
2008-08-06,19.433151245117188,27.020000457763672,0.0,27.15999984741211,26.3799991607666,26.729999542236328,0.0,95550000
2008-08-07,19.699262619018555,27.389999389648438,0.0,27.75,26.729999542236328,26.899999618530273,0.0,82565800
2008-08-08,20.231473922729492,28.1299991607666,0.0,28.229999542236328,27.190000534057617,27.350000381469727,0.0,80814100
2008-08-11,20.066059112548828,27.899999618530273,0.0,28.399999618530273,27.65999984741211,27.860000610351562,0.0,68743800
2008-08-12,20.22428321838379,28.1200008392334,0.0,28.360000610351562,27.579999923706055,27.780000686645508,0.0,62813000
2008-08-13,20.073251724243164,27.90999984741211,0.0,28.5,27.760000228881836,28.06999969482422,0.0,51165200
2008-08-14,20.073251724243164,27.90999984741211,0.0,28.280000686645508,27.559999465942383,27.81999969482422,0.0,49732300
2008-08-15,20.00132942199707,27.809999465942383,0.0,28.149999618530273,27.579999923706055,27.979999542236328,0.0,47267400
2008-08-18,19.91502571105957,27.690000534057617,0.0,28.049999237060547,27.549999237060547,27.780000686645508,0.0,38078200
2008-08-19,19.727277755737305,27.31999969482422,0.11,27.75,27.270000457763672,27.540000915527344,0.0,40332900
2008-08-20,19.70561981201172,27.290000915527344,0.0,27.579999923706055,27.170000076293945,27.540000915527344,0.0,41497200
2008-08-21,19.626192092895508,27.18000030517578,0.0,27.229999542236328,26.860000610351562,27.100000381469727,0.0,43614200
2008-08-22,20.102758407592773,27.84000015258789,0.0,27.8799991607666,27.219999313354492,27.229999542236328,0.0,47930400
2008-08-25,19.97279167175293,27.65999984741211,0.0,27.84000015258789,27.459999084472656,27.610000610351562,0.0,51381300
2008-08-26,19.691184997558594,27.270000457763672,0.0,27.719999313354492,27.170000076293945,27.579999923706055,0.0,44774400
2008-08-27,19.90058135986328,27.559999465942383,0.0,27.790000915527344,27.1299991607666,27.34000015258789,0.0,33975300
2008-08-28,20.174976348876953,27.940000534057617,0.0,28.010000228881836,27.600000381469727,27.610000610351562,0.0,48372600
2008-08-29,19.70561981201172,27.290000915527344,0.0,27.780000686645508,27.290000915527344,27.68000030517578,0.0,50735500
2008-09-02,19.568431854248047,27.100000381469727,0.0,27.760000228881836,27.059999465942383,27.670000076293945,0.0,66079200
2008-09-03,19.42401123046875,26.899999618530273,0.0,27.18000030517578,26.84000015258789,27.0,0.0,57127700
2008-09-04,19.026859283447266,26.350000381469727,0.0,26.889999389648438,26.350000381469727,26.739999771118164,0.0,66141900
2008-09-05,18.521406173706055,25.649999618530273,0.0,26.219999313354492,25.6299991607666,26.030000686645508,0.0,82305200
2008-09-08,18.86078453063965,26.1200008392334,0.0,26.329999923706055,25.670000076293945,26.209999084472656,0.0,62110800
2008-09-09,18.846332550048828,26.100000381469727,0.0,26.600000381469727,26.049999237060547,26.200000762939453,0.0,85735700
2008-09-10,19.091842651367188,26.440000534057617,0.0,26.860000610351562,26.25,26.520000457763672,0.0,75064900
2008-09-11,19.741718292236328,27.34000015258789,0.0,27.459999084472656,26.030000686645508,26.100000381469727,0.0,72913300
2008-09-12,19.94390869140625,27.6200008392334,0.0,27.739999771118164,26.940000534057617,27.139999389648438,0.0,75628500
2008-09-15,19.366233825683594,26.81999969482422,0.0,27.489999771118164,26.729999542236328,26.920000076293945,0.0,82349400
2008-09-16,18.76690673828125,25.989999771118164,0.0,26.489999771118164,25.520000457763672,26.09000015258789,0.0,111729700
2008-09-17,17.741552352905273,24.56999969482422,0.0,25.8700008392334,24.5,25.729999542236328,0.0,106972100
2008-09-18,18.239791870117188,25.260000228881836,0.0,25.350000381469727,24.010000228881836,24.799999237060547,0.0,132291300
2008-09-19,18.167587280273438,25.15999984741211,0.0,26.399999618530273,23.5,26.3700008392334,0.0,134926100
2008-09-22,18.340879440307617,25.399999618530273,0.0,26.31999969482422,25.31999969482422,26.219999313354492,0.0,105207700
2008-09-23,18.36976432800293,25.440000534057617,0.0,26.170000076293945,25.34000015258789,25.65999984741211,0.0,92181300
2008-09-24,18.571949005126953,25.719999313354492,0.0,26.09000015258789,25.459999084472656,25.579999923706055,0.0,80250300
2008-09-25,19.214599609375,26.610000610351562,0.0,26.8799991607666,25.739999771118164,25.81999969482422,0.0,96203500
2008-09-26,19.78504753112793,27.399999618530273,0.0,27.559999465942383,26.139999389648438,26.170000076293945,0.0,100744300
2008-09-29,18.059276580810547,25.010000228881836,0.0,27.65999984741211,25.010000228881836,26.940000534057617,0.0,134383100
2008-09-30,19.272371292114258,26.690000534057617,0.0,26.690000534057617,25.540000915527344,25.770000457763672,0.0,107192700
2008-10-01,19.12073516845703,26.479999542236328,0.0,26.989999771118164,26.280000686645508,26.3799991607666,0.0,88957000
2008-10-02,18.95464515686035,26.25,0.0,26.530000686645508,25.700000762939453,26.18000030517578,0.0,93819800
2008-10-03,19.005189895629883,26.31999969482422,0.0,27.469999313354492,26.239999771118164,26.3700008392334,0.0,114289400
2008-10-06,17.98706817626953,24.90999984741211,0.0,25.989999771118164,24.139999389648438,25.6299991607666,0.0,146374600
2008-10-07,16.773962020874023,23.229999542236328,0.0,25.209999084472656,23.139999389648438,24.979999542236328,0.0,145941200
2008-10-08,16.615110397338867,23.010000228881836,0.0,24.299999237060547,22.5,22.899999618530273,0.0,171598600
2008-10-09,16.10242462158203,22.299999237060547,0.0,23.90999984741211,22.06999969482422,23.770000457763672,0.0,131948700
2008-10-10,15.524761199951172,21.5,0.0,22.350000381469727,20.649999618530273,21.790000915527344,0.0,228467500
2008-10-13,18.413082122802734,25.5,0.0,25.5,22.6299991607666,22.860000610351562,0.0,144935400
2008-10-14,17.402183532714844,24.100000381469727,0.0,25.729999542236328,23.600000381469727,25.639999389648438,0.0,165674900
2008-10-15,16.36238670349121,22.65999984741211,0.0,24.25,22.479999542236328,23.780000686645508,0.0,113280200
2008-10-16,17.4671630859375,24.190000534057617,0.0,24.190000534057617,21.309999465942383,22.940000534057617,0.0,161147800
2008-10-17,17.279428482055664,23.93000030517578,0.0,25.110000610351562,23.309999465942383,23.56999969482422,0.0,133673100
2008-10-20,17.849864959716797,24.719999313354492,0.0,24.75,23.010000228881836,24.200000762939453,0.0,93484300
2008-10-21,16.867843627929688,23.360000610351562,0.0,25.010000228881836,23.270000457763672,24.299999237060547,0.0,100385600
2008-10-22,15.546432495117188,21.530000686645508,0.0,23.059999465942383,20.899999618530273,23.040000915527344,0.0,150054800
2008-10-23,16.116865158081055,22.31999969482422,0.0,22.59000015258789,20.889999389648438,21.549999237060547,0.0,154774100
2008-10-24,15.856928825378418,21.959999084472656,0.0,22.860000610351562,20.950000762939453,21.059999465942383,0.0,153919700
2008-10-27,15.293700218200684,21.18000030517578,0.0,21.959999084472656,21.020000457763672,21.670000076293945,0.0,117683900
2008-10-28,16.680091857910156,23.100000381469727,0.0,23.209999084472656,21.34000015258789,21.639999389648438,0.0,134088800
2008-10-29,16.607885360717773,23.0,0.0,23.969999313354492,22.700000762939453,23.1299991607666,0.0,111701800
2008-10-30,16.34071922302246,22.6299991607666,0.0,23.8799991607666,22.389999389648438,23.690000534057617,0.0,95323000
2008-10-31,16.124094009399414,22.329999923706055,0.0,22.90999984741211,22.1200008392334,22.530000686645508,0.0,93055200
2008-11-03,16.333498001098633,22.6200008392334,0.0,22.90999984741211,22.209999084472656,22.479999542236328,0.0,61923500
2008-11-04,16.99058723449707,23.530000686645508,0.0,23.65999984741211,22.8700008392334,23.1299991607666,0.0,72123000
2008-11-05,15.943570137023926,22.079999923706055,0.0,23.34000015258789,22.049999237060547,23.329999923706055,0.0,81179700
2008-11-06,15.077061653137207,20.8799991607666,0.0,22.079999923706055,20.860000610351562,21.8700008392334,0.0,95509700
2008-11-07,15.524761199951172,21.5,0.0,21.540000915527344,21.0,21.31999969482422,0.0,71256300
2008-11-10,15.380345344543457,21.299999237060547,0.0,21.969999313354492,21.190000534057617,21.850000381469727,0.0,67106800
2008-11-11,15.308137893676758,21.200000762939453,0.0,21.299999237060547,20.790000915527344,21.290000915527344,0.0,78014500
2008-11-12,14.658266067504883,20.299999237060547,0.0,21.0,20.280000686645508,20.889999389648438,0.0,90162300
2008-11-13,15.344243049621582,21.25,0.0,21.25,18.739999771118164,20.149999618530273,0.0,148413700
2008-11-14,14.484968185424805,20.059999465942383,0.0,21.34000015258789,19.649999618530273,20.559999465942383,0.0,96624500
2008-11-17,13.95062255859375,19.31999969482422,0.0,20.239999771118164,19.149999618530273,19.739999771118164,0.0,97289000
2008-11-18,14.263219833374023,19.6200008392334,0.13,19.65999984741211,18.75,19.5,0.0,108966500
2008-11-19,13.296354293823242,18.290000915527344,0.0,19.950000762939453,18.25,19.6299991607666,0.0,103010500
2008-11-20,12.743851661682129,17.530000686645508,0.0,18.84000015258789,17.5,18.1200008392334,0.0,139532800
2008-11-21,14.306838989257812,19.68000030517578,0.0,19.700000762939453,17.979999542236328,18.020000457763672,0.0,157231900
2008-11-24,15.041080474853516,20.690000534057617,0.0,20.940000534057617,19.8700008392334,19.889999389648438,0.0,125289900
2008-11-25,14.53220272064209,19.989999771118164,0.0,20.93000030517578,19.549999237060547,20.860000610351562,0.0,92948100
2008-11-26,14.895684242248535,20.489999771118164,0.0,20.68000030517578,19.729999542236328,19.729999542236328,0.0,79678300
2008-11-28,14.69941234588623,20.219999313354492,0.0,20.309999465942383,20.020000457763672,20.229999542236328,0.0,28650800
2008-12-01,13.528984069824219,18.610000610351562,0.0,19.950000762939453,18.600000381469727,19.8799991607666,0.0,79639900
2008-12-02,13.921550750732422,19.149999618530273,0.0,19.309999465942383,18.559999465942383,18.989999771118164,0.0,79689800
2008-12-03,14.444967269897461,19.8700008392334,0.0,19.899999618530273,18.600000381469727,18.649999618530273,0.0,80961500
2008-12-04,13.892465591430664,19.110000610351562,0.0,19.920000076293945,18.790000915527344,19.399999618530273,0.0,78719200
2008-12-05,14.444967269897461,19.8700008392334,0.0,19.979999542236328,18.469999313354492,18.90999984741211,0.0,91996200
2008-12-08,15.27371883392334,21.010000228881836,0.0,21.25,20.139999389648438,20.350000381469727,0.0,107225000
2008-12-09,14.975654602050781,20.600000381469727,0.0,21.25,20.459999084472656,20.6200008392334,0.0,80484900
2008-12-10,14.982928276062012,20.610000610351562,0.0,20.959999084472656,20.299999237060547,20.81999969482422,0.0,61499000
2008-12-11,14.139636039733887,19.450000762939453,0.0,20.1200008392334,19.309999465942383,20.110000610351562,0.0,83564300
2008-12-12,14.07421588897705,19.360000610351562,0.0,19.850000381469727,18.700000762939453,19.149999618530273,0.0,78112600
2008-12-15,13.841580390930176,19.040000915527344,0.0,19.440000534057617,18.889999389648438,19.34000015258789,0.0,59925900
2008-12-16,14.619440078735352,20.110000610351562,0.0,20.18000030517578,19.0,19.209999084472656,0.0,97688700
2008-12-17,14.292302131652832,19.65999984741211,0.0,20.049999237060547,19.5,19.809999465942383,0.0,78922700
2008-12-18,14.030594825744629,19.299999237060547,0.0,20.020000457763672,18.989999771118164,19.860000610351562,0.0,80759200
2008-12-19,13.899738311767578,19.1200008392334,0.0,19.799999237060547,19.110000610351562,19.420000076293945,0.0,113530400
2008-12-22,13.94334888458252,19.18000030517578,0.0,19.290000915527344,18.889999389648438,19.239999771118164,0.0,58575400
2008-12-23,14.0160551071167,19.280000686645508,0.0,19.56999969482422,19.010000228881836,19.280000686645508,0.0,47511400
2008-12-24,13.936079978942871,19.170000076293945,0.0,19.450000762939453,19.100000381469727,19.260000228881836,0.0,16880400
2008-12-26,13.907010078430176,19.1299991607666,0.0,19.329999923706055,19.09000015258789,19.200000762939453,0.0,23101000
2008-12-29,13.783421516418457,18.959999084472656,0.0,19.209999084472656,18.639999389648438,19.149999618530273,0.0,58512800
2008-12-30,14.059666633605957,19.34000015258789,0.0,19.489999771118164,19.0,19.010000228881836,0.0,43224100
2008-12-31,14.13237190246582,19.440000534057617,0.0,19.68000030517578,19.270000457763672,19.309999465942383,0.0,46419000
2009-01-02,14.77938175201416,20.329999923706055,0.0,20.399999618530273,19.3700008392334,19.530000686645508,0.0,50084000
2009-01-05,14.917499542236328,20.520000457763672,0.0,20.670000076293945,20.059999465942383,20.200000762939453,0.0,61475200
2009-01-06,15.091974258422852,20.760000228881836,0.0,21.0,20.610000610351562,20.75,0.0,58083400
2009-01-07,14.183255195617676,19.510000228881836,0.0,20.290000915527344,19.479999542236328,20.190000534057617,0.0,72709900
2009-01-08,14.62671184539795,20.1200008392334,0.0,20.190000534057617,19.549999237060547,19.6299991607666,0.0,70255400
2009-01-09,14.190528869628906,19.520000457763672,0.0,20.299999237060547,19.40999984741211,20.170000076293945,0.0,49815300
2009-01-12,14.154175758361816,19.469999313354492,0.0,19.790000915527344,19.299999237060547,19.709999084472656,0.0,52163500
2009-01-13,14.408621788024902,19.81999969482422,0.0,19.989999771118164,19.520000457763672,19.520000457763672,0.0,65843500
2009-01-14,13.8779296875,19.09000015258789,0.0,19.68000030517578,19.010000228881836,19.530000686645508,0.0,80257500
2009-01-15,13.986976623535156,19.239999771118164,0.0,19.299999237060547,18.520000457763672,19.06999969482422,0.0,96169800
2009-01-16,14.328651428222656,19.709999084472656,0.0,19.90999984741211,19.149999618530273,19.6299991607666,0.0,79634100
2009-01-20,13.43447494506836,18.479999542236328,0.0,19.6200008392334,18.3700008392334,19.459999084472656,0.0,89873000
2009-01-21,14.088747024536133,19.3799991607666,0.0,19.450000762939453,18.459999084472656,18.8700008392334,0.0,68340900
2009-01-22,12.438518524169922,17.110000610351562,0.0,18.18000030517578,17.06999969482422,18.049999237060547,0.0,222436600
2009-01-23,12.503949165344238,17.200000762939453,0.0,17.489999771118164,16.75,16.969999313354492,0.0,117020600
2009-01-26,12.816543579101562,17.6299991607666,0.0,17.809999465942383,17.229999542236328,17.290000915527344,0.0,92476500
2009-01-27,12.838353157043457,17.65999984741211,0.0,17.969999313354492,17.43000030517578,17.780000686645508,0.0,61695000
2009-01-28,13.114607810974121,18.040000915527344,0.0,18.309999465942383,17.760000228881836,17.799999237060547,0.0,64145500
2009-01-29,12.787466049194336,17.59000015258789,0.0,17.959999084472656,17.559999465942383,17.780000686645508,0.0,49192800
2009-01-30,12.431249618530273,17.100000381469727,0.0,17.790000915527344,17.100000381469727,17.739999771118164,0.0,62370900
2009-02-02,12.961942672729492,17.829999923706055,0.0,18.1299991607666,17.0,17.030000686645508,0.0,88871700
2009-02-03,13.449009895324707,18.5,0.0,18.610000610351562,17.600000381469727,17.850000381469727,0.0,86865100
2009-02-04,13.543517112731934,18.6299991607666,0.0,19.0,18.5,18.540000915527344,0.0,75618000
2009-02-05,13.841580390930176,19.040000915527344,0.0,19.139999389648438,18.25,18.510000228881836,0.0,75195200
2009-02-06,14.292302131652832,19.65999984741211,0.0,19.93000030517578,19.059999465942383,19.15999984741211,0.0,86746000
2009-02-09,14.13237190246582,19.440000534057617,0.0,19.770000457763672,19.260000228881836,19.639999389648438,0.0,52196400
2009-02-10,13.667101860046387,18.799999237060547,0.0,19.799999237060547,18.700000762939453,19.25,0.0,83953200
2009-02-11,13.965164184570312,19.209999084472656,0.0,19.489999771118164,18.920000076293945,18.940000534057617,0.0,58599000
2009-02-12,14.001507759094238,19.260000228881836,0.0,19.31999969482422,18.540000915527344,18.969999313354492,0.0,75323200
2009-02-13,13.8779296875,19.09000015258789,0.0,19.469999313354492,19.040000915527344,19.270000457763672,0.0,47416000
2009-02-17,13.24112319946289,18.09000015258789,0.13,18.5,17.889999389648438,18.489999771118164,0.0,75853300
2009-02-18,13.263082504272461,18.1200008392334,0.0,18.450000762939453,18.0,18.219999313354492,0.0,54946900
2009-02-19,13.10937213897705,17.90999984741211,0.0,18.3799991607666,17.809999465942383,18.299999237060547,0.0,49195600
2009-02-20,13.175247192382812,18.0,0.0,18.190000534057617,17.65999984741211,17.770000457763672,0.0,69413800
2009-02-23,12.596997261047363,17.209999084472656,0.0,18.149999618530273,17.15999984741211,18.020000457763672,0.0,70803400
2009-02-24,12.567721366882324,17.170000076293945,0.0,17.350000381469727,16.360000610351562,17.030000686645508,0.0,122674500
2009-02-25,12.41401481628418,16.959999084472656,0.0,17.239999771118164,16.459999084472656,17.010000228881836,0.0,105894600
2009-02-26,12.018754005432129,16.420000076293945,0.0,17.079999923706055,16.420000076293945,17.049999237060547,0.0,83219500
2009-02-27,11.821123123168945,16.149999618530273,0.0,16.520000457763672,16.100000381469727,16.290000915527344,0.0,93428000
2009-03-02,11.557621002197266,15.789999961853027,0.0,16.25,15.720000267028809,15.960000038146973,0.0,80602100
2009-03-03,11.623499870300293,15.880000114440918,0.0,16.239999771118164,15.640000343322754,16.030000686645508,0.0,80476600
2009-03-04,11.799171447753906,16.1200008392334,0.0,16.399999618530273,15.890000343322754,16.1200008392334,0.0,69285100
2009-03-05,11.177002906799316,15.270000457763672,0.0,15.880000114440918,15.270000457763672,15.859999656677246,0.0,89708500
2009-03-06,11.184318542480469,15.279999732971191,0.0,15.619999885559082,14.869999885559082,15.350000381469727,0.0,92821400
2009-03-09,11.089165687561035,15.149999618530273,0.0,15.739999771118164,15.100000381469727,15.199999809265137,0.0,66479100
2009-03-10,12.062670707702637,16.479999542236328,0.0,16.6200008392334,15.25,15.369999885559082,0.0,95184200
2009-03-11,12.52380657196045,17.110000610351562,0.0,17.200000762939453,16.43000030517578,16.6299991607666,0.0,84522200
2009-03-12,12.450611114501953,17.010000228881836,0.0,17.040000915527344,16.479999542236328,17.010000228881836,0.0,93694100
2009-03-13,12.187101364135742,16.649999618530273,0.0,17.049999237060547,16.18000030517578,16.979999542236328,0.0,82965800
2009-03-16,11.894322395324707,16.25,0.0,16.959999084472656,16.239999771118164,16.81999969482422,0.0,67028900
2009-03-17,12.37009334564209,16.899999618530273,0.0,16.899999618530273,16.260000228881836,16.31999969482422,0.0,62481000
2009-03-18,12.41401481628418,16.959999084472656,0.0,17.219999313354492,16.600000381469727,17.030000686645508,0.0,70710700
2009-03-19,12.545763969421387,17.139999389648438,0.0,17.450000762939453,16.920000076293945,17.3700008392334,0.0,58994600
2009-03-20,12.487204551696777,17.059999465942383,0.0,17.649999618530273,16.8799991607666,17.31999969482422,0.0,81725500
2009-03-23,13.416796684265137,18.329999923706055,0.0,18.59000015258789,17.309999465942383,17.3700008392334,0.0,71600000
2009-03-24,13.124011993408203,17.93000030517578,0.0,18.209999084472656,17.84000015258789,18.040000915527344,0.0,50044100
2009-03-25,13.087409973144531,17.8799991607666,0.0,18.309999465942383,17.520000457763672,17.979999542236328,0.0,73927100
2009-03-26,13.782773971557617,18.829999923706055,0.0,18.8799991607666,18.1200008392334,18.170000076293945,0.0,63775100
2009-03-27,13.270402908325195,18.1299991607666,0.0,18.6200008392334,18.049999237060547,18.540000915527344,0.0,47670400
2009-03-30,12.794631004333496,17.479999542236328,0.0,17.760000228881836,17.270000457763672,17.739999771118164,0.0,49633000
2009-03-31,13.446076393127441,18.3700008392334,0.0,18.790000915527344,17.780000686645508,17.829999923706055,0.0,92423300
2009-04-01,14.134106636047363,19.309999465942383,0.0,19.360000610351562,18.18000030517578,18.229999542236328,0.0,96438900
2009-04-02,14.119470596313477,19.290000915527344,0.0,19.889999389648438,19.0,19.5,0.0,99082300
2009-04-03,13.724218368530273,18.75,0.0,19.149999618530273,18.43000030517578,19.1299991607666,0.0,81858400
2009-04-06,13.731536865234375,18.760000228881836,0.0,18.760000228881836,18.270000457763672,18.540000915527344,0.0,47476100
2009-04-07,13.731536865234375,18.760000228881836,0.0,19.139999389648438,18.6299991607666,18.760000228881836,0.0,65815200
2009-04-08,14.046278953552246,19.190000534057617,0.0,19.6200008392334,18.959999084472656,18.969999313354492,0.0,56408900
2009-04-09,14.397619247436523,19.670000076293945,0.0,19.700000762939453,19.219999313354492,19.450000762939453,0.0,55759600
2009-04-13,14.339066505432129,19.59000015258789,0.0,19.850000381469727,19.3700008392334,19.690000534057617,0.0,44444700
2009-04-14,14.16339111328125,19.350000381469727,0.0,19.549999237060547,19.0,19.440000534057617,0.0,63796300
2009-04-15,13.782773971557617,18.829999923706055,0.0,19.25,18.510000228881836,19.209999084472656,0.0,72725500
2009-04-16,14.46349048614502,19.760000228881836,0.0,19.780000686645508,18.989999771118164,19.15999984741211,0.0,67688700
2009-04-17,14.053594589233398,19.200000762939453,0.0,19.690000534057617,19.0,19.690000534057617,0.0,61398500
2009-04-20,13.621744155883789,18.610000610351562,0.0,18.950000762939453,18.56999969482422,18.889999389648438,0.0,62937200
2009-04-21,13.88524055480957,18.969999313354492,0.0,19.079999923706055,18.56999969482422,18.59000015258789,0.0,60928300
2009-04-22,13.746176719665527,18.780000686645508,0.0,19.190000534057617,18.700000762939453,18.760000228881836,0.0,59401000
2009-04-23,13.848651885986328,18.920000076293945,0.0,18.940000534057617,18.469999313354492,18.920000076293945,0.0,86116300
2009-04-24,15.305242538452148,20.90999984741211,0.0,21.200000762939453,19.5,19.81999969482422,0.0,168478500
2009-04-27,14.931946754455566,20.399999618530273,0.0,20.81999969482422,20.280000686645508,20.549999237060547,0.0,68219600
2009-04-28,14.587925910949707,19.93000030517578,0.0,20.270000457763672,19.790000915527344,20.25,0.0,76685200
2009-04-29,14.822154998779297,20.25,0.0,20.889999389648438,20.059999465942383,20.110000610351562,0.0,79301600
2009-04-30,14.829473495483398,20.260000228881836,0.0,21.100000381469727,20.010000228881836,20.600000381469727,0.0,87439900
2009-05-01,14.814830780029297,20.239999771118164,0.0,20.350000381469727,19.860000610351562,20.190000534057617,0.0,63224500
2009-05-04,14.778243064880371,20.190000534057617,0.0,20.399999618530273,19.979999542236328,20.3700008392334,0.0,54313400
2009-05-05,14.485456466674805,19.790000915527344,0.0,20.239999771118164,19.639999389648438,20.139999389648438,0.0,66835500
2009-05-06,14.485456466674805,19.790000915527344,0.0,20.06999969482422,19.610000610351562,20.059999465942383,0.0,59639100
2009-05-07,14.141433715820312,19.31999969482422,0.0,19.989999771118164,19.139999389648438,19.959999084472656,0.0,68727200
2009-05-08,14.214629173278809,19.420000076293945,0.0,19.639999389648438,19.139999389648438,19.459999084472656,0.0,67597600
2009-05-11,14.141433715820312,19.31999969482422,0.0,19.729999542236328,19.010000228881836,19.200000762939453,0.0,63762600
2009-05-12,14.558655738830566,19.889999389648438,0.0,20.059999465942383,19.469999313354492,19.510000228881836,0.0,71966800
2009-05-13,14.45617961883545,19.75,0.0,20.0,19.670000076293945,19.920000076293945,0.0,49281700
2009-05-14,14.683079719543457,20.059999465942383,0.0,20.229999542236328,19.799999237060547,19.829999923706055,0.0,54539500
2009-05-15,14.80019474029541,20.219999313354492,0.0,20.5,19.979999542236328,20.1299991607666,0.0,61289900
2009-05-18,15.078335762023926,20.600000381469727,0.0,20.600000381469727,20.239999771118164,20.360000610351562,0.0,46073800
2009-05-19,14.960480690002441,20.309999465942383,0.13,20.739999771118164,20.25,20.510000228881836,0.0,51368300
2009-05-20,15.012041091918945,20.3799991607666,0.0,20.690000534057617,20.219999313354492,20.40999984741211,0.0,47450700
2009-05-21,14.599550247192383,19.81999969482422,0.0,20.229999542236328,19.510000228881836,20.139999389648438,0.0,58232800
2009-05-22,14.547980308532715,19.75,0.0,20.170000076293945,19.469999313354492,19.93000030517578,0.0,37318700
2009-05-26,14.982584953308105,20.34000015258789,0.0,20.450000762939453,19.450000762939453,19.540000915527344,0.0,44991700
2009-05-27,14.827890396118164,20.1299991607666,0.0,20.600000381469727,20.06999969482422,20.25,0.0,42892900
2009-05-28,15.063608169555664,20.450000762939453,0.0,20.6299991607666,20.049999237060547,20.31999969482422,0.0,45480800
2009-05-29,15.387717247009277,20.889999389648438,0.0,20.940000534057617,20.299999237060547,20.559999465942383,0.0,46134900
2009-06-01,15.763388633728027,21.399999618530273,0.0,21.5,20.860000610351562,21.0,0.0,57317100
2009-06-02,15.763388633728027,21.399999618530273,0.0,21.979999542236328,21.200000762939453,21.360000610351562,0.0,48935700
2009-06-03,16.006465911865234,21.729999542236328,0.0,21.760000228881836,21.290000915527344,21.309999465942383,0.0,56039600
2009-06-04,16.080121994018555,21.829999923706055,0.0,21.899999618530273,21.579999923706055,21.770000457763672,0.0,42330000
2009-06-05,16.3084716796875,22.139999389648438,0.0,22.309999465942383,21.809999465942383,21.959999084472656,0.0,59579200
2009-06-08,16.242168426513672,22.049999237060547,0.0,22.31999969482422,21.6299991607666,21.979999542236328,0.0,49000600
2009-06-09,16.264280319213867,22.079999923706055,0.0,22.31999969482422,21.8799991607666,22.059999465942383,0.0,50887700
2009-06-10,16.610485076904297,22.549999237060547,0.0,22.6200008392334,22.1200008392334,22.170000076293945,0.0,61297200
2009-06-11,16.816736221313477,22.829999923706055,0.0,23.260000228881836,22.56999969482422,22.59000015258789,0.0,65124600
2009-06-12,17.185041427612305,23.329999923706055,0.0,23.3799991607666,22.739999771118164,22.899999618530273,0.0,50963500
2009-06-15,17.251325607299805,23.420000076293945,0.0,23.540000915527344,23.020000457763672,23.229999542236328,0.0,69089600
2009-06-16,17.273418426513672,23.450000762939453,0.0,24.110000610351562,23.440000534057617,23.469999313354492,0.0,105295600
2009-06-17,17.44284439086914,23.68000030517578,0.0,23.81999969482422,23.170000076293945,23.5,0.0,86483100
2009-06-18,17.310264587402344,23.5,0.0,23.690000534057617,23.299999237060547,23.6200008392334,0.0,58852200
2009-06-19,17.73012351989746,24.06999969482422,0.0,24.34000015258789,23.75,24.040000915527344,0.0,115459000
2009-06-22,17.14820098876953,23.280000686645508,0.0,23.950000762939453,23.25,23.950000762939453,0.0,71291600
2009-06-23,17.192405700683594,23.34000015258789,0.0,23.65999984741211,23.209999084472656,23.3799991607666,0.0,56752700
2009-06-24,17.28816032409668,23.469999313354492,0.0,23.75,23.360000610351562,23.450000762939453,0.0,54287700
2009-06-25,17.523880004882812,23.790000915527344,0.0,23.920000076293945,23.200000762939453,23.43000030517578,0.0,57724300
2009-06-26,17.199764251708984,23.350000381469727,0.0,23.690000534057617,23.31999969482422,23.56999969482422,0.0,65126400
2009-06-29,17.575437545776367,23.860000610351562,0.0,24.030000686645508,23.549999237060547,23.600000381469727,0.0,62854900
2009-06-30,17.509138107299805,23.770000457763672,0.0,24.239999771118164,23.6299991607666,23.969999313354492,0.0,66452400
2009-07-01,17.708032608032227,24.040000915527344,0.0,24.299999237060547,23.959999084472656,24.049999237060547,0.0,54908400
2009-07-02,17.214494705200195,23.3700008392334,0.0,24.040000915527344,23.209999084472656,23.760000228881836,0.0,65422200
2009-07-06,17.08927345275879,23.200000762939453,0.0,23.280000686645508,22.8700008392334,23.209999084472656,0.0,49207700
2009-07-07,16.59574317932129,22.530000686645508,0.0,23.139999389648438,22.459999084472656,23.079999923706055,0.0,52842500
2009-07-08,16.617847442626953,22.559999465942383,0.0,22.690000534057617,22.0,22.309999465942383,0.0,73023400
2009-07-09,16.52945899963379,22.440000534057617,0.0,22.809999465942383,22.3700008392334,22.649999618530273,0.0,46981200
2009-07-10,16.492626190185547,22.389999389648438,0.0,22.540000915527344,22.149999618530273,22.190000534057617,0.0,43229200
2009-07-13,17.111377716064453,23.229999542236328,0.0,23.290000915527344,22.139999389648438,22.420000076293945,0.0,67584000
2009-07-14,17.022987365722656,23.110000610351562,0.0,23.219999313354492,22.860000610351562,23.200000762939453,0.0,45448700
2009-07-15,17.766950607299805,24.1200008392334,0.0,24.1200008392334,23.559999465942383,23.75,0.0,67238700
2009-07-16,18.002668380737305,24.440000534057617,0.0,24.440000534057617,23.860000610351562,23.93000030517578,0.0,64555100
2009-07-17,17.892181396484375,24.290000915527344,0.0,24.450000762939453,24.100000381469727,24.399999618530273,0.0,52860100
2009-07-20,18.06896209716797,24.530000686645508,0.0,24.530000686645508,24.149999618530273,24.440000534057617,0.0,47798000
2009-07-21,18.289947509765625,24.829999923706055,0.0,24.829999923706055,24.3700008392334,24.690000534057617,0.0,52028400
2009-07-22,18.267847061157227,24.799999237060547,0.0,24.899999618530273,24.510000228881836,24.700000762939453,0.0,66192500
2009-07-23,18.827659606933594,25.559999465942383,0.0,25.719999313354492,24.84000015258789,24.93000030517578,0.0,106060500
2009-07-24,17.273418426513672,23.450000762939453,0.0,23.889999389648438,22.809999465942383,23.610000610351562,0.0,215135700
2009-07-27,17.022987365722656,23.110000610351562,0.0,23.450000762939453,22.899999618530273,23.440000534057617,0.0,80950000
2009-07-28,17.28816032409668,23.469999313354492,0.0,23.549999237060547,22.899999618530273,22.989999771118164,0.0,70288400
2009-07-29,17.53123664855957,23.799999237060547,0.0,23.90999984741211,23.34000015258789,23.729999542236328,0.0,73626900
2009-07-30,17.538602828979492,23.809999465942383,0.0,24.43000030517578,23.709999084472656,24.200000762939453,0.0,67820000
2009-07-31,17.324989318847656,23.520000457763672,0.0,24.06999969482422,23.5,23.770000457763672,0.0,54258200
2009-08-03,17.55333709716797,23.829999923706055,0.0,23.860000610351562,23.5,23.81999969482422,0.0,46902900
2009-08-04,17.509138107299805,23.770000457763672,0.0,23.790000915527344,23.530000686645508,23.68000030517578,0.0,49218300
2009-08-05,17.538602828979492,23.809999465942383,0.0,24.25,23.790000915527344,23.84000015258789,0.0,53310300
2009-08-06,17.28080177307129,23.459999084472656,0.0,23.979999542236328,23.270000457763672,23.93000030517578,0.0,59686000
2009-08-07,17.354454040527344,23.559999465942383,0.0,23.81999969482422,23.5,23.75,0.0,46169700
2009-08-10,17.251325607299805,23.420000076293945,0.0,23.549999237060547,23.299999237060547,23.459999084472656,0.0,35261900
2009-08-11,17.0377140045166,23.1299991607666,0.0,23.399999618530273,23.049999237060547,23.31999969482422,0.0,33615800
2009-08-12,17.332355499267578,23.530000686645508,0.0,23.899999618530273,23.030000686645508,23.1299991607666,0.0,61972300
2009-08-13,17.398653030395508,23.6200008392334,0.0,23.850000381469727,23.399999618530273,23.6299991607666,0.0,38954500
2009-08-14,17.450210571289062,23.690000534057617,0.0,23.799999237060547,23.510000228881836,23.6200008392334,0.0,46330200
2009-08-17,17.12611198425293,23.25,0.0,23.600000381469727,23.229999542236328,23.31999969482422,0.0,42474400
2009-08-18,17.46685028076172,23.579999923706055,0.13,23.649999618530273,23.270000457763672,23.290000915527344,0.0,38878900
2009-08-19,17.51869773864746,23.649999618530273,0.0,23.719999313354492,23.25,23.25,0.0,41821300
2009-08-20,17.53352165222168,23.670000076293945,0.0,23.8700008392334,23.540000915527344,23.600000381469727,0.0,39505900
2009-08-21,18.08167266845703,24.40999984741211,0.0,24.420000076293945,23.770000457763672,23.93000030517578,0.0,69011400
2009-08-24,18.252046585083008,24.639999389648438,0.0,24.729999542236328,24.280000686645508,24.40999984741211,0.0,54180900
2009-08-25,18.252046585083008,24.639999389648438,0.0,24.81999969482422,24.459999084472656,24.600000381469727,0.0,43980300
2009-08-26,18.185373306274414,24.549999237060547,0.0,24.75,24.420000076293945,24.59000015258789,0.0,41079000
2009-08-27,18.28908348083496,24.690000534057617,0.0,24.780000686645508,24.299999237060547,24.40999984741211,0.0,45495600
2009-08-28,18.281673431396484,24.68000030517578,0.0,25.489999771118164,24.610000610351562,25.06999969482422,0.0,55808000
2009-08-31,18.25945472717285,24.649999618530273,0.0,24.850000381469727,24.290000915527344,24.56999969482422,0.0,49592800
2009-09-01,17.777971267700195,24.0,0.0,24.739999771118164,23.899999618530273,24.350000381469727,0.0,62608500
2009-09-02,17.674257278442383,23.860000610351562,0.0,24.139999389648438,23.780000686645508,23.81999969482422,0.0,40771300
2009-09-03,17.859447479248047,24.110000610351562,0.0,24.139999389648438,23.760000228881836,23.90999984741211,0.0,34120000
2009-09-04,18.237232208251953,24.6200008392334,0.0,24.799999237060547,24.079999923706055,24.09000015258789,0.0,44999700
2009-09-08,18.385377883911133,24.81999969482422,0.0,24.84000015258789,24.40999984741211,24.6200008392334,0.0,53737100
2009-09-09,18.355743408203125,24.780000686645508,0.0,24.950000762939453,24.670000076293945,24.739999771118164,0.0,49900300
2009-09-10,18.51871681213379,25.0,0.0,25.049999237060547,24.649999618530273,24.799999237060547,0.0,46256000
2009-09-11,18.415016174316406,24.860000610351562,0.0,25.170000076293945,24.809999465942383,24.93000030517578,0.0,54303500
2009-09-14,18.51871681213379,25.0,0.0,25.09000015258789,24.639999389648438,24.649999618530273,0.0,42806800
2009-09-15,18.666860580444336,25.200000762939453,0.0,25.270000457763672,24.860000610351562,24.969999313354492,0.0,44716600
2009-09-16,18.666860580444336,25.200000762939453,0.0,25.350000381469727,24.950000762939453,25.25,0.0,50055800
2009-09-17,18.740938186645508,25.299999237060547,0.0,25.3799991607666,25.059999465942383,25.059999465942383,0.0,42428800
2009-09-18,18.71131706237793,25.260000228881836,0.0,25.479999542236328,25.100000381469727,25.459999084472656,0.0,68016500
2009-09-21,18.740938186645508,25.299999237060547,0.0,25.3700008392334,25.100000381469727,25.110000610351562,0.0,28878700
2009-09-22,19.089088439941406,25.770000457763672,0.0,25.81999969482422,25.290000915527344,25.399999618530273,0.0,61376700
2009-09-23,19.044635772705078,25.709999084472656,0.0,26.25,25.639999389648438,25.920000076293945,0.0,60599900
2009-09-24,19.21502113342285,25.940000534057617,0.0,26.110000610351562,25.65999984741211,25.920000076293945,0.0,56302900
2009-09-25,18.92612648010254,25.549999237060547,0.0,25.81999969482422,25.520000457763672,25.690000534057617,0.0,50158900
2009-09-28,19.133535385131836,25.829999923706055,0.0,26.15999984741211,25.600000381469727,25.600000381469727,0.0,44358000
2009-09-29,19.07427978515625,25.75,0.0,25.959999084472656,25.690000534057617,25.90999984741211,0.0,39050300
2009-09-30,19.05205726623535,25.719999313354492,0.0,25.989999771118164,25.3799991607666,25.760000228881836,0.0,63533400
2009-10-01,18.42982292175293,24.8799991607666,0.0,25.469999313354492,24.799999237060547,25.40999984741211,0.0,75958100
2009-10-02,18.489078521728516,24.959999084472656,0.0,25.09000015258789,24.43000030517578,24.459999084472656,0.0,51219700
2009-10-05,18.252046585083008,24.639999389648438,0.0,25.059999465942383,24.520000457763672,24.979999542236328,0.0,60804900
2009-10-06,18.600194931030273,25.110000610351562,0.0,25.209999084472656,24.65999984741211,24.68000030517578,0.0,48795300
2009-10-07,18.59279441833496,25.100000381469727,0.0,25.18000030517578,24.8799991607666,24.989999771118164,0.0,38472700
2009-10-08,19.015012741088867,25.670000076293945,0.0,25.899999618530273,25.219999313354492,25.440000534057617,0.0,60521300
2009-10-09,18.92612648010254,25.549999237060547,0.0,25.790000915527344,25.459999084472656,25.56999969482422,0.0,39520000
2009-10-12,19.05205726623535,25.719999313354492,0.0,25.889999389648438,25.549999237060547,25.65999984741211,0.0,29145800
2009-10-13,19.118722915649414,25.809999465942383,0.0,25.940000534057617,25.520000457763672,25.59000015258789,0.0,37749000
2009-10-14,19.229833602905273,25.959999084472656,0.0,26.200000762939453,25.81999969482422,26.139999389648438,0.0,45365500
2009-10-15,19.785396575927734,26.709999084472656,0.0,26.709999084472656,25.899999618530273,25.899999618530273,0.0,65620100
2009-10-16,19.62983512878418,26.5,0.0,26.6299991607666,26.100000381469727,26.450000762939453,0.0,56500900
2009-10-19,19.52613067626953,26.360000610351562,0.0,26.579999923706055,26.25,26.489999771118164,0.0,48143200
2009-10-20,19.533538818359375,26.3700008392334,0.0,26.510000228881836,25.940000534057617,26.420000076293945,0.0,54604700
2009-10-21,19.689096450805664,26.579999923706055,0.0,26.75,26.389999389648438,26.459999084472656,0.0,61672700
2009-10-22,19.696500778198242,26.59000015258789,0.0,26.719999313354492,26.1299991607666,26.559999465942383,0.0,61600000
2009-10-23,20.755773544311523,28.020000457763672,0.0,29.350000381469727,27.8799991607666,29.200000762939453,0.0,281761000
2009-10-26,21.24466896057129,28.68000030517578,0.0,29.020000457763672,28.110000610351562,28.1299991607666,0.0,124149700
2009-10-27,21.177997589111328,28.59000015258789,0.0,28.8799991607666,28.440000534057617,28.729999542236328,0.0,69685800
2009-10-28,20.755773544311523,28.020000457763672,0.0,28.770000457763672,27.950000762939453,28.239999771118164,0.0,73542400
2009-10-29,20.9039249420166,28.219999313354492,0.0,28.40999984741211,27.850000381469727,28.06999969482422,0.0,65225500
2009-10-30,20.54095458984375,27.729999542236328,0.0,28.399999618530273,27.65999984741211,28.030000686645508,0.0,73371800
2009-11-02,20.652069091796875,27.8799991607666,0.0,28.049999237060547,27.40999984741211,27.700000762939453,0.0,62428900
2009-11-03,20.392807006835938,27.530000686645508,0.0,27.739999771118164,27.43000030517578,27.639999389648438,0.0,50294800
2009-11-04,20.78540802001953,28.059999465942383,0.0,28.389999389648438,27.6200008392334,27.690000534057617,0.0,63898400
2009-11-05,21.0891170501709,28.469999313354492,0.0,28.739999771118164,28.280000686645508,28.520000457763672,0.0,52681700
2009-11-06,21.126148223876953,28.520000457763672,0.0,28.6299991607666,28.200000762939453,28.3799991607666,0.0,38908500
2009-11-09,21.474294662475586,28.989999771118164,0.0,29.0,28.530000686645508,28.6200008392334,0.0,57518000
2009-11-10,21.48912239074707,29.010000228881836,0.0,29.280000686645508,28.809999465942383,28.899999618530273,0.0,65881100
2009-11-11,21.570598602294922,29.1200008392334,0.0,29.299999237060547,29.020000457763672,29.079999923706055,0.0,49693400
2009-11-12,21.74837875366211,29.360000610351562,0.0,29.489999771118164,29.0,29.010000228881836,0.0,55352400
2009-11-13,21.948375701904297,29.6299991607666,0.0,29.790000915527344,29.3700008392334,29.469999313354492,0.0,53037600
2009-11-16,21.881711959838867,29.540000915527344,0.0,29.799999237060547,29.3700008392334,29.610000610351562,0.0,54129500
2009-11-17,22.320682525634766,30.0,0.13,30.0,29.469999313354492,29.5,0.0,75648900
2009-11-18,22.40253257751465,30.110000610351562,0.0,30.139999389648438,29.809999465942383,30.0,0.0,59431200
2009-11-19,22.156999588012695,29.780000686645508,0.0,30.0,29.700000762939453,29.989999771118164,0.0,51967700
2009-11-20,22.037954330444336,29.6200008392334,0.0,29.770000457763672,29.43000030517578,29.65999984741211,0.0,42647100
2009-11-23,22.276042938232422,29.940000534057617,0.0,30.010000228881836,29.700000762939453,29.84000015258789,0.0,41832700
2009-11-24,22.253719329833984,29.90999984741211,0.0,29.989999771118164,29.75,29.950000762939453,0.0,37341400
2009-11-25,22.164440155029297,29.790000915527344,0.0,29.860000610351562,29.579999923706055,29.809999465942383,0.0,32033500
2009-11-27,21.74034881591797,29.219999313354492,0.0,29.389999389648438,28.75,29.110000610351562,0.0,29357900
2009-11-30,21.881710052490234,29.40999984741211,0.0,29.450000762939453,29.0,29.149999618530273,0.0,44172000
2009-12-01,22.32813262939453,30.010000228881836,0.0,30.049999237060547,29.40999984741211,29.520000457763672,0.0,49904200
2009-12-02,22.156999588012695,29.780000686645508,0.0,29.989999771118164,29.649999618530273,29.899999618530273,0.0,36308600
2009-12-03,22.1942081451416,29.829999923706055,0.0,30.200000762939453,29.760000228881836,29.84000015258789,0.0,43095200
2009-12-04,22.305803298950195,29.979999542236328,0.0,30.3700008392334,29.829999923706055,30.049999237060547,0.0,58810700
2009-12-07,22.164440155029297,29.790000915527344,0.0,30.079999923706055,29.68000030517578,29.780000686645508,0.0,38082700
2009-12-08,22.000751495361328,29.56999969482422,0.0,29.739999771118164,29.3799991607666,29.520000457763672,0.0,37402200
2009-12-09,22.104917526245117,29.709999084472656,0.0,29.809999465942383,29.25,29.469999313354492,0.0,44713300
2009-12-10,22.223960876464844,29.8700008392334,0.0,29.959999084472656,29.65999984741211,29.709999084472656,0.0,45940200
2009-12-11,22.209087371826172,29.850000381469727,0.0,30.0,29.790000915527344,29.969999313354492,0.0,43744200
2009-12-14,22.40253257751465,30.110000610351562,0.0,30.15999984741211,29.899999618530273,29.90999984741211,0.0,34651200
2009-12-15,22.335561752319336,30.020000457763672,0.0,30.209999084472656,29.8799991607666,29.889999389648438,0.0,49473200
2009-12-16,22.39508819580078,30.100000381469727,0.0,30.40999984741211,30.040000915527344,30.06999969482422,0.0,55737800
2009-12-17,22.0230712890625,29.600000381469727,0.0,29.959999084472656,29.56999969482422,29.950000762939453,0.0,43691200
2009-12-18,22.58854103088379,30.360000610351562,0.0,30.450000762939453,29.799999237060547,29.84000015258789,0.0,94118000
2009-12-21,22.707571029663086,30.520000457763672,0.0,30.84000015258789,30.3700008392334,30.399999618530273,0.0,40129100
2009-12-22,22.930782318115234,30.81999969482422,0.0,30.93000030517578,30.540000915527344,30.600000381469727,0.0,36321000
2009-12-23,23.005178451538086,30.920000076293945,0.0,30.950000762939453,30.690000534057617,30.709999084472656,0.0,28362700
2009-12-24,23.064706802368164,31.0,0.0,31.0,30.760000228881836,30.8799991607666,0.0,11083900
2009-12-28,23.19118881225586,31.170000076293945,0.0,31.18000030517578,30.889999389648438,31.0,0.0,25384000
2009-12-29,23.354877471923828,31.389999389648438,0.0,31.5,31.229999542236328,31.350000381469727,0.0,29716200
2009-12-30,23.03494644165039,30.959999084472656,0.0,31.290000915527344,30.799999237060547,31.149999618530273,0.0,42006200
2009-12-31,22.677820205688477,30.479999542236328,0.0,30.989999771118164,30.479999542236328,30.979999542236328,0.0,31929700
2010-01-04,23.027509689331055,30.950000762939453,0.0,31.100000381469727,30.59000015258789,30.6200008392334,0.0,38409100
2010-01-05,23.03494644165039,30.959999084472656,0.0,31.100000381469727,30.639999389648438,30.850000381469727,0.0,49749600
2010-01-06,22.893587112426758,30.770000457763672,0.0,31.079999923706055,30.520000457763672,30.8799991607666,0.0,58182400
2010-01-07,22.655492782592773,30.450000762939453,0.0,30.700000762939453,30.190000534057617,30.6299991607666,0.0,50559700
2010-01-08,22.811738967895508,30.65999984741211,0.0,30.8799991607666,30.239999771118164,30.280000686645508,0.0,51197400
2010-01-11,22.52156639099121,30.270000457763672,0.0,30.760000228881836,30.1200008392334,30.709999084472656,0.0,68754700
2010-01-12,22.372766494750977,30.06999969482422,0.0,30.399999618530273,29.90999984741211,30.149999618530273,0.0,65912100
2010-01-13,22.58110237121582,30.350000381469727,0.0,30.520000457763672,30.010000228881836,30.260000228881836,0.0,51863500
2010-01-14,23.03494644165039,30.959999084472656,0.0,31.100000381469727,30.260000228881836,30.309999465942383,0.0,63228100
2010-01-15,22.96054458618164,30.860000610351562,0.0,31.239999771118164,30.709999084472656,31.079999923706055,0.0,79913200
2010-01-19,23.139110565185547,31.100000381469727,0.0,31.239999771118164,30.68000030517578,30.75,0.0,46575700
2010-01-20,22.759660720825195,30.59000015258789,0.0,30.940000534057617,30.309999465942383,30.809999465942383,0.0,54849500
2010-01-21,22.32813262939453,30.010000228881836,0.0,30.719999313354492,30.0,30.610000610351562,0.0,73086700
2010-01-22,21.546903610229492,28.959999084472656,0.0,30.200000762939453,28.84000015258789,30.0,0.0,102004600
2010-01-25,21.814748764038086,29.31999969482422,0.0,29.65999984741211,29.100000381469727,29.239999771118164,0.0,63373000
2010-01-26,21.948678970336914,29.5,0.0,29.850000381469727,29.09000015258789,29.200000762939453,0.0,66639900
2010-01-27,22.075157165527344,29.670000076293945,0.0,29.81999969482422,29.020000457763672,29.350000381469727,0.0,63949500
2010-01-28,21.695703506469727,29.15999984741211,0.0,29.8700008392334,28.889999389648438,29.84000015258789,0.0,117513700
2010-01-29,20.966569900512695,28.18000030517578,0.0,29.920000076293945,27.65999984741211,29.899999618530273,0.0,193888500
2010-02-01,21.137699127197266,28.40999984741211,0.0,28.479999542236328,27.920000076293945,28.389999389648438,0.0,85931100
2010-02-02,21.174890518188477,28.459999084472656,0.0,28.5,28.139999389648438,28.3700008392334,0.0,54413700
2010-02-03,21.301374435424805,28.6299991607666,0.0,28.790000915527344,28.1200008392334,28.260000228881836,0.0,61397900
2010-02-04,20.713600158691406,27.84000015258789,0.0,28.5,27.809999465942383,28.3799991607666,0.0,77850000
2010-02-05,20.847524642944336,28.020000457763672,0.0,28.280000686645508,27.56999969482422,28.0,0.0,80960100
2010-02-08,20.624313354492188,27.719999313354492,0.0,28.079999923706055,27.56999969482422,28.010000228881836,0.0,52820600
2010-02-09,20.840072631835938,28.010000228881836,0.0,28.34000015258789,27.75,27.969999313354492,0.0,59195800
2010-02-10,20.825191497802734,27.989999771118164,0.0,28.239999771118164,27.84000015258789,28.030000686645508,0.0,48591300
2010-02-11,20.921924591064453,28.1200008392334,0.0,28.399999618530273,27.700000762939453,27.93000030517578,0.0,65993700
2010-02-12,20.780561447143555,27.93000030517578,0.0,28.059999465942383,27.579999923706055,27.809999465942383,0.0,81117200
2010-02-16,21.191686630249023,28.350000381469727,0.13,28.3700008392334,28.020000457763672,28.1299991607666,0.0,51935600
2010-02-17,21.37108039855957,28.59000015258789,0.0,28.649999618530273,28.360000610351562,28.530000686645508,0.0,45882900
2010-02-18,21.655139923095703,28.969999313354492,0.0,29.030000686645508,28.510000228881836,28.59000015258789,0.0,42856500
2010-02-19,21.505630493164062,28.770000457763672,0.0,28.920000076293945,28.690000534057617,28.790000915527344,0.0,44451800
2010-02-22,21.475732803344727,28.729999542236328,0.0,28.940000534057617,28.649999618530273,28.84000015258789,0.0,36707100
2010-02-23,21.176733016967773,28.329999923706055,0.0,28.829999923706055,28.09000015258789,28.68000030517578,0.0,52266200
2010-02-24,21.400983810424805,28.6299991607666,0.0,28.790000915527344,28.3799991607666,28.520000457763672,0.0,43165900
2010-02-25,21.378555297851562,28.600000381469727,0.0,28.649999618530273,28.020000457763672,28.270000457763672,0.0,48735300
2010-02-26,21.430879592895508,28.670000076293945,0.0,28.850000381469727,28.510000228881836,28.649999618530273,0.0,40370600
2010-03-01,21.69251251220703,29.020000457763672,0.0,29.049999237060547,28.530000686645508,28.770000457763672,0.0,43805400
2010-03-02,21.27390480041504,28.459999084472656,0.0,29.299999237060547,28.239999771118164,29.079999923706055,0.0,93123900
2010-03-03,21.27390480041504,28.459999084472656,0.0,28.610000610351562,28.350000381469727,28.510000228881836,0.0,48442100
2010-03-04,21.400983810424805,28.6299991607666,0.0,28.649999618530273,28.270000457763672,28.459999084472656,0.0,42890600
2010-03-05,21.37108039855957,28.59000015258789,0.0,28.68000030517578,28.420000076293945,28.65999984741211,0.0,56001800
2010-03-08,21.400983810424805,28.6299991607666,0.0,28.93000030517578,28.5,28.520000457763672,0.0,39414500
2010-03-09,21.528057098388672,28.799999237060547,0.0,29.110000610351562,28.549999237060547,28.559999465942383,0.0,50271600
2010-03-10,21.655139923095703,28.969999313354492,0.0,29.110000610351562,28.799999237060547,28.860000610351562,0.0,44891400
2010-03-11,21.812108993530273,29.18000030517578,0.0,29.190000534057617,28.850000381469727,28.889999389648438,0.0,35349700
2010-03-12,21.879383087158203,29.270000457763672,0.0,29.3799991607666,29.040000915527344,29.31999969482422,0.0,31700200
2010-03-15,21.894336700439453,29.290000915527344,0.0,29.3700008392334,29.010000228881836,29.18000030517578,0.0,37512000
2010-03-16,21.954139709472656,29.3700008392334,0.0,29.489999771118164,29.200000762939453,29.420000076293945,0.0,36723500
2010-03-17,22.148487091064453,29.6299991607666,0.0,29.8700008392334,29.399999618530273,29.5,0.0,50385700
2010-03-18,22.133541107177734,29.610000610351562,0.0,29.719999313354492,29.5,29.6299991607666,0.0,43845200
2010-03-19,22.118579864501953,29.59000015258789,0.0,29.899999618530273,29.350000381469727,29.760000228881836,0.0,81332100
2010-03-22,22.12606430053711,29.600000381469727,0.0,29.700000762939453,29.389999389648438,29.5,0.0,37718200
2010-03-23,22.335371017456055,29.8799991607666,0.0,29.899999618530273,29.40999984741211,29.59000015258789,0.0,42026600
2010-03-24,22.163440704345703,29.649999618530273,0.0,29.850000381469727,29.600000381469727,29.719999313354492,0.0,33987700
2010-03-25,22.43253517150879,30.010000228881836,0.0,30.56999969482422,29.799999237060547,29.829999923706055,0.0,73168700
2010-03-26,22.17090606689453,29.65999984741211,0.0,30.200000762939453,29.59000015258789,30.09000015258789,0.0,55595500
2010-03-29,22.118579864501953,29.59000015258789,0.0,29.81999969482422,29.549999237060547,29.709999084472656,0.0,33336000
2010-03-30,22.25313377380371,29.770000457763672,0.0,29.860000610351562,29.5,29.6299991607666,0.0,34954800
2010-03-31,21.894336700439453,29.290000915527344,0.0,29.719999313354492,29.170000076293945,29.639999389648438,0.0,63760000
2010-04-01,21.797163009643555,29.15999984741211,0.0,29.540000915527344,28.6200008392334,29.350000381469727,0.0,74768100
2010-04-05,21.879383087158203,29.270000457763672,0.0,29.43000030517578,29.030000686645508,29.1299991607666,0.0,34331200
2010-04-06,21.91675567626953,29.31999969482422,0.0,29.579999923706055,28.979999542236328,29.149999618530273,0.0,47366800
2010-04-07,21.93918800354004,29.350000381469727,0.0,29.559999465942383,29.139999389648438,29.15999984741211,0.0,58318800
2010-04-08,22.365262985229492,29.920000076293945,0.0,29.979999542236328,29.299999237060547,29.31999969482422,0.0,63713800
2010-04-09,22.679208755493164,30.34000015258789,0.0,30.40999984741211,29.899999618530273,29.950000762939453,0.0,54752500
2010-04-12,22.664264678955078,30.31999969482422,0.0,30.489999771118164,30.209999084472656,30.25,0.0,37068800
2010-04-13,22.761436462402344,30.450000762939453,0.0,30.5,30.1299991607666,30.149999618530273,0.0,41374600
2010-04-14,23.03801155090332,30.81999969482422,0.0,31.0,30.65999984741211,30.790000915527344,0.0,68941200
2010-04-15,23.075387954711914,30.8700008392334,0.0,30.950000762939453,30.709999084472656,30.81999969482422,0.0,52745400
2010-04-16,22.92588233947754,30.670000076293945,0.0,30.979999542236328,30.600000381469727,30.790000915527344,0.0,88703100
2010-04-19,23.202457427978516,31.040000915527344,0.0,31.25,30.760000228881836,30.770000457763672,0.0,64970300
2010-04-20,23.44166374206543,31.360000610351562,0.0,31.440000534057617,31.1299991607666,31.219999313354492,0.0,52199500
2010-04-21,23.419240951538086,31.329999923706055,0.0,31.5,31.229999542236328,31.329999923706055,0.0,55343100
2010-04-22,23.46409034729004,31.389999389648438,0.0,31.530000686645508,30.899999618530273,31.040000915527344,0.0,84847600
2010-04-23,23.142663955688477,30.959999084472656,0.0,31.579999923706055,30.649999618530273,31.1200008392334,0.0,126766600
2010-04-26,23.25478744506836,31.110000610351562,0.0,31.280000686645508,30.860000610351562,31.0,0.0,63649300
2010-04-27,23.060436248779297,30.850000381469727,0.0,31.25,30.75,30.950000762939453,0.0,68730900
2010-04-28,23.105289459228516,30.90999984741211,0.0,31.0,30.6200008392334,30.920000076293945,0.0,64557900
2010-04-29,23.17256736755371,31.0,0.0,31.43000030517578,30.670000076293945,30.93000030517578,0.0,52665200
2010-04-30,22.828710556030273,30.540000915527344,0.0,31.079999923706055,30.520000457763672,31.06999969482422,0.0,63214800
2010-05-03,23.067916870117188,30.860000610351562,0.0,31.059999465942383,30.579999923706055,30.670000076293945,0.0,43989500
2010-05-04,22.522233963012695,30.1299991607666,0.0,30.549999237060547,29.75,30.520000457763672,0.0,82085600
2010-05-05,22.312936782836914,29.850000381469727,0.0,30.09000015258789,29.690000534057617,29.770000457763672,0.0,66833800
2010-05-06,21.662607192993164,28.979999542236328,0.0,29.8799991607666,27.90999984741211,29.59000015258789,0.0,128613000
2010-05-07,21.0870361328125,28.209999084472656,0.0,28.950000762939453,27.31999969482422,28.93000030517578,0.0,173718100
2010-05-10,21.632709503173828,28.940000534057617,0.0,29.479999542236328,28.709999084472656,29.010000228881836,0.0,86653300
2010-05-11,21.587852478027344,28.8799991607666,0.0,29.649999618530273,28.56999969482422,28.68000030517578,0.0,63789400
2010-05-12,22.006467819213867,29.440000534057617,0.0,29.579999923706055,28.920000076293945,28.979999542236328,0.0,47146800
2010-05-13,21.856962203979492,29.239999771118164,0.0,29.729999542236328,29.18000030517578,29.260000228881836,0.0,45188800
2010-05-14,21.62523651123047,28.93000030517578,0.0,29.209999084472656,28.639999389648438,29.200000762939453,0.0,63334000
2010-05-17,21.632709503173828,28.940000534057617,0.0,29.229999542236328,28.450000762939453,29.1200008392334,0.0,46053300
2010-05-18,21.475025177001953,28.600000381469727,0.13,29.0,28.399999618530273,28.8700008392334,0.0,52690600
2010-05-19,21.20470428466797,28.239999771118164,0.0,28.690000534057617,27.790000915527344,28.520000457763672,0.0,61746700
2010-05-20,20.35622215270996,27.110000610351562,0.0,27.84000015258789,27.040000915527344,27.649999618530273,0.0,87991100
2010-05-21,20.153491973876953,26.84000015258789,0.0,27.110000610351562,26.440000534057617,26.6299991607666,0.0,117596300
2010-05-24,19.725486755371094,26.270000457763672,0.0,26.860000610351562,26.260000228881836,26.850000381469727,0.0,73711700
2010-05-25,19.575300216674805,26.06999969482422,0.0,26.329999923706055,25.3799991607666,25.649999618530273,0.0,98373600
2010-05-26,18.779382705688477,25.010000228881836,0.0,26.610000610351562,24.559999465942383,26.229999542236328,0.0,176684100
2010-05-27,19.522750854492188,26.0,0.0,26.360000610351562,25.729999542236328,25.729999542236328,0.0,136433600
2010-05-28,19.37257957458496,25.799999237060547,0.0,26.1200008392334,25.65999984741211,25.84000015258789,0.0,67496900
2010-06-01,19.440155029296875,25.889999389648438,0.0,26.309999465942383,25.520000457763672,25.530000686645508,0.0,76152400
2010-06-02,19.868152618408203,26.459999084472656,0.0,26.479999542236328,25.729999542236328,26.059999465942383,0.0,65718800
2010-06-03,20.168502807617188,26.860000610351562,0.0,26.93000030517578,26.40999984741211,26.549999237060547,0.0,67837000
2010-06-04,19.365066528320312,25.790000915527344,0.0,26.56999969482422,25.6200008392334,26.100000381469727,0.0,89832200
2010-06-07,18.989635467529297,25.290000915527344,0.0,25.829999923706055,25.239999771118164,25.81999969482422,0.0,80456200
2010-06-08,18.85447120666504,25.110000610351562,0.0,25.260000228881836,24.649999618530273,25.25,0.0,87355000
2010-06-09,18.61418914794922,24.790000915527344,0.0,25.520000457763672,24.75,25.219999313354492,0.0,87794000
2010-06-10,18.77187728881836,25.0,0.0,25.149999618530273,24.780000686645508,25.1299991607666,0.0,78930900
2010-06-11,19.267454147338867,25.65999984741211,0.0,25.719999313354492,24.770000457763672,25.040000915527344,0.0,68057700
2010-06-14,19.147314071655273,25.5,0.0,25.959999084472656,25.469999313354492,25.860000610351562,0.0,50972400
2010-06-15,19.9582576751709,26.579999923706055,0.0,26.649999618530273,25.739999771118164,25.75,0.0,81641500
2010-06-16,19.763025283813477,26.31999969482422,0.0,26.579999923706055,26.229999542236328,26.469999313354492,0.0,48698000
2010-06-17,19.80057716369629,26.3700008392334,0.0,26.670000076293945,26.040000915527344,26.559999465942383,0.0,47995500
2010-06-18,19.85313606262207,26.440000534057617,0.0,26.530000686645508,26.170000076293945,26.3700008392334,0.0,52075600
2010-06-21,19.485200881958008,25.950000762939453,0.0,26.889999389648438,25.889999389648438,26.780000686645508,0.0,54625300
2010-06-22,19.350051879882812,25.770000457763672,0.0,26.450000762939453,25.760000228881836,26.15999984741211,0.0,55985400
2010-06-23,19.00465202331543,25.309999465942383,0.0,25.780000686645508,25.219999313354492,25.780000686645508,0.0,61466200
2010-06-24,18.77187728881836,25.0,0.0,25.719999313354492,24.93000030517578,25.459999084472656,0.0,85243400
2010-06-25,18.418964385986328,24.530000686645508,0.0,25.110000610351562,24.309999465942383,25.049999237060547,0.0,156256700
2010-06-28,18.253768920898438,24.309999465942383,0.0,24.610000610351562,24.1200008392334,24.510000228881836,0.0,73784800
2010-06-29,17.502899169921875,23.309999465942383,0.0,24.200000762939453,23.110000610351562,24.1299991607666,0.0,119882100
2010-06-30,17.277637481689453,23.010000228881836,0.0,23.68000030517578,22.950000762939453,23.299999237060547,0.0,81050500
2010-07-01,17.390262603759766,23.15999984741211,0.0,23.31999969482422,22.729999542236328,23.09000015258789,0.0,92239400
2010-07-02,17.47286033630371,23.270000457763672,0.0,23.479999542236328,23.049999237060547,23.360000610351562,0.0,62485100
2010-07-06,17.885841369628906,23.81999969482422,0.0,24.09000015258789,23.579999923706055,23.700000762939453,0.0,73592000
2010-07-07,18.24626350402832,24.299999237060547,0.0,24.31999969482422,23.610000610351562,23.81999969482422,0.0,79965300
2010-07-08,18.328857421875,24.40999984741211,0.0,24.6200008392334,23.969999313354492,24.600000381469727,0.0,50758100
2010-07-09,18.22373390197754,24.270000457763672,0.0,24.40999984741211,24.149999618530273,24.329999923706055,0.0,53806100
2010-07-12,18.64423370361328,24.829999923706055,0.0,24.889999389648438,24.420000076293945,24.43000030517578,0.0,49854200
2010-07-13,18.869491577148438,25.1299991607666,0.0,25.299999237060547,24.899999618530273,25.139999389648438,0.0,61928700
2010-07-14,19.102256774902344,25.440000534057617,0.0,25.610000610351562,25.1200008392334,25.5,0.0,72808100
2010-07-15,19.15482521057129,25.510000228881836,0.0,25.59000015258789,24.979999542236328,25.5,0.0,56934700
2010-07-16,18.689287185668945,24.889999389648438,0.0,25.639999389648438,24.8799991607666,25.510000228881836,0.0,65064800
2010-07-19,18.944568634033203,25.229999542236328,0.0,25.299999237060547,24.90999984741211,24.959999084472656,0.0,38181800
2010-07-20,19.132295608520508,25.479999542236328,0.0,25.479999542236328,24.700000762939453,24.860000610351562,0.0,45530700
2010-07-21,18.861976623535156,25.1200008392334,0.0,25.649999618530273,24.979999542236328,25.600000381469727,0.0,73297300
2010-07-22,19.402606964111328,25.84000015258789,0.0,25.989999771118164,25.469999313354492,25.510000228881836,0.0,73016400
2010-07-23,19.380075454711914,25.809999465942383,0.0,26.020000457763672,25.25,25.84000015258789,0.0,108520100
2010-07-26,19.59783363342285,26.100000381469727,0.0,26.200000762939453,25.799999237060547,25.860000610351562,0.0,67249900
2010-07-27,19.642887115478516,26.15999984741211,0.0,26.239999771118164,25.959999084472656,26.139999389648438,0.0,60672100
2010-07-28,19.485200881958008,25.950000762939453,0.0,26.190000534057617,25.829999923706055,26.06999969482422,0.0,69704800
2010-07-29,19.545278549194336,26.030000686645508,0.0,26.40999984741211,25.600000381469727,26.1299991607666,0.0,69446200
2010-07-30,19.380075454711914,25.809999465942383,0.0,25.84000015258789,25.350000381469727,25.75,0.0,83534800
2010-08-02,19.770540237426758,26.329999923706055,0.0,26.3799991607666,25.75,25.989999771118164,0.0,55044600
2010-08-03,19.642887115478516,26.15999984741211,0.0,26.350000381469727,25.969999313354492,26.200000762939453,0.0,56877700
2010-08-04,19.320005416870117,25.729999542236328,0.0,26.239999771118164,25.440000534057617,26.149999618530273,0.0,78531900
2010-08-05,19.049697875976562,25.3700008392334,0.0,25.579999923706055,25.209999084472656,25.489999771118164,0.0,64922100
2010-08-06,19.18485450744629,25.549999237060547,0.0,25.559999465942383,25.020000457763672,25.18000030517578,0.0,55982100
2010-08-09,19.22991371154785,25.610000610351562,0.0,25.729999542236328,25.3700008392334,25.549999237060547,0.0,57096500
2010-08-10,18.82442855834961,25.06999969482422,0.0,25.34000015258789,24.8799991607666,25.329999923706055,0.0,87257700
2010-08-11,18.66675567626953,24.860000610351562,0.0,24.899999618530273,24.559999465942383,24.68000030517578,0.0,76746900
2010-08-12,18.388927459716797,24.489999771118164,0.0,24.68000030517578,24.360000610351562,24.420000076293945,0.0,70240500
2010-08-13,18.32135009765625,24.399999618530273,0.0,24.670000076293945,24.239999771118164,24.350000381469727,0.0,45263500
2010-08-16,18.396440505981445,24.5,0.0,24.610000610351562,24.299999237060547,24.360000610351562,0.0,40909700
2010-08-17,18.653093338012695,24.709999084472656,0.13,24.959999084472656,24.600000381469727,24.709999084472656,0.0,52912600
2010-08-18,18.736135482788086,24.81999969482422,0.0,24.950000762939453,24.40999984741211,24.68000030517578,0.0,46818900
2010-08-19,18.449283599853516,24.440000534057617,0.0,24.739999771118164,24.209999084472656,24.6200008392334,0.0,54064600
2010-08-20,18.290748596191406,24.229999542236328,0.0,24.399999618530273,24.200000762939453,24.309999465942383,0.0,49560100
2010-08-23,18.32849884033203,24.280000686645508,0.0,24.639999389648438,24.239999771118164,24.440000534057617,0.0,51643000
2010-08-24,18.14732551574707,24.040000915527344,0.0,24.350000381469727,24.0,24.09000015258789,0.0,66522500
2010-08-25,18.192625045776367,24.100000381469727,0.0,24.219999313354492,23.8700008392334,24.0,0.0,47404800
2010-08-26,17.981260299682617,23.81999969482422,0.0,24.190000534057617,23.790000915527344,24.09000015258789,0.0,49105300
2010-08-27,18.064289093017578,23.93000030517578,0.0,24.020000457763672,23.510000228881836,23.8799991607666,0.0,60939400
2010-08-30,17.845375061035156,23.639999389648438,0.0,23.81999969482422,23.600000381469727,23.739999771118164,0.0,45453100
2010-08-31,17.717044830322266,23.469999313354492,0.0,23.729999542236328,23.31999969482422,23.600000381469727,0.0,66074600
2010-09-01,18.041645050048828,23.899999618530273,0.0,23.950000762939453,23.540000915527344,23.670000076293945,0.0,65235900
2010-09-02,18.071836471557617,23.940000534057617,0.0,23.950000762939453,23.709999084472656,23.8799991607666,0.0,48837100
2010-09-03,18.336048126220703,24.290000915527344,0.0,24.450000762939453,24.200000762939453,24.239999771118164,0.0,64189100
2010-09-07,18.08694076538086,23.959999084472656,0.0,24.299999237060547,23.920000076293945,24.100000381469727,0.0,51928700
2010-09-08,18.064289093017578,23.93000030517578,0.0,24.200000762939453,23.739999771118164,24.06999969482422,0.0,65512400
2010-09-09,18.124677658081055,24.010000228881836,0.0,24.209999084472656,23.989999771118164,24.190000534057617,0.0,46028900
2010-09-10,18.003904342651367,23.850000381469727,0.0,24.030000686645508,23.790000915527344,23.979999542236328,0.0,58284300
2010-09-13,18.955055236816406,25.110000610351562,0.0,25.290000915527344,24.09000015258789,24.200000762939453,0.0,114680400
2010-09-14,18.894655227661133,25.030000686645508,0.0,25.350000381469727,24.889999389648438,25.040000915527344,0.0,87160400
2010-09-15,18.962602615356445,25.1200008392334,0.0,25.219999313354492,24.920000076293945,25.100000381469727,0.0,56201900
2010-09-16,19.12112045288086,25.329999923706055,0.0,25.3700008392334,25.049999237060547,25.059999465942383,0.0,44548300
2010-09-17,19.038089752197266,25.219999313354492,0.0,25.530000686645508,25.079999923706055,25.399999618530273,0.0,70341600
2010-09-20,19.196609497070312,25.43000030517578,0.0,25.520000457763672,25.110000610351562,25.280000686645508,0.0,49838700
2010-09-21,18.98524284362793,25.149999618530273,0.0,25.420000076293945,25.079999923706055,25.420000076293945,0.0,52675700
2010-09-22,18.577608108520508,24.610000610351562,0.0,24.969999313354492,24.360000610351562,24.889999389648438,0.0,94299400
2010-09-23,18.441730499267578,24.43000030517578,0.0,24.59000015258789,24.360000610351562,24.510000228881836,0.0,46201800
2010-09-24,18.705936431884766,24.780000686645508,0.0,24.799999237060547,24.579999923706055,24.639999389648438,0.0,51948800
2010-09-27,18.668193817138672,24.729999542236328,0.0,24.989999771118164,24.59000015258789,24.850000381469727,0.0,43603300
2010-09-28,18.63045310974121,24.68000030517578,0.0,24.899999618530273,24.350000381469727,24.799999237060547,0.0,56041200
2010-09-29,18.494571685791016,24.5,0.0,24.65999984741211,24.399999618530273,24.6299991607666,0.0,44318900
2010-09-30,18.48702621459961,24.489999771118164,0.0,24.829999923706055,24.360000610351562,24.610000610351562,0.0,61262700
2010-10-01,18.403987884521484,24.3799991607666,0.0,24.81999969482422,24.299999237060547,24.770000457763672,0.0,62672300
2010-10-04,18.049192428588867,23.90999984741211,0.0,23.989999771118164,23.780000686645508,23.959999084472656,0.0,98143400
2010-10-05,18.381338119506836,24.350000381469727,0.0,24.450000762939453,23.90999984741211,24.059999465942383,0.0,78152900
2010-10-06,18.441730499267578,24.43000030517578,0.0,24.540000915527344,24.1299991607666,24.31999969482422,0.0,50489700
2010-10-07,18.51721954345703,24.530000686645508,0.0,24.75,24.280000686645508,24.6200008392334,0.0,50096100
2010-10-08,18.547412872314453,24.56999969482422,0.0,24.649999618530273,24.3700008392334,24.6200008392334,0.0,41327800
2010-10-11,18.562511444091797,24.59000015258789,0.0,24.739999771118164,24.5,24.739999771118164,0.0,27587800
2010-10-12,18.743680953979492,24.829999923706055,0.0,24.93000030517578,24.43000030517578,24.649999618530273,0.0,50141500
2010-10-13,19.128671646118164,25.34000015258789,0.0,25.540000915527344,24.889999389648438,25.020000457763672,0.0,75336500
2010-10-14,19.045637130737305,25.229999542236328,0.0,25.34000015258789,25.0,25.290000915527344,0.0,51949100
2010-10-15,19.279647827148438,25.540000915527344,0.0,25.549999237060547,25.229999542236328,25.360000610351562,0.0,68954800
2010-10-18,19.491012573242188,25.81999969482422,0.0,25.950000762939453,25.450000762939453,25.59000015258789,0.0,48330500
2010-10-19,18.947505950927734,25.100000381469727,0.0,25.3700008392334,24.950000762939453,25.270000457763672,0.0,66150900
2010-10-20,19.10602378845215,25.309999465942383,0.0,25.399999618530273,25.100000381469727,25.260000228881836,0.0,56283600
2010-10-21,19.189056396484375,25.420000076293945,0.0,25.540000915527344,25.049999237060547,25.399999618530273,0.0,50032400
2010-10-22,19.158872604370117,25.3799991607666,0.0,25.540000915527344,25.270000457763672,25.520000457763672,0.0,25837900
2010-10-25,19.015445709228516,25.190000534057617,0.0,25.350000381469727,25.170000076293945,25.239999771118164,0.0,50912400
2010-10-26,19.551403045654297,25.899999618530273,0.0,25.969999313354492,25.059999465942383,25.1200008392334,0.0,69304200
2010-10-27,19.664634704589844,26.049999237060547,0.0,26.110000610351562,25.6200008392334,25.790000915527344,0.0,64805500
2010-10-28,19.838258743286133,26.280000686645508,0.0,26.3799991607666,25.920000076293945,26.209999084472656,0.0,80730300
2010-10-29,20.13266372680664,26.670000076293945,0.0,27.200000762939453,26.479999542236328,27.149999618530273,0.0,114193200
2010-11-01,20.34402847290039,26.950000762939453,0.0,27.219999313354492,26.700000762939453,26.8799991607666,0.0,61912100
2010-11-02,20.676179885864258,27.389999389648438,0.0,27.420000076293945,27.020000457763672,27.059999465942383,0.0,54402100
2010-11-03,20.404422760009766,27.030000686645508,0.0,27.489999771118164,26.959999084472656,27.459999084472656,0.0,110255300
2010-11-04,20.487462997436523,27.139999389648438,0.0,27.43000030517578,27.010000228881836,27.40999984741211,0.0,93599300
2010-11-05,20.268535614013672,26.850000381469727,0.0,27.190000534057617,26.530000686645508,27.170000076293945,0.0,110953700
2010-11-08,20.238338470458984,26.809999465942383,0.0,28.8700008392334,26.579999923706055,26.68000030517578,0.0,71670800
2010-11-09,20.34402847290039,26.950000762939453,0.0,27.110000610351562,26.709999084472656,26.809999465942383,0.0,58538600
2010-11-10,20.33648109436035,26.940000534057617,0.0,27.079999923706055,26.809999465942383,27.010000228881836,0.0,52277300
2010-11-11,20.140216827392578,26.68000030517578,0.0,26.719999313354492,26.280000686645508,26.68000030517578,0.0,62073100
2010-11-12,19.830707550048828,26.270000457763672,0.0,26.520000457763672,26.100000381469727,26.469999313354492,0.0,64962200
2010-11-15,19.77786636352539,26.200000762939453,0.0,26.5,26.170000076293945,26.329999923706055,0.0,51794600
2010-11-16,19.603185653686523,25.809999465942383,0.16,26.040000915527344,25.649999618530273,26.040000915527344,0.0,65339200
2010-11-17,19.420894622802734,25.56999969482422,0.0,25.90999984741211,25.549999237060547,25.899999618530273,0.0,58299700
2010-11-18,19.625967025756836,25.84000015258789,0.0,26.079999923706055,25.610000610351562,25.709999084472656,0.0,59514000
2010-11-19,19.512035369873047,25.690000534057617,0.0,25.829999923706055,25.600000381469727,25.799999237060547,0.0,52423200
2010-11-22,19.542415618896484,25.729999542236328,0.0,25.739999771118164,25.440000534057617,25.649999618530273,0.0,53350500
2010-11-23,19.07911491394043,25.1200008392334,0.0,25.600000381469727,25.09000015258789,25.56999969482422,0.0,69742500
2010-11-24,19.26899528503418,25.3700008392334,0.0,25.459999084472656,25.15999984741211,25.200000762939453,0.0,56825900
2010-11-26,19.177846908569336,25.25,0.0,25.40999984741211,25.170000076293945,25.209999084472656,0.0,21356500
2010-11-29,19.223421096801758,25.309999465942383,0.0,25.420000076293945,24.93000030517578,25.190000534057617,0.0,56603600
2010-11-30,19.185443878173828,25.260000228881836,0.0,25.469999313354492,25.0,25.049999237060547,0.0,75282100
2010-12-01,19.777870178222656,26.040000915527344,0.0,26.25,25.559999465942383,25.56999969482422,0.0,74123500
2010-12-02,20.4234561920166,26.889999389648438,0.0,26.979999542236328,26.200000762939453,26.239999771118164,0.0,91759200
2010-12-03,20.522199630737305,27.020000457763672,0.0,27.059999465942383,26.780000686645508,26.809999465942383,0.0,52622000
2010-12-06,20.385482788085938,26.84000015258789,0.0,26.979999542236328,26.760000228881836,26.93000030517578,0.0,36264200
2010-12-07,20.40827178955078,26.8700008392334,0.0,27.1299991607666,26.850000381469727,27.079999923706055,0.0,57860500
2010-12-08,20.68169403076172,27.229999542236328,0.0,27.239999771118164,26.799999237060547,26.829999923706055,0.0,41666800
2010-12-09,20.567768096923828,27.079999923706055,0.0,27.34000015258789,27.010000228881836,27.280000686645508,0.0,47148300
2010-12-10,20.76524543762207,27.34000015258789,0.0,27.399999618530273,27.110000610351562,27.190000534057617,0.0,37625800
2010-12-13,20.696880340576172,27.25,0.0,27.450000762939453,27.170000076293945,27.270000457763672,0.0,47943900
2010-12-14,20.9779052734375,27.6200008392334,0.0,27.75,27.260000228881836,27.309999465942383,0.0,64070500
2010-12-15,21.152599334716797,27.850000381469727,0.0,27.989999771118164,27.530000686645508,27.530000686645508,0.0,69634200
2010-12-16,21.258930206298828,27.989999771118164,0.0,27.989999771118164,27.65999984741211,27.760000228881836,0.0,57680200
2010-12-17,21.19057273864746,27.899999618530273,0.0,28.09000015258789,27.75,27.920000076293945,0.0,87456500
2010-12-20,21.122220993041992,27.809999465942383,0.0,27.989999771118164,27.68000030517578,27.950000762939453,0.0,52811000
2010-12-21,21.319692611694336,28.06999969482422,0.0,28.139999389648438,27.760000228881836,27.850000381469727,0.0,38153000
2010-12-22,21.41083335876465,28.190000534057617,0.0,28.399999618530273,27.979999542236328,28.010000228881836,0.0,42252300
2010-12-23,21.494384765625,28.299999237060547,0.0,28.31999969482422,27.959999084472656,27.969999313354492,0.0,24902500
2010-12-27,21.319692611694336,28.06999969482422,0.0,28.200000762939453,27.8799991607666,28.1200008392334,0.0,21652800
2010-12-28,21.274120330810547,28.010000228881836,0.0,28.170000076293945,27.959999084472656,27.969999313354492,0.0,23042200
2010-12-29,21.243741989135742,27.969999313354492,0.0,28.1200008392334,27.8799991607666,27.940000534057617,0.0,19502500
2010-12-30,21.152599334716797,27.850000381469727,0.0,28.0,27.780000686645508,27.920000076293945,0.0,20786100
2010-12-31,21.198165893554688,27.90999984741211,0.0,27.920000076293945,27.6299991607666,27.799999237060547,0.0,24752000
2011-01-03,21.25132942199707,27.979999542236328,0.0,28.18000030517578,27.920000076293945,28.049999237060547,0.0,53443800
2011-01-04,21.334882736206055,28.09000015258789,0.0,28.170000076293945,27.850000381469727,27.940000534057617,0.0,54405600
2011-01-05,21.266521453857422,28.0,0.0,28.010000228881836,27.770000457763672,27.899999618530273,0.0,58998700
2011-01-06,21.88933753967285,28.81999969482422,0.0,28.850000381469727,27.860000610351562,28.040000915527344,0.0,88026300
2011-01-07,21.722240447998047,28.600000381469727,0.0,28.739999771118164,28.25,28.639999389648438,0.0,73762000
2011-01-10,21.433622360229492,28.219999313354492,0.0,28.399999618530273,28.040000915527344,28.260000228881836,0.0,57573600
2011-01-11,21.350069046020508,28.110000610351562,0.0,28.25,28.049999237060547,28.200000762939453,0.0,50298900
2011-01-12,21.68425941467285,28.549999237060547,0.0,28.59000015258789,28.06999969482422,28.1200008392334,0.0,52631100
2011-01-13,21.41083335876465,28.190000534057617,0.0,28.389999389648438,28.010000228881836,28.329999923706055,0.0,67077600
2011-01-14,21.494384765625,28.299999237060547,0.0,28.3799991607666,27.90999984741211,28.079999923706055,0.0,62688400
2011-01-18,21.76781463623047,28.65999984741211,0.0,28.739999771118164,28.139999389648438,28.15999984741211,0.0,53322700
2011-01-19,21.623504638671875,28.469999313354492,0.0,28.68000030517578,28.270000457763672,28.459999084472656,0.0,50005900
2011-01-20,21.5323543548584,28.350000381469727,0.0,28.549999237060547,28.1299991607666,28.5,0.0,58613600
2011-01-21,21.28171157836914,28.020000457763672,0.0,28.43000030517578,28.020000457763672,28.399999618530273,0.0,58080300
2011-01-24,21.555152893066406,28.3799991607666,0.0,28.559999465942383,27.989999771118164,28.020000457763672,0.0,52047800
2011-01-25,21.608314514160156,28.450000762939453,0.0,28.450000762939453,28.1200008392334,28.139999389648438,0.0,42436600
2011-01-26,21.85894203186035,28.780000686645508,0.0,28.989999771118164,28.5,28.510000228881836,0.0,74628800
2011-01-27,21.927310943603516,28.8700008392334,0.0,29.459999084472656,28.489999771118164,28.75,0.0,146938600
2011-01-28,21.076648712158203,27.75,0.0,28.93000030517578,27.450000762939453,28.899999618530273,0.0,141249400
2011-01-31,21.06145477294922,27.729999542236328,0.0,27.899999618530273,27.420000076293945,27.770000457763672,0.0,65029000
2011-02-01,21.258930206298828,27.989999771118164,0.0,28.059999465942383,27.610000610351562,27.799999237060547,0.0,62810700
2011-02-02,21.220951080322266,27.940000534057617,0.0,28.110000610351562,27.8799991607666,27.93000030517578,0.0,45824000
2011-02-03,21.00069236755371,27.649999618530273,0.0,27.969999313354492,27.540000915527344,27.969999313354492,0.0,60340100
2011-02-04,21.091835021972656,27.770000457763672,0.0,27.84000015258789,27.510000228881836,27.700000762939453,0.0,40412200
2011-02-07,21.418434143066406,28.200000762939453,0.0,28.34000015258789,27.790000915527344,27.799999237060547,0.0,68980900
2011-02-08,21.47919273376465,28.280000686645508,0.0,28.34000015258789,28.049999237060547,28.100000381469727,0.0,34904200
2011-02-09,21.243741989135742,27.969999313354492,0.0,28.260000228881836,27.90999984741211,28.190000534057617,0.0,52905100
2011-02-10,20.886768341064453,27.5,0.0,27.940000534057617,27.290000915527344,27.93000030517578,0.0,76672400
2011-02-11,20.696880340576172,27.25,0.0,27.809999465942383,27.06999969482422,27.760000228881836,0.0,83939700
2011-02-14,20.68169403076172,27.229999542236328,0.0,27.270000457763672,26.950000762939453,27.209999084472656,0.0,56766200
2011-02-15,20.597660064697266,26.959999084472656,0.16,27.329999923706055,26.950000762939453,27.040000915527344,0.0,44116500
2011-02-16,20.643497467041016,27.020000457763672,0.0,27.06999969482422,26.600000381469727,27.049999237060547,0.0,70817900
2011-02-17,20.788660049438477,27.209999084472656,0.0,27.3700008392334,26.90999984741211,26.969999313354492,0.0,57207300
2011-02-18,20.674047470092773,27.059999465942383,0.0,27.209999084472656,26.989999771118164,27.1299991607666,0.0,68667800
2011-02-22,20.314971923828125,26.59000015258789,0.0,27.100000381469727,26.520000457763672,26.780000686645508,0.0,60889000
2011-02-23,20.314971923828125,26.59000015258789,0.0,26.860000610351562,26.43000030517578,26.530000686645508,0.0,60234100
2011-02-24,20.45249366760254,26.770000457763672,0.0,27.059999465942383,26.5,26.639999389648438,0.0,64494200
2011-02-25,20.284412384033203,26.549999237060547,0.0,26.950000762939453,26.5,26.90999984741211,0.0,53006300
2011-02-28,20.307334899902344,26.579999923706055,0.0,26.860000610351562,26.510000228881836,26.690000534057617,0.0,51379900
2011-03-01,19.986448287963867,26.15999984741211,0.0,26.780000686645508,26.149999618530273,26.600000381469727,0.0,60055000
2011-03-02,19.925329208374023,26.079999923706055,0.0,26.3700008392334,26.040000915527344,26.110000610351562,0.0,48658200
2011-03-03,20.017005920410156,26.200000762939453,0.0,26.399999618530273,26.18000030517578,26.260000228881836,0.0,68271500
2011-03-04,19.826007843017578,25.950000762939453,0.0,26.239999771118164,25.799999237060547,26.219999313354492,0.0,70437200
2011-03-07,19.65028953552246,25.719999313354492,0.0,26.270000457763672,25.549999237060547,26.1299991607666,0.0,64980400
2011-03-08,19.79544448852539,25.90999984741211,0.0,26.020000457763672,25.649999618530273,25.770000457763672,0.0,50549800
2011-03-09,19.780168533325195,25.889999389648438,0.0,25.979999542236328,25.65999984741211,25.809999465942383,0.0,39789100
2011-03-10,19.413442611694336,25.40999984741211,0.0,25.709999084472656,25.350000381469727,25.6200008392334,0.0,66549500
2011-03-11,19.619726181030273,25.68000030517578,0.0,25.850000381469727,25.360000610351562,25.40999984741211,0.0,49905800
2011-03-14,19.627363204956055,25.690000534057617,0.0,25.760000228881836,25.350000381469727,25.489999771118164,0.0,54473400
2011-03-15,19.398162841796875,25.389999389648438,0.0,25.469999313354492,25.0,25.079999923706055,0.0,76067300
2011-03-16,18.939762115478516,24.790000915527344,0.0,25.280000686645508,24.68000030517578,25.219999313354492,0.0,100725400
2011-03-17,18.93211555480957,24.780000686645508,0.0,25.219999313354492,24.75,25.059999465942383,0.0,62497000
2011-03-18,18.947397232055664,24.799999237060547,0.0,25.18000030517578,24.799999237060547,25.059999465942383,0.0,85486700
2011-03-21,19.352319717407227,25.329999923706055,0.0,25.579999923706055,25.149999618530273,25.18000030517578,0.0,46878100
2011-03-22,19.32940101623535,25.299999237060547,0.0,25.459999084472656,25.229999542236328,25.299999237060547,0.0,30895600
2011-03-23,19.51276397705078,25.540000915527344,0.0,25.610000610351562,25.18000030517578,25.229999542236328,0.0,43969000
2011-03-24,19.719051361083984,25.809999465942383,0.0,25.8700008392334,25.5,25.600000381469727,0.0,38696700
2011-03-25,19.573884963989258,25.6200008392334,0.0,25.950000762939453,25.59000015258789,25.93000030517578,0.0,57029800
2011-03-28,19.413442611694336,25.40999984741211,0.0,25.719999313354492,25.3799991607666,25.65999984741211,0.0,48973200
2011-03-29,19.474567413330078,25.489999771118164,0.0,25.520000457763672,25.299999237060547,25.34000015258789,0.0,40763500
2011-03-30,19.566255569458008,25.610000610351562,0.0,25.719999313354492,25.5,25.600000381469727,0.0,41999300
2011-03-31,19.398162841796875,25.389999389648438,0.0,25.68000030517578,25.34000015258789,25.600000381469727,0.0,63233700
2011-04-01,19.466920852661133,25.479999542236328,0.0,25.530000686645508,25.309999465942383,25.530000686645508,0.0,63114200
2011-04-04,19.520408630371094,25.549999237060547,0.0,25.65999984741211,25.40999984741211,25.450000762939453,0.0,35433700
2011-04-05,19.696128845214844,25.780000686645508,0.0,26.18000030517578,25.739999771118164,25.81999969482422,0.0,73651100
2011-04-06,19.978801727294922,26.149999618530273,0.0,26.309999465942383,25.860000610351562,25.979999542236328,0.0,65581400
2011-04-07,20.017005920410156,26.200000762939453,0.0,26.260000228881836,25.969999313354492,26.190000534057617,0.0,46134700
2011-04-08,19.91768455505371,26.06999969482422,0.0,26.280000686645508,25.959999084472656,26.170000076293945,0.0,39887600
2011-04-11,19.848922729492188,25.979999542236328,0.0,26.25,25.799999237060547,26.190000534057617,0.0,34286300
2011-04-12,19.58916664123535,25.639999389648438,0.0,25.850000381469727,25.549999237060547,25.829999923706055,0.0,36920400
2011-04-13,19.58152198791504,25.6299991607666,0.0,25.8700008392334,25.559999465942383,25.649999618530273,0.0,38144700
2011-04-14,19.421079635620117,25.420000076293945,0.0,25.440000534057617,25.09000015258789,25.420000076293945,0.0,55239900
2011-04-15,19.38288688659668,25.3700008392334,0.0,25.559999465942383,25.18000030517578,25.459999084472656,0.0,65080400
2011-04-18,19.16132354736328,25.079999923706055,0.0,25.280000686645508,24.719999313354492,25.100000381469727,0.0,58045100
2011-04-19,19.21479606628418,25.149999618530273,0.0,25.170000076293945,24.8700008392334,25.0,0.0,38892400
2011-04-20,19.680843353271484,25.760000228881836,0.0,26.0,25.510000228881836,25.540000915527344,0.0,61608600
2011-04-21,19.49748992919922,25.520000457763672,0.0,25.889999389648438,25.360000610351562,25.790000915527344,0.0,46892300
2011-04-25,19.566255569458008,25.610000610351562,0.0,25.6200008392334,25.34000015258789,25.559999465942383,0.0,33525100
2011-04-26,20.009366989135742,26.190000534057617,0.0,26.440000534057617,25.670000076293945,25.739999771118164,0.0,69200000
2011-04-27,20.154531478881836,26.3799991607666,0.0,26.389999389648438,26.1299991607666,26.299999237060547,0.0,52689000
2011-04-28,20.406644821166992,26.709999084472656,0.0,26.8700008392334,26.399999618530273,26.459999084472656,0.0,80200000
2011-04-29,19.803083419799805,25.920000076293945,0.0,26.639999389648438,25.360000610351562,26.549999237060547,0.0,319317900
2011-05-02,19.604450225830078,25.65999984741211,0.0,26.0,25.479999542236328,25.940000534057617,0.0,89825600
2011-05-03,19.719051361083984,25.809999465942383,0.0,25.850000381469727,25.489999771118164,25.600000381469727,0.0,71892900
2011-05-04,19.910049438476562,26.059999465942383,0.0,26.25,25.790000915527344,25.850000381469727,0.0,73292300
2011-05-05,19.703771591186523,25.790000915527344,0.0,26.079999923706055,25.68000030517578,26.049999237060547,0.0,55600000
2011-05-06,19.764890670776367,25.8700008392334,0.0,26.219999313354492,25.75,26.06999969482422,0.0,55993000
2011-05-09,19.734331130981445,25.829999923706055,0.0,25.959999084472656,25.670000076293945,25.799999237060547,0.0,38696400
2011-05-10,19.612089157104492,25.670000076293945,0.0,25.850000381469727,25.25,25.3799991607666,0.0,120798700
2011-05-11,19.3752384185791,25.360000610351562,0.0,25.65999984741211,25.209999084472656,25.649999618530273,0.0,78600000
2011-05-12,19.34467887878418,25.31999969482422,0.0,25.389999389648438,25.100000381469727,25.350000381469727,0.0,77400000
2011-05-13,19.12311553955078,25.030000686645508,0.0,25.31999969482422,24.950000762939453,25.280000686645508,0.0,66812300
2011-05-16,18.77167510986328,24.56999969482422,0.0,25.06999969482422,24.5,24.959999084472656,0.0,91350900
2011-05-17,18.85626792907715,24.520000457763672,0.16,24.700000762939453,24.270000457763672,24.399999618530273,0.0,82882100
2011-05-18,18.987001419067383,24.690000534057617,0.0,24.739999771118164,24.25,24.530000686645508,0.0,53931100
2011-05-19,19.01007080078125,24.719999313354492,0.0,24.8799991607666,24.5,24.850000381469727,0.0,37783600
2011-05-20,18.83319854736328,24.489999771118164,0.0,24.8700008392334,24.440000534057617,24.719999313354492,0.0,45451500
2011-05-23,18.587114334106445,24.170000076293945,0.0,24.25,24.030000686645508,24.209999084472656,0.0,52692500
2011-05-24,18.571731567382812,24.149999618530273,0.0,24.290000915527344,24.040000915527344,24.200000762939453,0.0,47691800
2011-05-25,18.602493286132812,24.190000534057617,0.0,24.309999465942383,24.15999984741211,24.170000076293945,0.0,34904200
2011-05-26,18.971616744995117,24.670000076293945,0.0,25.030000686645508,24.31999969482422,24.350000381469727,0.0,78016600
2011-05-27,19.04083824157715,24.760000228881836,0.0,24.899999618530273,24.649999618530273,24.68000030517578,0.0,50251000
2011-05-31,19.233089447021484,25.010000228881836,0.0,25.059999465942383,24.700000762939453,24.959999084472656,0.0,60196300
2011-06-01,18.787057876586914,24.43000030517578,0.0,25.100000381469727,24.3700008392334,24.989999771118164,0.0,74033500
2011-06-02,18.62556266784668,24.219999313354492,0.0,24.649999618530273,24.18000030517578,24.489999771118164,0.0,51487800
2011-06-03,18.38716697692871,23.90999984741211,0.0,24.139999389648438,23.84000015258789,24.049999237060547,0.0,60697700
2011-06-06,18.464067459106445,24.010000228881836,0.0,24.25,23.770000457763672,23.889999389648438,0.0,54778700
2011-06-07,18.502521514892578,24.059999465942383,0.0,24.170000076293945,23.899999618530273,24.09000015258789,0.0,41112600
2011-06-08,18.410236358642578,23.940000534057617,0.0,24.020000457763672,23.860000610351562,23.899999618530273,0.0,42205000
2011-06-09,18.425617218017578,23.959999084472656,0.0,24.040000915527344,23.81999969482422,24.010000228881836,0.0,42878700
2011-06-10,18.233362197875977,23.709999084472656,0.0,24.020000457763672,23.690000534057617,24.020000457763672,0.0,49327200
2011-06-13,18.48713493347168,24.040000915527344,0.0,24.190000534057617,23.700000762939453,23.790000915527344,0.0,47572500
2011-06-14,18.62556266784668,24.219999313354492,0.0,24.450000762939453,24.190000534057617,24.299999237060547,0.0,42894500
2011-06-15,18.25643539428711,23.739999771118164,0.0,24.010000228881836,23.670000076293945,24.0,0.0,49410200
2011-06-16,18.456388473510742,24.0,0.0,24.100000381469727,23.649999618530273,23.75,0.0,57184100
2011-06-17,18.65632438659668,24.260000228881836,0.0,24.299999237060547,23.979999542236328,24.219999313354492,0.0,83320400
2011-06-20,18.817819595336914,24.469999313354492,0.0,24.65999984741211,24.15999984741211,24.170000076293945,0.0,54338400
2011-06-21,19.04083824157715,24.760000228881836,0.0,24.860000610351562,24.399999618530273,24.520000457763672,0.0,49708700
2011-06-22,18.956241607666016,24.649999618530273,0.0,24.809999465942383,24.59000015258789,24.600000381469727,0.0,44287300
2011-06-23,18.940860748291016,24.6299991607666,0.0,24.649999618530273,24.200000762939453,24.440000534057617,0.0,59470400
2011-06-24,18.687082290649414,24.299999237060547,0.0,24.540000915527344,24.190000534057617,24.510000228881836,0.0,101387200
2011-06-27,19.37919807434082,25.200000762939453,0.0,25.459999084472656,24.229999542236328,24.229999542236328,0.0,92044200
2011-06-28,19.840606689453125,25.799999237060547,0.0,25.920000076293945,25.15999984741211,25.299999237060547,0.0,81032100
2011-06-29,19.702184677124023,25.6200008392334,0.0,25.709999084472656,25.360000610351562,25.709999084472656,0.0,66051000
2011-06-30,19.994409561157227,26.0,0.0,26.0,25.65999984741211,25.739999771118164,0.0,52535400
2011-07-01,20.009788513183594,26.020000457763672,0.0,26.170000076293945,25.84000015258789,25.93000030517578,0.0,52906200
2011-07-05,20.01747703552246,26.030000686645508,0.0,26.149999618530273,25.899999618530273,26.100000381469727,0.0,37805300
2011-07-06,20.248180389404297,26.329999923706055,0.0,26.3700008392334,25.959999084472656,25.969999313354492,0.0,48744200
2011-07-07,20.5865535736084,26.770000457763672,0.0,26.8799991607666,26.360000610351562,26.489999771118164,0.0,51946500
2011-07-08,20.701904296875,26.920000076293945,0.0,26.979999542236328,26.510000228881836,26.540000915527344,0.0,58320700
2011-07-11,20.4788875579834,26.6299991607666,0.0,26.799999237060547,26.489999771118164,26.6200008392334,0.0,43999800
2011-07-12,20.40967559814453,26.540000915527344,0.0,26.790000915527344,26.34000015258789,26.549999237060547,0.0,47319300
2011-07-13,20.4788875579834,26.6299991607666,0.0,26.959999084472656,26.510000228881836,26.600000381469727,0.0,40861800
2011-07-14,20.355846405029297,26.469999313354492,0.0,27.010000228881836,26.360000610351562,26.6200008392334,0.0,46382300
2011-07-15,20.59425163269043,26.780000686645508,0.0,26.93000030517578,26.469999313354492,26.469999313354492,0.0,49132400
2011-07-18,20.448131561279297,26.59000015258789,0.0,26.899999618530273,26.260000228881836,26.6299991607666,0.0,44501900
2011-07-19,21.178701400756836,27.540000915527344,0.0,27.639999389648438,26.780000686645508,26.809999465942383,0.0,86730600
2011-07-20,20.809566497802734,27.059999465942383,0.0,27.350000381469727,26.979999542236328,27.280000686645508,0.0,49795400
2011-07-21,20.84033203125,27.100000381469727,0.0,27.309999465942383,26.649999618530273,27.040000915527344,0.0,81737400
2011-07-22,21.171001434326172,27.530000686645508,0.0,27.549999237060547,26.68000030517578,26.860000610351562,0.0,76380600
2011-07-25,21.463232040405273,27.90999984741211,0.0,28.09000015258789,27.190000534057617,27.260000228881836,0.0,108482400
2011-07-26,21.59396743774414,28.079999923706055,0.0,28.149999618530273,27.780000686645508,27.81999969482422,0.0,74636500
2011-07-27,21.0172061920166,27.329999923706055,0.0,27.989999771118164,27.200000762939453,27.8799991607666,0.0,71488700
2011-07-28,21.317115783691406,27.719999313354492,0.0,28.06999969482422,27.209999084472656,27.290000915527344,0.0,83761400
2011-07-29,21.07103157043457,27.399999618530273,0.0,27.709999084472656,27.260000228881836,27.520000457763672,0.0,104394800
2011-08-01,20.97106170654297,27.270000457763672,0.0,27.690000534057617,26.75,27.510000228881836,0.0,61838400
2011-08-02,20.6096248626709,26.799999237060547,0.0,27.450000762939453,26.760000228881836,26.979999542236328,0.0,63883100
2011-08-03,20.701904296875,26.920000076293945,0.0,27.0,26.479999542236328,26.829999923706055,0.0,64581200
2011-08-04,19.94826889038086,25.940000534057617,0.0,26.8700008392334,25.93000030517578,26.530000686645508,0.0,92949500
2011-08-05,19.748327255249023,25.68000030517578,0.0,26.100000381469727,25.229999542236328,25.969999313354492,0.0,112071700
2011-08-08,18.82550621032715,24.479999542236328,0.0,25.600000381469727,24.389999389648438,25.020000457763672,0.0,134257200
2011-08-09,19.671419143676758,25.579999923706055,0.0,25.6200008392334,24.030000686645508,24.709999084472656,0.0,126268900
2011-08-10,18.610185623168945,24.200000762939453,0.0,25.09000015258789,24.100000381469727,24.950000762939453,0.0,127819900
2011-08-11,19.371509552001953,25.190000534057617,0.0,25.3799991607666,24.399999618530273,24.5,0.0,90690100
2011-08-12,19.30230140686035,25.100000381469727,0.0,25.34000015258789,24.649999618530273,25.1299991607666,0.0,64787100
2011-08-15,19.617591857910156,25.510000228881836,0.0,25.579999923706055,25.149999618530273,25.239999771118164,0.0,56529400
2011-08-16,19.61758804321289,25.350000381469727,0.16,25.59000015258789,25.049999237060547,25.219999313354492,0.0,54251500
2011-08-17,19.54020118713379,25.25,0.0,25.700000762939453,24.93000030517578,25.25,0.0,50923700
2011-08-18,19.091358184814453,24.670000076293945,0.0,25.09000015258789,24.030000686645508,24.56999969482422,0.0,105714200
2011-08-19,18.611562728881836,24.049999237060547,0.0,24.6200008392334,23.90999984741211,24.40999984741211,0.0,77397900
2011-08-22,18.55739402770996,23.979999542236328,0.0,24.489999771118164,23.790000915527344,24.420000076293945,0.0,54721000
2011-08-23,19.130054473876953,24.719999313354492,0.0,24.75,24.030000686645508,24.030000686645508,0.0,59670600
2011-08-24,19.269359588623047,24.899999618530273,0.0,24.93000030517578,24.420000076293945,24.649999618530273,0.0,45329700
2011-08-25,19.01397132873535,24.56999969482422,0.0,25.15999984741211,24.5,25.079999923706055,0.0,48192000
2011-08-26,19.54020118713379,25.25,0.0,25.34000015258789,24.420000076293945,24.510000228881836,0.0,71957000
2011-08-29,19.99679183959961,25.84000015258789,0.0,25.860000610351562,25.3700008392334,25.530000686645508,0.0,38863200
2011-08-30,20.298593521118164,26.229999542236328,0.0,26.43000030517578,25.700000762939453,25.729999542236328,0.0,57341400
2011-08-31,20.584924697875977,26.600000381469727,0.0,26.709999084472656,26.260000228881836,26.290000915527344,0.0,59300800
2011-09-01,20.28311538696289,26.209999084472656,0.0,26.860000610351562,26.209999084472656,26.459999084472656,0.0,60510800
2011-09-02,19.965835571289062,25.799999237060547,0.0,26.0,25.65999984741211,25.780000686645508,0.0,43894400
2011-09-06,19.741411209106445,25.510000228881836,0.0,25.59000015258789,25.110000610351562,25.200000762939453,0.0,54929300
2011-09-07,20.120607376098633,26.0,0.0,26.0,25.56999969482422,25.690000534057617,0.0,41961000
2011-09-08,20.29086685180664,26.219999313354492,0.0,26.65999984741211,25.950000762939453,26.0,0.0,65811900
2011-09-09,19.91939353942871,25.739999771118164,0.0,26.18000030517578,25.5,26.0,0.0,64529200
2011-09-12,20.035484313964844,25.889999389648438,0.0,25.93000030517578,25.270000457763672,25.440000534057617,0.0,55046100
2011-09-13,20.151565551757812,26.040000915527344,0.0,26.190000534057617,25.809999465942383,25.920000076293945,0.0,48792300
2011-09-14,20.50754165649414,26.5,0.0,26.799999237060547,25.889999389648438,26.170000076293945,0.0,66739200
2011-09-15,20.886741638183594,26.989999771118164,0.0,27.030000686645508,26.309999465942383,26.729999542236328,0.0,67808300
2011-09-16,20.98734474182129,27.1200008392334,0.0,27.270000457763672,26.829999923706055,27.049999237060547,0.0,89681500
2011-09-19,21.056995391845703,27.209999084472656,0.0,27.309999465942383,26.600000381469727,26.799999237060547,0.0,52324900
2011-09-20,20.87900161743164,26.979999542236328,0.0,27.5,26.93000030517578,27.309999465942383,0.0,49211900
2011-09-21,20.11287498474121,25.989999771118164,0.0,27.059999465942383,25.969999313354492,27.049999237060547,0.0,72750700
2011-09-22,19.393165588378906,25.059999465942383,0.0,25.649999618530273,24.600000381469727,25.299999237060547,0.0,96278300
2011-09-23,19.393165588378906,25.059999465942383,0.0,25.149999618530273,24.690000534057617,24.899999618530273,0.0,64768100
2011-09-26,19.68724822998047,25.440000534057617,0.0,25.520000457763672,24.729999542236328,25.190000534057617,0.0,51057600
2011-09-27,19.865236282348633,25.670000076293945,0.0,25.920000076293945,25.450000762939453,25.65999984741211,0.0,55620700
2011-09-28,19.79557991027832,25.579999923706055,0.0,26.3700008392334,25.510000228881836,25.93000030517578,0.0,60736200
2011-09-29,19.694978713989258,25.450000762939453,0.0,26.170000076293945,25.09000015258789,25.979999542236328,0.0,63407300
2011-09-30,19.26161003112793,24.889999389648438,0.0,25.5,24.8799991607666,25.200000762939453,0.0,54060500
2011-10-03,18.983020782470703,24.530000686645508,0.0,25.34000015258789,24.520000457763672,24.719999313354492,0.0,64592500
2011-10-04,19.609851837158203,25.34000015258789,0.0,25.389999389648438,24.260000228881836,24.299999237060547,0.0,83485400
2011-10-05,20.035484313964844,25.889999389648438,0.0,26.15999984741211,25.15999984741211,25.420000076293945,0.0,94061300
2011-10-06,20.383724212646484,26.34000015258789,0.0,26.399999618530273,25.700000762939453,25.899999618530273,0.0,55111400
2011-10-07,20.314077377319336,26.25,0.0,26.510000228881836,26.200000762939453,26.34000015258789,0.0,52741600
2011-10-10,20.848047256469727,26.940000534057617,0.0,26.969999313354492,26.469999313354492,26.579999923706055,0.0,41815300
2011-10-11,20.89447593688965,27.0,0.0,27.06999969482422,26.719999313354492,26.860000610351562,0.0,38826200
2011-10-12,20.863525390625,26.959999084472656,0.0,27.309999465942383,26.899999618530273,27.18000030517578,0.0,52489800
2011-10-13,21.033777236938477,27.18000030517578,0.0,27.200000762939453,26.6200008392334,26.760000228881836,0.0,43823500
2011-10-14,21.103425979614258,27.270000457763672,0.0,27.5,27.020000457763672,27.309999465942383,0.0,50947700
2011-10-17,20.87900161743164,26.979999542236328,0.0,27.420000076293945,26.850000381469727,27.110000610351562,0.0,39453300
2011-10-18,21.134380340576172,27.309999465942383,0.0,27.399999618530273,26.799999237060547,26.940000534057617,0.0,52487900
2011-10-19,20.995080947875977,27.1299991607666,0.0,27.469999313354492,27.010000228881836,27.3700008392334,0.0,42880000
2011-10-20,20.92543601989746,27.040000915527344,0.0,27.34000015258789,26.399999618530273,27.260000228881836,0.0,76300200
2011-10-21,21.018301010131836,27.15999984741211,0.0,27.190000534057617,26.799999237060547,27.149999618530273,0.0,76620600
2011-10-24,21.041513442993164,27.190000534057617,0.0,27.399999618530273,27.040000915527344,27.059999465942383,0.0,56897800
2011-10-25,20.747440338134766,26.809999465942383,0.0,27.229999542236328,26.719999313354492,27.079999923706055,0.0,53554600
2011-10-26,20.577190399169922,26.59000015258789,0.0,27.059999465942383,26.100000381469727,27.030000686645508,0.0,63029900
2011-10-27,21.087942123413086,27.25,0.0,27.399999618530273,26.649999618530273,27.1299991607666,0.0,74512400
2011-10-28,20.87900161743164,26.979999542236328,0.0,27.190000534057617,26.790000915527344,27.139999389648438,0.0,57712100
2011-10-31,20.60814094543457,26.6299991607666,0.0,27.0,26.6200008392334,26.760000228881836,0.0,46799000
2011-11-01,20.11287498474121,25.989999771118164,0.0,26.31999969482422,25.860000610351562,26.190000534057617,0.0,61182600
2011-11-02,20.128345489501953,26.010000228881836,0.0,26.200000762939453,25.700000762939453,26.100000381469727,0.0,53533100
2011-11-03,20.53076171875,26.530000686645508,0.0,26.59000015258789,25.979999542236328,26.239999771118164,0.0,65836100
2011-11-04,20.314077377319336,26.25,0.0,26.399999618530273,26.0,26.3799991607666,0.0,36549200
2011-11-07,20.739704132080078,26.799999237060547,0.0,26.81999969482422,26.1299991607666,26.209999084472656,0.0,42589700
2011-11-08,21.018301010131836,27.15999984741211,0.0,27.200000762939453,26.690000534057617,27.010000228881836,0.0,47822500
2011-11-09,20.2753849029541,26.200000762939453,0.0,26.75,26.059999465942383,26.59000015258789,0.0,62950900
2011-11-10,20.337291717529297,26.280000686645508,0.0,26.5,26.1200008392334,26.469999313354492,0.0,32514400
2011-11-11,20.824831008911133,26.90999984741211,0.0,27.079999923706055,26.56999969482422,26.579999923706055,0.0,37903000
2011-11-14,20.70875358581543,26.760000228881836,0.0,27.0,26.649999618530273,26.8799991607666,0.0,34199200
2011-11-15,20.849090576171875,26.739999771118164,0.2,26.940000534057617,26.399999618530273,26.559999465942383,0.0,43874200
2011-11-16,20.32669448852539,26.06999969482422,0.0,26.510000228881836,26.040000915527344,26.469999313354492,0.0,53262800
2011-11-17,19.913455963134766,25.540000915527344,0.0,26.040000915527344,25.440000534057617,26.010000228881836,0.0,70977500
2011-11-18,19.7263240814209,25.299999237060547,0.0,25.5,25.149999618530273,25.479999542236328,0.0,47626200
2011-11-21,19.492427825927734,25.0,0.0,25.25,24.899999618530273,25.239999771118164,0.0,61882500
2011-11-22,19.328683853149414,24.790000915527344,0.0,24.959999084472656,24.649999618530273,24.889999389648438,0.0,49204500
2011-11-23,19.079179763793945,24.469999313354492,0.0,24.790000915527344,24.469999313354492,24.610000610351562,0.0,49099700
2011-11-25,18.946626663208008,24.299999237060547,0.0,24.670000076293945,24.299999237060547,24.3799991607666,0.0,26164600
2011-11-28,19.39106559753418,24.8700008392334,0.0,24.969999313354492,24.690000534057617,24.940000534057617,0.0,46766700
2011-11-29,19.367671966552734,24.84000015258789,0.0,25.040000915527344,24.75,24.81999969482422,0.0,40917100
2011-11-30,19.94464683532715,25.579999923706055,0.0,25.59000015258789,25.139999389648438,25.3700008392334,0.0,81350900
2011-12-01,19.710735321044922,25.280000686645508,0.0,25.6299991607666,25.200000762939453,25.559999465942383,0.0,48545400
2011-12-02,19.663957595825195,25.219999313354492,0.0,25.6200008392334,25.15999984741211,25.59000015258789,0.0,52293800
2011-12-05,20.03821563720703,25.700000762939453,0.0,25.799999237060547,25.5,25.780000686645508,0.0,56818400
2011-12-06,20.00702476501465,25.65999984741211,0.0,25.8700008392334,25.610000610351562,25.809999465942383,0.0,46175300
2011-12-07,19.960241317749023,25.600000381469727,0.0,25.760000228881836,25.34000015258789,25.670000076293945,0.0,62667000
2011-12-08,19.804298400878906,25.399999618530273,0.0,25.719999313354492,25.3700008392334,25.479999542236328,0.0,60522200
2011-12-09,20.03821563720703,25.700000762939453,0.0,25.8700008392334,25.5,25.520000457763672,0.0,53788500
2011-12-12,19.89006233215332,25.510000228881836,0.0,25.56999969482422,25.290000915527344,25.40999984741211,0.0,38945900
2011-12-13,20.084989547729492,25.760000228881836,0.0,26.100000381469727,25.649999618530273,25.75,0.0,54581100
2011-12-14,19.95244598388672,25.59000015258789,0.0,25.860000610351562,25.56999969482422,25.719999313354492,0.0,47926400
2011-12-15,19.929052352905273,25.559999465942383,0.0,25.8799991607666,25.540000915527344,25.719999313354492,0.0,46213900
2011-12-16,20.272119522094727,26.0,0.0,26.170000076293945,25.6299991607666,25.670000076293945,0.0,101408100
2011-12-19,19.905662536621094,25.530000686645508,0.0,26.1200008392334,25.459999084472656,26.020000457763672,0.0,52258300
2011-12-20,20.295520782470703,26.030000686645508,0.0,26.100000381469727,25.809999465942383,25.860000610351562,0.0,60767600
2011-12-21,20.084989547729492,25.760000228881836,0.0,26.190000534057617,25.440000534057617,26.010000228881836,0.0,64132500
2011-12-22,20.123977661132812,25.809999465942383,0.0,25.860000610351562,25.479999542236328,25.81999969482422,0.0,35794100
2011-12-23,20.295520782470703,26.030000686645508,0.0,26.040000915527344,25.729999542236328,25.90999984741211,0.0,23205800
2011-12-27,20.30331802368164,26.040000915527344,0.0,26.139999389648438,25.93000030517578,25.959999084472656,0.0,21287200
2011-12-28,20.13176727294922,25.81999969482422,0.0,26.149999618530273,25.760000228881836,26.110000610351562,0.0,29822500
2011-12-29,20.28771209716797,26.020000457763672,0.0,26.049999237060547,25.860000610351562,25.950000762939453,0.0,22616900
2011-12-30,20.240930557250977,25.959999084472656,0.0,26.1200008392334,25.90999984741211,26.0,0.0,27395700
2012-01-03,20.87248420715332,26.770000457763672,0.0,26.959999084472656,26.389999389648438,26.549999237060547,0.0,64731500
2012-01-04,21.363697052001953,27.399999618530273,0.0,27.469999313354492,26.780000686645508,26.81999969482422,0.0,80516100
2012-01-05,21.582015991210938,27.68000030517578,0.0,27.729999542236328,27.290000915527344,27.3799991607666,0.0,56081400
2012-01-06,21.917282104492188,28.110000610351562,0.0,28.190000534057617,27.530000686645508,27.530000686645508,0.0,99455500
2012-01-09,21.628787994384766,27.739999771118164,0.0,28.100000381469727,27.719999313354492,28.049999237060547,0.0,59706800
2012-01-10,21.706764221191406,27.84000015258789,0.0,28.149999618530273,27.75,27.93000030517578,0.0,60014400
2012-01-11,21.613201141357422,27.719999313354492,0.0,27.979999542236328,27.3700008392334,27.43000030517578,0.0,65582400
2012-01-12,21.831512451171875,28.0,0.0,28.020000457763672,27.649999618530273,27.8700008392334,0.0,49370800
2012-01-13,22.026437759399414,28.25,0.0,28.25,27.790000915527344,27.93000030517578,0.0,60196100
2012-01-17,22.034238815307617,28.260000228881836,0.0,28.649999618530273,28.170000076293945,28.399999618530273,0.0,72395300
2012-01-18,22.010845184326172,28.229999542236328,0.0,28.399999618530273,27.969999313354492,28.309999465942383,0.0,64860600
2012-01-19,21.92507553100586,28.1200008392334,0.0,28.440000534057617,28.030000686645508,28.15999984741211,0.0,74053500
2012-01-20,23.164794921875,29.709999084472656,0.0,29.739999771118164,28.75,28.81999969482422,0.0,165902900
2012-01-23,23.180389404296875,29.729999542236328,0.0,29.950000762939453,29.350000381469727,29.549999237060547,0.0,76078100
2012-01-24,22.876310348510742,29.34000015258789,0.0,29.56999969482422,29.18000030517578,29.469999313354492,0.0,51703300
2012-01-25,23.047842025756836,29.559999465942383,0.0,29.649999618530273,29.06999969482422,29.06999969482422,0.0,59231700
2012-01-26,23.00105857849121,29.5,0.0,29.700000762939453,29.399999618530273,29.610000610351562,0.0,49102800
2012-01-27,22.790542602539062,29.229999542236328,0.0,29.530000686645508,29.170000076293945,29.450000762939453,0.0,44187700
2012-01-30,23.086822509765625,29.610000610351562,0.0,29.6200008392334,28.829999923706055,28.969999313354492,0.0,51114800
2012-01-31,23.024452209472656,29.530000686645508,0.0,29.700000762939453,29.229999542236328,29.65999984741211,0.0,50572400
2012-02-01,23.305139541625977,29.889999389648438,0.0,30.049999237060547,29.760000228881836,29.790000915527344,0.0,67409900
2012-02-02,23.351926803588867,29.950000762939453,0.0,30.170000076293945,29.709999084472656,29.899999618530273,0.0,52223300
2012-02-03,23.578035354614258,30.239999771118164,0.0,30.399999618530273,30.09000015258789,30.139999389648438,0.0,41838500
2012-02-06,23.54684829711914,30.200000762939453,0.0,30.219999313354492,29.969999313354492,30.040000915527344,0.0,28039700
2012-02-07,23.663799285888672,30.350000381469727,0.0,30.489999771118164,30.049999237060547,30.149999618530273,0.0,39242400
2012-02-08,23.905502319335938,30.65999984741211,0.0,30.670000076293945,30.219999313354492,30.260000228881836,0.0,49659100
2012-02-09,23.991273880004883,30.770000457763672,0.0,30.799999237060547,30.479999542236328,30.68000030517578,0.0,50481600
2012-02-10,23.780752182006836,30.5,0.0,30.799999237060547,30.360000610351562,30.639999389648438,0.0,44605300
2012-02-13,23.84313201904297,30.579999923706055,0.0,30.770000457763672,30.43000030517578,30.6299991607666,0.0,33319800
2012-02-14,23.741107940673828,30.25,0.2,30.459999084472656,29.850000381469727,30.329999923706055,0.0,59644000
2012-02-15,23.58413314819336,30.049999237060547,0.0,30.389999389648438,30.030000686645508,30.329999923706055,0.0,43311300
2012-02-16,24.557336807250977,31.290000915527344,0.0,31.549999237060547,30.299999237060547,30.309999465942383,0.0,94705100
2012-02-17,24.525930404663086,31.25,0.0,31.31999969482422,30.950000762939453,31.200000762939453,0.0,70036500
2012-02-21,24.67506217956543,31.440000534057617,0.0,31.610000610351562,31.149999618530273,31.18000030517578,0.0,50829900
2012-02-22,24.5416316986084,31.270000457763672,0.0,31.68000030517578,31.18000030517578,31.450000762939453,0.0,49253200
2012-02-23,24.620113372802734,31.3700008392334,0.0,31.59000015258789,31.0,31.200000762939453,0.0,35034700
2012-02-24,24.70644187927246,31.479999542236328,0.0,31.5,31.239999771118164,31.479999542236328,0.0,35575400
2012-02-27,24.60441780090332,31.350000381469727,0.0,31.5,31.100000381469727,31.239999771118164,0.0,34568400
2012-02-28,25.01253318786621,31.8700008392334,0.0,31.93000030517578,31.3799991607666,31.40999984741211,0.0,45230600
2012-02-29,24.910491943359375,31.739999771118164,0.0,32.0,31.610000610351562,31.889999389648438,0.0,59323600
2012-03-01,25.342159271240234,32.290000915527344,0.0,32.38999938964844,31.850000381469727,31.93000030517578,0.0,77344100
2012-03-02,25.17734718322754,32.08000183105469,0.0,32.439998626708984,32.0,32.310001373291016,0.0,47314200
2012-03-05,24.957590103149414,31.799999237060547,0.0,32.04999923706055,31.6200008392334,32.0099983215332,0.0,45240000
2012-03-06,24.76923179626465,31.559999465942383,0.0,31.979999542236328,31.489999771118164,31.540000915527344,0.0,51932900
2012-03-07,24.98897933959961,31.84000015258789,0.0,31.920000076293945,31.530000686645508,31.670000076293945,0.0,34340400
2012-03-08,25.12240219116211,32.0099983215332,0.0,32.209999084472656,31.899999618530273,32.040000915527344,0.0,36747400
2012-03-09,25.106706619262695,31.989999771118164,0.0,32.15999984741211,31.920000076293945,32.099998474121094,0.0,34628400
2012-03-12,25.145954132080078,32.040000915527344,0.0,32.20000076293945,31.81999969482422,31.969999313354492,0.0,34073600
2012-03-13,25.640396118164062,32.66999816894531,0.0,32.689998626708984,32.150001525878906,32.2400016784668,0.0,48951700
2012-03-14,25.718875885009766,32.77000045776367,0.0,32.880001068115234,32.4900016784668,32.529998779296875,0.0,41986900
2012-03-15,25.781660079956055,32.849998474121094,0.0,32.939998626708984,32.58000183105469,32.790000915527344,0.0,49068300
2012-03-16,25.585451126098633,32.599998474121094,0.0,32.95000076293945,32.5,32.90999984741211,0.0,65626400
2012-03-19,25.271520614624023,32.20000076293945,0.0,32.61000061035156,32.150001525878906,32.540000915527344,0.0,44789200
2012-03-20,25.106706619262695,31.989999771118164,0.0,32.150001525878906,31.739999771118164,32.099998474121094,0.0,41566800
2012-03-21,25.043922424316406,31.90999984741211,0.0,32.150001525878906,31.81999969482422,31.959999084472656,0.0,37928600
2012-03-22,25.114559173583984,32.0,0.0,32.09000015258789,31.790000915527344,31.809999465942383,0.0,31749500
2012-03-23,25.12240219116211,32.0099983215332,0.0,32.11000061035156,31.719999313354492,32.099998474121094,0.0,35912200
2012-03-26,25.577606201171875,32.59000015258789,0.0,32.61000061035156,32.150001525878906,32.189998626708984,0.0,36758300
2012-03-27,25.522672653198242,32.52000045776367,0.0,32.70000076293945,32.400001525878906,32.650001525878906,0.0,36274900
2012-03-28,25.2636775970459,32.189998626708984,0.0,32.70000076293945,32.040000915527344,32.52000045776367,0.0,41344800
2012-03-29,25.20873260498047,32.119998931884766,0.0,32.189998626708984,31.809999465942383,32.060001373291016,0.0,37038500
2012-03-30,25.3186092376709,32.2599983215332,0.0,32.40999984741211,32.040000915527344,32.400001525878906,0.0,31749400
2012-04-02,25.342159271240234,32.290000915527344,0.0,32.459999084472656,31.950000762939453,32.220001220703125,0.0,35853600
2012-04-03,25.06746482849121,31.940000534057617,0.0,32.189998626708984,31.65999984741211,32.15999984741211,0.0,42752100
2012-04-04,24.494537353515625,31.209999084472656,0.0,31.690000534057617,31.049999237060547,31.65999984741211,0.0,49455900
2012-04-05,24.737834930419922,31.520000457763672,0.0,31.6299991607666,31.049999237060547,31.149999618530273,0.0,50368600
2012-04-09,24.408206939697266,31.100000381469727,0.0,31.399999618530273,30.969999313354492,31.219999313354492,0.0,31056400
2012-04-10,23.913761138916016,30.469999313354492,0.0,31.190000534057617,30.299999237060547,31.059999465942383,0.0,54131300
2012-04-11,23.81958770751953,30.350000381469727,0.0,30.530000686645508,30.229999542236328,30.43000030517578,0.0,43014000
2012-04-12,24.31403350830078,30.979999542236328,0.0,31.040000915527344,30.420000076293945,30.479999542236328,0.0,38304000
2012-04-13,24.180606842041016,30.809999465942383,0.0,31.15999984741211,30.719999313354492,30.889999389648438,0.0,39749200
2012-04-16,24.392505645751953,31.079999923706055,0.0,31.190000534057617,30.770000457763672,30.989999771118164,0.0,38124800
2012-04-17,24.67506217956543,31.440000534057617,0.0,31.610000610351562,31.200000762939453,31.270000457763672,0.0,34361500
2012-04-18,24.439598083496094,31.139999389648438,0.0,31.309999465942383,31.040000915527344,31.280000686645508,0.0,40552900
2012-04-19,24.337575912475586,31.010000228881836,0.0,31.68000030517578,30.940000534057617,31.1299991607666,0.0,54781200
2012-04-20,25.444185256958008,32.41999816894531,0.0,32.88999938964844,32.04999923706055,32.150001525878906,0.0,106045000
2012-04-23,25.20873260498047,32.119998931884766,0.0,32.5,32.029998779296875,32.310001373291016,0.0,61398200
2012-04-24,25.05176544189453,31.920000076293945,0.0,32.52000045776367,31.829999923706055,32.209999084472656,0.0,40871100
2012-04-25,25.271520614624023,32.20000076293945,0.0,32.31999969482422,31.8700008392334,31.920000076293945,0.0,62495500
2012-04-26,25.200889587402344,32.11000061035156,0.0,32.22999954223633,31.920000076293945,32.119998931884766,0.0,40308100
2012-04-27,25.09885597229004,31.979999542236328,0.0,32.220001220703125,31.8799991607666,32.119998931884766,0.0,41419100
2012-04-30,25.13025665283203,32.02000045776367,0.0,32.11000061035156,31.920000076293945,31.979999542236328,0.0,35697200
2012-05-01,25.12240219116211,32.0099983215332,0.0,32.34000015258789,31.950000762939453,32.04999923706055,0.0,43832300
2012-05-02,24.957590103149414,31.799999237060547,0.0,31.93000030517578,31.639999389648438,31.850000381469727,0.0,37385300
2012-05-03,24.92619514465332,31.760000228881836,0.0,31.899999618530273,31.610000610351562,31.8799991607666,0.0,31501300
2012-05-04,24.31403350830078,30.979999542236328,0.0,31.56999969482422,30.920000076293945,31.450000762939453,0.0,57927200
2012-05-07,24.055036544799805,30.649999618530273,0.0,30.860000610351562,30.56999969482422,30.700000762939453,0.0,48641400
2012-05-08,23.937313079833984,30.5,0.0,30.780000686645508,30.170000076293945,30.479999542236328,0.0,46328300
2012-05-09,24.141366958618164,30.760000228881836,0.0,30.829999923706055,30.100000381469727,30.190000534057617,0.0,50309300
2012-05-10,24.125673294067383,30.739999771118164,0.0,31.020000457763672,30.450000762939453,30.860000610351562,0.0,43839200
2012-05-11,24.455297470092773,31.15999984741211,0.0,31.540000915527344,30.690000534057617,30.690000534057617,0.0,43459300
2012-05-14,24.078577041625977,30.68000030517578,0.0,31.040000915527344,30.639999389648438,30.81999969482422,0.0,40528900
2012-05-15,23.86528968811035,30.209999084472656,0.2,30.799999237060547,30.149999618530273,30.639999389648438,0.0,61822800
2012-05-16,23.620391845703125,29.899999618530273,0.0,30.31999969482422,29.739999771118164,30.309999465942383,0.0,60083700
2012-05-17,23.478200912475586,29.719999313354492,0.0,30.209999084472656,29.709999084472656,29.989999771118164,0.0,48484000
2012-05-18,23.12270736694336,29.270000457763672,0.0,29.809999465942383,29.170000076293945,29.790000915527344,0.0,56205300
2012-05-21,23.501893997192383,29.75,0.0,29.790000915527344,29.059999465942383,29.100000381469727,0.0,38787900
2012-05-22,23.509796142578125,29.760000228881836,0.0,29.8799991607666,29.5,29.690000534057617,0.0,39504900
2012-05-23,22.996307373046875,29.110000610351562,0.0,29.399999618530273,28.639999389648438,29.350000381469727,0.0,65171000
2012-05-24,22.964712142944336,29.06999969482422,0.0,29.299999237060547,28.760000228881836,29.15999984741211,0.0,52575000
2012-05-25,22.956802368164062,29.059999465942383,0.0,29.360000610351562,29.010000228881836,29.200000762939453,0.0,29507200
2012-05-29,23.35179901123047,29.559999465942383,0.0,29.719999313354492,29.219999313354492,29.3799991607666,0.0,37758800
2012-05-30,23.17800521850586,29.34000015258789,0.0,29.479999542236328,29.1200008392334,29.350000381469727,0.0,41585500
2012-05-31,23.059505462646484,29.190000534057617,0.0,29.420000076293945,28.940000534057617,29.299999237060547,0.0,39134000
2012-06-01,22.47492027282715,28.450000762939453,0.0,28.959999084472656,28.440000534057617,28.760000228881836,0.0,56634300
2012-06-04,22.553913116455078,28.549999237060547,0.0,28.780000686645508,28.31999969482422,28.6200008392334,0.0,47926300
2012-06-05,22.522319793701172,28.510000228881836,0.0,28.75,28.389999389648438,28.510000228881836,0.0,45715400
2012-06-06,23.1859073638916,29.350000381469727,0.0,29.3700008392334,28.809999465942383,28.8799991607666,0.0,46860500
2012-06-07,23.09110450744629,29.229999542236328,0.0,29.700000762939453,29.170000076293945,29.639999389648438,0.0,37792800
2012-06-08,23.422903060913086,29.649999618530273,0.0,29.68000030517578,29.049999237060547,29.209999084472656,0.0,42551100
2012-06-11,22.830411911010742,28.899999618530273,0.0,29.809999465942383,28.81999969482422,29.729999542236328,0.0,46361900
2012-06-12,23.138507843017578,29.290000915527344,0.0,29.299999237060547,28.84000015258789,29.100000381469727,0.0,35337900
2012-06-13,23.012104034423828,29.1299991607666,0.0,29.440000534057617,29.049999237060547,29.219999313354492,0.0,32984600
2012-06-14,23.17800521850586,29.34000015258789,0.0,29.459999084472656,28.8799991607666,29.329999923706055,0.0,39458900
2012-06-15,23.715187072753906,30.020000457763672,0.0,30.079999923706055,29.489999771118164,29.59000015258789,0.0,62314400
2012-06-18,23.572986602783203,29.84000015258789,0.0,30.030000686645508,29.709999084472656,29.989999771118164,0.0,58679900
2012-06-19,24.252378463745117,30.700000762939453,0.0,31.110000610351562,30.049999237060547,30.190000534057617,0.0,75725800
2012-06-20,24.4340763092041,30.93000030517578,0.0,31.049999237060547,30.639999389648438,30.93000030517578,0.0,36257100
2012-06-21,23.809988021850586,30.139999389648438,0.0,31.139999389648438,30.059999465942383,30.959999084472656,0.0,48456600
2012-06-22,24.252378463745117,30.700000762939453,0.0,30.729999542236328,30.030000686645508,30.299999237060547,0.0,45098100
2012-06-25,23.59669303894043,29.8700008392334,0.0,30.31999969482422,29.6200008392334,30.299999237060547,0.0,42217200
2012-06-26,23.715187072753906,30.020000457763672,0.0,30.270000457763672,29.940000534057617,30.0,0.0,38421300
2012-06-27,23.83368682861328,30.170000076293945,0.0,30.5,30.030000686645508,30.190000534057617,0.0,33781700
2012-06-28,23.6282901763916,29.90999984741211,0.0,30.049999237060547,29.420000076293945,29.979999542236328,0.0,45328400
2012-06-29,24.165477752685547,30.59000015258789,0.0,30.690000534057617,30.139999389648438,30.450000762939453,0.0,55227200
2012-07-02,24.141775131225586,30.559999465942383,0.0,30.6200008392334,30.209999084472656,30.6200008392334,0.0,30589100
2012-07-03,24.299772262573242,30.760000228881836,0.0,30.760000228881836,30.170000076293945,30.229999542236328,0.0,20938100
2012-07-05,24.252378463745117,30.700000762939453,0.0,30.780000686645508,30.3799991607666,30.59000015258789,0.0,28801900
2012-07-06,23.849483489990234,30.190000534057617,0.0,30.700000762939453,29.950000762939453,30.610000610351562,0.0,38294800
2012-07-09,23.69938850402832,30.0,0.0,30.229999542236328,29.780000686645508,30.1200008392334,0.0,30680800
2012-07-10,23.493999481201172,29.739999771118164,0.0,30.219999313354492,29.510000228881836,30.079999923706055,0.0,37534100
2012-07-11,23.14640235900879,29.299999237060547,0.0,29.739999771118164,29.110000610351562,29.709999084472656,0.0,39184900
2012-07-12,22.617115020751953,28.6299991607666,0.0,29.18000030517578,28.540000915527344,29.149999618530273,0.0,63523600
2012-07-13,23.217498779296875,29.389999389648438,0.0,29.479999542236328,28.719999313354492,28.760000228881836,0.0,39085000
2012-07-16,23.256999969482422,29.440000534057617,0.0,29.530000686645508,29.040000915527344,29.479999542236328,0.0,27900600
2012-07-17,23.430795669555664,29.65999984741211,0.0,29.860000610351562,29.200000762939453,29.639999389648438,0.0,33771300
2012-07-18,24.054874420166016,30.450000762939453,0.0,30.450000762939453,29.459999084472656,29.600000381469727,0.0,41090400
2012-07-19,24.22867774963379,30.670000076293945,0.0,30.799999237060547,30.3799991607666,30.510000228881836,0.0,46663200
2012-07-20,23.794185638427734,30.1200008392334,0.0,31.049999237060547,30.049999237060547,31.0,0.0,64021700
2012-07-23,23.13060760498047,29.280000686645508,0.0,29.579999923706055,29.010000228881836,29.56999969482422,0.0,55151900
2012-07-24,23.02790641784668,29.149999618530273,0.0,29.360000610351562,28.899999618530273,29.239999771118164,0.0,47723300
2012-07-25,22.77511215209961,28.829999923706055,0.0,29.329999923706055,28.780000686645508,29.239999771118164,0.0,45579500
2012-07-26,23.035808563232422,29.15999984741211,0.0,29.5,29.09000015258789,29.229999542236328,0.0,45301400
2012-07-27,23.509796142578125,29.760000228881836,0.0,29.850000381469727,29.18000030517578,29.479999542236328,0.0,44242600
2012-07-30,23.415002822875977,29.639999389648438,0.0,29.81999969482422,29.459999084472656,29.75,0.0,28905000
2012-07-31,23.280698776245117,29.469999313354492,0.0,29.709999084472656,29.329999923706055,29.479999542236328,0.0,37620900
2012-08-01,23.233299255371094,29.40999984741211,0.0,29.649999618530273,29.209999084472656,29.59000015258789,0.0,31721800
2012-08-02,23.059505462646484,29.190000534057617,0.0,29.530000686645508,28.969999313354492,29.209999084472656,0.0,39520500
2012-08-03,23.501893997192383,29.75,0.0,29.940000534057617,29.479999542236328,29.530000686645508,0.0,35859400
2012-08-06,23.659893035888672,29.950000762939453,0.0,30.110000610351562,29.809999465942383,30.0,0.0,27471800
2012-08-07,23.9047908782959,30.260000228881836,0.0,30.350000381469727,29.8700008392334,30.06999969482422,0.0,28002900
2012-08-08,23.960084915161133,30.329999923706055,0.0,30.469999313354492,30.110000610351562,30.209999084472656,0.0,26257600
2012-08-09,24.094385147094727,30.5,0.0,30.649999618530273,30.299999237060547,30.389999389648438,0.0,24920800
2012-08-10,24.031179428100586,30.420000076293945,0.0,30.6200008392334,30.25,30.5,0.0,27810300
2012-08-13,24.00748062133789,30.389999389648438,0.0,30.459999084472656,30.15999984741211,30.350000381469727,0.0,23049100
2012-08-14,23.95977210998535,30.1299991607666,0.2,30.389999389648438,30.010000228881836,30.299999237060547,0.0,34551400
2012-08-15,24.01543617248535,30.200000762939453,0.0,30.280000686645508,30.020000457763672,30.110000610351562,0.0,24351000
2012-08-16,24.476655960083008,30.780000686645508,0.0,30.940000534057617,30.260000228881836,30.360000610351562,0.0,35787200
2012-08-17,24.57209014892578,30.899999618530273,0.0,30.920000076293945,30.59000015258789,30.920000076293945,0.0,32589900
2012-08-20,24.444852828979492,30.739999771118164,0.0,30.850000381469727,30.579999923706055,30.81999969482422,0.0,23737700
2012-08-21,24.492565155029297,30.799999237060547,0.0,30.959999084472656,30.610000610351562,30.760000228881836,0.0,28822700
2012-08-22,24.28581428527832,30.540000915527344,0.0,30.760000228881836,30.469999313354492,30.59000015258789,0.0,33437400
2012-08-23,24.063152313232422,30.260000228881836,0.0,30.399999618530273,30.079999923706055,30.389999389648438,0.0,28355600
2012-08-24,24.301715850830078,30.559999465942383,0.0,30.6299991607666,30.18000030517578,30.25,0.0,22943300
2012-08-27,24.405088424682617,30.690000534057617,0.0,30.959999084472656,30.59000015258789,30.93000030517578,0.0,34691100
2012-08-28,24.357370376586914,30.6299991607666,0.0,30.799999237060547,30.520000457763672,30.700000762939453,0.0,23947900
2012-08-29,24.373281478881836,30.649999618530273,0.0,30.75,30.440000534057617,30.649999618530273,0.0,23346800
2012-08-30,24.11086082458496,30.31999969482422,0.0,30.610000610351562,30.219999313354492,30.530000686645508,0.0,23982100
2012-08-31,24.508468627929688,30.81999969482422,0.0,30.959999084472656,30.3799991607666,30.600000381469727,0.0,36590100
2012-09-04,24.166534423828125,30.389999389648438,0.0,30.65999984741211,30.149999618530273,30.450000762939453,0.0,48556700
2012-09-05,24.166534423828125,30.389999389648438,0.0,30.530000686645508,30.209999084472656,30.219999313354492,0.0,33650000
2012-09-06,24.929927825927734,31.350000381469727,0.0,31.360000610351562,30.459999084472656,30.5,0.0,48371700
2012-09-07,24.611846923828125,30.950000762939453,0.0,31.06999969482422,30.729999542236328,31.040000915527344,0.0,42649100
2012-09-10,24.428943634033203,30.719999313354492,0.0,30.899999618530273,30.510000228881836,30.829999923706055,0.0,40524000
2012-09-11,24.484607696533203,30.790000915527344,0.0,30.90999984741211,30.610000610351562,30.690000534057617,0.0,25191800
2012-09-12,24.476655960083008,30.780000686645508,0.0,31.18000030517578,30.729999542236328,30.940000534057617,0.0,32775800
2012-09-13,24.603891372680664,30.940000534057617,0.0,31.18000030517578,30.399999618530273,30.889999389648438,0.0,45047300
2012-09-14,24.818593978881836,31.209999084472656,0.0,31.25,30.809999465942383,31.010000228881836,0.0,51422800
2012-09-17,24.818593978881836,31.209999084472656,0.0,31.260000228881836,31.040000915527344,31.190000534057617,0.0,36488500
2012-09-18,24.79473876953125,31.18000030517578,0.0,31.209999084472656,31.030000686645508,31.100000381469727,0.0,34542700
2012-09-19,24.69136619567871,31.049999237060547,0.0,31.190000534057617,31.040000915527344,31.09000015258789,0.0,48871900
2012-09-20,25.009450912475586,31.450000762939453,0.0,31.479999542236328,30.90999984741211,30.950000762939453,0.0,45543000
2012-09-21,24.80269432067871,31.190000534057617,0.0,31.610000610351562,31.09000015258789,31.43000030517578,0.0,102348900
2012-09-24,24.476655960083008,30.780000686645508,0.0,31.06999969482422,30.639999389648438,31.0,0.0,46825900
2012-09-25,24.166534423828125,30.389999389648438,0.0,31.0,30.360000610351562,30.950000762939453,0.0,54266400
2012-09-26,23.991579055786133,30.170000076293945,0.0,30.600000381469727,30.040000915527344,30.280000686645508,0.0,54672000
2012-09-27,23.983625411987305,30.15999984741211,0.0,30.399999618530273,29.889999389648438,30.170000076293945,0.0,47129900
2012-09-28,23.66554069519043,29.760000228881836,0.0,30.260000228881836,29.739999771118164,30.18000030517578,0.0,54229300
2012-10-01,23.450830459594727,29.489999771118164,0.0,29.979999542236328,29.420000076293945,29.809999465942383,0.0,54042700
2012-10-02,23.586023330688477,29.65999984741211,0.0,29.889999389648438,29.5,29.68000030517578,0.0,43338900
2012-10-03,23.74506378173828,29.860000610351562,0.0,29.989999771118164,29.670000076293945,29.75,0.0,46655900
2012-10-04,23.8802490234375,30.030000686645508,0.0,30.030000686645508,29.56999969482422,29.969999313354492,0.0,43634900
2012-10-05,23.73710823059082,29.850000381469727,0.0,30.25,29.739999771118164,30.229999542236328,0.0,41133900
2012-10-08,23.681440353393555,29.780000686645508,0.0,29.920000076293945,29.549999237060547,29.639999389648438,0.0,29752000
2012-10-09,23.28384017944336,29.280000686645508,0.0,29.739999771118164,29.18000030517578,29.68000030517578,0.0,45121100
2012-10-10,23.04526710510254,28.979999542236328,0.0,29.309999465942383,28.950000762939453,29.149999618530273,0.0,47227100
2012-10-11,23.02141571044922,28.950000762939453,0.0,29.25,28.8700008392334,29.219999313354492,0.0,41488500
2012-10-12,23.220224380493164,29.200000762939453,0.0,29.31999969482422,28.799999237060547,28.969999313354492,0.0,46464700
2012-10-15,23.466737747192383,29.510000228881836,0.0,29.719999313354492,29.25,29.3700008392334,0.0,42440200
2012-10-16,23.450830459594727,29.489999771118164,0.0,29.739999771118164,29.31999969482422,29.450000762939453,0.0,47739400
2012-10-17,23.530353546142578,29.59000015258789,0.0,29.639999389648438,29.09000015258789,29.299999237060547,0.0,44206100
2012-10-18,23.458784103393555,29.5,0.0,29.729999542236328,29.260000228881836,29.649999618530273,0.0,59238500
2012-10-19,22.774900436401367,28.639999389648438,0.0,29.079999923706055,28.5,29.049999237060547,0.0,90470800
2012-10-22,22.265968322753906,28.0,0.0,28.829999923706055,27.829999923706055,28.729999542236328,0.0,83374000
2012-10-23,22.30571746826172,28.049999237060547,0.0,28.200000762939453,27.760000228881836,27.770000457763672,0.0,64414800
2012-10-24,22.18644142150879,27.899999618530273,0.0,28.200000762939453,27.8700008392334,28.15999984741211,0.0,53320400
2012-10-25,22.17053985595703,27.8799991607666,0.0,28.200000762939453,27.860000610351562,28.190000534057617,0.0,54084300
2012-10-26,22.43295669555664,28.209999084472656,0.0,28.34000015258789,27.84000015258789,27.860000610351562,0.0,57790000
2012-10-31,22.695383071899414,28.540000915527344,0.0,28.8799991607666,28.5,28.549999237060547,0.0,69464100
2012-11-01,23.474689483642578,29.520000457763672,0.0,29.559999465942383,28.81999969482422,28.84000015258789,0.0,72047900
2012-11-02,23.458784103393555,29.5,0.0,29.770000457763672,29.329999923706055,29.59000015258789,0.0,57131600
2012-11-05,23.562156677246094,29.6299991607666,0.0,29.739999771118164,29.329999923706055,29.6200008392334,0.0,38070800
2012-11-06,23.74506378173828,29.860000610351562,0.0,30.200000762939453,29.610000610351562,29.81999969482422,0.0,43401500
2012-11-07,23.124794006347656,29.079999923706055,0.0,29.829999923706055,29.049999237060547,29.530000686645508,0.0,57871800
2012-11-08,22.910091400146484,28.809999465942383,0.0,29.3700008392334,28.799999237060547,29.1200008392334,0.0,49841800
2012-11-09,22.925992965698242,28.829999923706055,0.0,29.190000534057617,28.809999465942383,28.8799991607666,0.0,43291200
2012-11-12,22.44091033935547,28.219999313354492,0.0,29.010000228881836,28.209999084472656,28.940000534057617,0.0,61112300
2012-11-13,21.719341278076172,27.09000015258789,0.23,27.299999237060547,26.75,27.020000457763672,0.0,131689200
2012-11-14,21.518901824951172,26.84000015258789,0.0,27.290000915527344,26.799999237060547,27.239999771118164,0.0,76086100
2012-11-15,21.374595642089844,26.65999984741211,0.0,26.969999313354492,26.6299991607666,26.8799991607666,0.0,50955600
2012-11-16,21.262338638305664,26.520000457763672,0.0,26.700000762939453,26.34000015258789,26.670000076293945,0.0,64083300
2012-11-19,21.430707931518555,26.729999542236328,0.0,26.799999237060547,26.469999313354492,26.799999237060547,0.0,57179300
2012-11-20,21.4146728515625,26.709999084472656,0.0,26.799999237060547,26.459999084472656,26.760000228881836,0.0,47070400
2012-11-21,21.607097625732422,26.950000762939453,0.0,27.170000076293945,26.670000076293945,26.709999084472656,0.0,66360300
2012-11-23,22.20840835571289,27.700000762939453,0.0,27.770000457763672,27.200000762939453,27.229999542236328,0.0,57845700
2012-11-26,21.959861755371094,27.389999389648438,0.0,27.579999923706055,27.170000076293945,27.540000915527344,0.0,85198700
2012-11-27,21.71132469177246,27.079999923706055,0.0,27.3799991607666,27.040000915527344,27.360000610351562,0.0,45018600
2012-11-28,21.93581199645996,27.360000610351562,0.0,27.389999389648438,26.770000457763672,27.010000228881836,0.0,53018400
2012-11-29,21.607097625732422,26.950000762939453,0.0,27.360000610351562,26.860000610351562,27.110000610351562,0.0,69551400
2012-11-30,21.342512130737305,26.6200008392334,0.0,27.1299991607666,26.489999771118164,27.049999237060547,0.0,83690200
2012-12-03,21.190185546875,26.43000030517578,0.0,26.81999969482422,26.399999618530273,26.780000686645508,0.0,53173800
2012-12-04,21.14208221435547,26.3700008392334,0.0,26.6299991607666,26.34000015258789,26.5,0.0,49777500
2012-12-05,21.382606506347656,26.670000076293945,0.0,26.93000030517578,26.260000228881836,26.3799991607666,0.0,68283800
2012-12-06,21.430707931518555,26.729999542236328,0.0,26.979999542236328,26.610000610351562,26.809999465942383,0.0,39182300
2012-12-07,21.214235305786133,26.459999084472656,0.0,26.81999969482422,26.3700008392334,26.81999969482422,0.0,46162100
2012-12-10,21.599071502685547,26.940000534057617,0.0,26.969999313354492,26.520000457763672,26.559999465942383,0.0,47031100
2012-12-11,21.90374755859375,27.31999969482422,0.0,27.489999771118164,27.049999237060547,27.049999237060547,0.0,52282800
2012-12-12,21.839601516723633,27.239999771118164,0.0,27.6200008392334,27.079999923706055,27.530000686645508,0.0,43966300
2012-12-13,21.73537826538086,27.110000610351562,0.0,27.520000457763672,26.950000762939453,27.31999969482422,0.0,45080100
2012-12-14,21.494842529296875,26.809999465942383,0.0,27.1299991607666,26.700000762939453,27.110000610351562,0.0,42077500
2012-12-17,21.727357864379883,27.100000381469727,0.0,27.219999313354492,26.68000030517578,26.790000915527344,0.0,42046100
2012-12-18,22.096160888671875,27.559999465942383,0.0,27.6299991607666,27.139999389648438,27.25,0.0,50486900
2012-12-19,21.895727157592773,27.309999465942383,0.0,27.729999542236328,27.25,27.690000534057617,0.0,53519900
2012-12-20,22.192365646362305,27.68000030517578,0.0,27.68000030517578,27.149999618530273,27.360000610351562,0.0,52607300
2012-12-21,22.007970809936523,27.450000762939453,0.0,27.489999771118164,27.0,27.450000762939453,0.0,98776500
2012-12-24,21.695293426513672,27.059999465942383,0.0,27.25,27.0,27.200000762939453,0.0,20842400
2012-12-26,21.534934997558594,26.860000610351562,0.0,27.200000762939453,26.700000762939453,27.030000686645508,0.0,31631100
2012-12-27,21.615114212036133,26.959999084472656,0.0,27.09000015258789,26.56999969482422,26.889999389648438,0.0,39394000
2012-12-28,21.286392211914062,26.549999237060547,0.0,26.899999618530273,26.549999237060547,26.709999084472656,0.0,28239900
2012-12-31,21.4146728515625,26.709999084472656,0.0,26.770000457763672,26.3700008392334,26.59000015258789,0.0,42749500
2013-01-02,22.144264221191406,27.6200008392334,0.0,27.729999542236328,27.149999618530273,27.25,0.0,52899300
2013-01-03,21.847620010375977,27.25,0.0,27.649999618530273,27.15999984741211,27.6299991607666,0.0,48294400
2013-01-04,21.4387264251709,26.739999771118164,0.0,27.34000015258789,26.729999542236328,27.270000457763672,0.0,52521100
2013-01-07,21.39864158630371,26.690000534057617,0.0,26.8799991607666,26.639999389648438,26.770000457763672,0.0,37110400
2013-01-08,21.286392211914062,26.549999237060547,0.0,26.790000915527344,26.459999084472656,26.75,0.0,44703100
2013-01-09,21.406660079956055,26.700000762939453,0.0,26.75,26.559999465942383,26.719999313354492,0.0,49047900
2013-01-10,21.214235305786133,26.459999084472656,0.0,26.979999542236328,26.290000915527344,26.649999618530273,0.0,71431300
2013-01-11,21.510887145996094,26.829999923706055,0.0,26.93000030517578,26.280000686645508,26.489999771118164,0.0,55512100
2013-01-14,21.558990478515625,26.889999389648438,0.0,27.079999923706055,26.760000228881836,26.899999618530273,0.0,48324400
2013-01-15,21.815549850463867,27.209999084472656,0.0,27.290000915527344,26.829999923706055,26.829999923706055,0.0,48244500
2013-01-16,21.679250717163086,27.040000915527344,0.0,27.229999542236328,27.010000228881836,27.149999618530273,0.0,41077400
2013-01-17,21.847620010375977,27.25,0.0,27.469999313354492,27.059999465942383,27.190000534057617,0.0,51685900
2013-01-18,21.847620010375977,27.25,0.0,27.290000915527344,27.040000915527344,27.100000381469727,0.0,52167700
2013-01-22,21.767446517944336,27.149999618530273,0.0,27.450000762939453,27.0,27.299999237060547,0.0,58650600
2013-01-23,22.136249542236328,27.610000610351562,0.0,27.639999389648438,27.200000762939453,27.200000762939453,0.0,50387700
2013-01-24,22.15228271484375,27.6299991607666,0.0,28.06999969482422,27.469999313354492,27.700000762939453,0.0,101739300
2013-01-25,22.35271644592285,27.8799991607666,0.0,28.229999542236328,27.389999389648438,27.579999923706055,0.0,81847700
2013-01-28,22.37677001953125,27.90999984741211,0.0,28.229999542236328,27.760000228881836,28.010000228881836,0.0,56056500
2013-01-29,22.45694923400879,28.010000228881836,0.0,28.1299991607666,27.600000381469727,27.81999969482422,0.0,49242600
2013-01-30,22.328670501708984,27.850000381469727,0.0,28.190000534057617,27.760000228881836,28.010000228881836,0.0,43580500
2013-01-31,22.007970809936523,27.450000762939453,0.0,27.969999313354492,27.399999618530273,27.790000915527344,0.0,50530000
2013-02-01,22.392812728881836,27.93000030517578,0.0,28.049999237060547,27.549999237060547,27.670000076293945,0.0,55565900
2013-02-04,21.999956130981445,27.440000534057617,0.0,28.020000457763672,27.420000076293945,27.8700008392334,0.0,50540000
2013-02-05,22.048057556152344,27.5,0.0,27.65999984741211,27.360000610351562,27.6200008392334,0.0,35410400
2013-02-06,21.919769287109375,27.34000015258789,0.0,27.540000915527344,27.25,27.3799991607666,0.0,41889600
2013-02-07,21.871673583984375,27.280000686645508,0.0,27.389999389648438,27.100000381469727,27.350000381469727,0.0,38028300
2013-02-08,22.088136672973633,27.549999237060547,0.0,27.709999084472656,27.309999465942383,27.350000381469727,0.0,33318500
2013-02-11,22.33668327331543,27.860000610351562,0.0,27.920000076293945,27.5,27.649999618530273,0.0,32247700
2013-02-12,22.35271644592285,27.8799991607666,0.0,28.0,27.75,27.8799991607666,0.0,35990900
2013-02-13,22.47298240661621,28.030000686645508,0.0,28.110000610351562,27.8799991607666,27.93000030517578,0.0,41715600
2013-02-14,22.480995178222656,28.040000915527344,0.0,28.059999465942383,27.8700008392334,27.920000076293945,0.0,32663200
2013-02-15,22.45694923400879,28.010000228881836,0.0,28.15999984741211,27.8799991607666,28.040000915527344,0.0,49650900
2013-02-19,22.675212860107422,28.049999237060547,0.23,28.09000015258789,27.799999237060547,27.8799991607666,0.0,38781400
2013-02-20,22.52970314025879,27.8700008392334,0.0,28.200000762939453,27.829999923706055,28.1299991607666,0.0,44110200
2013-02-21,22.222518920898438,27.489999771118164,0.0,27.739999771118164,27.229999542236328,27.739999771118164,0.0,49078500
2013-02-22,22.440780639648438,27.760000228881836,0.0,27.760000228881836,27.479999542236328,27.68000030517578,0.0,31425900
2013-02-25,22.125513076782227,27.3700008392334,0.0,28.049999237060547,27.3700008392334,27.969999313354492,0.0,48011800
2013-02-26,22.125513076782227,27.3700008392334,0.0,27.600000381469727,27.34000015258789,27.3799991607666,0.0,49923300
2013-02-27,22.481199264526367,27.809999465942383,0.0,28.0,27.329999923706055,27.420000076293945,0.0,36394700
2013-02-28,22.473115921020508,27.799999237060547,0.0,27.969999313354492,27.739999771118164,27.8799991607666,0.0,35840200
2013-03-01,22.594379425048828,27.950000762939453,0.0,27.979999542236328,27.520000457763672,27.719999313354492,0.0,34849700
2013-03-04,22.75604820251465,28.149999618530273,0.0,28.149999618530273,27.700000762939453,27.850000381469727,0.0,38157500
2013-03-05,22.9177303314209,28.350000381469727,0.0,28.540000915527344,28.15999984741211,28.290000915527344,0.0,41432200
2013-03-06,22.707544326782227,28.09000015258789,0.0,28.229999542236328,27.780000686645508,28.209999084472656,0.0,51448500
2013-03-07,22.747962951660156,28.139999389648438,0.0,28.280000686645508,28.010000228881836,28.110000610351562,0.0,29196700
2013-03-08,22.634794235229492,28.0,0.0,28.329999923706055,27.959999084472656,28.25,0.0,37667800
2013-03-11,22.52970314025879,27.8700008392334,0.0,27.969999313354492,27.670000076293945,27.940000534057617,0.0,36627500
2013-03-12,22.56203269958496,27.90999984741211,0.0,27.950000762939453,27.639999389648438,27.84000015258789,0.0,39255200
2013-03-13,22.57012176513672,27.920000076293945,0.0,28.020000457763672,27.75,27.8700008392334,0.0,29093400
2013-03-14,22.747962951660156,28.139999389648438,0.0,28.15999984741211,27.93000030517578,28.0,0.0,55914800
2013-03-15,22.667131423950195,28.040000915527344,0.0,28.15999984741211,27.979999542236328,28.030000686645508,0.0,92710300
2013-03-18,22.715633392333984,28.100000381469727,0.0,28.280000686645508,27.809999465942383,27.8799991607666,0.0,44809400
2013-03-19,22.78030014038086,28.18000030517578,0.0,28.219999313354492,28.030000686645508,28.1200008392334,0.0,51901600
2013-03-20,22.893478393554688,28.31999969482422,0.0,28.489999771118164,28.18000030517578,28.34000015258789,0.0,35447800
2013-03-21,22.723716735839844,28.110000610351562,0.0,28.360000610351562,28.049999237060547,28.110000610351562,0.0,34233200
2013-03-22,22.836885452270508,28.25,0.0,28.34000015258789,28.100000381469727,28.190000534057617,0.0,28720900
2013-03-25,22.764127731323242,28.15999984741211,0.0,28.350000381469727,27.959999084472656,28.299999237060547,0.0,44154000
2013-03-26,22.764127731323242,28.15999984741211,0.0,28.34000015258789,28.110000610351562,28.239999771118164,0.0,27824300
2013-03-27,22.933889389038086,28.3700008392334,0.0,28.450000762939453,28.079999923706055,28.139999389648438,0.0,36047400
2013-03-28,23.127912521362305,28.610000610351562,0.0,28.65999984741211,28.260000228881836,28.31999969482422,0.0,55453800
2013-04-01,23.127912521362305,28.610000610351562,0.0,28.65999984741211,28.360000610351562,28.639999389648438,0.0,29201100
2013-04-02,23.281497955322266,28.799999237060547,0.0,28.850000381469727,28.520000457763672,28.59000015258789,0.0,28456500
2013-04-03,23.087486267089844,28.559999465942383,0.0,28.950000762939453,28.540000915527344,28.75,0.0,35062800
2013-04-04,23.11982536315918,28.600000381469727,0.0,28.610000610351562,28.270000457763672,28.389999389648438,0.0,45263200
2013-04-05,23.20066261291504,28.700000762939453,0.0,28.780000686645508,28.110000610351562,28.219999313354492,0.0,50927300
2013-04-08,23.11173439025879,28.59000015258789,0.0,28.729999542236328,28.469999313354492,28.729999542236328,0.0,34759500
2013-04-09,23.936294555664062,29.610000610351562,0.0,29.81999969482422,28.68000030517578,28.729999542236328,0.0,77733800
2013-04-10,24.4779052734375,30.280000686645508,0.0,30.31999969482422,29.520000457763672,29.56999969482422,0.0,71116700
2013-04-11,23.39467430114746,28.940000534057617,0.0,29.200000762939453,28.729999542236328,29.100000381469727,0.0,130923200
2013-04-12,23.27341651916504,28.790000915527344,0.0,29.020000457763672,28.65999984741211,28.850000381469727,0.0,62886300
2013-04-15,23.192577362060547,28.690000534057617,0.0,28.979999542236328,28.510000228881836,28.649999618530273,0.0,56332900
2013-04-16,23.418926239013672,28.969999313354492,0.0,29.139999389648438,28.700000762939453,28.899999618530273,0.0,52797300
2013-04-17,23.305753707885742,28.829999923706055,0.0,29.040000915527344,28.600000381469727,28.850000381469727,0.0,52840700
2013-04-18,23.27341651916504,28.790000915527344,0.0,28.979999542236328,28.5,28.950000762939453,0.0,56906600
2013-04-19,24.06563377380371,29.770000457763672,0.0,30.239999771118164,29.610000610351562,29.6200008392334,0.0,99790700
2013-04-22,24.922521591186523,30.829999923706055,0.0,31.18000030517578,30.270000457763672,30.299999237060547,0.0,137904000
2013-04-23,24.736589431762695,30.600000381469727,0.0,30.899999618530273,30.3799991607666,30.700000762939453,0.0,59126900
2013-04-24,25.67431640625,31.760000228881836,0.0,31.920000076293945,30.600000381469727,30.6200008392334,0.0,90946600
2013-04-25,25.8198299407959,31.940000534057617,0.0,32.84000015258789,31.540000915527344,31.709999084472656,0.0,110700200
2013-04-26,25.698577880859375,31.790000915527344,0.0,31.979999542236328,31.450000762939453,31.899999618530273,0.0,47799300
2013-04-29,26.3614501953125,32.61000061035156,0.0,32.68000030517578,31.770000457763672,31.799999237060547,0.0,59116400
2013-04-30,26.757556915283203,33.099998474121094,0.0,33.11000061035156,32.279998779296875,32.560001373291016,0.0,75165200
2013-05-01,26.45037269592285,32.720001220703125,0.0,33.08000183105469,32.599998474121094,32.93000030517578,0.0,54330900
2013-05-02,26.806055068969727,33.15999984741211,0.0,33.16999816894531,32.38999938964844,32.630001068115234,0.0,46059500
2013-05-03,27.07282829284668,33.4900016784668,0.0,33.52000045776367,33.08000183105469,33.22999954223633,0.0,46784600
2013-05-06,27.283010482788086,33.75,0.0,33.90999984741211,33.25,33.41999816894531,0.0,40978300
2013-05-07,26.927326202392578,33.310001373291016,0.0,33.790000915527344,33.2400016784668,33.650001525878906,0.0,43078300
2013-05-08,26.66863250732422,32.9900016784668,0.0,33.2400016784668,32.650001525878906,33.06999969482422,0.0,51595700
2013-05-09,26.401872634887695,32.65999984741211,0.0,33.0,32.59000015258789,32.849998474121094,0.0,46417800
2013-05-10,26.426116943359375,32.689998626708984,0.0,32.720001220703125,32.31999969482422,32.66999816894531,0.0,36394900
2013-05-13,26.70096778869629,33.029998779296875,0.0,33.06999969482422,32.54999923706055,32.61000061035156,0.0,36027600
2013-05-14,27.295228958129883,33.529998779296875,0.23,33.529998779296875,32.79999923706055,32.86000061035156,0.0,56870100
2013-05-15,27.555727005004883,33.849998474121094,0.0,33.900001525878906,33.43000030517578,33.45000076293945,0.0,46303900
2013-05-16,27.74295997619629,34.08000183105469,0.0,34.150001525878906,33.54999923706055,33.63999938964844,0.0,59382900
2013-05-17,28.38606071472168,34.869998931884766,0.0,34.869998931884766,34.099998474121094,34.130001068115234,0.0,60666700
2013-05-20,28.557010650634766,35.08000183105469,0.0,35.099998474121094,34.68000030517578,34.72999954223633,0.0,54020800
2013-05-21,28.369783401489258,34.849998474121094,0.0,35.27000045776367,34.720001220703125,35.099998474121094,0.0,48702400
2013-05-22,28.174407958984375,34.61000061035156,0.0,34.84000015258789,34.36000061035156,34.790000915527344,0.0,66047500
2013-05-23,27.79994773864746,34.150001525878906,0.0,34.54999923706055,33.900001525878906,34.22999954223633,0.0,51102700
2013-05-24,27.897626876831055,34.27000045776367,0.0,34.279998779296875,33.900001525878906,33.91999816894531,0.0,33174400
2013-05-28,28.50816535949707,35.02000045776367,0.0,35.18000030517578,34.40999984741211,34.41999816894531,0.0,48212100
2013-05-29,28.39420509338379,34.880001068115234,0.0,35.02000045776367,34.56999969482422,34.7400016784668,0.0,38412200
2013-05-30,28.516305923461914,35.029998779296875,0.0,35.25,34.810001373291016,34.849998474121094,0.0,51131000
2013-05-31,28.410493850708008,34.900001525878906,0.0,35.279998779296875,34.790000915527344,34.81999969482422,0.0,56165700
2013-06-03,28.97218132019043,35.59000015258789,0.0,35.630001068115234,34.83000183105469,34.91999816894531,0.0,51252600
2013-06-04,28.483741760253906,34.9900016784668,0.0,35.7400016784668,34.77000045776367,35.619998931884766,0.0,65529500
2013-06-05,28.31279182434082,34.779998779296875,0.0,34.88999938964844,34.43000030517578,34.599998474121094,0.0,46025100
2013-06-06,28.459325790405273,34.959999084472656,0.0,35.11000061035156,34.4900016784668,34.84000015258789,0.0,37618500
2013-06-07,29.037303924560547,35.66999816894531,0.0,35.779998779296875,35.060001373291016,35.25,0.0,40757300
2013-06-10,28.874500274658203,35.470001220703125,0.0,35.650001525878906,35.13999938964844,35.5099983215332,0.0,35994500
2013-06-11,28.361644744873047,34.84000015258789,0.0,35.18000030517578,34.68000030517578,35.04999923706055,0.0,39435900
2013-06-12,28.49188995361328,35.0,0.0,35.27000045776367,34.849998474121094,35.13999938964844,0.0,37372700
2013-06-13,28.263959884643555,34.720001220703125,0.0,35.02000045776367,34.59000015258789,34.9900016784668,0.0,45654900
2013-06-14,28.00346565246582,34.400001525878906,0.0,34.689998626708984,34.25,34.54999923706055,0.0,53192600
2013-06-17,28.49188995361328,35.0,0.0,35.15999984741211,34.630001068115234,34.689998626708984,0.0,49670100
2013-06-18,28.47560691833496,34.97999954223633,0.0,35.16999816894531,34.900001525878906,34.970001220703125,0.0,28616500
2013-06-19,28.15813446044922,34.59000015258789,0.0,35.09000015258789,34.59000015258789,34.959999084472656,0.0,30816200
2013-06-20,27.26266860961914,33.4900016784668,0.0,34.33000183105469,33.369998931884766,34.2599983215332,0.0,54493700
2013-06-21,27.083581924438477,33.27000045776367,0.0,33.72999954223633,33.04999923706055,33.65999984741211,0.0,85338500
2013-06-24,27.449901580810547,33.720001220703125,0.0,34.20000076293945,32.56999969482422,32.939998626708984,0.0,56109000
2013-06-25,27.40919303894043,33.66999816894531,0.0,34.380001068115234,33.459999084472656,34.08000183105469,0.0,44073400
2013-06-26,27.962753295898438,34.349998474121094,0.0,34.47999954223633,33.88999938964844,34.119998931884766,0.0,48665900
2013-06-27,28.182540893554688,34.619998931884766,0.0,34.779998779296875,34.5,34.52000045776367,0.0,28993100
2013-06-28,28.117427825927734,34.540000915527344,0.0,34.790000915527344,34.34000015258789,34.380001068115234,0.0,65545500
2013-07-01,27.97089958190918,34.36000061035156,0.0,34.9900016784668,34.33000183105469,34.75,0.0,31055400
2013-07-02,27.628984451293945,33.939998626708984,0.0,34.439998626708984,33.630001068115234,34.40999984741211,0.0,37630000
2013-07-03,27.685976028442383,34.0099983215332,0.0,34.369998931884766,33.599998474121094,33.65999984741211,0.0,15994400
2013-07-05,27.848791122436523,34.209999084472656,0.0,34.2400016784668,33.58000183105469,34.09000015258789,0.0,26085900
2013-07-08,27.946468353271484,34.33000183105469,0.0,34.59000015258789,33.97999954223633,34.349998474121094,0.0,32396900
2013-07-09,27.962753295898438,34.349998474121094,0.0,34.599998474121094,34.13999938964844,34.58000183105469,0.0,25318500
2013-07-10,28.24767303466797,34.70000076293945,0.0,34.810001373291016,34.31999969482422,34.34000015258789,0.0,29658800
2013-07-11,29.0535888671875,35.689998626708984,0.0,35.77000045776367,34.900001525878906,35.0,0.0,53638300
2013-07-12,29.037303924560547,35.66999816894531,0.0,35.72999954223633,35.279998779296875,35.58000183105469,0.0,35501200
2013-07-15,29.4443302154541,36.16999816894531,0.0,36.220001220703125,35.58000183105469,35.65999984741211,0.0,34142600
2013-07-16,29.525739669799805,36.27000045776367,0.0,36.43000030517578,35.959999084472656,36.0099983215332,0.0,36378500
2013-07-17,29.094295501708984,35.7400016784668,0.0,36.38999938964844,35.4900016784668,36.34000015258789,0.0,37285100
2013-07-18,28.850067138671875,35.439998626708984,0.0,35.88999938964844,35.220001220703125,35.720001220703125,0.0,49547100
2013-07-19,25.561294555664062,31.399999618530273,0.0,32.66999816894531,31.020000457763672,32.400001525878906,0.0,248428500
2013-07-22,26.0578670501709,32.0099983215332,0.0,32.0099983215332,31.600000381469727,31.700000762939453,0.0,79040700
2013-07-23,25.903194427490234,31.81999969482422,0.0,32.040000915527344,31.709999084472656,31.90999984741211,0.0,65810400
2013-07-24,26.017169952392578,31.959999084472656,0.0,32.189998626708984,31.889999389648438,32.040000915527344,0.0,52803100
2013-07-25,25.553152084350586,31.389999389648438,0.0,31.649999618530273,31.25,31.6200008392334,0.0,63213000
2013-07-26,25.740386962890625,31.6200008392334,0.0,31.6200008392334,31.209999084472656,31.260000228881836,0.0,38633600
2013-07-29,25.675268173217773,31.540000915527344,0.0,31.600000381469727,31.399999618530273,31.469999313354492,0.0,28870700
2013-07-30,25.927614212036133,31.850000381469727,0.0,32.119998931884766,31.549999237060547,31.780000686645508,0.0,45799500
2013-07-31,25.919477462768555,31.84000015258789,0.0,32.04999923706055,31.709999084472656,31.969999313354492,0.0,43898400
2013-08-01,25.781095504760742,31.670000076293945,0.0,32.09000015258789,31.600000381469727,32.060001373291016,0.0,42557900
2013-08-02,25.96018409729004,31.889999389648438,0.0,31.899999618530273,31.56999969482422,31.690000534057617,0.0,29199900
2013-08-05,25.805517196655273,31.700000762939453,0.0,32.0,31.639999389648438,31.899999618530273,0.0,30984000
2013-08-06,25.707820892333984,31.579999923706055,0.0,31.670000076293945,31.3799991607666,31.549999237060547,0.0,36331500
2013-08-07,26.09857177734375,32.060001373291016,0.0,32.099998474121094,31.25,31.540000915527344,0.0,38078600
2013-08-08,26.77423095703125,32.88999938964844,0.0,33.06999969482422,32.04999923706055,32.2400016784668,0.0,59034400
2013-08-09,26.61957550048828,32.70000076293945,0.0,32.900001525878906,32.470001220703125,32.77000045776367,0.0,26800700
2013-08-12,26.75795555114746,32.869998931884766,0.0,32.970001220703125,32.459999084472656,32.459999084472656,0.0,25493700
2013-08-13,26.42184066772461,32.22999954223633,0.23,32.54999923706055,32.209999084472656,32.5099983215332,0.0,39464100
2013-08-14,26.52021026611328,32.349998474121094,0.0,33.36000061035156,31.700000762939453,32.13999938964844,0.0,48519600
2013-08-15,26.061132431030273,31.790000915527344,0.0,32.18000030517578,30.84000015258789,32.0,0.0,33338000
2013-08-16,26.069337844848633,31.799999237060547,0.0,31.989999771118164,31.65999984741211,31.790000915527344,0.0,32866300
2013-08-19,25.733217239379883,31.389999389648438,0.0,31.969999313354492,31.3799991607666,31.760000228881836,0.0,27902500
2013-08-20,25.921768188476562,31.6200008392334,0.0,31.899999618530273,31.3700008392334,31.440000534057617,0.0,22979600
2013-08-21,25.913572311401367,31.610000610351562,0.0,32.0099983215332,31.540000915527344,31.610000610351562,0.0,37409100
2013-08-22,26.553007125854492,32.38999938964844,0.0,32.4900016784668,32.099998474121094,32.189998626708984,0.0,31169900
2013-08-23,28.487716674804688,34.75,0.0,35.20000076293945,34.0,35.16999816894531,0.0,225493800
2013-08-26,27.9958438873291,34.150001525878906,0.0,34.66999816894531,34.029998779296875,34.400001525878906,0.0,72786800
2013-08-27,27.26622772216797,33.2599983215332,0.0,34.099998474121094,33.150001525878906,33.52000045776367,0.0,58522300
2013-08-28,27.069473266601562,33.02000045776367,0.0,33.599998474121094,33.0,33.38999938964844,0.0,44257400
2013-08-29,27.50396156311035,33.54999923706055,0.0,33.599998474121094,32.79999923706055,32.93000030517578,0.0,45284700
2013-08-30,27.380996704101562,33.400001525878906,0.0,33.47999954223633,33.09000015258789,33.369998931884766,0.0,42790200
2013-09-03,26.134918212890625,31.8799991607666,0.0,32.06999969482422,31.290000915527344,31.75,0.0,154507000
2013-09-04,25.577449798583984,31.200000762939453,0.0,31.469999313354492,31.110000610351562,31.389999389648438,0.0,142320600
2013-09-05,25.602054595947266,31.229999542236328,0.0,31.440000534057617,30.950000762939453,31.100000381469727,0.0,71644900
2013-09-06,25.536468505859375,31.149999618530273,0.0,31.389999389648438,31.1299991607666,31.309999465942383,0.0,75434900
2013-09-09,25.954559326171875,31.65999984741211,0.0,31.790000915527344,31.200000762939453,31.219999313354492,0.0,49628500
2013-09-10,26.553007125854492,32.38999938964844,0.0,32.400001525878906,31.790000915527344,31.899999618530273,0.0,56881200
2013-09-11,26.83993911743164,32.7400016784668,0.0,32.93000030517578,32.529998779296875,32.56999969482422,0.0,39087500
2013-09-12,26.7989444732666,32.689998626708984,0.0,32.779998779296875,32.59000015258789,32.720001220703125,0.0,32860200
2013-09-13,27.077667236328125,33.029998779296875,0.0,33.06999969482422,32.5099983215332,32.77000045776367,0.0,40899000
2013-09-16,26.889118194580078,32.79999923706055,0.0,33.5,32.72999954223633,33.380001068115234,0.0,52839700
2013-09-17,26.99569320678711,32.93000030517578,0.0,33.470001220703125,32.900001525878906,33.41999816894531,0.0,84716500
2013-09-18,27.315412521362305,33.31999969482422,0.0,33.400001525878906,32.83000183105469,32.9900016784668,0.0,64099900
2013-09-19,27.577743530273438,33.63999938964844,0.0,33.68000030517578,33.31999969482422,33.47999954223633,0.0,42026600
2013-09-20,26.880916595458984,32.790000915527344,0.0,33.47999954223633,32.689998626708984,33.40999984741211,0.0,102904900
2013-09-23,26.83993911743164,32.7400016784668,0.0,32.970001220703125,32.5,32.540000915527344,0.0,39826100
2013-09-24,26.602205276489258,32.45000076293945,0.0,32.869998931884766,32.150001525878906,32.869998931884766,0.0,40685000
2013-09-25,26.651386260986328,32.5099983215332,0.0,32.79999923706055,32.400001525878906,32.4900016784668,0.0,28907500
2013-09-26,26.864526748657227,32.77000045776367,0.0,33.0,32.59000015258789,32.63999938964844,0.0,28504000
2013-09-27,27.274425506591797,33.27000045776367,0.0,33.75,32.869998931884766,32.880001068115234,0.0,55348000
2013-09-30,27.28262710571289,33.279998779296875,0.0,33.310001373291016,32.70000076293945,33.0,0.0,39839500
2013-10-01,27.52855682373047,33.58000183105469,0.0,33.61000061035156,33.29999923706055,33.349998474121094,0.0,36718700
2013-10-02,27.80728530883789,33.91999816894531,0.0,34.029998779296875,33.290000915527344,33.36000061035156,0.0,46946800
2013-10-03,27.758092880249023,33.86000061035156,0.0,34.0,33.41999816894531,33.880001068115234,0.0,38703800
2013-10-04,27.77449607849121,33.880001068115234,0.0,33.9900016784668,33.619998931884766,33.689998626708984,0.0,33008100
2013-10-07,27.29901695251465,33.29999923706055,0.0,33.709999084472656,33.20000076293945,33.599998474121094,0.0,35069300
2013-10-08,27.0612735748291,33.0099983215332,0.0,33.33000183105469,32.79999923706055,33.310001373291016,0.0,41017600
2013-10-09,27.11046028137207,33.06999969482422,0.0,33.349998474121094,32.959999084472656,33.06999969482422,0.0,35878600
2013-10-10,27.67612648010254,33.7599983215332,0.0,33.88999938964844,33.2599983215332,33.310001373291016,0.0,42875100
2013-10-11,27.979442596435547,34.130001068115234,0.0,34.13999938964844,33.68000030517578,33.68000030517578,0.0,30033300
2013-10-14,28.241777420043945,34.45000076293945,0.0,34.5,33.779998779296875,33.900001525878906,0.0,27757900
2013-10-15,28.274574279785156,34.4900016784668,0.0,34.9900016784668,34.470001220703125,34.66999816894531,0.0,47097800
2013-10-16,28.39752960205078,34.63999938964844,0.0,34.900001525878906,34.560001373291016,34.599998474121094,0.0,35111600
2013-10-17,28.6270809173584,34.91999816894531,0.0,34.9900016784668,34.369998931884766,34.45000076293945,0.0,31359200
2013-10-18,28.659868240356445,34.959999084472656,0.0,34.9900016784668,34.33000183105469,34.81999969482422,0.0,41811700
2013-10-21,28.684457778930664,34.9900016784668,0.0,35.20000076293945,34.90999984741211,34.97999954223633,0.0,27433500
2013-10-22,28.34834861755371,34.58000183105469,0.0,35.099998474121094,34.52000045776367,35.02000045776367,0.0,40438500
2013-10-23,27.67612648010254,33.7599983215332,0.0,34.4900016784668,33.66999816894531,34.349998474121094,0.0,58600500
2013-10-24,27.643329620361328,33.720001220703125,0.0,34.099998474121094,33.56999969482422,33.81999969482422,0.0,53209700
2013-10-25,29.291109085083008,35.72999954223633,0.0,36.290000915527344,35.470001220703125,35.880001068115234,0.0,113494000
2013-10-28,29.15994644165039,35.56999969482422,0.0,35.72999954223633,35.27000045776367,35.61000061035156,0.0,38383600
2013-10-29,29.118946075439453,35.52000045776367,0.0,35.720001220703125,35.2599983215332,35.630001068115234,0.0,31702200
2013-10-30,29.135351181030273,35.540000915527344,0.0,35.790000915527344,35.43000030517578,35.529998779296875,0.0,36997700
2013-10-31,29.02877426147461,35.40999984741211,0.0,35.689998626708984,35.34000015258789,35.65999984741211,0.0,41682300
2013-11-01,29.127155303955078,35.529998779296875,0.0,35.689998626708984,35.38999938964844,35.66999816894531,0.0,40264600
2013-11-04,29.4632625579834,35.939998626708984,0.0,35.97999954223633,35.54999923706055,35.59000015258789,0.0,28060700
2013-11-05,30.037107467651367,36.63999938964844,0.0,36.709999084472656,35.77000045776367,35.790000915527344,0.0,51681900
2013-11-06,31.299602508544922,38.18000030517578,0.0,38.220001220703125,37.060001373291016,37.2400016784668,0.0,88948800
2013-11-07,30.74214744567871,37.5,0.0,38.0099983215332,37.43000030517578,37.959999084472656,0.0,60437400
2013-11-08,30.97167205810547,37.779998779296875,0.0,37.779998779296875,37.34000015258789,37.66999816894531,0.0,36737800
2013-11-11,30.815921783447266,37.59000015258789,0.0,37.779998779296875,37.349998474121094,37.689998626708984,0.0,26872500
2013-11-12,30.627357482910156,37.36000061035156,0.0,37.599998474121094,37.20000076293945,37.380001068115234,0.0,31651600
2013-11-13,31.283205032348633,38.15999984741211,0.0,38.15999984741211,36.900001525878906,36.97999954223633,0.0,44957600
2013-11-14,31.168434143066406,38.02000045776367,0.0,38.130001068115234,37.720001220703125,37.869998931884766,0.0,46183700
2013-11-15,31.020864486694336,37.84000015258789,0.0,38.02000045776367,37.720001220703125,37.95000076293945,0.0,50601300
2013-11-18,30.496204376220703,37.20000076293945,0.0,37.58000183105469,37.06999969482422,37.349998474121094,0.0,53277500
2013-11-19,30.347518920898438,36.7400016784668,0.28,37.22999954223633,36.66999816894531,36.849998474121094,0.0,44275000
2013-11-20,30.628360748291016,37.08000183105469,0.0,37.40999984741211,36.86000061035156,36.91999816894531,0.0,32229900
2013-11-21,30.892688751220703,37.400001525878906,0.0,37.529998779296875,37.2599983215332,37.27000045776367,0.0,23064700
2013-11-22,31.03311538696289,37.56999969482422,0.0,37.68000030517578,37.33000183105469,37.529998779296875,0.0,27982000
2013-11-25,31.090932846069336,37.63999938964844,0.0,37.95000076293945,37.56999969482422,37.93000030517578,0.0,30646800
2013-11-26,30.85137939453125,37.349998474121094,0.0,37.650001525878906,37.349998474121094,37.56999969482422,0.0,34465300
2013-11-27,31.05788230895996,37.599998474121094,0.0,37.7599983215332,37.4900016784668,37.56999969482422,0.0,26002100
2013-11-29,31.49567222595215,38.130001068115234,0.0,38.290000915527344,37.81999969482422,37.81999969482422,0.0,22090400
2013-12-02,31.759977340698242,38.45000076293945,0.0,38.779998779296875,38.060001373291016,38.09000015258789,0.0,42950400
2013-12-03,31.64435577392578,38.310001373291016,0.0,38.4900016784668,38.08000183105469,38.13999938964844,0.0,52109800
2013-12-04,32.16473388671875,38.939998626708984,0.0,38.97999954223633,38.119998931884766,38.209999084472656,0.0,51983600
2013-12-05,31.38829231262207,38.0,0.0,38.880001068115234,37.18000030517578,38.849998474121094,0.0,116305000
2013-12-06,31.685653686523438,38.36000061035156,0.0,38.54999923706055,37.9900016784668,38.41999816894531,0.0,36457300
2013-12-09,31.97476577758789,38.709999084472656,0.0,38.869998931884766,38.369998931884766,38.560001373291016,0.0,30286000
2013-12-10,31.479158401489258,38.11000061035156,0.0,38.900001525878906,38.02000045776367,38.61000061035156,0.0,37828600
2013-12-11,31.06614875793457,37.61000061035156,0.0,38.29999923706055,37.38999938964844,38.060001373291016,0.0,39853400
2013-12-12,30.744001388549805,37.220001220703125,0.0,37.63999938964844,37.18000030517578,37.63999938964844,0.0,36012800
2013-12-13,30.306201934814453,36.689998626708984,0.0,37.45000076293945,36.619998931884766,37.41999816894531,0.0,40066100
2013-12-16,30.471418380737305,36.88999938964844,0.0,37.0,36.540000915527344,36.72999954223633,0.0,31734200
2013-12-17,30.165800094604492,36.52000045776367,0.0,37.11000061035156,36.33000183105469,36.939998626708984,0.0,45687700
2013-12-18,30.21536636352539,36.58000183105469,0.0,36.599998474121094,35.529998779296875,36.36000061035156,0.0,63192100
2013-12-19,29.942777633666992,36.25,0.0,36.54999923706055,36.08000183105469,36.5099983215332,0.0,34160100
2013-12-20,30.397064208984375,36.79999923706055,0.0,36.93000030517578,36.189998626708984,36.20000076293945,0.0,62649100
2013-12-23,30.248384475708008,36.619998931884766,0.0,36.88999938964844,36.54999923706055,36.810001373291016,0.0,25128700
2013-12-24,30.628360748291016,37.08000183105469,0.0,37.16999816894531,36.63999938964844,36.720001220703125,0.0,14243000
2013-12-26,30.92571449279785,37.439998626708984,0.0,37.4900016784668,37.16999816894531,37.20000076293945,0.0,17612800
2013-12-27,30.801807403564453,37.290000915527344,0.0,37.619998931884766,37.16999816894531,37.58000183105469,0.0,14563000
2013-12-30,30.801807403564453,37.290000915527344,0.0,37.380001068115234,36.900001525878906,37.220001220703125,0.0,16290500
2013-12-31,30.900962829589844,37.40999984741211,0.0,37.58000183105469,37.220001220703125,37.400001525878906,0.0,17503500
2014-01-02,30.694442749023438,37.15999984741211,0.0,37.400001525878906,37.099998474121094,37.349998474121094,0.0,30632200
2014-01-03,30.487934112548828,36.90999984741211,0.0,37.220001220703125,36.599998474121094,37.20000076293945,0.0,31134800
2014-01-06,29.84365463256836,36.130001068115234,0.0,36.88999938964844,36.11000061035156,36.849998474121094,0.0,43603700
2014-01-07,30.074928283691406,36.40999984741211,0.0,36.4900016784668,36.209999084472656,36.33000183105469,0.0,35802800
2014-01-08,29.538028717041016,35.7599983215332,0.0,36.13999938964844,35.58000183105469,36.0,0.0,59971700
2014-01-09,29.348052978515625,35.529998779296875,0.0,35.90999984741211,35.400001525878906,35.880001068115234,0.0,36516300
2014-01-10,29.76930046081543,36.040000915527344,0.0,36.150001525878906,35.75,35.900001525878906,0.0,40548800
2014-01-13,28.893749237060547,34.97999954223633,0.0,36.02000045776367,34.83000183105469,35.9900016784668,0.0,45901900
2014-01-14,29.55455207824707,35.779998779296875,0.0,35.880001068115234,34.630001068115234,34.72999954223633,0.0,41623300
2014-01-15,30.36403465270996,36.7599983215332,0.0,36.790000915527344,35.849998474121094,35.900001525878906,0.0,44812600
2014-01-16,30.471418380737305,36.88999938964844,0.0,37.0,36.310001373291016,36.689998626708984,0.0,38018700
2014-01-17,30.05014991760254,36.380001068115234,0.0,36.83000183105469,36.150001525878906,36.83000183105469,0.0,46267500
2014-01-21,29.876686096191406,36.16999816894531,0.0,36.81999969482422,36.060001373291016,36.81999969482422,0.0,31567300
2014-01-22,29.678455352783203,35.93000030517578,0.0,36.31999969482422,35.75,36.2599983215332,0.0,21904300
2014-01-23,29.785823822021484,36.060001373291016,0.0,36.130001068115234,35.52000045776367,36.09000015258789,0.0,43954000
2014-01-24,30.405344009399414,36.810001373291016,0.0,37.54999923706055,36.529998779296875,37.45000076293945,0.0,76395500
2014-01-27,29.761045455932617,36.029998779296875,0.0,36.88999938964844,35.97999954223633,36.869998931884766,0.0,44420800
2014-01-28,29.95929718017578,36.27000045776367,0.0,36.38999938964844,35.75,36.119998931884766,0.0,36205500
2014-01-29,30.281442642211914,36.65999984741211,0.0,36.880001068115234,35.900001525878906,35.97999954223633,0.0,52745900
2014-01-30,30.446643829345703,36.86000061035156,0.0,36.880001068115234,36.22999954223633,36.790000915527344,0.0,35036300
2014-01-31,31.256126403808594,37.84000015258789,0.0,37.88999938964844,36.560001373291016,36.95000076293945,0.0,93162300
2014-02-03,30.13275146484375,36.47999954223633,0.0,37.9900016784668,36.43000030517578,37.7400016784668,0.0,64063100
2014-02-04,30.025373458862305,36.349998474121094,0.0,37.189998626708984,36.25,36.970001220703125,0.0,54697900
2014-02-05,29.587600708007812,35.81999969482422,0.0,36.470001220703125,35.79999923706055,36.290000915527344,0.0,55814400
2014-02-06,29.884960174560547,36.18000030517578,0.0,36.25,35.689998626708984,35.79999923706055,0.0,35351800
2014-02-07,30.1988468170166,36.560001373291016,0.0,36.59000015258789,36.0099983215332,36.31999969482422,0.0,33260500
2014-02-10,30.397064208984375,36.79999923706055,0.0,36.79999923706055,36.290000915527344,36.630001068115234,0.0,26767000
2014-02-11,30.702693939208984,37.16999816894531,0.0,37.2599983215332,36.86000061035156,36.880001068115234,0.0,32141400
2014-02-12,30.950504302978516,37.470001220703125,0.0,37.599998474121094,37.29999923706055,37.349998474121094,0.0,27051800
2014-02-13,31.06614875793457,37.61000061035156,0.0,37.86000061035156,37.33000183105469,37.33000183105469,0.0,37635500
2014-02-14,31.07440948486328,37.619998931884766,0.0,37.779998779296875,37.33000183105469,37.38999938964844,0.0,31407500
2014-02-18,31.140972137451172,37.41999816894531,0.28,37.779998779296875,37.40999984741211,37.630001068115234,0.0,32834000
2014-02-19,31.215877532958984,37.5099983215332,0.0,37.75,37.209999084472656,37.220001220703125,0.0,29750400
2014-02-20,31.41559410095215,37.75,0.0,37.869998931884766,37.400001525878906,37.56999969482422,0.0,27526100
2014-02-21,31.607011795043945,37.97999954223633,0.0,38.349998474121094,37.86000061035156,37.939998626708984,0.0,38021300
2014-02-24,31.365684509277344,37.689998626708984,0.0,37.97999954223633,37.540000915527344,37.689998626708984,0.0,32085100
2014-02-25,31.240854263305664,37.540000915527344,0.0,37.849998474121094,37.349998474121094,37.61000061035156,0.0,30736500
2014-02-26,31.182594299316406,37.470001220703125,0.0,37.7400016784668,37.189998626708984,37.58000183105469,0.0,41041800
2014-02-27,31.50714683532715,37.86000061035156,0.0,37.88999938964844,37.22999954223633,37.45000076293945,0.0,33903400
2014-02-28,31.88165283203125,38.310001373291016,0.0,38.459999084472656,37.81999969482422,37.97999954223633,0.0,41215000
2014-03-03,31.44056510925293,37.779998779296875,0.0,38.130001068115234,37.4900016784668,37.91999816894531,0.0,29717500
2014-03-04,31.964859008789062,38.40999984741211,0.0,38.47999954223633,38.06999969482422,38.20000076293945,0.0,26802400
2014-03-05,31.715198516845703,38.11000061035156,0.0,38.27000045776367,37.93000030517578,38.25,0.0,20520100
2014-03-06,31.748485565185547,38.150001525878906,0.0,38.2400016784668,37.88999938964844,38.13999938964844,0.0,23582200
2014-03-07,31.540441513061523,37.900001525878906,0.0,38.36000061035156,37.689998626708984,38.279998779296875,0.0,26591600
2014-03-10,31.473852157592773,37.81999969482422,0.0,38.0099983215332,37.720001220703125,37.9900016784668,0.0,19006600
2014-03-11,31.64030647277832,38.02000045776367,0.0,38.22999954223633,37.720001220703125,37.869998931884766,0.0,25216400
2014-03-12,31.84834861755371,38.27000045776367,0.0,38.43000030517578,37.790000915527344,37.79999923706055,0.0,30494100
2014-03-13,31.53211784362793,37.88999938964844,0.0,38.45000076293945,37.63999938964844,38.41999816894531,0.0,32169700
2014-03-14,31.373987197875977,37.70000076293945,0.0,38.13999938964844,37.5099983215332,37.650001525878906,0.0,27195600
2014-03-17,31.66526222229004,38.04999923706055,0.0,38.40999984741211,37.790000915527344,37.900001525878906,0.0,20479600
2014-03-18,32.913570404052734,39.54999923706055,0.0,39.900001525878906,38.220001220703125,38.2599983215332,0.0,64063900
2014-03-19,32.68054962158203,39.27000045776367,0.0,39.54999923706055,38.90999984741211,39.470001220703125,0.0,35597200
2014-03-20,33.56269073486328,40.33000183105469,0.0,40.650001525878906,39.2400016784668,39.25,0.0,59269800
2014-03-21,33.42121505737305,40.15999984741211,0.0,40.939998626708984,40.0099983215332,40.720001220703125,0.0,80721800
2014-03-24,33.70415115356445,40.5,0.0,40.63999938964844,39.86000061035156,40.34000015258789,0.0,46098400
2014-03-25,33.571014404296875,40.34000015258789,0.0,40.9900016784668,39.959999084472656,40.65999984741211,0.0,43193100
2014-03-26,33.1132926940918,39.790000915527344,0.0,40.709999084472656,39.599998474121094,40.47999954223633,0.0,41977500
2014-03-27,32.75545120239258,39.36000061035156,0.0,39.970001220703125,39.34000015258789,39.7400016784668,0.0,35369200
2014-03-28,33.537723541259766,40.29999923706055,0.0,40.63999938964844,39.68000030517578,39.790000915527344,0.0,43472700
2014-03-31,34.111942291259766,40.9900016784668,0.0,41.5,40.400001525878906,40.43000030517578,0.0,46886300
2014-04-01,34.469783782958984,41.41999816894531,0.0,41.59000015258789,41.06999969482422,41.150001525878906,0.0,32605000
2014-04-02,34.411529541015625,41.349998474121094,0.0,41.65999984741211,41.16999816894531,41.439998626708984,0.0,28666700
2014-04-03,34.12857437133789,41.0099983215332,0.0,41.290000915527344,40.709999084472656,41.290000915527344,0.0,30139600
2014-04-04,33.17986297607422,39.869998931884766,0.0,41.38999938964844,39.63999938964844,41.25,0.0,51409600
2014-04-07,33.12160873413086,39.79999923706055,0.0,40.27000045776367,39.7400016784668,39.959999084472656,0.0,37559600
2014-04-08,33.13826370239258,39.81999969482422,0.0,39.93000030517578,39.20000076293945,39.75,0.0,35918600
2014-04-09,33.679203033447266,40.470001220703125,0.0,40.54999923706055,39.880001068115234,39.93000030517578,0.0,27398700
2014-04-10,32.75545120239258,39.36000061035156,0.0,40.689998626708984,39.09000015258789,40.439998626708984,0.0,45960800
2014-04-11,32.630619049072266,39.209999084472656,0.0,39.790000915527344,39.0,39.0,0.0,34330200
2014-04-14,32.60565185546875,39.18000030517578,0.0,39.40999984741211,38.900001525878906,39.11000061035156,0.0,32006600
2014-04-15,33.080020904541016,39.75,0.0,39.959999084472656,39.04999923706055,39.34000015258789,0.0,33968700
2014-04-16,33.62094497680664,40.400001525878906,0.0,40.41999816894531,39.90999984741211,40.060001373291016,0.0,30615800
2014-04-17,33.29639434814453,40.0099983215332,0.0,40.20000076293945,39.5099983215332,40.0099983215332,0.0,36688400
2014-04-21,33.23811340332031,39.939998626708984,0.0,40.150001525878906,39.790000915527344,40.130001068115234,0.0,22221200
2014-04-22,33.27973937988281,39.9900016784668,0.0,40.13999938964844,39.83000183105469,39.959999084472656,0.0,27056700
2014-04-23,33.03007888793945,39.689998626708984,0.0,39.9900016784668,39.470001220703125,39.9900016784668,0.0,24602800
2014-04-24,33.17156219482422,39.86000061035156,0.0,39.970001220703125,39.29999923706055,39.7400016784668,0.0,42381600
2014-04-25,33.21317672729492,39.90999984741211,0.0,40.68000030517578,39.75,40.290000915527344,0.0,56876800
2014-04-28,34.01207733154297,40.869998931884766,0.0,41.290000915527344,40.09000015258789,40.13999938964844,0.0,50610200
2014-04-29,33.712486267089844,40.5099983215332,0.0,41.189998626708984,40.38999938964844,41.099998474121094,0.0,29636200
2014-04-30,33.62094497680664,40.400001525878906,0.0,40.5,40.16999816894531,40.400001525878906,0.0,35458700
2014-05-01,33.28805923461914,40.0,0.0,40.36000061035156,39.95000076293945,40.2400016784668,0.0,28787400
2014-05-02,33.03007888793945,39.689998626708984,0.0,40.34000015258789,39.65999984741211,40.310001373291016,0.0,43416600
2014-05-05,32.813716888427734,39.43000030517578,0.0,39.63999938964844,39.29999923706055,39.52000045776367,0.0,22460900
2014-05-06,32.50579071044922,39.060001373291016,0.0,39.349998474121094,38.95000076293945,39.290000915527344,0.0,27112400
2014-05-07,32.805381774902344,39.41999816894531,0.0,39.5099983215332,38.5099983215332,39.220001220703125,0.0,41744500
2014-05-08,32.98847198486328,39.63999938964844,0.0,39.900001525878906,38.970001220703125,39.34000015258789,0.0,32120400
2014-05-09,32.905269622802734,39.540000915527344,0.0,39.849998474121094,39.369998931884766,39.540000915527344,0.0,29647600
2014-05-12,33.263092041015625,39.970001220703125,0.0,40.02000045776367,39.650001525878906,39.7400016784668,0.0,22782600
2014-05-13,33.87489700317383,40.41999816894531,0.28,40.5,39.849998474121094,39.91999816894531,0.0,27004800
2014-05-14,33.72404098510742,40.2400016784668,0.0,40.45000076293945,40.04999923706055,40.29999923706055,0.0,18818700
2014-05-15,33.18767547607422,39.599998474121094,0.0,40.400001525878906,39.5099983215332,40.09000015258789,0.0,37793200
2014-05-16,33.38044357299805,39.83000183105469,0.0,39.84000015258789,39.27000045776367,39.66999816894531,0.0,29867100
2014-05-19,33.31337356567383,39.75,0.0,39.81999969482422,39.459999084472656,39.61000061035156,0.0,24537400
2014-05-20,33.25470733642578,39.68000030517578,0.0,39.939998626708984,39.459999084472656,39.68000030517578,0.0,21320900
2014-05-21,33.816219329833984,40.349998474121094,0.0,40.349998474121094,39.7400016784668,39.79999923706055,0.0,22398700
2014-05-22,33.60670852661133,40.099998474121094,0.0,40.349998474121094,39.849998474121094,40.290000915527344,0.0,20201800
2014-05-23,33.62348175048828,40.119998931884766,0.0,40.369998931884766,40.0,40.369998931884766,0.0,18020000
2014-05-27,33.682132720947266,40.189998626708984,0.0,40.2599983215332,39.810001373291016,40.2599983215332,0.0,26160600
2014-05-28,33.53127670288086,40.0099983215332,0.0,40.189998626708984,39.81999969482422,40.13999938964844,0.0,25711500
2014-05-29,33.807830810546875,40.34000015258789,0.0,40.349998474121094,39.90999984741211,40.150001525878906,0.0,19888200
2014-05-30,34.3106803894043,40.939998626708984,0.0,40.970001220703125,40.25,40.45000076293945,0.0,34567600
2014-06-02,34.184967041015625,40.790000915527344,0.0,41.09000015258789,40.68000030517578,40.95000076293945,0.0,18504300
2014-06-03,33.76593017578125,40.290000915527344,0.0,40.68000030517578,40.25,40.599998474121094,0.0,18068900
2014-06-04,33.79108810424805,40.31999969482422,0.0,40.369998931884766,39.86000061035156,40.209999084472656,0.0,23209000
2014-06-05,34.53695297241211,41.209999084472656,0.0,41.25,40.400001525878906,40.59000015258789,0.0,31865200
2014-06-06,34.763248443603516,41.47999954223633,0.0,41.65999984741211,41.2400016784668,41.47999954223633,0.0,24060500
2014-06-09,34.58725357055664,41.27000045776367,0.0,41.47999954223633,41.02000045776367,41.38999938964844,0.0,15019200
2014-06-10,34.453163146972656,41.11000061035156,0.0,41.15999984741211,40.86000061035156,41.029998779296875,0.0,15117700
2014-06-11,34.24364471435547,40.86000061035156,0.0,41.06999969482422,40.77000045776367,40.93000030517578,0.0,18040000
2014-06-12,34.00898361206055,40.58000183105469,0.0,40.880001068115234,40.290000915527344,40.810001373291016,0.0,29818900
2014-06-13,34.5537109375,41.22999954223633,0.0,41.56999969482422,40.86000061035156,41.099998474121094,0.0,26310000
2014-06-16,34.78000259399414,41.5,0.0,41.61000061035156,41.040000915527344,41.040000915527344,0.0,24205300
2014-06-17,34.93086242675781,41.68000030517578,0.0,41.90999984741211,40.34000015258789,41.290000915527344,0.0,22518600
2014-06-18,34.90571212768555,41.650001525878906,0.0,41.7400016784668,41.18000030517578,41.61000061035156,0.0,27097000
2014-06-19,34.78839111328125,41.5099983215332,0.0,41.77000045776367,41.33000183105469,41.56999969482422,0.0,19828200
2014-06-20,34.93086242675781,41.68000030517578,0.0,41.83000183105469,41.380001068115234,41.45000076293945,0.0,47764900
2014-06-23,35.19066619873047,41.9900016784668,0.0,42.0,41.689998626708984,41.72999954223633,0.0,18743900
2014-06-24,34.98951721191406,41.75,0.0,41.939998626708984,41.560001373291016,41.83000183105469,0.0,26509100
2014-06-25,35.22418975830078,42.029998779296875,0.0,42.04999923706055,41.459999084472656,41.70000076293945,0.0,20049100
2014-06-26,34.96439743041992,41.720001220703125,0.0,41.939998626708984,41.43000030517578,41.93000030517578,0.0,23604400
2014-06-27,35.4085578918457,42.25,0.0,42.290000915527344,41.5099983215332,41.61000061035156,0.0,74640000
2014-06-30,34.94761657714844,41.70000076293945,0.0,42.209999084472656,41.70000076293945,42.16999816894531,0.0,30793100
2014-07-01,35.09009552001953,41.869998931884766,0.0,42.150001525878906,41.689998626708984,41.86000061035156,0.0,26917000
2014-07-02,35.115238189697266,41.900001525878906,0.0,41.900001525878906,41.529998779296875,41.72999954223633,0.0,20208100
2014-07-03,35.031429290771484,41.79999923706055,0.0,41.9900016784668,41.560001373291016,41.90999984741211,0.0,15969300
2014-07-07,35.19066619873047,41.9900016784668,0.0,42.119998931884766,41.709999084472656,41.75,0.0,21952400
2014-07-08,35.014671325683594,41.779998779296875,0.0,42.0,41.61000061035156,41.869998931884766,0.0,31218200
2014-07-09,34.9224853515625,41.66999816894531,0.0,41.9900016784668,41.529998779296875,41.97999954223633,0.0,18445900
2014-07-10,34.939231872558594,41.689998626708984,0.0,42.0,41.04999923706055,41.369998931884766,0.0,21854700
2014-07-11,35.27447509765625,42.09000015258789,0.0,42.09000015258789,41.47999954223633,41.70000076293945,0.0,24083000
2014-07-14,35.316375732421875,42.13999938964844,0.0,42.45000076293945,42.040000915527344,42.220001220703125,0.0,21881100
2014-07-15,35.5761833190918,42.45000076293945,0.0,42.470001220703125,42.029998779296875,42.33000183105469,0.0,28748700
2014-07-16,36.942230224609375,44.08000183105469,0.0,44.310001373291016,42.47999954223633,42.5099983215332,0.0,63318000
2014-07-17,37.319366455078125,44.529998779296875,0.0,45.709999084472656,44.25,45.45000076293945,0.0,82180300
2014-07-18,37.453453063964844,44.689998626708984,0.0,44.84000015258789,44.25,44.650001525878906,0.0,43407500
2014-07-21,37.579158782958984,44.84000015258789,0.0,45.15999984741211,44.220001220703125,44.560001373291016,0.0,37604400
2014-07-22,37.57077407836914,44.83000183105469,0.0,45.150001525878906,44.59000015258789,45.0,0.0,43095800
2014-07-23,37.60430145263672,44.869998931884766,0.0,45.45000076293945,44.619998931884766,45.45000076293945,0.0,52362900
2014-07-24,37.21042251586914,44.400001525878906,0.0,45.0,44.31999969482422,44.93000030517578,0.0,30725300
2014-07-25,37.29422378540039,44.5,0.0,44.65999984741211,44.29999923706055,44.29999923706055,0.0,26737700
2014-07-28,36.850059509277344,43.970001220703125,0.0,44.5099983215332,43.93000030517578,44.36000061035156,0.0,29684200
2014-07-29,36.78300094604492,43.88999938964844,0.0,44.09000015258789,43.63999938964844,43.90999984741211,0.0,27763100
2014-07-30,36.5232048034668,43.58000183105469,0.0,44.099998474121094,43.290000915527344,44.06999969482422,0.0,31921400
2014-07-31,36.17120361328125,43.15999984741211,0.0,43.689998626708984,43.08000183105469,43.380001068115234,0.0,31537500
2014-08-01,35.91979217529297,42.86000061035156,0.0,43.25,42.599998474121094,43.209999084472656,0.0,31170300
2014-08-04,36.34720230102539,43.369998931884766,0.0,43.470001220703125,42.810001373291016,42.970001220703125,0.0,34277400
2014-08-05,36.10417556762695,43.08000183105469,0.0,43.459999084472656,42.83000183105469,43.310001373291016,0.0,26266400
2014-08-06,35.819210052490234,42.7400016784668,0.0,43.16999816894531,42.209999084472656,42.7400016784668,0.0,24634000
2014-08-07,36.229862213134766,43.22999954223633,0.0,43.45000076293945,42.650001525878906,42.84000015258789,0.0,30314900
2014-08-08,36.20472717285156,43.20000076293945,0.0,43.31999969482422,42.90999984741211,43.22999954223633,0.0,28942700
2014-08-11,36.20472717285156,43.20000076293945,0.0,43.45000076293945,43.02000045776367,43.2599983215332,0.0,20351600
2014-08-12,36.472900390625,43.52000045776367,0.0,43.59000015258789,43.0,43.040000915527344,0.0,21431100
2014-08-13,36.942230224609375,44.08000183105469,0.0,44.18000030517578,43.52000045776367,43.68000030517578,0.0,22889500
2014-08-14,37.10146713256836,44.27000045776367,0.0,44.41999816894531,44.0099983215332,44.08000183105469,0.0,19313200
2014-08-15,37.53727722167969,44.790000915527344,0.0,44.900001525878906,44.400001525878906,44.58000183105469,0.0,41611300
2014-08-18,37.80543899536133,45.11000061035156,0.0,45.11000061035156,44.68000030517578,44.939998626708984,0.0,26891100
2014-08-19,38.22710037231445,45.33000183105469,0.28,45.34000015258789,44.83000183105469,44.970001220703125,0.0,28139500
2014-08-20,37.90664291381836,44.95000076293945,0.0,45.400001525878906,44.900001525878906,45.34000015258789,0.0,24770500
2014-08-21,38.134334564208984,45.220001220703125,0.0,45.25,44.83000183105469,44.84000015258789,0.0,22285500
2014-08-22,38.075313568115234,45.150001525878906,0.0,45.470001220703125,45.06999969482422,45.349998474121094,0.0,18294500
2014-08-25,38.0921745300293,45.16999816894531,0.0,45.439998626708984,45.040000915527344,45.400001525878906,0.0,16910000
2014-08-26,37.957237243652344,45.0099983215332,0.0,45.400001525878906,44.939998626708984,45.310001373291016,0.0,14873100
2014-08-27,37.839176177978516,44.869998931884766,0.0,45.0,44.7599983215332,44.900001525878906,0.0,21287900
2014-08-28,37.84760665893555,44.880001068115234,0.0,44.97999954223633,44.61000061035156,44.75,0.0,17657600
2014-08-29,38.31142044067383,45.43000030517578,0.0,45.439998626708984,44.86000061035156,45.09000015258789,0.0,21607600
2014-09-02,38.02471923828125,45.09000015258789,0.0,45.459999084472656,44.849998474121094,45.43000030517578,0.0,22976800
2014-09-03,37.915077209472656,44.959999084472656,0.0,45.11000061035156,44.529998779296875,44.529998779296875,0.0,33684500
2014-09-04,38.16805648803711,45.2599983215332,0.0,45.27000045776367,44.720001220703125,44.7400016784668,0.0,26475500
2014-09-05,38.71621322631836,45.90999984741211,0.0,45.93000030517578,45.11000061035156,45.11000061035156,0.0,36939400
2014-09-08,39.18846130371094,46.470001220703125,0.0,46.79999923706055,45.9900016784668,46.02000045776367,0.0,45736700
2014-09-09,39.43303298950195,46.7599983215332,0.0,46.970001220703125,46.41999816894531,46.470001220703125,0.0,40302400
2014-09-10,39.500492095947266,46.84000015258789,0.0,46.939998626708984,46.279998779296875,46.81999969482422,0.0,27302400
2014-09-11,39.63542938232422,47.0,0.0,47.0,46.470001220703125,46.7400016784668,0.0,29216400
2014-09-12,39.38243103027344,46.70000076293945,0.0,47.02000045776367,46.599998474121094,46.90999984741211,0.0,38244700
2014-09-15,38.99451446533203,46.2400016784668,0.0,46.709999084472656,46.099998474121094,46.540000915527344,0.0,37667600
2014-09-16,39.43303298950195,46.7599983215332,0.0,46.849998474121094,46.290000915527344,46.38999938964844,0.0,27910600
2014-09-17,39.23062515258789,46.52000045776367,0.0,46.689998626708984,46.22999954223633,46.2599983215332,0.0,38311900
2014-09-18,39.365570068359375,46.68000030517578,0.0,46.83000183105469,46.459999084472656,46.59000015258789,0.0,35556600
2014-09-19,40.07394790649414,47.52000045776367,0.0,47.56999969482422,46.599998474121094,46.810001373291016,0.0,202522400
2014-09-22,39.6860237121582,47.060001373291016,0.0,47.380001068115234,46.97999954223633,47.29999923706055,0.0,38686100
2014-09-23,39.26435852050781,46.560001373291016,0.0,46.97999954223633,46.470001220703125,46.849998474121094,0.0,33430300
2014-09-24,39.702880859375,47.08000183105469,0.0,47.11000061035156,46.34000015258789,46.630001068115234,0.0,26582700
2014-09-25,38.82584762573242,46.040000915527344,0.0,47.09000015258789,46.029998779296875,46.880001068115234,0.0,33077400
2014-09-26,39.13786697387695,46.40999984741211,0.0,46.619998931884766,45.7599983215332,45.93000030517578,0.0,27078800
2014-09-29,39.16317367553711,46.439998626708984,0.0,46.560001373291016,45.7599983215332,45.97999954223633,0.0,26091000
2014-09-30,39.09571075439453,46.36000061035156,0.0,46.47999954223633,46.0099983215332,46.369998931884766,0.0,33033100
2014-10-01,38.70779037475586,45.900001525878906,0.0,46.529998779296875,45.849998474121094,46.27000045776367,0.0,38088400
2014-10-02,38.5897216796875,45.7599983215332,0.0,46.099998474121094,45.63999938964844,45.83000183105469,0.0,25119400
2014-10-03,38.868011474609375,46.09000015258789,0.0,46.29999923706055,45.61000061035156,45.97999954223633,0.0,32453200
2014-10-06,38.868011474609375,46.09000015258789,0.0,46.29999923706055,45.91999816894531,46.119998931884766,0.0,20604000
2014-10-07,38.395751953125,45.529998779296875,0.0,45.93000030517578,45.41999816894531,45.86000061035156,0.0,25723700
2014-10-08,39.44989776611328,46.779998779296875,0.0,46.88999938964844,45.34000015258789,45.47999954223633,0.0,33031000
2014-10-09,38.66562271118164,45.849998474121094,0.0,46.79999923706055,45.7400016784668,46.5,0.0,34422800
2014-10-10,37.13079833984375,44.029998779296875,0.0,46.119998931884766,43.95000076293945,45.599998474121094,0.0,51978100
2014-10-13,36.81034851074219,43.650001525878906,0.0,44.560001373291016,43.4900016784668,43.81999969482422,0.0,37100200
2014-10-14,36.877811431884766,43.72999954223633,0.0,44.380001068115234,43.560001373291016,43.869998931884766,0.0,38115700
2014-10-15,36.447715759277344,43.220001220703125,0.0,43.38999938964844,42.099998474121094,43.0,0.0,60218700
2014-10-16,36.04293441772461,42.7400016784668,0.0,43.08000183105469,42.220001220703125,42.529998779296875,0.0,49040400
2014-10-17,36.793487548828125,43.630001068115234,0.0,43.939998626708984,42.790000915527344,43.20000076293945,0.0,40683300
2014-10-20,37.172969818115234,44.08000183105469,0.0,44.13999938964844,42.810001373291016,43.060001373291016,0.0,34527900
2014-10-21,37.84760665893555,44.880001068115234,0.0,44.97999954223633,44.189998626708984,44.36000061035156,0.0,36433800
2014-10-22,37.425968170166016,44.380001068115234,0.0,45.06999969482422,44.22999954223633,45.0,0.0,33570900
2014-10-23,37.965667724609375,45.02000045776367,0.0,45.45000076293945,44.529998779296875,44.619998931884766,0.0,45451900
2014-10-24,38.90176010131836,46.130001068115234,0.0,46.900001525878906,45.18000030517578,46.83000183105469,0.0,61076700
2014-10-27,38.71621322631836,45.90999984741211,0.0,46.099998474121094,45.709999084472656,45.709999084472656,0.0,30371300
2014-10-28,39.20533752441406,46.4900016784668,0.0,46.5,45.77000045776367,45.86000061035156,0.0,29049800
2014-10-29,39.314964294433594,46.619998931884766,0.0,46.70000076293945,46.34000015258789,46.439998626708984,0.0,30276100
2014-10-30,38.83428192138672,46.04999923706055,0.0,46.31999969482422,45.77000045776367,46.31999969482422,0.0,30073900
2014-10-31,39.59325408935547,46.95000076293945,0.0,46.970001220703125,46.47999954223633,46.939998626708984,0.0,35849700
2014-11-03,40.00647735595703,47.439998626708984,0.0,47.459999084472656,46.72999954223633,46.88999938964844,0.0,23130400
2014-11-04,40.11610412597656,47.56999969482422,0.0,47.72999954223633,47.25,47.29999923706055,0.0,21530800
2014-11-05,40.36066436767578,47.86000061035156,0.0,47.900001525878906,47.2599983215332,47.79999923706055,0.0,22449600
2014-11-06,41.069053649902344,48.70000076293945,0.0,48.86000061035156,47.790000915527344,47.86000061035156,0.0,33037800
2014-11-07,41.05218505859375,48.68000030517578,0.0,48.91999816894531,48.290000915527344,48.91999816894531,0.0,28000600
2014-11-10,41.22927474975586,48.88999938964844,0.0,49.150001525878906,48.54999923706055,48.650001525878906,0.0,36370100
2014-11-11,41.212398529052734,48.869998931884766,0.0,48.95000076293945,48.650001525878906,48.849998474121094,0.0,23445200
2014-11-12,41.136505126953125,48.779998779296875,0.0,48.91999816894531,48.52000045776367,48.560001373291016,0.0,22722100
2014-11-13,41.836448669433594,49.61000061035156,0.0,49.650001525878906,48.709999084472656,48.810001373291016,0.0,26210400
2014-11-14,41.8111572265625,49.58000183105469,0.0,50.04999923706055,49.38999938964844,49.7400016784668,0.0,29081700
2014-11-17,41.7099494934082,49.459999084472656,0.0,49.709999084472656,49.13999938964844,49.40999984741211,0.0,30318600
2014-11-18,41.362030029296875,48.7400016784668,0.31,49.33000183105469,48.70000076293945,49.130001068115234,0.0,23995500
2014-11-19,40.920745849609375,48.220001220703125,0.0,48.75,47.93000030517578,48.65999984741211,0.0,26177500
2014-11-20,41.32807540893555,48.70000076293945,0.0,48.70000076293945,47.869998931884766,48.0,0.0,21510600
2014-11-21,40.71706008911133,47.97999954223633,0.0,49.04999923706055,47.56999969482422,49.02000045776367,0.0,42884800
2014-11-24,40.3860969543457,47.59000015258789,0.0,48.0,47.38999938964844,47.9900016784668,0.0,35434200
2014-11-25,40.28427505493164,47.470001220703125,0.0,47.970001220703125,47.45000076293945,47.65999984741211,0.0,28008000
2014-11-26,40.521881103515625,47.75,0.0,47.9900016784668,47.279998779296875,47.4900016784668,0.0,27163600
2014-11-28,40.57279968261719,47.810001373291016,0.0,48.20000076293945,47.61000061035156,47.95000076293945,0.0,21534400
2014-12-01,41.26018524169922,48.619998931884766,0.0,48.779998779296875,47.709999084472656,47.880001068115234,0.0,31191600
2014-12-02,41.1244010925293,48.459999084472656,0.0,49.04999923706055,48.20000076293945,48.84000015258789,0.0,25773500
2014-12-03,40.80192184448242,48.08000183105469,0.0,48.5,47.810001373291016,48.439998626708984,0.0,23534800
2014-12-04,41.44688415527344,48.84000015258789,0.0,49.060001373291016,48.20000076293945,48.38999938964844,0.0,30320400
2014-12-05,41.090450286865234,48.41999816894531,0.0,48.970001220703125,48.380001068115234,48.81999969482422,0.0,27313400
2014-12-08,40.47945022583008,47.70000076293945,0.0,48.349998474121094,47.45000076293945,48.2599983215332,0.0,26663100
2014-12-09,40.3860969543457,47.59000015258789,0.0,47.91999816894531,47.04999923706055,47.11000061035156,0.0,24330500
2014-12-10,39.800559997558594,46.900001525878906,0.0,47.65999984741211,46.70000076293945,47.58000183105469,0.0,30431800
2014-12-11,40.0296745300293,47.16999816894531,0.0,47.7400016784668,46.68000030517578,47.08000183105469,0.0,29060400
2014-12-12,39.84297561645508,46.95000076293945,0.0,47.72999954223633,46.66999816894531,46.779998779296875,0.0,34248400
2014-12-15,39.605369567871094,46.66999816894531,0.0,47.66999816894531,46.54999923706055,47.20000076293945,0.0,29247800
2014-12-16,38.32394027709961,45.15999984741211,0.0,46.34000015258789,45.130001068115234,45.900001525878906,0.0,47801400
2014-12-17,38.81614303588867,45.7400016784668,0.0,45.95000076293945,44.900001525878906,45.04999923706055,0.0,34970900
2014-12-18,40.32670974731445,47.52000045776367,0.0,47.52000045776367,46.34000015258789,46.58000183105469,0.0,40105600
2014-12-19,40.44551467895508,47.65999984741211,0.0,48.099998474121094,47.16999816894531,47.630001068115234,0.0,64551200
2014-12-22,40.71706008911133,47.97999954223633,0.0,48.119998931884766,47.709999084472656,47.779998779296875,0.0,26566000
2014-12-23,41.115901947021484,48.45000076293945,0.0,48.79999923706055,48.130001068115234,48.369998931884766,0.0,23648100
2014-12-24,40.852840423583984,48.13999938964844,0.0,48.63999938964844,48.08000183105469,48.63999938964844,0.0,11437800
2014-12-26,40.63219451904297,47.880001068115234,0.0,48.40999984741211,47.81999969482422,48.40999984741211,0.0,13197800
2014-12-29,40.267295837402344,47.45000076293945,0.0,47.779998779296875,47.2599983215332,47.70000076293945,0.0,14439500
2014-12-30,39.90239334106445,47.02000045776367,0.0,47.619998931884766,46.84000015258789,47.439998626708984,0.0,16384700
2014-12-31,39.418663024902344,46.45000076293945,0.0,47.439998626708984,46.45000076293945,46.72999954223633,0.0,21552500
2015-01-02,39.68174362182617,46.7599983215332,0.0,47.41999816894531,46.540000915527344,46.65999984741211,0.0,27913900
2015-01-05,39.31682586669922,46.33000183105469,0.0,46.72999954223633,46.25,46.369998931884766,0.0,39673900
2015-01-06,38.73976516723633,45.650001525878906,0.0,46.75,45.540000915527344,46.380001068115234,0.0,36447900
2015-01-07,39.231971740722656,46.22999954223633,0.0,46.459999084472656,45.4900016784668,45.97999954223633,0.0,29114100
2015-01-08,40.3860969543457,47.59000015258789,0.0,47.75,46.720001220703125,46.75,0.0,29645200
2015-01-09,40.04665756225586,47.189998626708984,0.0,47.81999969482422,46.900001525878906,47.61000061035156,0.0,23944200
2015-01-12,39.545963287353516,46.599998474121094,0.0,47.540000915527344,46.36000061035156,47.41999816894531,0.0,23651900
2015-01-13,39.3422966003418,46.36000061035156,0.0,47.90999984741211,46.060001373291016,46.970001220703125,0.0,35270600
2015-01-14,39.00284957885742,45.959999084472656,0.0,46.2400016784668,45.619998931884766,45.959999084472656,0.0,29719600
2015-01-15,38.59550094604492,45.47999954223633,0.0,46.380001068115234,45.40999984741211,46.220001220703125,0.0,32750800
2015-01-16,39.24046325683594,46.2400016784668,0.0,46.279998779296875,45.16999816894531,45.310001373291016,0.0,35695300
2015-01-20,39.367740631103516,46.38999938964844,0.0,46.650001525878906,45.56999969482422,46.29999923706055,0.0,36161900
2015-01-21,38.96889114379883,45.91999816894531,0.0,46.13999938964844,45.47999954223633,45.939998626708984,0.0,39081100
2015-01-22,39.9957275390625,47.130001068115234,0.0,47.13999938964844,46.08000183105469,46.380001068115234,0.0,35898000
2015-01-23,40.03815841674805,47.18000030517578,0.0,47.38999938964844,46.79999923706055,47.36000061035156,0.0,26211600
2015-01-26,39.89390563964844,47.0099983215332,0.0,47.130001068115234,46.2400016784668,47.0,0.0,42525500
2015-01-27,36.202362060546875,42.65999984741211,0.0,43.20000076293945,42.11000061035156,42.95000076293945,0.0,169164000
2015-01-28,34.954898834228516,41.189998626708984,0.0,42.790000915527344,41.15999984741211,42.7400016784668,0.0,84507100
2015-01-29,35.6507682800293,42.0099983215332,0.0,42.119998931884766,40.790000915527344,40.93000030517578,0.0,63585300
2015-01-30,34.284481048583984,40.400001525878906,0.0,41.58000183105469,40.349998474121094,41.54999923706055,0.0,78004900
2015-02-02,35.031272888183594,41.279998779296875,0.0,41.369998931884766,40.22999954223633,40.59000015258789,0.0,50352500
2015-02-03,35.30282974243164,41.599998474121094,0.0,41.93000030517578,41.04999923706055,41.630001068115234,0.0,52082400
2015-02-04,35.50648880004883,41.84000015258789,0.0,42.209999084472656,41.36000061035156,41.939998626708984,0.0,41614800
2015-02-05,36.02417755126953,42.45000076293945,0.0,42.63999938964844,41.86000061035156,42.220001220703125,0.0,36548200
2015-02-06,35.9902229309082,42.40999984741211,0.0,42.790000915527344,42.150001525878906,42.68000030517578,0.0,34616600
2015-02-09,35.94778823852539,42.36000061035156,0.0,42.7400016784668,42.209999084472656,42.2400016784668,0.0,31381100
2015-02-10,36.15146255493164,42.599998474121094,0.0,42.77000045776367,42.18000030517578,42.7400016784668,0.0,29670700
2015-02-11,35.96477127075195,42.380001068115234,0.0,42.650001525878906,42.209999084472656,42.650001525878906,0.0,38262500
2015-02-12,36.56728744506836,43.09000015258789,0.0,43.09000015258789,42.5099983215332,42.65999984741211,0.0,33268800
2015-02-13,37.22920227050781,43.869998931884766,0.0,43.869998931884766,43.150001525878906,43.380001068115234,0.0,40264900
2015-02-17,37.24631118774414,43.58000183105469,0.31,44.0,43.189998626708984,43.970001220703125,0.0,33695700
2015-02-18,37.20356750488281,43.529998779296875,0.0,43.70000076293945,43.38999938964844,43.630001068115234,0.0,27111700
2015-02-19,37.17793273925781,43.5,0.0,43.529998779296875,43.04999923706055,43.18000030517578,0.0,27603400
2015-02-20,37.485618591308594,43.86000061035156,0.0,43.880001068115234,43.290000915527344,43.5099983215332,0.0,29721100
2015-02-23,37.733482360839844,44.150001525878906,0.0,44.189998626708984,43.650001525878906,43.70000076293945,0.0,32518800
2015-02-24,37.682193756103516,44.09000015258789,0.0,44.29999923706055,43.91999816894531,44.150001525878906,0.0,25271700
2015-02-25,37.59672164916992,43.9900016784668,0.0,44.09000015258789,43.79999923706055,43.95000076293945,0.0,29759800
2015-02-26,37.65653991699219,44.060001373291016,0.0,44.22999954223633,43.88999938964844,43.9900016784668,0.0,28957300
2015-02-27,37.47706985473633,43.849998474121094,0.0,44.20000076293945,43.65999984741211,44.130001068115234,0.0,33807700
2015-03-02,37.502708435058594,43.880001068115234,0.0,44.189998626708984,43.54999923706055,43.66999816894531,0.0,31924000
2015-03-03,36.989906311035156,43.279998779296875,0.0,43.83000183105469,43.09000015258789,43.560001373291016,0.0,31748600
2015-03-04,36.801883697509766,43.060001373291016,0.0,43.209999084472656,42.880001068115234,43.0099983215332,0.0,25748700
2015-03-05,36.844608306884766,43.11000061035156,0.0,43.2400016784668,42.81999969482422,43.06999969482422,0.0,23193500
2015-03-06,36.20361328125,42.36000061035156,0.0,43.11000061035156,42.150001525878906,43.0,0.0,36248800
2015-03-09,36.622398376464844,42.849998474121094,0.0,43.130001068115234,42.189998626708984,42.189998626708984,0.0,32108000
2015-03-10,35.92158126831055,42.029998779296875,0.0,42.709999084472656,42.029998779296875,42.349998474121094,0.0,39159700
2015-03-11,35.878841400146484,41.97999954223633,0.0,42.369998931884766,41.84000015258789,42.310001373291016,0.0,32215300
2015-03-12,35.05837631225586,41.02000045776367,0.0,41.650001525878906,40.86000061035156,41.33000183105469,0.0,59992500
2015-03-13,35.36604309082031,41.380001068115234,0.0,41.470001220703125,40.61000061035156,40.70000076293945,0.0,58007700
2015-03-16,35.51988983154297,41.560001373291016,0.0,41.63999938964844,41.279998779296875,41.470001220703125,0.0,35273500
2015-03-17,35.6395378112793,41.70000076293945,0.0,41.83000183105469,41.150001525878906,41.369998931884766,0.0,31673400
2015-03-18,36.32326889038086,42.5,0.0,42.83000183105469,41.33000183105469,41.43000030517578,0.0,44194800
2015-03-19,36.143795013427734,42.290000915527344,0.0,42.59000015258789,42.220001220703125,42.2599983215332,0.0,33879100
2015-03-20,36.64803695678711,42.880001068115234,0.0,42.97999954223633,42.4900016784668,42.560001373291016,0.0,71904500
2015-03-23,36.630943298339844,42.86000061035156,0.0,43.130001068115234,42.779998779296875,42.880001068115234,0.0,26246100
2015-03-24,36.66513442993164,42.900001525878906,0.0,43.16999816894531,42.75,42.779998779296875,0.0,25513300
2015-03-25,35.434410095214844,41.459999084472656,0.0,42.93000030517578,41.439998626708984,42.91999816894531,0.0,43469900
2015-03-26,35.22075271606445,41.209999084472656,0.0,41.61000061035156,40.91999816894531,41.220001220703125,0.0,37495600
2015-03-27,35.01563262939453,40.970001220703125,0.0,41.43000030517578,40.83000183105469,41.119998931884766,0.0,34401400
2015-03-30,35.007076263427734,40.959999084472656,0.0,41.540000915527344,40.90999984741211,41.099998474121094,0.0,35049700
2015-03-31,34.75067901611328,40.65999984741211,0.0,41.029998779296875,40.540000915527344,40.779998779296875,0.0,34887200
2015-04-01,34.801963806152344,40.720001220703125,0.0,40.7599983215332,40.310001373291016,40.599998474121094,0.0,36865300
2015-04-02,34.43445587158203,40.290000915527344,0.0,40.7400016784668,40.119998931884766,40.65999984741211,0.0,37487500
2015-04-06,35.5113410949707,41.54999923706055,0.0,41.779998779296875,40.18000030517578,40.34000015258789,0.0,39223700
2015-04-07,35.49424362182617,41.529998779296875,0.0,41.90999984741211,41.310001373291016,41.61000061035156,0.0,28809400
2015-04-08,35.40022659301758,41.41999816894531,0.0,41.689998626708984,41.040000915527344,41.459999084472656,0.0,24753400
2015-04-09,35.45150375366211,41.47999954223633,0.0,41.619998931884766,41.25,41.25,0.0,25723900
2015-04-10,35.656639099121094,41.720001220703125,0.0,41.95000076293945,41.40999984741211,41.630001068115234,0.0,28022000
2015-04-13,35.690818786621094,41.7599983215332,0.0,42.060001373291016,41.38999938964844,41.400001525878906,0.0,30276700
2015-04-14,35.596805572509766,41.650001525878906,0.0,42.029998779296875,41.38999938964844,41.79999923706055,0.0,24244400
2015-04-15,36.11815643310547,42.2599983215332,0.0,42.459999084472656,41.68000030517578,41.7599983215332,0.0,27343600
2015-04-16,36.032676696777344,42.15999984741211,0.0,42.34000015258789,41.81999969482422,41.95000076293945,0.0,22509700
2015-04-17,35.5711669921875,41.619998931884766,0.0,41.7400016784668,41.15999984741211,41.66999816894531,0.0,42387600
2015-04-20,36.67367935180664,42.90999984741211,0.0,43.16999816894531,41.68000030517578,41.72999954223633,0.0,46057700
2015-04-21,36.44291687011719,42.63999938964844,0.0,43.150001525878906,42.529998779296875,43.0,0.0,26013800
2015-04-22,36.74205017089844,42.9900016784668,0.0,43.130001068115234,42.54999923706055,42.66999816894531,0.0,25064300
2015-04-23,37.04118728637695,43.34000015258789,0.0,43.61000061035156,42.79999923706055,42.88999938964844,0.0,46309500
2015-04-24,40.912818908691406,47.869998931884766,0.0,48.13999938964844,45.650001525878906,45.65999984741211,0.0,130933700
2015-04-27,41.049560546875,48.029998779296875,0.0,48.130001068115234,47.220001220703125,47.22999954223633,0.0,59248200
2015-04-28,42.01533508300781,49.15999984741211,0.0,49.209999084472656,47.70000076293945,47.779998779296875,0.0,60730800
2015-04-29,41.92988204956055,49.060001373291016,0.0,49.310001373291016,48.5,48.720001220703125,0.0,47804600
2015-04-30,41.57090759277344,48.63999938964844,0.0,49.540000915527344,48.599998474121094,48.70000076293945,0.0,64725500
2015-05-01,41.588008880615234,48.65999984741211,0.0,48.880001068115234,48.400001525878906,48.58000183105469,0.0,38937300
2015-05-04,41.22905731201172,48.2400016784668,0.0,48.869998931884766,48.18000030517578,48.369998931884766,0.0,34039500
2015-05-05,40.68206787109375,47.599998474121094,0.0,48.15999984741211,47.310001373291016,47.81999969482422,0.0,50369200
2015-05-06,39.55388259887695,46.279998779296875,0.0,47.77000045776367,46.02000045776367,47.56999969482422,0.0,52433000
2015-05-07,39.912872314453125,46.70000076293945,0.0,47.09000015258789,46.15999984741211,46.27000045776367,0.0,32971700
2015-05-08,40.81026077270508,47.75,0.0,47.97999954223633,47.52000045776367,47.54999923706055,0.0,35364900
2015-05-11,40.4854736328125,47.369998931884766,0.0,47.90999984741211,47.369998931884766,47.54999923706055,0.0,24609400
2015-05-12,40.46839141845703,47.349998474121094,0.0,47.68000030517578,46.41999816894531,46.849998474121094,0.0,29928300
2015-05-13,40.70770263671875,47.630001068115234,0.0,48.31999969482422,47.56999969482422,48.189998626708984,0.0,34184600
2015-05-14,41.639286041259766,48.720001220703125,0.0,48.81999969482422,48.029998779296875,48.029998779296875,0.0,32980900
2015-05-15,41.28032302856445,48.29999923706055,0.0,48.90999984741211,48.04999923706055,48.869998931884766,0.0,28642700
2015-05-18,41.032470703125,48.0099983215332,0.0,48.220001220703125,47.61000061035156,47.97999954223633,0.0,24136500
2015-05-19,40.92924118041992,47.58000183105469,0.31,47.810001373291016,47.18000030517578,47.560001373291016,0.0,28574800
2015-05-20,40.92924118041992,47.58000183105469,0.0,47.93000030517578,47.27000045776367,47.38999938964844,0.0,25047900
2015-05-21,40.7916145324707,47.41999816894531,0.0,47.599998474121094,47.0099983215332,47.279998779296875,0.0,22410700
2015-05-22,40.344303131103516,46.900001525878906,0.0,47.349998474121094,46.81999969482422,47.29999923706055,0.0,25720600
2015-05-26,40.07763671875,46.59000015258789,0.0,46.880001068115234,46.189998626708984,46.83000183105469,0.0,29581900
2015-05-27,40.955055236816406,47.61000061035156,0.0,47.77000045776367,46.619998931884766,46.81999969482422,0.0,27335600
2015-05-28,40.81741714477539,47.45000076293945,0.0,48.02000045776367,47.38999938964844,47.5,0.0,19283700
2015-05-29,40.30989074707031,46.86000061035156,0.0,47.56999969482422,46.59000015258789,47.43000030517578,0.0,36519600
2015-06-01,40.62818145751953,47.22999954223633,0.0,47.77000045776367,46.619998931884766,47.060001373291016,0.0,28837300
2015-06-02,40.36149978637695,46.91999816894531,0.0,47.349998474121094,46.619998931884766,46.93000030517578,0.0,21498300
2015-06-03,40.30129623413086,46.849998474121094,0.0,47.7400016784668,46.81999969482422,47.369998931884766,0.0,28002200
2015-06-04,39.879783630371094,46.36000061035156,0.0,47.15999984741211,46.20000076293945,46.790000915527344,0.0,27745500
2015-06-05,39.69053268432617,46.13999938964844,0.0,46.52000045776367,45.84000015258789,46.310001373291016,0.0,25438100
2015-06-08,39.337852478027344,45.72999954223633,0.0,46.43000030517578,45.66999816894531,46.29999923706055,0.0,22121600
2015-06-09,39.26900863647461,45.650001525878906,0.0,45.939998626708984,45.459999084472656,45.7599983215332,0.0,24406100
2015-06-10,40.0948371887207,46.61000061035156,0.0,46.83000183105469,45.689998626708984,45.790000915527344,0.0,28417400
2015-06-11,39.9485969543457,46.439998626708984,0.0,46.91999816894531,46.130001068115234,46.65999984741211,0.0,27347800
2015-06-12,39.544288635253906,45.970001220703125,0.0,46.470001220703125,45.900001525878906,46.220001220703125,0.0,23931000
2015-06-15,39.1227912902832,45.47999954223633,0.0,45.650001525878906,45.02000045776367,45.45000076293945,0.0,33254500
2015-06-16,39.423858642578125,45.83000183105469,0.0,46.2400016784668,45.29999923706055,45.349998474121094,0.0,27070300
2015-06-17,39.544288635253906,45.970001220703125,0.0,46.06999969482422,45.36000061035156,45.72999954223633,0.0,28704100
2015-06-18,40.18946075439453,46.720001220703125,0.0,46.79999923706055,46.16999816894531,46.220001220703125,0.0,32658300
2015-06-19,39.65610885620117,46.099998474121094,0.0,46.83000183105469,45.9900016784668,46.790000915527344,0.0,63837000
2015-06-22,39.767940521240234,46.22999954223633,0.0,46.720001220703125,46.15999984741211,46.33000183105469,0.0,20318100
2015-06-23,39.492671966552734,45.90999984741211,0.0,46.279998779296875,45.619998931884766,46.130001068115234,0.0,25896500
2015-06-24,39.260406494140625,45.63999938964844,0.0,46.25,45.54999923706055,45.66999816894531,0.0,34890900
2015-06-25,39.26900863647461,45.650001525878906,0.0,46.060001373291016,45.5,46.029998779296875,0.0,20616000
2015-06-26,38.93353271484375,45.2599983215332,0.0,46.279998779296875,45.029998779296875,45.650001525878906,0.0,49835300
2015-06-29,38.16794967651367,44.369998931884766,0.0,45.22999954223633,44.36000061035156,45.040000915527344,0.0,34081700
2015-06-30,37.978702545166016,44.150001525878906,0.0,44.720001220703125,43.939998626708984,44.709999084472656,0.0,35945400
2015-07-01,38.23676300048828,44.45000076293945,0.0,45.22999954223633,44.099998474121094,44.459999084472656,0.0,28343900
2015-07-02,38.19374465942383,44.400001525878906,0.0,44.75,44.060001373291016,44.47999954223633,0.0,21752000
2015-07-06,38.185142517089844,44.38999938964844,0.0,44.47999954223633,43.95000076293945,43.959999084472656,0.0,23034000
2015-07-07,38.10771942138672,44.29999923706055,0.0,44.4900016784668,43.31999969482422,44.34000015258789,0.0,36435800
2015-07-08,38.05611038208008,44.2400016784668,0.0,44.900001525878906,44.029998779296875,44.439998626708984,0.0,39785900
2015-07-09,38.296966552734375,44.52000045776367,0.0,45.220001220703125,44.5,44.75,0.0,32424700
2015-07-10,38.3743896484375,44.61000061035156,0.0,45.13999938964844,44.56999969482422,45.0099983215332,0.0,25465800
2015-07-13,39.17439270019531,45.540000915527344,0.0,45.619998931884766,44.95000076293945,44.97999954223633,0.0,28178300
2015-07-14,39.24320602416992,45.619998931884766,0.0,45.959999084472656,45.310001373291016,45.45000076293945,0.0,22880300
2015-07-15,39.363643646240234,45.7599983215332,0.0,45.88999938964844,45.43000030517578,45.68000030517578,0.0,26629600
2015-07-16,40.137840270996094,46.65999984741211,0.0,46.689998626708984,45.970001220703125,46.0099983215332,0.0,26271700
2015-07-17,40.10343551635742,46.619998931884766,0.0,46.779998779296875,46.2599983215332,46.54999923706055,0.0,29467100
2015-07-20,40.36149978637695,46.91999816894531,0.0,47.130001068115234,46.439998626708984,46.650001525878906,0.0,30631900
2015-07-21,40.67118453979492,47.279998779296875,0.0,47.33000183105469,46.47999954223633,46.779998779296875,0.0,42781900
2015-07-22,39.17439270019531,45.540000915527344,0.0,46.93000030517578,45.20000076293945,45.439998626708984,0.0,59152400
2015-07-23,39.664730072021484,46.11000061035156,0.0,46.22999954223633,45.099998474121094,45.27000045776367,0.0,33934000
2015-07-24,39.51848220825195,45.939998626708984,0.0,46.31999969482422,45.79999923706055,45.90999984741211,0.0,32333200
2015-07-27,39.01095962524414,45.349998474121094,0.0,46.0099983215332,45.25,45.939998626708984,0.0,39701400
2015-07-28,39.00235366821289,45.34000015258789,0.0,45.63999938964844,44.790000915527344,45.58000183105469,0.0,34328900
2015-07-29,39.81956100463867,46.290000915527344,0.0,46.779998779296875,45.2599983215332,45.400001525878906,0.0,40945900
2015-07-30,40.32709503173828,46.880001068115234,0.0,47.400001525878906,45.93000030517578,46.2599983215332,0.0,39777900
2015-07-31,40.17226028442383,46.70000076293945,0.0,47.369998931884766,46.5,47.290000915527344,0.0,31201500
2015-08-03,40.26686096191406,46.810001373291016,0.0,47.0,46.45000076293945,46.97999954223633,0.0,24125900
2015-08-04,40.894832611083984,47.540000915527344,0.0,47.709999084472656,46.68000030517578,46.75,0.0,33403900
2015-08-05,40.92924118041992,47.58000183105469,0.0,48.40999984741211,47.540000915527344,47.97999954223633,0.0,26959700
2015-08-06,40.10343551635742,46.619998931884766,0.0,47.77000045776367,46.33000183105469,47.709999084472656,0.0,27368000
2015-08-07,40.2066650390625,46.7400016784668,0.0,46.779998779296875,46.2599983215332,46.38999938964844,0.0,19163000
2015-08-10,40.71418762207031,47.33000183105469,0.0,47.4900016784668,46.84000015258789,46.95000076293945,0.0,23079900
2015-08-11,39.92279052734375,46.40999984741211,0.0,46.939998626708984,45.900001525878906,46.81999969482422,0.0,29237400
2015-08-12,40.2066650390625,46.7400016784668,0.0,46.900001525878906,45.709999084472656,46.189998626708984,0.0,30181400
2015-08-13,40.19805908203125,46.72999954223633,0.0,47.099998474121094,46.4900016784668,47.060001373291016,0.0,22627200
2015-08-14,40.43032455444336,47.0,0.0,47.099998474121094,46.52000045776367,46.529998779296875,0.0,21473400
2015-08-17,40.70558547973633,47.31999969482422,0.0,47.45000076293945,46.56999969482422,46.810001373291016,0.0,21099700
2015-08-18,40.930728912353516,47.27000045776367,0.31,47.43000030517578,46.70000076293945,46.84000015258789,0.0,23574100
2015-08-19,40.35923385620117,46.61000061035156,0.0,47.08000183105469,46.29999923706055,46.779998779296875,0.0,31485500
2015-08-20,39.536624908447266,45.65999984741211,0.0,46.470001220703125,45.65999984741211,46.06999969482422,0.0,36238200
2015-08-21,37.29397201538086,43.06999969482422,0.0,45.47999954223633,43.06999969482422,45.29999923706055,0.0,70053100
2015-08-24,36.090396881103516,41.68000030517578,0.0,42.689998626708984,39.720001220703125,40.45000076293945,0.0,88753700
2015-08-25,35.04264450073242,40.470001220703125,0.0,43.2400016784668,40.38999938964844,42.56999969482422,0.0,70616600
2015-08-26,36.98223876953125,42.709999084472656,0.0,42.84000015258789,41.060001373291016,42.0099983215332,0.0,63408000
2015-08-27,38.01267623901367,43.900001525878906,0.0,43.95000076293945,42.93000030517578,43.22999954223633,0.0,50943200
2015-08-28,38.03863525390625,43.93000030517578,0.0,44.150001525878906,43.38999938964844,43.400001525878906,0.0,28246700
2015-08-31,37.683616638183594,43.52000045776367,0.0,43.93000030517578,43.099998474121094,43.560001373291016,0.0,34441700
2015-09-01,36.211605072021484,41.81999969482422,0.0,42.59000015258789,41.65999984741211,42.16999816894531,0.0,49688900
2015-09-02,37.54506301879883,43.36000061035156,0.0,43.380001068115234,41.880001068115234,42.36000061035156,0.0,37671500
2015-09-03,37.66630554199219,43.5,0.0,43.97999954223633,43.279998779296875,43.40999984741211,0.0,28285200
2015-09-04,36.895660400390625,42.61000061035156,0.0,43.040000915527344,42.20000076293945,42.810001373291016,0.0,37138800
2015-09-08,38.004005432128906,43.88999938964844,0.0,44.0,43.20000076293945,43.29999923706055,0.0,32469800
2015-09-09,37.29397201538086,43.06999969482422,0.0,44.400001525878906,42.90999984741211,44.209999084472656,0.0,33469500
2015-09-10,37.48446273803711,43.290000915527344,0.0,43.790000915527344,42.75,43.119998931884766,0.0,31366600
2015-09-11,37.648983001708984,43.47999954223633,0.0,43.59000015258789,42.939998626708984,43.13999938964844,0.0,27132500
2015-09-14,37.268001556396484,43.040000915527344,0.0,43.439998626708984,42.86000061035156,43.43000030517578,0.0,23656000
2015-09-15,38.08194351196289,43.97999954223633,0.0,44.290000915527344,43.08000183105469,43.189998626708984,0.0,28882200
2015-09-16,38.359012603759766,44.29999923706055,0.0,44.380001068115234,43.84000015258789,43.970001220703125,0.0,23372200
2015-09-17,38.31571578979492,44.25,0.0,45.0,44.08000183105469,44.290000915527344,0.0,32768200
2015-09-18,37.648983001708984,43.47999954223633,0.0,43.9900016784668,43.33000183105469,43.5,0.0,63143700
2015-09-21,38.19449234008789,44.11000061035156,0.0,44.470001220703125,43.599998474121094,43.619998931884766,0.0,26177200
2015-09-22,38.01267623901367,43.900001525878906,0.0,44.04999923706055,43.310001373291016,43.380001068115234,0.0,28085900
2015-09-23,37.9866828918457,43.869998931884766,0.0,44.16999816894531,43.5099983215332,43.93000030517578,0.0,17145200
2015-09-24,38.02132797241211,43.90999984741211,0.0,44.130001068115234,43.27000045776367,43.45000076293945,0.0,27905600
2015-09-25,38.04731369018555,43.939998626708984,0.0,44.72999954223633,43.7599983215332,44.47999954223633,0.0,29384600
2015-09-28,37.48446273803711,43.290000915527344,0.0,44.09000015258789,43.209999084472656,43.83000183105469,0.0,27613800
2015-09-29,37.61436080932617,43.439998626708984,0.0,43.56999969482422,43.04999923706055,43.369998931884766,0.0,32763600
2015-09-30,38.324378967285156,44.2599983215332,0.0,44.29999923706055,43.65999984741211,43.880001068115234,0.0,34958900
2015-10-01,38.62744903564453,44.61000061035156,0.0,44.75,43.75,44.75,0.0,28657900
2015-10-02,39.45870590209961,45.56999969482422,0.0,45.56999969482422,43.91999816894531,44.27000045776367,0.0,41839000
2015-10-05,40.37654495239258,46.630001068115234,0.0,46.88999938964844,45.70000076293945,45.75,0.0,34369300
2015-10-06,40.48045349121094,46.75,0.0,47.18000030517578,46.220001220703125,46.33000183105469,0.0,27017200
2015-10-07,40.52375030517578,46.79999923706055,0.0,47.349998474121094,45.95000076293945,47.099998474121094,0.0,27711500
2015-10-08,41.086585998535156,47.45000076293945,0.0,47.52000045776367,46.5,46.560001373291016,0.0,33772700
2015-10-09,40.79218292236328,47.11000061035156,0.0,47.540000915527344,46.91999816894531,47.45000076293945,0.0,28600600
2015-10-12,40.696937561035156,47.0,0.0,47.06999969482422,46.5,46.97999954223633,0.0,19769100
2015-10-13,40.601688385009766,46.88999938964844,0.0,47.130001068115234,46.560001373291016,46.560001373291016,0.0,19987800
2015-10-14,40.41985321044922,46.68000030517578,0.0,47.099998474121094,46.529998779296875,46.650001525878906,0.0,24697800
2015-10-15,40.70560073852539,47.0099983215332,0.0,47.029998779296875,46.529998779296875,47.0099983215332,0.0,27189400
2015-10-16,41.13852310180664,47.5099983215332,0.0,47.540000915527344,46.900001525878906,47.02000045776367,0.0,26450300
2015-10-19,41.2337760925293,47.619998931884766,0.0,47.880001068115234,47.02000045776367,47.41999816894531,0.0,29387600
2015-10-20,41.36366271972656,47.77000045776367,0.0,47.810001373291016,47.02000045776367,47.439998626708984,0.0,30802200
2015-10-21,40.87010955810547,47.20000076293945,0.0,47.9900016784668,47.11000061035156,47.91999816894531,0.0,25144300
2015-10-22,41.58879089355469,48.029998779296875,0.0,48.95000076293945,47.09000015258789,47.529998779296875,0.0,56637100
2015-10-23,45.77970886230469,52.869998931884766,0.0,54.06999969482422,52.25,52.29999923706055,0.0,135227100
2015-10-26,46.974647521972656,54.25,0.0,54.31999969482422,52.5,52.529998779296875,0.0,64633300
2015-10-27,46.48974609375,53.689998626708984,0.0,54.369998931884766,53.58000183105469,53.9900016784668,0.0,50999900
2015-10-28,46.74085235595703,53.97999954223633,0.0,53.97999954223633,52.86000061035156,53.540000915527344,0.0,47000800
2015-10-29,46.20400619506836,53.36000061035156,0.0,53.83000183105469,53.220001220703125,53.540000915527344,0.0,30202100
2015-10-30,45.58056640625,52.63999938964844,0.0,53.9900016784668,52.619998931884766,53.31999969482422,0.0,46619800
2015-11-02,46.10009765625,53.2400016784668,0.0,53.36000061035156,52.619998931884766,52.849998474121094,0.0,30285000
2015-11-03,46.8880729675293,54.150001525878906,0.0,54.38999938964844,52.900001525878906,52.93000030517578,0.0,36596900
2015-11-04,47.10453414916992,54.400001525878906,0.0,54.880001068115234,54.060001373291016,54.18000030517578,0.0,37087800
2015-11-05,47.087215423583984,54.380001068115234,0.0,54.70000076293945,54.0,54.4900016784668,0.0,31468500
2015-11-06,47.554805755615234,54.91999816894531,0.0,54.97999954223633,53.959999084472656,54.09000015258789,0.0,32851200
2015-11-09,46.896728515625,54.15999984741211,0.0,54.869998931884766,53.560001373291016,54.54999923706055,0.0,32513100
2015-11-10,46.33387756347656,53.5099983215332,0.0,54.130001068115234,53.27000045776367,54.06999969482422,0.0,55283700
2015-11-11,46.45512008666992,53.650001525878906,0.0,54.20000076293945,53.459999084472656,53.70000076293945,0.0,36516300
2015-11-12,46.16938018798828,53.31999969482422,0.0,53.97999954223633,53.189998626708984,53.47999954223633,0.0,35361100
2015-11-13,45.753746032714844,52.84000015258789,0.0,53.290000915527344,52.529998779296875,53.06999969482422,0.0,36848200
2015-11-16,46.55902099609375,53.77000045776367,0.0,53.88999938964844,52.849998474121094,53.08000183105469,0.0,32165200
2015-11-17,46.17546081542969,52.970001220703125,0.36,53.529998779296875,52.849998474121094,53.16999816894531,0.0,31551300
2015-11-18,46.94257354736328,53.849998474121094,0.0,53.97999954223633,52.97999954223633,53.0,0.0,29710000
2015-11-19,47.02102279663086,53.939998626708984,0.0,54.65999984741211,53.779998779296875,53.9900016784668,0.0,28149200
2015-11-20,47.238975524902344,54.189998626708984,0.0,54.29999923706055,53.27000045776367,54.25,0.0,37147600
2015-11-23,47.238975524902344,54.189998626708984,0.0,54.459999084472656,53.75,54.25,0.0,28235900
2015-11-24,47.291263580322266,54.25,0.0,54.439998626708984,53.58000183105469,53.91999816894531,0.0,24600000
2015-11-25,46.8031005859375,53.689998626708984,0.0,54.22999954223633,53.689998626708984,54.09000015258789,0.0,21005100
2015-11-27,47.01231384277344,53.93000030517578,0.0,54.08000183105469,53.790000915527344,53.79999923706055,0.0,9009100
2015-11-30,47.378448486328125,54.349998474121094,0.0,54.959999084472656,54.0,54.540000915527344,0.0,56241400
2015-12-01,48.13684844970703,55.220001220703125,0.0,55.22999954223633,54.29999923706055,54.40999984741211,0.0,39952800
2015-12-02,48.12812805175781,55.209999084472656,0.0,55.959999084472656,55.060001373291016,55.31999969482422,0.0,47274900
2015-12-03,47.24768829345703,54.20000076293945,0.0,55.77000045776367,53.93000030517578,55.4900016784668,0.0,38627800
2015-12-04,48.738338470458984,55.90999984741211,0.0,56.22999954223633,54.099998474121094,54.119998931884766,0.0,43963700
2015-12-07,48.651180267333984,55.810001373291016,0.0,55.970001220703125,55.290000915527344,55.790000915527344,0.0,30709800
2015-12-08,48.63373947143555,55.790000915527344,0.0,56.099998474121094,54.9900016784668,55.470001220703125,0.0,32878000
2015-12-09,47.92763137817383,54.97999954223633,0.0,55.869998931884766,54.5099983215332,55.369998931884766,0.0,36373200
2015-12-10,48.18043518066406,55.27000045776367,0.0,55.65999984741211,55.0099983215332,55.38999938964844,0.0,31775800
2015-12-11,47.12564468383789,54.060001373291016,0.0,55.099998474121094,54.0099983215332,54.709999084472656,0.0,39549500
2015-12-14,48.06711196899414,55.13999938964844,0.0,55.209999084472656,53.68000030517578,54.33000183105469,0.0,46768900
2015-12-15,48.11941909790039,55.20000076293945,0.0,55.900001525878906,55.09000015258789,55.65999984741211,0.0,39843000
2015-12-16,48.93012619018555,56.130001068115234,0.0,56.25,54.7599983215332,55.540000915527344,0.0,37503300
2015-12-17,48.555274963378906,55.70000076293945,0.0,56.790000915527344,55.529998779296875,56.36000061035156,0.0,41280900
2015-12-18,47.18666458129883,54.130001068115234,0.0,56.0,54.029998779296875,55.77000045776367,0.0,84684200
2015-12-21,47.796875,54.83000183105469,0.0,55.349998474121094,54.22999954223633,54.880001068115234,0.0,37246300
2015-12-22,48.25017166137695,55.349998474121094,0.0,55.47999954223633,54.5,54.9900016784668,0.0,28322200
2015-12-23,48.659889221191406,55.81999969482422,0.0,55.880001068115234,55.439998626708984,55.70000076293945,0.0,27279800
2015-12-24,48.52912139892578,55.66999816894531,0.0,55.959999084472656,55.43000030517578,55.86000061035156,0.0,9558500
2015-12-28,48.7732048034668,55.95000076293945,0.0,55.95000076293945,54.97999954223633,55.349998474121094,0.0,22458300
2015-12-29,49.29623794555664,56.54999923706055,0.0,56.849998474121094,56.060001373291016,56.290000915527344,0.0,27731400
2015-12-30,49.087032318115234,56.310001373291016,0.0,56.779998779296875,56.290000915527344,56.470001220703125,0.0,21704500
2015-12-31,48.363494873046875,55.47999954223633,0.0,56.189998626708984,55.41999816894531,56.040000915527344,0.0,27334100
2016-01-04,47.770729064941406,54.79999923706055,0.0,54.79999923706055,53.38999938964844,54.31999969482422,0.0,53778000
2016-01-05,47.988651275634766,55.04999923706055,0.0,55.38999938964844,54.540000915527344,54.93000030517578,0.0,34079700
2016-01-06,47.116912841796875,54.04999923706055,0.0,54.400001525878906,53.63999938964844,54.31999969482422,0.0,39518900
2016-01-07,45.47806930541992,52.16999816894531,0.0,53.4900016784668,52.06999969482422,52.70000076293945,0.0,56564900
2016-01-08,45.617557525634766,52.33000183105469,0.0,53.279998779296875,52.150001525878906,52.369998931884766,0.0,48754000
2016-01-11,45.59140396118164,52.29999923706055,0.0,52.849998474121094,51.459999084472656,52.5099983215332,0.0,36943800
2016-01-12,46.009830474853516,52.779998779296875,0.0,53.099998474121094,52.060001373291016,52.7599983215332,0.0,36095500
2016-01-13,45.016056060791016,51.63999938964844,0.0,54.06999969482422,51.29999923706055,53.79999923706055,0.0,66883600
2016-01-14,46.2974967956543,53.11000061035156,0.0,53.41999816894531,51.56999969482422,52.0,0.0,52381900
2016-01-15,44.449432373046875,50.9900016784668,0.0,51.970001220703125,50.34000015258789,51.310001373291016,0.0,71820700
2016-01-19,44.07460021972656,50.560001373291016,0.0,51.68000030517578,50.060001373291016,51.47999954223633,0.0,43564500
2016-01-20,44.275089263916016,50.790000915527344,0.0,51.380001068115234,49.099998474121094,49.97999954223633,0.0,63273000
2016-01-21,44.00484848022461,50.47999954223633,0.0,51.58000183105469,50.29999923706055,51.0,0.0,40191200
2016-01-22,45.582672119140625,52.290000915527344,0.0,52.33000183105469,51.2599983215332,51.40999984741211,0.0,37555800
2016-01-25,45.14681625366211,51.790000915527344,0.0,52.650001525878906,51.650001525878906,51.939998626708984,0.0,34707700
2016-01-26,45.47806930541992,52.16999816894531,0.0,52.439998626708984,51.54999923706055,51.790000915527344,0.0,28900800
2016-01-27,44.64994812011719,51.220001220703125,0.0,52.20000076293945,51.02000045776367,52.0099983215332,0.0,36775200
2016-01-28,45.38218688964844,52.060001373291016,0.0,52.209999084472656,51.25,51.86000061035156,0.0,62513800
2016-01-29,48.023529052734375,55.09000015258789,0.0,55.09000015258789,54.0,54.72999954223633,0.0,83611700
2016-02-01,47.6922607421875,54.709999084472656,0.0,55.09000015258789,54.5,54.880001068115234,0.0,44208500
2016-02-02,46.20159912109375,53.0,0.0,54.2599983215332,52.650001525878906,54.16999816894531,0.0,56313800
2016-02-03,45.469356536865234,52.15999984741211,0.0,53.38999938964844,51.2599983215332,53.25,0.0,57559800
2016-02-04,45.329872131347656,52.0,0.0,52.810001373291016,51.369998931884766,52.099998474121094,0.0,46987100
2016-02-05,43.72590637207031,50.15999984741211,0.0,52.0,49.560001373291016,51.939998626708984,0.0,62009000
2016-02-08,43.07209777832031,49.40999984741211,0.0,49.56999969482422,48.189998626708984,49.54999923706055,0.0,59290500
2016-02-09,42.958778381347656,49.279998779296875,0.0,50.2400016784668,48.66999816894531,49.02000045776367,0.0,46740500
2016-02-10,43.33362579345703,49.709999084472656,0.0,50.38999938964844,49.52000045776367,49.88999938964844,0.0,38237000
2016-02-11,43.31618118286133,49.689998626708984,0.0,50.11000061035156,48.5099983215332,48.68000030517578,0.0,48878600
2016-02-12,44.02228927612305,50.5,0.0,50.68000030517578,49.75,50.25,0.0,34243300
2016-02-16,44.85638427734375,51.09000015258789,0.36,51.09000015258789,50.130001068115234,50.900001525878906,0.0,37291200
2016-02-17,46.02409362792969,52.41999816894531,0.0,52.77000045776367,51.45000076293945,51.4900016784668,0.0,40789000
2016-02-18,45.822174072265625,52.189998626708984,0.0,52.95000076293945,52.099998474121094,52.33000183105469,0.0,27176000
2016-02-19,45.497314453125,51.81999969482422,0.0,52.279998779296875,51.529998779296875,51.970001220703125,0.0,33559100
2016-02-22,46.226043701171875,52.650001525878906,0.0,53.0,52.279998779296875,52.279998779296875,0.0,25008300
2016-02-23,44.935401916503906,51.18000030517578,0.0,52.369998931884766,50.97999954223633,52.34000015258789,0.0,28895300
2016-02-24,45.09343338012695,51.36000061035156,0.0,51.5,50.20000076293945,50.689998626708984,0.0,33014500
2016-02-25,45.74312973022461,52.099998474121094,0.0,52.099998474121094,50.61000061035156,51.72999954223633,0.0,26939500
2016-02-26,45.04075622558594,51.29999923706055,0.0,52.68000030517578,51.099998474121094,52.599998474121094,0.0,35975900
2016-02-29,44.672000885009766,50.880001068115234,0.0,51.650001525878906,50.65999984741211,51.349998474121094,0.0,31654000
2016-03-01,46.16458511352539,52.58000183105469,0.0,52.59000015258789,50.91999816894531,50.970001220703125,0.0,33024500
2016-03-02,46.48944091796875,52.95000076293945,0.0,52.959999084472656,52.15999984741211,52.40999984741211,0.0,29289900
2016-03-03,45.96263885498047,52.349998474121094,0.0,52.970001220703125,51.779998779296875,52.970001220703125,0.0,24427800
2016-03-04,45.68169021606445,52.029998779296875,0.0,52.45000076293945,51.709999084472656,52.400001525878906,0.0,33034200
2016-03-07,44.803688049316406,51.029998779296875,0.0,51.79999923706055,50.58000183105469,51.560001373291016,0.0,38407800
2016-03-08,45.348052978515625,51.650001525878906,0.0,52.130001068115234,50.599998474121094,50.79999923706055,0.0,33835100
2016-03-09,46.392860412597656,52.84000015258789,0.0,52.849998474121094,51.86000061035156,51.88999938964844,0.0,28251600
2016-03-10,45.69924545288086,52.04999923706055,0.0,52.939998626708984,51.15999984741211,52.93000030517578,0.0,38387800
2016-03-11,46.59480285644531,53.06999969482422,0.0,53.06999969482422,52.380001068115234,53.0,0.0,32275700
2016-03-14,46.68258285522461,53.16999816894531,0.0,53.59000015258789,52.630001068115234,52.709999084472656,0.0,24083600
2016-03-15,47.05135726928711,53.59000015258789,0.0,53.59000015258789,52.7400016784668,52.75,0.0,21104800
2016-03-16,47.7186279296875,54.349998474121094,0.0,54.599998474121094,53.400001525878906,53.45000076293945,0.0,31691700
2016-03-17,47.99079132080078,54.65999984741211,0.0,55.0,54.0,54.209999084472656,0.0,28223900
2016-03-18,46.96354293823242,53.4900016784668,0.0,54.970001220703125,53.45000076293945,54.91999816894531,0.0,67625500
2016-03-21,47.28839874267578,53.86000061035156,0.0,53.93000030517578,52.93000030517578,53.25,0.0,23925700
2016-03-22,47.47278594970703,54.06999969482422,0.0,54.25,53.459999084472656,53.61000061035156,0.0,23124100
2016-03-23,47.384986877441406,53.970001220703125,0.0,54.2400016784668,53.7400016784668,54.11000061035156,0.0,20129000
2016-03-24,47.59569549560547,54.209999084472656,0.0,54.33000183105469,53.72999954223633,53.84000015258789,0.0,19950000
2016-03-28,47.007442474365234,53.540000915527344,0.0,54.290000915527344,53.33000183105469,54.209999084472656,0.0,17025100
2016-03-29,48.03468704223633,54.709999084472656,0.0,54.86000061035156,53.45000076293945,53.65999984741211,0.0,23924300
2016-03-30,48.33320617675781,55.04999923706055,0.0,55.63999938964844,54.900001525878906,54.93000030517578,0.0,23008300
2016-03-31,48.49125289916992,55.22999954223633,0.0,55.59000015258789,54.86000061035156,54.95000076293945,0.0,26360500
2016-04-01,48.78976821899414,55.56999969482422,0.0,55.61000061035156,54.56999969482422,55.04999923706055,0.0,24399200
2016-04-04,48.666847229003906,55.43000030517578,0.0,55.65999984741211,55.0,55.43000030517578,0.0,18928800
2016-04-05,47.90300369262695,54.560001373291016,0.0,55.29999923706055,54.459999084472656,55.189998626708984,0.0,19272300
2016-04-06,48.39466094970703,55.119998931884766,0.0,55.20000076293945,54.209999084472656,54.36000061035156,0.0,21188700
2016-04-07,47.81519317626953,54.459999084472656,0.0,54.90999984741211,54.22999954223633,54.869998931884766,0.0,19225100
2016-04-08,47.78008270263672,54.41999816894531,0.0,55.279998779296875,54.31999969482422,54.66999816894531,0.0,22167200
2016-04-11,47.683502197265625,54.310001373291016,0.0,55.150001525878906,54.29999923706055,54.4900016784668,0.0,21414200
2016-04-12,47.98200607299805,54.650001525878906,0.0,54.779998779296875,53.7599983215332,54.369998931884766,0.0,24944300
2016-04-13,48.59660339355469,55.349998474121094,0.0,55.439998626708984,54.88999938964844,55.119998931884766,0.0,20818000
2016-04-14,48.60538101196289,55.36000061035156,0.0,55.58000183105469,55.06999969482422,55.220001220703125,0.0,20877100
2016-04-15,48.86000442504883,55.650001525878906,0.0,55.91999816894531,55.11000061035156,55.29999923706055,0.0,28793800
2016-04-18,49.57115936279297,56.459999084472656,0.0,56.59000015258789,55.209999084472656,55.4900016784668,0.0,23786000
2016-04-19,49.50971603393555,56.38999938964844,0.0,56.77000045776367,55.68000030517578,56.630001068115234,0.0,29596800
2016-04-20,48.807315826416016,55.59000015258789,0.0,56.5,55.4900016784668,56.290000915527344,0.0,36195700
2016-04-21,48.974143981933594,55.779998779296875,0.0,56.22999954223633,55.41999816894531,55.79999923706055,0.0,38909100
2016-04-22,45.462188720703125,51.779998779296875,0.0,52.43000030517578,50.77000045776367,51.90999984741211,0.0,126834100
2016-04-25,45.751914978027344,52.11000061035156,0.0,52.130001068115234,51.630001068115234,51.779998779296875,0.0,33226900
2016-04-26,45.16366958618164,51.439998626708984,0.0,52.349998474121094,51.09000015258789,52.2599983215332,0.0,33532600
2016-04-27,44.72468185424805,50.939998626708984,0.0,51.5,50.54999923706055,51.47999954223633,0.0,43369300
2016-04-28,43.81156539916992,49.900001525878906,0.0,50.77000045776367,49.560001373291016,50.619998931884766,0.0,43134800
2016-04-29,43.78522872924805,49.869998931884766,0.0,50.25,49.349998474121094,49.349998474121094,0.0,48411700
2016-05-02,44.4349479675293,50.61000061035156,0.0,50.75,49.779998779296875,50.0,0.0,33114500
2016-05-03,43.70621109008789,49.779998779296875,0.0,50.40999984741211,49.599998474121094,50.34000015258789,0.0,26460200
2016-05-04,43.78522872924805,49.869998931884766,0.0,50.060001373291016,49.459999084472656,49.84000015258789,0.0,24257600
2016-05-05,43.84669876098633,49.939998626708984,0.0,50.29999923706055,49.72999954223633,49.869998931884766,0.0,25390700
2016-05-06,44.24177169799805,50.38999938964844,0.0,50.38999938964844,49.65999984741211,49.91999816894531,0.0,24787300
2016-05-09,43.96083450317383,50.06999969482422,0.0,50.59000015258789,50.0,50.4900016784668,0.0,17951600
2016-05-10,44.7949104309082,51.02000045776367,0.0,51.099998474121094,50.189998626708984,50.33000183105469,0.0,22891000
2016-05-11,44.82125473022461,51.04999923706055,0.0,51.779998779296875,51.0,51.130001068115234,0.0,24039100
2016-05-12,45.22512435913086,51.5099983215332,0.0,51.810001373291016,50.91999816894531,51.20000076293945,0.0,24102800
2016-05-13,44.847591400146484,51.08000183105469,0.0,51.900001525878906,51.040000915527344,51.439998626708984,0.0,22592300
2016-05-16,45.5060920715332,51.83000183105469,0.0,51.959999084472656,50.75,50.79999923706055,0.0,20032000
2016-05-17,44.6573371887207,50.5099983215332,0.36,51.72999954223633,50.36000061035156,51.720001220703125,0.0,27803500
2016-05-18,44.92257308959961,50.810001373291016,0.0,51.13999938964844,50.29999923706055,50.47999954223633,0.0,24907500
2016-05-19,44.48934555053711,50.31999969482422,0.0,50.619998931884766,49.81999969482422,50.470001220703125,0.0,23842400
2016-05-20,44.75457000732422,50.619998931884766,0.0,51.220001220703125,50.400001525878906,50.47999954223633,0.0,23905800
2016-05-23,44.232940673828125,50.029998779296875,0.0,50.68000030517578,49.97999954223633,50.599998474121094,0.0,26118700
2016-05-24,45.6121826171875,51.59000015258789,0.0,51.709999084472656,50.400001525878906,50.70000076293945,0.0,34757900
2016-05-25,46.080780029296875,52.119998931884766,0.0,52.4900016784668,51.790000915527344,51.91999816894531,0.0,24040200
2016-05-26,45.87742233276367,51.88999938964844,0.0,51.97999954223633,51.36000061035156,51.93000030517578,0.0,24335200
2016-05-27,46.257591247558594,52.31999969482422,0.0,52.31999969482422,51.77000045776367,51.91999816894531,0.0,17721400
2016-05-31,46.858787536621094,53.0,0.0,53.0,52.08000183105469,52.2599983215332,0.0,37653100
2016-06-01,46.72618103027344,52.849998474121094,0.0,52.95000076293945,52.439998626708984,52.439998626708984,0.0,25324800
2016-06-02,46.3990592956543,52.47999954223633,0.0,52.7400016784668,51.84000015258789,52.63999938964844,0.0,22840800
2016-06-03,45.78900146484375,51.790000915527344,0.0,52.41999816894531,51.599998474121094,52.380001068115234,0.0,23368300
2016-06-06,46.089622497558594,52.130001068115234,0.0,52.349998474121094,51.88999938964844,51.9900016784668,0.0,18243300
2016-06-07,46.06307601928711,52.099998474121094,0.0,52.72999954223633,52.099998474121094,52.2400016784668,0.0,20866800
2016-06-08,46.01003646850586,52.040000915527344,0.0,52.439998626708984,51.869998931884766,52.02000045776367,0.0,21149400
2016-06-09,45.638710021972656,51.619998931884766,0.0,52.0,51.4900016784668,52.0,0.0,20305700
2016-06-10,45.51491928100586,51.47999954223633,0.0,52.04999923706055,51.040000915527344,51.04999923706055,0.0,25833200
2016-06-13,44.330196380615234,50.13999938964844,0.0,50.720001220703125,49.060001373291016,49.58000183105469,0.0,83217800
2016-06-14,44.05613327026367,49.83000183105469,0.0,50.099998474121094,49.56999969482422,49.900001525878906,0.0,42577100
2016-06-15,43.93232727050781,49.689998626708984,0.0,50.119998931884766,49.689998626708984,49.779998779296875,0.0,33757600
2016-06-16,44.55121612548828,50.38999938964844,0.0,50.470001220703125,49.5099983215332,49.52000045776367,0.0,31188600
2016-06-17,44.32136154174805,50.130001068115234,0.0,50.43000030517578,49.81999969482422,50.40999984741211,0.0,45710500
2016-06-20,44.268314361572266,50.06999969482422,0.0,50.83000183105469,50.029998779296875,50.63999938964844,0.0,35607900
2016-06-21,45.25853729248047,51.189998626708984,0.0,51.43000030517578,50.15999984741211,50.20000076293945,0.0,34097800
2016-06-22,45.081703186035156,50.9900016784668,0.0,51.459999084472656,50.95000076293945,51.08000183105469,0.0,28816800
2016-06-23,45.89509963989258,51.90999984741211,0.0,52.060001373291016,51.150001525878906,51.279998779296875,0.0,29028800
2016-06-24,44.05613327026367,49.83000183105469,0.0,50.939998626708984,49.52000045776367,49.810001373291016,0.0,133503000
2016-06-27,42.81834030151367,48.43000030517578,0.0,49.150001525878906,48.040000915527344,49.099998474121094,0.0,50216300
2016-06-28,43.71131134033203,49.439998626708984,0.0,49.470001220703125,48.66999816894531,48.91999816894531,0.0,38140700
2016-06-29,44.6838493347168,50.540000915527344,0.0,50.720001220703125,49.79999923706055,49.90999984741211,0.0,31304000
2016-06-30,45.2408561706543,51.16999816894531,0.0,51.29999923706055,50.5,50.720001220703125,0.0,28527800
2016-07-01,45.23200988769531,51.15999984741211,0.0,51.720001220703125,51.06999969482422,51.130001068115234,0.0,21400400
2016-07-05,45.2408561706543,51.16999816894531,0.0,51.279998779296875,50.7400016784668,50.83000183105469,0.0,24806400
2016-07-06,45.42652130126953,51.380001068115234,0.0,51.540000915527344,50.38999938964844,50.779998779296875,0.0,28167500
2016-07-07,45.42652130126953,51.380001068115234,0.0,51.61000061035156,51.06999969482422,51.41999816894531,0.0,19585200
2016-07-08,46.23991775512695,52.29999923706055,0.0,52.36000061035156,51.54999923706055,51.72999954223633,0.0,28391000
2016-07-11,46.49631118774414,52.59000015258789,0.0,52.83000183105469,52.470001220703125,52.5,0.0,22269200
2016-07-12,47.04447555541992,53.209999084472656,0.0,53.400001525878906,52.790000915527344,52.939998626708984,0.0,27317600
2016-07-13,47.30970764160156,53.5099983215332,0.0,53.86000061035156,53.18000030517578,53.560001373291016,0.0,25356800
2016-07-14,47.513065338134766,53.7400016784668,0.0,53.9900016784668,53.58000183105469,53.84000015258789,0.0,24545500
2016-07-15,47.477691650390625,53.70000076293945,0.0,54.0,53.209999084472656,53.95000076293945,0.0,32024400
2016-07-18,47.70756912231445,53.959999084472656,0.0,54.34000015258789,53.54999923706055,53.70000076293945,0.0,31433900
2016-07-19,46.93838119506836,53.09000015258789,0.0,53.900001525878906,52.93000030517578,53.709999084472656,0.0,53336500
2016-07-20,49.431617736816406,55.90999984741211,0.0,56.84000015258789,55.529998779296875,56.150001525878906,0.0,89893300
2016-07-21,49.33435821533203,55.79999923706055,0.0,56.22999954223633,55.7599983215332,55.97999954223633,0.0,32776700
2016-07-22,50.01515197753906,56.56999969482422,0.0,56.630001068115234,55.779998779296875,56.08000183105469,0.0,32157200
2016-07-25,50.156612396240234,56.72999954223633,0.0,56.7400016784668,56.2599983215332,56.470001220703125,0.0,25610600
2016-07-26,50.18312454223633,56.7599983215332,0.0,57.290000915527344,56.5099983215332,56.52000045776367,0.0,28079000
2016-07-27,49.67918395996094,56.189998626708984,0.0,56.79999923706055,56.11000061035156,56.61000061035156,0.0,32327500
2016-07-28,49.69685363769531,56.209999084472656,0.0,56.369998931884766,55.720001220703125,56.0,0.0,37550400
2016-07-29,50.11239242553711,56.68000030517578,0.0,56.7599983215332,56.04999923706055,56.2599983215332,0.0,30558700
2016-08-01,50.023990631103516,56.58000183105469,0.0,56.75,56.13999938964844,56.599998474121094,0.0,26003400
2016-08-02,50.023990631103516,56.58000183105469,0.0,56.900001525878906,56.310001373291016,56.849998474121094,0.0,35122000
2016-08-03,50.368797302246094,56.970001220703125,0.0,57.11000061035156,56.4900016784668,56.68000030517578,0.0,22075600
2016-08-04,50.74012756347656,57.38999938964844,0.0,57.52000045776367,56.66999816894531,56.79999923706055,0.0,26587700
2016-08-05,51.24407958984375,57.959999084472656,0.0,58.209999084472656,57.45000076293945,57.650001525878906,0.0,29335200
2016-08-08,51.33248519897461,58.060001373291016,0.0,58.09000015258789,57.779998779296875,58.060001373291016,0.0,19473500
2016-08-09,51.45627975463867,58.20000076293945,0.0,58.5,58.02000045776367,58.16999816894531,0.0,16920700
2016-08-10,51.29713439941406,58.02000045776367,0.0,58.31999969482422,57.81999969482422,58.15999984741211,0.0,15756900
2016-08-11,51.5446891784668,58.29999923706055,0.0,58.45000076293945,58.029998779296875,58.029998779296875,0.0,18162300
2016-08-12,51.22639846801758,57.939998626708984,0.0,58.189998626708984,57.619998931884766,58.029998779296875,0.0,21655200
2016-08-15,51.38554382324219,58.119998931884766,0.0,58.5,57.959999084472656,58.0099983215332,0.0,19283900
2016-08-16,51.10085678100586,57.439998626708984,0.36,57.619998931884766,57.27000045776367,57.61000061035156,0.0,20523500
2016-08-17,51.207603454589844,57.560001373291016,0.0,57.68000030517578,57.22999954223633,57.540000915527344,0.0,18856400
2016-08-18,51.243194580078125,57.599998474121094,0.0,57.70000076293945,57.27000045776367,57.41999816894531,0.0,14214300
2016-08-19,51.26099395751953,57.619998931884766,0.0,57.72999954223633,57.20000076293945,57.43000030517578,0.0,17271000
2016-08-22,51.30548858642578,57.66999816894531,0.0,57.75,57.2599983215332,57.599998474121094,0.0,15221900
2016-08-23,51.501190185546875,57.88999938964844,0.0,58.18000030517578,57.849998474121094,57.900001525878906,0.0,18732400
2016-08-24,51.554569244384766,57.95000076293945,0.0,58.040000915527344,57.720001220703125,57.79999923706055,0.0,18151500
2016-08-25,51.75029754638672,58.16999816894531,0.0,58.290000915527344,57.779998779296875,57.880001068115234,0.0,18552600
2016-08-26,51.62575149536133,58.029998779296875,0.0,58.70000076293945,57.689998626708984,58.279998779296875,0.0,20971200
2016-08-29,51.688018798828125,58.099998474121094,0.0,58.599998474121094,58.099998474121094,58.18000030517578,0.0,16417200
2016-08-30,51.501190185546875,57.88999938964844,0.0,58.189998626708984,57.61000061035156,57.97999954223633,0.0,16930200
2016-08-31,51.11865234375,57.459999084472656,0.0,57.79999923706055,57.29999923706055,57.650001525878906,0.0,20860300
2016-09-01,51.23430633544922,57.59000015258789,0.0,57.81999969482422,57.0099983215332,57.0099983215332,0.0,26075400
2016-09-02,51.30548858642578,57.66999816894531,0.0,58.189998626708984,57.41999816894531,57.66999816894531,0.0,18900500
2016-09-06,51.25209426879883,57.61000061035156,0.0,57.79999923706055,57.209999084472656,57.779998779296875,0.0,16278400
2016-09-07,51.296573638916016,57.65999984741211,0.0,57.84000015258789,57.40999984741211,57.470001220703125,0.0,17493400
2016-09-08,51.09196090698242,57.43000030517578,0.0,57.790000915527344,57.18000030517578,57.630001068115234,0.0,20146100
2016-09-09,50.006595611572266,56.209999084472656,0.0,57.52000045776367,56.209999084472656,56.790000915527344,0.0,35113900
2016-09-12,50.75389862060547,57.04999923706055,0.0,57.209999084472656,55.61000061035156,56.0,0.0,29303000
2016-09-13,50.29127502441406,56.529998779296875,0.0,56.650001525878906,56.04999923706055,56.5,0.0,30130200
2016-09-14,50.051082611083984,56.2599983215332,0.0,56.630001068115234,56.029998779296875,56.38999938964844,0.0,24062500
2016-09-15,50.878448486328125,57.189998626708984,0.0,57.349998474121094,55.97999954223633,56.150001525878906,0.0,26847000
2016-09-16,50.931819915771484,57.25,0.0,57.630001068115234,56.75,57.630001068115234,0.0,44607000
2016-09-19,50.64712142944336,56.93000030517578,0.0,57.75,56.849998474121094,57.27000045776367,0.0,20937100
2016-09-20,50.540382385253906,56.810001373291016,0.0,57.349998474121094,56.75,57.349998474121094,0.0,17384000
2016-09-21,51.385528564453125,57.7599983215332,0.0,57.849998474121094,57.08000183105469,57.5099983215332,0.0,33707300
2016-09-22,51.43892288208008,57.81999969482422,0.0,58.0,57.630001068115234,57.91999816894531,0.0,19822200
2016-09-23,51.09196090698242,57.43000030517578,0.0,57.90999984741211,57.380001068115234,57.869998931884766,0.0,19955300
2016-09-26,50.620452880859375,56.900001525878906,0.0,57.13999938964844,56.83000183105469,57.08000183105469,0.0,21688700
2016-09-27,51.554569244384766,57.95000076293945,0.0,58.060001373291016,56.68000030517578,56.93000030517578,0.0,28065100
2016-09-28,51.62575149536133,58.029998779296875,0.0,58.060001373291016,57.66999816894531,57.880001068115234,0.0,20536400
2016-09-29,51.065277099609375,57.400001525878906,0.0,58.16999816894531,57.209999084472656,57.810001373291016,0.0,25463500
2016-09-30,51.243194580078125,57.599998474121094,0.0,57.77000045776367,57.34000015258789,57.56999969482422,0.0,29910800
2016-10-03,51.083065032958984,57.41999816894531,0.0,57.54999923706055,57.060001373291016,57.40999984741211,0.0,19189500
2016-10-04,50.922935485839844,57.2400016784668,0.0,57.599998474121094,56.970001220703125,57.27000045776367,0.0,20085900
2016-10-05,51.278785705566406,57.63999938964844,0.0,57.959999084472656,57.2599983215332,57.290000915527344,0.0,16726400
2016-10-06,51.36774444580078,57.7400016784668,0.0,57.86000061035156,57.279998779296875,57.7400016784668,0.0,16212600
2016-10-07,51.4211311340332,57.79999923706055,0.0,57.97999954223633,57.41999816894531,57.849998474121094,0.0,20089000
2016-10-10,51.63463592529297,58.040000915527344,0.0,58.38999938964844,57.869998931884766,57.90999984741211,0.0,18196500
2016-10-11,50.878448486328125,57.189998626708984,0.0,58.02000045776367,56.88999938964844,57.88999938964844,0.0,26497400
2016-10-12,50.80727005004883,57.11000061035156,0.0,57.27000045776367,56.400001525878906,57.11000061035156,0.0,22177500
2016-10-13,50.638248443603516,56.91999816894531,0.0,57.29999923706055,56.31999969482422,56.70000076293945,0.0,25313700
2016-10-14,51.083065032958984,57.41999816894531,0.0,57.7400016784668,57.119998931884766,57.119998931884766,0.0,27402500
2016-10-17,50.9051399230957,57.220001220703125,0.0,57.459999084472656,56.869998931884766,57.36000061035156,0.0,23830000
2016-10-18,51.296573638916016,57.65999984741211,0.0,57.95000076293945,57.40999984741211,57.529998779296875,0.0,19149500
2016-10-19,51.180912017822266,57.529998779296875,0.0,57.84000015258789,57.400001525878906,57.470001220703125,0.0,22878400
2016-10-20,50.931819915771484,57.25,0.0,57.52000045776367,56.65999984741211,57.5,0.0,49455600
2016-10-21,53.07585525512695,59.65999984741211,0.0,60.45000076293945,59.4900016784668,60.279998779296875,0.0,80032200
2016-10-24,54.267974853515625,61.0,0.0,61.0,59.93000030517578,59.939998626708984,0.0,54067000
2016-10-25,54.25906753540039,60.9900016784668,0.0,61.369998931884766,60.79999923706055,60.849998474121094,0.0,35137200
2016-10-26,53.938819885253906,60.630001068115234,0.0,61.20000076293945,60.470001220703125,60.810001373291016,0.0,29911600
2016-10-27,53.467288970947266,60.099998474121094,0.0,60.83000183105469,60.09000015258789,60.61000061035156,0.0,28479900
2016-10-28,53.26267623901367,59.869998931884766,0.0,60.52000045776367,59.58000183105469,60.0099983215332,0.0,33574700
2016-10-31,53.307159423828125,59.91999816894531,0.0,60.41999816894531,59.91999816894531,60.15999984741211,0.0,26434700
2016-11-01,53.200401306152344,59.79999923706055,0.0,60.02000045776367,59.25,59.970001220703125,0.0,24533000
2016-11-02,52.87124252319336,59.43000030517578,0.0,59.93000030517578,59.29999923706055,59.81999969482422,0.0,22147000
2016-11-03,52.675514221191406,59.209999084472656,0.0,59.63999938964844,59.11000061035156,59.529998779296875,0.0,21600400
2016-11-04,52.230690002441406,58.709999084472656,0.0,59.279998779296875,58.52000045776367,58.650001525878906,0.0,28697000
2016-11-07,53.75197219848633,60.41999816894531,0.0,60.52000045776367,59.779998779296875,59.779998779296875,0.0,31664800
2016-11-08,53.79645919799805,60.470001220703125,0.0,60.779998779296875,60.150001525878906,60.54999923706055,0.0,22935400
2016-11-09,53.529579162597656,60.16999816894531,0.0,60.59000015258789,59.20000076293945,60.0,0.0,49632500
2016-11-10,52.22180938720703,58.70000076293945,0.0,60.4900016784668,57.630001068115234,60.47999954223633,0.0,57822400
2016-11-11,52.50648498535156,59.02000045776367,0.0,59.119998931884766,58.0099983215332,58.22999954223633,0.0,38767800
2016-11-14,51.705814361572266,58.119998931884766,0.0,59.08000183105469,57.279998779296875,59.02000045776367,0.0,41328400
2016-11-15,52.726844787597656,58.869998931884766,0.39,59.4900016784668,58.31999969482422,58.33000183105469,0.0,35904100
2016-11-16,53.42546844482422,59.650001525878906,0.0,59.65999984741211,58.810001373291016,58.939998626708984,0.0,27332500
2016-11-17,54.312156677246094,60.63999938964844,0.0,60.95000076293945,59.970001220703125,60.40999984741211,0.0,32132700
2016-11-18,54.052406311035156,60.349998474121094,0.0,61.13999938964844,60.29999923706055,60.779998779296875,0.0,27686300
2016-11-21,54.50917434692383,60.86000061035156,0.0,60.970001220703125,60.41999816894531,60.5,0.0,19652600
2016-11-22,54.7420539855957,61.119998931884766,0.0,61.2599983215332,60.810001373291016,60.97999954223633,0.0,23206700
2016-11-23,54.09720230102539,60.400001525878906,0.0,61.099998474121094,60.25,61.0099983215332,0.0,21848900
2016-11-25,54.213626861572266,60.529998779296875,0.0,60.529998779296875,60.130001068115234,60.29999923706055,0.0,8409600
2016-11-28,54.28528594970703,60.61000061035156,0.0,61.02000045776367,60.209999084472656,60.34000015258789,0.0,20732600
2016-11-29,54.715187072753906,61.09000015258789,0.0,61.40999984741211,60.52000045776367,60.650001525878906,0.0,22366700
2016-11-30,53.97179412841797,60.2599983215332,0.0,61.18000030517578,60.220001220703125,60.86000061035156,0.0,34655400
2016-12-01,53.02241134643555,59.20000076293945,0.0,60.150001525878906,58.939998626708984,60.11000061035156,0.0,34542100
2016-12-02,53.06719970703125,59.25,0.0,59.470001220703125,58.79999923706055,59.08000183105469,0.0,25515700
2016-12-05,53.93598175048828,60.220001220703125,0.0,60.59000015258789,59.560001373291016,59.70000076293945,0.0,23552700
2016-12-06,53.694149017333984,59.95000076293945,0.0,60.459999084472656,59.79999923706055,60.43000030517578,0.0,19907000
2016-12-07,54.965965270996094,61.369998931884766,0.0,61.380001068115234,59.79999923706055,60.0099983215332,0.0,30809000
2016-12-08,54.6435432434082,61.0099983215332,0.0,61.58000183105469,60.84000015258789,61.29999923706055,0.0,21220800
2016-12-09,55.503360748291016,61.970001220703125,0.0,61.9900016784668,61.130001068115234,61.18000030517578,0.0,27349400
2016-12-12,55.68248748779297,62.16999816894531,0.0,62.29999923706055,61.720001220703125,61.81999969482422,0.0,20198100
2016-12-13,56.40797424316406,62.97999954223633,0.0,63.41999816894531,62.2400016784668,62.5,0.0,35718900
2016-12-14,56.13926315307617,62.68000030517578,0.0,63.45000076293945,62.529998779296875,63.0,0.0,30352700
2016-12-15,56.04969787597656,62.58000183105469,0.0,63.150001525878906,62.29999923706055,62.70000076293945,0.0,27669900
2016-12-16,55.798927307128906,62.29999923706055,0.0,62.95000076293945,62.119998931884766,62.95000076293945,0.0,42453100
2016-12-19,56.98118209838867,63.619998931884766,0.0,63.77000045776367,62.41999816894531,62.560001373291016,0.0,34338200
2016-12-20,56.90953063964844,63.540000915527344,0.0,63.79999923706055,63.029998779296875,63.689998626708984,0.0,26028400
2016-12-21,56.90953063964844,63.540000915527344,0.0,63.70000076293945,63.119998931884766,63.43000030517578,0.0,17096300
2016-12-22,56.91849899291992,63.54999923706055,0.0,64.0999984741211,63.40999984741211,63.84000015258789,0.0,22176600
2016-12-23,56.640838623046875,63.2400016784668,0.0,63.540000915527344,62.79999923706055,63.45000076293945,0.0,12403800
2016-12-27,56.67665100097656,63.279998779296875,0.0,64.06999969482422,63.209999084472656,63.209999084472656,0.0,11763200
2016-12-28,56.416927337646484,62.9900016784668,0.0,63.400001525878906,62.83000183105469,63.400001525878906,0.0,14653300
2016-12-29,56.33632278442383,62.900001525878906,0.0,63.20000076293945,62.72999954223633,62.86000061035156,0.0,10250600
2016-12-30,55.65562057495117,62.13999938964844,0.0,62.9900016784668,62.029998779296875,62.959999084472656,0.0,25579900
2017-01-03,56.04969787597656,62.58000183105469,0.0,62.84000015258789,62.130001068115234,62.790000915527344,0.0,20694100
2017-01-04,55.798927307128906,62.29999923706055,0.0,62.75,62.119998931884766,62.47999954223633,0.0,21340000
2017-01-05,55.798927307128906,62.29999923706055,0.0,62.65999984741211,62.029998779296875,62.189998626708984,0.0,24876000
2017-01-06,56.2825813293457,62.84000015258789,0.0,63.150001525878906,62.040000915527344,62.29999923706055,0.0,19922900
2017-01-09,56.103450775146484,62.63999938964844,0.0,63.08000183105469,62.540000915527344,62.7599983215332,0.0,20382700
2017-01-10,56.08553695678711,62.619998931884766,0.0,63.06999969482422,62.279998779296875,62.72999954223633,0.0,18593000
2017-01-11,56.59604263305664,63.189998626708984,0.0,63.22999954223633,62.43000030517578,62.61000061035156,0.0,21517300
2017-01-12,56.076576232910156,62.61000061035156,0.0,63.400001525878906,61.95000076293945,63.060001373291016,0.0,20968200
2017-01-13,56.15718460083008,62.70000076293945,0.0,62.869998931884766,62.349998474121094,62.619998931884766,0.0,19422300
2017-01-17,56.00491714477539,62.529998779296875,0.0,62.70000076293945,62.029998779296875,62.68000030517578,0.0,20664000
2017-01-18,55.978057861328125,62.5,0.0,62.70000076293945,62.119998931884766,62.66999816894531,0.0,19670100
2017-01-19,55.798927307128906,62.29999923706055,0.0,62.97999954223633,62.20000076293945,62.2400016784668,0.0,18451700
2017-01-20,56.1930046081543,62.7400016784668,0.0,62.81999969482422,62.369998931884766,62.66999816894531,0.0,30213500
2017-01-23,56.39004898071289,62.959999084472656,0.0,63.119998931884766,62.56999969482422,62.70000076293945,0.0,23097600
2017-01-24,56.8916130065918,63.52000045776367,0.0,63.7400016784668,62.939998626708984,63.20000076293945,0.0,24672900
2017-01-25,57.03491973876953,63.68000030517578,0.0,64.0999984741211,63.45000076293945,63.95000076293945,0.0,23672700
2017-01-26,57.56336212158203,64.2699966430664,0.0,64.54000091552734,63.54999923706055,64.12000274658203,0.0,43554600
2017-01-27,58.9157829284668,65.77999877929688,0.0,65.91000366210938,64.88999938964844,65.38999938964844,0.0,44818000
2017-01-30,58.3336181640625,65.12999725341797,0.0,65.79000091552734,64.80000305175781,65.69000244140625,0.0,31651400
2017-01-31,57.9036979675293,64.6500015258789,0.0,65.1500015258789,64.26000213623047,64.86000061035156,0.0,25270500
2017-02-01,56.94536590576172,63.58000183105469,0.0,64.62000274658203,63.470001220703125,64.36000061035156,0.0,39671500
2017-02-02,56.57813262939453,63.16999816894531,0.0,63.40999984741211,62.75,63.25,0.0,45827000
2017-02-03,57.03491973876953,63.68000030517578,0.0,63.70000076293945,63.06999969482422,63.5,0.0,30301800
2017-02-06,56.99909973144531,63.63999938964844,0.0,63.650001525878906,63.13999938964844,63.5,0.0,19796400
2017-02-07,56.811012268066406,63.43000030517578,0.0,63.779998779296875,63.22999954223633,63.7400016784668,0.0,20277200
2017-02-08,56.73039245605469,63.34000015258789,0.0,63.810001373291016,63.220001220703125,63.56999969482422,0.0,18096400
2017-02-09,57.37526321411133,64.05999755859375,0.0,64.44000244140625,63.31999969482422,63.52000045776367,0.0,22644400
2017-02-10,57.321533203125,64.0,0.0,64.30000305175781,63.97999954223633,64.25,0.0,18170700
2017-02-13,57.96640396118164,64.72000122070312,0.0,64.86000061035156,64.12999725341797,64.23999786376953,0.0,22920100
2017-02-14,58.18265914916992,64.56999969482422,0.39,64.72000122070312,64.0199966430664,64.41000366210938,0.0,23108400
2017-02-15,58.146602630615234,64.52999877929688,0.0,64.56999969482422,64.16000366210938,64.5,0.0,17005200
2017-02-16,58.137596130371094,64.5199966430664,0.0,65.23999786376953,64.44000244140625,64.73999786376953,0.0,20546300
2017-02-17,58.22770690917969,64.62000274658203,0.0,64.69000244140625,64.30000305175781,64.47000122070312,0.0,21248800
2017-02-21,58.110557556152344,64.48999786376953,0.0,64.94999694824219,64.44999694824219,64.61000061035156,0.0,20655900
2017-02-22,57.99344253540039,64.36000061035156,0.0,64.38999938964844,64.05000305175781,64.33000183105469,0.0,19292700
2017-02-23,58.22770690917969,64.62000274658203,0.0,64.7300033569336,64.19000244140625,64.41999816894531,0.0,20273100
2017-02-24,58.22770690917969,64.62000274658203,0.0,64.80000305175781,64.13999938964844,64.52999877929688,0.0,21796800
2017-02-27,57.87628173828125,64.2300033569336,0.0,64.54000091552734,64.05000305175781,64.54000091552734,0.0,15871500
2017-02-28,57.65101623535156,63.97999954223633,0.0,64.19999694824219,63.7599983215332,64.08000183105469,0.0,23239800
2017-03-01,58.51606750488281,64.94000244140625,0.0,64.98999786376953,64.0199966430664,64.12999725341797,0.0,26937500
2017-03-02,57.67807388305664,64.01000213623047,0.0,64.75,63.880001068115234,64.69000244140625,0.0,24539600
2017-03-03,57.894317626953125,64.25,0.0,64.27999877929688,63.619998931884766,63.9900016784668,0.0,18135900
2017-03-06,57.912330627441406,64.2699966430664,0.0,64.55999755859375,63.810001373291016,63.970001220703125,0.0,18750300
2017-03-07,58.02947235107422,64.4000015258789,0.0,64.77999877929688,64.19000244140625,64.19000244140625,0.0,18521000
2017-03-08,58.56111145019531,64.98999786376953,0.0,65.08000183105469,64.25,64.26000213623047,0.0,21510900
2017-03-09,58.32683181762695,64.7300033569336,0.0,65.19999694824219,64.4800033569336,65.19000244140625,0.0,19846800
2017-03-10,58.50705337524414,64.93000030517578,0.0,65.26000213623047,64.75,65.11000061035156,0.0,19538200
2017-03-13,58.30880355834961,64.70999908447266,0.0,65.19000244140625,64.56999969482422,65.01000213623047,0.0,20100000
2017-03-14,58.03847885131836,64.41000366210938,0.0,64.55000305175781,64.1500015258789,64.52999877929688,0.0,14280200
2017-03-15,58.344852447509766,64.75,0.0,64.91999816894531,64.25,64.55000305175781,0.0,24833800
2017-03-16,58.2457275390625,64.63999938964844,0.0,64.76000213623047,64.30000305175781,64.75,0.0,20674300
2017-03-17,58.45298767089844,64.87000274658203,0.0,65.23999786376953,64.68000030517578,64.91000366210938,0.0,49219700
2017-03-20,58.50705337524414,64.93000030517578,0.0,65.18000030517578,64.72000122070312,64.91000366210938,0.0,14598100
2017-03-21,57.8582649230957,64.20999908447266,0.0,65.5,64.12999725341797,65.19000244140625,0.0,26640500
2017-03-22,58.597145080566406,65.02999877929688,0.0,65.13999938964844,64.12000274658203,64.12000274658203,0.0,20680000
2017-03-23,58.45298767089844,64.87000274658203,0.0,65.23999786376953,64.7699966430664,64.94000244140625,0.0,19269200
2017-03-24,58.552085876464844,64.9800033569336,0.0,65.44999694824219,64.76000213623047,65.36000061035156,0.0,22617100
2017-03-27,58.66022872924805,65.0999984741211,0.0,65.22000122070312,64.3499984741211,64.62999725341797,0.0,18614700
2017-03-28,58.831417083740234,65.29000091552734,0.0,65.47000122070312,64.6500015258789,64.95999908447266,0.0,20080400
2017-03-29,58.99364471435547,65.47000122070312,0.0,65.5,64.94999694824219,65.12000274658203,0.0,13618400
2017-03-30,59.20988082885742,65.70999908447266,0.0,65.9800033569336,65.36000061035156,65.41999816894531,0.0,15122800
2017-03-31,59.345035552978516,65.86000061035156,0.0,66.19000244140625,65.44999694824219,65.6500015258789,0.0,21040300
2017-04-03,59.065711975097656,65.55000305175781,0.0,65.94000244140625,65.19000244140625,65.80999755859375,0.0,20400900
2017-04-04,59.22791290283203,65.7300033569336,0.0,65.80999755859375,65.27999877929688,65.38999938964844,0.0,12997400
2017-04-05,59.074710845947266,65.55999755859375,0.0,66.3499984741211,65.44000244140625,66.30000305175781,0.0,21448600
2017-04-06,59.22791290283203,65.7300033569336,0.0,66.05999755859375,65.4800033569336,65.5999984741211,0.0,18103500
2017-04-07,59.18284225463867,65.68000030517578,0.0,65.95999908447266,65.44000244140625,65.8499984741211,0.0,14108500
2017-04-10,59.047706604003906,65.52999877929688,0.0,65.81999969482422,65.36000061035156,65.61000061035156,0.0,17952700
2017-04-11,59.00264358520508,65.4800033569336,0.0,65.61000061035156,64.8499984741211,65.5999984741211,0.0,18791500
2017-04-12,58.77737045288086,65.2300033569336,0.0,65.51000213623047,65.11000061035156,65.41999816894531,0.0,17108500
2017-04-13,58.52505874633789,64.94999694824219,0.0,65.86000061035156,64.94999694824219,65.29000091552734,0.0,17896500
2017-04-17,59.00264358520508,65.4800033569336,0.0,65.48999786376953,65.01000213623047,65.04000091552734,0.0,16689300
2017-04-18,58.92154312133789,65.38999938964844,0.0,65.70999908447266,65.16000366210938,65.33000183105469,0.0,15155600
2017-04-19,58.60616683959961,65.04000091552734,0.0,65.75,64.88999938964844,65.6500015258789,0.0,26992800
2017-04-20,59.02066421508789,65.5,0.0,65.75,65.13999938964844,65.45999908447266,0.0,22299500
2017-04-21,59.831634521484375,66.4000015258789,0.0,66.69999694824219,65.44999694824219,65.66999816894531,0.0,32522600
2017-04-24,60.849857330322266,67.52999877929688,0.0,67.66000366210938,67.0999984741211,67.4800033569336,0.0,29770000
2017-04-25,61.201263427734375,67.91999816894531,0.0,68.04000091552734,67.5999984741211,67.9000015258789,0.0,30242700
2017-04-26,61.12018585205078,67.83000183105469,0.0,68.30999755859375,67.62000274658203,68.08000183105469,0.0,26190800
2017-04-27,61.51665115356445,68.2699966430664,0.0,68.37999725341797,67.58000183105469,68.1500015258789,0.0,34971000
2017-04-28,61.68785095214844,68.45999908447266,0.0,69.13999938964844,67.69000244140625,68.91000366210938,0.0,39548800
2017-05-01,62.543880462646484,69.41000366210938,0.0,69.55000305175781,68.5,68.68000030517578,0.0,31954400
2017-05-02,62.44476318359375,69.30000305175781,0.0,69.70999908447266,69.12999725341797,69.70999908447266,0.0,23906100
2017-05-03,62.24651336669922,69.08000183105469,0.0,69.37999725341797,68.70999908447266,69.37999725341797,0.0,28928000
2017-05-04,62.00322723388672,68.80999755859375,0.0,69.08000183105469,68.63999938964844,69.02999877929688,0.0,21749400
2017-05-05,62.1744384765625,69.0,0.0,69.02999877929688,68.48999786376953,68.9000015258789,0.0,19128800
2017-05-08,62.120384216308594,68.94000244140625,0.0,69.05000305175781,68.41999816894531,68.97000122070312,0.0,18566100
2017-05-09,62.210479736328125,69.04000091552734,0.0,69.27999877929688,68.68000030517578,68.86000061035156,0.0,22858400
2017-05-10,62.453773498535156,69.30999755859375,0.0,69.55999755859375,68.91999816894531,68.98999786376953,0.0,17977800
2017-05-11,61.68785095214844,68.45999908447266,0.0,68.7300033569336,68.12000274658203,68.36000061035156,0.0,28789400
2017-05-12,61.61576843261719,68.37999725341797,0.0,68.61000061035156,68.04000091552734,68.61000061035156,0.0,18714100
2017-05-15,61.660804748535156,68.43000030517578,0.0,68.4800033569336,67.56999969482422,68.13999938964844,0.0,31530300
2017-05-16,62.90239334106445,69.41000366210938,0.39,69.44000244140625,68.16000366210938,68.2300033569336,0.0,34956000
2017-05-17,61.1533317565918,67.4800033569336,0.0,69.0999984741211,67.43000030517578,68.88999938964844,0.0,30548800
2017-05-18,61.36174011230469,67.70999908447266,0.0,68.12999725341797,67.13999938964844,67.4000015258789,0.0,25201300
2017-05-19,61.34365463256836,67.69000244140625,0.0,68.0999984741211,67.43000030517578,67.5,0.0,26961100
2017-05-22,62.032386779785156,68.44999694824219,0.0,68.5,67.5,67.88999938964844,0.0,16237600
2017-05-23,62.240821838378906,68.68000030517578,0.0,68.75,68.37999725341797,68.72000122070312,0.0,15425800
2017-05-24,62.32236862182617,68.7699966430664,0.0,68.87999725341797,68.44999694824219,68.87000274658203,0.0,14593900
2017-05-25,63.09269714355469,69.62000274658203,0.0,69.87999725341797,68.91000366210938,68.97000122070312,0.0,21854100
2017-05-26,63.40079879760742,69.95999908447266,0.0,70.22000122070312,69.5199966430664,69.80000305175781,0.0,19827900
2017-05-30,63.80863952636719,70.41000366210938,0.0,70.41000366210938,69.7699966430664,69.79000091552734,0.0,17072800
2017-05-31,63.29207992553711,69.83999633789062,0.0,70.73999786376953,69.80999755859375,70.52999877929688,0.0,30436400
2017-06-01,63.527671813964844,70.0999984741211,0.0,70.61000061035156,69.44999694824219,70.23999786376953,0.0,21603600
2017-06-02,65.03204345703125,71.76000213623047,0.0,71.86000061035156,70.23999786376953,70.44000244140625,0.0,34770300
2017-06-05,65.5032958984375,72.27999877929688,0.0,72.88999938964844,71.80999755859375,71.97000122070312,0.0,33316800
2017-06-06,65.72079467773438,72.5199966430664,0.0,72.62000274658203,72.2699966430664,72.30000305175781,0.0,31511100
2017-06-07,65.60295104980469,72.38999938964844,0.0,72.7699966430664,71.94999694824219,72.63999938964844,0.0,22301800
2017-06-08,65.20423126220703,71.94999694824219,0.0,72.5199966430664,71.5,72.51000213623047,0.0,24588300
2017-06-09,63.727054595947266,70.31999969482422,0.0,72.08000183105469,68.58999633789062,72.04000091552734,0.0,49187400
2017-06-12,63.237674713134766,69.77999877929688,0.0,69.94000244140625,68.12999725341797,69.25,0.0,47761700
2017-06-13,64.02610778808594,70.6500015258789,0.0,70.81999969482422,69.95999908447266,70.0199966430664,0.0,25258600
2017-06-14,63.68172836303711,70.2699966430664,0.0,71.0999984741211,69.43000030517578,70.91000366210938,0.0,25510700
2017-06-15,63.346431732177734,69.9000015258789,0.0,70.20999908447266,68.80000305175781,69.2699966430664,0.0,26068700
2017-06-16,63.43706130981445,70.0,0.0,70.02999877929688,69.22000122070312,69.7300033569336,0.0,48345100
2017-06-19,64.2254867553711,70.87000274658203,0.0,70.94000244140625,70.3499984741211,70.5,0.0,23798300
2017-06-20,63.355499267578125,69.91000366210938,0.0,70.87000274658203,69.87000274658203,70.81999969482422,0.0,21512200
2017-06-21,63.68172836303711,70.2699966430664,0.0,70.62000274658203,69.94000244140625,70.20999908447266,0.0,19891100
2017-06-22,63.672706604003906,70.26000213623047,0.0,70.58999633789062,69.70999908447266,70.54000091552734,0.0,22965700
2017-06-23,64.53362274169922,71.20999908447266,0.0,71.25,69.91999816894531,70.08999633789062,0.0,27617300
2017-06-26,63.917381286621094,70.52999877929688,0.0,71.70999908447266,70.44000244140625,71.4000015258789,0.0,19607000
2017-06-27,62.72111511230469,69.20999908447266,0.0,70.18000030517578,69.18000030517578,70.11000061035156,0.0,25215100
2017-06-28,63.25579071044922,69.80000305175781,0.0,69.83999633789062,68.79000091552734,69.20999908447266,0.0,25806200
2017-06-29,62.068626403808594,68.48999786376953,0.0,69.48999786376953,68.08999633789062,69.37999725341797,0.0,28918700
2017-06-30,62.46735763549805,68.93000030517578,0.0,69.37999725341797,68.73999786376953,68.77999877929688,0.0,24161100
2017-07-03,61.778629302978516,68.16999816894531,0.0,69.5999984741211,68.0199966430664,69.33000183105469,0.0,16165500
2017-07-05,62.60331344604492,69.08000183105469,0.0,69.44000244140625,68.22000122070312,68.26000213623047,0.0,21176300
2017-07-06,62.1411247253418,68.56999969482422,0.0,68.77999877929688,68.12000274658203,68.2699966430664,0.0,21117600
2017-07-07,62.947696685791016,69.45999908447266,0.0,69.83999633789062,68.69999694824219,68.69999694824219,0.0,16878300
2017-07-10,63.41893768310547,69.9800033569336,0.0,70.25,69.19999694824219,69.45999908447266,0.0,15014500
2017-07-11,63.4279899597168,69.98999786376953,0.0,70.68000030517578,69.75,70.0,0.0,17460000
2017-07-12,64.47926330566406,71.1500015258789,0.0,71.27999877929688,70.55000305175781,70.69000244140625,0.0,17750900
2017-07-13,65.04113006591797,71.7699966430664,0.0,72.04000091552734,71.30999755859375,71.5,0.0,20269800
2017-07-14,65.95640563964844,72.77999877929688,0.0,73.2699966430664,71.95999908447266,72.23999786376953,0.0,25868100
2017-07-17,66.47295379638672,73.3499984741211,0.0,73.44999694824219,72.72000122070312,72.80000305175781,0.0,21803900
2017-07-18,66.42765045166016,73.30000305175781,0.0,73.38999938964844,72.66000366210938,73.08999633789062,0.0,26435300
2017-07-19,66.9351806640625,73.86000061035156,0.0,74.04000091552734,73.44999694824219,73.5,0.0,22416200
2017-07-20,67.26140594482422,74.22000122070312,0.0,74.30000305175781,73.27999877929688,74.18000030517578,0.0,42361000
2017-07-21,66.8717041015625,73.79000091552734,0.0,74.29000091552734,73.16999816894531,73.44999694824219,0.0,46717100
2017-07-24,66.69954681396484,73.5999984741211,0.0,73.75,73.12999725341797,73.52999877929688,0.0,21394800
2017-07-25,67.2342300415039,74.19000244140625,0.0,74.30999755859375,73.5,73.80000305175781,0.0,22018700
2017-07-26,67.10736083984375,74.05000305175781,0.0,74.37999725341797,73.80999755859375,74.33999633789062,0.0,16252200
2017-07-27,66.30078887939453,73.16000366210938,0.0,74.41999816894531,72.31999969482422,73.76000213623047,0.0,36844200
2017-07-28,66.1920394897461,73.04000091552734,0.0,73.30999755859375,72.54000091552734,72.66999816894531,0.0,18306700
2017-07-31,65.88389587402344,72.69999694824219,0.0,73.44000244140625,72.41000366210938,73.30000305175781,0.0,23600100
2017-08-01,65.7751693725586,72.58000183105469,0.0,73.41999816894531,72.48999786376953,73.0999984741211,0.0,22132300
2017-08-02,65.48518371582031,72.26000213623047,0.0,72.55999755859375,71.44000244140625,72.55000305175781,0.0,26499200
2017-08-03,65.38549041748047,72.1500015258789,0.0,72.44000244140625,71.8499984741211,72.19000244140625,0.0,18214400
2017-08-04,65.86579132080078,72.68000030517578,0.0,73.04000091552734,72.23999786376953,72.4000015258789,0.0,22579000
2017-08-07,65.6120376586914,72.4000015258789,0.0,72.9000015258789,72.26000213623047,72.80000305175781,0.0,18705700
2017-08-08,65.96548461914062,72.79000091552734,0.0,73.12999725341797,71.75,72.08999633789062,0.0,22044600
2017-08-09,65.67548370361328,72.47000122070312,0.0,72.51000213623047,72.05000305175781,72.25,0.0,22213400
2017-08-10,64.71487426757812,71.41000366210938,0.0,72.19000244140625,71.3499984741211,71.9000015258789,0.0,24734500
2017-08-11,65.70267486572266,72.5,0.0,72.69999694824219,71.27999877929688,71.61000061035156,0.0,21443700
2017-08-14,66.69046783447266,73.58999633789062,0.0,73.72000122070312,72.94999694824219,73.05999755859375,0.0,20096600
2017-08-15,66.70869445800781,73.22000122070312,0.39,73.58999633789062,73.04000091552734,73.58999633789062,0.0,19181400
2017-08-16,67.10047149658203,73.6500015258789,0.0,74.0999984741211,73.16999816894531,73.33999633789062,0.0,18150400
2017-08-17,65.96160888671875,72.4000015258789,0.0,73.87000274658203,72.4000015258789,73.58000183105469,0.0,22977500
2017-08-18,66.04361724853516,72.48999786376953,0.0,72.83999633789062,71.93000030517578,72.2699966430664,0.0,18761500
2017-08-21,65.73383331298828,72.1500015258789,0.0,72.4800033569336,71.69999694824219,72.47000122070312,0.0,17734800
2017-08-22,66.6540298461914,73.16000366210938,0.0,73.23999786376953,72.3499984741211,72.3499984741211,0.0,14343700
2017-08-23,66.25316619873047,72.72000122070312,0.0,73.1500015258789,72.52999877929688,72.95999908447266,0.0,13766500
2017-08-24,66.22581481933594,72.69000244140625,0.0,72.86000061035156,72.06999969482422,72.73999786376953,0.0,17098300
2017-08-25,66.34426879882812,72.81999969482422,0.0,73.3499984741211,72.4800033569336,72.86000061035156,0.0,12794300
2017-08-28,66.35336303710938,72.83000183105469,0.0,73.08999633789062,72.55000305175781,73.05999755859375,0.0,14569700
2017-08-29,66.55380249023438,73.05000305175781,0.0,73.16000366210938,72.05000305175781,72.25,0.0,11478400
2017-08-30,67.42845153808594,74.01000213623047,0.0,74.20999908447266,72.83000183105469,73.01000213623047,0.0,16897800
2017-08-31,68.12085723876953,74.7699966430664,0.0,74.95999908447266,73.80000305175781,74.02999877929688,0.0,27652800
2017-09-01,67.36467742919922,73.94000244140625,0.0,74.73999786376953,73.63999938964844,74.70999908447266,0.0,21736200
2017-09-05,67.06401062011719,73.61000061035156,0.0,73.88999938964844,72.9800033569336,73.33999633789062,0.0,21556000
2017-09-06,66.8726806640625,73.4000015258789,0.0,74.04000091552734,73.3499984741211,73.73999786376953,0.0,16535800
2017-09-07,67.7291030883789,74.33999633789062,0.0,74.5999984741211,73.5999984741211,73.68000030517578,0.0,17471200
2017-09-08,67.40111541748047,73.9800033569336,0.0,74.44000244140625,73.83999633789062,74.33000183105469,0.0,14703800
2017-09-11,68.11173248291016,74.76000213623047,0.0,74.94000244140625,74.30999755859375,74.30999755859375,0.0,17910400
2017-09-12,68.03885650634766,74.68000030517578,0.0,75.23999786376953,74.37000274658203,74.76000213623047,0.0,14394900
2017-09-13,68.521728515625,75.20999908447266,0.0,75.2300033569336,74.55000305175781,74.93000030517578,0.0,13380800
2017-09-14,68.12085723876953,74.7699966430664,0.0,75.48999786376953,74.5199966430664,75.0,0.0,15733900
2017-09-15,68.61282348632812,75.30999755859375,0.0,75.38999938964844,74.06999969482422,74.83000183105469,0.0,38578400
2017-09-18,68.47618103027344,75.16000366210938,0.0,75.97000122070312,75.04000091552734,75.2300033569336,0.0,23307000
2017-09-19,68.73129272460938,75.44000244140625,0.0,75.70999908447266,75.01000213623047,75.20999908447266,0.0,16093300
2017-09-20,68.27572631835938,74.94000244140625,0.0,75.55000305175781,74.30999755859375,75.3499984741211,0.0,21587900
2017-09-21,67.61066436767578,74.20999908447266,0.0,75.23999786376953,74.11000061035156,75.11000061035156,0.0,19186100
2017-09-22,67.7928695678711,74.41000366210938,0.0,74.51000213623047,73.8499984741211,73.98999786376953,0.0,14111400
2017-09-25,66.7451400756836,73.26000213623047,0.0,74.25,72.91999816894531,74.08999633789062,0.0,24149200
2017-09-26,66.7451400756836,73.26000213623047,0.0,73.80999755859375,72.98999786376953,73.66999816894531,0.0,18019600
2017-09-27,67.28264617919922,73.8499984741211,0.0,74.16999816894531,73.16999816894531,73.55000305175781,0.0,19565100
2017-09-28,67.3008804321289,73.87000274658203,0.0,73.97000122070312,73.30999755859375,73.54000091552734,0.0,10883800
2017-09-29,67.86577606201172,74.48999786376953,0.0,74.54000091552734,73.87999725341797,73.94000244140625,0.0,17079100
2017-10-02,67.97508239746094,74.61000061035156,0.0,75.01000213623047,74.30000305175781,74.70999908447266,0.0,15304800
2017-10-03,67.6562271118164,74.26000213623047,0.0,74.87999725341797,74.19000244140625,74.66999816894531,0.0,12190400
2017-10-04,68.04795837402344,74.69000244140625,0.0,74.72000122070312,73.70999908447266,74.08999633789062,0.0,13317700
2017-10-05,69.21414947509766,75.97000122070312,0.0,76.12000274658203,74.95999908447266,75.22000122070312,0.0,21195300
2017-10-06,69.24148559570312,76.0,0.0,76.02999877929688,75.54000091552734,75.66999816894531,0.0,13959800
2017-10-09,69.50569152832031,76.29000091552734,0.0,76.55000305175781,75.86000061035156,75.97000122070312,0.0,11386500
2017-10-10,69.50569152832031,76.29000091552734,0.0,76.62999725341797,76.13999938964844,76.33000183105469,0.0,13944500
2017-10-11,69.62411499023438,76.41999816894531,0.0,76.45999908447266,75.94999694824219,76.36000061035156,0.0,15388900
2017-10-12,70.26187133789062,77.12000274658203,0.0,77.29000091552734,76.37000274658203,76.48999786376953,0.0,16876500
2017-10-13,70.59898376464844,77.48999786376953,0.0,77.87000274658203,77.29000091552734,77.58999633789062,0.0,15335700
2017-10-16,70.74475860595703,77.6500015258789,0.0,77.80999755859375,77.3499984741211,77.41999816894531,0.0,12380100
2017-10-17,70.69007873535156,77.58999633789062,0.0,77.62000274658203,77.25,77.47000122070312,0.0,16824000
2017-10-18,70.7082748413086,77.61000061035156,0.0,77.8499984741211,77.37000274658203,77.66999816894531,0.0,13300700
2017-10-19,70.98163604736328,77.91000366210938,0.0,77.93000030517578,77.3499984741211,77.56999969482422,0.0,15092800
2017-10-20,71.80157470703125,78.80999755859375,0.0,78.97000122070312,78.22000122070312,78.31999969482422,0.0,22866400
2017-10-23,71.8198013305664,78.83000183105469,0.0,79.33999633789062,78.76000213623047,78.98999786376953,0.0,20627200
2017-10-24,71.84713745117188,78.86000061035156,0.0,79.19999694824219,78.45999908447266,78.9000015258789,0.0,17517200
2017-10-25,71.63758850097656,78.62999725341797,0.0,79.0999984741211,78.01000213623047,78.58000183105469,0.0,20410800
2017-10-26,71.75602722167969,78.76000213623047,0.0,79.41999816894531,78.75,79.19999694824219,0.0,32120700
2017-10-27,76.35694122314453,83.80999755859375,0.0,86.19999694824219,83.61000061035156,84.37000274658203,0.0,71066700
2017-10-30,76.42984008789062,83.88999938964844,0.0,84.33000183105469,83.11000061035156,83.69999694824219,0.0,31756700
2017-10-31,75.7829818725586,83.18000030517578,0.0,84.36000061035156,83.11000061035156,84.36000061035156,0.0,27086600
2017-11-01,75.7829818725586,83.18000030517578,0.0,83.76000213623047,82.87999725341797,83.68000030517578,0.0,22307400
2017-11-02,76.57560729980469,84.05000305175781,0.0,84.45999908447266,83.12000274658203,83.3499984741211,0.0,23992900
2017-11-03,76.65760803222656,84.13999938964844,0.0,84.54000091552734,83.4000015258789,84.08000183105469,0.0,17633500
2017-11-06,76.9582748413086,84.47000122070312,0.0,84.69999694824219,84.08000183105469,84.19999694824219,0.0,19860900
2017-11-07,76.77604675292969,84.2699966430664,0.0,84.9000015258789,83.93000030517578,84.7699966430664,0.0,17939700
2017-11-08,77.04025268554688,84.55999755859375,0.0,84.61000061035156,83.83000183105469,84.13999938964844,0.0,18034200
2017-11-09,76.61204528808594,84.08999633789062,0.0,84.2699966430664,82.9000015258789,84.11000061035156,0.0,21178400
2017-11-10,76.41162872314453,83.87000274658203,0.0,84.0999984741211,83.2300033569336,83.79000091552734,0.0,19397800
2017-11-13,76.46629333496094,83.93000030517578,0.0,83.94000244140625,83.45999908447266,83.66000366210938,0.0,14196900
2017-11-14,76.57560729980469,84.05000305175781,0.0,84.0999984741211,82.9800033569336,83.5,0.0,18801300
2017-11-15,75.98043823242188,82.9800033569336,0.42,83.69000244140625,82.69000244140625,83.47000122070312,0.0,19383100
2017-11-16,76.18186950683594,83.19999694824219,0.0,83.41999816894531,82.94000244140625,83.0999984741211,0.0,20962800
2017-11-17,75.44935607910156,82.4000015258789,0.0,83.12000274658203,82.23999786376953,83.12000274658203,0.0,22079000
2017-11-20,75.56838989257812,82.52999877929688,0.0,82.58999633789062,82.25,82.4000015258789,0.0,16315000
2017-11-21,76.65802001953125,83.72000122070312,0.0,83.83999633789062,82.73999786376953,82.73999786376953,0.0,21237500
2017-11-22,76.09947967529297,83.11000061035156,0.0,83.9000015258789,83.04000091552734,83.83000183105469,0.0,20553100
2017-11-24,76.23681640625,83.26000213623047,0.0,83.43000030517578,82.77999877929688,83.01000213623047,0.0,7425600
2017-11-27,76.79537200927734,83.87000274658203,0.0,83.9800033569336,83.30000305175781,83.30999755859375,0.0,18265200
2017-11-28,77.7201919555664,84.87999725341797,0.0,85.05999755859375,84.0199966430664,84.06999969482422,0.0,21926000
2017-11-29,76.31007385253906,83.33999633789062,0.0,84.91999816894531,83.18000030517578,84.70999908447266,0.0,27381100
2017-11-30,77.07005310058594,84.16999816894531,0.0,84.5199966430664,83.33999633789062,83.51000213623047,0.0,33054600
2017-12-01,77.15247344970703,84.26000213623047,0.0,84.80999755859375,83.22000122070312,83.5999984741211,0.0,29532100
2017-12-04,74.2406997680664,81.08000183105469,0.0,84.43000030517578,80.69999694824219,84.41999816894531,0.0,39094900
2017-12-05,74.70767974853516,81.58999633789062,0.0,82.68000030517578,80.9800033569336,81.33999633789062,0.0,26152300
2017-12-06,75.79730224609375,82.77999877929688,0.0,83.13999938964844,81.43000030517578,81.55000305175781,0.0,26162100
2017-12-07,75.5317611694336,82.48999786376953,0.0,82.80000305175781,82.0,82.54000091552734,0.0,23184500
2017-12-08,77.0609130859375,84.16000366210938,0.0,84.58000183105469,83.33000183105469,83.62999725341797,0.0,24489100
2017-12-11,78.04064178466797,85.2300033569336,0.0,85.37000274658203,84.12000274658203,84.29000091552734,0.0,22857900
2017-12-12,78.36112213134766,85.58000183105469,0.0,86.05000305175781,85.08000183105469,85.30999755859375,0.0,23924100
2017-12-13,78.1505126953125,85.3499984741211,0.0,86.0,85.16999816894531,85.73999786376953,0.0,22062700
2017-12-14,77.54617309570312,84.69000244140625,0.0,85.87000274658203,84.52999877929688,85.43000030517578,0.0,19306000
2017-12-15,79.52398681640625,86.8499984741211,0.0,87.08999633789062,84.87999725341797,85.26000213623047,0.0,53936700
2017-12-18,79.0936279296875,86.37999725341797,0.0,87.5,86.2300033569336,87.12000274658203,0.0,22283800
2017-12-19,78.59000396728516,85.83000183105469,0.0,86.3499984741211,85.2699966430664,86.3499984741211,0.0,23524800
2017-12-20,78.30615997314453,85.5199966430664,0.0,86.30000305175781,84.70999908447266,86.19999694824219,0.0,23674900
2017-12-21,78.287841796875,85.5,0.0,86.0999984741211,85.4000015258789,86.05000305175781,0.0,17990700
2017-12-22,78.2969970703125,85.51000213623047,0.0,85.62999725341797,84.91999816894531,85.4000015258789,0.0,14145800
2017-12-26,78.19629669189453,85.4000015258789,0.0,85.52999877929688,85.02999877929688,85.30999755859375,0.0,9891200
2017-12-27,78.48014831542969,85.70999908447266,0.0,85.9800033569336,85.22000122070312,85.6500015258789,0.0,14678000
2017-12-28,78.48931884765625,85.72000122070312,0.0,85.93000030517578,85.55000305175781,85.9000015258789,0.0,10594300
2017-12-29,78.32450103759766,85.54000091552734,0.0,86.05000305175781,85.5,85.62999725341797,0.0,18717400
2018-01-02,78.69989013671875,85.94999694824219,0.0,86.30999755859375,85.5,86.12999725341797,0.0,22483800
2018-01-03,79.066162109375,86.3499984741211,0.0,86.51000213623047,85.97000122070312,86.05999755859375,0.0,26061400
2018-01-04,79.76204681396484,87.11000061035156,0.0,87.66000366210938,86.56999969482422,86.58999633789062,0.0,21912000
2018-01-05,80.75093841552734,88.19000244140625,0.0,88.41000366210938,87.43000030517578,87.66000366210938,0.0,23407100
2018-01-08,80.83336639404297,88.27999877929688,0.0,88.58000183105469,87.5999984741211,88.19999694824219,0.0,22113000
2018-01-09,80.77845001220703,88.22000122070312,0.0,88.7300033569336,87.86000061035156,88.6500015258789,0.0,19484300
2018-01-10,80.41217041015625,87.81999969482422,0.0,88.19000244140625,87.41000366210938,87.86000061035156,0.0,18652200
2018-01-11,80.65025329589844,88.08000183105469,0.0,88.12999725341797,87.23999786376953,88.12999725341797,0.0,17808900
2018-01-12,82.04203033447266,89.5999984741211,0.0,89.77999877929688,88.44999694824219,88.66999816894531,0.0,24271500
2018-01-16,80.89747619628906,88.3499984741211,0.0,90.79000091552734,88.01000213623047,90.0999984741211,0.0,36599700
2018-01-17,82.53646087646484,90.13999938964844,0.0,90.27999877929688,88.75,89.08000183105469,0.0,25621200
2018-01-18,82.49983978271484,90.0999984741211,0.0,90.66999816894531,89.66000366210938,89.80000305175781,0.0,24159700
2018-01-19,82.40829467773438,90.0,0.0,90.61000061035156,89.66000366210938,90.13999938964844,0.0,36875000
2018-01-22,83.8824691772461,91.61000061035156,0.0,91.62000274658203,89.73999786376953,90.0,0.0,23601600
2018-01-23,84.14801025390625,91.9000015258789,0.0,92.30000305175781,91.54000091552734,91.9000015258789,0.0,23412800
2018-01-24,84.07475280761719,91.81999969482422,0.0,93.43000030517578,91.58000183105469,92.55000305175781,0.0,33277500
2018-01-25,84.54175567626953,92.33000183105469,0.0,93.23999786376953,91.93000030517578,92.47000122070312,0.0,26383200
2018-01-26,86.12579345703125,94.05999755859375,0.0,94.05999755859375,92.58000183105469,93.12000274658203,0.0,29172200
2018-01-29,85.99761199951172,93.91999816894531,0.0,95.44999694824219,93.72000122070312,95.13999938964844,0.0,31569900
2018-01-30,84.91715240478516,92.73999786376953,0.0,93.66000366210938,92.0999984741211,93.30000305175781,0.0,38635100
2018-01-31,86.99567413330078,95.01000213623047,0.0,95.4000015258789,93.51000213623047,93.75,0.0,48756300
2018-02-01,86.30892944335938,94.26000213623047,0.0,96.06999969482422,93.58000183105469,94.79000091552734,0.0,47227900
2018-02-02,84.03811645507812,91.77999877929688,0.0,93.97000122070312,91.5,93.63999938964844,0.0,47867800
2018-02-05,80.57698059082031,88.0,0.0,93.23999786376953,88.0,90.55999755859375,0.0,51031500
2018-02-06,83.62609100341797,91.33000183105469,0.0,91.4800033569336,85.25,86.88999938964844,0.0,67998600
2018-02-07,82.05116271972656,89.61000061035156,0.0,91.7699966430664,89.19999694824219,90.48999786376953,0.0,41107600
2018-02-08,77.83917999267578,85.01000213623047,0.0,89.87999725341797,84.76000213623047,89.70999908447266,0.0,55628700
2018-02-09,80.74180603027344,88.18000030517578,0.0,88.93000030517578,83.83000183105469,86.30000305175781,0.0,63499100
2018-02-12,81.61166381835938,89.12999725341797,0.0,89.77999877929688,87.93000030517578,88.73999786376953,0.0,35720300
2018-02-13,82.25262451171875,89.83000183105469,0.0,90.0,87.80000305175781,88.93000030517578,0.0,26407700
2018-02-14,83.5405502319336,90.80999755859375,0.42,90.98999786376953,88.41000366210938,88.51000213623047,0.0,34960900
2018-02-15,85.24246215820312,92.66000366210938,0.0,92.72000122070312,90.62000274658203,91.20999908447266,0.0,27823900
2018-02-16,84.63529968261719,92.0,0.0,93.5,91.80000305175781,92.44999694824219,0.0,30596900
2018-02-20,85.29766082763672,92.72000122070312,0.0,93.05999755859375,91.01000213623047,91.4800033569336,0.0,30911700
2018-02-21,84.16613006591797,91.48999786376953,0.0,93.36000061035156,91.48999786376953,92.9800033569336,0.0,26922500
2018-02-22,84.38689422607422,91.7300033569336,0.0,92.7300033569336,91.36000061035156,92.05000305175781,0.0,24392800
2018-02-23,86.53038024902344,94.05999755859375,0.0,94.06999969482422,92.36000061035156,93.5999984741211,0.0,26329200
2018-02-26,87.78150177001953,95.41999816894531,0.0,95.44999694824219,94.25,94.4000015258789,0.0,30199800
2018-02-27,86.65916442871094,94.19999694824219,0.0,95.83999633789062,94.19999694824219,95.73999786376953,0.0,25869100
2018-02-28,86.26361846923828,93.7699966430664,0.0,95.70999908447266,93.62999725341797,94.83999633789062,0.0,31167300
2018-03-01,85.41725158691406,92.8499984741211,0.0,94.56999969482422,91.83999633789062,93.98999786376953,0.0,37135600
2018-03-02,85.60122680664062,93.05000305175781,0.0,93.1500015258789,90.86000061035156,91.58000183105469,0.0,32830400
2018-03-05,86.14398956298828,93.63999938964844,0.0,94.2699966430664,92.26000213623047,92.33999633789062,0.0,23901600
2018-03-06,85.84961700439453,93.31999969482422,0.0,94.48999786376953,92.94000244140625,94.33999633789062,0.0,22175800
2018-03-07,86.34638214111328,93.86000061035156,0.0,93.94000244140625,92.43000030517578,93.16000366210938,0.0,26716100
2018-03-08,86.87076568603516,94.43000030517578,0.0,95.0999984741211,93.7699966430664,94.2699966430664,0.0,25887800
2018-03-09,88.81185913085938,96.54000091552734,0.0,96.54000091552734,95.0,95.29000091552734,0.0,36937300
2018-03-12,89.02342224121094,96.7699966430664,0.0,97.20999908447266,96.04000091552734,96.5,0.0,26073700
2018-03-13,86.85236358642578,94.41000366210938,0.0,97.23999786376953,93.97000122070312,97.0,0.0,35387800
2018-03-14,86.33718872070312,93.8499984741211,0.0,95.41000366210938,93.5,95.12000274658203,0.0,32132000
2018-03-15,86.64079284667969,94.18000030517578,0.0,94.58000183105469,92.83000183105469,93.52999877929688,0.0,27611000
2018-03-16,87.02713012695312,94.5999984741211,0.0,95.37999725341797,93.91999816894531,94.68000030517578,0.0,49081300
2018-03-19,85.45402526855469,92.88999938964844,0.0,93.9000015258789,92.11000061035156,93.73999786376953,0.0,33344100
2018-03-20,85.67484283447266,93.12999725341797,0.0,93.7699966430664,93.0,93.05000305175781,0.0,23075200
2018-03-21,85.07685852050781,92.4800033569336,0.0,94.05000305175781,92.20999908447266,92.93000030517578,0.0,24457100
2018-03-22,82.60220336914062,89.79000091552734,0.0,91.75,89.66000366210938,91.2699966430664,0.0,38604700
2018-03-23,80.20112609863281,87.18000030517578,0.0,90.45999908447266,87.08000183105469,89.5,0.0,44068900
2018-03-26,86.27278900146484,93.77999877929688,0.0,94.0,90.4000015258789,90.61000061035156,0.0,56396800
2018-03-27,82.30780792236328,89.47000122070312,0.0,95.13999938964844,88.51000213623047,94.94000244140625,0.0,56569000
2018-03-28,82.2342300415039,89.38999938964844,0.0,91.2300033569336,88.87000274658203,89.81999969482422,0.0,52501100
2018-03-29,83.96372985839844,91.2699966430664,0.0,92.29000091552734,88.4000015258789,90.18000030517578,0.0,45867500
2018-04-02,81.43386840820312,88.5199966430664,0.0,90.87999725341797,87.51000213623047,90.47000122070312,0.0,48515400
2018-04-03,82.52859497070312,89.70999908447266,0.0,90.05000305175781,87.88999938964844,89.58000183105469,0.0,37213800
2018-04-04,84.93887329101562,92.33000183105469,0.0,92.76000213623047,87.7300033569336,87.8499984741211,0.0,35560000
2018-04-05,84.98486328125,92.37999725341797,0.0,93.06999969482422,91.4000015258789,92.44000244140625,0.0,29771900
2018-04-06,83.0069808959961,90.2300033569336,0.0,92.45999908447266,89.4800033569336,91.48999786376953,0.0,38026000
2018-04-09,83.50374603271484,90.7699966430664,0.0,93.16999816894531,90.62000274658203,91.04000091552734,0.0,31533900
2018-04-10,85.4448471069336,92.87999725341797,0.0,93.27999877929688,91.63999938964844,92.38999938964844,0.0,26812000
2018-04-11,84.50648498535156,91.86000061035156,0.0,93.29000091552734,91.4800033569336,92.01000213623047,0.0,24872100
2018-04-12,86.08881378173828,93.58000183105469,0.0,94.16000366210938,92.43000030517578,92.43000030517578,0.0,26758900
2018-04-13,85.62881469726562,93.08000183105469,0.0,94.18000030517578,92.44000244140625,94.05000305175781,0.0,23346100
2018-04-16,86.63156127929688,94.16999816894531,0.0,94.66000366210938,93.41999816894531,94.06999969482422,0.0,20288100
2018-04-17,88.3794937133789,96.06999969482422,0.0,96.54000091552734,94.87999725341797,95.0,0.0,26771000
2018-04-18,88.71984100341797,96.44000244140625,0.0,96.72000122070312,95.5199966430664,96.22000122070312,0.0,21043300
2018-04-19,88.41627502441406,96.11000061035156,0.0,97.06999969482422,95.33999633789062,96.44000244140625,0.0,23552500
2018-04-20,87.39513397216797,95.0,0.0,96.11000061035156,94.05000305175781,95.91000366210938,0.0,31154400
2018-04-23,87.71710205078125,95.3499984741211,0.0,96.29000091552734,94.62999725341797,95.73999786376953,0.0,22331800
2018-04-24,85.66561889648438,93.12000274658203,0.0,96.47000122070312,92.41000366210938,96.23999786376953,0.0,34524800
2018-04-25,84.92047882080078,92.30999755859375,0.0,93.30000305175781,90.27999877929688,93.30000305175781,0.0,33729300
2018-04-26,86.71438598632812,94.26000213623047,0.0,95.1500015258789,93.0999984741211,93.55000305175781,0.0,42529000
2018-04-27,88.14949798583984,95.81999969482422,0.0,97.9000015258789,93.91000366210938,97.5999984741211,0.0,48272800
2018-04-30,86.03361511230469,93.5199966430664,0.0,96.4000015258789,93.1500015258789,96.33000183105469,0.0,41523600
2018-05-01,87.39513397216797,95.0,0.0,95.29000091552734,92.79000091552734,93.20999908447266,0.0,31408900
2018-05-02,86.02440643310547,93.51000213623047,0.0,95.16999816894531,93.19000244140625,94.98999786376953,0.0,27471000
2018-05-03,86.5395736694336,94.06999969482422,0.0,94.93000030517578,92.44999694824219,92.95999908447266,0.0,31142500
2018-05-04,87.54231262207031,95.16000366210938,0.0,95.37000274658203,92.91999816894531,93.31999969482422,0.0,22531300
2018-05-07,88.51748657226562,96.22000122070312,0.0,96.70999908447266,95.0999984741211,95.16999816894531,0.0,24242000
2018-05-08,88.14026641845703,95.80999755859375,0.0,96.16000366210938,95.05999755859375,95.8499984741211,0.0,23484600
2018-05-09,89.17984008789062,96.94000244140625,0.0,96.97000122070312,95.05000305175781,96.01000213623047,0.0,27327400
2018-05-10,90.07219696044922,97.91000366210938,0.0,97.94999694824219,97.05000305175781,97.45999908447266,0.0,22388100
2018-05-11,89.87899780273438,97.69999694824219,0.0,97.87000274658203,97.04000091552734,97.80000305175781,0.0,16778300
2018-05-14,90.18256378173828,98.02999877929688,0.0,98.69000244140625,97.30999755859375,97.91999816894531,0.0,19454100
2018-05-15,89.52941131591797,97.31999969482422,0.0,97.8499984741211,96.33999633789062,97.23999786376953,0.0,24594000
2018-05-16,89.76041412353516,97.1500015258789,0.42,97.4000015258789,96.62000274658203,97.36000061035156,0.0,17384700
2018-05-17,88.86418151855469,96.18000030517578,0.0,97.54000091552734,95.83000183105469,96.76000213623047,0.0,17246700
2018-05-18,89.03048706054688,96.36000061035156,0.0,96.93000030517578,96.01000213623047,96.01000213623047,0.0,17865800
2018-05-21,90.17619323730469,97.5999984741211,0.0,98.01000213623047,96.80000305175781,97.0,0.0,19422500
2018-05-22,90.08377838134766,97.5,0.0,98.16999816894531,97.19999694824219,97.68000030517578,0.0,15441200
2018-05-23,91.15554809570312,98.66000366210938,0.0,98.7300033569336,96.31999969482422,96.70999908447266,0.0,21251200
2018-05-24,90.8321533203125,98.30999755859375,0.0,98.94000244140625,96.80999755859375,98.7300033569336,0.0,26649300
2018-05-25,90.87837219238281,98.36000061035156,0.0,98.9800033569336,97.86000061035156,98.30000305175781,0.0,18363900
2018-05-29,90.55498504638672,98.01000213623047,0.0,98.87999725341797,97.2300033569336,97.83999633789062,0.0,28671000
2018-05-30,91.42349243164062,98.94999694824219,0.0,99.25,97.91000366210938,98.30999755859375,0.0,22158500
2018-05-31,91.32184600830078,98.83999633789062,0.0,99.98999786376953,98.61000061035156,99.29000091552734,0.0,34140900
2018-06-01,93.12352752685547,100.79000091552734,0.0,100.86000061035156,99.16999816894531,99.27999877929688,0.0,28655600
2018-06-04,93.93659210205078,101.66999816894531,0.0,101.86000061035156,100.8499984741211,101.26000213623047,0.0,27281600
2018-06-05,94.41705322265625,102.19000244140625,0.0,102.33000183105469,101.52999877929688,102.0,0.0,23514400
2018-06-06,94.6942367553711,102.48999786376953,0.0,102.5999984741211,101.9000015258789,102.4800033569336,0.0,21122900
2018-06-07,93.20665740966797,100.87999725341797,0.0,102.69000244140625,100.37999725341797,102.6500015258789,0.0,28232200
2018-06-08,93.89964294433594,101.62999725341797,0.0,101.94999694824219,100.54000091552734,101.08999633789062,0.0,22165100
2018-06-11,93.36373138427734,101.05000305175781,0.0,101.58999633789062,100.66999816894531,101.01000213623047,0.0,23490900
2018-06-12,93.60395050048828,101.30999755859375,0.0,101.44999694824219,100.75,101.0999984741211,0.0,18325200
2018-06-13,93.17896270751953,100.8499984741211,0.0,102.01000213623047,100.55999755859375,101.72000122070312,0.0,29492900
2018-06-14,93.70561981201172,101.41999816894531,0.0,102.02999877929688,101.0,101.6500015258789,0.0,25691800
2018-06-15,92.51371765136719,100.12999725341797,0.0,101.52999877929688,100.06999969482422,101.51000213623047,0.0,65738600
2018-06-18,93.18822479248047,100.86000061035156,0.0,101.11000061035156,99.41999816894531,100.01000213623047,0.0,23586000
2018-06-19,93.18822479248047,100.86000061035156,0.0,101.0,99.5,99.6500015258789,0.0,28653100
2018-06-20,94.12137603759766,101.87000274658203,0.0,102.5199966430664,101.12000274658203,101.37000274658203,0.0,26180800
2018-06-21,93.4468994140625,101.13999938964844,0.0,102.45999908447266,100.87999725341797,102.08000183105469,0.0,23198200
2018-06-22,92.77243041992188,100.41000366210938,0.0,100.7699966430664,99.62999725341797,100.41000366210938,0.0,38923100
2018-06-25,90.90607452392578,98.38999938964844,0.0,100.11000061035156,97.30000305175781,100.0,0.0,35433300
2018-06-26,91.5436019897461,99.08000183105469,0.0,100.08000183105469,98.75,98.81999969482422,0.0,26897200
2018-06-27,90.12074279785156,97.54000091552734,0.0,100.0199966430664,97.4000015258789,99.58000183105469,0.0,31298400
2018-06-28,91.12784576416016,98.62999725341797,0.0,99.11000061035156,97.26000213623047,97.37999725341797,0.0,26650700
2018-06-29,91.10933685302734,98.61000061035156,0.0,99.91000366210938,98.33000183105469,98.93000030517578,0.0,28053200
2018-07-02,92.40286254882812,100.01000213623047,0.0,100.05999755859375,98.0,98.0999984741211,0.0,19564500
2018-07-03,91.51586151123047,99.05000305175781,0.0,100.62999725341797,98.94000244140625,100.4800033569336,0.0,14670300
2018-07-05,92.17185974121094,99.76000213623047,0.0,99.91999816894531,99.02999877929688,99.5,0.0,18977400
2018-07-06,93.46537017822266,101.16000366210938,0.0,101.43000030517578,99.66999816894531,99.88999938964844,0.0,19234600
2018-07-09,94.1028823852539,101.8499984741211,0.0,102.25,101.25,101.6500015258789,0.0,18212000
2018-07-10,94.35236358642578,102.12000274658203,0.0,102.51000213623047,101.86000061035156,102.0,0.0,19293100
2018-07-11,94.22301483154297,101.9800033569336,0.0,102.33999633789062,101.0999984741211,101.1500015258789,0.0,19644600
2018-07-12,96.2649154663086,104.19000244140625,0.0,104.41000366210938,102.7300033569336,102.7699966430664,0.0,24335900
2018-07-13,97.41059112548828,105.43000030517578,0.0,105.5999984741211,104.08999633789062,104.37000274658203,0.0,24635200
2018-07-16,96.93014526367188,104.91000366210938,0.0,105.81999969482422,104.5199966430664,105.4000015258789,0.0,21786900
2018-07-17,97.89102935791016,105.94999694824219,0.0,106.5,104.31999969482422,104.61000061035156,0.0,25901700
2018-07-18,97.1241683959961,105.12000274658203,0.0,106.05000305175781,104.72000122070312,105.94000244140625,0.0,29493900
2018-07-19,96.45892333984375,104.4000015258789,0.0,105.30999755859375,103.88999938964844,104.93000030517578,0.0,40171600
2018-07-20,98.18671417236328,106.2699966430664,0.0,108.19999694824219,106.08000183105469,108.08000183105469,0.0,56004000
2018-07-23,99.75738525390625,107.97000122070312,0.0,108.13999938964844,106.12999725341797,106.30000305175781,0.0,29707000
2018-07-24,99.47095489501953,107.66000366210938,0.0,108.81999969482422,107.26000213623047,108.56999969482422,0.0,26316600
2018-07-25,102.39986419677734,110.83000183105469,0.0,111.1500015258789,107.5999984741211,107.95999908447266,0.0,30702100
2018-07-26,101.28187561035156,109.62000274658203,0.0,111.0,109.5,110.73999786376953,0.0,31372100
2018-07-27,99.48944854736328,107.68000030517578,0.0,110.18000030517578,106.13999938964844,110.18000030517578,0.0,37005300
2018-07-30,97.35514831542969,105.37000274658203,0.0,107.52999877929688,104.76000213623047,107.19000244140625,0.0,34668300
2018-07-31,98.01116180419922,106.08000183105469,0.0,106.72000122070312,105.37999725341797,106.48999786376953,0.0,27655200
2018-08-01,98.19593811035156,106.27999877929688,0.0,106.44999694824219,105.41999816894531,106.02999877929688,0.0,23628700
2018-08-02,99.38780975341797,107.56999969482422,0.0,108.08999633789062,104.83999633789062,105.4000015258789,0.0,26104300
2018-08-03,99.82205963134766,108.04000091552734,0.0,108.05000305175781,106.81999969482422,107.80000305175781,0.0,18659600
2018-08-06,99.90519714355469,108.12999725341797,0.0,108.41999816894531,107.55999755859375,108.12000274658203,0.0,20265900
2018-08-07,100.59817504882812,108.87999725341797,0.0,109.0999984741211,108.16999816894531,108.55999755859375,0.0,16080200
2018-08-08,101.16177368164062,109.48999786376953,0.0,109.75,108.76000213623047,109.33000183105469,0.0,15487500
2018-08-09,101.32806396484375,109.66999816894531,0.0,110.16000366210938,109.5999984741211,109.70999908447266,0.0,13677200
2018-08-10,100.70907592773438,109.0,0.0,109.69000244140625,108.37999725341797,109.41999816894531,0.0,18183700
2018-08-13,99.9791259765625,108.20999908447266,0.0,109.58000183105469,108.0999984741211,109.23999786376953,0.0,18472500
2018-08-14,101.2264404296875,109.55999755859375,0.0,109.75,108.04000091552734,108.55999755859375,0.0,16788300
2018-08-15,99.85374450683594,107.66000366210938,0.42,108.98999786376953,106.81999969482422,108.48999786376953,0.0,29982800
2018-08-16,99.83518981933594,107.63999938964844,0.0,108.86000061035156,107.30000305175781,108.30000305175781,0.0,21384300
2018-08-17,99.77957153320312,107.58000183105469,0.0,107.9000015258789,106.69000244140625,107.36000061035156,0.0,18061500
2018-08-20,99.12103271484375,106.87000274658203,0.0,107.9000015258789,106.4800033569336,107.51000213623047,0.0,17914200
2018-08-21,98.29557800292969,105.9800033569336,0.0,107.3499984741211,105.8499984741211,106.91999816894531,0.0,22881900
2018-08-22,99.29725646972656,107.05999755859375,0.0,107.33999633789062,105.77999877929688,105.8499984741211,0.0,18000600
2018-08-23,99.76100158691406,107.55999755859375,0.0,108.18000030517578,106.87000274658203,107.1500015258789,0.0,18167700
2018-08-24,100.54013061523438,108.4000015258789,0.0,108.55999755859375,107.55999755859375,107.66999816894531,0.0,17234000
2018-08-27,101.653076171875,109.5999984741211,0.0,109.63999938964844,108.51000213623047,109.2699966430664,0.0,19662300
2018-08-28,102.26529693603516,110.26000213623047,0.0,110.5,109.79000091552734,109.94000244140625,0.0,19151500
2018-08-29,103.89763641357422,112.0199966430664,0.0,112.02999877929688,110.2699966430664,110.44999694824219,0.0,20818000
2018-08-30,103.83269500732422,111.94999694824219,0.0,112.61000061035156,111.44000244140625,111.66999816894531,0.0,22798700
2018-08-31,104.1851577758789,112.33000183105469,0.0,112.77999877929688,111.5199966430664,111.69000244140625,0.0,23222700
2018-09-04,103.6100845336914,111.70999908447266,0.0,111.95999908447266,110.22000122070312,110.8499984741211,0.0,22634600
2018-09-05,100.62357330322266,108.48999786376953,0.0,111.41999816894531,108.0999984741211,111.01000213623047,0.0,32872400
2018-09-06,100.85545349121094,108.73999786376953,0.0,108.98999786376953,107.51000213623047,108.25,0.0,23477600
2018-09-07,100.36388397216797,108.20999908447266,0.0,108.72000122070312,107.2300033569336,108.2300033569336,0.0,22498600
2018-09-10,101.44905090332031,109.37999725341797,0.0,109.63999938964844,108.36000061035156,108.83999633789062,0.0,20727900
2018-09-11,103.17418670654297,111.23999786376953,0.0,111.58999633789062,108.88999938964844,108.9000015258789,0.0,24301800
2018-09-12,103.6100845336914,111.70999908447266,0.0,111.8499984741211,110.51000213623047,111.43000030517578,0.0,18891100
2018-09-13,104.72311401367188,112.91000366210938,0.0,113.7300033569336,112.12000274658203,112.12000274658203,0.0,26055600
2018-09-14,105.14974212646484,113.37000274658203,0.0,113.7300033569336,112.44000244140625,113.36000061035156,0.0,19122300
2018-09-17,104.00891876220703,112.13999938964844,0.0,113.69999694824219,111.86000061035156,113.69000244140625,0.0,20736500
2018-09-18,105.0013427734375,113.20999908447266,0.0,113.69999694824219,111.72000122070312,112.19000244140625,0.0,22170900
2018-09-19,103.60079956054688,111.69999694824219,0.0,113.31999969482422,111.04000091552734,113.05000305175781,0.0,21728400
2018-09-20,105.33523559570312,113.56999969482422,0.0,113.80000305175781,111.93000030517578,112.27999877929688,0.0,23714500
2018-09-21,105.97522735595703,114.26000213623047,0.0,115.29000091552734,113.51000213623047,114.0,0.0,71229700
2018-09-24,106.35547637939453,114.66999816894531,0.0,114.9000015258789,112.22000122070312,113.02999877929688,0.0,27334500
2018-09-25,106.15142822265625,114.44999694824219,0.0,115.0999984741211,113.75,114.80000305175781,0.0,22668000
2018-09-26,105.71552276611328,113.9800033569336,0.0,115.05999755859375,113.73999786376953,114.47000122070312,0.0,19352000
2018-09-27,106.11434173583984,114.41000366210938,0.0,114.91000366210938,114.19999694824219,114.77999877929688,0.0,19091300
2018-09-28,106.07725524902344,114.37000274658203,0.0,114.56999969482422,113.68000030517578,114.19000244140625,0.0,21647800
2018-10-01,107.22731018066406,115.61000061035156,0.0,115.68000030517578,114.7300033569336,114.75,0.0,18883100
2018-10-02,106.80066680908203,115.1500015258789,0.0,115.83999633789062,114.44000244140625,115.30000305175781,0.0,20787200
2018-10-03,106.81922149658203,115.16999816894531,0.0,116.18000030517578,114.93000030517578,115.41999816894531,0.0,16648000
2018-10-04,104.6117935180664,112.79000091552734,0.0,114.76000213623047,111.62999725341797,114.61000061035156,0.0,34821700
2018-10-05,103.99964904785156,112.12999725341797,0.0,113.16999816894531,110.63999938964844,112.62999725341797,0.0,29068900
2018-10-08,102.8124771118164,110.8499984741211,0.0,112.02999877929688,109.33999633789062,111.66000366210938,0.0,29640600
2018-10-09,104.12023162841797,112.26000213623047,0.0,113.08000183105469,110.80000305175781,111.13999938964844,0.0,26198600
2018-10-10,98.46253967285156,106.16000366210938,0.0,111.5,105.79000091552734,111.23999786376953,0.0,61376300
2018-10-11,98.23065948486328,105.91000366210938,0.0,108.93000030517578,104.19999694824219,105.3499984741211,0.0,63904300
2018-10-12,101.62525939941406,109.56999969482422,0.0,111.23999786376953,107.12000274658203,109.01000213623047,0.0,47742100
2018-10-15,99.79811096191406,107.5999984741211,0.0,109.4800033569336,106.94999694824219,108.91000366210938,0.0,32068100
2018-10-16,102.95159912109375,111.0,0.0,111.41000366210938,108.94999694824219,109.54000091552734,0.0,31610200
2018-10-17,102.6826171875,110.70999908447266,0.0,111.80999755859375,109.55000305175781,111.68000030517578,0.0,26548200
2018-10-18,100.63286590576172,108.5,0.0,110.52999877929688,107.83000183105469,110.0999984741211,0.0,32506200
2018-10-19,100.78125762939453,108.66000366210938,0.0,110.86000061035156,108.20999908447266,108.93000030517578,0.0,32785500
2018-10-22,101.68094635009766,109.62999725341797,0.0,110.54000091552734,108.23999786376953,109.31999969482422,0.0,26545600
2018-10-23,100.26185607910156,108.0999984741211,0.0,108.97000122070312,105.11000061035156,107.7699966430664,0.0,43770400
2018-10-24,94.90096282958984,102.31999969482422,0.0,108.48999786376953,101.58999633789062,108.41000366210938,0.0,63897800
2018-10-25,100.4473648071289,108.30000305175781,0.0,109.2699966430664,106.1500015258789,106.55000305175781,0.0,61646800
2018-10-26,99.2044906616211,106.95999908447266,0.0,108.75,104.76000213623047,105.69000244140625,0.0,55523100
2018-10-29,96.32000732421875,103.8499984741211,0.0,108.69999694824219,101.62999725341797,108.11000061035156,0.0,55162000
2018-10-30,96.20873260498047,103.7300033569336,0.0,104.37999725341797,100.11000061035156,103.66000366210938,0.0,65350900
2018-10-31,99.06539916992188,106.80999755859375,0.0,108.13999938964844,105.38999938964844,105.44000244140625,0.0,51062400
2018-11-01,98.23993682861328,105.91999816894531,0.0,107.31999969482422,105.52999877929688,107.05000305175781,0.0,33384200
2018-11-02,98.46253967285156,106.16000366210938,0.0,107.31999969482422,104.9800033569336,106.4800033569336,0.0,37680200
2018-11-05,99.71464538574219,107.51000213623047,0.0,107.73999786376953,105.9000015258789,106.37000274658203,0.0,27922100
2018-11-06,99.909423828125,107.72000122070312,0.0,108.83999633789062,106.27999877929688,107.37999725341797,0.0,24340200
2018-11-07,103.84196472167969,111.95999908447266,0.0,112.23999786376953,109.4000015258789,109.44000244140625,0.0,37901700
2018-11-08,103.6471939086914,111.75,0.0,112.20999908447266,110.91000366210938,111.80000305175781,0.0,25644100
2018-11-09,101.62525939941406,109.56999969482422,0.0,111.44999694824219,108.76000213623047,110.8499984741211,0.0,32039200
2018-11-12,99.12103271484375,106.87000274658203,0.0,109.95999908447266,106.0999984741211,109.41999816894531,0.0,33621800
2018-11-13,99.18598175048828,106.94000244140625,0.0,108.73999786376953,106.63999938964844,107.55000305175781,0.0,35374600
2018-11-14,97.77940368652344,104.97000122070312,0.46,108.26000213623047,104.47000122070312,108.0999984741211,0.0,39495100
2018-11-15,99.93116760253906,107.27999877929688,0.0,107.80000305175781,103.91000366210938,104.98999786376953,0.0,38505200
2018-11-16,100.87197875976562,108.29000091552734,0.0,108.87999725341797,106.80000305175781,107.08000183105469,0.0,33502100
2018-11-19,97.4533920288086,104.62000274658203,0.0,108.55999755859375,103.55000305175781,108.2699966430664,0.0,44773900
2018-11-20,94.74273681640625,101.70999908447266,0.0,102.97000122070312,99.3499984741211,101.80000305175781,0.0,64052500
2018-11-21,96.04683685302734,103.11000061035156,0.0,104.43000030517578,102.23999786376953,103.5999984741211,0.0,28130600
2018-11-23,96.00956726074219,103.06999969482422,0.0,103.80999755859375,102.0,102.16999816894531,0.0,13823100
2018-11-26,99.17665100097656,106.47000122070312,0.0,106.62999725341797,104.58000183105469,104.79000091552734,0.0,32336200
2018-11-27,99.80075073242188,107.13999938964844,0.0,107.33000183105469,105.36000061035156,106.2699966430664,0.0,29124500
2018-11-28,103.50814056396484,111.12000274658203,0.0,111.33000183105469,107.86000061035156,107.88999938964844,0.0,46788500
2018-11-29,102.64183807373047,110.19000244140625,0.0,111.12000274658203,109.02999877929688,110.33000183105469,0.0,28123200
2018-11-30,103.29387664794922,110.88999938964844,0.0,110.97000122070312,109.36000061035156,110.69999694824219,0.0,33665600
2018-12-03,104.41166687011719,112.08999633789062,0.0,113.41999816894531,110.7300033569336,113.0,0.0,34732800
2018-12-04,101.08621215820312,108.5199966430664,0.0,112.63999938964844,108.20999908447266,111.94000244140625,0.0,45197000
2018-12-06,101.71033477783203,109.19000244140625,0.0,109.23999786376953,105.0,105.81999969482422,0.0,49107400
2018-12-07,97.63967895507812,104.81999969482422,0.0,109.44999694824219,104.30000305175781,108.37999725341797,0.0,45044900
2018-12-10,100.21992492675781,107.58999633789062,0.0,107.9800033569336,103.88999938964844,104.80000305175781,0.0,40801500
2018-12-11,101.15142822265625,108.58999633789062,0.0,110.94999694824219,107.44000244140625,109.80000305175781,0.0,42381900
2018-12-12,101.60784149169922,109.08000183105469,0.0,111.2699966430664,109.04000091552734,110.88999938964844,0.0,36183000
2018-12-13,101.95252227783203,109.44999694824219,0.0,110.87000274658203,108.62999725341797,109.58000183105469,0.0,31333400
2018-12-14,98.76679992675781,106.02999877929688,0.0,109.26000213623047,105.5,108.25,0.0,47043100
2018-12-17,95.84187316894531,102.88999938964844,0.0,105.80000305175781,101.70999908447266,105.41000366210938,0.0,56957300
2018-12-18,96.847900390625,103.97000122070312,0.0,104.51000213623047,102.5199966430664,103.75,0.0,49319200
2018-12-19,96.58708190917969,103.69000244140625,0.0,106.87999725341797,101.3499984741211,103.6500015258789,0.0,68198200
2018-12-20,94.55643463134766,101.51000213623047,0.0,104.30999755859375,98.77999877929688,103.05000305175781,0.0,70334200
2018-12-21,91.50109100341797,98.2300033569336,0.0,103.0,97.45999908447266,101.62999725341797,0.0,111242100
2018-12-24,87.68195343017578,94.12999725341797,0.0,97.97000122070312,93.9800033569336,97.68000030517578,0.0,43935200
2018-12-26,93.67147827148438,100.55999755859375,0.0,100.69000244140625,93.95999908447266,95.13999938964844,0.0,51634800
2018-12-27,94.2490234375,101.18000030517578,0.0,101.19000244140625,96.4000015258789,99.30000305175781,0.0,49498500
2018-12-28,93.51313781738281,100.38999938964844,0.0,102.41000366210938,99.5199966430664,102.08999633789062,0.0,38196300
2018-12-31,94.6123046875,101.56999969482422,0.0,102.4000015258789,100.44000244140625,101.29000091552734,0.0,33173800
2019-01-02,94.19316101074219,101.12000274658203,0.0,101.75,98.94000244140625,99.55000305175781,0.0,35329300
2019-01-03,90.72795104980469,97.4000015258789,0.0,100.19000244140625,97.19999694824219,100.0999984741211,0.0,42579100
2019-01-04,94.94768524169922,101.93000030517578,0.0,102.51000213623047,98.93000030517578,99.72000122070312,0.0,44060600
2019-01-07,95.06873321533203,102.05999755859375,0.0,103.2699966430664,100.9800033569336,101.63999938964844,0.0,35656100
2019-01-08,95.75804138183594,102.80000305175781,0.0,103.97000122070312,101.70999908447266,103.04000091552734,0.0,31514400
2019-01-09,97.12736511230469,104.2699966430664,0.0,104.87999725341797,103.23999786376953,103.86000061035156,0.0,32280800
2019-01-10,96.50325775146484,103.5999984741211,0.0,103.75,102.37999725341797,103.22000122070312,0.0,30067600
2019-01-11,95.75804138183594,102.80000305175781,0.0,103.44000244140625,101.63999938964844,103.19000244140625,0.0,28314200
2019-01-14,95.05943298339844,102.05000305175781,0.0,102.87000274658203,101.26000213623047,101.9000015258789,0.0,28437100
2019-01-15,97.81665802001953,105.01000213623047,0.0,105.05000305175781,101.87999725341797,102.51000213623047,0.0,31587600
2019-01-16,98.16129302978516,105.37999725341797,0.0,106.26000213623047,104.95999908447266,105.26000213623047,0.0,29853900
2019-01-17,98.85066223144531,106.12000274658203,0.0,106.62999725341797,104.76000213623047,105.0,0.0,28393000
2019-01-18,100.33170318603516,107.70999908447266,0.0,107.9000015258789,105.91000366210938,107.45999908447266,0.0,37427600
2019-01-22,98.4407730102539,105.68000030517578,0.0,107.0999984741211,104.86000061035156,106.75,0.0,32371300
2019-01-23,99.40023040771484,106.70999908447266,0.0,107.04000091552734,105.33999633789062,106.12000274658203,0.0,25874300
2019-01-24,98.92512512207031,106.19999694824219,0.0,107.0,105.33999633789062,106.86000061035156,0.0,23164800
2019-01-25,99.82868194580078,107.16999816894531,0.0,107.87999725341797,106.19999694824219,107.23999786376953,0.0,31225600
2019-01-28,97.88187408447266,105.08000183105469,0.0,106.4800033569336,104.66000366210938,106.26000213623047,0.0,29476700
2019-01-29,95.88844299316406,102.94000244140625,0.0,104.97000122070312,102.16999816894531,104.87999725341797,0.0,31490500
2019-01-30,99.09284210205078,106.37999725341797,0.0,106.37999725341797,104.33000183105469,104.62000274658203,0.0,49471900
2019-01-31,97.27640533447266,104.43000030517578,0.0,105.22000122070312,103.18000030517578,103.80000305175781,0.0,55636400
2019-02-01,95.7394027709961,102.77999877929688,0.0,104.0999984741211,102.3499984741211,103.77999877929688,0.0,35535700
2019-02-04,98.49667358398438,105.73999786376953,0.0,105.80000305175781,102.7699966430664,102.87000274658203,0.0,31315100
2019-02-05,99.87528991699219,107.22000122070312,0.0,107.2699966430664,105.95999908447266,106.05999755859375,0.0,27325400
2019-02-06,98.76679992675781,106.02999877929688,0.0,107.0,105.52999877929688,107.0,0.0,20609800
2019-02-07,98.058837890625,105.2699966430664,0.0,105.58999633789062,104.29000091552734,105.19000244140625,0.0,29760700
2019-02-08,98.43144989013672,105.66999816894531,0.0,105.77999877929688,104.26000213623047,104.38999938964844,0.0,21461100
2019-02-11,98.04024505615234,105.25,0.0,106.58000183105469,104.97000122070312,106.19999694824219,0.0,18914100
2019-02-12,99.56787872314453,106.88999938964844,0.0,107.13999938964844,105.4800033569336,106.13999938964844,0.0,25056600
2019-02-13,99.49337005615234,106.80999755859375,0.0,107.77999877929688,106.70999908447266,107.5,0.0,18394900
2019-02-14,99.57720184326172,106.9000015258789,0.0,107.29000091552734,105.66000366210938,106.30999755859375,0.0,21784700
2019-02-15,100.80677032470703,108.22000122070312,0.0,108.30000305175781,107.36000061035156,107.91000366210938,0.0,26606900
2019-02-19,100.76019287109375,108.16999816894531,0.0,108.66000366210938,107.77999877929688,107.79000091552734,0.0,18038500
2019-02-20,100.236328125,107.1500015258789,0.46,107.94000244140625,106.29000091552734,107.86000061035156,0.0,21607700
2019-02-21,102.35049438476562,109.41000366210938,0.0,109.4800033569336,106.87000274658203,106.9000015258789,0.0,29063200
2019-02-22,103.80987548828125,110.97000122070312,0.0,111.19999694824219,109.81999969482422,110.05000305175781,0.0,27763200
2019-02-25,104.38984680175781,111.58999633789062,0.0,112.18000030517578,111.26000213623047,111.76000213623047,0.0,23750600
2019-02-26,105.11017608642578,112.36000061035156,0.0,113.23999786376953,111.16999816894531,111.26000213623047,0.0,21536700
2019-02-27,104.93241882324219,112.16999816894531,0.0,112.36000061035156,110.87999725341797,111.69000244140625,0.0,21487100
2019-02-28,104.80144500732422,112.02999877929688,0.0,112.87999725341797,111.7300033569336,112.04000091552734,0.0,29083900
2019-03-01,105.2691879272461,112.52999877929688,0.0,113.0199966430664,111.66999816894531,112.88999938964844,0.0,23501200
2019-03-04,105.0166244506836,112.26000213623047,0.0,113.25,110.80000305175781,113.0199966430664,0.0,26608000
2019-03-05,104.49272918701172,111.69999694824219,0.0,112.38999938964844,111.2300033569336,112.25,0.0,19538300
2019-03-06,104.53952026367188,111.75,0.0,112.66000366210938,111.43000030517578,111.87000274658203,0.0,17687000
2019-03-07,103.26729583740234,110.38999938964844,0.0,111.55000305175781,109.87000274658203,111.4000015258789,0.0,25339000
2019-03-08,103.37953186035156,110.51000213623047,0.0,110.70999908447266,108.80000305175781,109.16000366210938,0.0,22818400
2019-03-11,105.54984283447266,112.83000183105469,0.0,112.94999694824219,110.9800033569336,110.98999786376953,0.0,26491600
2019-03-12,106.2888412475586,113.62000274658203,0.0,113.98999786376953,112.6500015258789,112.81999969482422,0.0,26132700
2019-03-13,107.11209106445312,114.5,0.0,115.0,113.77999877929688,114.12999725341797,0.0,35513800
2019-03-14,107.19627380371094,114.58999633789062,0.0,115.19999694824219,114.33000183105469,114.54000091552734,0.0,30763400
2019-03-15,108.43110656738281,115.91000366210938,0.0,117.25,114.58999633789062,115.33999633789062,0.0,54681100
2019-03-18,109.98397827148438,117.56999969482422,0.0,117.61000061035156,116.05000305175781,116.16999816894531,0.0,31207600
2019-03-19,110.05885314941406,117.6500015258789,0.0,118.44000244140625,116.98999786376953,118.08999633789062,0.0,37588700
2019-03-20,109.9372329711914,117.5199966430664,0.0,118.75,116.70999908447266,117.38999938964844,0.0,28113300
2019-03-21,112.46299743652344,120.22000122070312,0.0,120.81999969482422,117.08999633789062,117.13999938964844,0.0,29854400
2019-03-22,109.49754333496094,117.05000305175781,0.0,119.58999633789062,117.04000091552734,119.5,0.0,33624500
2019-03-25,110.06819915771484,117.66000366210938,0.0,118.01000213623047,116.31999969482422,116.55999755859375,0.0,27067100
2019-03-26,110.30206298828125,117.91000366210938,0.0,118.70999908447266,116.8499984741211,118.62000274658203,0.0,26097700
2019-03-27,109.23563385009766,116.7699966430664,0.0,118.20999908447266,115.5199966430664,117.87999725341797,0.0,22733400
2019-03-28,109.38529205322266,116.93000030517578,0.0,117.58000183105469,116.12999725341797,117.44000244140625,0.0,18334800
2019-03-29,110.33013153076172,117.94000244140625,0.0,118.31999969482422,116.95999908447266,118.06999969482422,0.0,25399800
2019-04-01,111.34043884277344,119.0199966430664,0.0,119.11000061035156,118.0999984741211,118.94999694824219,0.0,22789100
2019-04-02,111.4994888305664,119.19000244140625,0.0,119.4800033569336,118.5199966430664,119.05999755859375,0.0,18142300
2019-04-03,112.2291259765625,119.97000122070312,0.0,120.43000030517578,119.1500015258789,119.86000061035156,0.0,22860700
2019-04-04,111.65851593017578,119.36000061035156,0.0,120.2300033569336,118.37999725341797,120.0999984741211,0.0,20112800
2019-04-05,112.15431213378906,119.88999938964844,0.0,120.2300033569336,119.37000274658203,119.38999938964844,0.0,15826200
2019-04-08,112.19172668457031,119.93000030517578,0.0,120.0199966430664,118.63999938964844,119.80999755859375,0.0,15116200
2019-04-09,111.58367919921875,119.27999877929688,0.0,119.54000091552734,118.58000183105469,118.62999725341797,0.0,17612000
2019-04-10,112.43494415283203,120.19000244140625,0.0,120.3499984741211,119.54000091552734,119.76000213623047,0.0,16477200
2019-04-11,112.56592559814453,120.33000183105469,0.0,120.8499984741211,119.91999816894531,120.54000091552734,0.0,14209100
2019-04-12,113.14591217041016,120.94999694824219,0.0,120.9800033569336,120.37000274658203,120.63999938964844,0.0,19745100
2019-04-15,113.23944091796875,121.05000305175781,0.0,121.58000183105469,120.56999969482422,120.94000244140625,0.0,15792600
2019-04-16,112.97752380371094,120.7699966430664,0.0,121.6500015258789,120.0999984741211,121.63999938964844,0.0,14071800
2019-04-17,113.91301727294922,121.7699966430664,0.0,121.8499984741211,120.54000091552734,121.23999786376953,0.0,19300900
2019-04-18,115.4097671508789,123.37000274658203,0.0,123.5199966430664,121.30000305175781,122.19000244140625,0.0,27991000
2019-04-22,115.77461242675781,123.76000213623047,0.0,124.0,122.56999969482422,122.62000274658203,0.0,15648700
2019-04-23,117.34622955322266,125.44000244140625,0.0,125.58000183105469,123.83000183105469,124.0999984741211,0.0,24025500
2019-04-24,116.94393157958984,125.01000213623047,0.0,125.8499984741211,124.5199966430664,125.79000091552734,0.0,31257000
2019-04-25,120.81681060791016,129.14999389648438,0.0,131.3699951171875,128.8300018310547,130.05999755859375,0.0,38033900
2019-04-26,121.50907135009766,129.88999938964844,0.0,130.52000427246094,129.02000427246094,129.6999969482422,0.0,23654900
2019-04-29,121.3968276977539,129.77000427246094,0.0,130.17999267578125,129.35000610351562,129.89999389648438,0.0,16324200
2019-04-30,122.17327117919922,130.60000610351562,0.0,130.6999969482422,129.38999938964844,129.80999755859375,0.0,24166500
2019-05-01,119.62876892089844,127.87999725341797,0.0,130.64999389648438,127.69999694824219,130.52999877929688,0.0,26821700
2019-05-02,118.06652069091797,126.20999908447266,0.0,128.0,125.5199966430664,127.9800033569336,0.0,27350200
2019-05-03,120.58296203613281,128.89999389648438,0.0,129.42999267578125,127.25,127.36000061035156,0.0,24911100
2019-05-06,119.88133239746094,128.14999389648438,0.0,128.55999755859375,126.11000061035156,126.38999938964844,0.0,24239800
2019-05-07,117.42103576660156,125.5199966430664,0.0,127.18000030517578,124.22000122070312,126.45999908447266,0.0,36017700
2019-05-08,117.41169738769531,125.51000213623047,0.0,126.37000274658203,124.75,125.44000244140625,0.0,28419000
2019-05-09,117.4023208618164,125.5,0.0,125.79000091552734,123.56999969482422,124.29000091552734,0.0,27235800
2019-05-10,118.92715454101562,127.12999725341797,0.0,127.93000030517578,123.81999969482422,124.91000366210938,0.0,30915100
2019-05-13,115.39107513427734,123.3499984741211,0.0,125.55000305175781,123.04000091552734,124.11000061035156,0.0,33944900
2019-05-14,116.6820068359375,124.7300033569336,0.0,125.87999725341797,123.69999694824219,123.87000274658203,0.0,25266300
2019-05-15,118.32513427734375,126.0199966430664,0.46,126.70999908447266,123.69999694824219,124.26000213623047,0.0,24722700
2019-05-16,121.05746459960938,128.92999267578125,0.0,129.3800048828125,126.45999908447266,126.75,0.0,30112200
2019-05-17,120.2499771118164,128.07000732421875,0.0,130.4600067138672,127.91999816894531,128.30999755859375,0.0,25770500
2019-05-20,118.51295471191406,126.22000122070312,0.0,127.58999633789062,125.76000213623047,126.5199966430664,0.0,23706900
2019-05-21,119.15144348144531,126.9000015258789,0.0,127.52999877929688,126.58000183105469,127.43000030517578,0.0,15293300
2019-05-22,119.87439727783203,127.66999816894531,0.0,128.24000549316406,126.5199966430664,126.62000274658203,0.0,15396500
2019-05-23,118.47540283203125,126.18000030517578,0.0,126.29000091552734,124.73999786376953,126.19999694824219,0.0,23603800
2019-05-24,118.53173828125,126.23999786376953,0.0,127.41999816894531,125.97000122070312,126.91000366210938,0.0,14123400
2019-05-28,118.4566421508789,126.16000366210938,0.0,128.0,126.05000305175781,126.9800033569336,0.0,23128400
2019-05-29,117.31110382080078,124.94000244140625,0.0,125.38999938964844,124.04000091552734,125.37999725341797,0.0,22763100
2019-05-30,118.0528564453125,125.7300033569336,0.0,125.76000213623047,124.77999877929688,125.26000213623047,0.0,16829600
2019-05-31,116.12801361083984,123.68000030517578,0.0,124.62000274658203,123.31999969482422,124.2300033569336,0.0,26646800
2019-06-03,112.52249908447266,119.83999633789062,0.0,124.37000274658203,119.01000213623047,123.8499984741211,0.0,37983600
2019-06-04,115.63978576660156,123.16000366210938,0.0,123.27999877929688,120.6500015258789,121.27999877929688,0.0,29382600
2019-06-05,118.14675903320312,125.83000183105469,0.0,125.87000274658203,124.20999908447266,124.94999694824219,0.0,24926100
2019-06-06,120.01524353027344,127.81999969482422,0.0,127.97000122070312,125.5999984741211,126.44000244140625,0.0,21459000
2019-06-07,123.37664794921875,131.39999389648438,0.0,132.25,128.25999450683594,129.19000244140625,0.0,33885600
2019-06-10,124.50338745117188,132.60000610351562,0.0,134.0800018310547,132.0,132.39999389648438,0.0,26477100
2019-06-11,124.03388214111328,132.10000610351562,0.0,134.24000549316406,131.27999877929688,133.8800048828125,0.0,23913700
2019-06-12,123.46116638183594,131.49000549316406,0.0,131.97000122070312,130.7100067138672,131.39999389648438,0.0,17092500
2019-06-13,124.2405014038086,132.32000732421875,0.0,133.0,131.55999755859375,131.97999572753906,0.0,17200800
2019-06-14,124.362548828125,132.4499969482422,0.0,133.7899932861328,131.63999938964844,132.25999450683594,0.0,17821700
2019-06-17,124.73809814453125,132.85000610351562,0.0,133.72999572753906,132.52999877929688,132.6300048828125,0.0,14517800
2019-06-18,126.9070816040039,135.16000366210938,0.0,135.24000549316406,133.57000732421875,134.19000244140625,0.0,25934500
2019-06-19,127.40469360351562,135.69000244140625,0.0,135.92999267578125,133.80999755859375,135.0,0.0,23744400
2019-06-20,128.58775329589844,136.9499969482422,0.0,137.66000366210938,135.72000122070312,137.4499969482422,0.0,33042600
2019-06-21,128.60653686523438,136.97000122070312,0.0,137.72999572753906,136.4600067138672,136.5800018310547,0.0,36727900
2019-06-24,129.36708068847656,137.77999877929688,0.0,138.39999389648438,137.0,137.0,0.0,20628800
2019-06-25,125.28267669677734,133.42999267578125,0.0,137.58999633789062,132.72999572753906,137.25,0.0,33327400
2019-06-26,125.75215148925781,133.92999267578125,0.0,135.74000549316406,133.60000610351562,134.35000610351562,0.0,23657700
2019-06-27,125.95873260498047,134.14999389648438,0.0,134.7100067138672,133.50999450683594,134.13999938964844,0.0,16557500
2019-06-28,125.78032684326172,133.9600067138672,0.0,134.60000610351562,133.16000366210938,134.57000732421875,0.0,30043000
2019-07-01,127.39529418945312,135.67999267578125,0.0,136.6999969482422,134.97000122070312,136.6300048828125,0.0,22613500
2019-07-02,128.24032592773438,136.5800018310547,0.0,136.58999633789062,135.33999633789062,136.1199951171875,0.0,15237800
2019-07-03,129.06663513183594,137.4600067138672,0.0,137.74000549316406,136.2899932861328,136.8000030517578,0.0,13629300
2019-07-05,128.6910858154297,137.05999755859375,0.0,137.3300018310547,135.72000122070312,135.94000244140625,0.0,18141100
2019-07-08,128.59716796875,136.9600067138672,0.0,137.10000610351562,135.3699951171875,136.39999389648438,0.0,16779700
2019-07-09,128.1276397705078,136.4600067138672,0.0,136.97000122070312,135.8000030517578,136.0,0.0,19953100
2019-07-10,129.43284606933594,137.85000610351562,0.0,138.5800018310547,137.02000427246094,137.1300048828125,0.0,24204400
2019-07-11,129.94923400878906,138.39999389648438,0.0,139.22000122070312,137.8699951171875,138.1999969482422,0.0,22327900
2019-07-12,130.41868591308594,138.89999389648438,0.0,139.1300048828125,138.00999450683594,138.85000610351562,0.0,18936800
2019-07-15,130.41868591308594,138.89999389648438,0.0,139.5399932861328,138.4600067138672,139.44000244140625,0.0,16651500
2019-07-16,128.70982360839844,137.0800018310547,0.0,139.0500030517578,136.52000427246094,138.9600067138672,0.0,22726100
2019-07-17,127.94928741455078,136.27000427246094,0.0,137.92999267578125,136.22000122070312,137.6999969482422,0.0,20211000
2019-07-18,128.09017944335938,136.4199981689453,0.0,136.6199951171875,134.6699981689453,135.5500030517578,0.0,30381800
2019-07-19,128.27793884277344,136.6199951171875,0.0,140.6699981689453,136.4499969482422,140.22000122070312,0.0,48992400
2019-07-22,129.9774627685547,138.42999267578125,0.0,139.19000244140625,137.3300018310547,137.41000366210938,0.0,25074900
2019-07-23,130.78489685058594,139.2899932861328,0.0,139.99000549316406,138.02999877929688,139.75999450683594,0.0,18034600
2019-07-24,132.12754821777344,140.72000122070312,0.0,140.74000549316406,138.85000610351562,138.89999389648438,0.0,20738300
2019-07-25,131.6299591064453,140.19000244140625,0.0,140.61000061035156,139.32000732421875,140.42999267578125,0.0,18356900
2019-07-26,132.709716796875,141.33999633789062,0.0,141.67999267578125,140.3000030517578,140.3699951171875,0.0,19037600
2019-07-29,132.41864013671875,141.02999877929688,0.0,141.50999450683594,139.3699951171875,141.5,0.0,16605900
2019-07-30,131.7801513671875,140.35000610351562,0.0,141.22000122070312,139.8000030517578,140.13999938964844,0.0,16846500
2019-07-31,127.94928741455078,136.27000427246094,0.0,140.49000549316406,135.0800018310547,140.3300018310547,0.0,38598800
2019-08-01,129.6300048828125,138.05999755859375,0.0,140.94000244140625,136.92999267578125,137.0,0.0,40557500
2019-08-02,128.54080200195312,136.89999389648438,0.0,138.32000732421875,135.25999450683594,138.08999633789062,0.0,30791600
2019-08-05,124.13719940185547,132.2100067138672,0.0,133.92999267578125,130.77999877929688,133.3000030517578,0.0,42749600
2019-08-06,126.46577453613281,134.69000244140625,0.0,135.67999267578125,133.2100067138672,133.8000030517578,0.0,32696700
2019-08-07,127.01971435546875,135.27999877929688,0.0,135.64999389648438,131.8300018310547,133.7899932861328,0.0,33414500
2019-08-08,130.4093017578125,138.88999938964844,0.0,138.99000549316406,135.92999267578125,136.60000610351562,0.0,27496500
2019-08-09,129.30137634277344,137.7100067138672,0.0,139.3800048828125,136.4600067138672,138.61000061035156,0.0,23466700
2019-08-12,127.49859619140625,135.7899932861328,0.0,137.86000061035156,135.24000549316406,137.07000732421875,0.0,20484300
2019-08-13,130.13699340820312,138.60000610351562,0.0,138.8000030517578,135.0,136.0500030517578,0.0,25154600
2019-08-14,126.2180404663086,133.97999572753906,0.46,136.9199981689453,133.6699981689453,136.36000061035156,0.0,32527300
2019-08-15,125.93541717529297,133.67999267578125,0.0,134.5800018310547,132.25,134.38999938964844,0.0,28074400
2019-08-16,128.24343872070312,136.1300048828125,0.0,136.4600067138672,134.72000122070312,134.8800048828125,0.0,24449100
2019-08-19,130.391357421875,138.41000366210938,0.0,138.5500030517578,136.88999938964844,137.85000610351562,0.0,24355700
2019-08-20,129.30799865722656,137.25999450683594,0.0,138.7100067138672,137.24000549316406,138.2100067138672,0.0,21170800
2019-08-21,130.7493438720703,138.7899932861328,0.0,139.49000549316406,138.0,138.5500030517578,0.0,14970300
2019-08-22,129.79786682128906,137.77999877929688,0.0,139.1999969482422,136.2899932861328,138.66000366210938,0.0,18697000
2019-08-23,125.66218566894531,133.38999938964844,0.0,138.35000610351562,132.8000030517578,137.19000244140625,0.0,38508600
2019-08-26,127.60287475585938,135.4499969482422,0.0,135.55999755859375,133.89999389648438,134.99000549316406,0.0,20312600
2019-08-27,127.87608337402344,135.74000549316406,0.0,136.72000122070312,134.66000366210938,136.38999938964844,0.0,23102100
2019-08-28,127.70651245117188,135.55999755859375,0.0,135.75999450683594,133.5500030517578,134.8800048828125,0.0,17393300
2019-08-29,130.11817932128906,138.1199951171875,0.0,138.44000244140625,136.91000366210938,137.25,0.0,20168700
2019-08-30,129.8732452392578,137.86000061035156,0.0,139.17999267578125,136.27000427246094,139.14999389648438,0.0,23940100
2019-09-03,128.15867614746094,136.0399932861328,0.0,137.1999969482422,135.6999969482422,136.61000061035156,0.0,18869300
2019-09-04,129.65655517578125,137.6300048828125,0.0,137.69000244140625,136.47999572753906,137.3000030517578,0.0,17995900
2019-09-05,131.9363250732422,140.0500030517578,0.0,140.3800048828125,138.75999450683594,139.11000061035156,0.0,26101800
2019-09-06,131.04139709472656,139.10000610351562,0.0,140.17999267578125,138.1999969482422,140.02999877929688,0.0,20824500
2019-09-09,129.5529327392578,137.52000427246094,0.0,139.75,136.4600067138672,139.58999633789062,0.0,25773900
2019-09-10,128.19638061523438,136.0800018310547,0.0,136.88999938964844,134.50999450683594,136.8000030517578,0.0,28903400
2019-09-11,128.23406982421875,136.1199951171875,0.0,136.27000427246094,135.08999633789062,135.91000366210938,0.0,24726100
2019-09-12,129.5529327392578,137.52000427246094,0.0,138.4199981689453,136.8699951171875,137.85000610351562,0.0,27010000
2019-09-13,129.36451721191406,137.32000732421875,0.0,138.05999755859375,136.57000732421875,137.77999877929688,0.0,23363100
2019-09-16,128.43186950683594,136.3300018310547,0.0,136.6999969482422,135.66000366210938,135.8300018310547,0.0,16731400
2019-09-17,129.4304962158203,137.38999938964844,0.0,137.52000427246094,136.42999267578125,136.9600067138672,0.0,17814200
2019-09-18,130.49501037597656,138.52000427246094,0.0,138.6699981689453,136.52999877929688,137.36000061035156,0.0,23982100
2019-09-19,132.89727783203125,141.07000732421875,0.0,142.3699951171875,140.07000732421875,140.3000030517578,0.0,35772100
2019-09-20,131.36172485351562,139.44000244140625,0.0,141.64999389648438,138.25,141.00999450683594,0.0,39167300
2019-09-23,131.07908630371094,139.13999938964844,0.0,139.6300048828125,138.44000244140625,139.22999572753906,0.0,17139300
2019-09-24,129.42103576660156,137.3800048828125,0.0,140.69000244140625,136.8800048828125,140.36000061035156,0.0,29773200
2019-09-25,131.286376953125,139.36000061035156,0.0,139.9600067138672,136.02999877929688,137.5,0.0,21382000
2019-09-26,131.45590209960938,139.5399932861328,0.0,140.17999267578125,138.44000244140625,139.44000244140625,0.0,17456600
2019-09-27,129.75079345703125,137.72999572753906,0.0,140.36000061035156,136.64999389648438,140.14999389648438,0.0,22477700
2019-09-30,130.97544860839844,139.02999877929688,0.0,139.22000122070312,137.77999877929688,138.0500030517578,0.0,17280900
2019-10-01,129.12899780273438,137.07000732421875,0.0,140.25,137.0,139.66000366210938,0.0,21466600
2019-10-02,126.84918975830078,134.64999389648438,0.0,136.3699951171875,133.5800018310547,136.25,0.0,30521700
2019-10-03,128.38478088378906,136.27999877929688,0.0,136.75,133.22000122070312,134.9499969482422,0.0,24132900
2019-10-04,130.11817932128906,138.1199951171875,0.0,138.25,136.4199981689453,136.75,0.0,22897700
2019-10-07,129.17613220214844,137.1199951171875,0.0,138.17999267578125,137.02000427246094,137.13999938964844,0.0,15303700
2019-10-08,127.81014251708984,135.6699981689453,0.0,137.75999450683594,135.6199951171875,137.0800018310547,0.0,25550500
2019-10-09,130.23123168945312,138.24000549316406,0.0,138.6999969482422,136.97000122070312,137.4600067138672,0.0,19749900
2019-10-10,131.04139709472656,139.10000610351562,0.0,139.6699981689453,138.25,138.49000549316406,0.0,17654600
2019-10-11,131.58778381347656,139.67999267578125,0.0,141.02999877929688,139.5,140.1199951171875,0.0,25446000
2019-10-14,131.46534729003906,139.5500030517578,0.0,140.2899932861328,139.52000427246094,139.69000244140625,0.0,13304300
2019-10-15,133.3683319091797,141.57000732421875,0.0,141.7899932861328,139.80999755859375,140.05999755859375,0.0,19695700
2019-10-16,132.27557373046875,140.41000366210938,0.0,140.99000549316406,139.52999877929688,140.7899932861328,0.0,20751600
2019-10-17,131.5972137451172,139.69000244140625,0.0,141.4199981689453,139.02000427246094,140.9499969482422,0.0,21460600
2019-10-18,129.44931030273438,137.41000366210938,0.0,140.0,136.55999755859375,139.75999450683594,0.0,32273500
2019-10-21,130.41021728515625,138.42999267578125,0.0,138.5,137.00999450683594,138.4499969482422,0.0,20078200
2019-10-22,128.4696044921875,136.3699951171875,0.0,140.00999450683594,136.25999450683594,138.97000122070312,0.0,27431000
2019-10-23,129.28916931152344,137.24000549316406,0.0,137.4499969482422,135.61000061035156,136.8800048828125,0.0,29844600
2019-10-24,131.83273315429688,139.94000244140625,0.0,140.4199981689453,138.6699981689453,139.38999938964844,0.0,37029300
2019-10-25,132.57701110839844,140.72999572753906,0.0,141.13999938964844,139.1999969482422,139.33999633789062,0.0,25959700
2019-10-28,135.8365478515625,144.19000244140625,0.0,145.6699981689453,143.50999450683594,144.39999389648438,0.0,35280100
2019-10-29,134.55532836914062,142.8300018310547,0.0,144.5,142.64999389648438,144.0800018310547,0.0,20589500
2019-10-30,136.23219299316406,144.61000061035156,0.0,145.0,142.7899932861328,143.52000427246094,0.0,18496600
2019-10-31,135.06399536132812,143.3699951171875,0.0,144.92999267578125,142.99000549316406,144.89999389648438,0.0,24605100
2019-11-01,135.39373779296875,143.72000122070312,0.0,144.4199981689453,142.97000122070312,144.25999450683594,0.0,33128400
2019-11-04,136.17567443847656,144.5500030517578,0.0,145.0,144.16000366210938,144.8300018310547,0.0,16912000
2019-11-05,136.0908966064453,144.4600067138672,0.0,145.02000427246094,143.91000366210938,144.97000122070312,0.0,18250200
2019-11-06,135.7140655517578,144.05999755859375,0.0,144.52000427246094,143.1999969482422,144.3699951171875,0.0,16575800
2019-11-07,135.90248107910156,144.25999450683594,0.0,144.8800048828125,143.77000427246094,143.83999633789062,0.0,17786700
2019-11-08,137.50396728515625,145.9600067138672,0.0,145.99000549316406,143.75999450683594,143.97999572753906,0.0,16732700
2019-11-11,137.64532470703125,146.11000061035156,0.0,146.4199981689453,144.72999572753906,145.33999633789062,0.0,14362600
2019-11-12,138.54965209960938,147.07000732421875,0.0,147.57000732421875,146.05999755859375,146.27999877929688,0.0,18641600
2019-11-13,138.77572631835938,147.30999755859375,0.0,147.4600067138672,146.27999877929688,146.74000549316406,0.0,16919200
2019-11-14,139.4822998046875,148.05999755859375,0.0,148.41000366210938,147.0,147.02000427246094,0.0,19729800
2019-11-15,141.28164672851562,149.97000122070312,0.0,149.99000549316406,148.27000427246094,148.92999267578125,0.0,23485700
2019-11-18,141.63021850585938,150.33999633789062,0.0,150.5500030517578,148.97999572753906,150.07000732421875,0.0,21534000
2019-11-19,141.67735290527344,150.38999938964844,0.0,151.3300018310547,150.1999969482422,150.8800048828125,0.0,23935700
2019-11-20,141.43154907226562,149.6199951171875,0.51,150.83999633789062,148.4600067138672,150.30999755859375,0.0,25696800
2019-11-21,141.29920959472656,149.47999572753906,0.0,149.8000030517578,148.5,149.39999389648438,0.0,18576100
2019-11-22,141.40318298339844,149.58999633789062,0.0,150.3000030517578,148.82000732421875,150.07000732421875,0.0,15901800
2019-11-25,142.95343017578125,151.22999572753906,0.0,151.35000610351562,149.9199981689453,150.0,0.0,22420900
2019-11-26,143.70965576171875,152.02999877929688,0.0,152.4199981689453,151.32000732421875,151.36000061035156,0.0,24620100
2019-11-27,143.98382568359375,152.32000732421875,0.0,152.5,151.52000427246094,152.3300018310547,0.0,15184400
2019-11-29,143.09523010253906,151.3800048828125,0.0,152.3000030517578,151.27999877929688,152.10000610351562,0.0,11977300
2019-12-02,141.3654022216797,149.5500030517578,0.0,151.8300018310547,148.32000732421875,151.80999755859375,0.0,27418400
2019-12-03,141.13851928710938,149.30999755859375,0.0,149.42999267578125,146.64999389648438,147.49000549316406,0.0,24066000
2019-12-04,141.64898681640625,149.85000610351562,0.0,150.17999267578125,149.1999969482422,150.13999938964844,0.0,17574700
2019-12-05,141.72462463378906,149.92999267578125,0.0,150.32000732421875,149.47999572753906,150.0500030517578,0.0,17869100
2019-12-06,143.44500732421875,151.75,0.0,151.8699951171875,150.27000427246094,150.99000549316406,0.0,16403500
2019-12-09,143.0763397216797,151.36000061035156,0.0,152.2100067138672,150.91000366210938,151.07000732421875,0.0,16687400
2019-12-10,142.85891723632812,151.1300048828125,0.0,151.88999938964844,150.75999450683594,151.2899932861328,0.0,16476100
2019-12-11,143.39772033691406,151.6999969482422,0.0,151.8699951171875,150.3300018310547,151.5399932861328,0.0,18856600
2019-12-12,144.8534698486328,153.24000549316406,0.0,153.44000244140625,151.02000427246094,151.64999389648438,0.0,24612100
2019-12-13,146.07284545898438,154.52999877929688,0.0,154.88999938964844,152.8300018310547,153.0,0.0,23845400
2019-12-16,147.0181121826172,155.52999877929688,0.0,155.89999389648438,154.82000732421875,155.11000061035156,0.0,24144200
2019-12-17,146.2240753173828,154.69000244140625,0.0,155.7100067138672,154.4499969482422,155.4499969482422,0.0,25425600
2019-12-18,145.9215850830078,154.3699951171875,0.0,155.47999572753906,154.17999267578125,154.3000030517578,0.0,24129200
2019-12-19,147.18832397460938,155.7100067138672,0.0,155.77000427246094,153.75,154.0,0.0,24958900
2019-12-20,148.79519653320312,157.41000366210938,0.0,158.49000549316406,156.2899932861328,157.35000610351562,0.0,53477500
2019-12-23,148.79519653320312,157.41000366210938,0.0,158.1199951171875,157.27000427246094,158.1199951171875,0.0,17718200
2019-12-24,148.76683044433594,157.3800048828125,0.0,157.7100067138672,157.1199951171875,157.47999572753906,0.0,8989200
2019-12-26,149.9862518310547,158.6699981689453,0.0,158.72999572753906,157.39999389648438,157.55999755859375,0.0,14520600
2019-12-27,150.26039123535156,158.9600067138672,0.0,159.5500030517578,158.22000122070312,159.4499969482422,0.0,18412800
2019-12-30,148.9654083251953,157.58999633789062,0.0,159.02000427246094,156.72999572753906,158.99000549316406,0.0,16348400
2019-12-31,149.06932067871094,157.6999969482422,0.0,157.77000427246094,156.4499969482422,156.77000427246094,0.0,18369400
2020-01-02,151.82955932617188,160.6199951171875,0.0,160.72999572753906,158.3300018310547,158.77999877929688,0.0,22622100
2020-01-03,149.9390411376953,158.6199951171875,0.0,159.9499969482422,158.05999755859375,158.32000732421875,0.0,21116200
2020-01-06,150.32655334472656,159.02999877929688,0.0,159.10000610351562,156.50999450683594,157.0800018310547,0.0,20813700
2020-01-07,148.95590209960938,157.5800018310547,0.0,159.6699981689453,157.32000732421875,159.32000732421875,0.0,21634100
2020-01-08,151.32855224609375,160.08999633789062,0.0,160.8000030517578,157.9499969482422,158.92999267578125,0.0,27746500
2020-01-09,153.2191162109375,162.08999633789062,0.0,162.22000122070312,161.02999877929688,161.83999633789062,0.0,21385000
2020-01-10,152.51014709472656,161.33999633789062,0.0,163.22000122070312,161.17999267578125,162.82000732421875,0.0,20725900
2020-01-13,154.343994140625,163.27999877929688,0.0,163.30999755859375,161.25999450683594,161.75999450683594,0.0,21626500
2020-01-14,153.25694274902344,162.1300048828125,0.0,163.60000610351562,161.72000122070312,163.38999938964844,0.0,23477400
2020-01-15,154.2494354248047,163.17999267578125,0.0,163.94000244140625,162.57000732421875,162.6199951171875,0.0,21417900
2020-01-16,157.07582092285156,166.1699981689453,0.0,166.24000549316406,164.02999877929688,164.35000610351562,0.0,23865400
2020-01-17,157.9549102783203,167.10000610351562,0.0,167.47000122070312,165.42999267578125,167.4199981689453,0.0,34371700
2020-01-21,157.38772583007812,166.5,0.0,168.19000244140625,166.42999267578125,166.67999267578125,0.0,29517200
2020-01-22,156.63157653808594,165.6999969482422,0.0,167.49000549316406,165.67999267578125,167.39999389648438,0.0,24138800
2020-01-23,157.59573364257812,166.72000122070312,0.0,166.8000030517578,165.27000427246094,166.19000244140625,0.0,19680800
2020-01-24,156.00765991210938,165.0399932861328,0.0,167.52999877929688,164.4499969482422,167.50999450683594,0.0,24918100
2020-01-27,153.39871215820312,162.27999877929688,0.0,163.3800048828125,160.1999969482422,161.14999389648438,0.0,32078100
2020-01-28,156.40467834472656,165.4600067138672,0.0,165.75999450683594,163.07000732421875,163.77999877929688,0.0,24899900
2020-01-29,158.8434295654297,168.0399932861328,0.0,168.75,165.69000244140625,167.83999633789062,0.0,34754500
2020-01-30,163.3240509033203,172.77999877929688,0.0,174.0500030517578,170.7899932861328,174.0500030517578,0.0,51597500
2020-01-31,160.91360473632812,170.22999572753906,0.0,172.39999389648438,169.5800018310547,172.2100067138672,0.0,36142700
2020-02-03,164.83645629882812,174.3800048828125,0.0,174.5,170.39999389648438,170.42999267578125,0.0,30107000
2020-02-04,170.26231384277344,180.1199951171875,0.0,180.63999938964844,176.30999755859375,177.13999938964844,0.0,36433300
2020-02-05,170.0543975830078,179.89999389648438,0.0,184.1999969482422,178.41000366210938,184.02999877929688,0.0,39186300
2020-02-06,173.58026123046875,183.6300048828125,0.0,183.82000732421875,180.05999755859375,180.97000122070312,0.0,27751400
2020-02-07,173.82603454589844,183.88999938964844,0.0,185.6300048828125,182.47999572753906,182.85000610351562,0.0,33529100
2020-02-10,178.37277221679688,188.6999969482422,0.0,188.83999633789062,183.25,183.5800018310547,0.0,35844300
2020-02-11,174.345947265625,184.44000244140625,0.0,190.6999969482422,183.5,190.64999389648438,0.0,53159900
2020-02-12,174.60116577148438,184.7100067138672,0.0,185.85000610351562,181.85000610351562,185.5800018310547,0.0,47062900
2020-02-13,173.6558837890625,183.7100067138672,0.0,186.22999572753906,182.8699951171875,183.0800018310547,0.0,35295800
2020-02-14,175.2061309814453,185.35000610351562,0.0,185.41000366210938,182.64999389648438,183.25,0.0,23149500
2020-02-18,176.98321533203125,187.22999572753906,0.0,187.6999969482422,185.5,185.61000061035156,0.0,27792200
2020-02-19,177.5139923095703,187.27999877929688,0.51,188.17999267578125,186.47000122070312,188.05999755859375,0.0,29997500
2020-02-20,174.80322265625,184.4199981689453,0.0,187.25,181.10000610351562,186.9499969482422,0.0,36862400
2020-02-21,169.27720642089844,178.58999633789062,0.0,183.5,177.25,183.1699981689453,0.0,48572600
2020-02-24,161.97869873046875,170.88999938964844,0.0,174.5500030517578,163.22999572753906,167.77000427246094,0.0,68311100
2020-02-25,159.30580139160156,168.07000732421875,0.0,174.83999633789062,167.64999389648438,174.1999969482422,0.0,68073300
2020-02-26,161.29623413085938,170.1699981689453,0.0,173.25999450683594,168.2100067138672,169.7100067138672,0.0,56206100
2020-02-27,149.93154907226562,158.17999267578125,0.0,167.02999877929688,157.97999572753906,163.32000732421875,0.0,93174900
2020-02-28,153.561767578125,162.00999450683594,0.0,163.7100067138672,152.0,152.41000366210938,0.0,97012700
2020-03-02,163.7796630859375,172.7899932861328,0.0,172.9199981689453,162.30999755859375,165.30999755859375,0.0,71030800
2020-03-03,155.93138122558594,164.50999450683594,0.0,175.0,162.25999450683594,173.8000030517578,0.0,71677000
2020-03-04,161.65643310546875,170.5500030517578,0.0,170.6999969482422,165.6199951171875,168.49000549316406,0.0,49814400
2020-03-05,157.599609375,166.27000427246094,0.0,170.8699951171875,165.69000244140625,166.0500030517578,0.0,47817300
2020-03-06,153.14466857910156,161.57000732421875,0.0,163.11000061035156,156.0,162.61000061035156,0.0,72821100
2020-03-09,142.76576232910156,150.6199951171875,0.0,157.75,150.0,151.0,0.0,70419300
2020-03-10,152.52862548828125,160.9199981689453,0.0,161.02999877929688,152.5800018310547,158.16000366210938,0.0,65354400
2020-03-11,145.61875915527344,153.6300048828125,0.0,157.6999969482422,151.14999389648438,157.1300048828125,0.0,56371600
2020-03-12,131.80856323242188,139.05999755859375,0.0,153.47000122070312,138.5800018310547,145.3000030517578,0.0,93226400
2020-03-13,150.547607421875,158.8300018310547,0.0,161.91000366210938,140.72999572753906,147.5,0.0,92727400
2020-03-16,128.35833740234375,135.4199981689453,0.0,149.35000610351562,135.0,140.0,0.0,87905900
2020-03-17,138.92689514160156,146.57000732421875,0.0,147.5,135.0,140.0,0.0,81059800
2020-03-18,133.0786590576172,140.39999389648438,0.0,146.0,135.02000427246094,138.0,0.0,81593200
2020-03-19,135.26820373535156,142.7100067138672,0.0,150.14999389648438,139.0,142.77000427246094,0.0,85922700
2020-03-20,130.1876983642578,137.35000610351562,0.0,147.10000610351562,135.86000061035156,146.0,0.0,84866200
2020-03-23,128.88914489746094,135.97999572753906,0.0,140.57000732421875,132.52000427246094,137.00999450683594,0.0,78975200
2020-03-24,140.60462951660156,148.33999633789062,0.0,149.60000610351562,141.27000427246094,143.75,0.0,82516700
2020-03-25,139.2586669921875,146.9199981689453,0.0,154.3300018310547,144.44000244140625,148.91000366210938,0.0,75638200
2020-03-26,147.96945190429688,156.11000061035156,0.0,156.66000366210938,148.3699951171875,148.39999389648438,0.0,64568100
2020-03-27,141.89369201660156,149.6999969482422,0.0,154.88999938964844,149.1999969482422,151.75,0.0,57042300
2020-03-30,151.87457275390625,160.22999572753906,0.0,160.60000610351562,150.00999450683594,152.44000244140625,0.0,63420300
2020-03-31,149.4860076904297,157.7100067138672,0.0,164.77999877929688,156.55999755859375,159.39999389648438,0.0,77927200
2020-04-01,144.1780242919922,152.11000061035156,0.0,157.75,150.82000732421875,153.0,0.0,57969900
2020-04-02,147.16375732421875,155.25999450683594,0.0,155.47999572753906,150.36000061035156,151.86000061035156,0.0,49630700
2020-04-03,145.80833435058594,153.8300018310547,0.0,157.3800048828125,152.19000244140625,155.10000610351562,0.0,41243300
2020-04-06,156.65176391601562,165.27000427246094,0.0,166.5,157.5800018310547,160.32000732421875,0.0,67111700
2020-04-07,154.96461486816406,163.49000549316406,0.0,170.0,163.25999450683594,169.58999633789062,0.0,62769000
2020-04-08,156.51907348632812,165.1300048828125,0.0,166.6699981689453,163.5,165.6699981689453,0.0,48318200
2020-04-09,156.52854919433594,165.13999938964844,0.0,167.3699951171875,163.3300018310547,166.36000061035156,0.0,51385100
2020-04-13,156.8792724609375,165.50999450683594,0.0,165.57000732421875,162.3000030517578,164.35000610351562,0.0,41905300
2020-04-14,164.64218139648438,173.6999969482422,0.0,173.75,168.0,169.0,0.0,52874300
2020-04-15,162.91709899902344,171.8800048828125,0.0,173.57000732421875,169.24000549316406,171.1999969482422,0.0,40940800
2020-04-16,167.80801391601562,177.0399932861328,0.0,177.27999877929688,172.89999389648438,174.3000030517578,0.0,50479600
2020-04-17,169.2866668701172,178.60000610351562,0.0,180.0,175.8699951171875,179.5,0.0,52765600
2020-04-20,165.93125915527344,175.05999755859375,0.0,178.75,174.99000549316406,176.6300048828125,0.0,36669600
2020-04-21,159.0687713623047,167.82000732421875,0.0,173.6699981689453,166.11000061035156,173.5,0.0,56203700
2020-04-22,164.47157287597656,173.52000427246094,0.0,174.0,170.82000732421875,171.38999938964844,0.0,34620200
2020-04-23,162.48106384277344,171.4199981689453,0.0,175.05999755859375,170.91000366210938,174.11000061035156,0.0,32790800
2020-04-24,165.44784545898438,174.5500030517578,0.0,174.55999755859375,170.7100067138672,172.05999755859375,0.0,34277600
2020-04-27,164.9739532470703,174.0500030517578,0.0,176.89999389648438,173.3000030517578,176.58999633789062,0.0,33194400
2020-04-28,160.95504760742188,169.80999755859375,0.0,175.6699981689453,169.38999938964844,175.58999633789062,0.0,34392700
2020-04-29,168.1776580810547,177.42999267578125,0.0,177.67999267578125,171.8800048828125,173.22000122070312,0.0,51286600
2020-04-30,169.86483764648438,179.2100067138672,0.0,180.39999389648438,176.22999572753906,180.0,0.0,53875900
2020-05-01,165.46682739257812,174.57000732421875,0.0,178.63999938964844,174.00999450683594,175.8000030517578,0.0,39370500
2020-05-04,169.51416015625,178.83999633789062,0.0,179.0,173.8000030517578,174.49000549316406,0.0,30372900
2020-05-05,171.3340301513672,180.75999450683594,0.0,183.64999389648438,179.89999389648438,180.6199951171875,0.0,36839200
2020-05-06,173.02120971679688,182.5399932861328,0.0,184.1999969482422,181.6300048828125,182.0800018310547,0.0,32139300
2020-05-07,174.02597045898438,183.60000610351562,0.0,184.5500030517578,182.5800018310547,184.1699981689453,0.0,28316000
2020-05-08,175.0496063232422,184.67999267578125,0.0,185.0,183.36000061035156,184.97999572753906,0.0,30877800
2020-05-11,177.002197265625,186.74000549316406,0.0,187.50999450683594,182.85000610351562,183.14999389648438,0.0,30892700
2020-05-12,172.9927520751953,182.50999450683594,0.0,187.0399932861328,182.3000030517578,186.8000030517578,0.0,32038200
2020-05-13,170.37669372558594,179.75,0.0,184.0500030517578,176.5399932861328,182.5500030517578,0.0,44711500
2020-05-14,171.11598205566406,180.52999877929688,0.0,180.69000244140625,175.67999267578125,177.5399932861328,0.0,41873900
2020-05-15,173.60890197753906,183.16000366210938,0.0,187.05999755859375,177.0,179.05999755859375,0.0,46610400
2020-05-18,175.2676239013672,184.91000366210938,0.0,186.1999969482422,183.9600067138672,185.75,0.0,35264500
2020-05-19,174.05438232421875,183.6300048828125,0.0,186.60000610351562,183.49000549316406,185.02999877929688,0.0,26799100
2020-05-20,176.4686279296875,185.66000366210938,0.51,185.85000610351562,183.94000244140625,184.80999755859375,0.0,31261300
2020-05-21,174.3490447998047,183.42999267578125,0.0,186.6699981689453,183.2899932861328,185.39999389648438,0.0,29119500
2020-05-22,174.425048828125,183.50999450683594,0.0,184.4600067138672,182.5399932861328,183.19000244140625,0.0,20826900
2020-05-26,172.58108520507812,181.57000732421875,0.0,186.5,181.10000610351562,186.33999633789062,0.0,36073600
2020-05-27,172.8092041015625,181.80999755859375,0.0,181.99000549316406,176.60000610351562,180.1999969482422,0.0,39517100
2020-05-28,172.4194793701172,181.39999389648438,0.0,184.14999389648438,180.3800048828125,180.74000549316406,0.0,33810200
2020-05-29,174.17796325683594,183.25,0.0,184.27000427246094,180.41000366210938,182.72999572753906,0.0,42130400
2020-06-01,173.77874755859375,182.8300018310547,0.0,183.0,181.4600067138672,182.5399932861328,0.0,22622400
2020-06-02,175.75575256347656,184.91000366210938,0.0,185.0,181.35000610351562,184.25,0.0,30794600
2020-06-03,176.18345642089844,185.36000061035156,0.0,185.94000244140625,183.5800018310547,184.82000732421875,0.0,27311000
2020-06-04,173.8643035888672,182.9199981689453,0.0,185.83999633789062,182.3000030517578,184.3000030517578,0.0,28761800
2020-06-05,177.93238830566406,187.1999969482422,0.0,187.72999572753906,182.00999450683594,182.6199951171875,0.0,39893600
2020-06-08,179.0349578857422,188.36000061035156,0.0,188.5500030517578,184.44000244140625,185.94000244140625,0.0,33211600
2020-06-09,180.4036865234375,189.8000030517578,0.0,190.6999969482422,187.25999450683594,188.0,0.0,29783900
2020-06-10,187.09518432617188,196.83999633789062,0.0,198.52000427246094,191.00999450683594,191.1300048828125,0.0,43872300
2020-06-11,177.04847717285156,186.27000427246094,0.0,195.75999450683594,186.07000732421875,193.1300048828125,0.0,52854700
2020-06-12,178.44566345214844,187.74000549316406,0.0,191.72000122070312,185.17999267578125,190.5399932861328,0.0,43373600
2020-06-15,179.58621215820312,188.94000244140625,0.0,190.82000732421875,184.00999450683594,184.5800018310547,0.0,32770200
2020-06-16,183.98703002929688,193.57000732421875,0.0,195.5800018310547,191.4600067138672,192.88999938964844,0.0,42556700
2020-06-17,184.62387084960938,194.24000549316406,0.0,196.32000732421875,193.69000244140625,195.02999877929688,0.0,25687800
2020-06-18,186.60089111328125,196.32000732421875,0.0,196.49000549316406,194.0,194.0,0.0,23061600
2020-06-19,185.4888153076172,195.14999389648438,0.0,199.2899932861328,194.3699951171875,198.58999633789062,0.0,44441100
2020-06-22,190.6405029296875,200.57000732421875,0.0,200.75999450683594,195.22999572753906,195.7899932861328,0.0,32818900
2020-06-23,191.91415405273438,201.91000366210938,0.0,203.9499969482422,201.42999267578125,202.08999633789062,0.0,30917400
2020-06-24,188.0456085205078,197.83999633789062,0.0,203.25,196.55999755859375,201.60000610351562,0.0,36740600
2020-06-25,190.4218292236328,200.33999633789062,0.0,200.61000061035156,195.47000122070312,197.8000030517578,0.0,27803900
2020-06-26,186.6103973388672,196.3300018310547,0.0,199.88999938964844,194.8800048828125,199.72999572753906,0.0,54675800
2020-06-29,188.6159210205078,198.44000244140625,0.0,198.52999877929688,193.5500030517578,195.77999877929688,0.0,26701600
2020-06-30,193.43492126464844,203.50999450683594,0.0,204.39999389648438,197.74000549316406,197.8800048828125,0.0,34310300
2020-07-01,194.5659942626953,204.6999969482422,0.0,206.35000610351562,201.77000427246094,203.13999938964844,0.0,32061200
2020-07-02,196.04879760742188,206.25999450683594,0.0,208.02000427246094,205.0,205.67999267578125,0.0,29315800
2020-07-06,200.2689971923828,210.6999969482422,0.0,211.1300048828125,208.08999633789062,208.8300018310547,0.0,31897600
2020-07-07,197.94027709960938,208.25,0.0,214.6699981689453,207.99000549316406,210.4499969482422,0.0,33600700
2020-07-08,202.29354858398438,212.8300018310547,0.0,213.25999450683594,208.69000244140625,210.07000732421875,0.0,33600000
2020-07-09,203.70974731445312,214.32000732421875,0.0,216.3800048828125,211.47000122070312,216.3300018310547,0.0,33121700
2020-07-10,203.09193420410156,213.6699981689453,0.0,214.0800018310547,211.0800018310547,213.6199951171875,0.0,26177600
2020-07-13,196.81871032714844,207.07000732421875,0.0,215.8000030517578,206.5,214.47999572753906,0.0,38135600
2020-07-14,198.03533935546875,208.35000610351562,0.0,208.85000610351562,202.02999877929688,206.1300048828125,0.0,37591800
2020-07-15,197.74066162109375,208.0399932861328,0.0,211.3300018310547,205.02999877929688,209.55999755859375,0.0,32179400
2020-07-16,193.8246307373047,203.9199981689453,0.0,205.6999969482422,202.30999755859375,205.39999389648438,0.0,29940700
2020-07-17,192.8361358642578,202.8800048828125,0.0,205.0399932861328,201.38999938964844,204.47000122070312,0.0,31635300
2020-07-20,201.12445068359375,211.60000610351562,0.0,212.3000030517578,203.00999450683594,205.0,0.0,36884800
2020-07-21,198.41554260253906,208.75,0.0,213.94000244140625,208.02999877929688,213.66000366210938,0.0,37990400
2020-07-22,201.26698303222656,211.75,0.0,212.3000030517578,208.38999938964844,209.1999969482422,0.0,49605700
2020-07-23,192.51292419433594,202.5399932861328,0.0,210.9199981689453,202.14999389648438,207.19000244140625,0.0,67457000
2020-07-24,191.3343505859375,201.3000030517578,0.0,202.86000061035156,197.50999450683594,200.4199981689453,0.0,39827000
2020-07-27,193.75811767578125,203.85000610351562,0.0,203.97000122070312,200.86000061035156,201.47000122070312,0.0,30160900
2020-07-28,192.01873779296875,202.02000427246094,0.0,204.6999969482422,201.74000549316406,203.61000061035156,0.0,23251400
2020-07-29,193.95767211914062,204.05999755859375,0.0,204.64999389648438,202.00999450683594,202.5,0.0,19632600
2020-07-30,193.80557250976562,203.89999389648438,0.0,204.4600067138672,199.57000732421875,201.0,0.0,25079600
2020-07-31,194.86065673828125,205.00999450683594,0.0,205.10000610351562,199.00999450683594,204.39999389648438,0.0,51044000
2020-08-03,205.81985473632812,216.5399932861328,0.0,217.63999938964844,210.44000244140625,211.52000427246094,0.0,78983000
2020-08-04,202.73074340820312,213.2899932861328,0.0,214.77000427246094,210.30999755859375,214.1699981689453,0.0,49280100
2020-08-05,202.39808654785156,212.94000244140625,0.0,215.0,211.57000732421875,214.89999389648438,0.0,28806400
2020-08-06,205.63926696777344,216.35000610351562,0.0,216.3699951171875,211.5500030517578,212.33999633789062,0.0,32656800
2020-08-07,201.9608612060547,212.47999572753906,0.0,215.6999969482422,210.92999267578125,214.85000610351562,0.0,27820400
2020-08-10,197.94027709960938,208.25,0.0,211.8800048828125,206.35000610351562,211.6699981689453,0.0,36716500
2020-08-11,193.31141662597656,203.3800048828125,0.0,207.64999389648438,203.13999938964844,207.16000366210938,0.0,36446500
2020-08-12,198.83375549316406,209.19000244140625,0.0,210.27999877929688,204.75,205.2899932861328,0.0,28013100
2020-08-13,198.36793518066406,208.6999969482422,0.0,211.35000610351562,208.14999389648438,209.44000244140625,0.0,22588900
2020-08-14,198.55807495117188,208.89999389648438,0.0,209.58999633789062,207.50999450683594,208.75999450683594,0.0,17958900
2020-08-17,199.86978149414062,210.27999877929688,0.0,211.19000244140625,208.9199981689453,209.60000610351562,0.0,20184800
2020-08-18,201.01988220214844,211.49000549316406,0.0,212.36000061035156,209.2100067138672,210.52999877929688,0.0,21336200
2020-08-19,199.80029296875,209.6999969482422,0.51,212.10000610351562,209.25,211.49000549316406,0.0,27627600
2020-08-20,204.44996643066406,214.5800018310547,0.0,215.0,208.91000366210938,209.5399932861328,0.0,26981500
2020-08-21,202.9635772705078,213.02000427246094,0.0,216.25,212.85000610351562,213.86000061035156,0.0,36249300
2020-08-24,203.6019287109375,213.69000244140625,0.0,215.52000427246094,212.42999267578125,214.7899932861328,0.0,25460100
2020-08-25,206.25071716308594,216.47000122070312,0.0,216.61000061035156,213.10000610351562,213.10000610351562,0.0,23043700
2020-08-26,210.70977783203125,221.14999389648438,0.0,222.08999633789062,217.36000061035156,217.8800048828125,0.0,39600800
2020-08-27,215.88345336914062,226.5800018310547,0.0,231.14999389648438,219.39999389648438,222.88999938964844,0.0,57602200
2020-08-28,218.10345458984375,228.91000366210938,0.0,230.63999938964844,226.5800018310547,228.17999267578125,0.0,26292900
2020-08-31,214.88299560546875,225.52999877929688,0.0,228.6999969482422,224.30999755859375,227.0,0.0,28774200
2020-09-01,216.54086303710938,227.27000427246094,0.0,227.4499969482422,224.42999267578125,225.50999450683594,0.0,25725500
2020-09-02,220.7140655517578,231.64999389648438,0.0,232.86000061035156,227.35000610351562,227.97000122070312,0.0,34080800
2020-09-03,207.04151916503906,217.3000030517578,0.0,229.30999755859375,214.9600067138672,229.27000427246094,0.0,58400300
2020-09-04,204.13551330566406,214.25,0.0,218.36000061035156,205.19000244140625,215.10000610351562,0.0,59664100
2020-09-08,193.09266662597656,202.66000366210938,0.0,210.02999877929688,202.1999969482422,206.5,0.0,52924300
2020-09-09,201.3152313232422,211.2899932861328,0.0,214.83999633789062,206.6999969482422,207.60000610351562,0.0,45679000
2020-09-10,195.6747283935547,205.3699951171875,0.0,214.74000549316406,204.11000061035156,213.39999389648438,0.0,35461500
2020-09-11,194.39796447753906,204.02999877929688,0.0,208.6300048828125,201.24000549316406,207.1999969482422,0.0,33620100
2020-09-14,195.7128143310547,205.41000366210938,0.0,209.1999969482422,204.02999877929688,204.24000549316406,0.0,30375800
2020-09-15,198.92372131347656,208.77999877929688,0.0,209.77999877929688,206.92999267578125,208.4199981689453,0.0,21823900
2020-09-16,195.36984252929688,205.0500030517578,0.0,210.64999389648438,204.63999938964844,210.6199951171875,0.0,26328100
2020-09-17,193.3308563232422,202.91000366210938,0.0,204.3300018310547,199.9600067138672,200.0500030517578,0.0,34011300
2020-09-18,190.92979431152344,200.38999938964844,0.0,203.64999389648438,196.25,202.8000030517578,0.0,55225300
2020-09-21,192.97830200195312,202.5399932861328,0.0,202.7100067138672,196.3800048828125,197.19000244140625,0.0,39839700
2020-09-22,197.6279296875,207.4199981689453,0.0,208.10000610351562,202.0800018310547,205.05999755859375,0.0,33517100
2020-09-23,191.12039184570312,200.58999633789062,0.0,208.10000610351562,200.02999877929688,207.89999389648438,0.0,30803800
2020-09-24,193.59762573242188,203.19000244140625,0.0,205.57000732421875,199.1999969482422,199.85000610351562,0.0,31202500
2020-09-25,198.00909423828125,207.82000732421875,0.0,209.0399932861328,202.5399932861328,203.5500030517578,0.0,29437300
2020-09-28,199.55259704589844,209.44000244140625,0.0,212.57000732421875,208.05999755859375,210.8800048828125,0.0,32004900
2020-09-29,197.4755096435547,207.25999450683594,0.0,210.07000732421875,206.80999755859375,209.35000610351562,0.0,24221900
2020-09-30,200.4005889892578,210.3300018310547,0.0,211.97999572753906,206.5399932861328,207.72999572753906,0.0,33829100
2020-10-01,202.4300079345703,212.4600067138672,0.0,213.99000549316406,211.32000732421875,213.49000549316406,0.0,27158400
2020-10-02,196.45603942871094,206.19000244140625,0.0,210.99000549316406,205.5399932861328,208.0,0.0,33154800
2020-10-05,200.44821166992188,210.3800048828125,0.0,210.41000366210938,206.97999572753906,207.22000122070312,0.0,21331600
2020-10-06,196.18922424316406,205.91000366210938,0.0,210.17999267578125,204.82000732421875,208.82000732421875,0.0,28554300
2020-10-07,199.92417907714844,209.8300018310547,0.0,210.11000061035156,206.72000122070312,207.05999755859375,0.0,25681100
2020-10-08,200.6387481689453,210.5800018310547,0.0,211.19000244140625,208.32000732421875,210.50999450683594,0.0,19925800
2020-10-09,205.62185668945312,215.80999755859375,0.0,215.86000061035156,211.22999572753906,211.22999572753906,0.0,26458000
2020-10-12,210.94793701171875,221.39999389648438,0.0,223.86000061035156,216.80999755859375,218.7899932861328,0.0,40461400
2020-10-13,212.33900451660156,222.86000061035156,0.0,225.2100067138672,220.42999267578125,222.72000122070312,0.0,28950800
2020-10-14,210.4334259033203,220.86000061035156,0.0,224.22000122070312,219.1300048828125,223.0,0.0,23421700
2020-10-15,209.2901153564453,219.66000366210938,0.0,220.36000061035156,216.00999450683594,217.10000610351562,0.0,22733100
2020-10-16,209.2901153564453,219.66000366210938,0.0,222.2899932861328,219.32000732421875,220.14999389648438,0.0,26057900
2020-10-19,204.10693359375,214.22000122070312,0.0,222.3000030517578,213.72000122070312,220.4199981689453,0.0,27625800
2020-10-20,204.51661682128906,214.64999389648438,0.0,217.3699951171875,213.08999633789062,215.8000030517578,0.0,22753500
2020-10-21,204.65951538085938,214.8000030517578,0.0,216.9199981689453,213.1199951171875,213.1199951171875,0.0,22724900
2020-10-22,204.74530029296875,214.88999938964844,0.0,216.05999755859375,211.6999969482422,213.92999267578125,0.0,22351500
2020-10-23,206.0220184326172,216.22999572753906,0.0,216.27999877929688,213.16000366210938,215.02999877929688,0.0,18879600
2020-10-26,200.16236877441406,210.0800018310547,0.0,216.33999633789062,208.10000610351562,213.85000610351562,0.0,37111600
2020-10-27,203.18270874023438,213.25,0.0,214.6699981689453,210.3300018310547,211.58999633789062,0.0,36700300
2020-10-28,193.11167907714844,202.67999267578125,0.0,208.83999633789062,202.10000610351562,207.6699981689453,0.0,51195600
2020-10-29,195.055419921875,204.72000122070312,0.0,207.36000061035156,203.3699951171875,204.07000732421875,0.0,31432600
2020-10-30,192.91162109375,202.47000122070312,0.0,204.2899932861328,199.6199951171875,203.5,0.0,36953700
2020-11-02,192.77822875976562,202.3300018310547,0.0,205.27999877929688,200.1199951171875,204.2899932861328,0.0,30842200
2020-11-03,196.6846923828125,206.42999267578125,0.0,208.1199951171875,203.1199951171875,203.88999938964844,0.0,27512000
2020-11-04,206.17445373535156,216.38999938964844,0.0,218.32000732421875,212.4199981689453,214.02000427246094,0.0,42311800
2020-11-05,212.74871826171875,223.2899932861328,0.0,224.1199951171875,221.14999389648438,222.0399932861328,0.0,36080100
2020-11-06,213.15847778320312,223.72000122070312,0.0,224.36000061035156,218.02999877929688,222.25999450683594,0.0,25231900
2020-11-09,208.08004760742188,218.38999938964844,0.0,228.1199951171875,217.8800048828125,224.44000244140625,0.0,44395000
2020-11-10,201.04843139648438,211.00999450683594,0.0,216.5,209.72000122070312,214.5,0.0,44045100
2020-11-11,206.32691955566406,216.5500030517578,0.0,218.0399932861328,212.1999969482422,212.38999938964844,0.0,29440800
2020-11-12,205.26931762695312,215.44000244140625,0.0,219.11000061035156,214.4600067138672,217.2100067138672,0.0,21593900
2020-11-13,206.28878784179688,216.50999450683594,0.0,217.4199981689453,214.16000366210938,216.36000061035156,0.0,18621100
2020-11-16,206.97483825683594,217.22999572753906,0.0,217.74000549316406,214.52000427246094,214.8699951171875,0.0,24953300
2020-11-17,204.33560180664062,214.4600067138672,0.0,217.67999267578125,214.0800018310547,216.10000610351562,0.0,24154100
2020-11-18,201.64166259765625,211.0800018310547,0.56,215.1699981689453,210.92999267578125,213.64999389648438,0.0,28372800
2020-11-19,202.92181396484375,212.4199981689453,0.0,213.02999877929688,209.92999267578125,211.3800048828125,0.0,24792700
2020-11-20,200.98251342773438,210.38999938964844,0.0,213.2899932861328,210.0,212.1999969482422,0.0,22843100
2020-11-23,200.71505737304688,210.11000061035156,0.0,212.2899932861328,208.16000366210938,210.9499969482422,0.0,25683500
2020-11-24,204.29736328125,213.86000061035156,0.0,214.25,208.86000061035156,209.58999633789062,0.0,33979700
2020-11-25,204.3069305419922,213.8699951171875,0.0,215.2899932861328,212.4600067138672,215.11000061035156,0.0,21012900
2020-11-27,205.6061248779297,215.22999572753906,0.0,216.27000427246094,214.0399932861328,214.85000610351562,0.0,14512200
2020-11-30,204.49801635742188,214.07000732421875,0.0,214.75999450683594,210.83999633789062,214.10000610351562,0.0,33064800
2020-12-01,206.54234313964844,216.2100067138672,0.0,217.32000732421875,213.35000610351562,214.50999450683594,0.0,30904500
2020-12-02,205.7398681640625,215.3699951171875,0.0,215.47000122070312,212.8000030517578,214.8800048828125,0.0,23724500
2020-12-03,204.66038513183594,214.24000549316406,0.0,216.3800048828125,213.64999389648438,214.61000061035156,0.0,25120900
2020-12-04,204.77503967285156,214.36000061035156,0.0,215.3800048828125,213.17999267578125,214.22000122070312,0.0,24666000
2020-12-07,204.70814514160156,214.2899932861328,0.0,215.5399932861328,212.99000549316406,214.3699951171875,0.0,24620000
2020-12-08,206.3512420654297,216.00999450683594,0.0,216.9499969482422,212.88999938964844,213.97000122070312,0.0,23284100
2020-12-09,202.32948303222656,211.8000030517578,0.0,215.22999572753906,211.2100067138672,215.16000366210938,0.0,32440600
2020-12-10,201.10671997070312,210.52000427246094,0.0,213.0800018310547,210.36000061035156,211.77000427246094,0.0,26733300
2020-12-11,203.72418212890625,213.25999450683594,0.0,213.32000732421875,209.11000061035156,210.0500030517578,0.0,30979400
2020-12-14,204.6221923828125,214.1999969482422,0.0,216.2100067138672,212.8800048828125,213.10000610351562,0.0,28798400
2020-12-15,204.5552978515625,214.1300048828125,0.0,215.4199981689453,212.24000549316406,215.1699981689453,0.0,27000600
2020-12-16,209.47500610351562,219.27999877929688,0.0,220.11000061035156,214.72000122070312,214.75,0.0,35023300
2020-12-17,209.6087646484375,219.4199981689453,0.0,220.88999938964844,217.9199981689453,219.8699951171875,0.0,32515800
2020-12-18,208.8158721923828,218.58999633789062,0.0,219.69000244140625,216.02000427246094,218.58999633789062,0.0,63354900
2020-12-21,212.6370086669922,222.58999633789062,0.0,224.0,217.27999877929688,217.5500030517578,0.0,37181900
2020-12-22,213.92665100097656,223.94000244140625,0.0,225.6300048828125,221.85000610351562,222.69000244140625,0.0,22612200
2020-12-23,211.13723754882812,221.02000427246094,0.0,223.55999755859375,220.8000030517578,223.11000061035156,0.0,18699600
2020-12-24,212.7898712158203,222.75,0.0,223.61000061035156,221.1999969482422,221.4199981689453,0.0,10550600
2020-12-28,214.90103149414062,224.9600067138672,0.0,226.02999877929688,223.02000427246094,224.4499969482422,0.0,17933500
2020-12-29,214.12728881835938,224.14999389648438,0.0,227.17999267578125,223.5800018310547,226.30999755859375,0.0,17403200
2020-12-30,211.7677001953125,221.67999267578125,0.0,225.6300048828125,221.47000122070312,225.22999572753906,0.0,20272300
2020-12-31,212.474609375,222.4199981689453,0.0,223.0,219.67999267578125,221.6999969482422,0.0,20942100
2021-01-04,207.95611572265625,217.69000244140625,0.0,223.0,214.80999755859375,222.52999877929688,0.0,37130100
2021-01-05,208.15672302246094,217.89999389648438,0.0,218.52000427246094,215.6999969482422,217.25999450683594,0.0,23823000
2021-01-06,202.75936889648438,212.25,0.0,216.49000549316406,211.94000244140625,212.1699981689453,0.0,35930700
2021-01-07,208.52928161621094,218.2899932861328,0.0,219.33999633789062,213.7100067138672,214.0399932861328,0.0,27694500
2021-01-08,209.79978942871094,219.6199951171875,0.0,220.5800018310547,217.02999877929688,218.67999267578125,0.0,22956200
2021-01-11,207.76504516601562,217.49000549316406,0.0,218.91000366210938,216.72999572753906,218.47000122070312,0.0,23031300
2021-01-12,205.3195343017578,214.92999267578125,0.0,217.10000610351562,213.32000732421875,216.5,0.0,23249300
2021-01-13,206.66648864746094,216.33999633789062,0.0,216.75999450683594,213.92999267578125,214.02000427246094,0.0,20087100
2021-01-14,203.4949493408203,213.02000427246094,0.0,217.4600067138672,212.74000549316406,215.91000366210938,0.0,29480800
2021-01-15,203.1414794921875,212.64999389648438,0.0,214.50999450683594,212.02999877929688,213.52000427246094,0.0,31746500
2021-01-19,206.76202392578125,216.44000244140625,0.0,216.97999572753906,212.6300048828125,213.75,0.0,30480900
2021-01-20,214.30877685546875,224.33999633789062,0.0,225.7899932861328,217.2899932861328,217.6999969482422,0.0,37777300
2021-01-21,214.9105987548828,224.97000122070312,0.0,226.3000030517578,222.4199981689453,224.6999969482422,0.0,30709400
2021-01-22,215.8468017578125,225.9499969482422,0.0,230.07000732421875,225.8000030517578,227.0800018310547,0.0,30172700
2021-01-25,219.26669311523438,229.52999877929688,0.0,229.77999877929688,224.22000122070312,229.1199951171875,0.0,33152100
2021-01-26,221.94151306152344,232.3300018310547,0.0,234.17999267578125,230.0800018310547,231.86000061035156,0.0,49169600
2021-01-27,222.4860382080078,232.89999389648438,0.0,240.44000244140625,230.13999938964844,238.0,0.0,69870600
2021-01-28,228.2463836669922,238.92999267578125,0.0,242.63999938964844,235.08999633789062,235.61000061035156,0.0,49111200
2021-01-29,221.5880584716797,231.9600067138672,0.0,238.02000427246094,231.35000610351562,235.99000549316406,0.0,42503100
2021-02-01,228.9342041015625,239.64999389648438,0.0,242.5,232.42999267578125,235.05999755859375,0.0,33314200
2021-02-02,228.8004608154297,239.50999450683594,0.0,242.30999755859375,238.69000244140625,241.3000030517578,0.0,25916300
2021-02-03,232.1343994140625,243.0,0.0,245.08999633789062,239.25999450683594,239.57000732421875,0.0,27158100
2021-02-04,231.1886444091797,242.00999450683594,0.0,243.24000549316406,240.3699951171875,242.66000366210938,0.0,25296100
2021-02-05,231.37017822265625,242.1999969482422,0.0,243.27999877929688,240.4199981689453,242.22999572753906,0.0,18054800
2021-02-08,231.6280975341797,242.47000122070312,0.0,243.67999267578125,240.80999755859375,243.14999389648438,0.0,22211900
2021-02-09,232.8699951171875,243.77000427246094,0.0,244.75999450683594,241.3800048828125,241.8699951171875,0.0,23565000
2021-02-10,231.9624786376953,242.82000732421875,0.0,245.9199981689453,240.88999938964844,245.0,0.0,22186700
2021-02-11,233.5577850341797,244.49000549316406,0.0,245.14999389648438,242.14999389648438,244.77999877929688,0.0,15751100
2021-02-12,234.03543090820312,244.99000549316406,0.0,245.3000030517578,242.72999572753906,243.92999267578125,0.0,16561100
2021-02-16,232.80311584472656,243.6999969482422,0.0,246.1300048828125,242.9199981689453,245.02999877929688,0.0,26728500
2021-02-17,233.81802368164062,244.1999969482422,0.56,244.30999755859375,240.94000244140625,241.32000732421875,0.0,21653500
2021-02-18,233.42543029785156,243.7899932861328,0.0,243.92999267578125,240.86000061035156,241.8000030517578,0.0,16925600
2021-02-19,230.72532653808594,240.97000122070312,0.0,243.86000061035156,240.17999267578125,243.75,0.0,25262600
2021-02-22,224.54000854492188,234.50999450683594,0.0,237.92999267578125,232.39999389648438,237.4199981689453,0.0,36446900
2021-02-23,223.35272216796875,233.27000427246094,0.0,234.8300018310547,228.72999572753906,230.3300018310547,0.0,30228700
2021-02-24,224.57830810546875,234.5500030517578,0.0,235.1999969482422,229.0,230.00999450683594,0.0,26339700
2021-02-25,219.2546844482422,228.99000549316406,0.0,234.58999633789062,227.8800048828125,232.0800018310547,0.0,39542200
2021-02-26,222.50054931640625,232.3800048828125,0.0,235.3699951171875,229.5399932861328,231.52999877929688,0.0,37819200
2021-03-01,226.86666870117188,236.94000244140625,0.0,237.47000122070312,233.14999389648438,235.89999389648438,0.0,25324000
2021-03-02,223.92718505859375,233.8699951171875,0.0,237.3000030517578,233.4499969482422,237.00999450683594,0.0,22812500
2021-03-03,217.88548278808594,227.55999755859375,0.0,233.5800018310547,227.25999450683594,232.16000366210938,0.0,34029500
2021-03-04,217.0907745361328,226.72999572753906,0.0,232.49000549316406,224.25999450683594,226.74000549316406,0.0,44727800
2021-03-05,221.7537078857422,231.60000610351562,0.0,233.27000427246094,226.4600067138672,229.52000427246094,0.0,41872800
2021-03-08,217.72271728515625,227.38999938964844,0.0,233.3699951171875,227.1300048828125,231.3699951171875,0.0,35267400
2021-03-09,223.84100341796875,233.77999877929688,0.0,235.3800048828125,231.6699981689453,232.8800048828125,0.0,33080500
2021-03-10,222.53884887695312,232.4199981689453,0.0,237.0,232.0399932861328,237.0,0.0,29746800
2021-03-11,227.0486297607422,237.1300048828125,0.0,239.1699981689453,234.30999755859375,234.9600067138672,0.0,29907600
2021-03-12,225.727294921875,235.75,0.0,235.82000732421875,233.22999572753906,234.00999450683594,0.0,22653700
2021-03-15,224.82723999023438,234.80999755859375,0.0,235.19000244140625,231.80999755859375,234.9600067138672,0.0,26034900
2021-03-16,227.60394287109375,237.7100067138672,0.0,240.05999755859375,235.94000244140625,236.27999877929688,0.0,28092200
2021-03-17,226.96243286132812,237.0399932861328,0.0,238.5500030517578,233.22999572753906,236.14999389648438,0.0,29562100
2021-03-18,220.91111755371094,230.72000122070312,0.0,234.19000244140625,230.3300018310547,232.55999755859375,0.0,34833000
2021-03-19,220.556884765625,230.35000610351562,0.0,232.47000122070312,229.35000610351562,231.02000427246094,0.0,46430700
2021-03-22,225.95706176757812,235.99000549316406,0.0,236.89999389648438,230.13999938964844,230.27000427246094,0.0,30127000
2021-03-23,227.47950744628906,237.5800018310547,0.0,241.0500030517578,237.07000732421875,237.49000549316406,0.0,31638400
2021-03-24,225.4495849609375,235.4600067138672,0.0,238.0,235.32000732421875,237.85000610351562,0.0,25620100
2021-03-25,222.4622344970703,232.33999633789062,0.0,236.94000244140625,231.57000732421875,235.3000030517578,0.0,34061900
2021-03-26,226.4262237548828,236.47999572753906,0.0,236.7100067138672,231.5500030517578,231.5500030517578,0.0,25479900
2021-03-29,225.23895263671875,235.24000549316406,0.0,236.8000030517578,231.8800048828125,236.58999633789062,0.0,25227500
2021-03-30,221.9930877685547,231.85000610351562,0.0,233.85000610351562,231.10000610351562,233.52999877929688,0.0,24792000
2021-03-31,225.74642944335938,235.77000427246094,0.0,239.10000610351562,232.38999938964844,232.91000366210938,0.0,43623500
2021-04-01,232.04672241210938,242.35000610351562,0.0,242.83999633789062,238.0500030517578,238.47000122070312,0.0,30338000
2021-04-05,238.48098754882812,249.07000732421875,0.0,249.9600067138672,242.6999969482422,242.75999450683594,0.0,36910600
2021-04-06,237.3224639892578,247.86000061035156,0.0,249.39999389648438,246.8800048828125,247.61000061035156,0.0,22931900
2021-04-07,239.2757110595703,249.89999389648438,0.0,250.92999267578125,247.19000244140625,247.80999755859375,0.0,22719800
2021-04-08,242.4832763671875,253.25,0.0,254.13999938964844,252.0,252.77000427246094,0.0,23625200
2021-04-09,244.97274780273438,255.85000610351562,0.0,255.99000549316406,252.44000244140625,252.8699951171875,0.0,24326800
2021-04-12,245.0302276611328,255.91000366210938,0.0,257.6700134277344,254.6199951171875,254.7100067138672,0.0,27148700
2021-04-13,247.50050354003906,258.489990234375,0.0,259.19000244140625,256.8299865722656,257.260009765625,0.0,23837500
2021-04-14,244.72377014160156,255.58999633789062,0.0,258.8299865722656,255.16000366210938,257.4800109863281,0.0,23070900
2021-04-15,248.46755981445312,259.5,0.0,259.92999267578125,257.7300109863281,257.92999267578125,0.0,25627500
2021-04-16,249.65487670898438,260.739990234375,0.0,261.0,257.6000061035156,259.4700012207031,0.0,24878600
2021-04-19,247.7398681640625,258.739990234375,0.0,261.4800109863281,257.82000732421875,260.19000244140625,0.0,23209300
2021-04-20,247.2803192138672,258.260009765625,0.0,260.20001220703125,256.8399963378906,257.82000732421875,0.0,19722900
2021-04-21,249.50164794921875,260.5799865722656,0.0,260.67999267578125,257.25,258.94000244140625,0.0,24030400
2021-04-22,246.23658752441406,257.1700134277344,0.0,261.7799987792969,255.63999938964844,260.2099914550781,0.0,25606200
2021-04-23,250.0474090576172,261.1499938964844,0.0,261.510009765625,257.2699890136719,257.8800048828125,0.0,21462600
2021-04-26,250.43040466308594,261.54998779296875,0.0,262.44000244140625,260.1700134277344,261.6600036621094,0.0,19763300
2021-04-27,250.83258056640625,261.9700012207031,0.0,263.19000244140625,260.1199951171875,261.5799865722656,0.0,31014200
2021-04-28,243.73757934570312,254.55999755859375,0.0,256.5400085449219,252.9499969482422,256.0799865722656,0.0,46903100
2021-04-29,241.77474975585938,252.50999450683594,0.0,256.1000061035156,249.0,255.4600067138672,0.0,40589000
2021-04-30,241.458740234375,252.17999267578125,0.0,253.0800018310547,249.60000610351562,249.74000549316406,0.0,30945100
2021-05-03,241.15234375,251.86000061035156,0.0,254.35000610351562,251.1199951171875,253.39999389648438,0.0,19626600
2021-05-04,237.25537109375,247.7899932861328,0.0,251.2100067138672,245.75999450683594,250.97000122070312,0.0,32756100
2021-05-05,235.99151611328125,246.47000122070312,0.0,249.5,245.82000732421875,249.05999755859375,0.0,21901300
2021-05-06,239.11294555664062,249.72999572753906,0.0,249.86000061035156,244.69000244140625,246.4499969482422,0.0,26491100
2021-05-07,241.7268524169922,252.4600067138672,0.0,254.3000030517578,251.1699981689453,252.14999389648438,0.0,27032900
2021-05-10,236.6713104248047,247.17999267578125,0.0,251.72999572753906,247.1199951171875,250.8699951171875,0.0,29299900
2021-05-11,235.76170349121094,246.22999572753906,0.0,246.60000610351562,242.57000732421875,244.5500030517578,0.0,33641600
2021-05-12,228.839111328125,239.0,0.0,244.3800048828125,238.07000732421875,242.1699981689453,0.0,36684400
2021-05-13,232.69776916503906,243.02999877929688,0.0,245.60000610351562,241.4199981689453,241.8000030517578,0.0,29624300
2021-05-14,237.60008239746094,248.14999389648438,0.0,249.17999267578125,245.49000549316406,245.5800018310547,0.0,23901100
2021-05-17,234.75637817382812,245.17999267578125,0.0,246.58999633789062,243.52000427246094,246.5500030517578,0.0,24970200
2021-05-18,232.74563598632812,243.0800018310547,0.0,246.41000366210938,242.89999389648438,246.27000427246094,0.0,20168000
2021-05-19,233.32147216796875,243.1199951171875,0.56,243.22999572753906,238.60000610351562,239.30999755859375,0.0,25739800
2021-05-20,236.54603576660156,246.47999572753906,0.0,247.9499969482422,243.86000061035156,243.9600067138672,0.0,21800700
2021-05-21,235.2888641357422,245.1699981689453,0.0,248.3300018310547,244.74000549316406,247.57000732421875,0.0,21863100
2021-05-24,240.6727294921875,250.77999877929688,0.0,251.16000366210938,247.50999450683594,247.7899932861328,0.0,21411500
2021-05-25,241.57489013671875,251.72000122070312,0.0,252.75,250.82000732421875,251.77000427246094,0.0,17704300
2021-05-26,241.35418701171875,251.49000549316406,0.0,252.94000244140625,250.75,251.42999267578125,0.0,17771600
2021-05-27,239.26199340820312,249.30999755859375,0.0,251.47999572753906,249.25,251.1699981689453,0.0,24426200
2021-05-28,239.6170654296875,249.67999267578125,0.0,252.0800018310547,249.55999755859375,251.0,0.0,18270200
2021-06-01,237.42893981933594,247.39999389648438,0.0,251.2899932861328,246.9600067138672,251.22999572753906,0.0,23213300
2021-06-02,237.33302307128906,247.3000030517578,0.0,249.27000427246094,245.83999633789062,248.1300048828125,0.0,19406700
2021-06-03,235.80709838867188,245.7100067138672,0.0,246.33999633789062,243.0,245.22000122070312,0.0,25307700
2021-06-04,240.68234252929688,250.7899932861328,0.0,251.64999389648438,247.50999450683594,247.75999450683594,0.0,25281100
2021-06-07,243.5806121826172,253.80999755859375,0.0,254.08999633789062,249.80999755859375,249.97999572753906,0.0,23079200
2021-06-08,242.39059448242188,252.57000732421875,0.0,256.010009765625,252.50999450683594,255.16000366210938,0.0,22455000
2021-06-09,243.36952209472656,253.58999633789062,0.0,255.52999877929688,253.2100067138672,253.80999755859375,0.0,17937600
2021-06-10,246.8723907470703,257.239990234375,0.0,257.4599914550781,253.6699981689453,254.2899932861328,0.0,24563600
2021-06-11,247.49623107910156,257.8900146484375,0.0,258.489990234375,256.6099853515625,257.989990234375,0.0,18999700
2021-06-14,249.41555786132812,259.8900146484375,0.0,259.95001220703125,256.79998779296875,257.8999938964844,0.0,19150500
2021-06-15,247.94720458984375,258.3599853515625,0.0,259.989990234375,257.67999267578125,259.7699890136719,0.0,18038900
2021-06-16,247.00672912597656,257.3800048828125,0.0,260.5799865722656,254.4199981689453,259.3999938964844,0.0,27220000
2021-06-17,250.38485717773438,260.8999938964844,0.0,261.75,256.010009765625,256.07000732421875,0.0,27565500
2021-06-18,248.97409057617188,259.42999267578125,0.0,262.29998779296875,258.75,259.6300048828125,0.0,37202200
2021-06-21,252.04518127441406,262.6300048828125,0.0,263.5199890136719,257.9200134277344,259.82000732421875,0.0,26696100
2021-06-22,254.80899047851562,265.510009765625,0.0,265.7900085449219,262.3999938964844,262.7200012207031,0.0,24694100
2021-06-23,254.5786895751953,265.2699890136719,0.0,266.8299865722656,264.42999267578125,265.989990234375,0.0,19518700
2021-06-24,255.94151306152344,266.69000244140625,0.0,267.8500061035156,265.4700012207031,266.1600036621094,0.0,21446900
2021-06-25,254.3387908935547,265.0199890136719,0.0,267.25,264.760009765625,266.2300109863281,0.0,25611100
2021-06-28,257.88970947265625,268.7200012207031,0.0,268.8999938964844,265.9100036621094,266.19000244140625,0.0,19590000
2021-06-29,260.46173095703125,271.3999938964844,0.0,271.6499938964844,267.9800109863281,268.8699951171875,0.0,19937800
2021-06-30,259.98187255859375,270.8999938964844,0.0,271.3599853515625,269.6000061035156,270.69000244140625,0.0,21656500
2021-07-01,260.65362548828125,271.6000061035156,0.0,271.8399963378906,269.6000061035156,269.6099853515625,0.0,16725300
2021-07-02,266.4598083496094,277.6499938964844,0.0,278.0,272.5,272.82000732421875,0.0,26458000
2021-07-06,266.4693298339844,277.6600036621094,0.0,279.3699951171875,274.29998779296875,278.0299987792969,0.0,31565600
2021-07-07,268.6479187011719,279.92999267578125,0.0,280.69000244140625,277.1499938964844,279.3999938964844,0.0,23260000
2021-07-08,266.23907470703125,277.4200134277344,0.0,278.7300109863281,274.8699951171875,276.8999938964844,0.0,24618600
2021-07-09,266.7380676269531,277.94000244140625,0.0,278.04998779296875,275.32000732421875,275.7200012207031,0.0,23916700
2021-07-12,266.1430969238281,277.32000732421875,0.0,279.7699890136719,276.5799865722656,279.1600036621094,0.0,18931700
2021-07-13,269.6556091308594,280.9800109863281,0.0,282.8500061035156,277.3900146484375,277.5199890136719,0.0,26120100
2021-07-14,271.12396240234375,282.510009765625,0.0,283.6600036621094,280.54998779296875,282.3500061035156,0.0,23113700
2021-07-15,269.7034912109375,281.0299987792969,0.0,282.510009765625,279.8299865722656,282.0,0.0,22604200
2021-07-16,269.4348449707031,280.75,0.0,284.1000061035156,279.4599914550781,282.07000732421875,0.0,26186800
2021-07-19,265.84564208984375,277.010009765625,0.0,280.3699951171875,274.45001220703125,278.92999267578125,0.0,32935600
2021-07-20,268.0624694824219,279.32000732421875,0.0,280.9700012207031,276.260009765625,278.0299987792969,0.0,26259700
2021-07-21,270.0585632324219,281.3999938964844,0.0,281.5199890136719,277.2900085449219,278.8999938964844,0.0,24364300
2021-07-22,274.60760498046875,286.1400146484375,0.0,286.4200134277344,283.4200134277344,283.8399963378906,0.0,23384100
2021-07-23,277.9953308105469,289.6700134277344,0.0,289.989990234375,286.5,287.3699951171875,0.0,22768100
2021-07-26,277.40032958984375,289.04998779296875,0.0,289.69000244140625,286.6400146484375,289.0,0.0,23176100
2021-07-27,274.9915466308594,286.5400085449219,0.0,289.5799865722656,282.95001220703125,289.42999267578125,0.0,33604100
2021-07-28,274.6844482421875,286.2200012207031,0.0,290.1499938964844,283.8299865722656,288.989990234375,0.0,33566900
2021-07-29,274.9530944824219,286.5,0.0,288.6199951171875,286.0799865722656,286.239990234375,0.0,18168300
2021-07-30,273.42724609375,284.9100036621094,0.0,286.6600036621094,283.9100036621094,285.1700134277344,0.0,20944800
2021-08-02,273.34088134765625,284.82000732421875,0.0,286.7699890136719,283.739990234375,286.3599853515625,0.0,16267400
2021-08-03,275.5480651855469,287.1199951171875,0.0,287.2300109863281,284.0,285.4200134277344,0.0,17879000
2021-08-04,274.9627990722656,286.510009765625,0.0,287.5899963378906,284.6499938964844,286.2200012207031,0.0,16191300
2021-08-05,277.8514404296875,289.5199890136719,0.0,289.6300048828125,286.1000061035156,286.8800048828125,0.0,13900200
2021-08-06,277.7937927246094,289.4599914550781,0.0,289.5,287.6199951171875,288.510009765625,0.0,16589300
2021-08-09,276.7094421386719,288.3299865722656,0.0,291.54998779296875,287.80999755859375,289.75,0.0,16117600
2021-08-10,274.8955078125,286.44000244140625,0.0,289.25,285.20001220703125,288.79998779296875,0.0,18616600
2021-08-11,275.3849792480469,286.95001220703125,0.0,288.6600036621094,285.8599853515625,287.2099914550781,0.0,13955900
2021-08-12,278.12969970703125,289.80999755859375,0.0,289.9700012207031,286.3399963378906,286.6300048828125,0.0,14561300
2021-08-13,281.0472412109375,292.8500061035156,0.0,292.8999938964844,289.29998779296875,289.4800109863281,0.0,18249000
2021-08-16,282.7266845703125,294.6000061035156,0.0,294.82000732421875,290.0199890136719,293.19000244140625,0.0,22507600
2021-08-17,281.26788330078125,293.0799865722656,0.0,293.42999267578125,291.0799865722656,292.3900146484375,0.0,20075300
2021-08-18,279.5467834472656,290.7300109863281,0.56,294.82000732421875,290.2699890136719,292.0400085449219,0.0,21813000
2021-08-19,285.3544616699219,296.7699890136719,0.0,297.4700012207031,288.6400146484375,288.69000244140625,0.0,29850500
2021-08-20,292.6524658203125,304.3599853515625,0.0,305.8399963378906,298.05999755859375,299.7200012207031,0.0,40817600
2021-08-23,292.9312744140625,304.6499938964844,0.0,305.3999938964844,301.8500061035156,303.25,0.0,22830200
2021-08-24,290.97943115234375,302.6199951171875,0.0,305.6499938964844,302.0,305.0199890136719,0.0,18175800
2021-08-25,290.39288330078125,302.010009765625,0.0,304.5899963378906,300.4200134277344,304.29998779296875,0.0,20006100
2021-08-26,287.5851745605469,299.0899963378906,0.0,302.42999267578125,298.95001220703125,300.989990234375,0.0,17666100
2021-08-27,288.1910095214844,299.7200012207031,0.0,300.8699951171875,296.8299865722656,298.989990234375,0.0,22605700
2021-08-30,291.91204833984375,303.5899963378906,0.0,304.2200012207031,301.05999755859375,301.1199951171875,0.0,16348100
2021-08-31,290.26788330078125,301.8800048828125,0.0,304.5,301.5,304.4200134277344,0.0,26285300
2021-09-01,290.21978759765625,301.8299865722656,0.0,305.19000244140625,301.489990234375,302.8699951171875,0.0,18983800
2021-09-02,289.5659484863281,301.1499938964844,0.0,303.3599853515625,300.17999267578125,302.20001220703125,0.0,16285600
2021-09-03,289.5563659667969,301.1400146484375,0.0,302.6000061035156,300.260009765625,300.989990234375,0.0,14747900
2021-09-07,288.63323974609375,300.17999267578125,0.0,301.0899963378906,298.20001220703125,301.010009765625,0.0,17180400
2021-09-08,288.662109375,300.2099914550781,0.0,300.6099853515625,297.4700012207031,299.7799987792969,0.0,15046800
2021-09-09,285.8159484863281,297.25,0.0,302.1400146484375,297.0,300.82000732421875,0.0,19927000
2021-09-10,284.3352355957031,295.7099914550781,0.0,299.9200134277344,295.3800048828125,298.4200134277344,0.0,19633400
2021-09-13,285.56591796875,296.989990234375,0.0,298.5400085449219,294.0799865722656,297.54998779296875,0.0,23652900
2021-09-14,288.2582702636719,299.7900085449219,0.0,301.3900146484375,298.1000061035156,299.55999755859375,0.0,21853400
2021-09-15,293.0947570800781,304.82000732421875,0.0,305.32000732421875,301.82000732421875,303.260009765625,0.0,28356300
2021-09-16,293.4793701171875,305.2200012207031,0.0,305.30999755859375,300.760009765625,303.760009765625,0.0,19550800
2021-09-17,288.3351745605469,299.8699951171875,0.0,304.5,299.5299987792969,304.1700134277344,0.0,41372500
2021-09-20,282.9794616699219,294.29998779296875,0.0,298.7200012207031,289.5199890136719,296.3299865722656,0.0,38278700
2021-09-21,283.4601745605469,294.79998779296875,0.0,297.5400085449219,294.07000732421875,295.69000244140625,0.0,22364100
2021-09-22,287.0946960449219,298.5799865722656,0.0,300.2200012207031,294.510009765625,296.7300109863281,0.0,26626300
2021-09-23,288.03717041015625,299.55999755859375,0.0,300.8999938964844,297.5299987792969,298.8500061035156,0.0,18604600
2021-09-24,287.835205078125,299.3500061035156,0.0,299.79998779296875,296.92999267578125,298.2300109863281,0.0,14999000
2021-09-27,282.8544921875,294.1700134277344,0.0,296.4700012207031,292.94000244140625,296.1400146484375,0.0,23571700
2021-09-28,272.6141052246094,283.5199890136719,0.0,290.7799987792969,282.75,289.79998779296875,0.0,43186200
2021-09-29,273.07568359375,284.0,0.0,286.7699890136719,283.010009765625,285.1000061035156,0.0,26353700
2021-09-30,271.0756530761719,281.9200134277344,0.0,287.8299865722656,281.6199951171875,285.7099914550781,0.0,32343600
2021-10-01,277.9794921875,289.1000061035156,0.0,289.9800109863281,281.2900085449219,282.1199951171875,0.0,30086300
2021-10-04,272.2198181152344,283.1099853515625,0.0,287.75,280.25,287.3999938964844,0.0,31350700
2021-10-05,277.6525573730469,288.760009765625,0.0,290.3999938964844,284.04998779296875,284.04998779296875,0.0,24993000
2021-10-06,281.8351135253906,293.1099853515625,0.0,293.6300048828125,285.510009765625,285.7799987792969,0.0,28002600
2021-10-07,283.50823974609375,294.8500061035156,0.0,296.6400146484375,293.9200134277344,295.17999267578125,0.0,20430500
2021-10-08,283.50823974609375,294.8500061035156,0.0,296.6400146484375,293.760009765625,296.2200012207031,0.0,17685700
2021-10-11,282.91217041015625,294.2300109863281,0.0,297.9700012207031,292.75,292.9200134277344,0.0,19298600
2021-10-12,281.6140441894531,292.8800048828125,0.0,295.44000244140625,292.3500061035156,295.3399963378906,0.0,17974100
2021-10-13,284.9121398925781,296.30999755859375,0.0,297.2799987792969,293.489990234375,294.9100036621094,0.0,23416300
2021-10-14,291.10430908203125,302.75,0.0,303.2699890136719,297.8299865722656,299.2099914550781,0.0,27262900
2021-10-15,292.5082702636719,304.2099914550781,0.0,304.45001220703125,300.5199890136719,302.3399963378906,0.0,25384800
2021-10-18,295.4697570800781,307.2900085449219,0.0,308.2099914550781,302.69000244140625,303.57000732421875,0.0,22729300
2021-10-19,296.3736572265625,308.2300109863281,0.0,309.29998779296875,307.2200012207031,308.3500061035156,0.0,17682100
2021-10-20,295.5851135253906,307.4100036621094,0.0,309.70001220703125,306.1099853515625,309.2099914550781,0.0,16537100
2021-10-21,298.8062744140625,310.760009765625,0.0,311.0199890136719,306.3599853515625,307.1700134277344,0.0,16918100
2021-10-22,297.2678527832031,309.1600036621094,0.0,311.0899963378906,307.79998779296875,310.3999938964844,0.0,17449300
2021-10-25,296.2774963378906,308.1300048828125,0.0,309.3999938964844,306.4599914550781,309.3599853515625,0.0,17554500
2021-10-26,298.18133544921875,310.1099853515625,0.0,312.3999938964844,308.6000061035156,311.0,0.0,28107300
2021-10-27,310.73895263671875,323.1700134277344,0.0,326.1000061035156,316.0,316.0,0.0,52588700
2021-10-28,311.87353515625,324.3500061035156,0.0,324.8699951171875,321.3599853515625,324.3299865722656,0.0,26297900
2021-10-29,318.8638610839844,331.6199951171875,0.0,332.0,323.8999938964844,324.1300048828125,0.0,34766000
2021-11-01,316.7004089355469,329.3699951171875,0.0,331.489990234375,326.3699951171875,331.3599853515625,0.0,27073200
2021-11-02,320.3158264160156,333.1300048828125,0.0,333.45001220703125,330.0,330.30999755859375,0.0,26487100
2021-11-03,321.15240478515625,334.0,0.0,334.8999938964844,330.6499938964844,333.8999938964844,0.0,21500100
2021-11-04,323.4985046386719,336.44000244140625,0.0,336.5400085449219,329.510009765625,332.8900146484375,0.0,23992200
2021-11-05,323.13311767578125,336.05999755859375,0.0,338.7900085449219,334.4200134277344,338.510009765625,0.0,22570100
2021-11-08,324.02740478515625,336.989990234375,0.0,337.6499938964844,334.44000244140625,337.29998779296875,0.0,20897000
2021-11-09,323.0273742675781,335.95001220703125,0.0,338.7200012207031,334.5299987792969,337.1099853515625,0.0,21307400
2021-11-10,318.075439453125,330.79998779296875,0.0,334.6300048828125,329.9200134277344,334.57000732421875,0.0,25500900
2021-11-11,319.64276123046875,332.42999267578125,0.0,333.7699890136719,330.510009765625,331.25,0.0,16849800
2021-11-12,323.7677001953125,336.7200012207031,0.0,337.2300109863281,333.7900085449219,333.9200134277344,0.0,23831000
2021-11-15,323.14276123046875,336.07000732421875,0.0,337.8800048828125,334.0299987792969,337.5400085449219,0.0,16723000
2021-11-16,326.45037841796875,339.510009765625,0.0,340.6700134277344,335.510009765625,335.67999267578125,0.0,20886800
2021-11-17,326.671875,339.1199951171875,0.62,342.19000244140625,338.0,338.94000244140625,0.0,19053400
2021-11-18,328.74298095703125,341.2699890136719,0.0,342.45001220703125,337.1199951171875,338.17999267578125,0.0,22463500
2021-11-19,330.5154724121094,343.1099853515625,0.0,345.1000061035156,342.20001220703125,342.6400146484375,0.0,21963400
2021-11-22,327.3558654785156,339.8299865722656,0.0,349.6700134277344,339.54998779296875,344.6199951171875,0.0,31031100
2021-11-23,325.2847900390625,337.67999267578125,0.0,339.45001220703125,333.55999755859375,337.04998779296875,0.0,30427600
2021-11-24,325.5063781738281,337.9100036621094,0.0,338.1600036621094,333.9100036621094,336.2799987792969,0.0,21661300
2021-11-26,317.5784606933594,329.67999267578125,0.0,337.92999267578125,328.1199951171875,334.3500061035156,0.0,24217200
2021-11-29,324.27337646484375,336.6300048828125,0.0,339.0299987792969,334.739990234375,334.94000244140625,0.0,28563500
2021-11-30,318.455078125,330.5899963378906,0.0,337.7799987792969,328.989990234375,335.32000732421875,0.0,42885600
2021-12-01,317.9638671875,330.0799865722656,0.0,339.2799987792969,329.3900146484375,335.1300048828125,0.0,33337600
2021-12-02,317.3954162597656,329.489990234375,0.0,333.489990234375,327.79998779296875,330.29998779296875,0.0,30766000
2021-12-03,311.1533203125,323.010009765625,0.0,332.70001220703125,318.0299987792969,331.989990234375,0.0,41779300
2021-12-06,314.21661376953125,326.19000244140625,0.0,327.45001220703125,319.2300109863281,323.95001220703125,0.0,30032600
2021-12-07,322.6261291503906,334.9200134277344,0.0,335.79998779296875,330.1000061035156,331.6400146484375,0.0,31021900
2021-12-08,322.67437744140625,334.9700012207031,0.0,335.5,330.79998779296875,335.30999755859375,0.0,24761000
2021-12-09,320.8728942871094,333.1000061035156,0.0,336.489990234375,332.1199951171875,334.4100036621094,0.0,22214200
2021-12-10,329.9664611816406,342.5400085449219,0.0,343.0,334.7900085449219,334.9800109863281,0.0,38095700
2021-12-13,326.94171142578125,339.3999938964844,0.0,343.7900085449219,339.0799865722656,340.67999267578125,0.0,28899400
2021-12-14,316.2876281738281,328.3399963378906,0.0,334.6400146484375,324.1099853515625,333.2200012207031,0.0,44438700
2021-12-15,322.3659973144531,334.6499938964844,0.0,335.19000244140625,324.5,328.6099853515625,0.0,35381100
2021-12-16,312.9739074707031,324.8999938964844,0.0,336.760009765625,323.0199890136719,335.7099914550781,0.0,35034800
2021-12-17,311.91424560546875,323.79998779296875,0.0,324.9200134277344,317.25,320.8800048828125,0.0,47750300
2021-12-20,308.16705322265625,319.9100036621094,0.0,322.79998779296875,317.57000732421875,320.04998779296875,0.0,28326500
2021-12-21,315.2762145996094,327.2900085449219,0.0,327.7300109863281,319.79998779296875,323.2900085449219,0.0,24740600
2021-12-22,320.9692687988281,333.20001220703125,0.0,333.6099853515625,325.75,328.29998779296875,0.0,24831500
2021-12-23,322.404541015625,334.69000244140625,0.0,336.3900146484375,332.7300109863281,332.75,0.0,19617800
2021-12-27,329.8797302246094,342.45001220703125,0.0,342.4800109863281,335.42999267578125,335.4599914550781,0.0,19947000
2021-12-28,328.7237854003906,341.25,0.0,343.80999755859375,340.32000732421875,343.1499938964844,0.0,15661500
2021-12-29,329.39813232421875,341.95001220703125,0.0,344.29998779296875,339.67999267578125,341.29998779296875,0.0,15042000
2021-12-30,326.86456298828125,339.32000732421875,0.0,343.1300048828125,338.82000732421875,341.9100036621094,0.0,15994500
2021-12-31,323.9747619628906,336.32000732421875,0.0,339.3599853515625,335.8500061035156,338.510009765625,0.0,18000800
2022-01-03,322.4623718261719,334.75,0.0,338.0,329.7799987792969,335.3500061035156,0.0,28865100
2022-01-04,316.93310546875,329.010009765625,0.0,335.20001220703125,326.1199951171875,334.8299865722656,0.0,32674300
2022-01-05,304.7667541503906,316.3800048828125,0.0,326.07000732421875,315.9800109863281,325.8599853515625,0.0,40054300
2022-01-06,302.35845947265625,313.8800048828125,0.0,318.70001220703125,311.489990234375,313.1499938964844,0.0,39646100
2022-01-07,302.5126037597656,314.0400085449219,0.0,316.5,310.0899963378906,314.1499938964844,0.0,32720000
2022-01-10,302.7341003417969,314.2699890136719,0.0,314.7200012207031,304.69000244140625,309.489990234375,0.0,44289500
2022-01-11,303.4180908203125,314.9800109863281,0.0,316.6099853515625,309.8900146484375,313.3800048828125,0.0,29386800
2022-01-12,306.5872802734375,318.2699890136719,0.0,323.4100036621094,317.0799865722656,319.6700134277344,0.0,34372200
2022-01-13,293.6116638183594,304.79998779296875,0.0,320.8800048828125,304.0,320.4700012207031,0.0,45366000
2022-01-14,298.8135070800781,310.20001220703125,0.0,310.82000732421875,303.75,304.25,0.0,39846400
2022-01-18,291.5406799316406,302.6499938964844,0.0,309.79998779296875,301.739990234375,304.07000732421875,0.0,42333200
2022-01-19,292.1956787109375,303.3299865722656,0.0,313.9100036621094,302.70001220703125,306.2900085449219,0.0,45933900
2022-01-20,290.5291748046875,301.6000061035156,0.0,311.6499938964844,301.1400146484375,309.07000732421875,0.0,35380700
2022-01-21,285.1637268066406,296.0299987792969,0.0,304.1099853515625,295.6099853515625,302.69000244140625,0.0,57984400
2022-01-24,285.4912109375,296.3699951171875,0.0,297.1099853515625,276.04998779296875,292.20001220703125,0.0,85731500
2022-01-25,277.9004821777344,288.489990234375,0.0,294.989990234375,285.1700134277344,291.5199890136719,0.0,72848600
2022-01-26,285.8186950683594,296.7099914550781,0.0,308.5,293.0299987792969,307.989990234375,0.0,90428900
2022-01-27,288.8337707519531,299.8399963378906,0.0,307.29998779296875,297.92999267578125,302.6600036621094,0.0,53481300
2022-01-28,296.94476318359375,308.260009765625,0.0,308.4800109863281,294.45001220703125,300.2300109863281,0.0,49743700
2022-01-31,299.5648193359375,310.9800109863281,0.0,312.3800048828125,306.3699951171875,308.95001220703125,0.0,46444500
2022-02-01,297.4263610839844,308.760009765625,0.0,310.6300048828125,305.1300048828125,310.4100036621094,0.0,40950400
2022-02-02,301.953857421875,313.4599914550781,0.0,315.1199951171875,308.8800048828125,309.6300048828125,0.0,36636000
2022-02-03,290.1920471191406,301.25,0.0,311.2300109863281,299.9599914550781,309.489990234375,0.0,43730000
2022-02-04,294.70989990234375,305.94000244140625,0.0,308.79998779296875,299.9700012207031,300.2099914550781,0.0,35096500
2022-02-07,289.9030456542969,300.95001220703125,0.0,307.8399963378906,299.8999938964844,306.1700134277344,0.0,28533300
2022-02-08,293.38055419921875,304.55999755859375,0.0,305.55999755859375,299.95001220703125,301.25,0.0,32421200
2022-02-09,299.7864074707031,311.2099914550781,0.0,311.92999267578125,307.3900146484375,309.8699951171875,0.0,31284700
2022-02-10,291.2805480957031,302.3800048828125,0.0,309.1199951171875,300.70001220703125,304.0400085449219,0.0,45386200
2022-02-11,284.2099914550781,295.0400085449219,0.0,304.2900085449219,294.2200012207031,303.19000244140625,0.0,39175600
2022-02-14,284.1715087890625,295.0,0.0,296.760009765625,291.3500061035156,293.7699890136719,0.0,36359500
2022-02-15,289.4407043457031,300.4700012207031,0.0,300.79998779296875,297.0199890136719,300.010009765625,0.0,27058300
2022-02-16,289.1028747558594,299.5,0.62,300.8699951171875,293.67999267578125,298.3699951171875,0.0,29982100
2022-02-17,280.63739013671875,290.7300109863281,0.0,296.79998779296875,290.0,296.3599853515625,0.0,32461600
2022-02-18,277.93450927734375,287.92999267578125,0.0,293.8599853515625,286.30999755859375,293.04998779296875,0.0,34264000
2022-02-22,277.7317810058594,287.7200012207031,0.0,291.5400085449219,284.5,285.0,0.0,41736100
2022-02-23,270.5403747558594,280.2699890136719,0.0,291.70001220703125,280.1000061035156,290.17999267578125,0.0,37811200
2022-02-24,284.36328125,294.5899963378906,0.0,295.1600036621094,271.5199890136719,272.510009765625,0.0,56989700
2022-02-25,286.9888916015625,297.30999755859375,0.0,297.6300048828125,291.6499938964844,295.1400146484375,0.0,32546700
2022-02-28,288.4175109863281,298.7900085449219,0.0,299.1400146484375,293.0,294.30999755859375,0.0,34627500
2022-03-01,284.7108154296875,294.95001220703125,0.0,299.9700012207031,292.1499938964844,296.3999938964844,0.0,31217800
2022-03-02,289.76885986328125,300.19000244140625,0.0,301.4700012207031,293.70001220703125,295.3599853515625,0.0,31873000
2022-03-03,285.6470947265625,295.9200134277344,0.0,303.1300048828125,294.04998779296875,302.8900146484375,0.0,27314500
2022-03-04,279.7974548339844,289.8599853515625,0.0,295.6600036621094,287.1700134277344,294.2900085449219,0.0,32356500
2022-03-07,269.2275695800781,278.9100036621094,0.0,289.69000244140625,278.5299987792969,288.5299987792969,0.0,43157200
2022-03-08,266.27386474609375,275.8500061035156,0.0,283.9599914550781,270.0,277.79998779296875,0.0,48159500
2022-03-09,278.4847106933594,288.5,0.0,289.6000061035156,280.7799987792969,283.44000244140625,0.0,35204500
2022-03-10,275.6756591796875,285.5899963378906,0.0,286.6000061035156,280.5799865722656,283.0199890136719,0.0,30628000
2022-03-11,270.3473205566406,280.07000732421875,0.0,289.510009765625,279.42999267578125,287.9599914550781,0.0,27209300
2022-03-14,266.84332275390625,276.44000244140625,0.0,285.3999938964844,275.82000732421875,280.3399963378906,0.0,30660700
2022-03-15,277.1815185546875,287.1499938964844,0.0,287.82000732421875,278.7300109863281,280.3500061035156,0.0,34245100
2022-03-16,284.1702575683594,294.3900146484375,0.0,294.57000732421875,283.20001220703125,289.1099853515625,0.0,37826300
2022-03-17,284.971435546875,295.2200012207031,0.0,295.6099853515625,289.3699951171875,293.2900085449219,0.0,30816600
2022-03-18,290.0006103515625,300.42999267578125,0.0,301.0,292.7300109863281,295.3699951171875,0.0,43390600
2022-03-21,288.7746276855469,299.1600036621094,0.0,300.1400146484375,294.8999938964844,298.8900146484375,0.0,28351200
2022-03-22,293.5045471191406,304.05999755859375,0.0,305.0,298.7699890136719,299.79998779296875,0.0,27599700
2022-03-23,289.0931396484375,299.489990234375,0.0,303.2300109863281,297.7200012207031,300.510009765625,0.0,25715400
2022-03-24,293.5431823730469,304.1000061035156,0.0,304.20001220703125,298.32000732421875,299.1400146484375,0.0,24484500
2022-03-25,293.13763427734375,303.67999267578125,0.0,305.5,299.2900085449219,305.2300109863281,0.0,22566500
2022-03-28,299.9140625,310.70001220703125,0.0,310.79998779296875,304.3299865722656,304.3299865722656,0.0,29578200
2022-03-29,304.4605407714844,315.4100036621094,0.0,315.82000732421875,309.04998779296875,313.9100036621094,0.0,30393400
2022-03-30,302.9642639160156,313.8599853515625,0.0,315.95001220703125,311.5799865722656,313.760009765625,0.0,28163600
2022-03-31,297.6070251464844,308.30999755859375,0.0,315.1400146484375,307.8900146484375,313.8999938964844,0.0,33422100
2022-04-01,298.67852783203125,309.4200134277344,0.0,310.1300048828125,305.5400085449219,309.3699951171875,0.0,27110500
2022-04-04,304.0357971191406,314.9700012207031,0.0,315.1099853515625,309.7099914550781,310.0899963378906,0.0,24289600
2022-04-05,300.0877685546875,310.8800048828125,0.0,314.8699951171875,309.8699951171875,313.2699890136719,0.0,23156700
2022-04-06,289.1028747558594,299.5,0.0,307.0,296.7099914550781,305.19000244140625,0.0,40110400
2022-04-07,290.907958984375,301.3699951171875,0.0,303.6499938964844,296.3500061035156,296.6600036621094,0.0,31411200
2022-04-08,286.6606750488281,296.9700012207031,0.0,301.1199951171875,296.2799987792969,300.44000244140625,0.0,24361900
2022-04-11,275.35723876953125,285.260009765625,0.0,292.6099853515625,285.0,291.7900085449219,0.0,34569300
2022-04-12,272.2682800292969,282.05999755859375,0.0,290.739990234375,280.489990234375,289.239990234375,0.0,30966700
2022-04-13,277.63525390625,287.6199951171875,0.0,288.5799865722656,281.29998779296875,282.7300109863281,0.0,21907200
2022-04-14,270.11566162109375,279.8299865722656,0.0,288.30999755859375,279.32000732421875,288.0899963378906,0.0,28221600
2022-04-18,270.7817077636719,280.5199890136719,0.0,282.4599914550781,278.3399963378906,278.9100036621094,0.0,20778000
2022-04-19,275.3957214355469,285.29998779296875,0.0,286.1700134277344,278.4100036621094,279.3800048828125,0.0,22297700
2022-04-20,276.41900634765625,286.3599853515625,0.0,289.70001220703125,285.3699951171875,289.3999938964844,0.0,22906700
2022-04-21,271.0616455078125,280.80999755859375,0.0,293.29998779296875,280.05999755859375,288.5799865722656,0.0,29454600
2022-04-22,264.5170593261719,274.0299987792969,0.0,283.20001220703125,273.3800048828125,281.67999267578125,0.0,29405800
2022-04-25,270.97479248046875,280.7200012207031,0.0,281.1099853515625,270.7699890136719,273.2900085449219,0.0,35678900
2022-04-26,260.8392639160156,270.2200012207031,0.0,278.3599853515625,270.0,277.5,0.0,46518400
2022-04-27,273.3879699707031,283.2200012207031,0.0,290.9700012207031,279.1600036621094,282.1000061035156,0.0,63477700
2022-04-28,279.575439453125,289.6300048828125,0.0,290.9800109863281,281.4599914550781,285.19000244140625,0.0,33646600
2022-04-29,267.8858642578125,277.5199890136719,0.0,289.8800048828125,276.5,288.6099853515625,0.0,37073900
2022-05-02,274.5946044921875,284.4700012207031,0.0,284.94000244140625,276.2200012207031,277.7099914550781,0.0,35151100
2022-05-03,271.9980163574219,281.7799987792969,0.0,284.1300048828125,280.1499938964844,283.9599914550781,0.0,25978600
2022-05-04,279.91339111328125,289.9800109863281,0.0,290.8800048828125,276.7300109863281,282.5899963378906,0.0,33599300
2022-05-05,267.7218017578125,277.3500061035156,0.0,286.3500061035156,274.3399963378906,285.5400085449219,0.0,43260400
2022-05-06,265.1927185058594,274.7300109863281,0.0,279.25,271.2699890136719,274.80999755859375,0.0,37780300
2022-05-09,255.39508056640625,264.5799865722656,0.0,272.3599853515625,263.32000732421875,270.05999755859375,0.0,47726000
2022-05-10,260.1442565917969,269.5,0.0,273.75,265.07000732421875,271.69000244140625,0.0,39336400
2022-05-11,251.5049591064453,260.54998779296875,0.0,271.3599853515625,259.29998779296875,265.67999267578125,0.0,48975900
2022-05-12,246.48548889160156,255.35000610351562,0.0,259.8800048828125,250.02000427246094,257.69000244140625,0.0,51033800
2022-05-13,252.0552215576172,261.1199951171875,0.0,263.0400085449219,255.35000610351562,257.3500061035156,0.0,34925100
2022-05-16,252.4220428466797,261.5,0.0,265.82000732421875,255.77999877929688,259.9599914550781,0.0,32550900
2022-05-17,257.5573425292969,266.82000732421875,0.0,268.3299865722656,262.4599914550781,266.1099853515625,0.0,28828800
2022-05-18,245.83084106445312,254.0800018310547,0.62,263.6000061035156,252.77000427246094,263.0,0.0,31356000
2022-05-19,244.92137145996094,253.13999938964844,0.0,257.6700134277344,251.8800048828125,253.89999389648438,0.0,32692300
2022-05-20,244.3601837158203,252.55999755859375,0.0,258.5400085449219,246.44000244140625,257.239990234375,0.0,39199300
2022-05-23,252.18753051757812,260.6499938964844,0.0,261.5,253.42999267578125,255.49000549316406,0.0,33175400
2022-05-24,251.19094848632812,259.6199951171875,0.0,261.3299865722656,253.5,257.8900146484375,0.0,29043900
2022-05-25,253.99681091308594,262.5199890136719,0.0,264.5799865722656,257.1300048828125,258.1400146484375,0.0,28547900
2022-05-26,257.2670593261719,265.8999938964844,0.0,267.1099853515625,261.42999267578125,262.2699890136719,0.0,25002100
2022-05-27,264.3687744140625,273.239990234375,0.0,273.3399963378906,267.55999755859375,268.4800109863281,0.0,26910800
2022-05-31,263.043212890625,271.8699951171875,0.0,274.7699890136719,268.92999267578125,272.5299987792969,0.0,37827700
2022-06-01,263.5754089355469,272.4200134277344,0.0,277.69000244140625,270.0400085449219,275.20001220703125,0.0,25292200
2022-06-02,265.665283203125,274.5799865722656,0.0,274.6499938964844,261.6000061035156,264.45001220703125,0.0,44008200
2022-06-03,261.2533264160156,270.0199890136719,0.0,273.45001220703125,268.4100036621094,270.30999755859375,0.0,28059000
2022-06-06,260.0245361328125,268.75,0.0,274.17999267578125,267.2200012207031,272.05999755859375,0.0,22400300
2022-06-07,263.6528015136719,272.5,0.0,273.1300048828125,265.94000244140625,266.6400146484375,0.0,22860700
2022-06-08,261.6306457519531,270.4100036621094,0.0,273.0,269.6099853515625,271.7099914550781,0.0,17372300
2022-06-09,256.19317626953125,264.7900085449219,0.0,272.7099914550781,264.6300048828125,267.7799987792969,0.0,26439700
2022-06-10,244.77622985839844,252.99000549316406,0.0,260.5799865722656,252.52999877929688,260.5799865722656,0.0,31422800
2022-06-13,234.39456176757812,242.25999450683594,0.0,249.02000427246094,241.52999877929688,245.11000061035156,0.0,46135800
2022-06-14,236.5521697998047,244.49000549316406,0.0,245.74000549316406,241.50999450683594,243.86000061035156,0.0,28651500
2022-06-15,243.5861358642578,251.75999450683594,0.0,255.3000030517578,246.4199981689453,248.30999755859375,0.0,33111700
2022-06-16,237.01661682128906,244.97000122070312,0.0,247.4199981689453,243.02000427246094,245.97999572753906,0.0,33169200
2022-06-17,239.6095733642578,247.64999389648438,0.0,250.5,244.02999877929688,244.6999969482422,0.0,43084800
2022-06-21,245.5018310546875,253.74000549316406,0.0,254.75,249.50999450683594,250.25999450683594,0.0,29928300
2022-06-22,244.9116668701172,253.1300048828125,0.0,257.1700134277344,250.3699951171875,251.88999938964844,0.0,25939900
2022-06-23,250.45565795898438,258.8599853515625,0.0,259.3699951171875,253.6300048828125,255.57000732421875,0.0,25861400
2022-06-24,259.0086364746094,267.70001220703125,0.0,267.9800109863281,261.7200012207031,261.80999755859375,0.0,33923200
2022-06-27,256.2899475097656,264.8900146484375,0.0,268.29998779296875,263.2799987792969,268.2099914550781,0.0,24615100
2022-06-28,248.15292358398438,256.4800109863281,0.0,266.9100036621094,256.32000732421875,263.9800109863281,0.0,27295500
2022-06-29,251.81011962890625,260.260009765625,0.0,261.9700012207031,255.75999450683594,257.5899963378906,0.0,20069800
2022-06-30,248.49151611328125,256.8299865722656,0.0,259.5299987792969,252.89999389648438,257.04998779296875,0.0,31730900
2022-07-01,251.1522674560547,259.5799865722656,0.0,259.7699890136719,254.61000061035156,256.3900146484375,0.0,22837700
2022-07-05,254.31610107421875,262.8500061035156,0.0,262.9800109863281,254.74000549316406,256.1600036621094,0.0,22941000
2022-07-06,257.5670471191406,266.2099914550781,0.0,267.989990234375,262.3999938964844,263.75,0.0,23824400
2022-07-07,259.6858825683594,268.3999938964844,0.0,269.05999755859375,265.0199890136719,265.1199951171875,0.0,20859900
2022-07-08,258.9699401855469,267.6600036621094,0.0,268.1000061035156,263.2900085449219,264.7900085449219,0.0,19658800
2022-07-11,255.9222412109375,264.510009765625,0.0,266.5299987792969,262.17999267578125,265.6499938964844,0.0,19455200
2022-07-12,245.43409729003906,253.6699981689453,0.0,265.94000244140625,252.0399932861328,265.8800048828125,0.0,35868500
2022-07-13,244.51498413085938,252.72000122070312,0.0,253.5500030517578,248.11000061035156,250.19000244140625,0.0,29497400
2022-07-14,245.83084106445312,254.0800018310547,0.0,255.13999938964844,245.94000244140625,250.57000732421875,0.0,25102800
2022-07-15,248.3851318359375,256.7200012207031,0.0,260.3699951171875,254.77000427246094,255.72000122070312,0.0,29774100
2022-07-18,245.99530029296875,254.25,0.0,260.8399963378906,253.3000030517578,259.75,0.0,20975000
2022-07-19,251.10386657714844,259.5299987792969,0.0,259.7200012207031,253.67999267578125,257.5799865722656,0.0,25012600
2022-07-20,253.7548370361328,262.2699890136719,0.0,264.8699951171875,258.9100036621094,259.8999938964844,0.0,22788300
2022-07-21,256.24151611328125,264.8399963378906,0.0,264.8900146484375,257.0299987792969,259.7900085449219,0.0,22404700
2022-07-22,251.9069061279297,260.3599853515625,0.0,265.3299865722656,259.07000732421875,265.239990234375,0.0,21881300
2022-07-25,250.4266357421875,258.8299865722656,0.0,261.5,256.80999755859375,261.0,0.0,21056000
2022-07-26,243.7216339111328,251.89999389648438,0.0,259.8800048828125,249.57000732421875,259.8599853515625,0.0,39348000
2022-07-27,260.0148620605469,268.739990234375,0.0,270.04998779296875,258.8500061035156,261.1600036621094,0.0,45994000
2022-07-28,267.4358825683594,276.4100036621094,0.0,277.8399963378906,267.8699951171875,269.75,0.0,33459300
2022-07-29,271.6252746582031,280.739990234375,0.0,282.0,276.6300048828125,277.70001220703125,0.0,32152800
2022-08-01,268.98394775390625,278.010009765625,0.0,281.2799987792969,275.8399963378906,277.82000732421875,0.0,21539600
2022-08-02,265.8974914550781,274.82000732421875,0.0,277.8900146484375,272.3800048828125,276.0,0.0,22754200
2022-08-03,273.2990417480469,282.4700012207031,0.0,283.5,276.6099853515625,276.760009765625,0.0,23518900
2022-08-04,274.4407043457031,283.6499938964844,0.0,283.79998779296875,280.1700134277344,281.79998779296875,0.0,18098700
2022-08-05,273.7248840332031,282.9100036621094,0.0,283.6499938964844,278.67999267578125,279.1499938964844,0.0,16774600
2022-08-08,271.2188720703125,280.32000732421875,0.0,285.9200134277344,279.32000732421875,284.04998779296875,0.0,18739200
2022-08-09,273.13458251953125,282.29998779296875,0.0,283.0799865722656,277.6099853515625,279.6400146484375,0.0,23405200
2022-08-10,279.7718811035156,289.1600036621094,0.0,289.80999755859375,286.94000244140625,288.1700134277344,0.0,24687800
2022-08-11,277.7013854980469,287.0199890136719,0.0,291.2099914550781,286.510009765625,290.8500061035156,0.0,20065900
2022-08-12,282.4326477050781,291.9100036621094,0.0,291.9100036621094,286.94000244140625,288.4800109863281,0.0,22619700
2022-08-15,283.94195556640625,293.4700012207031,0.0,294.17999267578125,290.1099853515625,291.0,0.0,18085700
2022-08-16,283.2066345214844,292.7099914550781,0.0,294.0400085449219,290.4200134277344,291.989990234375,0.0,18102900
2022-08-17,282.46002197265625,291.32000732421875,0.62,293.3500061035156,289.4700012207031,289.739990234375,0.0,18253400
2022-08-18,281.3449401855469,290.1700134277344,0.0,291.9100036621094,289.0799865722656,290.19000244140625,0.0,17186200
2022-08-19,277.4472961425781,286.1499938964844,0.0,289.25,285.55999755859375,288.8999938964844,0.0,20570000
2022-08-22,269.3027038574219,277.75,0.0,282.4599914550781,277.2200012207031,282.0799865722656,0.0,25061100
2022-08-23,268.0326232910156,276.44000244140625,0.0,278.8599853515625,275.3999938964844,276.44000244140625,0.0,17527400
2022-08-24,267.40240478515625,275.7900085449219,0.0,277.2300109863281,275.1099853515625,275.4100036621094,0.0,18137000
2022-08-25,270.3692626953125,278.8500061035156,0.0,279.0199890136719,274.5199890136719,277.3299865722656,0.0,16583400
2022-08-26,259.93658447265625,268.0899963378906,0.0,280.3399963378906,267.9800109863281,279.0799865722656,0.0,27549300
2022-08-29,257.1634826660156,265.2300109863281,0.0,267.3999938964844,263.8500061035156,265.8500061035156,0.0,20338500
2022-08-30,254.9722900390625,262.9700012207031,0.0,267.04998779296875,260.6600036621094,266.6700134277344,0.0,22767100
2022-08-31,253.51788330078125,261.4700012207031,0.0,267.1099853515625,261.3299865722656,265.3900146484375,0.0,24791800
2022-09-01,252.48040771484375,260.3999938964844,0.0,260.8900146484375,255.41000366210938,258.8699951171875,0.0,23263400
2022-09-02,248.27243041992188,256.05999755859375,0.0,264.739990234375,254.47000122070312,261.70001220703125,0.0,22855400
2022-09-06,245.54788208007812,253.25,0.0,257.8299865722656,251.94000244140625,256.20001220703125,0.0,21328200
2022-09-07,250.24066162109375,258.0899963378906,0.0,258.8299865722656,253.22000122070312,254.6999969482422,0.0,24126700
2022-09-08,250.65757751464844,258.5199890136719,0.0,260.42999267578125,254.7899932861328,257.510009765625,0.0,20319900
2022-09-09,256.41693115234375,264.4599914550781,0.0,265.2300109863281,260.2900085449219,260.5,0.0,22084700
2022-09-12,258.5403137207031,266.6499938964844,0.0,267.45001220703125,265.1600036621094,265.7799987792969,0.0,18747700
2022-09-13,244.3262176513672,251.99000549316406,0.0,260.3999938964844,251.58999633789062,258.8399963378906,0.0,33353300
2022-09-14,244.54920959472656,252.22000122070312,0.0,254.22999572753906,249.86000061035156,253.52999877929688,0.0,23913000
2022-09-15,237.917236328125,245.3800048828125,0.0,251.39999389648438,244.02000427246094,249.77000427246094,0.0,31530900
2022-09-16,237.2967071533203,244.74000549316406,0.0,245.3000030517578,242.05999755859375,244.25999450683594,0.0,39791800
2022-09-19,237.0833740234375,244.52000427246094,0.0,245.13999938964844,240.85000610351562,242.47000122070312,0.0,26826900
2022-09-20,235.07632446289062,242.4499969482422,0.0,243.50999450683594,239.63999938964844,242.07000732421875,0.0,26660300
2022-09-21,231.68276977539062,238.9499969482422,0.0,247.66000366210938,238.89999389648438,244.27000427246094,0.0,28625600
2022-09-22,233.65103149414062,240.97999572753906,0.0,243.86000061035156,237.57000732421875,237.8699951171875,0.0,31061200
2022-09-23,230.68409729003906,237.9199981689453,0.0,241.1300048828125,235.1999969482422,239.5399932861328,0.0,34176000
2022-09-26,230.2283935546875,237.4499969482422,0.0,241.4499969482422,236.89999389648438,237.0500030517578,0.0,27694200
2022-09-27,229.2200164794922,236.41000366210938,0.0,241.8000030517578,234.5,239.97999572753906,0.0,27018700
2022-09-28,233.73831176757812,241.07000732421875,0.0,242.3300018310547,234.72999572753906,236.80999755859375,0.0,29029700
2022-09-29,230.27685546875,237.5,0.0,239.9499969482422,234.41000366210938,238.88999938964844,0.0,27484200
2022-09-30,225.81675720214844,232.89999389648438,0.0,240.5399932861328,232.72999572753906,238.2899932861328,0.0,35694800
2022-10-03,233.4183349609375,240.74000549316406,0.0,241.61000061035156,234.66000366210938,235.41000366210938,0.0,28880400
2022-10-04,241.31080627441406,248.8800048828125,0.0,250.36000061035156,244.97999572753906,245.08999633789062,0.0,34888400
2022-10-05,241.6210479736328,249.1999969482422,0.0,250.5800018310547,244.10000610351562,245.99000549316406,0.0,20347100
2022-10-06,239.28431701660156,246.7899932861328,0.0,250.33999633789062,246.0800018310547,247.92999267578125,0.0,20239900
2022-10-07,227.11602783203125,234.24000549316406,0.0,241.32000732421875,233.1699981689453,240.89999389648438,0.0,37769600
2022-10-10,222.27777099609375,229.25,0.0,234.55999755859375,226.72999572753906,233.0500030517578,0.0,29743600
2022-10-11,218.5546112060547,225.41000366210938,0.0,229.05999755859375,224.11000061035156,227.6199951171875,0.0,30474000
2022-10-12,218.88421630859375,225.75,0.0,227.86000061035156,223.9600067138672,225.39999389648438,0.0,21903900
2022-10-13,227.11602783203125,234.24000549316406,0.0,236.10000610351562,219.1300048828125,219.85000610351562,0.0,42551800
2022-10-14,221.6087646484375,228.55999755859375,0.0,237.24000549316406,228.33999633789062,235.5399932861328,0.0,30198600
2022-10-17,230.3059539794922,237.52999877929688,0.0,238.9600067138672,235.13999938964844,235.82000732421875,0.0,28142300
2022-10-18,231.24644470214844,238.5,0.0,243.92999267578125,235.3699951171875,243.24000549316406,0.0,26329600
2022-10-19,229.28790283203125,236.47999572753906,0.0,239.61000061035156,234.2899932861328,237.0399932861328,0.0,19985700
2022-10-20,228.96791076660156,236.14999389648438,0.0,241.30999755859375,234.8699951171875,235.77000427246094,0.0,21811000
2022-10-21,234.75636291503906,242.1199951171875,0.0,243.0,234.5,234.74000549316406,0.0,26299700
2022-10-24,239.73036193847656,247.25,0.0,247.83999633789062,241.3000030517578,243.75999450683594,0.0,24911200
2022-10-25,243.03668212890625,250.66000366210938,0.0,251.0399932861328,245.8300018310547,247.25999450683594,0.0,34775500
2022-10-26,224.28489685058594,231.32000732421875,0.0,238.3000030517578,230.05999755859375,231.1699981689453,0.0,82543200
2022-10-27,219.8538055419922,226.75,0.0,233.69000244140625,225.77999877929688,231.0399932861328,0.0,40424600
2022-10-28,228.69647216796875,235.8699951171875,0.0,236.60000610351562,226.0500030517578,226.24000549316406,0.0,40647700
2022-10-31,225.07020568847656,232.1300048828125,0.0,234.9199981689453,231.14999389648438,233.75999450683594,0.0,28357300
2022-11-01,221.2306365966797,228.1699981689453,0.0,235.74000549316406,227.3300018310547,234.60000610351562,0.0,30592300
2022-11-02,213.4060821533203,220.10000610351562,0.0,231.3000030517578,220.0399932861328,229.4600067138672,0.0,38407000
2022-11-03,207.73397827148438,214.25,0.0,220.41000366210938,213.97999572753906,220.08999633789062,0.0,36633900
2022-11-04,214.6568145751953,221.38999938964844,0.0,221.58999633789062,213.42999267578125,217.5500030517578,0.0,36789100
2022-11-07,220.93975830078125,227.8699951171875,0.0,228.41000366210938,221.27999877929688,221.99000549316406,0.0,33498000
2022-11-08,221.90933227539062,228.8699951171875,0.0,231.64999389648438,225.83999633789062,228.6999969482422,0.0,28192500
2022-11-09,217.6819610595703,224.50999450683594,0.0,228.6300048828125,224.3300018310547,227.3699951171875,0.0,27852900
2022-11-10,235.59022521972656,242.97999572753906,0.0,243.3300018310547,235.0,235.42999267578125,0.0,46268000
2022-11-11,239.5946044921875,247.11000061035156,0.0,247.99000549316406,241.92999267578125,242.99000549316406,0.0,34620200
2022-11-14,234.20370483398438,241.5500030517578,0.0,243.91000366210938,239.2100067138672,241.99000549316406,0.0,31123300
2022-11-15,234.61093139648438,241.97000122070312,0.0,247.0,240.02999877929688,245.66000366210938,0.0,31390100
2022-11-16,235.03875732421875,241.72999572753906,0.68,243.8000030517578,240.4199981689453,242.7899932861328,0.0,24093300
2022-11-17,234.9901123046875,241.67999267578125,0.0,243.25,237.6300048828125,237.77999877929688,0.0,23123500
2022-11-18,234.54290771484375,241.22000122070312,0.0,243.74000549316406,239.02999877929688,243.50999450683594,0.0,27613500
2022-11-21,235.34991455078125,242.0500030517578,0.0,244.6699981689453,241.19000244140625,241.42999267578125,0.0,26394700
2022-11-22,238.24737548828125,245.02999877929688,0.0,245.30999755859375,240.7100067138672,243.58999633789062,0.0,19665700
2022-11-23,240.72683715820312,247.5800018310547,0.0,248.27999877929688,244.27000427246094,245.11000061035156,0.0,19508500
2022-11-25,240.63929748535156,247.49000549316406,0.0,248.6999969482422,246.72999572753906,247.30999755859375,0.0,9200800
2022-11-28,235.0679168701172,241.75999450683594,0.0,246.64999389648438,240.8000030517578,246.0800018310547,0.0,24778200
2022-11-29,233.67750549316406,240.3300018310547,0.0,242.7899932861328,238.2100067138672,241.39999389648438,0.0,17956300
2022-11-30,248.0775604248047,255.13999938964844,0.0,255.3300018310547,239.86000061035156,240.57000732421875,0.0,47594200
2022-12-01,247.63999938964844,254.69000244140625,0.0,256.1199951171875,250.9199981689453,253.8699951171875,0.0,26041500
2022-12-02,247.96087646484375,255.02000427246094,0.0,256.05999755859375,249.69000244140625,249.82000732421875,0.0,21528500
2022-12-05,243.27430725097656,250.1999969482422,0.0,253.82000732421875,248.05999755859375,252.00999450683594,0.0,23435300
2022-12-06,238.3349151611328,245.1199951171875,0.0,251.86000061035156,243.77999877929688,250.82000732421875,0.0,22463700
2022-12-07,237.6056671142578,244.3699951171875,0.0,246.16000366210938,242.2100067138672,244.8300018310547,0.0,20481500
2022-12-08,240.55178833007812,247.39999389648438,0.0,248.74000549316406,243.05999755859375,244.83999633789062,0.0,22611800
2022-12-09,238.6265869140625,245.4199981689453,0.0,248.30999755859375,244.16000366210938,244.6999969482422,0.0,20609700
2022-12-12,245.52035522460938,252.50999450683594,0.0,252.5399932861328,247.1699981689453,247.4499969482422,0.0,30665100
2022-12-13,249.80833435058594,256.9200134277344,0.0,263.9200134277344,253.07000732421875,261.69000244140625,0.0,42196900
2022-12-14,250.09996032714844,257.2200012207031,0.0,262.5899963378906,254.30999755859375,257.1300048828125,0.0,35410900
2022-12-15,242.11724853515625,249.00999450683594,0.0,254.1999969482422,247.33999633789062,253.72000122070312,0.0,35560400
2022-12-16,237.91683959960938,244.69000244140625,0.0,249.83999633789062,243.50999450683594,248.5500030517578,0.0,86102000
2022-12-19,233.79412841796875,240.4499969482422,0.0,245.2100067138672,238.7100067138672,244.86000061035156,0.0,29696400
2022-12-20,235.10682678222656,241.8000030517578,0.0,242.91000366210938,238.4199981689453,239.39999389648438,0.0,25150800
2022-12-21,237.6640167236328,244.42999267578125,0.0,245.6199951171875,240.11000061035156,241.69000244140625,0.0,23690600
2022-12-22,231.59674072265625,238.19000244140625,0.0,241.99000549316406,233.8699951171875,241.25999450683594,0.0,28651700
2022-12-23,232.12179565429688,238.72999572753906,0.0,238.8699951171875,233.94000244140625,236.11000061035156,0.0,21207000
2022-12-27,230.4008026123047,236.9600067138672,0.0,238.92999267578125,235.8300018310547,238.6999969482422,0.0,16688600
2022-12-28,228.0380859375,234.52999877929688,0.0,239.72000122070312,234.1699981689453,236.88999938964844,0.0,17457100
2022-12-29,234.3386688232422,241.00999450683594,0.0,241.9199981689453,235.64999389648438,235.64999389648438,0.0,19770700
2022-12-30,233.181640625,239.82000732421875,0.0,239.9600067138672,236.66000366210938,238.2100067138672,0.0,21938500
2023-01-03,232.9482421875,239.5800018310547,0.0,245.75,237.39999389648438,243.0800018310547,0.0,25740000
2023-01-04,222.7583465576172,229.10000610351562,0.0,232.8699951171875,225.9600067138672,232.27999877929688,0.0,50623400
2023-01-05,216.1562957763672,222.30999755859375,0.0,227.5500030517578,221.75999450683594,227.1999969482422,0.0,39585600
2023-01-06,218.7037811279297,224.92999267578125,0.0,225.75999450683594,219.35000610351562,223.0,0.0,43613600
2023-01-09,220.8331756591797,227.1199951171875,0.0,231.24000549316406,226.41000366210938,226.4499969482422,0.0,27369800
2023-01-10,222.51528930664062,228.85000610351562,0.0,231.30999755859375,227.3300018310547,227.75999450683594,0.0,27033900
2023-01-11,229.24374389648438,235.77000427246094,0.0,235.9499969482422,231.11000061035156,231.2899932861328,0.0,28669300
2023-01-12,231.90785217285156,238.50999450683594,0.0,239.89999389648438,233.55999755859375,235.25999450683594,0.0,27269500
2023-01-13,232.60794067382812,239.22999572753906,0.0,239.3699951171875,234.9199981689453,237.0,0.0,21333300
2023-01-17,233.69692993164062,240.35000610351562,0.0,240.91000366210938,237.08999633789062,237.97000122070312,0.0,29831300
2023-01-18,229.28262329101562,235.80999755859375,0.0,242.3800048828125,235.52000427246094,241.57000732421875,0.0,30028700
2023-01-19,225.51002502441406,231.92999267578125,0.0,235.52000427246094,230.67999267578125,233.77999877929688,0.0,28623000
2023-01-20,233.57054138183594,240.22000122070312,0.0,240.74000549316406,234.50999450683594,234.86000061035156,0.0,35389800
2023-01-23,235.86520385742188,242.5800018310547,0.0,245.1699981689453,239.64999389648438,241.10000610351562,0.0,31934000
2023-01-24,235.34014892578125,242.0399932861328,0.0,243.9499969482422,240.44000244140625,242.5,0.0,40234400
2023-01-25,233.94973754882812,240.61000061035156,0.0,243.3000030517578,230.89999389648438,234.47999572753906,0.0,66526600
2023-01-26,241.1351776123047,248.0,0.0,248.30999755859375,242.0,243.64999389648438,0.0,33454500
2023-01-27,241.29075622558594,248.16000366210938,0.0,249.8300018310547,246.8300018310547,248.99000549316406,0.0,26498900
2023-01-30,235.9916229248047,242.7100067138672,0.0,245.60000610351562,242.1999969482422,244.50999450683594,0.0,25867400
2023-01-31,240.95046997070312,247.80999755859375,0.0,247.9499969482422,242.9499969482422,243.4499969482422,0.0,26541100
2023-02-01,245.7537078857422,252.75,0.0,255.17999267578125,245.47000122070312,248.0,0.0,31259900
2023-02-02,257.2757263183594,264.6000061035156,0.0,264.69000244140625,257.25,258.82000732421875,0.0,39940400
2023-02-03,251.19866943359375,258.3500061035156,0.0,264.20001220703125,257.1000061035156,259.5400085449219,0.0,29077300
2023-02-06,249.66241455078125,256.7699890136719,0.0,258.29998779296875,254.77999877929688,257.44000244140625,0.0,22518000
2023-02-07,260.1537780761719,267.55999755859375,0.0,268.7699890136719,260.0799865722656,260.5299987792969,0.0,50841400
2023-02-08,259.34674072265625,266.7300109863281,0.0,276.760009765625,266.2099914550781,273.20001220703125,0.0,54686000
2023-02-09,256.3228454589844,263.6199951171875,0.0,273.9800109863281,262.79998779296875,273.79998779296875,0.0,42375100
2023-02-10,255.81719970703125,263.1000061035156,0.0,264.0899963378906,260.6600036621094,261.5299987792969,0.0,25818500
2023-02-13,263.8097229003906,271.32000732421875,0.0,274.6000061035156,267.1499938964844,267.6400146484375,0.0,44630900
2023-02-14,264.63616943359375,272.1700134277344,0.0,274.9700012207031,269.2799987792969,272.6700134277344,0.0,37047900
2023-02-15,262.52099609375,269.32000732421875,0.68,270.7300109863281,266.17999267578125,268.32000732421875,0.0,28922400
2023-02-16,255.53189086914062,262.1499938964844,0.0,266.739990234375,261.8999938964844,264.0199890136719,0.0,29603600
2023-02-17,251.54519653320312,258.05999755859375,0.0,260.0899963378906,256.0,259.3900146484375,0.0,30000100
2023-02-21,246.29127502441406,252.6699981689453,0.0,255.49000549316406,251.58999633789062,254.47999572753906,0.0,28397400
2023-02-22,245.16053771972656,251.50999450683594,0.0,254.33999633789062,250.33999633789062,254.08999633789062,0.0,22491100
2023-02-23,248.3382568359375,254.77000427246094,0.0,256.8399963378906,250.47999572753906,255.55999755859375,0.0,29219100
2023-02-24,242.92837524414062,249.22000122070312,0.0,251.0,248.10000610351562,249.9600067138672,0.0,24990900
2023-02-27,243.8446044921875,250.16000366210938,0.0,252.82000732421875,249.38999938964844,252.4600067138672,0.0,21190000
2023-02-28,243.12330627441406,249.4199981689453,0.0,251.49000549316406,248.72999572753906,249.07000732421875,0.0,22491000
2023-03-01,240.0528106689453,246.27000427246094,0.0,250.92999267578125,245.7899932861328,250.75999450683594,0.0,27565300
2023-03-02,244.77066040039062,251.11000061035156,0.0,251.39999389648438,245.61000061035156,246.5500030517578,0.0,24808200
2023-03-03,248.84510803222656,255.2899932861328,0.0,255.6199951171875,251.38999938964844,252.19000244140625,0.0,30760100
2023-03-06,250.38525390625,256.8699951171875,0.0,260.1199951171875,255.97999572753906,256.42999267578125,0.0,24109800
2023-03-07,247.73387145996094,254.14999389648438,0.0,257.69000244140625,253.38999938964844,256.29998779296875,0.0,21473200
2023-03-08,247.29525756835938,253.6999969482422,0.0,254.5399932861328,250.80999755859375,254.0399932861328,0.0,17340200
2023-03-09,245.95010375976562,252.32000732421875,0.0,259.55999755859375,251.5800018310547,255.82000732421875,0.0,26653400
2023-03-10,242.31423950195312,248.58999633789062,0.0,252.7899932861328,247.60000610351562,251.0800018310547,0.0,28333900
2023-03-13,247.5097198486328,253.9199981689453,0.0,257.9100036621094,245.72999572753906,247.39999389648438,0.0,33339700
2023-03-14,254.20632934570312,260.7900085449219,0.0,261.07000732421875,255.86000061035156,256.75,0.0,33620300
2023-03-15,258.7388916015625,265.44000244140625,0.0,266.4800109863281,259.2099914550781,259.9800109863281,0.0,46028000
2023-03-16,269.2272033691406,276.20001220703125,0.0,276.55999755859375,263.2799987792969,265.2099914550781,0.0,54768800
2023-03-17,272.3757019042969,279.42999267578125,0.0,283.3299865722656,276.32000732421875,278.260009765625,0.0,69527400
2023-03-20,265.3574523925781,272.2300109863281,0.0,277.4800109863281,269.8500061035156,276.9800109863281,0.0,43466600
2023-03-21,266.86834716796875,273.7799987792969,0.0,275.0,269.5199890136719,274.8800048828125,0.0,34558700
2023-03-22,265.4159851074219,272.2900085449219,0.0,281.0400085449219,272.17999267578125,273.3999938964844,0.0,34873300
2023-03-23,270.6503601074219,277.6600036621094,0.0,281.05999755859375,275.20001220703125,277.94000244140625,0.0,36610900
2023-03-24,273.4869689941406,280.57000732421875,0.0,280.6300048828125,275.2799987792969,277.239990234375,0.0,28172000
2023-03-27,269.4027099609375,276.3800048828125,0.0,281.4599914550781,275.5199890136719,280.5,0.0,26840200
2023-03-28,268.2817687988281,275.2300109863281,0.0,276.1400146484375,272.04998779296875,275.7900085449219,0.0,21878600
2023-03-29,273.428466796875,280.510009765625,0.0,281.1400146484375,278.4100036621094,278.9599914550781,0.0,25087000
2023-03-30,276.8790283203125,284.04998779296875,0.0,284.4599914550781,281.4800109863281,284.2300109863281,0.0,25053400
2023-03-31,281.021728515625,288.29998779296875,0.0,289.2699890136719,283.0,283.7300109863281,0.0,32766000
2023-04-03,279.97882080078125,287.2300109863281,0.0,288.2699890136719,283.95001220703125,286.5199890136719,0.0,24883300
2023-04-04,279.9300537109375,287.17999267578125,0.0,290.45001220703125,285.6700134277344,287.2300109863281,0.0,25824300
2023-04-05,277.1617431640625,284.3399963378906,0.0,287.1499938964844,282.9200134277344,285.8500061035156,0.0,22064800
2023-04-06,284.23846435546875,291.6000061035156,0.0,292.0799865722656,282.0299987792969,283.2099914550781,0.0,29770300
2023-04-10,282.0842590332031,289.3900146484375,0.0,289.6000061035156,284.7099914550781,289.2099914550781,0.0,23103000
2023-04-11,275.6898498535156,282.8299865722656,0.0,285.9800109863281,281.6400146484375,285.75,0.0,27276600
2023-04-12,276.33319091796875,283.489990234375,0.0,287.010009765625,281.9599914550781,284.7900085449219,0.0,27403400
2023-04-13,282.5229797363281,289.8399963378906,0.0,289.8999938964844,283.1700134277344,283.5899963378906,0.0,24222700
2023-04-14,278.91632080078125,286.1400146484375,0.0,288.4800109863281,283.69000244140625,287.0,0.0,20987900
2023-04-17,281.5091552734375,288.79998779296875,0.0,291.6000061035156,286.1600036621094,289.92999267578125,0.0,23836200
2023-04-18,281.0899658203125,288.3699951171875,0.0,291.760009765625,287.010009765625,291.57000732421875,0.0,20161800
2023-04-19,281.16802978515625,288.45001220703125,0.0,289.04998779296875,284.5400085449219,285.989990234375,0.0,17150300
2023-04-20,278.8870544433594,286.1099853515625,0.0,289.0299987792969,285.0799865722656,285.25,0.0,23244400
2023-04-21,278.5458679199219,285.760009765625,0.0,286.2699890136719,283.05999755859375,285.010009765625,0.0,21676400
2023-04-24,274.6566162109375,281.7699890136719,0.0,284.95001220703125,278.7200012207031,282.0899963378906,0.0,26611000
2023-04-25,268.4669189453125,275.4200134277344,0.0,281.6000061035156,275.3699951171875,279.510009765625,0.0,45772200
2023-04-26,287.913330078125,295.3699951171875,0.0,299.57000732421875,292.7300109863281,296.70001220703125,0.0,64599200
2023-04-27,297.13446044921875,304.8299865722656,0.0,305.20001220703125,295.25,295.9700012207031,0.0,46462600
2023-04-28,299.5031433105469,307.260009765625,0.0,308.92999267578125,303.30999755859375,304.010009765625,0.0,36469600
2023-05-01,297.8460388183594,305.55999755859375,0.0,308.6000061035156,305.1499938964844,306.9700012207031,0.0,21294100
2023-05-02,297.69976806640625,305.4100036621094,0.0,309.17999267578125,303.9100036621094,307.760009765625,0.0,26404400
2023-05-03,296.71533203125,304.3999938964844,0.0,308.6099853515625,304.0899963378906,306.6199951171875,0.0,22360800
2023-05-04,297.69976806640625,305.4100036621094,0.0,307.760009765625,303.3999938964844,306.239990234375,0.0,22519900
2023-05-05,302.8075866699219,310.6499938964844,0.0,311.9700012207031,304.2699890136719,305.7200012207031,0.0,28197100
2023-05-08,300.8580017089844,308.6499938964844,0.0,310.20001220703125,306.0899963378906,310.1300048828125,0.0,21318600
2023-05-09,299.2496337890625,307.0,0.0,310.0400085449219,306.30999755859375,308.0,0.0,21340800
2023-05-10,304.4256591796875,312.30999755859375,0.0,313.0,307.6700134277344,308.6199951171875,0.0,30078000
2023-05-11,302.2811279296875,310.1099853515625,0.0,311.1199951171875,306.260009765625,310.1000061035156,0.0,31680200
2023-05-12,301.1698913574219,308.9700012207031,0.0,310.6499938964844,306.6000061035156,310.54998779296875,0.0,19774700
2023-05-15,301.6475830078125,309.4599914550781,0.0,309.8999938964844,307.5899963378906,309.1000061035156,0.0,16336500
2023-05-16,303.8700256347656,311.739990234375,0.0,313.7099914550781,309.8299865722656,309.8299865722656,0.0,26730300
2023-05-17,306.7420959472656,314.0,0.68,314.42999267578125,310.739990234375,312.2900085449219,0.0,24315000
2023-05-18,311.1575927734375,318.5199890136719,0.0,319.0400085449219,313.7200012207031,314.5299987792969,0.0,27276000
2023-05-19,310.9818115234375,318.3399963378906,0.0,318.75,316.3699951171875,316.739990234375,0.0,27546700
2023-05-22,313.756103515625,321.17999267578125,0.0,322.5899963378906,318.010009765625,318.6000061035156,0.0,24115700
2023-05-23,307.9729309082031,315.260009765625,0.0,322.7200012207031,315.25,320.0299987792969,0.0,30797200
2023-05-24,306.5955505371094,313.8500061035156,0.0,316.5,312.6099853515625,314.7300109863281,0.0,23384900
2023-05-25,318.3865051269531,325.9200134277344,0.0,326.8999938964844,320.0,323.239990234375,0.0,43301700
2023-05-26,325.1954040527344,332.8900146484375,0.0,333.3999938964844,323.8800048828125,324.0199890136719,0.0,36630600
2023-05-30,323.5542297363281,331.2099914550781,0.0,335.739990234375,330.5199890136719,335.2300109863281,0.0,29503100
2023-05-31,320.79949951171875,328.3900146484375,0.0,335.94000244140625,327.3299865722656,332.2900085449219,0.0,45950600
2023-06-01,324.892578125,332.5799865722656,0.0,333.5299987792969,324.7200012207031,325.92999267578125,0.0,26773900
2023-06-02,327.6474914550781,335.3999938964844,0.0,337.5,332.54998779296875,334.25,0.0,25873800
2023-06-05,328.1749267578125,335.94000244140625,0.0,338.55999755859375,334.6600036621094,335.2200012207031,0.0,21307100
2023-06-06,325.9671936035156,333.67999267578125,0.0,335.3699951171875,332.1700134277344,335.3299865722656,0.0,20396200
2023-06-07,315.9052429199219,323.3800048828125,0.0,334.489990234375,322.5,331.6499938964844,0.0,40717100
2023-06-08,317.74176025390625,325.260009765625,0.0,326.6400146484375,323.3500061035156,323.94000244140625,0.0,23277700
2023-06-09,319.2364196777344,326.7900085449219,0.0,329.989990234375,324.4100036621094,324.989990234375,0.0,22529000
2023-06-12,324.17950439453125,331.8500061035156,0.0,332.1000061035156,325.1600036621094,328.5799865722656,0.0,24260300
2023-06-13,326.56304931640625,334.2900085449219,0.0,336.9800109863281,330.3900146484375,334.4700012207031,0.0,22951300
2023-06-14,329.5426025390625,337.3399963378906,0.0,339.0400085449219,332.80999755859375,334.3399963378906,0.0,26003800
2023-06-15,340.05389404296875,348.1000061035156,0.0,349.8399963378906,337.20001220703125,337.4800109863281,0.0,38899100
2023-06-16,334.417236328125,342.3299865722656,0.0,351.4700012207031,341.95001220703125,351.32000732421875,0.0,46552000
2023-06-20,330.2361755371094,338.04998779296875,0.0,342.0799865722656,335.8599853515625,339.30999755859375,0.0,26375400
2023-06-21,325.8499450683594,333.55999755859375,0.0,337.7300109863281,332.07000732421875,336.3699951171875,0.0,25117800
2023-06-22,331.8578186035156,339.7099914550781,0.0,340.1199951171875,333.3399963378906,334.1199951171875,0.0,23556800
2023-06-23,327.2762145996094,335.0199890136719,0.0,337.9599914550781,333.45001220703125,334.3599853515625,0.0,23146900
2023-06-26,321.00457763671875,328.6000061035156,0.0,336.1099853515625,328.489990234375,333.7200012207031,0.0,21520600
2023-06-27,326.8365783691406,334.57000732421875,0.0,336.1499938964844,329.29998779296875,331.8599853515625,0.0,24354100
2023-06-28,328.0870666503906,335.8500061035156,0.0,337.9800109863281,333.80999755859375,334.6600036621094,0.0,20259500
2023-06-29,327.3055114746094,335.04998779296875,0.0,336.1099853515625,332.6199951171875,334.7099914550781,0.0,16997000
2023-06-30,332.668701171875,340.5400085449219,0.0,342.7300109863281,337.20001220703125,337.75,0.0,26832800
2023-07-03,330.17755126953125,337.989990234375,0.0,340.8999938964844,336.57000732421875,339.19000244140625,0.0,12508700
2023-07-05,330.3338317871094,338.1499938964844,0.0,341.6499938964844,334.7300109863281,335.0899963378906,0.0,18172400
2023-07-06,333.38177490234375,341.2699890136719,0.0,342.989990234375,335.5,337.29998779296875,0.0,28161200
2023-07-07,329.4253234863281,337.2200012207031,0.0,341.7900085449219,337.0,339.32000732421875,0.0,21214800
2023-07-10,324.1599426269531,331.8299865722656,0.0,335.2300109863281,327.5899963378906,334.6000061035156,0.0,32791400
2023-07-11,324.7851867675781,332.4700012207031,0.0,332.8599853515625,327.0,331.05999755859375,0.0,26698200
2023-07-12,329.4057922363281,337.20001220703125,0.0,341.6499938964844,335.6700134277344,336.6000061035156,0.0,29995300
2023-07-13,334.7396240234375,342.6600036621094,0.0,343.739990234375,339.0199890136719,339.55999755859375,0.0,20567200
2023-07-14,337.2599182128906,345.239990234375,0.0,351.42999267578125,344.30999755859375,347.5899963378906,0.0,28352700
2023-07-17,337.7386169433594,345.7300109863281,0.0,346.989990234375,342.20001220703125,345.67999267578125,0.0,20363900
2023-07-18,351.1805419921875,359.489990234375,0.0,366.7799987792969,342.1700134277344,345.8299865722656,0.0,64738600
2023-07-19,346.87249755859375,355.0799865722656,0.0,362.4599914550781,352.44000244140625,361.75,0.0,39732900
2023-07-20,338.85223388671875,346.8699951171875,0.0,357.9700012207031,345.3699951171875,353.57000732421875,0.0,33778400
2023-07-21,335.8239440917969,343.7699890136719,0.0,350.29998779296875,339.8299865722656,349.1499938964844,0.0,69405400
2023-07-24,337.13299560546875,345.1099853515625,0.0,346.9200134277344,342.30999755859375,345.8500061035156,0.0,26678100
2023-07-25,342.8673095703125,350.9800109863281,0.0,351.8900146484375,345.07000732421875,347.1099853515625,0.0,41637700
2023-07-26,329.9625549316406,337.7699890136719,0.0,344.6700134277344,333.1099853515625,341.44000244140625,0.0,58383700
2023-07-27,323.0755920410156,330.7200012207031,0.0,341.3299865722656,329.04998779296875,340.4800109863281,0.0,39635300
2023-07-28,330.5487365722656,338.3699951171875,0.0,340.010009765625,333.1700134277344,333.6700134277344,0.0,28484900
2023-07-31,328.15545654296875,335.9200134277344,0.0,337.70001220703125,333.3599853515625,336.9200134277344,0.0,25446000
2023-08-01,328.56573486328125,336.3399963378906,0.0,338.5400085449219,333.70001220703125,335.19000244140625,0.0,18311900
2023-08-02,319.9300231933594,327.5,0.0,333.6300048828125,326.3599853515625,333.6300048828125,0.0,27761300
2023-08-03,319.10943603515625,326.6600036621094,0.0,329.8800048828125,325.95001220703125,326.0,0.0,18253700
2023-08-04,320.20355224609375,327.7799987792969,0.0,335.1400146484375,327.239990234375,331.8800048828125,0.0,23741500
2023-08-07,322.4796447753906,330.1099853515625,0.0,331.1099853515625,327.5199890136719,328.3699951171875,0.0,17741500
2023-08-08,318.5135498046875,326.04998779296875,0.0,328.75,323.0,326.9599914550781,0.0,22327600
2023-08-09,314.7818603515625,322.2300109863281,0.0,327.1099853515625,321.04998779296875,326.4700012207031,0.0,22373300
2023-08-10,315.46563720703125,322.92999267578125,0.0,328.260009765625,321.17999267578125,326.0199890136719,0.0,20113700
2023-08-11,313.5899658203125,321.010009765625,0.0,322.4100036621094,319.2099914550781,320.260009765625,0.0,24355500
2023-08-14,316.54998779296875,324.0400085449219,0.0,324.05999755859375,320.0799865722656,321.3900146484375,0.0,18836100
2023-08-15,314.42034912109375,321.8599853515625,0.0,325.0899963378906,320.8999938964844,323.0,0.0,16966300
2023-08-16,313.65679931640625,320.3999938964844,0.68,324.4200134277344,319.79998779296875,320.79998779296875,0.0,20698900
2023-08-17,310.21087646484375,316.8800048828125,0.0,321.8699951171875,316.2099914550781,320.5400085449219,0.0,21257200
2023-08-18,309.8193359375,316.4800109863281,0.0,318.3800048828125,311.54998779296875,314.489990234375,0.0,24755000
2023-08-21,315.1056823730469,321.8800048828125,0.0,322.7699890136719,317.0400085449219,317.92999267578125,0.0,24040000
2023-08-22,315.6734313964844,322.4599914550781,0.0,326.0799865722656,321.4599914550781,325.5,0.0,16084600
2023-08-23,320.1179504394531,327.0,0.0,329.20001220703125,323.4599914550781,323.82000732421875,0.0,21166400
2023-08-24,313.2358703613281,319.9700012207031,0.0,332.9800109863281,319.9599914550781,332.8500061035156,0.0,23281400
2023-08-25,316.18255615234375,322.9800109863281,0.0,325.3599853515625,318.79998779296875,321.4700012207031,0.0,21684100
2023-08-28,316.88739013671875,323.70001220703125,0.0,326.1499938964844,321.7200012207031,325.6600036621094,0.0,14808500
2023-08-29,321.49822998046875,328.4100036621094,0.0,328.9800109863281,321.8800048828125,321.8800048828125,0.0,19284600
2023-08-30,321.8702392578125,328.7900085449219,0.0,329.80999755859375,326.45001220703125,328.6700134277344,0.0,15222100
2023-08-31,320.8619079589844,327.760009765625,0.0,330.9100036621094,326.7799987792969,329.20001220703125,0.0,26411000
2023-09-01,321.74298095703125,328.6600036621094,0.0,331.989990234375,326.7799987792969,331.30999755859375,0.0,14942000
2023-09-05,326.5300598144531,333.54998779296875,0.0,334.8500061035156,328.6600036621094,329.0,0.0,18553900
2023-09-06,325.8741149902344,332.8800048828125,0.0,334.4599914550781,330.17999267578125,333.3800048828125,0.0,17535800
2023-09-07,322.9666442871094,329.9100036621094,0.0,333.0799865722656,329.0299987792969,331.2900085449219,0.0,18381000
2023-09-08,327.23486328125,334.2699890136719,0.0,336.1600036621094,329.4599914550781,330.0899963378906,0.0,19530100
2023-09-11,330.82763671875,337.94000244140625,0.0,338.4200134277344,335.42999267578125,337.239990234375,0.0,16583300
2023-09-12,324.78753662109375,331.7699890136719,0.0,336.7900085449219,331.4800109863281,335.82000732421875,0.0,17565500
2023-09-13,328.9871826171875,336.05999755859375,0.0,336.8500061035156,331.1700134277344,331.30999755859375,0.0,16544400
2023-09-14,331.57171630859375,338.70001220703125,0.0,340.8599853515625,336.57000732421875,339.1499938964844,0.0,20267000
2023-09-15,323.2701721191406,330.2200012207031,0.0,337.3999938964844,329.6499938964844,336.9200134277344,0.0,37679800
2023-09-18,322.134521484375,329.05999755859375,0.0,330.3999938964844,326.3599853515625,327.79998779296875,0.0,16834200
2023-09-19,321.7331848144531,328.6499938964844,0.0,329.3900146484375,324.510009765625,326.1700134277344,0.0,16505900
2023-09-20,314.0190124511719,320.7699890136719,0.0,329.5899963378906,320.510009765625,329.510009765625,0.0,21436500
2023-09-21,312.8051452636719,319.5299987792969,0.0,325.3500061035156,315.0,319.260009765625,0.0,35560400
2023-09-22,310.3382263183594,317.010009765625,0.0,321.45001220703125,316.1499938964844,321.32000732421875,0.0,21447900
2023-09-25,310.8570251464844,317.5400085449219,0.0,317.6700134277344,315.0,316.5899963378906,0.0,17836000
2023-09-26,305.57073974609375,312.1400146484375,0.0,315.8800048828125,310.0199890136719,315.1300048828125,0.0,26297600
2023-09-27,306.2070007324219,312.7900085449219,0.0,314.29998779296875,309.69000244140625,312.29998779296875,0.0,19410100
2023-09-28,307.0391540527344,313.6400146484375,0.0,315.4800109863281,309.45001220703125,310.989990234375,0.0,19683600
2023-09-29,309.1046142578125,315.75,0.0,319.4700012207031,314.9800109863281,317.75,0.0,24147300
2023-10-02,315.0273132324219,321.79998779296875,0.0,321.8900146484375,315.17999267578125,316.2799987792969,0.0,20570000
2023-10-03,306.79437255859375,313.3900146484375,0.0,321.3900146484375,311.2099914550781,320.8299865722656,0.0,21033500
2023-10-04,312.2471008300781,318.9599914550781,0.0,320.0400085449219,314.0,314.0299987792969,0.0,20720100
2023-10-05,312.638671875,319.3599853515625,0.0,319.9800109863281,314.8999938964844,319.0899963378906,0.0,16965600
2023-10-06,320.3724670410156,327.260009765625,0.0,329.19000244140625,316.29998779296875,316.54998779296875,0.0,25673600
2023-10-09,322.8785400390625,329.82000732421875,0.0,330.29998779296875,323.17999267578125,324.75,0.0,19891200
2023-10-10,321.4786682128906,328.3900146484375,0.0,331.1000061035156,327.6700134277344,330.9599914550781,0.0,20557100
2023-10-11,325.4237976074219,332.4200134277344,0.0,332.82000732421875,329.1400146484375,331.2099914550781,0.0,20063200
2023-10-12,324.19036865234375,331.1600036621094,0.0,333.6300048828125,328.7200012207031,330.57000732421875,0.0,19313100
2023-10-13,320.8325500488281,327.7300109863281,0.0,333.8299865722656,326.3599853515625,332.3800048828125,0.0,21072400
2023-10-16,325.6391906738281,332.6400146484375,0.0,336.1400146484375,330.6000061035156,331.04998779296875,0.0,22158000
2023-10-17,325.0714111328125,332.05999755859375,0.0,333.4599914550781,327.4100036621094,329.5899963378906,0.0,18338500
2023-10-18,323.1624450683594,330.1099853515625,0.0,335.5899963378906,328.29998779296875,332.489990234375,0.0,23153600
2023-10-19,324.34698486328125,331.32000732421875,0.0,336.8800048828125,330.9100036621094,332.1499938964844,0.0,25052100
2023-10-20,319.79486083984375,326.6700134277344,0.0,331.9200134277344,325.45001220703125,331.7200012207031,0.0,25027700
2023-10-23,322.3891296386719,329.32000732421875,0.0,332.7300109863281,324.3900146484375,325.4700012207031,0.0,24374700
2023-10-24,323.5735778808594,330.5299987792969,0.0,331.8399963378906,327.6000061035156,331.29998779296875,0.0,31153600
2023-10-25,333.500244140625,340.6700134277344,0.0,346.20001220703125,337.6199951171875,345.0199890136719,0.0,55053800
2023-10-26,320.9891357421875,327.8900146484375,0.0,341.6300048828125,326.94000244140625,340.5400085449219,0.0,37828500
2023-10-27,322.8688049316406,329.80999755859375,0.0,336.7200012207031,328.3999938964844,330.42999267578125,0.0,29856500
2023-10-30,330.2109375,337.30999755859375,0.0,339.45001220703125,331.8299865722656,333.4100036621094,0.0,22828100
2023-10-31,330.9941101074219,338.1099853515625,0.0,339.0,334.69000244140625,338.8500061035156,0.0,20265300
2023-11-01,338.7865295410156,346.07000732421875,0.0,347.4200134277344,339.6499938964844,339.7900085449219,0.0,28158800
2023-11-02,340.98919677734375,348.32000732421875,0.0,348.8299865722656,344.7699890136719,347.239990234375,0.0,24348100
2023-11-03,345.3748474121094,352.79998779296875,0.0,354.3900146484375,347.3299865722656,349.6300048828125,0.0,23637700
2023-11-06,349.02642822265625,356.5299987792969,0.0,357.5400085449219,353.3500061035156,353.45001220703125,0.0,23828300
2023-11-07,352.94219970703125,360.5299987792969,0.0,362.4599914550781,357.6300048828125,359.3999938964844,0.0,25833900
2023-11-08,355.5559997558594,363.20001220703125,0.0,363.8699951171875,360.54998779296875,361.67999267578125,0.0,26767800
2023-11-09,353.0989074707031,360.69000244140625,0.0,364.7900085449219,360.3599853515625,362.29998779296875,0.0,24847300
2023-11-10,361.8899230957031,369.6700134277344,0.0,370.1000061035156,361.07000732421875,361.489990234375,0.0,28042100
2023-11-13,358.9627990722656,366.67999267578125,0.0,368.4700012207031,365.8999938964844,368.2200012207031,0.0,19986500
2023-11-14,362.4772033691406,370.2699890136719,0.0,371.95001220703125,367.3500061035156,371.010009765625,0.0,27683900
2023-11-15,362.6243896484375,369.6700134277344,0.75,373.1300048828125,367.1099853515625,371.2799987792969,0.0,26860100
2023-11-16,369.0005187988281,376.1700134277344,0.0,376.3500061035156,370.17999267578125,370.9599914550781,0.0,27182300
2023-11-17,362.8009948730469,369.8500061035156,0.0,374.3699951171875,367.0,373.6099853515625,0.0,40157000
2023-11-20,370.2463073730469,377.44000244140625,0.0,378.8699951171875,371.0,371.2200012207031,0.0,52465100
2023-11-21,365.9596252441406,373.07000732421875,0.0,376.2200012207031,371.1199951171875,375.6700134277344,0.0,28423100
2023-11-22,370.6485290527344,377.8500061035156,0.0,379.7900085449219,374.9700012207031,378.0,0.0,23345300
2023-11-24,370.2364807128906,377.42999267578125,0.0,377.9700012207031,375.1400146484375,377.3299865722656,0.0,10176600
2023-11-27,371.39398193359375,378.6099853515625,0.0,380.6400146484375,376.20001220703125,376.7799987792969,0.0,22179200
2023-11-28,375.40606689453125,382.70001220703125,0.0,383.0,378.1600036621094,378.3500061035156,0.0,20453100
2023-11-29,371.6294250488281,378.8500061035156,0.0,384.29998779296875,377.44000244140625,383.760009765625,0.0,28963400
2023-11-30,371.6882629394531,378.9100036621094,0.0,380.0899963378906,375.4700012207031,378.489990234375,0.0,30554400
2023-12-01,367.37213134765625,374.510009765625,0.0,378.1600036621094,371.30999755859375,376.760009765625,0.0,33040500
2023-12-04,362.1045227050781,369.1400146484375,0.0,369.5199890136719,362.8999938964844,369.1000061035156,0.0,32063300
2023-12-05,365.4200439453125,372.5199890136719,0.0,373.0799865722656,365.6199951171875,366.45001220703125,0.0,23065000
2023-12-06,361.77099609375,368.79998779296875,0.0,374.17999267578125,368.0299987792969,373.5400085449219,0.0,21182100
2023-12-07,363.8799743652344,370.95001220703125,0.0,371.45001220703125,366.32000732421875,368.2300109863281,0.0,23118900
2023-12-08,367.0975036621094,374.2300109863281,0.0,374.4599914550781,368.2300109863281,369.20001220703125,0.0,20154400
2023-12-11,364.22332763671875,371.29998779296875,0.0,371.6000061035156,366.1000061035156,368.4800109863281,0.0,27708800
2023-12-12,367.2445983886719,374.3800048828125,0.0,374.4200134277344,370.4599914550781,370.8500061035156,0.0,24838300
2023-12-13,367.2348327636719,374.3699951171875,0.0,377.6400146484375,370.7699890136719,376.0199890136719,0.0,30955500
2023-12-14,358.9556579589844,365.92999267578125,0.0,373.760009765625,364.1300048828125,373.30999755859375,0.0,43277500
2023-12-15,363.6642150878906,370.7300109863281,0.0,372.3999938964844,366.2799987792969,366.8500061035156,0.0,78502300
2023-12-18,365.547607421875,372.6499938964844,0.0,373.0,368.67999267578125,369.45001220703125,0.0,21802900
2023-12-19,366.1459655761719,373.260009765625,0.0,373.260009765625,369.8399963378906,371.489990234375,0.0,20603700
2023-12-20,363.5562744140625,370.6199951171875,0.0,376.0299987792969,370.5299987792969,375.0,0.0,26316700
2023-12-21,366.4206237792969,373.5400085449219,0.0,374.4100036621094,370.0400085449219,372.55999755859375,0.0,17708000
2023-12-22,367.4407653808594,374.5799865722656,0.0,375.17999267578125,372.7099914550781,373.67999267578125,0.0,17107500
2023-12-26,367.519287109375,374.6600036621094,0.0,376.94000244140625,373.5,375.0,0.0,12673100
2023-12-27,366.94049072265625,374.07000732421875,0.0,375.05999755859375,372.80999755859375,373.69000244140625,0.0,14905400
2023-12-28,368.1274719238281,375.2799987792969,0.0,376.4599914550781,374.1600036621094,375.3699951171875,0.0,14327000
2023-12-29,368.87298583984375,376.0400085449219,0.0,377.1600036621094,373.4800109863281,376.0,0.0,18730800
2024-01-02,363.801513671875,370.8699951171875,0.0,375.8999938964844,366.7699890136719,373.8599853515625,0.0,25258600
2024-01-03,363.5366516113281,370.6000061035156,0.0,373.260009765625,368.510009765625,369.010009765625,0.0,23083500
2024-01-04,360.9273376464844,367.94000244140625,0.0,373.1000061035156,367.1700134277344,370.6700134277344,0.0,20901500
2024-01-05,360.740966796875,367.75,0.0,372.05999755859375,366.5,368.9700012207031,0.0,21004600
2024-01-08,367.5487060546875,374.69000244140625,0.0,375.20001220703125,369.010009765625,369.29998779296875,0.0,23134000
2024-01-09,368.6277160644531,375.7900085449219,0.0,375.989990234375,371.19000244140625,372.010009765625,0.0,20830000
2024-01-10,375.4747009277344,382.7699890136719,0.0,384.1700134277344,376.32000732421875,376.3699951171875,0.0,25514200
2024-01-11,377.29925537109375,384.6300048828125,0.0,390.67999267578125,380.3800048828125,386.0,0.0,27850800
2024-01-12,381.0660400390625,388.4700012207031,0.0,388.67999267578125,384.6499938964844,385.489990234375,0.0,21661200
2024-01-16,382.8317565917969,390.2699890136719,0.0,394.0299987792969,387.6199951171875,393.6600036621094,0.0,27202300
2024-01-17,382.0469970703125,389.4700012207031,0.0,390.1099853515625,384.80999755859375,387.9800109863281,0.0,22234100
2024-01-18,386.3630676269531,393.8699951171875,0.0,393.989990234375,390.1199951171875,391.7200012207031,0.0,23392100
2024-01-19,391.0716247558594,398.6700134277344,0.0,398.6700134277344,393.5,395.760009765625,0.0,29331100
2024-01-22,388.952880859375,396.510009765625,0.0,400.6199951171875,393.5899963378906,400.0199890136719,0.0,27016900
2024-01-23,391.2972717285156,398.8999938964844,0.0,399.3800048828125,393.92999267578125,395.75,0.0,20525900
2024-01-24,394.8875732421875,402.55999755859375,0.0,405.6300048828125,400.45001220703125,401.5400085449219,0.0,24867000
2024-01-25,397.1534729003906,404.8699951171875,0.0,407.010009765625,402.5299987792969,404.32000732421875,0.0,21021200
2024-01-26,396.2313537597656,403.92999267578125,0.0,406.1700134277344,402.42999267578125,404.3699951171875,0.0,17803300
2024-01-29,401.9110412597656,409.7200012207031,0.0,409.9800109863281,404.3299865722656,406.05999755859375,0.0,24510200
2024-01-30,400.8026428222656,408.5899963378906,0.0,413.04998779296875,406.45001220703125,412.260009765625,0.0,33477600
2024-01-31,390.0024108886719,397.5799865722656,0.0,415.32000732421875,397.2099914550781,406.9599914550781,0.0,47871100
2024-02-01,396.08428955078125,403.7799987792969,0.0,408.0,401.79998779296875,401.8299865722656,0.0,30657700
2024-02-02,403.3824462890625,411.2200012207031,0.0,412.6499938964844,403.55999755859375,403.80999755859375,0.0,28256700
2024-02-05,397.9185791015625,405.6499938964844,0.0,411.1600036621094,403.989990234375,409.8999938964844,0.0,25352300
2024-02-06,397.7616882324219,405.489990234375,0.0,407.9700012207031,402.9100036621094,405.8800048828125,0.0,18382600
2024-02-07,406.1585388183594,414.04998779296875,0.0,414.29998779296875,407.3999938964844,407.44000244140625,0.0,22340500
2024-02-08,406.2173767089844,414.1099853515625,0.0,415.55999755859375,412.5299987792969,414.04998779296875,0.0,21225300
2024-02-09,412.53466796875,420.54998779296875,0.0,420.82000732421875,415.0899963378906,415.25,0.0,22032800
2024-02-12,407.3454895019531,415.260009765625,0.0,420.739990234375,414.75,420.55999755859375,0.0,21202900
2024-02-13,398.57586669921875,406.32000732421875,0.0,410.07000732421875,403.3900146484375,404.94000244140625,0.0,27824900
2024-02-14,402.4282531738281,409.489990234375,0.75,409.8399963378906,404.57000732421875,408.07000732421875,0.0,20401200
2024-02-15,399.5487976074219,406.55999755859375,0.0,409.1300048828125,404.2900085449219,408.1400146484375,0.0,21825500
2024-02-16,397.0918884277344,404.05999755859375,0.0,408.2900085449219,403.44000244140625,407.9599914550781,0.0,22296500
2024-02-20,395.84381103515625,402.7900085449219,0.0,404.489990234375,398.010009765625,403.239990234375,0.0,24307900
2024-02-21,395.2442932128906,402.17999267578125,0.0,402.2900085449219,397.2200012207031,400.1700134277344,0.0,18518900
2024-02-22,404.55096435546875,411.6499938964844,0.0,412.8299865722656,408.57000732421875,410.19000244140625,0.0,27009900
2024-02-23,403.2635803222656,410.3399963378906,0.0,415.8599853515625,408.9700012207031,415.6700134277344,0.0,16295900
2024-02-26,400.51190185546875,407.5400085449219,0.0,412.1600036621094,407.3599853515625,411.4599914550781,0.0,16193500
2024-02-27,400.4529724121094,407.4800109863281,0.0,408.32000732421875,403.8500061035156,407.989990234375,0.0,14835800
2024-02-28,400.6888122558594,407.7200012207031,0.0,409.29998779296875,405.32000732421875,408.17999267578125,0.0,13183100
2024-02-29,406.5067138671875,413.6400146484375,0.0,414.20001220703125,405.9200134277344,408.6400146484375,0.0,31947300
2024-03-01,408.3346252441406,415.5,0.0,415.8699951171875,410.8800048828125,411.2699890136719,0.0,17823400
2024-03-04,407.7646789550781,414.9200134277344,0.0,417.3500061035156,412.32000732421875,413.44000244140625,0.0,17596000
2024-03-05,395.70623779296875,402.6499938964844,0.0,414.25,400.6400146484375,413.9599914550781,0.0,26919200
2024-03-06,395.1558532714844,402.0899963378906,0.0,405.1600036621094,398.3900146484375,402.9700012207031,0.0,22344100
2024-03-07,402.0843200683594,409.1400146484375,0.0,409.7799987792969,402.239990234375,406.1199951171875,0.0,18718500
2024-03-08,399.2146301269531,406.2200012207031,0.0,410.4200134277344,404.3299865722656,407.9599914550781,0.0,18002200
2024-03-11,397.5439147949219,404.5199890136719,0.0,405.67999267578125,401.260009765625,403.760009765625,0.0,16120800
2024-03-12,408.11834716796875,415.2799987792969,0.0,415.57000732421875,406.7900085449219,407.6199951171875,0.0,22457000
2024-03-13,407.9415283203125,415.1000061035156,0.0,418.17999267578125,411.45001220703125,418.1000061035156,0.0,17115900
2024-03-14,417.886962890625,425.2200012207031,0.0,427.82000732421875,417.989990234375,420.239990234375,0.0,34157300
2024-03-15,409.2387390136719,416.4200134277344,0.0,422.6000061035156,412.7900085449219,419.2900085449219,0.0,45079900
2024-03-18,410.1232604980469,417.32000732421875,0.0,420.7300109863281,413.7799987792969,414.25,0.0,20106000
2024-03-19,414.1427001953125,421.4100036621094,0.0,421.6700134277344,415.54998779296875,417.8299865722656,0.0,19837900
2024-03-20,417.8968200683594,425.2300109863281,0.0,425.9599914550781,420.6600036621094,422.0,0.0,17860100
2024-03-21,421.9654541015625,429.3699951171875,0.0,430.82000732421875,427.1600036621094,429.8299865722656,0.0,21296200
2024-03-22,421.3462829589844,428.739990234375,0.0,429.8599853515625,426.07000732421875,429.70001220703125,0.0,17648500
2024-03-25,415.5676574707031,422.8599853515625,0.0,427.4100036621094,421.6099853515625,425.239990234375,0.0,18060500
2024-03-26,414.3785400390625,421.6499938964844,0.0,425.989990234375,421.3500061035156,425.6099853515625,0.0,16725600
2024-03-27,414.1623229980469,421.42999267578125,0.0,424.45001220703125,419.010009765625,424.44000244140625,0.0,16705000
2024-03-28,413.464599609375,420.7200012207031,0.0,421.8699951171875,419.1199951171875,420.9599914550781,0.0,21871200
2024-04-01,417.2481994628906,424.57000732421875,0.0,427.8900146484375,422.2200012207031,423.95001220703125,0.0,16316000
2024-04-02,414.1722106933594,421.44000244140625,0.0,422.3800048828125,417.8399963378906,420.1099853515625,0.0,17912000
2024-04-03,413.1992492675781,420.45001220703125,0.0,423.260009765625,419.0899963378906,419.7300109863281,0.0,16502300
2024-04-04,410.6736145019531,417.8800048828125,0.0,428.6700134277344,417.57000732421875,424.989990234375,0.0,19370900
2024-04-05,418.18182373046875,425.5199890136719,0.0,426.510009765625,418.32000732421875,420.010009765625,0.0,16554800
2024-04-08,417.26788330078125,424.5899963378906,0.0,427.2799987792969,423.29998779296875,425.1700134277344,0.0,14272400
2024-04-09,418.92864990234375,426.2799987792969,0.0,427.739990234375,421.6199951171875,426.44000244140625,0.0,12496900
2024-04-10,415.9608459472656,423.260009765625,0.0,424.0299987792969,419.70001220703125,422.19000244140625,0.0,16216600
2024-04-11,420.55023193359375,427.92999267578125,0.0,429.3699951171875,422.3599853515625,425.82000732421875,0.0,17966400
2024-04-12,414.6242370605469,421.8999938964844,0.0,425.17999267578125,419.7699890136719,424.04998779296875,0.0,19253800
2024-04-15,406.5067138671875,413.6400146484375,0.0,426.82000732421875,413.42999267578125,426.6000061035156,0.0,20273500
2024-04-16,407.4305114746094,414.5799865722656,0.0,418.3999938964844,413.7300109863281,414.57000732421875,0.0,16765600
2024-04-17,404.7377014160156,411.8399963378906,0.0,418.8800048828125,410.3299865722656,417.25,0.0,15855500
2024-04-18,397.29827880859375,404.2699890136719,0.0,411.8900146484375,403.95001220703125,410.6300048828125,0.0,21029900
2024-04-19,392.23712158203125,399.1199951171875,0.0,405.4800109863281,397.7699890136719,404.0299987792969,0.0,30565800
2024-04-22,394.04534912109375,400.9599914550781,0.0,402.8500061035156,395.75,400.0799865722656,0.0,20286900
2024-04-23,400.5413818359375,407.57000732421875,0.0,408.20001220703125,403.05999755859375,404.239990234375,0.0,15734500
2024-04-24,402.0056457519531,409.05999755859375,0.0,412.4700012207031,406.7799987792969,409.55999755859375,0.0,15065300
2024-04-25,392.1584777832031,399.0400085449219,0.0,399.8900146484375,388.0299987792969,394.0299987792969,0.0,40586500
2024-04-26,399.31292724609375,406.32000732421875,0.0,413.0,405.760009765625,412.1700134277344,0.0,29694700
2024-04-29,395.3131103515625,402.25,0.0,406.32000732421875,399.19000244140625,405.25,0.0,19582100
2024-04-30,382.6158752441406,389.3299865722656,0.0,402.1600036621094,389.1700134277344,401.489990234375,0.0,28781400
2024-05-01,388.12921142578125,394.94000244140625,0.0,401.7200012207031,390.30999755859375,392.6099853515625,0.0,23562500
2024-05-02,390.9791259765625,397.8399963378906,0.0,399.92999267578125,394.6499938964844,397.6600036621094,0.0,17709400
2024-05-03,399.64703369140625,406.6600036621094,0.0,407.1499938964844,401.8599853515625,402.2799987792969,0.0,17446700
2024-05-06,406.4084167480469,413.5400085449219,0.0,413.92999267578125,406.3699951171875,408.760009765625,0.0,16996600
2024-05-07,402.2808532714844,409.3399963378906,0.0,414.6700134277344,409.0899963378906,414.6600036621094,0.0,20018200
2024-05-08,403.46014404296875,410.5400085449219,0.0,412.2300109863281,406.7099914550781,408.1700134277344,0.0,11792300
2024-05-09,405.2094421386719,412.32000732421875,0.0,412.7200012207031,409.1000061035156,410.57000732421875,0.0,14689700
2024-05-10,407.5876770019531,414.739990234375,0.0,415.3800048828125,411.79998779296875,412.94000244140625,0.0,13402300
2024-05-13,406.5852966308594,413.7200012207031,0.0,418.3500061035156,410.82000732421875,418.010009765625,0.0,15440200
2024-05-14,409.37628173828125,416.55999755859375,0.0,417.489990234375,411.54998779296875,412.0199890136719,0.0,15109300
2024-05-15,416.5338439941406,423.0799865722656,0.75,423.80999755859375,417.2699890136719,417.8999938964844,0.0,22239500
2024-05-16,414.4761657714844,420.989990234375,0.0,425.4200134277344,420.3500061035156,421.79998779296875,0.0,17530100
2024-05-17,413.7082824707031,420.2099914550781,0.0,422.9200134277344,418.0299987792969,422.5400085449219,0.0,15352200
2024-05-20,418.75885009765625,425.3399963378906,0.0,426.7699890136719,419.989990234375,420.2099914550781,0.0,16272100
2024-05-21,422.401611328125,429.0400085449219,0.0,432.9700012207031,424.8500061035156,426.8299865722656,0.0,21453300
2024-05-22,423.8587646484375,430.5199890136719,0.0,432.4100036621094,427.1300048828125,430.0899963378906,0.0,18073700
2024-05-23,420.3932189941406,427.0,0.0,433.6000061035156,425.4200134277344,432.9700012207031,0.0,17211700
2024-05-24,423.50433349609375,430.1600036621094,0.0,431.05999755859375,424.4100036621094,427.19000244140625,0.0,11855300
2024-05-28,423.661865234375,430.32000732421875,0.0,430.82000732421875,426.6000061035156,429.6300048828125,0.0,15718000
2024-05-29,422.52960205078125,429.1700134277344,0.0,430.94000244140625,425.69000244140625,425.69000244140625,0.0,15517100
2024-05-30,408.2539978027344,414.6700134277344,0.0,424.29998779296875,414.239990234375,424.29998779296875,0.0,28394500
2024-05-31,408.70684814453125,415.1300048828125,0.0,416.75,404.510009765625,416.75,0.0,47995300
2024-06-03,407.12176513671875,413.5199890136719,0.0,416.42999267578125,408.9200134277344,415.5299987792969,0.0,17484700
2024-06-04,409.6322937011719,416.07000732421875,0.0,416.44000244140625,409.67999267578125,412.42999267578125,0.0,14348900
2024-06-05,417.449462890625,424.010009765625,0.0,424.0799865722656,416.29998779296875,417.80999755859375,0.0,16988000
2024-06-06,417.9515686035156,424.5199890136719,0.0,425.30999755859375,420.5799865722656,424.010009765625,0.0,14861300
2024-06-07,417.29193115234375,423.8500061035156,0.0,426.2799987792969,423.0,426.20001220703125,0.0,13621700
2024-06-10,421.249755859375,427.8699951171875,0.0,428.0799865722656,423.8900146484375,424.70001220703125,0.0,13982900
2024-06-11,425.9853515625,432.67999267578125,0.0,432.82000732421875,425.25,425.4800109863281,0.0,14551100
2024-06-12,434.2356872558594,441.05999755859375,0.0,443.3999938964844,433.25,435.32000732421875,0.0,22366200
2024-06-13,434.74761962890625,441.5799865722656,0.0,443.3900146484375,439.3699951171875,440.8500061035156,0.0,15960600
2024-06-14,435.7222900390625,442.57000732421875,0.0,443.1400146484375,436.7200012207031,438.2799987792969,0.0,13582000
2024-06-17,441.43255615234375,448.3699951171875,0.0,450.94000244140625,440.7200012207031,442.5899963378906,0.0,20790000
2024-06-18,439.4339599609375,446.3399963378906,0.0,450.1400146484375,444.8900146484375,449.7099914550781,0.0,17112500
2024-06-20,438.8039245605469,445.70001220703125,0.0,446.5299987792969,441.2699890136719,446.29998779296875,0.0,19877400
2024-06-21,442.82073974609375,449.7799987792969,0.0,450.5799865722656,446.510009765625,447.3800048828125,0.0,34187100
2024-06-24,440.7433776855469,447.6700134277344,0.0,452.75,446.4100036621094,449.79998779296875,0.0,15913700
2024-06-25,443.97265625,450.95001220703125,0.0,451.4200134277344,446.75,448.25,0.0,16413400
2024-06-26,445.1639099121094,452.1600036621094,0.0,453.6000061035156,448.19000244140625,449.0,0.0,16507000
2024-06-27,445.8432312011719,452.8500061035156,0.0,456.1700134277344,451.7699890136719,452.17999267578125,0.0,14806300
2024-06-28,440.0345153808594,446.95001220703125,0.0,455.3800048828125,446.4100036621094,453.07000732421875,0.0,28362300
2024-07-01,449.6631774902344,456.7300109863281,0.0,457.3699951171875,445.6600036621094,448.6600036621094,0.0,17662800
2024-07-02,452.1737060546875,459.2799987792969,0.0,459.5899963378906,453.1099853515625,453.20001220703125,0.0,13979800
2024-07-03,453.64068603515625,460.7699890136719,0.0,461.0199890136719,457.8800048828125,458.19000244140625,0.0,9932800
2024-07-05,460.3255920410156,467.55999755859375,0.0,468.3500061035156,458.9700012207031,459.6099853515625,0.0,16000300
2024-07-08,459.0260314941406,466.239990234375,0.0,467.70001220703125,464.4599914550781,466.54998779296875,0.0,12962300
2024-07-09,452.4296875,459.5400085449219,0.0,467.3299865722656,458.0,467.0,0.0,17207200
2024-07-10,459.0359191894531,466.25,0.0,466.4599914550781,458.8599853515625,461.2200012207031,0.0,18196100
2024-07-11,447.6646423339844,454.70001220703125,0.0,464.7799987792969,451.54998779296875,462.9800109863281,0.0,23111200
2024-07-12,446.5323791503906,453.54998779296875,0.0,456.3599853515625,450.6499938964844,454.3299865722656,0.0,16324300
2024-07-15,446.9360046386719,453.9599914550781,0.0,457.260009765625,451.42999267578125,453.29998779296875,0.0,14429400
2024-07-16,442.5647888183594,449.5199890136719,0.0,454.29998779296875,446.6600036621094,454.2200012207031,0.0,17175700
2024-07-17,436.6575927734375,443.5199890136719,0.0,444.8500061035156,439.17999267578125,442.5899963378906,0.0,21778000
2024-07-18,433.55633544921875,440.3699951171875,0.0,444.6499938964844,434.3999938964844,444.3399963378906,0.0,20794800
2024-07-19,430.34674072265625,437.1099853515625,0.0,441.1400146484375,432.0,433.1000061035156,0.0,20940400
2024-07-22,436.0865173339844,442.94000244140625,0.0,444.6000061035156,438.9100036621094,441.7900085449219,0.0,15808800
2024-07-23,437.9670104980469,444.8500061035156,0.0,448.3900146484375,443.1000061035156,443.8999938964844,0.0,13107100
2024-07-24,422.2637939453125,428.8999938964844,0.0,441.4800109863281,427.5899963378906,440.45001220703125,0.0,26805800
2024-07-25,411.92626953125,418.3999938964844,0.0,429.79998779296875,417.510009765625,428.79998779296875,0.0,29943800
2024-07-26,418.68994140625,425.2699890136719,0.0,428.9200134277344,417.2699890136719,418.20001220703125,0.0,23583800
2024-07-29,420.1274108886719,426.7300109863281,0.0,432.1499938964844,424.70001220703125,431.5799865722656,0.0,15125800
2024-07-30,416.3763427734375,422.9200134277344,0.0,429.04998779296875,417.3599853515625,427.7200012207031,0.0,32687600
2024-07-31,411.8770751953125,418.3500061035156,0.0,421.7799987792969,412.2099914550781,420.5,0.0,42891400
2024-08-01,410.6562194824219,417.1099853515625,0.0,427.4599914550781,413.0899963378906,420.7900085449219,0.0,30296400
2024-08-02,402.1695556640625,408.489990234375,0.0,415.0,404.3399963378906,412.489990234375,0.0,29437900
2024-08-05,389.0359802246094,395.1499938964844,0.0,401.0400085449219,385.5799865722656,389.1700134277344,0.0,40709200
2024-08-06,393.4270324707031,399.6099853515625,0.0,405.6700134277344,398.5,400.0,0.0,24946500
2024-08-07,392.2652587890625,398.42999267578125,0.0,410.0799865722656,397.4700012207031,408.6400146484375,0.0,20650900
2024-08-08,396.4593200683594,402.69000244140625,0.0,405.8599853515625,399.94000244140625,402.44000244140625,0.0,20203000
2024-08-09,399.73779296875,406.0199890136719,0.0,408.04998779296875,402.260009765625,404.0299987792969,0.0,19276700
2024-08-12,400.5155944824219,406.80999755859375,0.0,408.760009765625,404.239990234375,407.05999755859375,0.0,16762900
2024-08-13,407.6042175292969,414.010009765625,0.0,414.95001220703125,409.57000732421875,409.5899963378906,0.0,19414300
2024-08-14,410.41009521484375,416.8599853515625,0.0,417.7200012207031,412.45001220703125,414.79998779296875,0.0,18267000
2024-08-15,415.2627258300781,421.0299987792969,0.75,421.1099853515625,417.6600036621094,419.79998779296875,0.0,20752100
2024-08-16,412.73773193359375,418.4700012207031,0.0,421.3399963378906,417.29998779296875,420.6000061035156,0.0,22775600
2024-08-19,415.755859375,421.5299987792969,0.0,421.75,416.4599914550781,418.9599914550781,0.0,15234000
2024-08-20,418.9810791015625,424.79998779296875,0.0,425.8599853515625,421.6400146484375,421.70001220703125,0.0,16387600
2024-08-21,418.3301086425781,424.1400146484375,0.0,426.3999938964844,421.7200012207031,424.0799865722656,0.0,16067300
2024-08-22,409.8577575683594,415.54998779296875,0.0,426.7900085449219,414.6099853515625,424.3599853515625,0.0,19361900
2024-08-23,411.0807800292969,416.7900085449219,0.0,419.260009765625,412.0899963378906,416.9800109863281,0.0,18493800
2024-08-26,407.8259582519531,413.489990234375,0.0,417.2799987792969,411.3399963378906,416.3699951171875,0.0,13152800
2024-08-27,408.1711730957031,413.8399963378906,0.0,414.3599853515625,410.25,412.8599853515625,0.0,13492900
2024-08-28,404.97552490234375,410.6000061035156,0.0,415.0,407.30999755859375,414.8800048828125,0.0,14882700
2024-08-29,407.4610290527344,413.1199951171875,0.0,422.04998779296875,410.6000061035156,414.94000244140625,0.0,17045200
2024-08-30,411.4259948730469,417.1400146484375,0.0,417.489990234375,412.1300048828125,415.6000061035156,0.0,24308300
2024-09-03,403.8314514160156,409.44000244140625,0.0,419.8800048828125,407.0299987792969,417.9100036621094,0.0,20313600
2024-09-04,403.2988586425781,408.8999938964844,0.0,411.239990234375,404.3699951171875,405.9100036621094,0.0,15135800
2024-09-05,402.7958679199219,408.3900146484375,0.0,413.1000061035156,406.1300048828125,407.6199951171875,0.0,14195500
2024-09-06,396.1975402832031,401.70001220703125,0.0,410.6499938964844,400.79998779296875,409.05999755859375,0.0,19609500
2024-09-09,400.16241455078125,405.7200012207031,0.0,408.6499938964844,402.1499938964844,407.239990234375,0.0,15295100
2024-09-10,408.52630615234375,414.20001220703125,0.0,416.3299865722656,407.70001220703125,408.20001220703125,0.0,19594300
2024-09-11,417.2451477050781,423.0400085449219,0.0,423.989990234375,409.5799865722656,415.5,0.0,19266900
2024-09-12,421.15093994140625,427.0,0.0,427.3699951171875,419.75,423.30999755859375,0.0,17395700
2024-09-13,424.6917724609375,430.5899963378906,0.0,431.8299865722656,425.4599914550781,425.8299865722656,0.0,15874600
2024-09-16,425.4314880371094,431.3399963378906,0.0,433.5299987792969,428.2200012207031,430.6000061035156,0.0,13834700
2024-09-17,429.18927001953125,435.1499938964844,0.0,441.8500061035156,432.2699890136719,440.2300109863281,0.0,18874200
2024-09-18,424.9087219238281,430.80999755859375,0.0,436.0299987792969,430.4100036621094,435.0,0.0,18898000
2024-09-19,432.6808166503906,438.69000244140625,0.0,441.5,436.8999938964844,441.2300109863281,0.0,21706600
2024-09-20,429.3076171875,435.2699890136719,0.0,439.239990234375,434.2200012207031,437.2200012207031,0.0,55167100
2024-09-23,427.57177734375,433.510009765625,0.0,436.4599914550781,430.3900146484375,434.2799987792969,0.0,15128900
2024-09-24,423.29119873046875,429.1700134277344,0.0,433.3500061035156,426.1000061035156,433.0,0.0,17015800
2024-09-25,426.19091796875,432.1099853515625,0.0,433.1199951171875,428.57000732421875,429.8299865722656,0.0,13396400
2024-09-26,425.4018859863281,431.30999755859375,0.0,435.29998779296875,429.1300048828125,435.0899963378906,0.0,14492000
2024-09-27,422.1569519042969,428.0199890136719,0.0,431.8500061035156,427.4700012207031,431.5199890136719,0.0,14896100
2024-09-30,424.40570068359375,430.29998779296875,0.0,430.4200134277344,425.3699951171875,428.2099914550781,0.0,16807300
2024-10-01,414.9273986816406,420.69000244140625,0.0,428.4800109863281,418.80999755859375,428.45001220703125,0.0,19092900
2024-10-02,411.4161682128906,417.1300048828125,0.0,422.82000732421875,416.7099914550781,422.5799865722656,0.0,16582300
2024-10-03,410.834228515625,416.5400085449219,0.0,419.54998779296875,414.2900085449219,417.6300048828125,0.0,13686400
2024-10-04,410.3608093261719,416.05999755859375,0.0,419.75,414.9700012207031,418.239990234375,0.0,19169700
2024-10-07,403.93011474609375,409.5400085449219,0.0,417.1099853515625,409.0,416.0,0.0,20919800
2024-10-08,409.0292663574219,414.7099914550781,0.0,415.6600036621094,408.1700134277344,410.8999938964844,0.0,19229300
2024-10-09,411.7415466308594,417.4599914550781,0.0,420.3800048828125,414.29998779296875,415.8599853515625,0.0,14974300
2024-10-10,410.1437683105469,415.8399963378906,0.0,417.3500061035156,413.1499938964844,415.2300109863281,0.0,13848400
2024-10-11,410.6172180175781,416.32000732421875,0.0,417.1300048828125,413.25,416.1400146484375,0.0,14144900
2024-10-14,413.3985595703125,419.1400146484375,0.0,424.0400085449219,417.5199890136719,417.7699890136719,0.0,16653100
2024-10-15,413.00408935546875,418.739990234375,0.0,422.4800109863281,415.260009765625,422.17999267578125,0.0,18900200
2024-10-16,410.419921875,416.1199951171875,0.0,416.3599853515625,410.4800109863281,415.1700134277344,0.0,15508900
2024-10-17,411.01171875,416.7200012207031,0.0,422.5,415.5899963378906,422.3599853515625,0.0,14820000
2024-10-18,412.4320373535156,418.1600036621094,0.0,419.6499938964844,416.260009765625,417.1400146484375,0.0,17145300
2024-10-21,413.04351806640625,418.7799987792969,0.0,418.9599914550781,413.75,416.1199951171875,0.0,14206100
2024-10-22,421.65399169921875,427.510009765625,0.0,430.5799865722656,418.0400085449219,418.489990234375,0.0,25482200
2024-10-23,418.7838439941406,424.6000061035156,0.0,431.0799865722656,422.5299987792969,430.8599853515625,0.0,19654400
2024-10-24,418.9120178222656,424.7300109863281,0.0,425.9800109863281,422.3999938964844,425.3299865722656,0.0,13581600
2024-10-25,422.28521728515625,428.1499938964844,0.0,432.5199890136719,426.57000732421875,426.760009765625,0.0,16899100
2024-10-28,420.74652099609375,426.5899963378906,0.0,431.94000244140625,426.29998779296875,431.6600036621094,0.0,14882400
2024-10-29,426.0331115722656,431.95001220703125,0.0,433.1700134277344,425.79998779296875,428.0,0.0,17644100
2024-10-30,426.60516357421875,432.5299987792969,0.0,438.5,432.1000061035156,437.44000244140625,0.0,29749100
2024-10-31,400.7837829589844,406.3500061035156,0.0,416.1600036621094,406.29998779296875,415.3599853515625,0.0,53971000
2024-11-01,404.7486572265625,410.3699951171875,0.0,415.5,407.5,409.010009765625,0.0,24230400
2024-11-04,402.8648376464844,408.4599914550781,0.0,410.4200134277344,405.57000732421875,409.79998779296875,0.0,19672300
2024-11-05,405.82379150390625,411.4599914550781,0.0,414.8999938964844,408.0799865722656,408.3699951171875,0.0,17626000
2024-11-06,414.42437744140625,420.17999267578125,0.0,420.45001220703125,410.5199890136719,412.4200134277344,0.0,26681800
2024-11-07,419.6023864746094,425.42999267578125,0.0,426.8500061035156,419.8800048828125,421.2799987792969,0.0,19901800
2024-11-08,416.7520446777344,422.5400085449219,0.0,426.5,421.7799987792969,425.32000732421875,0.0,16891400
2024-11-11,412.28411865234375,418.010009765625,0.0,424.80999755859375,416.0,422.5199890136719,0.0,24503300
2024-11-12,417.23529052734375,423.0299987792969,0.0,424.44000244140625,417.20001220703125,418.25,0.0,19401200
2024-11-13,419.37554931640625,425.20001220703125,0.0,429.3299865722656,418.2099914550781,421.6400146484375,0.0,21502200
2024-11-14,421.04241943359375,426.8900146484375,0.0,428.1700134277344,420.0,425.0,0.0,30246900
2024-11-15,409.3153076171875,415.0,0.0,422.79998779296875,413.6400146484375,419.82000732421875,0.0,28247600
2024-11-18,410.0649108886719,415.760009765625,0.0,418.3999938964844,412.1000061035156,414.8699951171875,0.0,24727000
2024-11-19,412.0671081542969,417.7900085449219,0.0,417.94000244140625,411.54998779296875,413.1099853515625,0.0,18133500
2024-11-20,409.798583984375,415.489990234375,0.0,417.2900085449219,410.5799865722656,416.8699951171875,0.0,19191700
2024-11-21,408.0295715332031,412.8699951171875,0.83,419.7799987792969,410.2900085449219,419.5,0.0,20780200
2024-11-22,412.11114501953125,417.0,0.0,417.3999938964844,411.05999755859375,411.3699951171875,0.0,24814600
2024-11-25,413.8801574707031,418.7900085449219,0.0,421.0799865722656,414.8500061035156,418.3800048828125,0.0,27691100
2024-11-26,422.9723205566406,427.989990234375,0.0,429.0400085449219,418.8500061035156,419.5899963378906,0.0,23458900
2024-11-27,418.0309143066406,422.989990234375,0.0,427.2300109863281,422.0199890136719,425.1099853515625,0.0,18332400
2024-11-29,418.49542236328125,423.4599914550781,0.0,424.8800048828125,417.79998779296875,420.0899963378906,0.0,16271900
2024-12-02,425.9272766113281,430.9800109863281,0.0,433.0,421.30999755859375,421.57000732421875,0.0,20207200
2024-12-03,426.1446838378906,431.20001220703125,0.0,432.4700012207031,427.739990234375,429.8399963378906,0.0,18302000
2024-12-04,432.2917175292969,437.4200134277344,0.0,439.6700134277344,432.6300048828125,433.0299987792969,0.0,26009400
2024-12-05,437.4307861328125,442.6199951171875,0.0,444.6600036621094,436.1700134277344,437.9200134277344,0.0,21697800
2024-12-06,438.36968994140625,443.57000732421875,0.0,446.1000061035156,441.7699890136719,442.29998779296875,0.0,18821000
2024-12-09,440.79095458984375,446.0199890136719,0.0,448.3299865722656,440.5,442.6000061035156,0.0,19144400
2024-12-10,438.1324462890625,443.3299865722656,0.0,449.6199951171875,441.6000061035156,444.3900146484375,0.0,18469500
2024-12-11,443.7261047363281,448.989990234375,0.0,450.3500061035156,444.04998779296875,444.04998779296875,0.0,19200200
2024-12-12,444.2893981933594,449.55999755859375,0.0,456.1600036621094,449.1099853515625,449.1099853515625,0.0,20834800
2024-12-13,442.0262451171875,447.2699890136719,0.0,451.42999267578125,445.5799865722656,448.44000244140625,0.0,20177800
2024-12-16,446.295654296875,451.5899963378906,0.0,452.17999267578125,445.2799987792969,447.2699890136719,0.0,23598800
2024-12-17,449.1319885253906,454.4599914550781,0.0,455.2900085449219,449.57000732421875,451.010009765625,0.0,22733500
2024-12-18,432.2621154785156,437.3900146484375,0.0,452.6499938964844,437.0199890136719,451.32000732421875,0.0,24444500
2024-12-19,431.9062805175781,437.0299987792969,0.0,443.17999267578125,436.32000732421875,441.6199951171875,0.0,22963700
2024-12-20,431.48138427734375,436.6000061035156,0.0,443.739990234375,428.6300048828125,433.1099853515625,0.0,64263700
2024-12-23,430.1471862792969,435.25,0.0,437.6499938964844,432.8299865722656,436.739990234375,0.0,19152500
2024-12-24,434.1793212890625,439.3299865722656,0.0,439.6000061035156,434.19000244140625,434.6499938964844,0.0,7164500
2024-12-26,432.9736633300781,438.1099853515625,0.0,440.94000244140625,436.6300048828125,439.0799865722656,0.0,8194200
2024-12-27,425.4825439453125,430.5299987792969,0.0,435.2200012207031,426.3500061035156,434.6000061035156,0.0,18117700
2024-12-30,419.8493347167969,424.8299865722656,0.0,427.54998779296875,421.8999938964844,426.05999755859375,0.0,13158700
2024-12-31,416.5583801269531,421.5,0.0,426.7300109863281,420.6600036621094,426.1000061035156,0.0,13246500
2025-01-02,413.6726379394531,418.5799865722656,0.0,426.07000732421875,414.8500061035156,425.5299987792969,0.0,16896500
2025-01-03,418.3867492675781,423.3500061035156,0.0,424.0299987792969,419.5400085449219,421.0799865722656,0.0,16662900
2025-01-06,422.83392333984375,427.8500061035156,0.0,434.32000732421875,425.4800109863281,428.0,0.0,20573600
2025-01-07,417.418212890625,422.3699951171875,0.0,430.6499938964844,420.79998779296875,429.0,0.0,18139100
2025-01-08,419.58258056640625,424.55999755859375,0.0,426.9700012207031,421.5400085449219,423.4599914550781,0.0,15054600
2025-01-10,414.0382995605469,418.95001220703125,0.0,424.7099914550781,415.0199890136719,424.6300048828125,0.0,20201100
2025-01-13,412.2989501953125,417.19000244140625,0.0,418.5,412.2900085449219,415.239990234375,0.0,17604800
2025-01-14,410.7967529296875,415.6700134277344,0.0,419.739990234375,410.7200012207031,417.80999755859375,0.0,16935900
2025-01-15,421.3119812011719,426.30999755859375,0.0,428.1499938964844,418.2699890136719,419.1300048828125,0.0,19637800
2025-01-16,419.60223388671875,424.5799865722656,0.0,429.489990234375,424.3900146484375,428.70001220703125,0.0,15300000
2025-01-17,424.0000915527344,429.0299987792969,0.0,434.4800109863281,428.1700134277344,434.0899963378906,0.0,26197500
2025-01-21,423.4763488769531,428.5,0.0,430.8999938964844,425.6000061035156,430.20001220703125,0.0,26085700
2025-01-22,440.96881103515625,446.20001220703125,0.0,447.2699890136719,436.0,437.55999755859375,0.0,27803800
2025-01-23,441.4728698730469,446.7099914550781,0.0,446.75,441.5,442.0,0.0,18389300
2025-01-24,438.8538818359375,444.05999755859375,0.0,446.6499938964844,441.3999938964844,445.1600036621094,0.0,15549500
2025-01-27,429.46527099609375,434.55999755859375,0.0,435.20001220703125,423.5,424.010009765625,0.0,35647800
2025-01-28,441.95709228515625,447.20001220703125,0.0,448.3800048828125,431.3800048828125,434.6000061035156,0.0,23491700
2025-01-29,437.1441955566406,442.3299865722656,0.0,446.8800048828125,440.3999938964844,446.69000244140625,0.0,23581400
2025-01-30,410.12469482421875,414.989990234375,0.0,422.8599853515625,413.1600036621094,418.7699890136719,0.0,54586300
2025-01-31,410.19390869140625,415.05999755859375,0.0,420.69000244140625,414.9100036621094,418.9800109863281,0.0,34161900
2025-02-03,406.1024475097656,410.9200134277344,0.0,415.4100036621094,408.6600036621094,411.6000061035156,0.0,25679100
2025-02-04,407.53546142578125,412.3699951171875,0.0,413.9200134277344,409.739990234375,412.69000244140625,0.0,20532100
2025-02-05,408.4446716308594,413.2900085449219,0.0,413.8299865722656,410.3999938964844,412.3500061035156,0.0,16316700
2025-02-06,410.94500732421875,415.82000732421875,0.0,418.20001220703125,414.0,414.0,0.0,16309800
2025-02-07,404.9461669921875,409.75,0.0,418.6499938964844,408.1000061035156,416.4800109863281,0.0,22886800
2025-02-10,407.38720703125,412.2200012207031,0.0,415.4599914550781,410.9200134277344,413.7099914550781,0.0,20817900
2025-02-11,406.6163330078125,411.44000244140625,0.0,412.489990234375,409.29998779296875,409.6400146484375,0.0,18140600
2025-02-12,404.2444763183594,409.0400085449219,0.0,410.75,404.3699951171875,407.2099914550781,0.0,19121700
2025-02-13,405.7268981933594,410.5400085449219,0.0,411.0,406.3599853515625,407.0,0.0,23891700
2025-02-14,403.6416015625,408.42999267578125,0.0,408.9100036621094,405.8800048828125,407.7900085449219,0.0,22758500
2025-02-18,404.83746337890625,409.6400146484375,0.0,410.6000061035156,406.5,408.0,0.0,21423100
2025-02-19,409.9072570800781,414.7699890136719,0.0,415.489990234375,407.6499938964844,407.8800048828125,0.0,24114200
2025-02-20,412.0759582519531,416.1300048828125,0.83,419.30999755859375,412.5400085449219,415.2900085449219,0.0,23508700
2025-02-21,404.23309326171875,408.2099914550781,0.0,418.04998779296875,407.8900146484375,417.3399963378906,0.0,27524800
2025-02-24,400.06414794921875,404.0,0.0,409.3699951171875,399.32000732421875,408.510009765625,0.0,26443700
2025-02-25,394.0235595703125,397.8999938964844,0.0,401.9200134277344,396.70001220703125,401.1000061035156,0.0,29387400
2025-02-26,395.83575439453125,399.7300109863281,0.0,403.6000061035156,394.25,398.010009765625,0.0,19619000
2025-02-27,388.70587158203125,392.5299987792969,0.0,405.739990234375,392.1700134277344,401.2699890136719,0.0,21127400
2025-02-28,393.1224060058594,396.989990234375,0.0,397.6300048828125,386.57000732421875,392.6600036621094,0.0,32845700
2025-03-03,384.7052001953125,388.489990234375,0.0,398.82000732421875,386.1600036621094,398.82000732421875,0.0,23007700
2025-03-04,384.82403564453125,388.6099853515625,0.0,392.5799865722656,381.0,383.3999938964844,0.0,29342900
2025-03-05,397.1131286621094,401.0199890136719,0.0,401.6700134277344,388.80999755859375,389.3399963378906,0.0,23433100
2025-03-06,393.02337646484375,396.8900146484375,0.0,402.1499938964844,392.67999267578125,394.2799987792969,0.0,23304600
2025-03-07,389.478271484375,393.30999755859375,0.0,394.79998779296875,385.5400085449219,392.32000732421875,0.0,22034100
2025-03-10,376.4564208984375,380.1600036621094,0.0,386.3999938964844,377.2200012207031,385.8399963378906,0.0,32840100
2025-03-11,376.7435607910156,380.45001220703125,0.0,386.0,376.9100036621094,379.0,0.0,30380200
2025-03-12,379.53607177734375,383.2699890136719,0.0,385.2200012207031,378.95001220703125,382.95001220703125,0.0,24253600
2025-03-13,375.0799255371094,378.7699890136719,0.0,385.32000732421875,377.45001220703125,383.1600036621094,0.0,20473000
2025-03-14,384.7745361328125,388.55999755859375,0.0,390.2300109863281,379.510009765625,379.7799987792969,0.0,19952800
2025-03-17,384.9132080078125,388.70001220703125,0.0,392.7099914550781,385.57000732421875,386.70001220703125,0.0,22474300
2025-03-18,379.78363037109375,383.5199890136719,0.0,387.3699951171875,381.1000061035156,387.07000732421875,0.0,19486900
2025-03-19,384.0417785644531,387.82000732421875,0.0,389.67999267578125,384.0,385.5299987792969,0.0,19185500
2025-03-20,383.07135009765625,386.8399963378906,0.0,391.7900085449219,383.2799987792969,385.739990234375,0.0,18470500
2025-03-21,387.4482421875,391.260009765625,0.0,391.739990234375,382.79998779296875,383.2200012207031,0.0,39675900
2025-03-24,389.2505187988281,393.0799865722656,0.0,395.3999938964844,389.80999755859375,395.3999938964844,0.0,21004500
2025-03-25,391.31024169921875,395.1600036621094,0.0,396.3599853515625,392.6400146484375,393.9200134277344,0.0,15775000
2025-03-26,386.17083740234375,389.9700012207031,0.0,395.30999755859375,388.57000732421875,395.0,0.0,16108400
2025-03-27,386.7748718261719,390.5799865722656,0.0,392.239990234375,387.3999938964844,390.1300048828125,0.0,13766800
2025-03-28,375.109619140625,378.79998779296875,0.0,389.1300048828125,376.92999267578125,388.0799865722656,0.0,21632000
2025-03-31,371.73291015625,375.3900146484375,0.0,377.07000732421875,367.239990234375,372.5400085449219,0.0,35184700
2025-04-01,378.46661376953125,382.19000244140625,0.0,382.8500061035156,373.2300109863281,374.6499938964844,0.0,19689500
2025-04-02,378.4171447753906,382.1400146484375,0.0,385.0799865722656,376.6199951171875,377.9700012207031,0.0,16092600
2025-04-03,369.47503662109375,373.1099853515625,0.0,377.4800109863281,369.3500061035156,374.7900085449219,0.0,30198000
2025-04-04,356.3343200683594,359.8399963378906,0.0,374.5899963378906,359.4800109863281,364.1300048828125,0.0,49209900
2025-04-07,354.3736267089844,357.8599853515625,0.0,371.0,344.7900085449219,350.8800048828125,0.0,50425000
2025-04-08,351.1058044433594,354.55999755859375,0.0,373.6499938964844,350.25,368.260009765625,0.0,35868900
2025-04-09,386.68572998046875,390.489990234375,0.0,393.2300109863281,353.1000061035156,353.5400085449219,0.0,50199700
2025-04-10,377.63482666015625,381.3500061035156,0.0,383.8999938964844,367.79998779296875,382.05999755859375,0.0,38024400
2025-04-11,384.6656494140625,388.45001220703125,0.0,390.04998779296875,378.8900146484375,380.6400146484375,0.0,23839200
2025-04-14,384.0318603515625,387.80999755859375,0.0,394.6499938964844,384.2099914550781,393.2200012207031,0.0,19251200
2025-04-15,381.9721374511719,385.7300109863281,0.0,391.8900146484375,384.1600036621094,388.510009765625,0.0,17199900
2025-04-16,367.98968505859375,371.6099853515625,0.0,381.6099853515625,368.0,380.6700134277344,0.0,21967800
2025-04-17,364.1969909667969,367.7799987792969,0.0,374.32000732421875,366.8900146484375,373.75,0.0,21120200
2025-04-21,355.62139892578125,359.1199951171875,0.0,364.4800109863281,355.6700134277344,362.82000732421875,0.0,20807300
2025-04-22,363.246337890625,366.82000732421875,0.0,367.7699890136719,359.8599853515625,363.3800048828125,0.0,19485000
2025-04-23,370.7426452636719,374.3900146484375,0.0,380.3900146484375,373.0199890136719,376.05999755859375,0.0,20545500
2025-04-24,383.5267639160156,387.29998779296875,0.0,388.45001220703125,375.19000244140625,375.70001220703125,0.0,22232300
2025-04-25,388.0325012207031,391.8500061035156,0.0,392.1600036621094,384.6000061035156,387.0,0.0,18973200
2025-04-28,387.3492126464844,391.1600036621094,0.0,392.739990234375,386.6400146484375,391.9599914550781,0.0,16579400
2025-04-29,390.201171875,394.0400085449219,0.0,395.1000061035156,390.3800048828125,391.29998779296875,0.0,14974000
2025-04-30,391.4093017578125,395.260009765625,0.0,396.6600036621094,384.44000244140625,390.29998779296875,0.0,36461100
2025-05-01,421.2556457519531,425.3999938964844,0.0,436.989990234375,424.8999938964844,431.1099853515625,0.0,58938100
2025-05-02,431.0393981933594,435.2799987792969,0.0,439.44000244140625,429.989990234375,431.739990234375,0.0,30757400
2025-05-05,431.9207763671875,436.1700134277344,0.0,439.5,432.1099853515625,432.8699951171875,0.0,20136100
2025-05-06,429.0885925292969,433.30999755859375,0.0,437.7300109863281,431.1700134277344,432.20001220703125,0.0,15104200
2025-05-07,429.12823486328125,433.3500061035156,0.0,438.1199951171875,431.1099853515625,433.8399963378906,0.0,23295300
2025-05-08,433.9012145996094,438.1700134277344,0.0,443.6700134277344,435.6600036621094,437.92999267578125,0.0,23491300
2025-05-09,434.4557800292969,438.7300109863281,0.0,440.739990234375,435.8800048828125,440.0,0.0,15324200
2025-05-12,444.88323974609375,449.260009765625,0.0,449.3699951171875,439.7799987792969,445.94000244140625,0.0,22821900
2025-05-13,444.7643737792969,449.1400146484375,0.0,450.6700134277344,445.3599853515625,447.7799987792969,0.0,23618800
2025-05-14,448.5273132324219,452.94000244140625,0.0,453.8999938964844,448.1400146484375,448.1400146484375,0.0,19902800
2025-05-15,449.5392761230469,453.1300048828125,0.83,456.19000244140625,450.42999267578125,450.7699890136719,0.0,21992300
2025-05-16,450.67022705078125,454.2699890136719,0.0,454.3599853515625,448.7300109863281,452.04998779296875,0.0,23849800
2025-05-19,455.2337646484375,458.8699951171875,0.0,459.5899963378906,450.79998779296875,450.8800048828125,0.0,21336500
2025-05-20,454.5393371582031,458.1700134277344,0.0,458.3399963378906,454.32000732421875,455.5899963378906,0.0,15441800
2025-05-21,448.9837341308594,452.57000732421875,0.0,457.7799987792969,451.80999755859375,454.57000732421875,0.0,19216900
2025-05-22,451.25555419921875,454.8599853515625,0.0,460.25,453.8999938964844,454.95001220703125,0.0,18025600
2025-05-23,446.6126403808594,450.17999267578125,0.0,453.69000244140625,448.9100036621094,449.9800109863281,0.0,16883500
2025-05-27,457.03936767578125,460.69000244140625,0.0,460.95001220703125,456.1199951171875,456.4800109863281,0.0,20974300
2025-05-28,453.7357482910156,457.3599853515625,0.0,462.5199890136719,456.92999267578125,461.2200012207031,0.0,17086300
2025-05-29,455.0453186035156,458.67999267578125,0.0,461.7200012207031,455.30999755859375,461.54998779296875,0.0,13974800
2025-05-30,456.71197509765625,460.3599853515625,0.0,461.67999267578125,455.5400085449219,459.7200012207031,0.0,34770500
2025-06-02,458.3092346191406,461.9700012207031,0.0,462.1099853515625,456.8900146484375,457.1400146484375,0.0,16626500
2025-06-03,459.30126953125,462.9700012207031,0.0,464.1400146484375,460.8599853515625,461.4700012207031,0.0,15743800
2025-06-04,460.19415283203125,463.8699951171875,0.0,465.69000244140625,463.0199890136719,464.0,0.0,14162700
2025-06-05,463.9739990234375,467.67999267578125,0.0,469.6499938964844,464.0299987792969,464.9599914550781,0.0,20131700
2025-06-06,466.652587890625,470.3800048828125,0.0,473.3399963378906,468.7799987792969,470.0899963378906,0.0,15285600
2025-06-09,469.0038146972656,472.75,0.0,473.42999267578125,468.6199951171875,469.70001220703125,0.0,16469900
2025-06-10,467.1883239746094,470.9200134277344,0.0,472.79998779296875,466.9599914550781,471.19000244140625,0.0,15375900
2025-06-11,468.87481689453125,472.6199951171875,0.0,475.4700012207031,469.6600036621094,470.0199890136719,0.0,16399200
2025-06-12,475.0752868652344,478.8699951171875,0.0,480.4200134277344,473.5199890136719,475.0199890136719,0.0,18950600
2025-06-13,471.1962890625,474.9599914550781,0.0,479.17999267578125,472.760009765625,476.4100036621094,0.0,16814500
2025-06-16,475.3431701660156,479.1400146484375,0.0,480.69000244140625,475.0,475.2099914550781,0.0,15626100
2025-06-17,474.25189208984375,478.0400085449219,0.0,478.739990234375,474.0799865722656,475.3999938964844,0.0,15414100
2025-06-18,476.4344482421875,480.239990234375,0.0,481.0,474.4599914550781,478.0,0.0,17526500
2025-06-20,473.616943359375,477.3999938964844,0.0,483.4599914550781,476.8699951171875,482.2300109863281,0.0,37576200
2025-06-23,482.1488037109375,486.0,0.0,487.75,472.510009765625,478.2099914550781,0.0,24864000
2025-06-24,486.2261962890625,490.1099853515625,0.0,491.8500061035156,486.79998779296875,488.95001220703125,0.0,22305600
2025-06-25,488.3691101074219,492.2699890136719,0.0,494.55999755859375,489.3900146484375,492.0400085449219,0.0,17495100
2025-06-26,493.5080871582031,497.45001220703125,0.0,498.0400085449219,492.80999755859375,492.9800109863281,0.0,21578900
2025-06-27,492.0100402832031,495.94000244140625,0.0,499.29998779296875,493.0299987792969,497.54998779296875,0.0,34539200
2025-06-30,493.4683837890625,497.4100036621094,0.0,500.760009765625,495.3299865722656,497.0400085449219,0.0,28369000
2025-07-01,488.1508483886719,492.04998779296875,0.0,498.04998779296875,490.9800109863281,496.4700012207031,0.0,19945400
2025-07-02,487.198486328125,491.0899963378906,0.0,493.5,488.70001220703125,489.989990234375,0.0,16319600
2025-07-03,494.8870849609375,498.8399963378906,0.0,500.1300048828125,493.44000244140625,493.80999755859375,0.0,13984800
2025-07-07,493.77593994140625,497.7200012207031,0.0,498.75,495.2300109863281,497.3800048828125,0.0,13981600
2025-07-08,492.68463134765625,496.6199951171875,0.0,498.20001220703125,494.1099853515625,497.239990234375,0.0,11846600
2025-07-09,499.52008056640625,503.510009765625,0.0,506.7799987792969,499.739990234375,500.29998779296875,0.0,18659500
2025-07-10,497.5061340332031,501.4800109863281,0.0,504.44000244140625,497.75,503.04998779296875,0.0,16492100
2025-07-11,499.33154296875,503.32000732421875,0.0,505.0299987792969,497.79998779296875,498.4700012207031,0.0,16459500
2025-07-14,499.033935546875,503.0199890136719,0.0,503.9700012207031,501.0299987792969,501.5199890136719,0.0,12058800
2025-07-15,501.811767578125,505.82000732421875,0.0,508.29998779296875,502.7900085449219,503.0199890136719,0.0,14927200
2025-07-16,501.6133728027344,505.6199951171875,0.0,506.7200012207031,501.8900146484375,505.17999267578125,0.0,15154400
2025-07-17,507.6451721191406,511.70001220703125,0.0,513.3699951171875,505.6199951171875,505.67999267578125,0.0,17503100
2025-07-18,506.0082092285156,510.04998779296875,0.0,514.6400146484375,507.42999267578125,514.47998046875,0.0,21209700
2025-07-21,506.0181579589844,510.05999755859375,0.0,512.0900268554688,505.54998779296875,506.7099914550781,0.0,14066800
2025-07-22,501.2660827636719,505.2699890136719,0.0,511.20001220703125,505.2699890136719,510.9700012207031,0.0,13868600
2025-07-23,501.861328125,505.8699951171875,0.0,506.7900085449219,500.70001220703125,506.75,0.0,16396600
2025-07-24,506.8316650390625,510.8800048828125,0.0,513.6699829101562,507.29998779296875,508.7699890136719,0.0,16107000
2025-07-25,509.6392517089844,513.7100219726562,0.0,518.2899780273438,510.3599853515625,512.469970703125,0.0,19125700
2025-07-28,508.43878173828125,512.5,0.0,515.0,510.1199951171875,514.0800170898438,0.0,14308000
2025-07-29,508.50823974609375,512.5700073242188,0.0,517.6199951171875,511.55999755859375,515.530029296875,0.0,16469200
2025-07-30,509.17291259765625,513.239990234375,0.0,515.9500122070312,509.44000244140625,515.1699829101562,0.0,26380400
2025-07-31,529.2723388671875,533.5,0.0,555.4500122070312,531.9000244140625,555.22998046875,0.0,51617300
2025-08-01,519.956787109375,524.1099853515625,0.0,535.7999877929688,520.8599853515625,535.0,0.0,28977600
2025-08-04,531.3954467773438,535.6400146484375,0.0,538.25,528.1300048828125,528.27001953125,0.0,25349000
2025-08-05,523.5679931640625,527.75,0.0,537.2999877929688,527.239990234375,537.1799926757812,0.0,19171600
2025-08-06,520.7802124023438,524.9400024414062,0.0,531.7000122070312,524.030029296875,530.9000244140625,0.0,21355700
2025-08-07,516.7127075195312,520.8400268554688,0.0,528.0900268554688,517.5499877929688,526.7999877929688,0.0,16079100
2025-08-08,517.9032592773438,522.0399780273438,0.0,524.6599731445312,519.4099731445312,522.5999755859375,0.0,15531000
2025-08-11,517.6353759765625,521.77001953125,0.0,527.5900268554688,519.719970703125,522.2999877929688,0.0,20194400
2025-08-12,525.046142578125,529.239990234375,0.0,530.97998046875,522.7000122070312,523.75,0.0,18667000
2025-08-13,516.4547729492188,520.5800170898438,0.0,532.7000122070312,519.3699951171875,532.1099853515625,0.0,19619200
2025-08-14,518.3396606445312,522.47998046875,0.0,525.9500122070312,520.1400146484375,522.5599975585938,0.0,20269100
2025-08-15,516.0480346679688,520.1699829101562,0.0,526.0999755859375,519.0800170898438,522.77001953125,0.0,25213300
2025-08-18,513.0023193359375,517.0999755859375,0.0,522.8200073242188,514.02001953125,521.5900268554688,0.0,23760600
2025-08-19,505.7304382324219,509.7699890136719,0.0,515.1599731445312,508.54998779296875,515.0,0.0,21481000
2025-08-20,501.7125244140625,505.7200012207031,0.0,511.0,504.44000244140625,509.8699951171875,0.0,27723000
2025-08-21,501.0666198730469,504.239990234375,0.83,507.6300048828125,502.7200012207031,503.69000244140625,0.0,18443300
2025-08-22,504.0378112792969,507.2300109863281,0.0,510.7300109863281,502.4100036621094,504.25,0.0,24324200
2025-08-25,501.0865173339844,504.260009765625,0.0,508.19000244140625,504.1199951171875,506.6300048828125,0.0,21638600
2025-08-26,498.8804931640625,502.0400085449219,0.0,504.9800109863281,498.510009765625,504.3599853515625,0.0,30835700
2025-08-27,503.5509033203125,506.739990234375,0.0,507.2900085449219,499.8999938964844,502.0,0.0,17277900
2025-08-28,506.4326477050781,509.6400146484375,0.0,511.0899963378906,505.5,507.0899963378906,0.0,18015600
2025-08-29,503.5011901855469,506.69000244140625,0.0,509.6000061035156,504.489990234375,508.6600036621094,0.0,20961600
2025-09-02,501.9410705566406,505.1199951171875,0.0,506.0,496.80999755859375,500.4700012207031,0.0,18128000
2025-09-03,502.1696472167969,505.3500061035156,0.0,507.7900085449219,502.32000732421875,503.7900085449219,0.0,16345100
2025-09-04,504.7731628417969,507.9700012207031,0.0,508.1499938964844,503.1499938964844,504.29998779296875,0.0,15509500
2025-09-05,491.884765625,495.0,0.0,511.9700012207031,492.3699951171875,509.07000732421875,0.0,31994800
2025-09-08,495.06463623046875,498.20001220703125,0.0,501.20001220703125,495.0299987792969,498.1099853515625,0.0,16771000
2025-09-09,495.2733154296875,498.4100036621094,0.0,502.25,497.70001220703125,501.42999267578125,0.0,14410500
2025-09-10,497.2209777832031,500.3699951171875,0.0,503.2300109863281,496.7200012207031,502.9800109863281,0.0,21611800
2025-09-11,497.85699462890625,501.010009765625,0.0,503.1700134277344,497.8800048828125,502.25,0.0,18881600
2025-09-12,506.6910095214844,509.8999938964844,0.0,512.5499877929688,503.8500061035156,506.6499938964844,0.0,23624900
2025-09-15,512.1166381835938,515.3599853515625,0.0,515.469970703125,507.0,508.7900085449219,0.0,17143800
2025-09-16,505.83642578125,509.0400085449219,0.0,517.22998046875,508.6000061035156,516.8800048828125,0.0,19711900
2025-09-17,506.81024169921875,510.0199890136719,0.0,511.2900085449219,505.92999267578125,510.6199951171875,0.0,15816600
2025-09-18,505.2501525878906,508.45001220703125,0.0,513.0700073242188,507.6600036621094,511.489990234375,0.0,18913700
2025-09-19,514.6704711914062,517.9299926757812,0.0,519.2999877929688,510.30999755859375,510.55999755859375,0.0,52474100
2025-09-22,511.21240234375,514.4500122070312,0.0,517.739990234375,512.5399780273438,515.5900268554688,0.0,20009300
2025-09-23,506.0252685546875,509.2300109863281,0.0,514.5900268554688,507.30999755859375,513.7999877929688,0.0,19799600
2025-09-24,506.9394226074219,510.1499938964844,0.0,512.47998046875,506.9200134277344,510.3800048828125,0.0,13533700
2025-09-25,503.83905029296875,507.0299987792969,0.0,510.010009765625,505.0400085449219,508.29998779296875,0.0,15786500
2025-09-26,508.2411804199219,511.4599914550781,0.0,513.9400024414062,506.6199951171875,510.05999755859375,0.0,16213100
2025-09-29,511.3613586425781,514.5999755859375,0.0,516.8499755859375,508.8800048828125,511.5,0.0,17617800
2025-09-30,514.6903686523438,517.9500122070312,0.0,518.1599731445312,509.6600036621094,513.239990234375,0.0,19728200
2025-10-01,516.4392700195312,519.7100219726562,0.0,520.510009765625,511.69000244140625,514.7999877929688,0.0,22632300
2025-10-02,512.4942626953125,515.739990234375,0.0,521.5999755859375,510.67999267578125,517.6400146484375,0.0,21222900
2025-10-03,514.0940551757812,517.3499755859375,0.0,520.489990234375,515.0,517.0999755859375,0.0,15112300
2025-10-06,525.2435302734375,528.5700073242188,0.0,531.030029296875,518.2000122070312,518.6099853515625,0.0,21388600
2025-10-07,520.682373046875,523.97998046875,0.0,529.7999877929688,521.4400024414062,528.2899780273438,0.0,14615200
2025-10-08,521.546875,524.8499755859375,0.0,526.9500122070312,523.0900268554688,523.280029296875,0.0,13363400
2025-10-09,519.1123657226562,522.4000244140625,0.0,524.3300170898438,517.4000244140625,522.3400268554688,0.0,18343600
2025-10-10,507.74432373046875,510.9599914550781,0.0,523.5800170898438,509.6300048828125,519.6400146484375,0.0,24133800
2025-10-13,510.8148498535156,514.0499877929688,0.0,516.4099731445312,511.67999267578125,516.4099731445312,0.0,14284200
2025-10-14,510.3379211425781,513.5700073242188,0.0,515.280029296875,506.0,510.2300109863281,0.0,14684300
2025-10-15,510.19879150390625,513.4299926757812,0.0,517.1900024414062,510.0,514.9600219726562,0.0,14694700
2025-10-16,508.3902282714844,511.6099853515625,0.0,516.8499755859375,508.1300048828125,512.5800170898438,0.0,15559600
2025-10-17,510.3478698730469,513.5800170898438,0.0,515.47998046875,507.30999755859375,509.0400085449219,0.0,19867800
2025-10-20,513.53759765625,516.7899780273438,0.0,518.7000122070312,513.4299926757812,514.6099853515625,0.0,14665600
2025-10-21,514.4021606445312,517.6599731445312,0.0,518.6900024414062,513.0399780273438,517.5,0.0,15586200
2025-10-22,517.2640991210938,520.5399780273438,0.0,525.22998046875,517.7100219726562,521.1500244140625,0.0,18962700
2025-10-23,517.283935546875,520.5599975585938,0.0,523.9500122070312,518.6099853515625,522.4600219726562,0.0,14023500
2025-10-24,520.314697265625,523.6099853515625,0.0,525.3499755859375,520.7100219726562,522.7899780273438,0.0,15532400
2025-10-27,528.1749877929688,531.52001953125,0.0,534.5800170898438,529.010009765625,531.780029296875,0.0,18734700
2025-10-28,538.6585693359375,542.0700073242188,0.0,553.719970703125,540.77001953125,550.0,0.0,29986700
2025-10-29,538.141845703125,541.5499877929688,0.0,546.27001953125,536.72998046875,544.9400024414062,0.0,36023000
2025-10-30,522.4512329101562,525.760009765625,0.0,534.969970703125,522.1199951171875,530.47998046875,0.0,41023100
2025-10-31,514.5512084960938,517.8099975585938,0.0,529.3200073242188,515.0999755859375,528.8800048828125,0.0,34006400
2025-11-03,513.7761840820312,517.030029296875,0.0,524.9600219726562,514.5900268554688,519.8099975585938,0.0,22374700
2025-11-04,511.0931701660156,514.3300170898438,0.0,515.5499877929688,507.8399963378906,511.760009765625,0.0,20958700
2025-11-05,503.96826171875,507.1600036621094,0.0,514.8300170898438,506.5799865722656,513.2999877929688,0.0,23024300
2025-11-06,493.9715576171875,497.1000061035156,0.0,505.70001220703125,495.80999755859375,505.6600036621094,0.0,27406500
2025-11-07,493.6933288574219,496.82000732421875,0.0,499.3800048828125,493.25,496.95001220703125,0.0,24019800
2025-11-10,502.8155517578125,506.0,0.0,506.8500061035156,498.79998779296875,500.0400085449219,0.0,26101500
2025-11-11,505.4786682128906,508.67999267578125,0.0,509.6000061035156,502.3500061035156,504.79998779296875,0.0,17980000
2025-11-12,507.9232482910156,511.1400146484375,0.0,511.6700134277344,499.1199951171875,509.3599853515625,0.0,26574900
2025-11-13,500.1225891113281,503.2900085449219,0.0,513.5,501.2900085449219,510.30999755859375,0.0,25273100
2025-11-14,506.9692077636719,510.17999267578125,0.0,511.6000061035156,497.44000244140625,498.2300109863281,0.0,28505700
2025-11-17,504.2961730957031,507.489990234375,0.0,512.1199951171875,504.9100036621094,508.45001220703125,0.0,19092800
2025-11-18,490.6824035644531,493.7900085449219,0.0,502.9800109863281,486.7799987792969,495.3699951171875,0.0,33815100
2025-11-19,484.0543518066406,487.1199951171875,0.0,495.19000244140625,482.8299865722656,490.1000061035156,0.0,23245300
2025-11-20,476.308837890625,478.42999267578125,0.91,493.57000732421875,475.5,492.7099914550781,0.0,26802500
2025-11-21,470.0268249511719,472.1199951171875,0.0,478.9200134277344,468.2699890136719,478.5,0.0,31769200
2025-11-24,471.89849853515625,474.0,0.0,476.8999938964844,468.0199890136719,475.0,0.0,34421000
2025-11-25,474.8752136230469,476.989990234375,0.0,479.1499938964844,464.8900146484375,474.07000732421875,0.0,28019800
2025-11-26,483.3475341796875,485.5,0.0,488.30999755859375,481.20001220703125,486.30999755859375,0.0,25709100
2025-11-28,489.82867431640625,492.010009765625,0.0,492.6300048828125,486.6499938964844,487.6000061035156,0.0,14386700
2025-12-01,484.5820007324219,486.739990234375,0.0,489.8599853515625,484.6499938964844,488.44000244140625,0.0,23964000
2025-12-02,487.82757568359375,490.0,0.0,493.5,486.32000732421875,486.7200012207031,0.0,19562700
2025-12-03,475.6119689941406,477.7300109863281,0.0,484.239990234375,475.20001220703125,476.32000732421875,0.0,34615100
2025-12-04,478.70819091796875,480.8399963378906,0.0,481.32000732421875,476.489990234375,479.760009765625,0.0,22318200
2025-12-05,481.01788330078125,483.1600036621094,0.0,483.3999938964844,478.8800048828125,482.5199890136719,0.0,22608700
2025-12-08,488.8430480957031,491.0199890136719,0.0,492.29998779296875,484.3800048828125,484.8900146484375,0.0,21965900
2025-12-09,489.8385925292969,492.0199890136719,0.0,492.1199951171875,488.5,489.1000061035156,0.0,14696100
2025-12-10,476.43829345703125,478.55999755859375,0.0,484.25,475.0799865722656,484.0299987792969,0.0,35756200
2025-12-11,481.3265075683594,483.4700012207031,0.0,486.0299987792969,475.8599853515625,476.6300048828125,0.0,24669200
2025-12-12,476.4084167480469,478.5299987792969,0.0,482.45001220703125,476.3399963378906,479.82000732421875,0.0,21248100
2025-12-15,472.7148742675781,474.82000732421875,0.0,480.7200012207031,472.5199890136719,480.1000061035156,0.0,23727700
2025-12-16,474.2779235839844,476.3900146484375,0.0,477.8900146484375,470.8800048828125,471.9100036621094,0.0,20705600
2025-12-17,474.00909423828125,476.1199951171875,0.0,480.0,475.0,476.9100036621094,0.0,24527200
2025-12-18,481.8342590332031,483.9800109863281,0.0,489.6000061035156,477.8900146484375,478.19000244140625,0.0,28573500
2025-12-19,483.7656555175781,485.9200134277344,0.0,487.8500061035156,482.489990234375,487.3599853515625,0.0,70836100
2025-12-22,482.7701110839844,484.9200134277344,0.0,488.7300109863281,482.69000244140625,486.1199951171875,0.0,16963000
2025-12-23,484.6915283203125,486.8500061035156,0.0,487.8299865722656,484.739990234375,484.9800109863281,0.0,14683600
2025-12-24,485.8563232421875,488.0199890136719,0.0,489.1600036621094,484.8299865722656,485.67999267578125,0.0,5855900
2025-12-26,485.5476989746094,487.7099914550781,0.0,488.1199951171875,485.9599914550781,486.7099914550781,0.0,8842200
2025-12-29,484.9404296875,487.1000061035156,0.0,488.3500061035156,484.17999267578125,484.8599853515625,0.0,10893400
2025-12-30,485.3187255859375,487.4800109863281,0.0,489.67999267578125,485.5,485.92999267578125,0.0,13944500
2025-12-31,481.4758605957031,483.6199951171875,0.0,488.1400146484375,483.29998779296875,487.8399963378906,0.0,15601600
2026-01-02,470.84320068359375,472.94000244140625,0.0,484.6600036621094,470.1600036621094,484.3900146484375,0.0,25571600
2026-01-05,470.7536315917969,472.8500061035156,0.0,476.07000732421875,469.5,474.05999755859375,0.0,25250300
2026-01-06,476.3885192871094,478.510009765625,0.0,478.739990234375,469.75,473.79998779296875,0.0,23037700
2026-01-07,481.3265075683594,483.4700012207031,0.0,489.70001220703125,477.95001220703125,479.760009765625,0.0,25564200
2026-01-08,475.9902648925781,478.1099853515625,0.0,482.6600036621094,475.8599853515625,481.239990234375,0.0,18162600
2026-01-09,477.15509033203125,479.2799987792969,0.0,479.82000732421875,472.20001220703125,474.05999755859375,0.0,18491000
2026-01-12,475.06439208984375,477.17999267578125,0.0,480.989990234375,475.67999267578125,476.6700134277344,0.0,23519900
2026-01-13,468.5832824707031,470.6700134277344,0.0,475.7799987792969,465.95001220703125,474.67999267578125,0.0,28545800
2026-01-14,457.34332275390625,459.3800048828125,0.0,468.20001220703125,457.1700134277344,466.4599914550781,0.0,28184300
2026-01-15,454.6353759765625,456.6600036621094,0.0,464.25,455.8999938964844,464.1199951171875,0.0,23225800
2026-01-16,457.8211669921875,459.8599853515625,0.0,463.19000244140625,456.4800109863281,457.8299865722656,0.0,34246700
2026-01-20,452.5048828125,454.5199890136719,0.0,456.79998779296875,449.2799987792969,451.2200012207031,0.0,26130000
2026-01-21,442.1410217285156,444.1099853515625,0.0,452.69000244140625,438.67999267578125,452.6000061035156,0.0,37980500
2026-01-22,449.1398620605469,451.1400146484375,0.0,452.8399963378906,444.70001220703125,447.6199951171875,0.0,25349400
2026-01-23,463.8841857910156,465.95001220703125,0.0,471.1000061035156,450.5299987792969,451.8699951171875,0.0,38000200
2026-01-26,468.19500732421875,470.2799987792969,0.0,474.25,462.0,465.30999755859375,0.0,29291200
2026-01-27,478.4493103027344,480.5799865722656,0.0,482.8699951171875,473.1600036621094,473.70001220703125,0.0,29213900
2026-01-28,479.49468994140625,481.6300048828125,0.0,483.739990234375,478.0,483.2099914550781,0.0,36875400
2026-01-29,431.57806396484375,433.5,0.0,442.5,421.0199890136719,439.989990234375,0.0,128855300
2026-01-30,428.38232421875,430.2900085449219,0.0,439.6000061035156,426.45001220703125,439.1700134277344,0.0,58566800
2026-02-02,421.49298095703125,423.3699951171875,0.0,430.739990234375,422.25,430.239990234375,0.0,42219900
2026-02-03,409.3868713378906,411.2099914550781,0.0,422.04998779296875,408.55999755859375,422.010009765625,0.0,61424100
2026-02-04,412.3536682128906,414.19000244140625,0.0,419.79998779296875,409.239990234375,411.0,0.0,45012400
2026-02-05,391.9246520996094,393.6700134277344,0.0,408.29998779296875,392.32000732421875,407.44000244140625,0.0,66289200
2026-02-06,399.3615417480469,401.1400146484375,0.0,401.7900085449219,392.9200134277344,399.1700134277344,0.0,53515300
2026-02-09,411.76629638671875,413.6000061035156,0.0,414.8900146484375,400.8699951171875,404.8500061035156,0.0,45480500
2026-02-10,411.437744140625,413.2699890136719,0.0,423.67999267578125,412.70001220703125,419.6199951171875,0.0,44857900
2026-02-11,402.57720947265625,404.3699951171875,0.0,416.4599914550781,401.010009765625,416.17999267578125,0.0,42491000
2026-02-12,400.05841064453125,401.8399963378906,0.0,406.20001220703125,398.010009765625,405.0,0.0,40802400
2026-02-13,399.5407409667969,401.32000732421875,0.0,405.5400085449219,398.04998779296875,404.45001220703125,0.0,34091600
2026-02-17,395.1004943847656,396.8599853515625,0.0,400.5199890136719,394.5299987792969,399.2200012207031,0.0,32078800
2026-02-18,397.828369140625,399.6000061035156,0.0,402.55999755859375,396.32000732421875,398.1300048828125,0.0,23223400
2026-02-19,397.5988464355469,398.4599914550781,0.91,404.42999267578125,396.6700134277344,400.69000244140625,0.0,28234000
2026-02-20,396.37152099609375,397.2300109863281,0.0,400.1199951171875,395.1600036621094,396.1099853515625,0.0,34015200
2026-02-23,383.6390686035156,384.4700012207031,0.0,395.3599853515625,383.1000061035156,395.0,0.0,43238300
2026-02-24,388.1593017578125,389.0,0.0,389.3599853515625,381.7099914550781,384.1400146484375,0.0,33884700
2026-02-25,399.7342224121094,400.6000061035156,0.0,401.4700012207031,390.1600036621094,390.5299987792969,0.0,43625500
2026-02-26,400.851806640625,401.7200012207031,0.0,407.489990234375,398.739990234375,404.7099914550781,0.0,34405900
2026-02-27,391.8912048339844,392.739990234375,0.0,396.82000732421875,389.8800048828125,390.8800048828125,0.0,51367200
2026-03-02,397.6886291503906,398.54998779296875,0.0,401.19000244140625,390.6300048828125,392.8599853515625,0.0,35474900
2026-03-03,403.0570068359375,403.92999267578125,0.0,406.70001220703125,392.6700134277344,393.1400146484375,0.0,38199200
2026-03-04,404.32427978515625,405.20001220703125,0.0,411.0299987792969,400.30999755859375,401.2699890136719,0.0,35808000
2026-03-05,409.79241943359375,410.67999267578125,0.0,411.6099853515625,404.3999938964844,404.4200134277344,0.0,39001300
2026-03-06,408.0761413574219,408.9599914550781,0.0,413.04998779296875,408.510009765625,409.20001220703125,0.0,31123900
2026-03-09,408.5251770019531,409.4100036621094,0.0,410.2099914550781,403.5,404.9200134277344,0.0,30131900
2026-03-10,404.8830871582031,405.760009765625,0.0,410.20001220703125,402.92999267578125,410.0299987792969,0.0,31706400
2026-03-11,404.0049743652344,404.8800048828125,0.0,409.010009765625,401.5899963378906,405.57000732421875,0.0,25512100
2026-03-12,400.9914855957031,401.8599853515625,0.0,406.1199951171875,401.7099914550781,404.6300048828125,0.0,27263900
2026-03-13,394.69512939453125,395.54998779296875,0.0,404.79998779296875,394.25,401.0,0.0,26848000
2026-03-16,399.08563232421875,399.95001220703125,0.0,400.6300048828125,394.7900085449219,398.07000732421875,0.0,27733700
2026-03-17,398.5467834472656,399.4100036621094,0.0,404.3999938964844,397.75,400.2699890136719,0.0,26228300
2026-03-18,390.9432678222656,391.7900085449219,0.0,398.0,391.0,397.1300048828125,0.0,25908500
2026-03-19,388.1792297363281,389.0199890136719,0.0,392.489990234375,387.05999755859375,390.1000061035156,0.0,25138800
2026-03-20,381.0447082519531,381.8699951171875,0.0,387.0,380.1199951171875,386.7900085449219,0.0,50853200
2026-03-23,382.1722717285156,383.0,0.0,387.2099914550781,381.67999267578125,383.8999938964844,0.0,29680100
2026-03-24,371.9344177246094,372.739990234375,0.0,382.4700012207031,371.8500061035156,382.3599853515625,0.0,42733600
2026-03-25,370.2381286621094,371.0400085449219,0.0,377.05999755859375,369.6300048828125,376.9200134277344,0.0,31181200
2026-03-26,365.1790771484375,365.9700012207031,0.0,374.7200012207031,365.19000244140625,370.82000732421875,0.0,36836600
2026-03-27,355.9989318847656,356.7699890136719,0.0,362.45001220703125,356.510009765625,361.8999938964844,0.0,37883400
2026-03-30,358.1842041015625,358.9599914550781,0.0,365.3599853515625,356.2799987792969,361.8999938964844,0.0,44797000
2026-03-31,369.3699951171875,370.1700134277344,0.0,372.8999938964844,363.07000732421875,364.54998779296875,0.0,45244400
2026-04-01,368.57171630859375,369.3699951171875,0.0,373.989990234375,368.20001220703125,373.489990234375,0.0,29417200
2026-04-02,372.6528625488281,373.4599914550781,0.0,373.6400146484375,364.1499938964844,367.2099914550781,0.0,24099100
2026-04-06,372.0741271972656,372.8800048828125,0.0,373.7300109863281,369.5,373.489990234375,0.0,16146600
2026-04-07,371.48541259765625,372.2900085449219,0.0,372.45001220703125,366.55999755859375,370.3399963378906,0.0,21443300
2026-04-08,373.52099609375,374.3299865722656,0.0,385.0,371.4100036621094,384.9800109863281,0.0,33064800
2026-04-09,372.26373291015625,373.07000732421875,0.0,373.5,367.04998779296875,372.5,0.0,30435300
2026-04-10,370.0684814453125,370.8699951171875,0.0,375.6400146484375,370.0299987792969,372.9800109863281,0.0,28111100
2026-04-13,383.539306640625,384.3699951171875,0.0,384.5400085449219,371.0199890136719,373.6099853515625,0.0,35745800
2026-04-14,392.2604064941406,393.1099853515625,0.0,394.69000244140625,386.5199890136719,387.9200134277344,0.0,37504500
2026-04-15,410.3312683105469,411.2200012207031,0.0,414.3699951171875,396.7300109863281,398.0,0.0,45063400
2026-04-16,419.35174560546875,420.260009765625,0.0,420.82000732421875,412.1400146484375,419.8599853515625,0.0,41642400
2026-04-17,421.87628173828125,422.7900085449219,0.0,431.5799865722656,420.69000244140625,424.82000732421875,0.0,48568200
2026-04-20,417.1664733886719,418.07000732421875,0.0,423.3299865722656,416.29998779296875,421.1499938964844,0.0,27582200
2026-04-21,423.2433166503906,424.1600036621094,0.0,427.17999267578125,417.20001220703125,420.239990234375,0.0,32048500
2026-04-22,431.984375,432.9200134277344,0.0,433.70001220703125,423.6700134277344,426.19000244140625,0.0,29378200
2026-04-23,414.8514709472656,415.75,0.0,423.6600036621094,411.4100036621094,419.8900146484375,0.0,38308000
2026-04-24,423.7023010253906,424.6199951171875,0.0,424.95001220703125,415.79998779296875,416.9700012207031,0.0,27457400
2026-04-27,423.9018859863281,424.82000732421875,0.0,427.1099853515625,417.07000732421875,422.3800048828125,0.0,30867300
2026-04-28,428.3222961425781,429.25,0.0,429.9200134277344,421.8999938964844,424.57000732421875,0.0,30438100
2026-04-29,423.5426330566406,424.4599914550781,0.0,426.82000732421875,420.2900085449219,424.5799865722656,0.0,38288300
2026-04-30,406.8987121582031,407.7799987792969,0.0,414.4200134277344,398.010009765625,410.80999755859375,0.0,70909400
2026-05-01,413.5443115234375,414.44000244140625,0.0,417.1099853515625,410.44000244140625,412.79998779296875,0.0,31372400
2026-05-04,412.72607421875,413.6199951171875,0.0,420.7799987792969,410.79998779296875,411.5400085449219,0.0,28066500
2026-05-05,410.4909362792969,411.3800048828125,0.0,416.7799987792969,408.79998779296875,415.32000732421875,0.0,25700900
2026-05-06,413.0653381347656,413.9599914550781,0.0,418.4200134277344,405.1099853515625,408.0,0.0,30285900
2026-05-07,419.8606262207031,420.7699890136719,0.0,427.9800109863281,418.760009765625,420.1099853515625,0.0,34942400
2026-05-08,414.22283935546875,415.1199951171875,0.0,418.6300048828125,414.0,417.3900146484375,0.0,33383800
2026-05-11,411.7681579589844,412.6600036621094,0.0,412.69000244140625,405.5,407.8699951171875,0.0,35657900
2026-05-12,406.8887023925781,407.7699890136719,0.0,415.5,406.6400146484375,414.4800109863281,0.0,38594200
2026-05-13,404.3342590332031,405.2099914550781,0.0,406.30999755859375,401.0299987792969,403.20001220703125,0.0,29667100
2026-05-14,408.5451354980469,409.42999267578125,0.0,411.8399963378906,400.8800048828125,404.4800109863281,0.0,27077500
2026-05-15,421.0081481933594,421.9200134277344,0.0,428.1700134277344,412.9100036621094,414.2699890136719,0.0,50771200
2026-05-18,422.6246643066406,423.5400085449219,0.0,425.1199951171875,415.6099853515625,416.6199951171875,0.0,32564100
2026-05-19,416.51788330078125,417.4200134277344,0.0,432.70001220703125,416.489990234375,429.8999938964844,0.0,33018700
2026-05-20,420.1499938964844,421.05999755859375,0.0,422.1000061035156,411.29998779296875,414.1700134277344,0.0,27864000
2026-05-21,419.0899963378906,419.0899963378906,0.91,426.3399963378906,415.7099914550781,424.75,0.0,31393500
2026-05-22,418.57000732421875,418.57000732421875,0.0,424.3999938964844,416.3299865722656,419.5400085449219,0.0,22390300
2026-05-26,416.0299987792969,416.0299987792969,0.0,419.7699890136719,413.0199890136719,416.42999267578125,0.0,30398000
2026-05-27,412.6700134277344,412.6700134277344,0.0,415.94000244140625,409.5799865722656,411.010009765625,0.0,28901500
2026-05-28,426.989990234375,426.989990234375,0.0,429.489990234375,412.6700134277344,412.9800109863281,0.0,47250500
2026-05-29,450.239990234375,450.239990234375,0.0,450.3299865722656,432.3599853515625,432.54998779296875,0.0,79654400
2026-06-01,460.5199890136719,460.5199890136719,0.0,466.32000732421875,458.2699890136719,464.8399963378906,0.0,53628900
2026-06-02,441.30999755859375,441.30999755859375,0.0,453.5,440.42999267578125,446.8800048828125,0.0,37036800
2026-06-03,427.3399963378906,427.3399963378906,0.0,440.3900146484375,424.25,438.45001220703125,0.0,39037000
2026-06-04,428.04998779296875,428.04998779296875,0.0,436.1499938964844,426.4100036621094,435.80999755859375,0.0,26899500
2026-06-05,416.6700134277344,416.6700134277344,0.0,429.4700012207031,414.3999938964844,428.3399963378906,0.0,34782200
2026-06-08,411.739990234375,411.739990234375,0.0,417.1600036621094,408.55999755859375,414.1400146484375,0.0,32086700
2026-06-09,403.4100036621094,403.4100036621094,0.0,411.9800109863281,398.4800109863281,409.0299987792969,0.0,35317300
2026-06-10,397.3599853515625,397.3599853515625,0.0,405.0400085449219,397.1600036621094,398.54998779296875,0.0,32576000
2026-06-11,390.3399963378906,390.3399963378906,0.0,396.8500061035156,384.0,395.2099914550781,0.0,47224100
2026-06-12,390.739990234375,390.739990234375,0.0,391.739990234375,382.2699890136719,391.42999267578125,0.0,34865800
2026-06-15,399.760009765625,399.760009765625,0.0,401.75,392.8500061035156,396.79998779296875,0.0,32266400
2026-06-16,393.8299865722656,393.8299865722656,0.0,396.8399963378906,390.69000244140625,395.7900085449219,0.0,31506800
2026-06-17,378.9100036621094,378.9100036621094,0.0,390.3699951171875,377.32000732421875,390.25,0.0,41987800
2026-06-18,379.3999938964844,379.3999938964844,0.0,381.3699951171875,373.2799987792969,377.82000732421875,0.0,59714200
2026-06-22,367.3399963378906,367.3399963378906,0.0,381.6300048828125,367.07000732421875,375.739990234375,0.0,45171100
2026-06-23,373.94000244140625,373.94000244140625,0.0,377.2200012207031,370.6700134277344,372.3800048828125,0.0,40647600
2026-06-24,365.4599914550781,365.4599914550781,0.0,378.8800048828125,364.7799987792969,371.57000732421875,0.0,44509900
2026-06-25,352.8299865722656,352.8299865722656,0.0,364.2300109863281,349.20001220703125,362.7699890136719,0.0,66179000
2026-06-26,372.9700012207031,372.9700012207031,0.0,376.6099853515625,355.42999267578125,357.1499938964844,0.0,186201600
2026-06-29,368.57000732421875,368.57000732421875,0.0,380.5,359.8999938964844,377.5,0.0,51229900
2026-06-30,373.0199890136719,373.0199890136719,0.0,374.1499938964844,367.45001220703125,371.0299987792969,0.0,44945700
2026-07-01,384.2799987792969,384.2799987792969,0.0,388.8299865722656,374.8900146484375,380.8299865722656,0.0,48065800
2026-07-02,390.489990234375,390.489990234375,0.0,392.20001220703125,383.70001220703125,384.4800109863281,0.0,42128900
2026-07-06,386.739990234375,386.739990234375,0.0,389.1499938964844,381.2200012207031,387.0400085449219,0.0,34224500
2026-07-07,388.8399963378906,388.8399963378906,0.0,395.57000732421875,388.2200012207031,392.489990234375,0.0,29297500
2026-07-08,383.3399963378906,383.3399963378906,0.0,385.30999755859375,381.3299865722656,384.0299987792969,0.0,25908300
2026-07-09,384.3599853515625,384.3599853515625,0.0,384.6499938964844,373.3500061035156,374.45001220703125,0.0,31083200
2026-07-10,385.1000061035156,385.1000061035156,0.0,391.9100036621094,381.5,387.79998779296875,0.0,24644600
2026-07-13,390.989990234375,390.989990234375,0.0,393.6499938964844,384.1499938964844,387.75,0.0,28914900
2026-07-14,384.92999267578125,384.92999267578125,0.0,388.19000244140625,378.6499938964844,382.82000732421875,0.0,27863900
2026-07-15,395.6300048828125,395.6300048828125,0.0,398.9599914550781,386.3999938964844,387.79998779296875,0.0,36253700
2026-07-16,401.1000061035156,401.1000061035156,0.0,405.989990234375,392.04998779296875,398.30999755859375,0.0,37047400
2026-07-17,393.82000732421875,393.82000732421875,0.0,398.3900146484375,389.3900146484375,394.8599853515625,0.0,33049800
2026-07-20,402.2900085449219,402.2900085449219,0.0,403.17999267578125,389.6499938964844,391.4100036621094,0.0,27915800
2026-07-21,397.75,397.75,0.0,401.4700012207031,396.32000732421875,398.80999755859375,0.0,24126600
2026-07-22,390.3399963378906,390.3399963378906,0.0,401.0,386.9599914550781,399.5799865722656,0.0,28142500
2026-07-23,381.5799865722656,381.5799865722656,0.0,391.7799987792969,377.3900146484375,389.9700012207031,0.0,30351800
2026-07-24,381.70001220703125,381.70001220703125,0.0,389.0299987792969,380.6499938964844,387.04998779296875,0.0,27659400
2026-07-27,389.1000061035156,389.1000061035156,0.0,394.20001220703125,387.989990234375,390.0799865722656,0.0,27856200
2026-07-28,393.3500061035156,393.3500061035156,0.0,400.32000732421875,391.29998779296875,393.1600036621094,0.0,32367500
2026-07-29,390.5400085449219,390.5400085449219,0.0,401.25,388.739990234375,393.3999938964844,0.0,47209000
2026-07-30,451.1000061035156,451.1000061035156,0.0,458.69000244140625,432.44000244140625,437.8999938964844,0.0,110160700
2026-07-31,464.7200012207031,464.7200012207031,0.0,466.8399963378906,449.3299865722656,450.0,0.0,60846000
2026-08-03,487.6499938964844,487.6499938964844,0.0,491.6499938964844,475.0,476.1300048828125,0.0,66762100
2026-08-04,492.80999755859375,492.80999755859375,0.0,499.44000244140625,479.1700134277344,480.8999938964844,0.0,50455500
2026-08-05,487.4599914550781,487.4599914550781,0.0,498.239990234375,485.67999267578125,496.3599853515625,0.0,33388900
2026-08-06,499.8599853515625,499.8599853515625,0.0,501.55999755859375,488.5199890136719,488.54998779296875,0.0,36441500
2026-08-07,499.989990234375,499.989990234375,0.0,505.17999267578125,498.7300109863281,499.2099914550781,0.0,28846200
2026-08-10,506.05999755859375,506.05999755859375,0.0,513.72998046875,502.2699890136719,503.44000244140625,0.0,31206100
2026-08-11,503.80999755859375,503.80999755859375,0.0,505.3299865722656,499.54998779296875,504.3299865722656,0.0,23049800
2026-08-12,492.42999267578125,492.42999267578125,0.0,501.5,491.5199890136719,499.989990234375,0.0,29001500
