Date,Adj Close,Capital Gains,Close,Dividends,High,Low,Open,Stock Splits,Volume
2011-06-16,16.391277313232422,0.0,19.700000762939453,0.0,19.700000762939453,19.700000762939453,19.700000762939453,0.0,100
2011-06-17,16.391277313232422,0.0,19.700000762939453,0.0,19.700000762939453,19.700000762939453,19.700000762939453,0.0,0
2011-06-20,16.391277313232422,0.0,19.700000762939453,0.0,19.700000762939453,19.700000762939453,19.700000762939453,0.0,0
2011-06-21,16.69081687927246,0.0,20.059999465942383,0.0,20.059999465942383,20.059999465942383,20.059999465942383,0.0,800
2011-06-22,16.69081687927246,0.0,20.059999465942383,0.0,20.059999465942383,20.059999465942383,20.059999465942383,0.0,500
2011-06-23,16.45783805847168,0.0,19.780000686645508,0.0,19.780000686645508,19.780000686645508,19.780000686645508,0.0,2300
2011-06-24,16.45783805847168,0.0,19.780000686645508,0.0,19.780000686645508,19.780000686645508,19.780000686645508,0.0,0
2011-06-27,16.482803344726562,0.0,19.809999465942383,0.0,19.809999465942383,19.809999465942383,19.809999465942383,0.0,500
2011-06-28,16.674177169799805,0.0,20.040000915527344,0.0,20.040000915527344,20.040000915527344,20.040000915527344,0.0,800
2011-06-29,16.674177169799805,0.0,20.040000915527344,0.0,20.040000915527344,20.040000915527344,20.040000915527344,0.0,0
2011-06-30,16.873865127563477,0.0,20.280000686645508,0.0,20.280000686645508,20.280000686645508,20.280000686645508,0.0,96000
2011-07-01,17.048599243164062,0.0,20.489999771118164,0.0,20.489999771118164,20.489999771118164,20.489999771118164,0.0,500
2011-07-05,17.25660514831543,0.0,20.739999771118164,0.0,20.809999465942383,20.739999771118164,20.809999465942383,0.0,600
2011-07-06,17.25660514831543,0.0,20.739999771118164,0.0,20.739999771118164,20.739999771118164,20.739999771118164,0.0,0
2011-07-07,17.547821044921875,0.0,21.09000015258789,0.0,21.09000015258789,21.09000015258789,21.09000015258789,0.0,700
2011-07-08,17.34813117980957,0.0,20.850000381469727,0.0,20.850000381469727,20.850000381469727,20.850000381469727,0.0,2600
2011-07-11,17.18171501159668,0.0,20.649999618530273,0.0,20.729999542236328,20.649999618530273,20.729999542236328,0.0,2700
2011-07-12,17.140121459960938,0.0,20.600000381469727,0.0,20.670000076293945,20.600000381469727,20.670000076293945,0.0,1100
2011-07-13,17.165082931518555,0.0,20.6299991607666,0.0,20.6299991607666,20.6299991607666,20.6299991607666,0.0,200
2011-07-14,17.156768798828125,0.0,20.6200008392334,0.0,20.6200008392334,20.6200008392334,20.6200008392334,0.0,300
2011-07-15,17.0985164642334,0.0,20.549999237060547,0.0,20.549999237060547,20.549999237060547,20.549999237060547,0.0,100
2011-07-18,16.998672485351562,0.0,20.43000030517578,0.0,20.43000030517578,20.43000030517578,20.43000030517578,0.0,100
2011-07-19,17.165082931518555,0.0,20.6299991607666,0.0,20.6299991607666,20.6299991607666,20.6299991607666,0.0,200
2011-07-20,17.364776611328125,0.0,20.8700008392334,0.0,20.8700008392334,20.8700008392334,20.8700008392334,0.0,200
2011-07-21,17.464616775512695,0.0,20.989999771118164,0.0,21.0,20.959999084472656,21.0,0.0,600
2011-07-22,17.464616775512695,0.0,20.989999771118164,0.0,20.989999771118164,20.989999771118164,20.989999771118164,0.0,0
2011-07-25,17.5644588470459,0.0,21.110000610351562,0.0,21.110000610351562,21.110000610351562,21.110000610351562,0.0,500
2011-07-26,17.49790382385254,0.0,21.030000686645508,0.0,21.06999969482422,21.030000686645508,21.06999969482422,0.0,1300
2011-07-27,17.49790382385254,0.0,21.030000686645508,0.0,21.030000686645508,21.030000686645508,21.030000686645508,0.0,0
2011-07-28,17.29821014404297,0.0,20.790000915527344,0.0,20.790000915527344,20.6299991607666,20.6299991607666,0.0,900
2011-07-29,16.94043731689453,0.0,20.360000610351562,0.0,20.450000762939453,20.360000610351562,20.450000762939453,0.0,800
2011-08-01,17.25660514831543,0.0,20.739999771118164,0.0,20.739999771118164,20.739999771118164,20.739999771118164,0.0,300
2011-08-02,16.74074363708496,0.0,20.1200008392334,0.0,20.25,20.1200008392334,20.25,0.0,1100
2011-08-03,16.5244083404541,0.0,19.860000610351562,0.0,19.860000610351562,19.84000015258789,19.84000015258789,0.0,1800
2011-08-04,16.5244083404541,0.0,19.860000610351562,0.0,19.860000610351562,19.860000610351562,19.860000610351562,0.0,0
2011-08-05,15.875409126281738,0.0,19.079999923706055,0.0,19.219999313354492,19.079999923706055,19.219999313354492,0.0,2500
2011-08-08,15.1598539352417,0.0,18.219999313354492,0.0,18.93000030517578,18.219999313354492,18.93000030517578,0.0,3300
2011-08-09,15.15153694152832,0.0,18.209999084472656,0.0,18.25,18.209999084472656,18.25,0.0,400
2011-08-10,14.993444442749023,0.0,18.020000457763672,0.0,18.530000686645508,18.020000457763672,18.530000686645508,0.0,600
2011-08-11,15.084966659545898,0.0,18.1299991607666,0.0,18.1299991607666,18.1299991607666,18.1299991607666,0.0,600
2011-08-12,15.750609397888184,0.0,18.93000030517578,0.0,19.010000228881836,18.90999984741211,18.90999984741211,0.0,2200
2011-08-15,15.941972732543945,0.0,19.15999984741211,0.0,19.15999984741211,19.09000015258789,19.09000015258789,0.0,1900
2011-08-16,15.92533016204834,0.0,19.139999389648438,0.0,19.149999618530273,19.139999389648438,19.149999618530273,0.0,1500
2011-08-17,15.92533016204834,0.0,19.139999389648438,0.0,19.139999389648438,19.139999389648438,19.139999389648438,0.0,0
2011-08-18,15.201455116271973,0.0,18.270000457763672,0.0,18.270000457763672,18.270000457763672,18.270000457763672,0.0,1700
2011-08-19,15.4177885055542,0.0,18.530000686645508,0.0,18.530000686645508,18.530000686645508,18.530000686645508,0.0,100
2011-08-22,15.043370246887207,0.0,18.079999923706055,0.0,18.079999923706055,18.079999923706055,18.079999923706055,0.0,500
2011-08-23,15.218098640441895,0.0,18.290000915527344,0.0,18.290000915527344,18.290000915527344,18.290000915527344,0.0,1000
2011-08-24,15.492674827575684,0.0,18.6200008392334,0.0,18.6200008392334,18.6200008392334,18.6200008392334,0.0,400
2011-08-25,15.484354019165039,0.0,18.610000610351562,0.0,19.270000457763672,18.610000610351562,19.270000457763672,0.0,900
2011-08-26,15.534274101257324,0.0,18.670000076293945,0.0,18.670000076293945,18.260000228881836,18.280000686645508,0.0,34000
2011-08-29,15.534274101257324,0.0,18.670000076293945,0.0,18.670000076293945,18.670000076293945,18.670000076293945,0.0,0
2011-08-30,16.108381271362305,0.0,19.360000610351562,0.0,19.360000610351562,19.239999771118164,19.239999771118164,0.0,900
2011-08-31,16.108381271362305,0.0,19.360000610351562,0.0,19.5,19.34000015258789,19.5,0.0,600
2011-09-01,16.016860961914062,0.0,19.25,0.0,19.450000762939453,19.25,19.450000762939453,0.0,10000
2011-09-02,15.692361831665039,0.0,18.860000610351562,0.0,18.860000610351562,18.860000610351562,18.860000610351562,0.0,500
2011-09-06,15.392827033996582,0.0,18.5,0.0,18.5,18.43000030517578,18.43000030517578,0.0,45200
2011-09-07,15.392827033996582,0.0,18.5,0.0,18.5,18.5,18.5,0.0,0
2011-09-08,15.833821296691895,0.0,19.030000686645508,0.0,19.030000686645508,19.030000686645508,19.030000686645508,0.0,300
2011-09-09,15.359548568725586,0.0,18.459999084472656,0.0,18.84000015258789,18.459999084472656,18.84000015258789,0.0,1100
2011-09-12,15.268021583557129,0.0,18.350000381469727,0.0,19.260000228881836,18.350000381469727,19.260000228881836,0.0,800
2011-09-13,15.268021583557129,0.0,18.350000381469727,0.0,18.350000381469727,18.350000381469727,18.350000381469727,0.0,0
2011-09-14,15.268021583557129,0.0,18.350000381469727,0.0,18.350000381469727,18.350000381469727,18.350000381469727,0.0,0
2011-09-15,15.268021583557129,0.0,18.350000381469727,0.0,18.350000381469727,18.350000381469727,18.350000381469727,0.0,0
2011-09-16,15.323135375976562,0.0,18.350000381469727,0.066,18.350000381469727,18.350000381469727,18.350000381469727,0.0,0
2011-09-19,15.899314880371094,0.0,19.040000915527344,0.0,19.040000915527344,19.040000915527344,19.040000915527344,0.0,300
2011-09-20,15.899314880371094,0.0,19.040000915527344,0.0,19.040000915527344,19.040000915527344,19.040000915527344,0.0,0
2011-09-21,15.640448570251465,0.0,18.729999542236328,0.0,19.040000915527344,18.729999542236328,19.010000228881836,0.0,10100
2011-09-22,14.84715747833252,0.0,17.780000686645508,0.0,17.969999313354492,17.780000686645508,17.969999313354492,0.0,800
2011-09-23,14.84715747833252,0.0,17.780000686645508,0.0,17.780000686645508,17.780000686645508,17.780000686645508,0.0,0
2011-09-26,15.256329536437988,0.0,18.270000457763672,0.0,18.290000915527344,18.06999969482422,18.219999313354492,0.0,8300
2011-09-27,15.256329536437988,0.0,18.270000457763672,0.0,18.270000457763672,18.270000457763672,18.270000457763672,0.0,0
2011-09-28,15.273035049438477,0.0,18.290000915527344,0.0,18.56999969482422,18.290000915527344,18.56999969482422,0.0,7200
2011-09-29,15.05592155456543,0.0,18.030000686645508,0.0,18.56999969482422,18.030000686645508,18.56999969482422,0.0,12400
2011-09-30,14.96406078338623,0.0,17.920000076293945,0.0,18.030000686645508,17.920000076293945,18.0,0.0,3000
2011-10-03,14.546542167663574,0.0,17.420000076293945,0.0,17.739999771118164,17.420000076293945,17.739999771118164,0.0,1900
2011-10-04,14.70520305633545,0.0,17.610000610351562,0.0,18.600000381469727,17.149999618530273,18.600000381469727,0.0,14900
2011-10-05,14.70520305633545,0.0,17.610000610351562,0.0,17.610000610351562,17.610000610351562,17.610000610351562,0.0,0
2011-10-06,14.70520305633545,0.0,17.610000610351562,0.0,17.610000610351562,17.610000610351562,17.610000610351562,0.0,0
2011-10-07,14.70520305633545,0.0,17.610000610351562,0.0,17.610000610351562,17.610000610351562,17.610000610351562,0.0,0
2011-10-10,14.70520305633545,0.0,17.610000610351562,0.0,17.610000610351562,17.610000610351562,17.610000610351562,0.0,0
2011-10-11,15.757354736328125,0.0,18.8700008392334,0.0,18.899999618530273,18.670000076293945,18.670000076293945,0.0,1100
2011-10-12,15.890976905822754,0.0,19.030000686645508,0.0,19.030000686645508,19.030000686645508,19.030000686645508,0.0,100
2011-10-13,15.874266624450684,0.0,19.010000228881836,0.0,19.010000228881836,19.010000228881836,19.010000228881836,0.0,200
2011-10-14,15.874266624450684,0.0,19.010000228881836,0.0,19.010000228881836,19.010000228881836,19.010000228881836,0.0,0
2011-10-17,15.874266624450684,0.0,19.010000228881836,0.0,19.010000228881836,19.010000228881836,19.010000228881836,0.0,0
2011-10-18,16.191591262817383,0.0,19.389999389648438,0.0,19.389999389648438,19.389999389648438,19.389999389648438,0.0,2500
2011-10-19,16.183238983154297,0.0,19.3799991607666,0.0,19.40999984741211,19.3799991607666,19.40999984741211,0.0,300
2011-10-20,16.183238983154297,0.0,19.3799991607666,0.0,19.3799991607666,19.3799991607666,19.3799991607666,0.0,0
2011-10-21,16.183238983154297,0.0,19.3799991607666,0.0,19.3799991607666,19.3799991607666,19.3799991607666,0.0,0
2011-10-24,16.458797454833984,0.0,19.709999084472656,0.0,19.760000228881836,19.670000076293945,19.75,0.0,1900
2011-10-25,16.208280563354492,0.0,19.40999984741211,0.0,20.059999465942383,19.40999984741211,19.489999771118164,0.0,3300
2011-10-26,16.308496475219727,0.0,19.530000686645508,0.0,19.610000610351562,19.350000381469727,19.350000381469727,0.0,2300
2011-10-27,16.7761173248291,0.0,20.09000015258789,0.0,20.09000015258789,20.09000015258789,20.09000015258789,0.0,500
2011-10-28,17.001585006713867,0.0,20.360000610351562,0.0,20.829999923706055,20.229999542236328,20.229999542236328,0.0,4000
2011-10-31,16.717668533325195,0.0,20.020000457763672,0.0,20.1299991607666,20.020000457763672,20.100000381469727,0.0,5400
2011-11-01,16.16653060913086,0.0,19.360000610351562,0.0,19.5,19.350000381469727,19.5,0.0,9100
2011-11-02,16.366941452026367,0.0,19.600000381469727,0.0,19.600000381469727,19.600000381469727,19.600000381469727,0.0,100
2011-11-03,16.458797454833984,0.0,19.709999084472656,0.0,20.979999542236328,19.709999084472656,20.979999542236328,0.0,700
2011-11-04,16.567358016967773,0.0,19.84000015258789,0.0,19.84000015258789,19.84000015258789,19.84000015258789,0.0,300
2011-11-07,16.567358016967773,0.0,19.84000015258789,0.0,19.84000015258789,19.84000015258789,19.84000015258789,0.0,0
2011-11-08,16.926427841186523,0.0,20.270000457763672,0.0,20.270000457763672,20.170000076293945,20.170000076293945,0.0,1500
2011-11-09,16.567358016967773,0.0,19.84000015258789,0.0,19.84000015258789,19.84000015258789,19.84000015258789,0.0,100
2011-11-10,16.567358016967773,0.0,19.84000015258789,0.0,19.84000015258789,19.84000015258789,19.84000015258789,0.0,0
2011-11-11,16.567358016967773,0.0,19.84000015258789,0.0,19.84000015258789,19.84000015258789,19.84000015258789,0.0,0
2011-11-14,16.60910987854004,0.0,19.889999389648438,0.0,19.90999984741211,19.889999389648438,19.90999984741211,0.0,1100
2011-11-15,16.73436737060547,0.0,20.040000915527344,0.0,20.040000915527344,20.040000915527344,20.040000915527344,0.0,500
2011-11-16,16.54230499267578,0.0,19.809999465942383,0.0,20.510000228881836,19.799999237060547,20.0,0.0,9900
2011-11-17,16.54230499267578,0.0,19.809999465942383,0.0,19.809999465942383,19.809999465942383,19.809999465942383,0.0,0
2011-11-18,16.191591262817383,0.0,19.389999389648438,0.0,19.40999984741211,19.299999237060547,19.40999984741211,0.0,800
2011-11-21,16.191591262817383,0.0,19.389999389648438,0.0,19.389999389648438,19.389999389648438,19.389999389648438,0.0,0
2011-11-22,15.882617950439453,0.0,19.020000457763672,0.0,19.09000015258789,19.020000457763672,19.079999923706055,0.0,2900
2011-11-23,15.882617950439453,0.0,19.020000457763672,0.0,19.020000457763672,19.020000457763672,19.020000457763672,0.0,0
2011-11-25,15.882617950439453,0.0,19.020000457763672,0.0,19.020000457763672,19.020000457763672,19.020000457763672,0.0,0
2011-11-28,15.840860366821289,0.0,18.969999313354492,0.0,18.969999313354492,18.969999313354492,18.969999313354492,0.0,200
2011-11-29,15.91601848602295,0.0,19.059999465942383,0.0,19.549999237060547,19.049999237060547,19.1200008392334,0.0,10400
2011-11-30,16.38364601135254,0.0,19.6200008392334,0.0,19.670000076293945,19.6200008392334,19.639999389648438,0.0,2300
2011-12-01,16.567358016967773,0.0,19.84000015258789,0.0,19.84000015258789,19.84000015258789,19.84000015258789,0.0,200
2011-12-02,16.567358016967773,0.0,19.84000015258789,0.0,19.84000015258789,19.84000015258789,19.84000015258789,0.0,0
2011-12-05,16.58405303955078,0.0,19.860000610351562,0.0,20.030000686645508,19.860000610351562,20.030000686645508,0.0,2500
2011-12-06,16.592405319213867,0.0,19.8700008392334,0.0,19.8700008392334,19.81999969482422,19.81999969482422,0.0,800
2011-12-07,16.5506534576416,0.0,19.81999969482422,0.0,19.829999923706055,19.81999969482422,19.829999923706055,0.0,300
2011-12-08,16.709312438964844,0.0,20.010000228881836,0.0,20.010000228881836,19.729999542236328,19.729999542236328,0.0,800
2011-12-09,16.592405319213867,0.0,19.8700008392334,0.0,19.8700008392334,19.65999984741211,19.65999984741211,0.0,900
2011-12-12,16.39198875427246,0.0,19.6299991607666,0.0,19.6299991607666,19.6299991607666,19.6299991607666,0.0,200
2011-12-13,16.39198875427246,0.0,19.6299991607666,0.0,19.6299991607666,19.6299991607666,19.6299991607666,0.0,0
2011-12-14,16.04962158203125,0.0,19.219999313354492,0.0,19.329999923706055,19.219999313354492,19.329999923706055,0.0,1100
2011-12-15,16.074668884277344,0.0,19.25,0.0,19.549999237060547,19.25,19.420000076293945,0.0,1800
2011-12-16,16.162843704223633,0.0,19.25,0.105,19.25,19.25,19.25,0.0,0
2011-12-19,15.877361297607422,0.0,18.90999984741211,0.0,19.059999465942383,18.899999618530273,19.0,0.0,3400
2011-12-20,16.355947494506836,0.0,19.479999542236328,0.0,19.479999542236328,19.479999542236328,19.479999542236328,0.0,600
2011-12-21,16.229997634887695,0.0,19.329999923706055,0.0,19.329999923706055,19.329999923706055,19.329999923706055,0.0,300
2011-12-22,16.456707000732422,0.0,19.600000381469727,0.0,19.600000381469727,19.600000381469727,19.600000381469727,0.0,300
2011-12-23,16.456707000732422,0.0,19.600000381469727,0.0,19.600000381469727,19.600000381469727,19.600000381469727,0.0,0
2011-12-27,16.633031845092773,0.0,19.809999465942383,0.0,19.809999465942383,19.809999465942383,19.809999465942383,0.0,900
2011-12-28,16.381149291992188,0.0,19.510000228881836,0.0,19.549999237060547,19.510000228881836,19.549999237060547,0.0,1300
2011-12-29,16.381149291992188,0.0,19.510000228881836,0.0,19.510000228881836,19.510000228881836,19.510000228881836,0.0,0
2011-12-30,16.490291595458984,0.0,19.639999389648438,0.0,19.65999984741211,19.639999389648438,19.65999984741211,0.0,300
2012-01-03,16.78416633605957,0.0,19.989999771118164,0.0,20.040000915527344,19.989999771118164,20.040000915527344,0.0,500
2012-01-04,16.750577926635742,0.0,19.950000762939453,0.0,19.950000762939453,19.25,19.25,0.0,1200
2012-01-05,16.750577926635742,0.0,19.950000762939453,0.0,19.950000762939453,19.950000762939453,19.950000762939453,0.0,0
2012-01-06,16.859729766845703,0.0,20.079999923706055,0.0,20.079999923706055,20.059999465942383,20.079999923706055,0.0,3100
2012-01-09,16.817745208740234,0.0,20.030000686645508,0.0,20.030000686645508,20.030000686645508,20.030000686645508,0.0,1000
2012-01-10,16.98567008972168,0.0,20.229999542236328,0.0,20.229999542236328,20.229999542236328,20.229999542236328,0.0,1100
2012-01-11,16.994068145751953,0.0,20.239999771118164,0.0,20.239999771118164,20.149999618530273,20.149999618530273,0.0,28600
2012-01-12,16.952083587646484,0.0,20.190000534057617,0.0,20.190000534057617,20.190000534057617,20.190000534057617,0.0,600
2012-01-13,16.952083587646484,0.0,20.190000534057617,0.0,20.190000534057617,20.190000534057617,20.190000534057617,0.0,0
2012-01-17,17.120018005371094,0.0,20.389999389648438,0.0,20.389999389648438,20.389999389648438,20.389999389648438,0.0,200
2012-01-18,17.203981399536133,0.0,20.489999771118164,0.0,20.489999771118164,20.489999771118164,20.489999771118164,0.0,2400
2012-01-19,17.34671401977539,0.0,20.65999984741211,0.0,20.68000030517578,20.65999984741211,20.68000030517578,0.0,500
2012-01-20,17.34671401977539,0.0,20.65999984741211,0.0,20.65999984741211,20.65999984741211,20.65999984741211,0.0,0
2012-01-23,17.39708709716797,0.0,20.719999313354492,0.0,20.719999313354492,20.719999313354492,20.719999313354492,0.0,2400
2012-01-24,17.371902465820312,0.0,20.690000534057617,0.0,20.690000534057617,20.670000076293945,20.670000076293945,0.0,8200
2012-01-25,17.371902465820312,0.0,20.690000534057617,0.0,20.690000534057617,20.690000534057617,20.690000534057617,0.0,0
2012-01-26,17.514636993408203,0.0,20.860000610351562,0.0,20.860000610351562,20.860000610351562,20.860000610351562,0.0,300
2012-01-27,17.514636993408203,0.0,20.860000610351562,0.0,20.860000610351562,20.860000610351562,20.860000610351562,0.0,0
2012-01-30,17.514636993408203,0.0,20.860000610351562,0.0,20.860000610351562,20.860000610351562,20.860000610351562,0.0,0
2012-01-31,17.472658157348633,0.0,20.809999465942383,0.0,20.809999465942383,20.68000030517578,20.760000228881836,0.0,2100
2012-02-01,17.64897918701172,0.0,21.020000457763672,0.0,21.020000457763672,21.020000457763672,21.020000457763672,0.0,800
2012-02-02,17.657371520996094,0.0,21.030000686645508,0.0,21.030000686645508,21.030000686645508,21.030000686645508,0.0,800
2012-02-03,17.657371520996094,0.0,21.030000686645508,0.0,21.030000686645508,21.030000686645508,21.030000686645508,0.0,0
2012-02-06,17.892480850219727,0.0,21.309999465942383,0.0,21.309999465942383,21.309999465942383,21.309999465942383,0.0,1000
2012-02-07,18.001619338989258,0.0,21.440000534057617,0.0,21.440000534057617,21.440000534057617,21.440000534057617,0.0,800
2012-02-08,17.984830856323242,0.0,21.420000076293945,0.0,21.420000076293945,21.399999618530273,21.399999618530273,0.0,2400
2012-02-09,18.04360580444336,0.0,21.489999771118164,0.0,21.489999771118164,21.440000534057617,21.450000762939453,0.0,4200
2012-02-10,17.88407325744629,0.0,21.299999237060547,0.0,21.350000381469727,21.299999237060547,21.350000381469727,0.0,3200
2012-02-13,18.010019302368164,0.0,21.450000762939453,0.0,21.479999542236328,21.389999389648438,21.43000030517578,0.0,1000
2012-02-14,18.010019302368164,0.0,21.450000762939453,0.0,21.450000762939453,21.450000762939453,21.450000762939453,0.0,0
2012-02-15,17.926054000854492,0.0,21.350000381469727,0.0,21.549999237060547,21.350000381469727,21.5,0.0,3300
2012-02-16,18.161149978637695,0.0,21.6299991607666,0.0,21.639999389648438,21.43000030517578,21.43000030517578,0.0,2400
2012-02-17,18.152755737304688,0.0,21.6200008392334,0.0,21.6200008392334,21.6200008392334,21.6200008392334,0.0,400
2012-02-21,18.219926834106445,0.0,21.700000762939453,0.0,21.729999542236328,21.700000762939453,21.700000762939453,0.0,1500
2012-02-22,18.219926834106445,0.0,21.700000762939453,0.0,21.700000762939453,21.700000762939453,21.700000762939453,0.0,0
2012-02-23,18.23671531677246,0.0,21.719999313354492,0.0,21.719999313354492,21.610000610351562,21.6299991607666,0.0,3600
2012-02-24,18.303890228271484,0.0,21.799999237060547,0.0,21.799999237060547,21.799999237060547,21.799999237060547,0.0,100
2012-02-27,18.303890228271484,0.0,21.799999237060547,0.0,21.799999237060547,21.799999237060547,21.799999237060547,0.0,1000
2012-02-28,18.345870971679688,0.0,21.850000381469727,0.0,21.850000381469727,21.850000381469727,21.850000381469727,0.0,1400
2012-02-29,18.3206844329834,0.0,21.81999969482422,0.0,22.010000228881836,21.81999969482422,21.860000610351562,0.0,19300
2012-03-01,18.3962459564209,0.0,21.90999984741211,0.0,21.940000534057617,21.860000610351562,21.899999618530273,0.0,9600
2012-03-02,18.37105369567871,0.0,21.8799991607666,0.0,21.8799991607666,21.860000610351562,21.8799991607666,0.0,2200
2012-03-05,18.228317260742188,0.0,21.709999084472656,0.0,21.709999084472656,21.43000030517578,21.43000030517578,0.0,400
2012-03-06,17.959638595581055,0.0,21.389999389648438,0.0,21.420000076293945,21.3700008392334,21.420000076293945,0.0,1600
2012-03-07,18.0939884185791,0.0,21.549999237060547,0.0,21.559999465942383,21.520000457763672,21.520000457763672,0.0,1100
2012-03-08,18.253511428833008,0.0,21.739999771118164,0.0,21.739999771118164,21.739999771118164,21.739999771118164,0.0,5400
2012-03-09,18.303890228271484,0.0,21.799999237060547,0.0,21.799999237060547,21.799999237060547,21.799999237060547,0.0,200
2012-03-12,18.253511428833008,0.0,21.739999771118164,0.0,21.739999771118164,21.709999084472656,21.709999084472656,0.0,800
2012-03-13,18.455026626586914,0.0,21.979999542236328,0.0,21.979999542236328,21.950000762939453,21.950000762939453,0.0,400
2012-03-14,18.505403518676758,0.0,22.040000915527344,0.0,22.040000915527344,22.030000686645508,22.030000686645508,0.0,300
2012-03-15,18.505403518676758,0.0,22.040000915527344,0.0,22.040000915527344,22.040000915527344,22.040000915527344,0.0,0
2012-03-16,18.505403518676758,0.0,22.040000915527344,0.0,22.040000915527344,22.040000915527344,22.040000915527344,0.0,0
2012-03-19,18.790870666503906,0.0,22.3799991607666,0.0,22.3799991607666,22.3799991607666,22.3799991607666,0.0,600
2012-03-20,18.664936065673828,0.0,22.229999542236328,0.0,22.270000457763672,22.219999313354492,22.219999313354492,0.0,1100
2012-03-21,18.715312957763672,0.0,22.290000915527344,0.0,22.290000915527344,22.290000915527344,22.290000915527344,0.0,600
2012-03-22,18.715312957763672,0.0,22.290000915527344,0.0,22.290000915527344,22.290000915527344,22.290000915527344,0.0,0
2012-03-23,18.589357376098633,0.0,22.139999389648438,0.0,22.15999984741211,22.110000610351562,22.110000610351562,0.0,1000
2012-03-26,18.589357376098633,0.0,22.139999389648438,0.0,22.139999389648438,22.139999389648438,22.139999389648438,0.0,0
2012-03-27,18.589357376098633,0.0,22.139999389648438,0.0,22.139999389648438,22.139999389648438,22.139999389648438,0.0,0
2012-03-28,18.589357376098633,0.0,22.139999389648438,0.0,22.139999389648438,22.139999389648438,22.139999389648438,0.0,0
2012-03-29,18.64813232421875,0.0,22.209999084472656,0.0,24.489999771118164,22.18000030517578,24.489999771118164,0.0,1400
2012-03-30,18.81606101989746,0.0,22.40999984741211,0.0,22.40999984741211,22.3700008392334,22.3700008392334,0.0,10000
2012-04-02,18.95880126953125,0.0,22.579999923706055,0.0,22.579999923706055,22.579999923706055,22.579999923706055,0.0,1200
2012-04-03,18.908416748046875,0.0,22.520000457763672,0.0,22.579999923706055,22.489999771118164,22.579999923706055,0.0,2900
2012-04-04,18.732097625732422,0.0,22.309999465942383,0.0,22.309999465942383,22.299999237060547,22.299999237060547,0.0,1400
2012-04-05,18.732097625732422,0.0,22.309999465942383,0.0,22.309999465942383,22.309999465942383,22.309999465942383,0.0,600
2012-04-09,18.732097625732422,0.0,22.309999465942383,0.0,22.309999465942383,22.309999465942383,22.309999465942383,0.0,0
2012-04-10,18.303890228271484,0.0,21.799999237060547,0.0,21.809999465942383,21.799999237060547,21.809999465942383,0.0,2000
2012-04-11,18.40464210510254,0.0,21.920000076293945,0.0,21.979999542236328,21.920000076293945,21.979999542236328,0.0,4000
2012-04-12,18.446624755859375,0.0,21.969999313354492,0.0,21.969999313354492,21.969999313354492,21.969999313354492,0.0,500
2012-04-13,18.438236236572266,0.0,21.959999084472656,0.0,21.959999084472656,21.959999084472656,21.959999084472656,0.0,100
2012-04-16,18.362659454345703,0.0,21.8700008392334,0.0,21.950000762939453,21.860000610351562,21.950000762939453,0.0,1100
2012-04-17,18.614551544189453,0.0,22.170000076293945,0.0,22.170000076293945,22.06999969482422,22.06999969482422,0.0,1300
2012-04-18,18.530582427978516,0.0,22.06999969482422,0.0,22.06999969482422,22.06999969482422,22.06999969482422,0.0,1000
2012-04-19,18.413036346435547,0.0,21.93000030517578,0.0,22.1299991607666,21.93000030517578,22.1299991607666,0.0,300
2012-04-20,18.413036346435547,0.0,21.93000030517578,0.0,21.93000030517578,21.93000030517578,21.93000030517578,0.0,0
2012-04-23,18.413036346435547,0.0,21.93000030517578,0.0,21.93000030517578,21.93000030517578,21.93000030517578,0.0,0
2012-04-24,18.3206844329834,0.0,21.81999969482422,0.0,21.90999984741211,21.81999969482422,21.90999984741211,0.0,1300
2012-04-25,18.597753524780273,0.0,22.149999618530273,0.0,22.18000030517578,22.1299991607666,22.1299991607666,0.0,1400
2012-04-26,18.740493774414062,0.0,22.31999969482422,0.0,22.31999969482422,22.1299991607666,22.1299991607666,0.0,1000
2012-04-27,18.740493774414062,0.0,22.31999969482422,0.0,22.31999969482422,22.31999969482422,22.31999969482422,0.0,0
2012-04-30,18.597753524780273,0.0,22.149999618530273,0.0,22.149999618530273,22.149999618530273,22.149999618530273,0.0,200
2012-05-01,18.841251373291016,0.0,22.440000534057617,0.0,22.440000534057617,22.440000534057617,22.440000534057617,0.0,300
2012-05-02,18.715312957763672,0.0,22.290000915527344,0.0,22.350000381469727,22.260000228881836,22.260000228881836,0.0,2400
2012-05-03,18.681718826293945,0.0,22.25,0.0,22.459999084472656,22.25,22.459999084472656,0.0,9900
2012-05-04,18.362659454345703,0.0,21.8700008392334,0.0,22.100000381469727,21.829999923706055,22.100000381469727,0.0,2800
2012-05-07,18.362659454345703,0.0,21.8700008392334,0.0,21.8700008392334,21.8700008392334,21.8700008392334,0.0,0
2012-05-08,18.3206844329834,0.0,21.81999969482422,0.0,21.81999969482422,21.65999984741211,21.65999984741211,0.0,800
2012-05-09,18.194734573364258,0.0,21.670000076293945,0.0,21.670000076293945,21.670000076293945,21.670000076293945,0.0,1200
2012-05-10,18.194734573364258,0.0,21.670000076293945,0.0,21.670000076293945,21.670000076293945,21.670000076293945,0.0,0
2012-05-11,18.14436149597168,0.0,21.610000610351562,0.0,21.610000610351562,21.610000610351562,21.610000610351562,0.0,100
2012-05-14,18.04360580444336,0.0,21.489999771118164,0.0,21.489999771118164,21.440000534057617,21.440000534057617,0.0,300
2012-05-15,18.04360580444336,0.0,21.489999771118164,0.0,21.489999771118164,21.489999771118164,21.489999771118164,0.0,0
2012-05-16,18.04360580444336,0.0,21.489999771118164,0.0,21.489999771118164,21.489999771118164,21.489999771118164,0.0,0
2012-05-17,18.04360580444336,0.0,21.489999771118164,0.0,21.489999771118164,21.489999771118164,21.489999771118164,0.0,0
2012-05-18,17.573408126831055,0.0,20.93000030517578,0.0,20.93000030517578,20.93000030517578,20.93000030517578,0.0,100
2012-05-21,17.573408126831055,0.0,20.93000030517578,0.0,20.93000030517578,20.93000030517578,20.93000030517578,0.0,0
2012-05-22,17.833696365356445,0.0,21.239999771118164,0.0,21.559999465942383,21.229999542236328,21.559999465942383,0.0,800
2012-05-23,17.707748413085938,0.0,21.09000015258789,0.0,21.09000015258789,20.93000030517578,20.959999084472656,0.0,1100
2012-05-24,17.80011558532715,0.0,21.200000762939453,0.0,21.299999237060547,21.200000762939453,21.299999237060547,0.0,2500
2012-05-25,17.741334915161133,0.0,21.1299991607666,0.0,21.270000457763672,21.1299991607666,21.270000457763672,0.0,1600
2012-05-29,17.892480850219727,0.0,21.309999465942383,0.0,21.309999465942383,21.309999465942383,21.309999465942383,0.0,100
2012-05-30,17.749732971191406,0.0,21.139999389648438,0.0,21.139999389648438,21.139999389648438,21.139999389648438,0.0,100
2012-05-31,17.741334915161133,0.0,21.1299991607666,0.0,21.1299991607666,21.010000228881836,21.010000228881836,0.0,600
2012-06-01,17.338315963745117,0.0,20.649999618530273,0.0,20.649999618530273,20.649999618530273,20.649999618530273,0.0,500
2012-06-04,17.338315963745117,0.0,20.649999618530273,0.0,20.649999618530273,20.649999618530273,20.649999618530273,0.0,0
2012-06-05,17.338315963745117,0.0,20.649999618530273,0.0,20.649999618530273,20.649999618530273,20.649999618530273,0.0,0
2012-06-06,17.716148376464844,0.0,21.100000381469727,0.0,21.100000381469727,21.100000381469727,21.100000381469727,0.0,500
2012-06-07,17.85888671875,0.0,21.270000457763672,0.0,21.360000610351562,21.270000457763672,21.280000686645508,0.0,3800
2012-06-08,17.85888671875,0.0,21.270000457763672,0.0,21.270000457763672,21.270000457763672,21.270000457763672,0.0,0
2012-06-11,17.892480850219727,0.0,21.309999465942383,0.0,21.309999465942383,21.309999465942383,21.309999465942383,0.0,100
2012-06-12,17.825302124023438,0.0,21.229999542236328,0.0,21.229999542236328,21.229999542236328,21.229999542236328,0.0,200
2012-06-13,17.816904067993164,0.0,21.219999313354492,0.0,21.40999984741211,21.219999313354492,21.40999984741211,0.0,300
2012-06-14,17.968036651611328,0.0,21.399999618530273,0.0,21.399999618530273,21.399999618530273,21.399999618530273,0.0,3800
2012-06-15,18.12165069580078,0.0,21.469999313354492,0.112,21.469999313354492,21.440000534057617,21.440000534057617,0.0,300
2012-06-18,18.12165069580078,0.0,21.469999313354492,0.0,21.469999313354492,21.469999313354492,21.469999313354492,0.0,0
2012-06-19,18.12165069580078,0.0,21.469999313354492,0.0,21.469999313354492,21.469999313354492,21.469999313354492,0.0,0
2012-06-20,18.163850784301758,0.0,21.520000457763672,0.0,21.520000457763672,21.520000457763672,21.520000457763672,0.0,1500
2012-06-21,17.79247283935547,0.0,21.079999923706055,0.0,21.600000381469727,21.079999923706055,21.600000381469727,0.0,900
2012-06-22,17.952842712402344,0.0,21.270000457763672,0.0,21.299999237060547,21.270000457763672,21.299999237060547,0.0,300
2012-06-25,17.665868759155273,0.0,20.93000030517578,0.0,21.100000381469727,20.93000030517578,21.100000381469727,0.0,400
2012-06-26,17.79247283935547,0.0,21.079999923706055,0.0,21.079999923706055,20.93000030517578,20.93000030517578,0.0,1200
2012-06-27,17.79247283935547,0.0,21.079999923706055,0.0,21.079999923706055,21.079999923706055,21.079999923706055,0.0,0
2012-06-28,17.817794799804688,0.0,21.110000610351562,0.0,21.110000610351562,21.110000610351562,21.110000610351562,0.0,700
2012-06-29,17.817794799804688,0.0,21.110000610351562,0.0,21.110000610351562,21.110000610351562,21.110000610351562,0.0,0
2012-07-02,17.817794799804688,0.0,21.110000610351562,0.0,21.110000610351562,21.110000610351562,21.110000610351562,0.0,0
2012-07-03,17.817794799804688,0.0,21.110000610351562,0.0,21.110000610351562,21.110000610351562,21.110000610351562,0.0,0
2012-07-05,18.518354415893555,0.0,21.940000534057617,0.0,21.959999084472656,21.940000534057617,21.959999084472656,0.0,1600
2012-07-06,18.265138626098633,0.0,21.639999389648438,0.0,21.639999389648438,21.639999389648438,21.639999389648438,0.0,500
2012-07-09,18.33266258239746,0.0,21.719999313354492,0.0,21.739999771118164,21.719999313354492,21.739999771118164,0.0,800
2012-07-10,18.33266258239746,0.0,21.719999313354492,0.0,21.719999313354492,21.719999313354492,21.719999313354492,0.0,0
2012-07-11,18.180736541748047,0.0,21.540000915527344,0.0,21.540000915527344,21.540000915527344,21.540000915527344,0.0,200
2012-07-12,18.30733871459961,0.0,21.690000534057617,0.0,21.690000534057617,21.6200008392334,21.6200008392334,0.0,2500
2012-07-13,18.518354415893555,0.0,21.940000534057617,0.0,21.940000534057617,21.860000610351562,21.889999389648438,0.0,6600
2012-07-16,18.518354415893555,0.0,21.940000534057617,0.0,21.940000534057617,21.940000534057617,21.940000534057617,0.0,0
2012-07-17,18.6112003326416,0.0,22.049999237060547,0.0,22.049999237060547,21.84000015258789,21.93000030517578,0.0,600
2012-07-18,18.704042434692383,0.0,22.15999984741211,0.0,22.15999984741211,22.15999984741211,22.15999984741211,0.0,800
2012-07-19,18.754684448242188,0.0,22.219999313354492,0.0,22.219999313354492,22.170000076293945,22.209999084472656,0.0,3000
2012-07-20,18.636526107788086,0.0,22.079999923706055,0.0,22.079999923706055,22.079999923706055,22.079999923706055,0.0,200
2012-07-23,18.408632278442383,0.0,21.809999465942383,0.0,21.81999969482422,21.780000686645508,21.780000686645508,0.0,1100
2012-07-24,18.206052780151367,0.0,21.56999969482422,0.0,21.690000534057617,21.520000457763672,21.690000534057617,0.0,2500
2012-07-25,18.206052780151367,0.0,21.56999969482422,0.0,21.56999969482422,21.56999969482422,21.56999969482422,0.0,0
2012-07-26,18.493032455444336,0.0,21.90999984741211,0.0,21.969999313354492,21.8700008392334,21.8700008392334,0.0,600
2012-07-27,18.830652236938477,0.0,22.309999465942383,0.0,22.309999465942383,22.25,22.25,0.0,600
2012-07-30,18.88128662109375,0.0,22.3700008392334,0.0,22.399999618530273,22.34000015258789,22.399999618530273,0.0,900
2012-07-31,18.88128662109375,0.0,22.3700008392334,0.0,22.3700008392334,22.3700008392334,22.3700008392334,0.0,0
2012-08-01,18.737802505493164,0.0,22.200000762939453,0.0,22.200000762939453,22.200000762939453,22.200000762939453,0.0,200
2012-08-02,18.737802505493164,0.0,22.200000762939453,0.0,22.200000762939453,22.200000762939453,22.200000762939453,0.0,0
2012-08-03,18.737802505493164,0.0,22.200000762939453,0.0,22.200000762939453,22.200000762939453,22.200000762939453,0.0,0
2012-08-06,18.737802505493164,0.0,22.200000762939453,0.0,22.200000762939453,22.200000762939453,22.200000762939453,0.0,0
2012-08-07,19.041662216186523,0.0,22.559999465942383,0.0,22.559999465942383,22.459999084472656,22.459999084472656,0.0,400
2012-08-08,19.016342163085938,0.0,22.530000686645508,0.0,22.530000686645508,22.530000686645508,22.530000686645508,0.0,700
2012-08-09,19.016342163085938,0.0,22.530000686645508,0.0,22.530000686645508,22.530000686645508,22.530000686645508,0.0,0
2012-08-10,19.05010223388672,0.0,22.56999969482422,0.0,22.56999969482422,22.56999969482422,22.56999969482422,0.0,300
2012-08-13,19.016342163085938,0.0,22.530000686645508,0.0,22.530000686645508,22.530000686645508,22.530000686645508,0.0,600
2012-08-14,19.016342163085938,0.0,22.530000686645508,0.0,22.530000686645508,22.530000686645508,22.530000686645508,0.0,0
2012-08-15,19.100744247436523,0.0,22.6299991607666,0.0,22.639999389648438,22.579999923706055,22.639999389648438,0.0,800
2012-08-16,19.134504318237305,0.0,22.670000076293945,0.0,22.670000076293945,22.670000076293945,22.670000076293945,0.0,200
2012-08-17,19.294879913330078,0.0,22.860000610351562,0.0,22.860000610351562,22.790000915527344,22.790000915527344,0.0,500
2012-08-20,19.294879913330078,0.0,22.860000610351562,0.0,22.860000610351562,22.860000610351562,22.860000610351562,0.0,0
2012-08-21,19.396169662475586,0.0,22.979999542236328,0.0,22.979999542236328,22.979999542236328,22.979999542236328,0.0,200
2012-08-22,19.210468292236328,0.0,22.760000228881836,0.0,22.760000228881836,22.760000228881836,22.760000228881836,0.0,400
2012-08-23,19.17671775817871,0.0,22.719999313354492,0.0,22.719999313354492,22.719999313354492,22.719999313354492,0.0,400
2012-08-24,19.269548416137695,0.0,22.829999923706055,0.0,22.829999923706055,22.709999084472656,22.709999084472656,0.0,500
2012-08-27,19.269548416137695,0.0,22.829999923706055,0.0,22.829999923706055,22.829999923706055,22.829999923706055,0.0,0
2012-08-28,19.210468292236328,0.0,22.760000228881836,0.0,22.780000686645508,22.760000228881836,22.780000686645508,0.0,500
2012-08-29,19.261110305786133,0.0,22.81999969482422,0.0,22.81999969482422,22.81999969482422,22.81999969482422,0.0,200
2012-08-30,19.100744247436523,0.0,22.6299991607666,0.0,22.649999618530273,22.56999969482422,22.56999969482422,0.0,900
2012-08-31,19.151384353637695,0.0,22.690000534057617,0.0,22.790000915527344,22.690000534057617,22.770000457763672,0.0,2900
2012-09-04,19.210468292236328,0.0,22.760000228881836,0.0,22.760000228881836,22.75,22.75,0.0,200
2012-09-05,19.210468292236328,0.0,22.760000228881836,0.0,22.760000228881836,22.760000228881836,22.760000228881836,0.0,0
2012-09-06,19.531208038330078,0.0,23.139999389648438,0.0,23.139999389648438,23.139999389648438,23.139999389648438,0.0,300
2012-09-07,19.56496810913086,0.0,23.18000030517578,0.0,23.239999771118164,23.18000030517578,23.239999771118164,0.0,300
2012-09-10,19.58184814453125,0.0,23.200000762939453,0.0,23.200000762939453,23.200000762939453,23.200000762939453,0.0,800
2012-09-11,19.58184814453125,0.0,23.200000762939453,0.0,23.200000762939453,23.200000762939453,23.200000762939453,0.0,0
2012-09-12,19.55653190612793,0.0,23.170000076293945,0.0,23.209999084472656,23.170000076293945,23.209999084472656,0.0,700
2012-09-13,19.759098052978516,0.0,23.40999984741211,0.0,23.40999984741211,23.40999984741211,23.40999984741211,0.0,3000
2012-09-14,19.885704040527344,0.0,23.559999465942383,0.0,23.709999084472656,23.559999465942383,23.709999084472656,0.0,1600
2012-09-17,19.970111846923828,0.0,23.65999984741211,0.0,23.65999984741211,23.600000381469727,23.600000381469727,0.0,4400
2012-09-18,19.970111846923828,0.0,23.65999984741211,0.0,23.65999984741211,23.65999984741211,23.65999984741211,0.0,0
2012-09-19,20.0207576751709,0.0,23.719999313354492,0.0,23.719999313354492,23.65999984741211,23.65999984741211,0.0,1300
2012-09-20,19.936349868774414,0.0,23.6200008392334,0.0,23.6200008392334,23.530000686645508,23.530000686645508,0.0,1600
2012-09-21,20.002349853515625,0.0,23.639999389648438,0.058,23.68000030517578,23.600000381469727,23.65999984741211,0.0,1200
2012-09-24,19.92620086669922,0.0,23.549999237060547,0.0,23.549999237060547,23.549999237060547,23.549999237060547,0.0,400
2012-09-25,19.892353057861328,0.0,23.510000228881836,0.0,23.510000228881836,23.510000228881836,23.510000228881836,0.0,100
2012-09-26,19.697742462158203,0.0,23.280000686645508,0.0,23.280000686645508,23.280000686645508,23.280000686645508,0.0,100
2012-09-27,19.858503341674805,0.0,23.469999313354492,0.0,23.469999313354492,23.309999465942383,23.309999465942383,0.0,400
2012-09-28,19.740053176879883,0.0,23.329999923706055,0.0,23.329999923706055,23.229999542236328,23.229999542236328,0.0,800
2012-10-01,19.824663162231445,0.0,23.43000030517578,0.0,23.540000915527344,23.43000030517578,23.469999313354492,0.0,1300
2012-10-02,19.748516082763672,0.0,23.34000015258789,0.0,24.700000762939453,21.600000381469727,23.899999618530273,0.0,10700
2012-10-03,19.909278869628906,0.0,23.530000686645508,0.0,23.530000686645508,23.3799991607666,23.469999313354492,0.0,3600
2012-10-04,20.019264221191406,0.0,23.65999984741211,0.0,24.15999984741211,23.549999237060547,24.15999984741211,0.0,2400
2012-10-05,20.019264221191406,0.0,23.65999984741211,0.0,23.690000534057617,23.639999389648438,23.690000534057617,0.0,16200
2012-10-08,19.91773223876953,0.0,23.540000915527344,0.0,23.540000915527344,23.540000915527344,23.540000915527344,0.0,3200
2012-10-09,19.799274444580078,0.0,23.399999618530273,0.0,23.549999237060547,23.079999923706055,23.079999923706055,0.0,2600
2012-10-10,19.782363891601562,0.0,23.3799991607666,0.0,23.3799991607666,23.3799991607666,23.3799991607666,0.0,2000
2012-10-11,19.638513565063477,0.0,23.209999084472656,0.0,23.280000686645508,23.209999084472656,23.280000686645508,0.0,600
2012-10-12,19.630056381225586,0.0,23.200000762939453,0.0,23.280000686645508,23.1200008392334,23.280000686645508,0.0,20000
2012-10-15,19.630056381225586,0.0,23.200000762939453,0.0,23.200000762939453,23.200000762939453,23.200000762939453,0.0,0
2012-10-16,19.892353057861328,0.0,23.510000228881836,0.0,23.510000228881836,23.40999984741211,23.40999984741211,0.0,2400
2012-10-17,19.934654235839844,0.0,23.559999465942383,0.0,23.579999923706055,23.540000915527344,23.56999969482422,0.0,2000
2012-10-18,19.875429153442383,0.0,23.489999771118164,0.0,23.530000686645508,23.479999542236328,23.489999771118164,0.0,8400
2012-10-19,19.875429153442383,0.0,23.489999771118164,0.0,23.489999771118164,23.489999771118164,23.489999771118164,0.0,0
2012-10-22,19.46929359436035,0.0,23.010000228881836,0.0,23.010000228881836,23.010000228881836,23.010000228881836,0.0,500
2012-10-23,19.2154541015625,0.0,22.709999084472656,0.0,22.75,22.709999084472656,22.75,0.0,2000
2012-10-24,19.15622329711914,0.0,22.639999389648438,0.0,22.639999389648438,22.639999389648438,22.639999389648438,0.0,200
2012-10-25,19.15622329711914,0.0,22.639999389648438,0.0,22.639999389648438,22.639999389648438,22.639999389648438,0.0,0
2012-10-26,19.15622329711914,0.0,22.639999389648438,0.0,22.639999389648438,22.639999389648438,22.639999389648438,0.0,0
2012-10-31,19.139299392700195,0.0,22.6200008392334,0.0,22.639999389648438,21.829999923706055,22.639999389648438,0.0,1500
2012-11-01,19.266218185424805,0.0,22.770000457763672,0.0,22.770000457763672,22.770000457763672,22.770000457763672,0.0,100
2012-11-02,19.266218185424805,0.0,22.770000457763672,0.0,22.770000457763672,22.770000457763672,22.770000457763672,0.0,0
2012-11-05,19.173147201538086,0.0,22.65999984741211,0.0,22.65999984741211,22.520000457763672,22.520000457763672,0.0,1100
2012-11-06,19.24929428100586,0.0,22.75,0.0,22.780000686645508,22.65999984741211,22.65999984741211,0.0,1200
2012-11-07,18.91085433959961,0.0,22.350000381469727,0.0,22.450000762939453,22.280000686645508,22.450000762939453,0.0,6600
2012-11-08,18.775468826293945,0.0,22.190000534057617,0.0,22.270000457763672,22.1200008392334,22.270000457763672,0.0,1900
2012-11-09,18.682401657104492,0.0,22.079999923706055,0.0,22.170000076293945,21.989999771118164,22.0,0.0,3500
2012-11-12,18.682401657104492,0.0,22.079999923706055,0.0,22.079999923706055,22.079999923706055,22.079999923706055,0.0,0
2012-11-13,18.74162483215332,0.0,22.149999618530273,0.0,22.18000030517578,22.0,22.0,0.0,21600
2012-11-14,18.445480346679688,0.0,21.799999237060547,0.0,22.149999618530273,21.520000457763672,22.149999618530273,0.0,1300
2012-11-15,18.428558349609375,0.0,21.780000686645508,0.0,21.780000686645508,21.700000762939453,21.700000762939453,0.0,5400
2012-11-16,18.530094146728516,0.0,21.899999618530273,0.0,21.899999618530273,21.719999313354492,21.729999542236328,0.0,2100
2012-11-19,18.75008773803711,0.0,22.15999984741211,0.0,22.15999984741211,22.09000015258789,22.09000015258789,0.0,1200
2012-11-20,18.80084991455078,0.0,22.219999313354492,0.0,22.219999313354492,22.219999313354492,22.219999313354492,0.0,300
2012-11-21,18.936229705810547,0.0,22.3799991607666,0.0,22.3799991607666,22.3799991607666,22.3799991607666,0.0,500
2012-11-23,18.936229705810547,0.0,22.3799991607666,0.0,22.3799991607666,22.3799991607666,22.3799991607666,0.0,0
2012-11-26,18.936229705810547,0.0,22.3799991607666,0.0,22.3799991607666,22.3799991607666,22.3799991607666,0.0,0
2012-11-27,18.936229705810547,0.0,22.3799991607666,0.0,22.3799991607666,22.3799991607666,22.3799991607666,0.0,0
2012-11-28,19.2154541015625,0.0,22.709999084472656,0.0,22.709999084472656,22.489999771118164,22.489999771118164,0.0,13300
2012-11-29,19.342374801635742,0.0,22.860000610351562,0.0,22.899999618530273,22.860000610351562,22.899999618530273,0.0,1400
2012-11-30,19.342374801635742,0.0,22.860000610351562,0.0,22.860000610351562,22.860000610351562,22.860000610351562,0.0,0
2012-12-03,19.2408390045166,0.0,22.739999771118164,0.0,23.020000457763672,22.739999771118164,23.020000457763672,0.0,2000
2012-12-04,19.223920822143555,0.0,22.719999313354492,0.0,22.75,22.709999084472656,22.75,0.0,8600
2012-12-05,19.16468620300293,0.0,22.649999618530273,0.0,22.68000030517578,22.649999618530273,22.68000030517578,0.0,1200
2012-12-06,19.113920211791992,0.0,22.59000015258789,0.0,22.59000015258789,22.59000015258789,22.59000015258789,0.0,200
2012-12-07,19.113920211791992,0.0,22.59000015258789,0.0,22.59000015258789,22.59000015258789,22.59000015258789,0.0,0
2012-12-10,19.274682998657227,0.0,22.780000686645508,0.0,22.799999237060547,22.729999542236328,22.770000457763672,0.0,7100
2012-12-11,19.39314842224121,0.0,22.920000076293945,0.0,22.989999771118164,22.90999984741211,22.90999984741211,0.0,4100
2012-12-12,19.410058975219727,0.0,22.940000534057617,0.0,23.450000762939453,22.90999984741211,23.010000228881836,0.0,2500
2012-12-13,19.3254451751709,0.0,22.84000015258789,0.0,22.84000015258789,22.829999923706055,22.84000015258789,0.0,1300
2012-12-14,19.3254451751709,0.0,22.84000015258789,0.0,22.84000015258789,22.84000015258789,22.84000015258789,0.0,0
2012-12-17,19.24929428100586,0.0,22.75,0.0,22.850000381469727,22.75,22.850000381469727,0.0,1200
2012-12-18,19.553903579711914,0.0,23.110000610351562,0.0,23.110000610351562,22.200000762939453,22.899999618530273,0.0,7100
2012-12-19,19.503128051757812,0.0,23.049999237060547,0.0,23.170000076293945,23.040000915527344,23.170000076293945,0.0,1500
2012-12-20,19.359296798706055,0.0,22.8799991607666,0.0,22.93000030517578,22.8799991607666,22.93000030517578,0.0,1000
2012-12-21,19.304752349853516,0.0,22.649999618530273,0.166,22.68000030517578,22.540000915527344,22.610000610351562,0.0,3800
2012-12-24,19.193952560424805,0.0,22.520000457763672,0.0,22.520000457763672,22.520000457763672,22.520000457763672,0.0,300
2012-12-26,19.125764846801758,0.0,22.440000534057617,0.0,22.6299991607666,22.43000030517578,22.6299991607666,0.0,2400
2012-12-27,19.159854888916016,0.0,22.479999542236328,0.0,22.65999984741211,22.229999542236328,22.469999313354492,0.0,8200
2012-12-28,18.955307006835938,0.0,22.239999771118164,0.0,22.360000610351562,22.239999771118164,22.280000686645508,0.0,7700
2012-12-31,19.15132713317871,0.0,22.469999313354492,0.0,23.149999618530273,22.15999984741211,22.15999984741211,0.0,56700
2013-01-02,19.645668029785156,0.0,23.049999237060547,0.0,23.049999237060547,22.899999618530273,22.969999313354492,0.0,21900
2013-01-03,19.65419578552246,0.0,23.059999465942383,0.0,23.15999984741211,23.010000228881836,23.15999984741211,0.0,8300
2013-01-04,19.816129684448242,0.0,23.25,0.0,23.25,22.979999542236328,22.979999542236328,0.0,9100
2013-01-07,19.688291549682617,0.0,23.100000381469727,0.0,23.100000381469727,23.020000457763672,23.09000015258789,0.0,3800
2013-01-08,19.645668029785156,0.0,23.049999237060547,0.0,23.059999465942383,23.049999237060547,23.059999465942383,0.0,600
2013-01-09,19.73941421508789,0.0,23.15999984741211,0.0,23.15999984741211,23.110000610351562,23.15999984741211,0.0,900
2013-01-10,19.87578773498535,0.0,23.31999969482422,0.0,23.31999969482422,23.170000076293945,23.309999465942383,0.0,14100
2013-01-11,19.91840934753418,0.0,23.3700008392334,0.0,23.3799991607666,23.309999465942383,23.3799991607666,0.0,1400
2013-01-14,19.9439697265625,0.0,23.399999618530273,0.0,23.450000762939453,23.309999465942383,23.399999618530273,0.0,6600
2013-01-15,19.892839431762695,0.0,23.34000015258789,0.0,23.34000015258789,23.329999923706055,23.34000015258789,0.0,500
2013-01-16,19.9013614654541,0.0,23.350000381469727,0.0,23.399999618530273,23.309999465942383,23.399999618530273,0.0,1800
2013-01-17,19.961023330688477,0.0,23.420000076293945,0.0,23.510000228881836,23.420000076293945,23.510000228881836,0.0,24200
2013-01-18,19.96954345703125,0.0,23.43000030517578,0.0,23.459999084472656,23.420000076293945,23.450000762939453,0.0,4200
2013-01-22,20.071823120117188,0.0,23.549999237060547,0.0,23.549999237060547,23.420000076293945,23.420000076293945,0.0,900
2013-01-23,20.114437103271484,0.0,23.600000381469727,0.0,23.600000381469727,23.559999465942383,23.59000015258789,0.0,2000
2013-01-24,20.131486892700195,0.0,23.6200008392334,0.0,23.690000534057617,23.56999969482422,23.690000534057617,0.0,7700
2013-01-25,20.225238800048828,0.0,23.729999542236328,0.0,23.75,23.6200008392334,23.649999618530273,0.0,4400
2013-01-28,20.20819664001465,0.0,23.709999084472656,0.0,23.719999313354492,23.65999984741211,23.65999984741211,0.0,3200
2013-01-29,20.301950454711914,0.0,23.81999969482422,0.0,23.81999969482422,23.610000610351562,23.68000030517578,0.0,2100
2013-01-30,20.242284774780273,0.0,23.75,0.0,23.799999237060547,23.65999984741211,23.799999237060547,0.0,2500
2013-01-31,20.242284774780273,0.0,23.75,0.0,23.75,23.670000076293945,23.739999771118164,0.0,2934200
2013-02-01,20.37013053894043,0.0,23.899999618530273,0.0,23.899999618530273,23.799999237060547,23.799999237060547,0.0,4700
2013-02-04,20.06329917907715,0.0,23.540000915527344,0.0,23.709999084472656,23.540000915527344,23.670000076293945,0.0,1200
2013-02-05,20.37013053894043,0.0,23.899999618530273,0.0,23.899999618530273,23.81999969482422,23.81999969482422,0.0,2400
2013-02-06,20.318998336791992,0.0,23.84000015258789,0.0,23.84000015258789,23.84000015258789,23.84000015258789,0.0,100
2013-02-07,20.318998336791992,0.0,23.84000015258789,0.0,23.84000015258789,23.84000015258789,23.84000015258789,0.0,0
2013-02-08,20.489450454711914,0.0,24.040000915527344,0.0,24.040000915527344,23.940000534057617,23.940000534057617,0.0,1000
2013-02-11,20.455354690551758,0.0,24.0,0.0,24.0,23.969999313354492,24.0,0.0,800
2013-02-12,20.412742614746094,0.0,23.950000762939453,0.0,23.950000762939453,23.889999389648438,23.889999389648438,0.0,500
2013-02-13,20.361614227294922,0.0,23.889999389648438,0.0,24.010000228881836,23.850000381469727,24.010000228881836,0.0,1600
2013-02-14,20.361614227294922,0.0,23.889999389648438,0.0,23.889999389648438,23.889999389648438,23.889999389648438,0.0,0
2013-02-15,20.38718032836914,0.0,23.920000076293945,0.0,23.93000030517578,23.8700008392334,23.8700008392334,0.0,2500
2013-02-19,20.46388053894043,0.0,24.010000228881836,0.0,24.010000228881836,24.0,24.010000228881836,0.0,1400
2013-02-20,20.38718032836914,0.0,23.920000076293945,0.0,24.030000686645508,23.920000076293945,24.030000686645508,0.0,2400
2013-02-21,20.242284774780273,0.0,23.75,0.0,23.829999923706055,23.6200008392334,23.829999923706055,0.0,3000
2013-02-22,20.318998336791992,0.0,23.84000015258789,0.0,23.899999618530273,23.780000686645508,23.790000915527344,0.0,5000
2013-02-25,20.06329917907715,0.0,23.540000915527344,0.0,24.079999923706055,23.540000915527344,24.079999923706055,0.0,10400
2013-02-26,20.06329917907715,0.0,23.540000915527344,0.0,23.700000762939453,23.540000915527344,23.65999984741211,0.0,800
2013-02-27,20.336050033569336,0.0,23.860000610351562,0.0,23.93000030517578,23.690000534057617,23.729999542236328,0.0,3600
2013-02-28,20.284896850585938,0.0,23.799999237060547,0.0,23.90999984741211,23.799999237060547,23.860000610351562,0.0,31400
2013-03-01,20.310468673706055,0.0,23.829999923706055,0.0,23.829999923706055,23.770000457763672,23.780000686645508,0.0,14700
2013-03-04,20.361614227294922,0.0,23.889999389648438,0.0,23.889999389648438,23.780000686645508,23.829999923706055,0.0,2700
2013-03-05,20.583209991455078,0.0,24.149999618530273,0.0,24.149999618530273,24.110000610351562,24.110000610351562,0.0,1400
2013-03-06,20.574684143066406,0.0,24.139999389648438,0.0,24.190000534057617,24.139999389648438,24.170000076293945,0.0,13200
2013-03-07,20.574684143066406,0.0,24.139999389648438,0.0,24.25,24.139999389648438,24.25,0.0,2100
2013-03-08,20.676958084106445,0.0,24.260000228881836,0.0,24.260000228881836,24.229999542236328,24.25,0.0,800
2013-03-11,20.711048126220703,0.0,24.299999237060547,0.0,24.299999237060547,24.299999237060547,24.299999237060547,0.0,300
2013-03-12,20.711048126220703,0.0,24.299999237060547,0.0,24.420000076293945,24.299999237060547,24.420000076293945,0.0,1100
2013-03-13,20.719572067260742,0.0,24.309999465942383,0.0,24.350000381469727,24.309999465942383,24.31999969482422,0.0,5300
2013-03-14,20.83037567138672,0.0,24.440000534057617,0.0,24.440000534057617,24.40999984741211,24.440000534057617,0.0,2300
2013-03-15,20.79710578918457,0.0,24.3799991607666,0.021,24.420000076293945,24.31999969482422,24.31999969482422,0.0,14400
2013-03-18,20.703275680541992,0.0,24.270000457763672,0.0,24.360000610351562,24.270000457763672,24.34000015258789,0.0,1800
2013-03-19,20.61796760559082,0.0,24.170000076293945,0.0,24.290000915527344,24.040000915527344,24.290000915527344,0.0,8600
2013-03-20,20.762985229492188,0.0,24.34000015258789,0.0,24.399999618530273,24.290000915527344,24.290000915527344,0.0,2000
2013-03-21,20.65209197998047,0.0,24.209999084472656,0.0,24.209999084472656,24.170000076293945,24.190000534057617,0.0,25500
2013-03-22,20.754459381103516,0.0,24.329999923706055,0.0,24.350000381469727,24.309999465942383,24.329999923706055,0.0,800
2013-03-25,20.7203369140625,0.0,24.290000915527344,0.0,24.489999771118164,24.239999771118164,24.489999771118164,0.0,2900
2013-03-26,20.83976173400879,0.0,24.43000030517578,0.0,24.43000030517578,24.34000015258789,24.43000030517578,0.0,1500
2013-03-27,20.87388801574707,0.0,24.469999313354492,0.0,24.469999313354492,24.360000610351562,24.360000610351562,0.0,2300
2013-03-28,20.967721939086914,0.0,24.579999923706055,0.0,24.579999923706055,24.520000457763672,24.520000457763672,0.0,4100
2013-04-01,20.84828758239746,0.0,24.440000534057617,0.0,24.6200008392334,24.3700008392334,24.6200008392334,0.0,42500
2013-04-02,20.925067901611328,0.0,24.530000686645508,0.0,24.649999618530273,24.530000686645508,24.600000381469727,0.0,3800
2013-04-03,20.82269859313965,0.0,24.40999984741211,0.0,24.649999618530273,24.40999984741211,24.649999618530273,0.0,4800
2013-04-04,20.77151870727539,0.0,24.350000381469727,0.0,24.350000381469727,24.34000015258789,24.34000015258789,0.0,1100
2013-04-05,20.660615921020508,0.0,24.219999313354492,0.0,24.219999313354492,24.219999313354492,24.219999313354492,0.0,400
2013-04-08,20.83976173400879,0.0,24.43000030517578,0.0,24.43000030517578,24.299999237060547,24.360000610351562,0.0,7700
2013-04-09,20.984777450561523,0.0,24.600000381469727,0.0,24.670000076293945,24.600000381469727,24.670000076293945,0.0,700
2013-04-10,21.28334617614746,0.0,24.950000762939453,0.0,24.950000762939453,24.90999984741211,24.920000076293945,0.0,2800
2013-04-11,21.21509552001953,0.0,24.8700008392334,0.0,24.989999771118164,24.8700008392334,24.979999542236328,0.0,4300
2013-04-12,21.12126350402832,0.0,24.760000228881836,0.0,24.770000457763672,24.65999984741211,24.65999984741211,0.0,2900
2013-04-15,20.83123016357422,0.0,24.420000076293945,0.0,24.420000076293945,24.420000076293945,24.420000076293945,0.0,200
2013-04-16,20.908008575439453,0.0,24.510000228881836,0.0,24.510000228881836,24.399999618530273,24.399999618530273,0.0,2700
2013-04-17,20.62649917602539,0.0,24.18000030517578,0.0,24.18000030517578,24.079999923706055,24.079999923706055,0.0,1200
2013-04-18,20.455890655517578,0.0,23.979999542236328,0.0,24.219999313354492,23.8799991607666,24.219999313354492,0.0,5300
2013-04-19,20.635032653808594,0.0,24.190000534057617,0.0,24.209999084472656,24.040000915527344,24.040000915527344,0.0,1700
2013-04-22,20.635032653808594,0.0,24.190000534057617,0.0,24.190000534057617,24.190000534057617,24.190000534057617,0.0,0
2013-04-23,20.984777450561523,0.0,24.600000381469727,0.0,24.690000534057617,24.5,24.579999923706055,0.0,2000
2013-04-24,21.087148666381836,0.0,24.719999313354492,0.0,24.770000457763672,24.690000534057617,24.770000457763672,0.0,3300
2013-04-25,21.28334617614746,0.0,24.950000762939453,0.0,25.280000686645508,24.93000030517578,25.280000686645508,0.0,2000
2013-04-26,21.189504623413086,0.0,24.84000015258789,0.0,24.8700008392334,24.770000457763672,24.770000457763672,0.0,5500
2013-04-29,21.377168655395508,0.0,25.059999465942383,0.0,25.079999923706055,24.93000030517578,24.93000030517578,0.0,4800
2013-04-30,21.368642807006836,0.0,25.049999237060547,0.0,25.079999923706055,25.040000915527344,25.049999237060547,0.0,800
2013-05-01,21.21509552001953,0.0,24.8700008392334,0.0,25.06999969482422,24.850000381469727,25.06999969482422,0.0,26100
2013-05-02,21.40276336669922,0.0,25.09000015258789,0.0,25.149999618530273,25.09000015258789,25.100000381469727,0.0,2500
2013-05-03,21.658679962158203,0.0,25.389999389648438,0.0,25.469999313354492,25.350000381469727,25.389999389648438,0.0,4700
2013-05-06,21.70132827758789,0.0,25.440000534057617,0.0,25.440000534057617,25.34000015258789,25.34000015258789,0.0,2600
2013-05-07,21.74398422241211,0.0,25.489999771118164,0.0,25.549999237060547,25.459999084472656,25.549999237060547,0.0,5700
2013-05-08,21.82929801940918,0.0,25.59000015258789,0.0,25.59000015258789,25.56999969482422,25.579999923706055,0.0,1300
2013-05-09,21.778108596801758,0.0,25.530000686645508,0.0,25.68000030517578,25.530000686645508,25.68000030517578,0.0,5500
2013-05-10,21.78663444519043,0.0,25.540000915527344,0.0,25.540000915527344,25.479999542236328,25.479999542236328,0.0,300
2013-05-13,21.854881286621094,0.0,25.6200008392334,0.0,25.670000076293945,25.6200008392334,25.649999618530273,0.0,700
2013-05-14,22.042545318603516,0.0,25.84000015258789,0.0,25.84000015258789,25.729999542236328,25.729999542236328,0.0,1800
2013-05-15,22.068138122558594,0.0,25.8700008392334,0.0,25.93000030517578,25.780000686645508,25.780000686645508,0.0,3500
2013-05-16,22.110790252685547,0.0,25.920000076293945,0.0,26.06999969482422,25.920000076293945,25.940000534057617,0.0,1900
2013-05-17,22.2984561920166,0.0,26.139999389648438,0.0,26.139999389648438,25.989999771118164,25.989999771118164,0.0,1300
2013-05-20,22.247278213500977,0.0,26.079999923706055,0.0,26.15999984741211,26.079999923706055,26.15999984741211,0.0,2100
2013-05-21,22.33258056640625,0.0,26.18000030517578,0.0,26.219999313354492,26.18000030517578,26.190000534057617,0.0,6600
2013-05-22,22.068138122558594,0.0,25.8700008392334,0.0,26.309999465942383,25.8700008392334,26.200000762939453,0.0,1900
2013-05-23,22.025487899780273,0.0,25.81999969482422,0.0,25.850000381469727,24.5,24.799999237060547,0.0,9700
2013-05-24,21.98282814025879,0.0,25.770000457763672,0.0,25.850000381469727,25.770000457763672,25.850000381469727,0.0,2300
2013-05-28,22.187562942504883,0.0,26.010000228881836,0.0,26.200000762939453,25.950000762939453,26.200000762939453,0.0,2400
2013-05-29,22.12784767150879,0.0,25.940000534057617,0.0,25.940000534057617,25.809999465942383,25.90999984741211,0.0,700
2013-05-30,22.17049789428711,0.0,25.989999771118164,0.0,26.059999465942383,25.979999542236328,25.979999542236328,0.0,1000
2013-05-31,22.042545318603516,0.0,25.84000015258789,0.0,25.90999984741211,25.84000015258789,25.90999984741211,0.0,800
2013-06-03,22.068138122558594,0.0,25.8700008392334,0.0,25.8799991607666,25.6200008392334,25.700000762939453,0.0,101600
2013-06-04,22.008420944213867,0.0,25.799999237060547,0.0,25.979999542236328,25.799999237060547,25.950000762939453,0.0,1600
2013-06-05,21.73545265197754,0.0,25.479999542236328,0.0,25.610000610351562,25.479999542236328,25.610000610351562,0.0,1000
2013-06-06,21.854881286621094,0.0,25.6200008392334,0.0,25.6200008392334,25.290000915527344,25.510000228881836,0.0,5600
2013-06-07,22.076671600341797,0.0,25.8799991607666,0.0,25.8799991607666,25.829999923706055,25.84000015258789,0.0,4400
2013-06-10,22.05961036682129,0.0,25.860000610351562,0.0,25.8799991607666,25.84000015258789,25.850000381469727,0.0,2900
2013-06-11,21.837818145751953,0.0,25.600000381469727,0.0,25.760000228881836,25.600000381469727,25.719999313354492,0.0,1600
2013-06-12,21.70132827758789,0.0,25.440000534057617,0.0,25.799999237060547,25.440000534057617,25.799999237060547,0.0,700
2013-06-13,21.803693771362305,0.0,25.559999465942383,0.0,25.559999465942383,25.5,25.5,0.0,1400
2013-06-14,21.871938705444336,0.0,25.639999389648438,0.0,25.81999969482422,25.6200008392334,25.809999465942383,0.0,20100
2013-06-17,22.034015655517578,0.0,25.829999923706055,0.0,25.940000534057617,25.68000030517578,25.850000381469727,0.0,15200
2013-06-18,22.136375427246094,0.0,25.950000762939453,0.0,25.989999771118164,25.920000076293945,25.959999084472656,0.0,5000
2013-06-19,21.880462646484375,0.0,25.649999618530273,0.0,26.040000915527344,25.649999618530273,26.040000915527344,0.0,3700
2013-06-20,21.325998306274414,0.0,25.0,0.0,25.280000686645508,24.90999984741211,25.270000457763672,0.0,10700
2013-06-21,21.33634376525879,0.0,24.729999542236328,0.282,24.729999542236328,24.6299991607666,24.6299991607666,0.0,500
2013-06-24,21.232824325561523,0.0,24.610000610351562,0.0,24.610000610351562,24.280000686645508,24.299999237060547,0.0,29100
2013-06-25,21.22418785095215,0.0,24.600000381469727,0.0,24.739999771118164,24.520000457763672,24.739999771118164,0.0,4800
2013-06-26,21.38810920715332,0.0,24.790000915527344,0.0,24.790000915527344,24.729999542236328,24.729999542236328,0.0,1900
2013-06-27,21.491641998291016,0.0,24.90999984741211,0.0,24.979999542236328,24.860000610351562,24.860000610351562,0.0,4800
2013-06-28,21.5089054107666,0.0,24.93000030517578,0.0,24.940000534057617,24.809999465942383,24.809999465942383,0.0,900
2013-07-01,21.500268936157227,0.0,24.920000076293945,0.0,25.079999923706055,24.920000076293945,25.079999923706055,0.0,49200
2013-07-02,21.5089054107666,0.0,24.93000030517578,0.0,25.079999923706055,24.799999237060547,24.979999542236328,0.0,20300
2013-07-03,21.517526626586914,0.0,24.940000534057617,0.0,24.979999542236328,24.84000015258789,24.84000015258789,0.0,22200
2013-07-05,21.586551666259766,0.0,25.020000457763672,0.0,25.040000915527344,24.899999618530273,24.959999084472656,0.0,1300
2013-07-08,21.776357650756836,0.0,25.239999771118164,0.0,25.260000228881836,25.18000030517578,25.260000228881836,0.0,2200
2013-07-09,21.931665420532227,0.0,25.420000076293945,0.0,25.459999084472656,25.389999389648438,25.389999389648438,0.0,11600
2013-07-10,21.923025131225586,0.0,25.40999984741211,0.0,25.510000228881836,25.3799991607666,25.43000030517578,0.0,19300
2013-07-11,22.302644729614258,0.0,25.850000381469727,0.0,25.889999389648438,25.75,25.889999389648438,0.0,10600
2013-07-12,22.328533172607422,0.0,25.8799991607666,0.0,25.8799991607666,25.770000457763672,25.770000457763672,0.0,700
2013-07-15,22.34579086303711,0.0,25.899999618530273,0.0,25.959999084472656,25.899999618530273,25.93000030517578,0.0,300100
2013-07-16,22.294023513793945,0.0,25.84000015258789,0.0,25.940000534057617,25.780000686645508,25.940000534057617,0.0,6900
2013-07-17,22.33716583251953,0.0,25.889999389648438,0.0,25.969999313354492,25.850000381469727,25.969999313354492,0.0,11600
2013-07-18,22.34579086303711,0.0,25.899999618530273,0.0,25.989999771118164,25.860000610351562,25.90999984741211,0.0,8100
2013-07-19,22.242252349853516,0.0,25.780000686645508,0.0,25.780000686645508,25.690000534057617,25.719999313354492,0.0,6900
2013-07-22,22.302644729614258,0.0,25.850000381469727,0.0,25.889999389648438,25.790000915527344,25.790000915527344,0.0,15300
2013-07-23,22.2595157623291,0.0,25.799999237060547,0.0,25.899999618530273,25.799999237060547,25.860000610351562,0.0,4700
2013-07-24,22.207746505737305,0.0,25.739999771118164,0.0,25.989999771118164,25.739999771118164,25.989999771118164,0.0,5100
2013-07-25,22.21636962890625,0.0,25.75,0.0,25.770000457763672,25.6299991607666,25.739999771118164,0.0,12200
2013-07-26,22.181856155395508,0.0,25.709999084472656,0.0,25.709999084472656,25.549999237060547,25.649999618530273,0.0,1500
2013-07-29,22.17323875427246,0.0,25.700000762939453,0.0,25.760000228881836,25.68000030517578,25.68000030517578,0.0,2200
2013-07-30,22.199115753173828,0.0,25.729999542236328,0.0,25.780000686645508,25.690000534057617,25.760000228881836,0.0,3400
2013-07-31,22.302644729614258,0.0,25.850000381469727,0.0,25.850000381469727,25.729999542236328,25.729999542236328,0.0,1300
2013-08-01,22.406177520751953,0.0,25.969999313354492,0.0,26.0,25.889999389648438,25.969999313354492,0.0,20700
2013-08-02,22.328533172607422,0.0,25.8799991607666,0.0,25.899999618530273,25.8799991607666,25.899999618530273,0.0,200
2013-08-05,22.432064056396484,0.0,26.0,0.0,26.040000915527344,25.889999389648438,25.889999389648438,0.0,5500
2013-08-06,22.250892639160156,0.0,25.790000915527344,0.0,25.8700008392334,25.790000915527344,25.8700008392334,0.0,600
2013-08-07,22.302644729614258,0.0,25.850000381469727,0.0,25.850000381469727,25.739999771118164,25.760000228881836,0.0,900
2013-08-08,22.475210189819336,0.0,26.049999237060547,0.0,26.059999465942383,25.8799991607666,26.010000228881836,0.0,2600
2013-08-09,22.406177520751953,0.0,25.969999313354492,0.0,26.190000534057617,25.959999084472656,25.979999542236328,0.0,3300
2013-08-12,22.406177520751953,0.0,25.969999313354492,0.0,26.0,25.829999923706055,25.829999923706055,0.0,15000
2013-08-13,22.492460250854492,0.0,26.06999969482422,0.0,26.09000015258789,26.040000915527344,26.059999465942383,0.0,3200
2013-08-14,22.46657943725586,0.0,26.040000915527344,0.0,26.09000015258789,26.040000915527344,26.09000015258789,0.0,600
2013-08-15,22.14735984802246,0.0,25.670000076293945,0.0,25.670000076293945,25.520000457763672,25.540000915527344,0.0,3500
2013-08-16,22.0438175201416,0.0,25.549999237060547,0.0,25.65999984741211,25.489999771118164,25.65999984741211,0.0,12600
2013-08-19,21.94891357421875,0.0,25.440000534057617,0.0,25.540000915527344,25.440000534057617,25.459999084472656,0.0,3100
2013-08-20,21.931665420532227,0.0,25.420000076293945,0.0,25.59000015258789,25.420000076293945,25.43000030517578,0.0,17100
2013-08-21,21.905778884887695,0.0,25.389999389648438,0.0,25.450000762939453,25.309999465942383,25.450000762939453,0.0,5100
2013-08-22,22.05244255065918,0.0,25.559999465942383,0.0,25.559999465942383,24.969999313354492,25.450000762939453,0.0,3200
2013-08-23,22.2336368560791,0.0,25.770000457763672,0.0,25.770000457763672,25.59000015258789,25.729999542236328,0.0,12800
2013-08-26,22.16460418701172,0.0,25.690000534057617,0.0,25.860000610351562,25.6299991607666,25.860000610351562,0.0,5800
2013-08-27,21.845382690429688,0.0,25.31999969482422,0.0,25.440000534057617,25.31999969482422,25.440000534057617,0.0,14300
2013-08-28,21.862632751464844,0.0,25.34000015258789,0.0,25.450000762939453,25.260000228881836,25.260000228881836,0.0,7800
2013-08-29,21.923025131225586,0.0,25.40999984741211,0.0,25.530000686645508,25.260000228881836,25.260000228881836,0.0,4100
2013-08-30,21.931665420532227,0.0,25.420000076293945,0.0,25.420000076293945,25.350000381469727,25.3700008392334,0.0,8400
2013-09-03,21.940282821655273,0.0,25.43000030517578,0.0,25.510000228881836,25.360000610351562,25.510000228881836,0.0,14700
2013-09-04,22.13010025024414,0.0,25.649999618530273,0.0,25.649999618530273,25.610000610351562,25.610000610351562,0.0,400
2013-09-05,22.095582962036133,0.0,25.610000610351562,0.0,25.6200008392334,25.610000610351562,25.6200008392334,0.0,700
2013-09-06,22.155982971191406,0.0,25.68000030517578,0.0,25.739999771118164,25.68000030517578,25.709999084472656,0.0,15400
2013-09-09,22.328533172607422,0.0,25.8799991607666,0.0,25.899999618530273,25.8799991607666,25.899999618530273,0.0,1400
2013-09-10,22.388927459716797,0.0,25.950000762939453,0.0,26.020000457763672,25.950000762939453,25.969999313354492,0.0,11000
2013-09-11,22.48383331298828,0.0,26.059999465942383,0.0,26.110000610351562,26.010000228881836,26.010000228881836,0.0,3800
2013-09-12,22.457950592041016,0.0,26.030000686645508,0.0,26.170000076293945,26.030000686645508,26.170000076293945,0.0,6100
2013-09-13,22.509721755981445,0.0,26.09000015258789,0.0,26.1200008392334,26.079999923706055,26.1200008392334,0.0,2100
2013-09-16,22.53559112548828,0.0,26.1200008392334,0.0,26.280000686645508,26.100000381469727,26.190000534057617,0.0,8600
2013-09-17,22.63913345336914,0.0,26.239999771118164,0.0,26.25,26.229999542236328,26.229999542236328,0.0,500
2013-09-18,23.0101261138916,0.0,26.670000076293945,0.0,26.670000076293945,26.25,26.25,0.0,900
2013-09-19,22.89796257019043,0.0,26.540000915527344,0.0,26.690000534057617,26.540000915527344,26.690000534057617,0.0,1400
2013-09-20,22.926530838012695,0.0,26.479999542236328,0.093,26.5,26.479999542236328,26.5,0.0,500
2013-09-23,22.7100830078125,0.0,26.229999542236328,0.0,26.239999771118164,26.229999542236328,26.239999771118164,0.0,4800
2013-09-24,22.701427459716797,0.0,26.219999313354492,0.0,26.229999542236328,26.219999313354492,26.219999313354492,0.0,4500
2013-09-25,22.597524642944336,0.0,26.100000381469727,0.0,26.18000030517578,26.09000015258789,26.110000610351562,0.0,18200
2013-09-26,22.632158279418945,0.0,26.139999389648438,0.0,26.18000030517578,26.100000381469727,26.18000030517578,0.0,8100
2013-09-27,22.606184005737305,0.0,26.110000610351562,0.0,26.190000534057617,26.079999923706055,26.190000534057617,0.0,1600
2013-09-30,22.450340270996094,0.0,25.93000030517578,0.0,26.020000457763672,25.889999389648438,25.90999984741211,0.0,2900
2013-10-01,22.675451278686523,0.0,26.190000534057617,0.0,26.190000534057617,26.139999389648438,26.18000030517578,0.0,13300
2013-10-02,22.675451278686523,0.0,26.190000534057617,0.0,26.209999084472656,26.020000457763672,26.020000457763672,0.0,1700
2013-10-03,22.58022117614746,0.0,26.079999923706055,0.0,26.09000015258789,25.920000076293945,26.079999923706055,0.0,7400
2013-10-04,22.649477005004883,0.0,26.15999984741211,0.0,26.15999984741211,26.059999465942383,26.059999465942383,0.0,4700
2013-10-07,22.467655181884766,0.0,25.950000762939453,0.0,26.079999923706055,25.940000534057617,26.06999969482422,0.0,3900
2013-10-08,22.251205444335938,0.0,25.700000762939453,0.0,25.770000457763672,25.649999618530273,25.770000457763672,0.0,8400
2013-10-09,22.251205444335938,0.0,25.700000762939453,0.0,25.700000762939453,25.5,25.6299991607666,0.0,3100
2013-10-10,22.588869094848633,0.0,26.09000015258789,0.0,26.09000015258789,25.989999771118164,26.040000915527344,0.0,3000
2013-10-11,22.813982009887695,0.0,26.350000381469727,0.0,26.350000381469727,26.280000686645508,26.280000686645508,0.0,1000
2013-10-14,22.874584197998047,0.0,26.420000076293945,0.0,26.420000076293945,26.420000076293945,26.420000076293945,0.0,900
2013-10-15,22.85727310180664,0.0,26.399999618530273,0.0,26.469999313354492,26.399999618530273,26.40999984741211,0.0,6700
2013-10-16,23.03908920288086,0.0,26.610000610351562,0.0,26.6299991607666,26.540000915527344,26.56999969482422,0.0,7900
2013-10-17,23.065059661865234,0.0,26.639999389648438,0.0,26.639999389648438,26.639999389648438,26.639999389648438,0.0,400
2013-10-18,23.402729034423828,0.0,27.030000686645508,0.0,27.030000686645508,27.030000686645508,27.030000686645508,0.0,500
2013-10-21,23.333463668823242,0.0,26.950000762939453,0.0,27.030000686645508,26.940000534057617,27.030000686645508,0.0,3000
2013-10-22,23.5412540435791,0.0,27.190000534057617,0.0,27.190000534057617,27.06999969482422,27.06999969482422,0.0,3900
2013-10-23,23.437362670898438,0.0,27.06999969482422,0.0,27.06999969482422,26.959999084472656,27.020000457763672,0.0,1100
2013-10-24,23.480649948120117,0.0,27.1200008392334,0.0,27.170000076293945,27.040000915527344,27.040000915527344,0.0,2000
2013-10-25,23.56723403930664,0.0,27.219999313354492,0.0,27.25,27.170000076293945,27.18000030517578,0.0,6600
2013-10-28,23.59320831298828,0.0,27.25,0.0,27.34000015258789,27.25,27.309999465942383,0.0,3700
2013-10-29,23.72307014465332,0.0,27.399999618530273,0.0,27.40999984741211,27.299999237060547,27.299999237060547,0.0,4400
2013-10-30,23.627840042114258,0.0,27.290000915527344,0.0,27.459999084472656,27.290000915527344,27.440000534057617,0.0,2900
2013-10-31,23.645156860351562,0.0,27.309999465942383,0.0,27.3700008392334,27.309999465942383,27.3700008392334,0.0,10600
2013-11-01,23.575881958007812,0.0,27.229999542236328,0.0,27.260000228881836,27.149999618530273,27.190000534057617,0.0,86500
2013-11-04,23.645156860351562,0.0,27.309999465942383,0.0,27.309999465942383,27.299999237060547,27.309999465942383,0.0,1000
2013-11-05,23.636493682861328,0.0,27.299999237060547,0.0,27.3799991607666,27.229999542236328,27.229999542236328,0.0,2400
2013-11-06,23.84429168701172,0.0,27.540000915527344,0.0,27.579999923706055,27.520000457763672,27.579999923706055,0.0,700
2013-11-07,23.506616592407227,0.0,27.149999618530273,0.0,27.229999542236328,27.149999618530273,27.229999542236328,0.0,300
2013-11-08,23.800996780395508,0.0,27.489999771118164,0.0,27.489999771118164,27.3799991607666,27.3799991607666,0.0,1000
2013-11-11,23.84429168701172,0.0,27.540000915527344,0.0,27.540000915527344,27.489999771118164,27.489999771118164,0.0,2000
2013-11-12,23.800996780395508,0.0,27.489999771118164,0.0,27.489999771118164,27.489999771118164,27.489999771118164,0.0,200
2013-11-13,23.930864334106445,0.0,27.639999389648438,0.0,27.639999389648438,27.469999313354492,27.469999313354492,0.0,3700
2013-11-14,24.069393157958984,0.0,27.799999237060547,0.0,27.829999923706055,27.649999618530273,27.649999618530273,0.0,12500
2013-11-15,24.069393157958984,0.0,27.799999237060547,0.0,27.799999237060547,27.799999237060547,27.799999237060547,0.0,0
2013-11-18,23.965505599975586,0.0,27.68000030517578,0.0,27.940000534057617,27.68000030517578,27.940000534057617,0.0,3900
2013-11-19,24.034761428833008,0.0,27.760000228881836,0.0,27.760000228881836,27.600000381469727,27.719999313354492,0.0,2000
2013-11-20,23.896238327026367,0.0,27.600000381469727,0.0,27.75,27.56999969482422,27.75,0.0,4400
2013-11-21,23.98281478881836,0.0,27.700000762939453,0.0,27.729999542236328,27.670000076293945,27.729999542236328,0.0,8100
2013-11-22,24.164636611938477,0.0,27.90999984741211,0.0,27.959999084472656,27.850000381469727,27.850000381469727,0.0,7700
2013-11-25,24.09537124633789,0.0,27.829999923706055,0.0,27.969999313354492,27.829999923706055,27.969999313354492,0.0,2800
2013-11-26,24.104032516479492,0.0,27.84000015258789,0.0,27.989999771118164,27.84000015258789,27.899999618530273,0.0,3400
2013-11-27,24.104032516479492,0.0,27.84000015258789,0.0,27.84000015258789,27.84000015258789,27.84000015258789,0.0,0
2013-11-29,24.381084442138672,0.0,28.15999984741211,0.0,28.15999984741211,28.100000381469727,28.100000381469727,0.0,700
2013-12-02,24.199268341064453,0.0,27.950000762939453,0.0,28.059999465942383,27.940000534057617,28.0,0.0,6800
2013-12-03,24.17329978942871,0.0,27.920000076293945,0.0,27.920000076293945,27.780000686645508,27.780000686645508,0.0,102400
2013-12-04,24.086711883544922,0.0,27.81999969482422,0.0,28.0,27.780000686645508,27.809999465942383,0.0,1600
2013-12-05,24.086711883544922,0.0,27.81999969482422,0.0,27.81999969482422,27.81999969482422,27.81999969482422,0.0,400
2013-12-06,24.199268341064453,0.0,27.950000762939453,0.0,27.989999771118164,27.860000610351562,27.950000762939453,0.0,15700
2013-12-09,24.20792579650879,0.0,27.959999084472656,0.0,27.959999084472656,27.93000030517578,27.93000030517578,0.0,500
2013-12-10,24.147321701049805,0.0,27.889999389648438,0.0,27.969999313354492,27.889999389648438,27.950000762939453,0.0,2200
2013-12-11,24.052085876464844,0.0,27.780000686645508,0.0,27.940000534057617,27.760000228881836,27.940000534057617,0.0,4900
2013-12-12,23.835634231567383,0.0,27.530000686645508,0.0,27.610000610351562,27.43000030517578,27.59000015258789,0.0,7400
2013-12-13,23.818313598632812,0.0,27.510000228881836,0.0,27.520000457763672,27.43000030517578,27.43000030517578,0.0,2700
2013-12-16,23.861602783203125,0.0,27.559999465942383,0.0,27.690000534057617,26.709999084472656,26.709999084472656,0.0,2600
2013-12-17,23.809656143188477,0.0,27.5,0.0,27.540000915527344,27.5,27.540000915527344,0.0,2600
2013-12-18,24.181955337524414,0.0,27.93000030517578,0.0,27.93000030517578,27.31999969482422,27.540000915527344,0.0,10200
2013-12-19,24.19061851501465,0.0,27.940000534057617,0.0,27.940000534057617,27.850000381469727,27.860000610351562,0.0,4500
2013-12-20,24.344011306762695,0.0,27.93000030517578,0.186,27.969999313354492,27.93000030517578,27.969999313354492,0.0,2500
2013-12-23,24.518335342407227,0.0,28.1299991607666,0.0,28.1299991607666,27.920000076293945,27.93000030517578,0.0,900
2013-12-24,24.508737564086914,0.0,28.100000381469727,0.019,28.1299991607666,27.0,28.1299991607666,0.0,700
2013-12-26,24.63957405090332,0.0,28.25,0.0,28.25,28.25,28.25,0.0,300
2013-12-27,24.744237899780273,0.0,28.3700008392334,0.0,28.399999618530273,28.329999923706055,28.389999389648438,0.0,1100
2013-12-30,24.744237899780273,0.0,28.3700008392334,0.0,28.3700008392334,28.309999465942383,28.329999923706055,0.0,9100
2013-12-31,24.87506675720215,0.0,28.520000457763672,0.0,28.520000457763672,28.40999984741211,28.40999984741211,0.0,2300
2014-01-02,24.613405227661133,0.0,28.219999313354492,0.0,28.239999771118164,28.15999984741211,28.219999313354492,0.0,54200
2014-01-03,24.561071395874023,0.0,28.15999984741211,0.0,28.170000076293945,28.149999618530273,28.149999618530273,0.0,4400
2014-01-06,24.447696685791016,0.0,28.030000686645508,0.0,28.079999923706055,27.950000762939453,27.979999542236328,0.0,59600
2014-01-07,24.63085174560547,0.0,28.239999771118164,0.0,28.239999771118164,28.1200008392334,28.149999618530273,0.0,9100
2014-01-08,24.49129867553711,0.0,28.079999923706055,0.0,28.18000030517578,28.079999923706055,28.18000030517578,0.0,2000
2014-01-09,24.482580184936523,0.0,28.06999969482422,0.0,28.06999969482422,27.989999771118164,28.030000686645508,0.0,7300
2014-01-10,24.45640754699707,0.0,28.040000915527344,0.0,28.110000610351562,28.040000915527344,28.110000610351562,0.0,600
2014-01-13,24.508737564086914,0.0,28.100000381469727,0.0,28.190000534057617,28.100000381469727,28.190000534057617,0.0,500
2014-01-14,24.526185989379883,0.0,28.1200008392334,0.0,28.149999618530273,28.1200008392334,28.149999618530273,0.0,1200
2014-01-15,24.779129028320312,0.0,28.40999984741211,0.0,28.40999984741211,28.389999389648438,28.389999389648438,0.0,600
2014-01-16,24.787841796875,0.0,28.420000076293945,0.0,28.420000076293945,28.389999389648438,28.389999389648438,0.0,1600
2014-01-17,24.779129028320312,0.0,28.40999984741211,0.0,28.40999984741211,28.40999984741211,28.40999984741211,0.0,400
2014-01-21,24.700626373291016,0.0,28.31999969482422,0.0,28.440000534057617,28.25,28.3799991607666,0.0,16000
2014-01-22,24.752954483032227,0.0,28.3799991607666,0.0,28.389999389648438,28.31999969482422,28.31999969482422,0.0,6500
2014-01-23,24.49129867553711,0.0,28.079999923706055,0.0,28.280000686645508,28.06999969482422,28.280000686645508,0.0,7600
2014-01-24,24.29069709777832,0.0,27.850000381469727,0.0,28.059999465942383,27.850000381469727,28.059999465942383,0.0,2700
2014-01-27,24.168582916259766,0.0,27.709999084472656,0.0,27.809999465942383,27.709999084472656,27.790000915527344,0.0,1300
2014-01-28,24.168582916259766,0.0,27.709999084472656,0.0,27.709999084472656,27.709999084472656,27.709999084472656,0.0,0
2014-01-29,23.950532913208008,0.0,27.459999084472656,0.0,27.6200008392334,27.43000030517578,27.540000915527344,0.0,5400
2014-01-30,24.14241600036621,0.0,27.68000030517578,0.0,27.780000686645508,27.610000610351562,27.610000610351562,0.0,1300
2014-01-31,24.2645263671875,0.0,27.81999969482422,0.0,27.829999923706055,27.559999465942383,27.559999465942383,0.0,10800
2014-02-03,23.610374450683594,0.0,27.06999969482422,0.0,27.06999969482422,27.020000457763672,27.020000457763672,0.0,2100
2014-02-04,23.828428268432617,0.0,27.31999969482422,0.0,27.329999923706055,27.190000534057617,27.190000534057617,0.0,10800
2014-02-05,23.76737403869629,0.0,27.25,0.0,27.25,27.149999618530273,27.149999618530273,0.0,700
2014-02-06,24.046472549438477,0.0,27.56999969482422,0.0,27.6200008392334,27.459999084472656,27.459999084472656,0.0,1500
2014-02-07,24.369184494018555,0.0,27.940000534057617,0.0,28.030000686645508,27.889999389648438,27.889999389648438,0.0,16100
2014-02-10,24.4389705657959,0.0,28.020000457763672,0.0,28.020000457763672,27.989999771118164,28.020000457763672,0.0,1800
2014-02-11,24.787841796875,0.0,28.420000076293945,0.0,28.450000762939453,28.31999969482422,28.31999969482422,0.0,8000
2014-02-12,24.779129028320312,0.0,28.40999984741211,0.0,28.440000534057617,28.389999389648438,28.43000030517578,0.0,1900
2014-02-13,24.83145523071289,0.0,28.469999313354492,0.0,28.559999465942383,28.3700008392334,28.3700008392334,0.0,1100
2014-02-14,25.04949951171875,0.0,28.719999313354492,0.0,28.719999313354492,28.420000076293945,28.420000076293945,0.0,8100
2014-02-18,25.04077911376953,0.0,28.709999084472656,0.0,28.739999771118164,28.709999084472656,28.719999313354492,0.0,3800
2014-02-19,24.857620239257812,0.0,28.5,0.0,28.700000762939453,28.479999542236328,28.600000381469727,0.0,3700
2014-02-20,24.944841384887695,0.0,28.600000381469727,0.0,28.600000381469727,28.479999542236328,28.479999542236328,0.0,1300
2014-02-21,24.901229858398438,0.0,28.549999237060547,0.0,28.670000076293945,28.530000686645508,28.670000076293945,0.0,5100
2014-02-24,25.09311294555664,0.0,28.770000457763672,0.0,28.809999465942383,28.610000610351562,28.610000610351562,0.0,3600
2014-02-25,24.971004486083984,0.0,28.6299991607666,0.0,28.6299991607666,28.6299991607666,28.6299991607666,0.0,300
2014-02-26,24.95355796813965,0.0,28.610000610351562,0.0,28.690000534057617,28.56999969482422,28.690000534057617,0.0,4100
2014-02-27,25.084394454956055,0.0,28.760000228881836,0.0,28.770000457763672,28.670000076293945,28.670000076293945,0.0,4100
2014-02-28,25.26755142211914,0.0,28.969999313354492,0.0,28.969999313354492,28.90999984741211,28.90999984741211,0.0,700
2014-03-03,24.9797306060791,0.0,28.639999389648438,0.0,28.860000610351562,28.600000381469727,28.860000610351562,0.0,2500
2014-03-04,25.433273315429688,0.0,29.15999984741211,0.0,29.18000030517578,29.0,29.0,0.0,1900
2014-03-05,25.44200325012207,0.0,29.170000076293945,0.0,29.170000076293945,29.110000610351562,29.110000610351562,0.0,3700
2014-03-06,25.38094139099121,0.0,29.100000381469727,0.0,29.170000076293945,29.100000381469727,29.149999618530273,0.0,1200
2014-03-07,25.36349868774414,0.0,29.079999923706055,0.0,29.190000534057617,29.049999237060547,29.190000534057617,0.0,1900
2014-03-10,25.38094139099121,0.0,29.100000381469727,0.0,29.100000381469727,29.049999237060547,29.100000381469727,0.0,23500
2014-03-11,25.29371452331543,0.0,29.0,0.0,29.0,28.90999984741211,28.93000030517578,0.0,5600
2014-03-12,25.33732795715332,0.0,29.049999237060547,0.0,29.049999237060547,28.950000762939453,29.0,0.0,4100
2014-03-13,25.33732795715332,0.0,29.049999237060547,0.0,29.049999237060547,29.049999237060547,29.049999237060547,0.0,400
2014-03-14,25.0582275390625,0.0,28.729999542236328,0.0,28.799999237060547,28.700000762939453,28.799999237060547,0.0,11300
2014-03-17,25.250106811523438,0.0,28.950000762939453,0.0,28.959999084472656,28.8700008392334,28.950000762939453,0.0,1600
2014-03-18,25.476879119873047,0.0,29.209999084472656,0.0,29.209999084472656,29.030000686645508,29.030000686645508,0.0,3300
2014-03-19,25.24139404296875,0.0,28.940000534057617,0.0,28.940000534057617,28.93000030517578,28.940000534057617,0.0,1500
2014-03-20,25.223941802978516,0.0,28.920000076293945,0.0,28.969999313354492,28.920000076293945,28.969999313354492,0.0,700
2014-03-21,25.275514602661133,0.0,28.920000076293945,0.059,28.920000076293945,28.920000076293945,28.920000076293945,0.0,0
2014-03-24,25.25802993774414,0.0,28.899999618530273,0.0,28.899999618530273,28.760000228881836,28.809999465942383,0.0,1300
2014-03-25,25.40660285949707,0.0,29.06999969482422,0.0,29.06999969482422,29.059999465942383,29.059999465942383,0.0,700
2014-03-26,25.415340423583984,0.0,29.079999923706055,0.0,29.149999618530273,29.030000686645508,29.149999618530273,0.0,6100
2014-03-27,25.205585479736328,0.0,28.84000015258789,0.0,28.84000015258789,28.760000228881836,28.760000228881836,0.0,700
2014-03-28,25.205585479736328,0.0,28.84000015258789,0.0,28.84000015258789,28.84000015258789,28.84000015258789,0.0,0
2014-03-31,25.52896499633789,0.0,29.209999084472656,0.0,29.309999465942383,29.1200008392334,29.1200008392334,0.0,7100
2014-04-01,25.747453689575195,0.0,29.459999084472656,0.0,29.459999084472656,29.350000381469727,29.350000381469727,0.0,20500
2014-04-02,25.78241729736328,0.0,29.5,0.0,29.559999465942383,29.440000534057617,29.559999465942383,0.0,3800
2014-04-03,25.764936447143555,0.0,29.479999542236328,0.0,29.549999237060547,29.399999618530273,29.549999237060547,0.0,4200
2014-04-04,25.502742767333984,0.0,29.18000030517578,0.0,29.719999313354492,29.18000030517578,29.719999313354492,0.0,8500
2014-04-07,25.170629501342773,0.0,28.799999237060547,0.0,28.799999237060547,28.739999771118164,28.739999771118164,0.0,1000
2014-04-08,25.126934051513672,0.0,28.75,0.0,28.75,28.75,28.75,0.0,100
2014-04-09,25.476524353027344,0.0,29.149999618530273,0.0,29.219999313354492,29.0,29.0,0.0,3100
2014-04-10,25.476524353027344,0.0,29.149999618530273,0.0,29.149999618530273,29.149999618530273,29.149999618530273,0.0,0
2014-04-11,24.86473846435547,0.0,28.450000762939453,0.0,28.530000686645508,28.450000762939453,28.530000686645508,0.0,400
2014-04-14,25.039535522460938,0.0,28.649999618530273,0.0,28.649999618530273,28.649999618530273,28.649999618530273,0.0,200
2014-04-15,24.899688720703125,0.0,28.489999771118164,0.0,28.649999618530273,28.489999771118164,28.649999618530273,0.0,600
2014-04-16,25.389131546020508,0.0,29.049999237060547,0.0,29.09000015258789,29.010000228881836,29.049999237060547,0.0,2200
2014-04-17,25.55518341064453,0.0,29.239999771118164,0.0,29.239999771118164,29.239999771118164,29.239999771118164,0.0,700
2014-04-21,25.61635971069336,0.0,29.309999465942383,0.0,29.350000381469727,29.270000457763672,29.270000457763672,0.0,4200
2014-04-22,25.738712310791016,0.0,29.450000762939453,0.0,29.520000457763672,29.31999969482422,29.43000030517578,0.0,4200
2014-04-23,25.59014129638672,0.0,29.280000686645508,0.0,29.280000686645508,29.280000686645508,29.280000686645508,0.0,1900
2014-04-24,25.738712310791016,0.0,29.450000762939453,0.0,29.530000686645508,29.360000610351562,29.360000610351562,0.0,1700
2014-04-25,25.607620239257812,0.0,29.299999237060547,0.0,29.299999237060547,29.209999084472656,29.299999237060547,0.0,1700
2014-04-28,25.729978561401367,0.0,29.440000534057617,0.0,29.5,29.25,29.299999237060547,0.0,5000
2014-04-29,25.826112747192383,0.0,29.549999237060547,0.0,29.579999923706055,29.549999237060547,29.579999923706055,0.0,9500
2014-04-30,25.791154861450195,0.0,29.510000228881836,0.0,29.510000228881836,29.469999313354492,29.469999313354492,0.0,600
2014-05-01,25.791154861450195,0.0,29.510000228881836,0.0,29.510000228881836,29.510000228881836,29.510000228881836,0.0,0
2014-05-02,25.738712310791016,0.0,29.450000762939453,0.0,29.68000030517578,29.450000762939453,29.68000030517578,0.0,15700
2014-05-05,25.861074447631836,0.0,29.59000015258789,0.0,29.59000015258789,29.59000015258789,29.59000015258789,0.0,200
2014-05-06,25.703760147094727,0.0,29.40999984741211,0.0,29.6299991607666,29.40999984741211,29.6299991607666,0.0,3300
2014-05-07,25.660057067871094,0.0,29.360000610351562,0.0,29.360000610351562,29.34000015258789,29.34000015258789,0.0,500
2014-05-08,25.729978561401367,0.0,29.440000534057617,0.0,29.530000686645508,29.440000534057617,29.530000686645508,0.0,2800
2014-05-09,25.695016860961914,0.0,29.399999618530273,0.0,29.420000076293945,29.360000610351562,29.3700008392334,0.0,1400
2014-05-12,26.035869598388672,0.0,29.790000915527344,0.0,29.799999237060547,29.739999771118164,29.799999237060547,0.0,12300
2014-05-13,26.14948844909668,0.0,29.920000076293945,0.0,29.920000076293945,29.850000381469727,29.860000610351562,0.0,1500
2014-05-14,25.88729476928711,0.0,29.6200008392334,0.0,29.84000015258789,29.610000610351562,29.799999237060547,0.0,13000
2014-05-15,25.78241729736328,0.0,29.5,0.0,29.799999237060547,29.5,29.799999237060547,0.0,3300
2014-05-16,25.992170333862305,0.0,29.739999771118164,0.0,29.75,29.540000915527344,29.540000915527344,0.0,5600
2014-05-19,26.132003784179688,0.0,29.899999618530273,0.0,29.899999618530273,29.81999969482422,29.860000610351562,0.0,3100
2014-05-20,25.96595573425293,0.0,29.709999084472656,0.0,29.719999313354492,29.6200008392334,29.6200008392334,0.0,3200
2014-05-21,26.193185806274414,0.0,29.969999313354492,0.0,29.969999313354492,29.860000610351562,29.940000534057617,0.0,1000
2014-05-22,26.306806564331055,0.0,30.100000381469727,0.0,30.110000610351562,29.969999313354492,29.969999313354492,0.0,3700
2014-05-23,26.402942657470703,0.0,30.209999084472656,0.0,30.209999084472656,30.1200008392334,30.1299991607666,0.0,5200
2014-05-27,26.525299072265625,0.0,30.350000381469727,0.0,30.350000381469727,30.270000457763672,30.280000686645508,0.0,11600
2014-05-28,26.48160171508789,0.0,30.299999237060547,0.0,30.389999389648438,30.299999237060547,30.34000015258789,0.0,9100
2014-05-29,26.638914108276367,0.0,30.479999542236328,0.0,30.479999542236328,30.389999389648438,30.43000030517578,0.0,6800
2014-05-30,26.682613372802734,0.0,30.530000686645508,0.0,30.59000015258789,30.459999084472656,30.459999084472656,0.0,2700
2014-06-02,26.647653579711914,0.0,30.489999771118164,0.0,30.489999771118164,30.420000076293945,30.420000076293945,0.0,39300
2014-06-03,26.717578887939453,0.0,30.56999969482422,0.0,30.56999969482422,30.520000457763672,30.520000457763672,0.0,1100
2014-06-04,26.752534866333008,0.0,30.610000610351562,0.0,30.610000610351562,30.489999771118164,30.489999771118164,0.0,2100
2014-06-05,26.874893188476562,0.0,30.75,0.0,30.84000015258789,30.479999542236328,30.690000534057617,0.0,11900
2014-06-06,27.014724731445312,0.0,30.90999984741211,0.0,30.940000534057617,30.90999984741211,30.93000030517578,0.0,2200
2014-06-09,27.058427810668945,0.0,30.959999084472656,0.0,31.09000015258789,30.959999084472656,30.959999084472656,0.0,8400
2014-06-10,27.032197952270508,0.0,30.93000030517578,0.0,31.0,30.8799991607666,31.0,0.0,9900
2014-06-11,26.988508224487305,0.0,30.8799991607666,0.0,30.90999984741211,30.8799991607666,30.90999984741211,0.0,1000
2014-06-12,26.988508224487305,0.0,30.8799991607666,0.0,30.8799991607666,30.8799991607666,30.8799991607666,0.0,0
2014-06-13,26.909849166870117,0.0,30.790000915527344,0.0,30.790000915527344,30.649999618530273,30.780000686645508,0.0,2000
2014-06-16,26.892370223999023,0.0,30.770000457763672,0.0,30.8700008392334,30.68000030517578,30.81999969482422,0.0,6000
2014-06-17,26.94480323791504,0.0,30.829999923706055,0.0,30.84000015258789,30.75,30.75,0.0,7200
2014-06-18,26.99724578857422,0.0,30.889999389648438,0.0,30.889999389648438,30.68000030517578,30.780000686645508,0.0,600
2014-06-19,27.154569625854492,0.0,31.06999969482422,0.0,31.1200008392334,31.010000228881836,31.09000015258789,0.0,10600
2014-06-20,27.215120315551758,0.0,31.010000228881836,0.129,31.84000015258789,31.010000228881836,31.030000686645508,0.0,1300
2014-06-23,27.22390365600586,0.0,31.020000457763672,0.0,31.020000457763672,31.010000228881836,31.010000228881836,0.0,1400
2014-06-24,27.030818939208984,0.0,30.799999237060547,0.0,31.09000015258789,30.799999237060547,31.09000015258789,0.0,400
2014-06-25,27.215120315551758,0.0,31.010000228881836,0.0,31.010000228881836,30.809999465942383,30.809999465942383,0.0,900
2014-06-26,27.11858367919922,0.0,30.899999618530273,0.0,30.920000076293945,30.8700008392334,30.90999984741211,0.0,1700
2014-06-27,27.215120315551758,0.0,31.010000228881836,0.0,31.030000686645508,30.989999771118164,31.0,0.0,6400
2014-06-30,27.329204559326172,0.0,31.139999389648438,0.0,31.200000762939453,31.139999389648438,31.18000030517578,0.0,9200
2014-07-01,27.522287368774414,0.0,31.360000610351562,0.0,31.420000076293945,31.270000457763672,31.270000457763672,0.0,52000
2014-07-02,27.478408813476562,0.0,31.309999465942383,0.0,31.350000381469727,31.239999771118164,31.239999771118164,0.0,7100
2014-07-03,27.627605438232422,0.0,31.479999542236328,0.0,31.520000457763672,31.469999313354492,31.520000457763672,0.0,4700
2014-07-07,27.548625946044922,0.0,31.389999389648438,0.0,31.510000228881836,31.31999969482422,31.510000228881836,0.0,2800
2014-07-08,27.416975021362305,0.0,31.239999771118164,0.0,31.290000915527344,31.149999618530273,31.209999084472656,0.0,4500
2014-07-09,27.522287368774414,0.0,31.360000610351562,0.0,31.360000610351562,31.299999237060547,31.360000610351562,0.0,1100
2014-07-10,27.39942169189453,0.0,31.219999313354492,0.0,31.329999923706055,31.09000015258789,31.09000015258789,0.0,4700
2014-07-11,27.452083587646484,0.0,31.280000686645508,0.0,31.280000686645508,31.200000762939453,31.200000762939453,0.0,1400
2014-07-14,27.601274490356445,0.0,31.450000762939453,0.0,31.450000762939453,31.329999923706055,31.450000762939453,0.0,7200
2014-07-15,27.53984832763672,0.0,31.3799991607666,0.0,31.420000076293945,31.239999771118164,31.399999618530273,0.0,14100
2014-07-16,27.64515495300293,0.0,31.5,0.0,31.5,31.3700008392334,31.459999084472656,0.0,25100
2014-07-17,27.381872177124023,0.0,31.200000762939453,0.0,31.540000915527344,31.139999389648438,31.5,0.0,32600
2014-07-18,27.627605438232422,0.0,31.479999542236328,0.0,31.489999771118164,31.280000686645508,31.3799991607666,0.0,4200
2014-07-21,27.610057830810547,0.0,31.459999084472656,0.0,31.489999771118164,31.360000610351562,31.389999389648438,0.0,10600
2014-07-22,27.741695404052734,0.0,31.610000610351562,0.0,31.670000076293945,31.610000610351562,31.670000076293945,0.0,3900
2014-07-23,27.78557777404785,0.0,31.65999984741211,0.0,31.770000457763672,31.579999923706055,31.65999984741211,0.0,23800
2014-07-24,27.759248733520508,0.0,31.6299991607666,0.0,31.68000030517578,31.600000381469727,31.600000381469727,0.0,1900
2014-07-25,27.69781494140625,0.0,31.559999465942383,0.0,31.600000381469727,31.510000228881836,31.559999465942383,0.0,7000
2014-07-28,27.71537208557129,0.0,31.579999923706055,0.0,31.649999618530273,31.399999618530273,31.649999618530273,0.0,4300
2014-07-29,27.653940200805664,0.0,31.510000228881836,0.0,31.700000762939453,31.510000228881836,31.68000030517578,0.0,17000
2014-07-30,27.69781494140625,0.0,31.559999465942383,0.0,31.579999923706055,31.389999389648438,31.579999923706055,0.0,10600
2014-07-31,27.127357482910156,0.0,30.90999984741211,0.0,31.309999465942383,30.899999618530273,31.309999465942383,0.0,23000
2014-08-01,26.995716094970703,0.0,30.760000228881836,0.0,30.84000015258789,30.56999969482422,30.760000228881836,0.0,25500
2014-08-04,27.25900650024414,0.0,31.059999465942383,0.0,31.09000015258789,30.739999771118164,30.860000610351562,0.0,7700
2014-08-05,26.995716094970703,0.0,30.760000228881836,0.0,31.030000686645508,30.690000534057617,30.8799991607666,0.0,8500
2014-08-06,27.01327133178711,0.0,30.780000686645508,0.0,30.90999984741211,30.690000534057617,30.690000534057617,0.0,8200
2014-08-07,26.81141471862793,0.0,30.549999237060547,0.0,30.920000076293945,30.520000457763672,30.920000076293945,0.0,13300
2014-08-08,27.11858367919922,0.0,30.899999618530273,0.0,30.899999618530273,30.610000610351562,30.6299991607666,0.0,22400
2014-08-11,27.276559829711914,0.0,31.079999923706055,0.0,31.1299991607666,31.020000457763672,31.020000457763672,0.0,3200
2014-08-12,27.153688430786133,0.0,30.940000534057617,0.0,31.110000610351562,30.940000534057617,31.059999465942383,0.0,16100
2014-08-13,27.443302154541016,0.0,31.270000457763672,0.0,31.270000457763672,31.1299991607666,31.1299991607666,0.0,3100
2014-08-14,27.51351547241211,0.0,31.350000381469727,0.0,31.350000381469727,31.260000228881836,31.270000457763672,0.0,3200
2014-08-15,27.610057830810547,0.0,31.459999084472656,0.0,31.459999084472656,31.309999465942383,31.309999465942383,0.0,1000
2014-08-18,27.855791091918945,0.0,31.739999771118164,0.0,31.75,31.579999923706055,31.649999618530273,0.0,8800
2014-08-19,28.04008674621582,0.0,31.950000762939453,0.0,31.969999313354492,31.8799991607666,31.889999389648438,0.0,11900
2014-08-20,28.092742919921875,0.0,32.0099983215332,0.0,32.060001373291016,31.8700008392334,31.959999084472656,0.0,9900
2014-08-21,28.119075775146484,0.0,32.040000915527344,0.0,32.060001373291016,32.0,32.0,0.0,5200
2014-08-22,28.075191497802734,0.0,31.989999771118164,0.0,32.119998931884766,31.989999771118164,32.119998931884766,0.0,4500
2014-08-25,28.241945266723633,0.0,32.18000030517578,0.0,32.18000030517578,32.18000030517578,32.18000030517578,0.0,600
2014-08-26,28.259492874145508,0.0,32.20000076293945,0.0,32.2400016784668,32.150001525878906,32.209999084472656,0.0,25200
2014-08-27,28.20684051513672,0.0,32.13999938964844,0.0,32.220001220703125,32.13999938964844,32.15999984741211,0.0,3200
2014-08-28,28.20684051513672,0.0,32.13999938964844,0.0,32.16999816894531,32.099998474121094,32.16999816894531,0.0,1200
2014-08-29,28.312150955200195,0.0,32.2599983215332,0.0,32.2599983215332,32.060001373291016,32.099998474121094,0.0,1800
2014-09-02,28.250713348388672,0.0,32.189998626708984,0.0,32.36000061035156,32.060001373291016,32.36000061035156,0.0,81500
2014-09-03,28.198060989379883,0.0,32.130001068115234,0.0,32.2599983215332,32.119998931884766,32.2400016784668,0.0,15000
2014-09-04,28.11029624938965,0.0,32.029998779296875,0.0,32.31999969482422,32.0,32.31999969482422,0.0,5300
2014-09-05,28.312150955200195,0.0,32.2599983215332,0.0,32.279998779296875,32.02000045776367,32.02000045776367,0.0,6100
2014-09-08,28.224382400512695,0.0,32.15999984741211,0.0,32.31999969482422,32.15999984741211,32.279998779296875,0.0,4100
2014-09-09,28.092742919921875,0.0,32.0099983215332,0.0,32.290000915527344,32.0099983215332,32.2400016784668,0.0,13300
2014-09-10,28.241945266723633,0.0,32.18000030517578,0.0,32.220001220703125,32.09000015258789,32.11000061035156,0.0,17800
2014-09-11,28.277053833007812,0.0,32.220001220703125,0.0,32.2400016784668,32.11000061035156,32.15999984741211,0.0,3900
2014-09-12,28.101524353027344,0.0,32.02000045776367,0.0,32.15999984741211,31.959999084472656,32.13999938964844,0.0,11400
2014-09-15,28.145402908325195,0.0,32.06999969482422,0.0,32.119998931884766,31.950000762939453,32.119998931884766,0.0,13900
2014-09-16,28.37358856201172,0.0,32.33000183105469,0.0,32.349998474121094,32.029998779296875,32.029998779296875,0.0,3700
2014-09-17,28.259492874145508,0.0,32.20000076293945,0.0,32.2599983215332,32.20000076293945,32.25,0.0,3200
2014-09-18,28.47888946533203,0.0,32.45000076293945,0.0,32.5099983215332,32.400001525878906,32.40999984741211,0.0,6200
2014-09-19,28.53439712524414,0.0,32.38999938964844,0.123,32.529998779296875,32.310001373291016,32.529998779296875,0.0,9700
2014-09-22,28.296541213989258,0.0,32.119998931884766,0.0,32.400001525878906,32.02000045776367,32.400001525878906,0.0,11400
2014-09-23,28.1820125579834,0.0,31.989999771118164,0.0,32.08000183105469,31.899999618530273,31.93000030517578,0.0,6200
2014-09-24,28.252492904663086,0.0,32.06999969482422,0.0,32.099998474121094,31.770000457763672,31.780000686645508,0.0,181500
2014-09-25,27.820825576782227,0.0,31.579999923706055,0.0,32.0099983215332,31.520000457763672,32.0099983215332,0.0,5500
2014-09-26,28.093917846679688,0.0,31.889999389648438,0.0,31.889999389648438,31.59000015258789,31.59000015258789,0.0,5800
2014-09-29,28.005821228027344,0.0,31.790000915527344,0.0,31.84000015258789,31.59000015258789,31.6299991607666,0.0,5600
2014-09-30,28.058685302734375,0.0,31.850000381469727,0.0,31.90999984741211,31.84000015258789,31.84000015258789,0.0,3800
2014-10-01,27.618196487426758,0.0,31.350000381469727,0.0,31.610000610351562,31.299999237060547,31.610000610351562,0.0,99300
2014-10-02,27.64462661743164,0.0,31.3799991607666,0.0,31.3799991607666,31.06999969482422,31.360000610351562,0.0,19400
2014-10-03,27.87368392944336,0.0,31.639999389648438,0.0,31.68000030517578,31.440000534057617,31.440000534057617,0.0,53800
2014-10-06,27.77677345275879,0.0,31.530000686645508,0.0,31.700000762939453,31.440000534057617,31.6200008392334,0.0,15700
2014-10-07,27.4508113861084,0.0,31.15999984741211,0.0,31.479999542236328,31.15999984741211,31.399999618530273,0.0,14300
2014-10-08,27.988197326660156,0.0,31.770000457763672,0.0,31.770000457763672,31.139999389648438,31.219999313354492,0.0,1900
2014-10-09,27.47723960876465,0.0,31.190000534057617,0.0,31.760000228881836,31.190000534057617,31.760000228881836,0.0,22000
2014-10-10,27.045568466186523,0.0,30.700000762939453,0.0,31.299999237060547,30.700000762939453,31.040000915527344,0.0,21000
2014-10-13,26.552230834960938,0.0,30.139999389648438,0.0,30.75,30.139999389648438,30.6200008392334,0.0,17800
2014-10-14,26.384851455688477,0.0,29.950000762939453,0.0,30.360000610351562,29.540000915527344,30.18000030517578,0.0,19700
2014-10-15,26.138179779052734,0.0,29.670000076293945,0.0,29.809999465942383,28.450000762939453,29.6299991607666,0.0,21100
2014-10-16,26.085329055786133,0.0,29.610000610351562,0.0,29.780000686645508,29.219999313354492,29.219999313354492,0.0,3700
2014-10-17,26.33199691772461,0.0,29.889999389648438,0.0,30.200000762939453,29.889999389648438,30.09000015258789,0.0,72700
2014-10-20,26.719614028930664,0.0,30.329999923706055,0.0,30.329999923706055,29.969999313354492,29.969999313354492,0.0,6500
2014-10-21,27.221765518188477,0.0,30.899999618530273,0.0,30.899999618530273,30.59000015258789,30.59000015258789,0.0,11200
2014-10-22,27.080808639526367,0.0,30.739999771118164,0.0,30.959999084472656,30.739999771118164,30.959999084472656,0.0,11600
2014-10-23,27.442001342773438,0.0,31.149999618530273,0.0,31.280000686645508,30.90999984741211,31.100000381469727,0.0,17900
2014-10-24,27.582956314086914,0.0,31.309999465942383,0.0,31.309999465942383,31.1299991607666,31.170000076293945,0.0,2900
2014-10-27,27.468435287475586,0.0,31.18000030517578,0.0,31.25,31.09000015258789,31.25,0.0,9200
2014-10-28,27.732730865478516,0.0,31.479999542236328,0.0,31.520000457763672,31.170000076293945,31.18000030517578,0.0,30200
2014-10-29,27.803205490112305,0.0,31.559999465942383,0.0,31.65999984741211,31.5,31.639999389648438,0.0,11700
2014-10-30,27.917724609375,0.0,31.690000534057617,0.0,31.84000015258789,31.479999542236328,31.549999237060547,0.0,12000
2014-10-31,28.30535125732422,0.0,32.130001068115234,0.0,32.2400016784668,32.04999923706055,32.2400016784668,0.0,32900
2014-11-03,28.33177375793457,0.0,32.15999984741211,0.0,32.31999969482422,32.15999984741211,32.2599983215332,0.0,31000
2014-11-04,28.252492904663086,0.0,32.06999969482422,0.0,32.279998779296875,31.8799991607666,32.16999816894531,0.0,12400
2014-11-05,28.428680419921875,0.0,32.27000045776367,0.0,32.41999816894531,32.15999984741211,32.41999816894531,0.0,9000
2014-11-06,28.52559471130371,0.0,32.380001068115234,0.0,32.380001068115234,32.220001220703125,32.22999954223633,0.0,8900
2014-11-07,28.481544494628906,0.0,32.33000183105469,0.0,32.34000015258789,32.27000045776367,32.310001373291016,0.0,2900
2014-11-10,28.499156951904297,0.0,32.349998474121094,0.0,32.38999938964844,32.25,32.38999938964844,0.0,4700
2014-11-11,28.569639205932617,0.0,32.43000030517578,0.0,32.43000030517578,32.31999969482422,32.380001068115234,0.0,35700
2014-11-12,28.622501373291016,0.0,32.4900016784668,0.0,32.5099983215332,32.369998931884766,32.369998931884766,0.0,9700
2014-11-13,28.754636764526367,0.0,32.63999938964844,0.0,32.66999816894531,32.45000076293945,32.619998931884766,0.0,2300
2014-11-14,28.789878845214844,0.0,32.68000030517578,0.0,32.720001220703125,32.630001068115234,32.689998626708984,0.0,8700
2014-11-17,28.82512664794922,0.0,32.720001220703125,0.0,32.75,32.63999938964844,32.720001220703125,0.0,10500
2014-11-18,28.948463439941406,0.0,32.86000061035156,0.0,32.93000030517578,32.7400016784668,32.79999923706055,0.0,5700
2014-11-19,28.91321563720703,0.0,32.81999969482422,0.0,32.93000030517578,32.650001525878906,32.93000030517578,0.0,12300
2014-11-20,29.0101318359375,0.0,32.93000030517578,0.0,32.970001220703125,32.88999938964844,32.88999938964844,0.0,8600
2014-11-21,29.133459091186523,0.0,33.06999969482422,0.0,33.31999969482422,32.97999954223633,33.31999969482422,0.0,34800
2014-11-24,29.230369567871094,0.0,33.18000030517578,0.0,33.25,33.13999938964844,33.25,0.0,7700
2014-11-25,29.239171981811523,0.0,33.189998626708984,0.0,33.38999938964844,33.189998626708984,33.38999938964844,0.0,20600
2014-11-26,29.283220291137695,0.0,33.2400016784668,0.0,33.2400016784668,33.15999984741211,33.15999984741211,0.0,16300
2014-11-28,29.124650955200195,0.0,33.060001373291016,0.0,33.16999816894531,33.040000915527344,33.130001068115234,0.0,1800
2014-12-01,28.96607208251953,0.0,32.880001068115234,0.0,33.0,32.790000915527344,33.0,0.0,63900
2014-12-02,29.054166793823242,0.0,32.97999954223633,0.0,33.099998474121094,32.91999816894531,32.93000030517578,0.0,5400
2014-12-03,29.195131301879883,0.0,33.13999938964844,0.0,33.13999938964844,33.040000915527344,33.040000915527344,0.0,4600
2014-12-04,29.159879684448242,0.0,33.099998474121094,0.0,33.189998626708984,33.04999923706055,33.130001068115234,0.0,11000
2014-12-05,29.133459091186523,0.0,33.06999969482422,0.0,33.25,33.06999969482422,33.2400016784668,0.0,10700
2014-12-08,28.869169235229492,0.0,32.77000045776367,0.0,33.060001373291016,32.66999816894531,33.060001373291016,0.0,15800
2014-12-09,28.772254943847656,0.0,32.65999984741211,0.0,32.689998626708984,32.349998474121094,32.40999984741211,0.0,3500
2014-12-10,28.40226173400879,0.0,32.2400016784668,0.0,32.58000183105469,32.20000076293945,32.560001373291016,0.0,12300
2014-12-11,28.455114364624023,0.0,32.29999923706055,0.0,32.68000030517578,32.29999923706055,32.529998779296875,0.0,8700
2014-12-12,28.13797378540039,0.0,31.940000534057617,0.0,32.2599983215332,31.940000534057617,32.09000015258789,0.0,14200
2014-12-15,27.900110244750977,0.0,31.670000076293945,0.0,32.130001068115234,31.65999984741211,32.119998931884766,0.0,11700
2014-12-16,27.67105484008789,0.0,31.40999984741211,0.0,31.969999313354492,31.389999389648438,31.459999084472656,0.0,14600
2014-12-17,28.120351791381836,0.0,31.920000076293945,0.0,31.920000076293945,31.3700008392334,31.399999618530273,0.0,9900
2014-12-18,28.79869270324707,0.0,32.689998626708984,0.0,32.70000076293945,32.43000030517578,32.56999969482422,0.0,15000
2014-12-19,29.0502986907959,0.0,32.790000915527344,0.184,32.900001525878906,32.709999084472656,32.79999923706055,0.0,15700
2014-12-22,29.156614303588867,0.0,32.90999984741211,0.0,32.91999816894531,32.79999923706055,32.91999816894531,0.0,32700
2014-12-23,29.280649185180664,0.0,33.04999923706055,0.0,33.11000061035156,32.970001220703125,33.11000061035156,0.0,12000
2014-12-24,29.280649185180664,0.0,33.04999923706055,0.0,33.15999984741211,32.9900016784668,33.15999984741211,0.0,4600
2014-12-26,29.360387802124023,0.0,33.13999938964844,0.0,33.15999984741211,33.04999923706055,33.150001525878906,0.0,7500
2014-12-29,29.333805084228516,0.0,33.11000061035156,0.0,33.130001068115234,33.040000915527344,33.040000915527344,0.0,13400
2014-12-30,29.165475845336914,0.0,32.91999816894531,0.0,33.06999969482422,32.91999816894531,33.0099983215332,0.0,33500
2014-12-31,28.908550262451172,0.0,32.630001068115234,0.0,32.95000076293945,32.630001068115234,32.86000061035156,0.0,12200
2015-01-02,28.828807830810547,0.0,32.540000915527344,0.0,32.66999816894531,32.36000061035156,32.65999984741211,0.0,5500
2015-01-05,28.323816299438477,0.0,31.969999313354492,0.0,32.41999816894531,31.8700008392334,32.369998931884766,0.0,49000
2015-01-06,28.102338790893555,0.0,31.719999313354492,0.0,32.099998474121094,31.579999923706055,32.099998474121094,0.0,42200
2015-01-07,28.314958572387695,0.0,31.959999084472656,0.0,32.06999969482422,31.8700008392334,32.02000045776367,0.0,21100
2015-01-08,29.014863967895508,0.0,32.75,0.0,32.75,32.400001525878906,32.4900016784668,0.0,12800
2015-01-09,28.793373107910156,0.0,32.5,0.0,32.720001220703125,32.41999816894531,32.720001220703125,0.0,50500
2015-01-12,28.465572357177734,0.0,32.130001068115234,0.0,32.599998474121094,32.060001373291016,32.54999923706055,0.0,12600
2015-01-13,28.359256744384766,0.0,32.0099983215332,0.0,32.68000030517578,31.860000610351562,32.56999969482422,0.0,44200
2015-01-14,28.22637176513672,0.0,31.860000610351562,0.0,31.889999389648438,31.5,31.729999542236328,0.0,33600
2015-01-15,28.02259635925293,0.0,31.6299991607666,0.0,32.150001525878906,31.600000381469727,32.04999923706055,0.0,43500
2015-01-16,28.35039710998535,0.0,32.0,0.0,32.0,31.540000915527344,31.6299991607666,0.0,15300
2015-01-20,28.465572357177734,0.0,32.130001068115234,0.0,32.209999084472656,31.829999923706055,32.209999084472656,0.0,24100
2015-01-21,28.571889877319336,0.0,32.25,0.0,32.31999969482422,32.09000015258789,32.150001525878906,0.0,26200
2015-01-22,29.10345458984375,0.0,32.849998474121094,0.0,32.849998474121094,32.31999969482422,32.470001220703125,0.0,26400
2015-01-23,29.0502986907959,0.0,32.790000915527344,0.0,32.91999816894531,32.790000915527344,32.90999984741211,0.0,4500
2015-01-26,29.0502986907959,0.0,32.790000915527344,0.0,32.790000915527344,32.63999938964844,32.709999084472656,0.0,5200
2015-01-27,28.47443389892578,0.0,32.13999938964844,0.0,32.40999984741211,32.060001373291016,32.16999816894531,0.0,27300
2015-01-28,28.155488967895508,0.0,31.780000686645508,0.0,32.40999984741211,31.75,32.40999984741211,0.0,29100
2015-01-29,28.323816299438477,0.0,31.969999313354492,0.0,32.040000915527344,31.40999984741211,31.739999771118164,0.0,31400
2015-01-30,27.987159729003906,0.0,31.59000015258789,0.0,31.969999313354492,31.579999923706055,31.860000610351562,0.0,9800
2015-02-02,28.385835647583008,0.0,32.040000915527344,0.0,32.040000915527344,31.389999389648438,31.56999969482422,0.0,75200
2015-02-03,28.77566146850586,0.0,32.47999954223633,0.0,32.47999954223633,32.15999984741211,32.279998779296875,0.0,20500
2015-02-04,28.926271438598633,0.0,32.650001525878906,0.0,32.650001525878906,32.25,32.25,0.0,11800
2015-02-05,29.03258514404297,0.0,32.77000045776367,0.0,32.77000045776367,32.65999984741211,32.70000076293945,0.0,6000
2015-02-06,29.04143714904785,0.0,32.779998779296875,0.0,32.97999954223633,32.7599983215332,32.7599983215332,0.0,4500
2015-02-09,28.855390548706055,0.0,32.56999969482422,0.0,32.77000045776367,32.5099983215332,32.5099983215332,0.0,5100
2015-02-10,29.2186279296875,0.0,32.97999954223633,0.0,32.9900016784668,32.68000030517578,32.779998779296875,0.0,39000
2015-02-11,29.200904846191406,0.0,32.959999084472656,0.0,32.970001220703125,32.849998474121094,32.970001220703125,0.0,3400
2015-02-12,29.50213050842285,0.0,33.29999923706055,0.0,33.33000183105469,33.150001525878906,33.150001525878906,0.0,5800
2015-02-13,29.714765548706055,0.0,33.540000915527344,0.0,33.540000915527344,33.47999954223633,33.52000045776367,0.0,2100
2015-02-17,29.750205993652344,0.0,33.58000183105469,0.0,33.650001525878906,33.47999954223633,33.650001525878906,0.0,11400
2015-02-18,29.697044372558594,0.0,33.52000045776367,0.0,33.52000045776367,33.43000030517578,33.52000045776367,0.0,16700
2015-02-19,29.697044372558594,0.0,33.52000045776367,0.0,33.58000183105469,33.439998626708984,33.439998626708984,0.0,4900
2015-02-20,29.81222152709961,0.0,33.650001525878906,0.0,33.68000030517578,33.34000015258789,33.529998779296875,0.0,21100
2015-02-23,29.909666061401367,0.0,33.7599983215332,0.0,33.810001373291016,33.630001068115234,33.689998626708984,0.0,9400
2015-02-24,30.024845123291016,0.0,33.88999938964844,0.0,33.91999816894531,33.72999954223633,33.91999816894531,0.0,10000
2015-02-25,29.89195442199707,0.0,33.7400016784668,0.0,33.93000030517578,33.709999084472656,33.900001525878906,0.0,8700
2015-02-26,29.87423324584961,0.0,33.720001220703125,0.0,33.849998474121094,33.63999938964844,33.83000183105469,0.0,14000
2015-02-27,29.900806427001953,0.0,33.75,0.0,33.84000015258789,33.689998626708984,33.720001220703125,0.0,25500
2015-03-02,30.051416397094727,0.0,33.91999816894531,0.0,33.91999816894531,33.68000030517578,33.68000030517578,0.0,182400
2015-03-03,29.87423324584961,0.0,33.720001220703125,0.0,33.77000045776367,33.66999816894531,33.66999816894531,0.0,13600
2015-03-04,29.750205993652344,0.0,33.58000183105469,0.0,33.63999938964844,33.4900016784668,33.5,0.0,11600
2015-03-05,29.72361946105957,0.0,33.54999923706055,0.0,33.7400016784668,33.5099983215332,33.7400016784668,0.0,8100
2015-03-06,29.36923599243164,0.0,33.150001525878906,0.0,33.540000915527344,33.130001068115234,33.540000915527344,0.0,5700
2015-03-09,29.52872085571289,0.0,33.33000183105469,0.0,33.369998931884766,33.189998626708984,33.2400016784668,0.0,3400
2015-03-10,29.03258514404297,0.0,32.77000045776367,0.0,32.97999954223633,32.689998626708984,32.97999954223633,0.0,6400
2015-03-11,28.731355667114258,0.0,32.43000030517578,0.0,32.63999938964844,32.43000030517578,32.56999969482422,0.0,4500
2015-03-12,29.014863967895508,0.0,32.75,0.0,32.84000015258789,32.61000061035156,32.61000061035156,0.0,4700
2015-03-13,28.890830993652344,0.0,32.61000061035156,0.0,32.68000030517578,32.47999954223633,32.650001525878906,0.0,12600
2015-03-16,29.298370361328125,0.0,33.06999969482422,0.0,33.09000015258789,32.95000076293945,32.95000076293945,0.0,7400
2015-03-17,29.289506912231445,0.0,33.060001373291016,0.0,33.13999938964844,32.900001525878906,33.0099983215332,0.0,15500
2015-03-18,29.759057998657227,0.0,33.59000015258789,0.0,33.59000015258789,32.91999816894531,33.02000045776367,0.0,9200
2015-03-19,29.590734481811523,0.0,33.400001525878906,0.0,33.41999816894531,33.2599983215332,33.41999816894531,0.0,6300
2015-03-20,29.827966690063477,0.0,33.56999969482422,0.097,33.61000061035156,33.380001068115234,33.380001068115234,0.0,7300
2015-03-23,29.819087982177734,0.0,33.560001373291016,0.0,33.599998474121094,33.529998779296875,33.560001373291016,0.0,4000
2015-03-24,29.6058349609375,0.0,33.31999969482422,0.0,33.5,33.2400016784668,33.5,0.0,12800
2015-03-25,29.321510314941406,0.0,33.0,0.0,33.31999969482422,33.0,33.290000915527344,0.0,13800
2015-03-26,29.134918212890625,0.0,32.790000915527344,0.0,32.939998626708984,32.68000030517578,32.68000030517578,0.0,14800
2015-03-27,29.03717613220215,0.0,32.68000030517578,0.0,32.84000015258789,32.66999816894531,32.81999969482422,0.0,11600
2015-03-30,29.445892333984375,0.0,33.13999938964844,0.0,33.15999984741211,33.0099983215332,33.119998931884766,0.0,4100
2015-03-31,29.268192291259766,0.0,32.939998626708984,0.0,33.08000183105469,32.900001525878906,33.0,0.0,9000
2015-04-01,29.126020431518555,0.0,32.779998779296875,0.0,32.959999084472656,32.63999938964844,32.959999084472656,0.0,52900
2015-04-02,29.20599937438965,0.0,32.869998931884766,0.0,32.97999954223633,32.83000183105469,32.97999954223633,0.0,29000
2015-04-06,29.4370174407959,0.0,33.130001068115234,0.0,33.290000915527344,32.689998626708984,32.689998626708984,0.0,15700
2015-04-07,29.516984939575195,0.0,33.220001220703125,0.0,33.2599983215332,33.16999816894531,33.220001220703125,0.0,2100
2015-04-08,29.3925838470459,0.0,33.08000183105469,0.0,33.189998626708984,33.08000183105469,33.09000015258789,0.0,6100
2015-04-09,29.588069915771484,0.0,33.29999923706055,0.0,33.29999923706055,33.13999938964844,33.15999984741211,0.0,68300
2015-04-10,29.68580436706543,0.0,33.40999984741211,0.0,33.40999984741211,33.27000045776367,33.290000915527344,0.0,3300
2015-04-13,29.534751892089844,0.0,33.2400016784668,0.0,33.459999084472656,33.209999084472656,33.459999084472656,0.0,7500
2015-04-14,29.588069915771484,0.0,33.29999923706055,0.0,33.34000015258789,33.11000061035156,33.34000015258789,0.0,3000
2015-04-15,29.827966690063477,0.0,33.56999969482422,0.0,33.56999969482422,33.459999084472656,33.47999954223633,0.0,6100
2015-04-16,29.756887435913086,0.0,33.4900016784668,0.0,33.529998779296875,33.43000030517578,33.529998779296875,0.0,7200
2015-04-17,29.42812728881836,0.0,33.119998931884766,0.0,33.15999984741211,33.0,33.119998931884766,0.0,10000
2015-04-20,29.79242515563965,0.0,33.529998779296875,0.0,33.56999969482422,33.2599983215332,33.2599983215332,0.0,2100
2015-04-21,29.801305770874023,0.0,33.540000915527344,0.0,33.65999984741211,33.5,33.65999984741211,0.0,4500
2015-04-22,30.00567626953125,0.0,33.77000045776367,0.0,33.77000045776367,33.5099983215332,33.5099983215332,0.0,2500
2015-04-23,30.06787109375,0.0,33.84000015258789,0.0,33.970001220703125,33.56999969482422,33.56999969482422,0.0,9000
2015-04-24,30.334428787231445,0.0,34.13999938964844,0.0,34.22999954223633,34.04999923706055,34.099998474121094,0.0,6700
2015-04-27,30.39664077758789,0.0,34.209999084472656,0.0,34.45000076293945,34.189998626708984,34.33000183105469,0.0,3900
2015-04-28,30.556560516357422,0.0,34.38999938964844,0.0,34.459999084472656,34.290000915527344,34.290000915527344,0.0,2800
2015-04-29,30.369966506958008,0.0,34.18000030517578,0.0,34.2400016784668,34.11000061035156,34.2400016784668,0.0,5200
2015-04-30,30.041210174560547,0.0,33.810001373291016,0.0,34.09000015258789,33.75,33.9900016784668,0.0,4100
2015-05-01,30.21002960205078,0.0,34.0,0.0,34.04999923706055,33.93000030517578,34.0099983215332,0.0,69200
2015-05-04,30.51214027404785,0.0,34.34000015258789,0.0,34.40999984741211,34.22999954223633,34.22999954223633,0.0,5500
2015-05-05,30.09452247619629,0.0,33.869998931884766,0.0,34.310001373291016,33.86000061035156,34.310001373291016,0.0,3700
2015-05-06,29.872394561767578,0.0,33.619998931884766,0.0,33.70000076293945,33.52000045776367,33.70000076293945,0.0,1900
2015-05-07,29.9434757232666,0.0,33.70000076293945,0.0,33.7599983215332,33.70000076293945,33.70000076293945,0.0,2700
2015-05-08,30.41440200805664,0.0,34.22999954223633,0.0,34.2599983215332,34.16999816894531,34.220001220703125,0.0,3600
2015-05-11,30.254451751708984,0.0,34.04999923706055,0.0,34.209999084472656,34.04999923706055,34.13999938964844,0.0,5300
2015-05-12,30.192272186279297,0.0,33.97999954223633,0.0,34.04999923706055,33.720001220703125,33.720001220703125,0.0,4100
2015-05-13,30.130067825317383,0.0,33.90999984741211,0.0,34.040000915527344,33.90999984741211,34.040000915527344,0.0,1000
2015-05-14,30.467710494995117,0.0,34.290000915527344,0.0,34.290000915527344,34.18000030517578,34.25,0.0,16500
2015-05-15,30.458820343017578,0.0,34.279998779296875,0.0,34.279998779296875,34.2599983215332,34.27000045776367,0.0,600
2015-05-18,30.565454483032227,0.0,34.400001525878906,0.0,34.400001525878906,34.22999954223633,34.22999954223633,0.0,2500
2015-05-19,30.565454483032227,0.0,34.400001525878906,0.0,34.400001525878906,34.36000061035156,34.36000061035156,0.0,8800
2015-05-20,30.529918670654297,0.0,34.36000061035156,0.0,34.380001068115234,34.29999923706055,34.33000183105469,0.0,3200
2015-05-21,30.62763786315918,0.0,34.470001220703125,0.0,34.5,34.439998626708984,34.45000076293945,0.0,3700
2015-05-22,30.529918670654297,0.0,34.36000061035156,0.0,34.40999984741211,34.33000183105469,34.38999938964844,0.0,2300
2015-05-26,30.21002960205078,0.0,34.0,0.0,34.119998931884766,33.91999816894531,34.09000015258789,0.0,6700
2015-05-27,30.494361877441406,0.0,34.31999969482422,0.0,34.31999969482422,34.0,34.0,0.0,6000
2015-05-28,30.423290252685547,0.0,34.2400016784668,0.0,34.2400016784668,34.18000030517578,34.220001220703125,0.0,3300
2015-05-29,30.298887252807617,0.0,34.099998474121094,0.0,34.20000076293945,34.029998779296875,34.20000076293945,0.0,3900
2015-06-01,30.378854751586914,0.0,34.189998626708984,0.0,34.2400016784668,33.91999816894531,34.20000076293945,0.0,29100
2015-06-02,30.32554817199707,0.0,34.130001068115234,0.0,34.20000076293945,34.09000015258789,34.09000015258789,0.0,4900
2015-06-03,30.432172775268555,0.0,34.25,0.0,34.29999923706055,34.16999816894531,34.290000915527344,0.0,5000
2015-06-04,30.21002960205078,0.0,34.0,0.0,34.189998626708984,34.0,34.130001068115234,0.0,1200
2015-06-05,30.26333999633789,0.0,34.060001373291016,0.0,34.06999969482422,33.970001220703125,34.0,0.0,1900
2015-06-08,30.032333374023438,0.0,33.79999923706055,0.0,33.939998626708984,33.79999923706055,33.939998626708984,0.0,5800
2015-06-09,29.93459701538086,0.0,33.689998626708984,0.0,33.70000076293945,33.529998779296875,33.56999969482422,0.0,20500
2015-06-10,30.343305587768555,0.0,34.150001525878906,0.0,34.18000030517578,33.77000045776367,33.81999969482422,0.0,19400
2015-06-11,30.405508041381836,0.0,34.220001220703125,0.0,34.290000915527344,34.189998626708984,34.20000076293945,0.0,1100
2015-06-12,30.165605545043945,0.0,33.95000076293945,0.0,34.060001373291016,33.91999816894531,34.040000915527344,0.0,2900
2015-06-15,30.032333374023438,0.0,33.79999923706055,0.0,33.869998931884766,33.72999954223633,33.72999954223633,0.0,4800
2015-06-16,30.245576858520508,0.0,34.040000915527344,0.0,34.08000183105469,33.779998779296875,33.779998779296875,0.0,2200
2015-06-17,30.449932098388672,0.0,34.27000045776367,0.0,34.27000045776367,33.91999816894531,34.15999984741211,0.0,1400
2015-06-18,30.805356979370117,0.0,34.66999816894531,0.0,34.720001220703125,34.369998931884766,34.369998931884766,0.0,3100
2015-06-19,30.703632354736328,0.0,34.40999984741211,0.146,34.63999938964844,34.38999938964844,34.63999938964844,0.0,7200
2015-06-22,30.891010284423828,0.0,34.619998931884766,0.0,34.66999816894531,34.56999969482422,34.58000183105469,0.0,2100
2015-06-23,31.006999969482422,0.0,34.75,0.0,34.75,34.70000076293945,34.70000076293945,0.0,4000
2015-06-24,30.82855796813965,0.0,34.54999923706055,0.0,34.790000915527344,34.5,34.77000045776367,0.0,10500
2015-06-25,30.75716209411621,0.0,34.470001220703125,0.0,34.619998931884766,34.439998626708984,34.59000015258789,0.0,3300
2015-06-26,30.69471549987793,0.0,34.400001525878906,0.0,34.5099983215332,34.369998931884766,34.470001220703125,0.0,2600
2015-06-29,30.09687042236328,0.0,33.72999954223633,0.0,34.08000183105469,33.72999954223633,33.88999938964844,0.0,6800
2015-06-30,30.168258666992188,0.0,33.810001373291016,0.0,33.849998474121094,33.61000061035156,33.849998474121094,0.0,16100
2015-07-01,30.319950103759766,0.0,33.97999954223633,0.0,34.27000045776367,33.97999954223633,34.27000045776367,0.0,42600
2015-07-02,30.418100357055664,0.0,34.09000015258789,0.0,34.2400016784668,33.95000076293945,34.2400016784668,0.0,8000
2015-07-06,30.293180465698242,0.0,33.95000076293945,0.0,34.040000915527344,33.7599983215332,33.7599983215332,0.0,8600
2015-07-07,30.400251388549805,0.0,34.06999969482422,0.0,34.08000183105469,33.72999954223633,33.72999954223633,0.0,5100
2015-07-08,29.847034454345703,0.0,33.45000076293945,0.0,33.84000015258789,33.439998626708984,33.84000015258789,0.0,18600
2015-07-09,29.980880737304688,0.0,33.599998474121094,0.0,33.97999954223633,33.599998474121094,33.97999954223633,0.0,6400
2015-07-10,30.427019119262695,0.0,34.099998474121094,0.0,34.099998474121094,33.900001525878906,33.95000076293945,0.0,2900
2015-07-13,30.748239517211914,0.0,34.459999084472656,0.0,34.459999084472656,34.38999938964844,34.40999984741211,0.0,3300
2015-07-14,31.03377342224121,0.0,34.779998779296875,0.0,34.779998779296875,34.45000076293945,34.45000076293945,0.0,11200
2015-07-15,30.98915672302246,0.0,34.72999954223633,0.0,34.90999984741211,34.72999954223633,34.90999984741211,0.0,2200
2015-07-16,31.30146598815918,0.0,35.08000183105469,0.0,35.099998474121094,34.95000076293945,34.95000076293945,0.0,1800
2015-07-17,31.3549861907959,0.0,35.13999938964844,0.0,35.13999938964844,35.099998474121094,35.11000061035156,0.0,3100
2015-07-20,31.578075408935547,0.0,35.38999938964844,0.0,35.470001220703125,35.27000045776367,35.400001525878906,0.0,7600
2015-07-21,31.46207618713379,0.0,35.2599983215332,0.0,35.380001068115234,35.20000076293945,35.31999969482422,0.0,2900
2015-07-22,31.31930160522461,0.0,35.099998474121094,0.0,35.13999938964844,35.0,35.02000045776367,0.0,6500
2015-07-23,31.230079650878906,0.0,35.0,0.0,35.0,35.0,35.0,0.0,800
2015-07-24,30.801776885986328,0.0,34.52000045776367,0.0,34.810001373291016,34.130001068115234,34.810001373291016,0.0,2800
2015-07-27,30.47162437438965,0.0,34.150001525878906,0.0,34.310001373291016,34.150001525878906,34.310001373291016,0.0,2000
2015-07-28,30.980226516723633,0.0,34.720001220703125,0.0,34.720001220703125,34.27000045776367,34.279998779296875,0.0,2300
2015-07-29,31.13193130493164,0.0,34.88999938964844,0.0,34.88999938964844,34.7400016784668,34.77000045776367,0.0,4400
2015-07-30,31.230079650878906,0.0,35.0,0.0,35.0,34.59000015258789,34.61000061035156,0.0,8200
2015-07-31,31.238996505737305,0.0,35.0099983215332,0.0,35.150001525878906,34.959999084472656,35.150001525878906,0.0,4500
2015-08-03,31.03377342224121,0.0,34.779998779296875,0.0,35.029998779296875,34.7400016784668,35.029998779296875,0.0,91100
2015-08-04,31.31930160522461,0.0,35.099998474121094,0.0,35.209999084472656,35.060001373291016,35.209999084472656,0.0,3500
2015-08-05,31.649456024169922,0.0,35.470001220703125,0.0,35.560001373291016,35.45000076293945,35.470001220703125,0.0,1800
2015-08-06,31.042694091796875,0.0,34.790000915527344,0.0,35.2599983215332,34.68000030517578,35.220001220703125,0.0,4900
2015-08-07,30.792842864990234,0.0,34.5099983215332,0.0,34.5099983215332,34.349998474121094,34.349998474121094,0.0,3900
2015-08-10,31.194393157958984,0.0,34.959999084472656,0.0,34.959999084472656,34.900001525878906,34.91999816894531,0.0,3800
2015-08-11,30.748239517211914,0.0,34.459999084472656,0.0,34.86000061035156,34.43000030517578,34.65999984741211,0.0,4300
2015-08-12,30.792842864990234,0.0,34.5099983215332,0.0,34.540000915527344,33.95000076293945,34.029998779296875,0.0,4400
2015-08-13,31.015932083129883,0.0,34.7599983215332,0.0,34.84000015258789,34.599998474121094,34.599998474121094,0.0,800
2015-08-14,31.024843215942383,0.0,34.77000045776367,0.0,34.77000045776367,34.70000076293945,34.70000076293945,0.0,1100
2015-08-17,31.27469825744629,0.0,35.04999923706055,0.0,35.04999923706055,35.029998779296875,35.029998779296875,0.0,600
2015-08-18,31.337156295776367,0.0,35.119998931884766,0.0,35.15999984741211,35.08000183105469,35.119998931884766,0.0,2400
2015-08-19,31.194393157958984,0.0,34.959999084472656,0.0,34.959999084472656,34.72999954223633,34.72999954223633,0.0,8500
2015-08-20,30.33778953552246,0.0,34.0,0.0,34.4900016784668,34.0,34.4900016784668,0.0,12400
2015-08-21,29.284894943237305,0.0,32.81999969482422,0.0,33.5,32.70000076293945,33.470001220703125,0.0,13800
2015-08-24,28.23198699951172,0.0,31.639999389648438,0.0,32.58000183105469,26.3700008392334,29.059999465942383,0.0,43800
2015-08-25,28.13384246826172,0.0,31.530000686645508,0.0,32.66999816894531,31.520000457763672,32.66999816894531,0.0,10700
2015-08-26,28.23198699951172,0.0,31.639999389648438,0.0,31.799999237060547,31.290000915527344,31.530000686645508,0.0,2800
2015-08-27,29.507970809936523,0.0,33.06999969482422,0.0,33.279998779296875,32.63999938964844,33.029998779296875,0.0,16300
2015-08-28,29.53472900390625,0.0,33.099998474121094,0.0,33.15999984741211,33.09000015258789,33.15999984741211,0.0,2200
2015-08-31,29.24919891357422,0.0,32.779998779296875,0.0,32.86000061035156,32.77000045776367,32.86000061035156,0.0,2800
2015-09-01,28.544288635253906,0.0,31.989999771118164,0.0,32.38999938964844,31.75,32.38999938964844,0.0,51700
2015-09-02,28.95474624633789,0.0,32.45000076293945,0.0,32.45000076293945,32.09000015258789,32.380001068115234,0.0,8600
2015-09-03,29.25812339782715,0.0,32.790000915527344,0.0,32.900001525878906,32.75,32.849998474121094,0.0,1800
2015-09-04,28.579986572265625,0.0,32.029998779296875,0.0,32.11000061035156,32.029998779296875,32.08000183105469,0.0,2800
2015-09-08,29.445507049560547,0.0,33.0,0.0,33.029998779296875,32.810001373291016,32.810001373291016,0.0,7400
2015-09-09,29.32950782775879,0.0,32.869998931884766,0.0,33.349998474121094,32.810001373291016,33.27000045776367,0.0,1900
2015-09-10,29.25812339782715,0.0,32.790000915527344,0.0,33.04999923706055,32.599998474121094,32.70000076293945,0.0,42700
2015-09-11,29.53472900390625,0.0,33.099998474121094,0.0,33.150001525878906,32.7400016784668,32.81999969482422,0.0,5800
2015-09-14,29.42765998840332,0.0,32.97999954223633,0.0,33.06999969482422,32.97999954223633,33.06999969482422,0.0,5100
2015-09-15,29.83811378479004,0.0,33.439998626708984,0.0,33.439998626708984,33.209999084472656,33.220001220703125,0.0,10600
2015-09-16,29.989809036254883,0.0,33.61000061035156,0.0,33.61000061035156,33.31999969482422,33.31999969482422,0.0,7000
2015-09-17,30.33778953552246,0.0,34.0,0.0,34.0,33.75,33.75,0.0,900
2015-09-18,29.656709671020508,0.0,33.18000030517578,0.058,33.4900016784668,33.18000030517578,33.36000061035156,0.0,5100
2015-09-21,29.701400756835938,0.0,33.22999954223633,0.0,33.599998474121094,33.0,33.5,0.0,3600
2015-09-22,29.16510772705078,0.0,32.630001068115234,0.0,32.630001068115234,32.4900016784668,32.529998779296875,0.0,6800
2015-09-23,29.23661994934082,0.0,32.709999084472656,0.0,32.83000183105469,32.68000030517578,32.720001220703125,0.0,2100
2015-09-24,29.004226684570312,0.0,32.45000076293945,0.0,32.560001373291016,32.16999816894531,32.310001373291016,0.0,47600
2015-09-25,28.71820640563965,0.0,32.130001068115234,0.0,32.779998779296875,32.0099983215332,32.66999816894531,0.0,26100
2015-09-28,27.761825561523438,0.0,31.059999465942383,0.0,31.690000534057617,31.059999465942383,31.559999465942383,0.0,8100
2015-09-29,27.8065128326416,0.0,31.110000610351562,0.0,31.389999389648438,30.93000030517578,31.1299991607666,0.0,8500
2015-09-30,28.42323875427246,0.0,31.799999237060547,0.0,31.829999923706055,31.520000457763672,31.520000457763672,0.0,11400
2015-10-01,28.50368881225586,0.0,31.889999389648438,0.0,31.889999389648438,31.540000915527344,31.649999618530273,0.0,27000
2015-10-02,28.950592041015625,0.0,32.38999938964844,0.0,32.38999938964844,31.59000015258789,31.610000610351562,0.0,2200
2015-10-05,29.406435012817383,0.0,32.900001525878906,0.0,32.900001525878906,32.7400016784668,32.7400016784668,0.0,4200
2015-10-06,29.03104019165039,0.0,32.47999954223633,0.0,32.709999084472656,32.2400016784668,32.709999084472656,0.0,7500
2015-10-07,29.227676391601562,0.0,32.70000076293945,0.0,32.70000076293945,32.43000030517578,32.43000030517578,0.0,1000
2015-10-08,29.156169891357422,0.0,32.619998931884766,0.0,32.619998931884766,32.380001068115234,32.52000045776367,0.0,6800
2015-10-09,29.504762649536133,0.0,33.0099983215332,0.0,33.02000045776367,32.81999969482422,32.81999969482422,0.0,4400
2015-10-12,29.612016677856445,0.0,33.130001068115234,0.0,33.13999938964844,33.060001373291016,33.060001373291016,0.0,3000
2015-10-13,29.379627227783203,0.0,32.869998931884766,0.0,33.060001373291016,32.869998931884766,33.0099983215332,0.0,1900
2015-10-14,29.10254669189453,0.0,32.560001373291016,0.0,32.7400016784668,32.560001373291016,32.560001373291016,0.0,2600
2015-10-15,29.665639877319336,0.0,33.189998626708984,0.0,33.189998626708984,33.04999923706055,33.04999923706055,0.0,900
2015-10-16,29.81758689880371,0.0,33.36000061035156,0.0,33.36000061035156,33.29999923706055,33.29999923706055,0.0,9600
2015-10-19,29.933792114257812,0.0,33.4900016784668,0.0,33.56999969482422,33.36000061035156,33.47999954223633,0.0,4000
2015-10-20,29.701400756835938,0.0,33.22999954223633,0.0,33.540000915527344,33.20000076293945,33.4900016784668,0.0,8200
2015-10-21,29.442188262939453,0.0,32.939998626708984,0.0,33.130001068115234,32.790000915527344,33.11000061035156,0.0,10600
2015-10-22,29.781843185424805,0.0,33.31999969482422,0.0,33.349998474121094,33.15999984741211,33.15999984741211,0.0,6000
2015-10-23,30.148305892944336,0.0,33.72999954223633,0.0,33.81999969482422,33.61000061035156,33.61000061035156,0.0,2700
2015-10-26,30.371753692626953,0.0,33.97999954223633,0.0,34.08000183105469,33.77000045776367,33.79999923706055,0.0,7600
2015-10-27,30.318117141723633,0.0,33.91999816894531,0.0,33.970001220703125,33.84000015258789,33.86000061035156,0.0,8800
2015-10-28,30.49688720703125,0.0,34.119998931884766,0.0,34.130001068115234,33.869998931884766,33.900001525878906,0.0,12600
2015-10-29,30.613094329833984,0.0,34.25,0.0,34.29999923706055,34.18000030517578,34.29999923706055,0.0,2100
2015-10-30,30.648847579956055,0.0,34.290000915527344,0.0,34.310001373291016,34.27000045776367,34.27000045776367,0.0,1100
2015-11-02,30.943803787231445,0.0,34.619998931884766,0.0,34.65999984741211,34.36000061035156,34.36000061035156,0.0,85500
2015-11-03,30.979551315307617,0.0,34.65999984741211,0.0,34.709999084472656,34.65999984741211,34.65999984741211,0.0,1200
2015-11-04,30.854412078857422,0.0,34.52000045776367,0.0,34.630001068115234,34.52000045776367,34.630001068115234,0.0,600
2015-11-05,30.916982650756836,0.0,34.59000015258789,0.0,34.72999954223633,34.5,34.720001220703125,0.0,4700
2015-11-06,30.80972671508789,0.0,34.470001220703125,0.0,34.4900016784668,34.470001220703125,34.470001220703125,0.0,700
2015-11-09,30.38070297241211,0.0,33.9900016784668,0.0,34.25,33.9900016784668,34.2400016784668,0.0,3300
2015-11-10,30.48794174194336,0.0,34.11000061035156,0.0,34.11000061035156,33.90999984741211,33.90999984741211,0.0,2800
2015-11-11,30.43431854248047,0.0,34.04999923706055,0.0,34.130001068115234,34.029998779296875,34.130001068115234,0.0,1400
2015-11-12,30.175111770629883,0.0,33.7599983215332,0.0,33.93000030517578,33.72999954223633,33.93000030517578,0.0,1000
2015-11-13,29.656709671020508,0.0,33.18000030517578,0.0,33.40999984741211,33.18000030517578,33.40999984741211,0.0,1600
2015-11-16,29.978473663330078,0.0,33.540000915527344,0.0,33.540000915527344,33.40999984741211,33.40999984741211,0.0,3500
2015-11-17,30.1572265625,0.0,33.7400016784668,0.0,33.88999938964844,33.65999984741211,33.65999984741211,0.0,5200
2015-11-18,30.72928810119629,0.0,34.380001068115234,0.0,34.380001068115234,34.220001220703125,34.220001220703125,0.0,500
2015-11-19,30.711414337158203,0.0,34.36000061035156,0.0,34.380001068115234,34.36000061035156,34.380001068115234,0.0,500
2015-11-20,30.90804672241211,0.0,34.58000183105469,0.0,34.599998474121094,34.56999969482422,34.59000015258789,0.0,1500
2015-11-23,30.82759666442871,0.0,34.4900016784668,0.0,34.68000030517578,34.45000076293945,34.68000030517578,0.0,2300
2015-11-24,30.79184913635254,0.0,34.45000076293945,0.0,34.45000076293945,34.27000045776367,34.27000045776367,0.0,4500
2015-11-25,30.943803787231445,0.0,34.619998931884766,0.0,34.619998931884766,34.59000015258789,34.59000015258789,0.0,8200
2015-11-27,31.015291213989258,0.0,34.70000076293945,0.0,34.70000076293945,34.66999816894531,34.66999816894531,0.0,300
2015-11-30,30.70245933532715,0.0,34.349998474121094,0.0,34.83000183105469,34.34000015258789,34.83000183105469,0.0,3400
2015-12-01,31.02423667907715,0.0,34.709999084472656,0.0,34.709999084472656,34.43000030517578,34.43000030517578,0.0,22900
2015-12-02,30.738222122192383,0.0,34.38999938964844,0.0,34.709999084472656,34.38999938964844,34.650001525878906,0.0,4800
2015-12-03,30.282379150390625,0.0,33.880001068115234,0.0,34.529998779296875,33.77000045776367,34.529998779296875,0.0,5900
2015-12-04,30.738222122192383,0.0,34.38999938964844,0.0,34.38999938964844,34.38999938964844,34.38999938964844,0.0,100
2015-12-07,30.756107330322266,0.0,34.40999984741211,0.0,34.540000915527344,34.25,34.540000915527344,0.0,17700
2015-12-08,30.81865882873535,0.0,34.47999954223633,0.0,34.54999923706055,34.290000915527344,34.290000915527344,0.0,45400
2015-12-09,30.416440963745117,0.0,34.029998779296875,0.0,34.459999084472656,33.900001525878906,34.459999084472656,0.0,2100
2015-12-10,30.604158401489258,0.0,34.2400016784668,0.0,34.36000061035156,34.09000015258789,34.11000061035156,0.0,800
2015-12-11,29.808650970458984,0.0,33.349998474121094,0.0,33.709999084472656,33.349998474121094,33.709999084472656,0.0,10200
2015-12-14,29.853349685668945,0.0,33.400001525878906,0.0,33.59000015258789,33.060001373291016,33.43000030517578,0.0,10800
2015-12-15,30.371753692626953,0.0,33.97999954223633,0.0,34.04999923706055,33.93000030517578,33.93000030517578,0.0,3400
2015-12-16,30.872299194335938,0.0,34.540000915527344,0.0,34.560001373291016,34.11000061035156,34.13999938964844,0.0,2400
2015-12-17,30.452192306518555,0.0,34.06999969482422,0.0,34.5,34.06999969482422,34.5,0.0,8000
2015-12-18,29.96297836303711,0.0,33.439998626708984,0.084,33.779998779296875,33.40999984741211,33.779998779296875,0.0,2300
2015-12-21,30.16010093688965,0.0,33.65999984741211,0.0,33.65999984741211,33.380001068115234,33.630001068115234,0.0,33100
2015-12-22,30.312416076660156,0.0,33.83000183105469,0.0,33.90999984741211,33.70000076293945,33.7599983215332,0.0,7300
2015-12-23,30.679800033569336,0.0,34.2400016784668,0.0,34.25,34.13999938964844,34.13999938964844,0.0,4100
2015-12-24,30.724597930908203,0.0,34.290000915527344,0.0,34.290000915527344,34.22999954223633,34.22999954223633,0.0,900
2015-12-28,30.590190887451172,0.0,34.13999938964844,0.0,34.15999984741211,33.959999084472656,34.060001373291016,0.0,7400
2015-12-29,31.02922821044922,0.0,34.630001068115234,0.0,34.65999984741211,34.58000183105469,34.59000015258789,0.0,5800
2015-12-30,30.876911163330078,0.0,34.459999084472656,0.0,34.599998474121094,34.459999084472656,34.56999969482422,0.0,6100
2015-12-31,30.73354721069336,0.0,34.29999923706055,0.0,34.29999923706055,34.29999923706055,34.29999923706055,0.0,600
2016-01-04,29.819608688354492,0.0,33.279998779296875,0.0,33.279998779296875,33.029998779296875,33.279998779296875,0.0,24100
2016-01-05,29.828571319580078,0.0,33.290000915527344,0.0,33.41999816894531,33.150001525878906,33.40999984741211,0.0,30000
2016-01-06,29.550800323486328,0.0,32.97999954223633,0.0,33.11000061035156,32.66999816894531,32.66999816894531,0.0,8400
2016-01-07,28.842937469482422,0.0,32.189998626708984,0.0,32.560001373291016,32.060001373291016,32.40999984741211,0.0,3500
2016-01-08,28.341167449951172,0.0,31.6299991607666,0.0,32.349998474121094,31.6299991607666,32.310001373291016,0.0,10200
2016-01-11,28.33220672607422,0.0,31.6200008392334,0.0,31.829999923706055,31.170000076293945,31.729999542236328,0.0,11200
2016-01-12,28.627899169921875,0.0,31.950000762939453,0.0,32.060001373291016,31.540000915527344,31.829999923706055,0.0,4000
2016-01-13,27.678112030029297,0.0,30.889999389648438,0.0,31.56999969482422,30.860000610351562,31.56999969482422,0.0,4100
2016-01-14,28.38597297668457,0.0,31.68000030517578,0.0,31.739999771118164,30.5,31.020000457763672,0.0,8100
2016-01-15,27.597476959228516,0.0,30.799999237060547,0.0,31.010000228881836,30.530000686645508,30.579999923706055,0.0,19700
2016-01-19,27.54371452331543,0.0,30.739999771118164,0.0,31.170000076293945,30.540000915527344,31.010000228881836,0.0,28200
2016-01-20,27.66914939880371,0.0,30.8799991607666,0.0,30.8799991607666,29.739999771118164,29.93000030517578,0.0,67600
2016-01-21,27.570592880249023,0.0,30.770000457763672,0.0,31.079999923706055,30.739999771118164,30.790000915527344,0.0,5800
2016-01-22,28.117164611816406,0.0,31.3799991607666,0.0,31.399999618530273,31.149999618530273,31.149999618530273,0.0,5400
2016-01-25,27.758756637573242,0.0,30.979999542236328,0.0,31.3700008392334,30.979999542236328,31.360000610351562,0.0,1900
2016-01-26,27.821483612060547,0.0,31.049999237060547,0.0,31.25,31.049999237060547,31.190000534057617,0.0,800
2016-01-27,27.480993270874023,0.0,30.670000076293945,0.0,31.110000610351562,30.670000076293945,31.010000228881836,0.0,19800
2016-01-28,27.436193466186523,0.0,30.6200008392334,0.0,30.84000015258789,30.420000076293945,30.84000015258789,0.0,1800
2016-01-29,27.85732078552246,0.0,31.09000015258789,0.0,31.09000015258789,30.6299991607666,30.6299991607666,0.0,2600
2016-02-01,28.161970138549805,0.0,31.43000030517578,0.0,31.530000686645508,31.110000610351562,31.110000610351562,0.0,140700
2016-02-02,27.66914939880371,0.0,30.8799991607666,0.0,31.209999084472656,30.860000610351562,31.209999084472656,0.0,3900
2016-02-03,27.516828536987305,0.0,30.709999084472656,0.0,30.729999542236328,30.450000762939453,30.450000762939453,0.0,2000
2016-02-04,27.436193466186523,0.0,30.6200008392334,0.0,30.75,30.600000381469727,30.670000076293945,0.0,1000
2016-02-05,26.44160270690918,0.0,29.510000228881836,0.0,29.790000915527344,29.420000076293945,29.790000915527344,0.0,6900
2016-02-08,25.832311630249023,0.0,28.829999923706055,0.0,29.0,28.280000686645508,29.0,0.0,7200
2016-02-09,25.921907424926758,0.0,28.93000030517578,0.0,28.93000030517578,28.260000228881836,28.260000228881836,0.0,8000
2016-02-10,25.921907424926758,0.0,28.93000030517578,0.0,29.299999237060547,28.93000030517578,29.06999969482422,0.0,7000
2016-02-11,25.518705368041992,0.0,28.479999542236328,0.0,28.809999465942383,28.469999313354492,28.809999465942383,0.0,2600
2016-02-12,26.12799835205078,0.0,29.15999984741211,0.0,29.15999984741211,28.8799991607666,28.8799991607666,0.0,14000
2016-02-16,26.755216598510742,0.0,29.860000610351562,0.0,29.860000610351562,29.549999237060547,29.760000228881836,0.0,9800
2016-02-17,27.427228927612305,0.0,30.610000610351562,0.0,30.65999984741211,30.260000228881836,30.350000381469727,0.0,3100
2016-02-18,27.19426918029785,0.0,30.350000381469727,0.0,30.5,30.350000381469727,30.5,0.0,1027000
2016-02-19,27.23906707763672,0.0,30.399999618530273,0.0,30.450000762939453,30.360000610351562,30.360000610351562,0.0,2800
2016-02-22,27.794599533081055,0.0,31.020000457763672,0.0,31.030000686645508,30.68000030517578,30.68000030517578,0.0,31300
2016-02-23,27.454113006591797,0.0,30.639999389648438,0.0,30.920000076293945,30.600000381469727,30.889999389648438,0.0,10100
2016-02-24,27.570592880249023,0.0,30.770000457763672,0.0,30.780000686645508,30.020000457763672,30.020000457763672,0.0,1900
2016-02-25,27.9200382232666,0.0,31.15999984741211,0.0,31.18000030517578,30.75,30.75,0.0,4700
2016-02-26,27.991724014282227,0.0,31.239999771118164,0.0,31.420000076293945,31.200000762939453,31.399999618530273,0.0,4900
2016-02-29,27.66914939880371,0.0,30.8799991607666,0.0,31.479999542236328,30.8799991607666,31.219999313354492,0.0,74400
2016-03-01,28.493492126464844,0.0,31.799999237060547,0.0,31.809999465942383,31.139999389648438,31.139999389648438,0.0,10100
2016-03-02,28.412853240966797,0.0,31.709999084472656,0.0,31.709999084472656,31.540000915527344,31.700000762939453,0.0,21300
2016-03-03,28.448692321777344,0.0,31.75,0.0,31.75,31.469999313354492,31.6299991607666,0.0,8900
2016-03-04,28.51141357421875,0.0,31.81999969482422,0.0,31.93000030517578,31.68000030517578,31.90999984741211,0.0,7600
2016-03-07,28.430767059326172,0.0,31.729999542236328,0.0,31.920000076293945,31.600000381469727,31.68000030517578,0.0,7800
2016-03-08,28.215728759765625,0.0,31.489999771118164,0.0,31.65999984741211,31.479999542236328,31.540000915527344,0.0,3200
2016-03-09,28.117164611816406,0.0,31.3799991607666,0.0,31.43000030517578,31.309999465942383,31.309999465942383,0.0,1100
2016-03-10,28.117164611816406,0.0,31.3799991607666,0.0,31.479999542236328,31.149999618530273,31.479999542236328,0.0,3900
2016-03-11,28.627899169921875,0.0,31.950000762939453,0.0,31.950000762939453,31.700000762939453,31.709999084472656,0.0,5900
2016-03-14,28.663734436035156,0.0,31.989999771118164,0.0,32.0099983215332,31.809999465942383,31.809999465942383,0.0,4300
2016-03-15,28.493492126464844,0.0,31.799999237060547,0.0,31.850000381469727,31.799999237060547,31.799999237060547,0.0,1200
2016-03-16,28.780227661132812,0.0,32.119998931884766,0.0,32.18000030517578,31.850000381469727,31.920000076293945,0.0,6300
2016-03-17,28.950464248657227,0.0,32.310001373291016,0.0,32.310001373291016,31.979999542236328,32.18000030517578,0.0,7300
2016-03-18,29.11174774169922,0.0,32.4900016784668,0.0,32.4900016784668,32.310001373291016,32.470001220703125,0.0,7600
2016-03-21,29.219274520874023,0.0,32.61000061035156,0.0,32.65999984741211,32.369998931884766,32.369998931884766,0.0,16400
2016-03-22,29.26407241821289,0.0,32.65999984741211,0.0,32.75,32.439998626708984,32.439998626708984,0.0,6200
2016-03-23,29.049026489257812,0.0,32.41999816894531,0.0,32.5099983215332,32.38999938964844,32.5,0.0,15600
2016-03-24,29.05799102783203,0.0,32.43000030517578,0.0,32.43000030517578,32.16999816894531,32.16999816894531,0.0,4900
2016-03-28,29.10279083251953,0.0,32.47999954223633,0.0,32.4900016784668,32.45000076293945,32.459999084472656,0.0,1900
2016-03-29,29.344717025756836,0.0,32.75,0.0,32.77000045776367,32.220001220703125,32.220001220703125,0.0,4300
2016-03-30,29.497026443481445,0.0,32.91999816894531,0.0,33.150001525878906,32.83000183105469,32.84000015258789,0.0,9900
2016-03-31,29.497026443481445,0.0,32.91999816894531,0.0,33.02000045776367,32.88999938964844,32.90999984741211,0.0,5500
2016-04-01,29.855451583862305,0.0,33.31999969482422,0.0,33.380001068115234,33.099998474121094,33.099998474121094,0.0,2200
2016-04-04,29.703125,0.0,33.150001525878906,0.0,33.45000076293945,33.13999938964844,33.45000076293945,0.0,2300
2016-04-05,29.703125,0.0,33.150001525878906,0.0,33.18000030517578,33.040000915527344,33.040000915527344,0.0,1600
2016-04-06,30.186975479125977,0.0,33.689998626708984,0.0,33.689998626708984,33.2400016784668,33.2400016784668,0.0,23600
2016-04-07,29.75687599182129,0.0,33.209999084472656,0.0,33.58000183105469,33.11000061035156,33.47999954223633,0.0,13200
2016-04-08,29.721040725708008,0.0,33.16999816894531,0.0,33.380001068115234,33.09000015258789,33.380001068115234,0.0,67100
2016-04-11,29.550800323486328,0.0,32.97999954223633,0.0,33.27000045776367,32.97999954223633,33.209999084472656,0.0,65000
2016-04-12,29.685205459594727,0.0,33.130001068115234,0.0,33.15999984741211,32.939998626708984,32.939998626708984,0.0,2100
2016-04-13,30.07946014404297,0.0,33.56999969482422,0.0,33.56999969482422,33.4900016784668,33.5,0.0,1800
2016-04-14,30.186975479125977,0.0,33.689998626708984,0.0,33.790000915527344,33.619998931884766,33.619998931884766,0.0,2600
2016-04-15,30.169055938720703,0.0,33.66999816894531,0.0,33.68000030517578,33.599998474121094,33.65999984741211,0.0,2200
2016-04-18,30.330339431762695,0.0,33.849998474121094,0.0,33.86000061035156,33.7599983215332,33.7599983215332,0.0,600
2016-04-19,30.04360580444336,0.0,33.529998779296875,0.0,33.81999969482422,33.41999816894531,33.81999969482422,0.0,5000
2016-04-20,30.169055938720703,0.0,33.66999816894531,0.0,33.779998779296875,33.66999816894531,33.72999954223633,0.0,10300
2016-04-21,30.169055938720703,0.0,33.66999816894531,0.0,33.689998626708984,33.650001525878906,33.66999816894531,0.0,4400
2016-04-22,30.09737777709961,0.0,33.59000015258789,0.0,33.59000015258789,33.36000061035156,33.38999938964844,0.0,4700
2016-04-25,30.04360580444336,0.0,33.529998779296875,0.0,33.540000915527344,33.529998779296875,33.540000915527344,0.0,1000
2016-04-26,30.025684356689453,0.0,33.5099983215332,0.0,33.54999923706055,33.4900016784668,33.4900016784668,0.0,1500
2016-04-27,29.87336540222168,0.0,33.34000015258789,0.0,33.40999984741211,33.279998779296875,33.34000015258789,0.0,1400
2016-04-28,29.65831756591797,0.0,33.099998474121094,0.0,33.56999969482422,33.099998474121094,33.33000183105469,0.0,4100
2016-04-29,29.48807716369629,0.0,32.90999984741211,0.0,33.08000183105469,32.720001220703125,33.08000183105469,0.0,3900
2016-05-02,29.810644149780273,0.0,33.27000045776367,0.0,33.27000045776367,32.90999984741211,32.93000030517578,0.0,5700
2016-05-03,29.425363540649414,0.0,32.84000015258789,0.0,32.970001220703125,32.810001373291016,32.970001220703125,0.0,6400
2016-05-04,29.183433532714844,0.0,32.56999969482422,0.0,32.66999816894531,32.47999954223633,32.66999816894531,0.0,3900
2016-05-05,29.192392349243164,0.0,32.58000183105469,0.0,32.66999816894531,32.54999923706055,32.65999984741211,0.0,1400
2016-05-06,29.308879852294922,0.0,32.709999084472656,0.0,32.709999084472656,32.439998626708984,32.47999954223633,0.0,6200
2016-05-09,29.452241897583008,0.0,32.869998931884766,0.0,32.869998931884766,32.79999923706055,32.79999923706055,0.0,900
2016-05-10,29.65831756591797,0.0,33.099998474121094,0.0,33.099998474121094,33.040000915527344,33.040000915527344,0.0,9300
2016-05-11,29.317838668823242,0.0,32.720001220703125,0.0,33.099998474121094,32.709999084472656,33.060001373291016,0.0,2900
2016-05-12,29.32679557800293,0.0,32.72999954223633,0.0,32.72999954223633,32.59000015258789,32.720001220703125,0.0,12200
2016-05-13,29.15654945373535,0.0,32.540000915527344,0.0,32.77000045776367,32.540000915527344,32.63999938964844,0.0,800
2016-05-16,29.470165252685547,0.0,32.88999938964844,0.0,32.959999084472656,32.630001068115234,32.630001068115234,0.0,2800
2016-05-17,29.174474716186523,0.0,32.560001373291016,0.0,32.81999969482422,32.54999923706055,32.77000045776367,0.0,4100
2016-05-18,29.174474716186523,0.0,32.560001373291016,0.0,32.790000915527344,32.560001373291016,32.61000061035156,0.0,6900
2016-05-19,29.192392349243164,0.0,32.58000183105469,0.0,32.58000183105469,32.40999984741211,32.470001220703125,0.0,500
2016-05-20,29.39847183227539,0.0,32.810001373291016,0.0,32.91999816894531,32.790000915527344,32.81999969482422,0.0,2700
2016-05-23,29.36263656616211,0.0,32.77000045776367,0.0,32.939998626708984,32.7599983215332,32.7599983215332,0.0,3700
2016-05-24,29.855451583862305,0.0,33.31999969482422,0.0,33.31999969482422,33.13999938964844,33.13999938964844,0.0,2300
2016-05-25,30.034652709960938,0.0,33.52000045776367,0.0,33.560001373291016,33.43000030517578,33.4900016784668,0.0,900
2016-05-26,30.07946014404297,0.0,33.56999969482422,0.0,33.599998474121094,33.47999954223633,33.47999954223633,0.0,8200
2016-05-27,30.13321304321289,0.0,33.630001068115234,0.0,33.689998626708984,33.599998474121094,33.650001525878906,0.0,1100
2016-05-31,30.09737777709961,0.0,33.59000015258789,0.0,33.72999954223633,33.59000015258789,33.650001525878906,0.0,1200
2016-06-01,30.20488739013672,0.0,33.709999084472656,0.0,33.720001220703125,33.630001068115234,33.630001068115234,0.0,1300
2016-06-02,30.339305877685547,0.0,33.86000061035156,0.0,33.86000061035156,33.599998474121094,33.599998474121094,0.0,4800
2016-06-03,30.34825897216797,0.0,33.869998931884766,0.0,33.869998931884766,33.66999816894531,33.66999816894531,0.0,800
2016-06-06,30.482669830322266,0.0,34.02000045776367,0.0,34.02000045776367,33.810001373291016,33.84000015258789,0.0,41200
2016-06-07,30.321386337280273,0.0,33.84000015258789,0.0,33.959999084472656,33.84000015258789,33.93000030517578,0.0,5300
2016-06-08,30.410974502563477,0.0,33.939998626708984,0.0,33.9900016784668,33.91999816894531,33.91999816894531,0.0,24700
2016-06-09,30.303455352783203,0.0,33.81999969482422,0.0,33.880001068115234,33.77000045776367,33.77000045776367,0.0,7500
2016-06-10,29.918169021606445,0.0,33.38999938964844,0.0,33.5099983215332,33.380001068115234,33.470001220703125,0.0,1600
2016-06-13,29.69415283203125,0.0,33.13999938964844,0.0,33.34000015258789,33.130001068115234,33.20000076293945,0.0,900
2016-06-14,29.532882690429688,0.0,32.959999084472656,0.0,32.9900016784668,32.849998474121094,32.970001220703125,0.0,8100
2016-06-15,29.568723678588867,0.0,33.0,0.0,33.18000030517578,33.0,33.15999984741211,0.0,1900
2016-06-16,29.667295455932617,0.0,33.11000061035156,0.0,33.11000061035156,32.709999084472656,32.720001220703125,0.0,2700
2016-06-17,29.390535354614258,0.0,32.709999084472656,0.092,32.75,32.709999084472656,32.75,0.0,1400
2016-06-20,29.579219818115234,0.0,32.91999816894531,0.0,33.25,32.91999816894531,33.04999923706055,0.0,2100
2016-06-21,29.62415313720703,0.0,32.970001220703125,0.0,32.970001220703125,32.880001068115234,32.970001220703125,0.0,4100
2016-06-22,29.480392456054688,0.0,32.810001373291016,0.0,33.09000015258789,32.810001373291016,32.91999816894531,0.0,3100
2016-06-23,29.74995994567871,0.0,33.11000061035156,0.0,33.15999984741211,32.959999084472656,32.959999084472656,0.0,7100
2016-06-24,28.689693450927734,0.0,31.93000030517578,0.0,32.470001220703125,31.8700008392334,31.969999313354492,0.0,18400
2016-06-27,28.132606506347656,0.0,31.309999465942383,0.0,31.399999618530273,31.200000762939453,31.3799991607666,0.0,6100
2016-06-28,28.698678970336914,0.0,31.940000534057617,0.0,31.940000534057617,31.579999923706055,31.579999923706055,0.0,10400
2016-06-29,29.219820022583008,0.0,32.52000045776367,0.0,32.52000045776367,32.310001373291016,32.310001373291016,0.0,2200
2016-06-30,29.4893798828125,0.0,32.81999969482422,0.0,32.849998474121094,32.58000183105469,32.58000183105469,0.0,2100
2016-07-01,29.7409610748291,0.0,33.099998474121094,0.0,33.22999954223633,33.099998474121094,33.16999816894531,0.0,1300
2016-07-05,29.66010093688965,0.0,33.0099983215332,0.0,33.02000045776367,32.88999938964844,32.88999938964844,0.0,6600
2016-07-06,29.830820083618164,0.0,33.20000076293945,0.0,33.20000076293945,33.11000061035156,33.119998931884766,0.0,2500
2016-07-07,29.90269660949707,0.0,33.279998779296875,0.0,33.29999923706055,33.18000030517578,33.29999923706055,0.0,2000
2016-07-08,30.28007698059082,0.0,33.70000076293945,0.0,33.70000076293945,33.630001068115234,33.630001068115234,0.0,200
2016-07-11,30.54962921142578,0.0,34.0,0.0,34.0,33.869998931884766,33.88999938964844,0.0,2900
2016-07-12,30.65744972229004,0.0,34.119998931884766,0.0,34.119998931884766,33.9900016784668,34.02000045776367,0.0,48000
2016-07-13,30.54962921142578,0.0,34.0,0.0,34.06999969482422,33.959999084472656,34.06999969482422,0.0,14300
2016-07-14,30.65744972229004,0.0,34.119998931884766,0.0,34.119998931884766,34.029998779296875,34.06999969482422,0.0,1900
2016-07-15,30.612520217895508,0.0,34.06999969482422,0.0,34.08000183105469,34.02000045776367,34.08000183105469,0.0,900
2016-07-18,30.65744972229004,0.0,34.119998931884766,0.0,34.13999938964844,34.0099983215332,34.0099983215332,0.0,7800
2016-07-19,30.45977783203125,0.0,33.900001525878906,0.0,33.970001220703125,33.880001068115234,33.880001068115234,0.0,2800
2016-07-20,30.774263381958008,0.0,34.25,0.0,34.25,34.11000061035156,34.11000061035156,0.0,2200
2016-07-21,30.522680282592773,0.0,33.970001220703125,0.0,34.189998626708984,33.970001220703125,34.189998626708984,0.0,2700
2016-07-22,30.70237159729004,0.0,34.16999816894531,0.0,34.220001220703125,33.970001220703125,33.970001220703125,0.0,15700
2016-07-25,30.738317489624023,0.0,34.209999084472656,0.0,34.209999084472656,34.06999969482422,34.06999969482422,0.0,500
2016-07-26,30.70237159729004,0.0,34.16999816894531,0.0,34.29999923706055,34.16999816894531,34.29999923706055,0.0,5000
2016-07-27,30.8371524810791,0.0,34.31999969482422,0.0,34.380001068115234,34.119998931884766,34.380001068115234,0.0,1900
2016-07-28,30.819189071655273,0.0,34.29999923706055,0.0,34.349998474121094,34.15999984741211,34.29999923706055,0.0,86500
2016-07-29,30.87310028076172,0.0,34.36000061035156,0.0,34.38999938964844,34.29999923706055,34.310001373291016,0.0,10700
2016-08-01,30.935993194580078,0.0,34.43000030517578,0.0,34.4900016784668,34.31999969482422,34.45000076293945,0.0,17500
2016-08-02,30.801206588745117,0.0,34.279998779296875,0.0,34.38999938964844,34.11000061035156,34.38999938964844,0.0,1600
2016-08-03,30.810199737548828,0.0,34.290000915527344,0.0,34.290000915527344,34.2400016784668,34.2400016784668,0.0,9800
2016-08-04,30.846147537231445,0.0,34.33000183105469,0.0,34.349998474121094,34.27000045776367,34.27000045776367,0.0,4200
2016-08-05,31.115692138671875,0.0,34.630001068115234,0.0,34.63999938964844,34.599998474121094,34.61000061035156,0.0,10300
2016-08-08,30.944963455200195,0.0,34.439998626708984,0.0,34.45000076293945,34.43000030517578,34.439998626708984,0.0,700
2016-08-09,31.00786781311035,0.0,34.5099983215332,0.0,34.689998626708984,34.5099983215332,34.619998931884766,0.0,1300
2016-08-10,30.935993194580078,0.0,34.43000030517578,0.0,34.47999954223633,34.43000030517578,34.47999954223633,0.0,600
2016-08-11,31.160615921020508,0.0,34.68000030517578,0.0,34.709999084472656,34.630001068115234,34.650001525878906,0.0,45500
2016-08-12,31.124679565429688,0.0,34.63999938964844,0.0,34.63999938964844,34.599998474121094,34.599998474121094,0.0,400
2016-08-15,31.214542388916016,0.0,34.7400016784668,0.0,34.779998779296875,34.7400016784668,34.7599983215332,0.0,2000
2016-08-16,30.962940216064453,0.0,34.459999084472656,0.0,34.5099983215332,34.43000030517578,34.5,0.0,2500
2016-08-17,30.87310028076172,0.0,34.36000061035156,0.0,34.38999938964844,34.209999084472656,34.27000045776367,0.0,23200
2016-08-18,30.909025192260742,0.0,34.400001525878906,0.0,34.45000076293945,34.2599983215332,34.2599983215332,0.0,7200
2016-08-19,30.91802406311035,0.0,34.40999984741211,0.0,34.41999816894531,34.34000015258789,34.400001525878906,0.0,1900
2016-08-22,31.016847610473633,0.0,34.52000045776367,0.0,34.540000915527344,34.45000076293945,34.5099983215332,0.0,7200
2016-08-23,31.106714248657227,0.0,34.619998931884766,0.0,34.66999816894531,34.5099983215332,34.5099983215332,0.0,4300
2016-08-24,30.801206588745117,0.0,34.279998779296875,0.0,34.58000183105469,34.25,34.52000045776367,0.0,2700
2016-08-25,30.801206588745117,0.0,34.279998779296875,0.0,34.40999984741211,34.130001068115234,34.130001068115234,0.0,2200
2016-08-26,30.65744972229004,0.0,34.119998931884766,0.0,34.4900016784668,34.119998931884766,34.4900016784668,0.0,6300
2016-08-29,30.846147537231445,0.0,34.33000183105469,0.0,34.380001068115234,34.33000183105469,34.380001068115234,0.0,1700
2016-08-30,30.675426483154297,0.0,34.13999938964844,0.0,34.18000030517578,34.08000183105469,34.18000030517578,0.0,2700
2016-08-31,30.576583862304688,0.0,34.029998779296875,0.0,34.060001373291016,34.029998779296875,34.040000915527344,0.0,500
2016-09-01,30.576583862304688,0.0,34.029998779296875,0.0,34.060001373291016,33.849998474121094,33.869998931884766,0.0,4900
2016-09-02,30.63947868347168,0.0,34.099998474121094,0.0,34.119998931884766,34.04999923706055,34.06999969482422,0.0,1800
2016-09-06,30.76527976989746,0.0,34.2400016784668,0.0,34.25,34.11000061035156,34.13999938964844,0.0,72900
2016-09-07,30.69338607788086,0.0,34.15999984741211,0.0,34.2599983215332,34.15999984741211,34.16999816894531,0.0,700
2016-09-08,30.666433334350586,0.0,34.130001068115234,0.0,34.130001068115234,34.09000015258789,34.09000015258789,0.0,1300
2016-09-09,29.9476261138916,0.0,33.33000183105469,0.0,33.869998931884766,33.33000183105469,33.869998931884766,0.0,7200
2016-09-12,30.271093368530273,0.0,33.689998626708984,0.0,33.720001220703125,32.939998626708984,32.939998626708984,0.0,2100
2016-09-13,29.830820083618164,0.0,33.20000076293945,0.0,33.2599983215332,33.150001525878906,33.22999954223633,0.0,5500
2016-09-14,29.803855895996094,0.0,33.16999816894531,0.0,33.400001525878906,33.16999816894531,33.34000015258789,0.0,12700
2016-09-15,30.145296096801758,0.0,33.54999923706055,0.0,33.58000183105469,33.279998779296875,33.279998779296875,0.0,5300
2016-09-16,30.079553604125977,0.0,33.400001525878906,0.077,33.400001525878906,33.279998779296875,33.279998779296875,0.0,800
2016-09-19,30.115577697753906,0.0,33.439998626708984,0.0,33.54999923706055,33.34000015258789,33.540000915527344,0.0,2700
2016-09-20,30.160608291625977,0.0,33.4900016784668,0.0,33.5099983215332,33.45000076293945,33.5099983215332,0.0,700
2016-09-21,30.42176628112793,0.0,33.779998779296875,0.0,33.79999923706055,33.459999084472656,33.56999969482422,0.0,2900
2016-09-22,30.64691925048828,0.0,34.029998779296875,0.0,34.040000915527344,33.939998626708984,33.95000076293945,0.0,2100
2016-09-23,30.502830505371094,0.0,33.869998931884766,0.0,33.900001525878906,33.84000015258789,33.900001525878906,0.0,25300
2016-09-26,30.21463966369629,0.0,33.54999923706055,0.0,33.63999938964844,33.52000045776367,33.599998474121094,0.0,7400
2016-09-27,30.439790725708008,0.0,33.79999923706055,0.0,33.81999969482422,33.720001220703125,33.720001220703125,0.0,1000
2016-09-28,30.439790725708008,0.0,33.79999923706055,0.0,33.79999923706055,33.689998626708984,33.77000045776367,0.0,11800
2016-09-29,30.24165916442871,0.0,33.58000183105469,0.0,33.63999938964844,33.540000915527344,33.59000015258789,0.0,2000
2016-09-30,30.457796096801758,0.0,33.81999969482422,0.0,33.83000183105469,33.72999954223633,33.72999954223633,0.0,2200
2016-10-03,30.376741409301758,0.0,33.72999954223633,0.0,33.7400016784668,33.63999938964844,33.72999954223633,0.0,1400
2016-10-04,30.20563316345215,0.0,33.540000915527344,0.0,33.7599983215332,33.540000915527344,33.7599983215332,0.0,8900
2016-10-05,30.286684036254883,0.0,33.630001068115234,0.0,33.70000076293945,33.630001068115234,33.66999816894531,0.0,5400
2016-10-06,30.268686294555664,0.0,33.61000061035156,0.0,33.619998931884766,33.59000015258789,33.59000015258789,0.0,23600
2016-10-07,30.151599884033203,0.0,33.47999954223633,0.0,33.47999954223633,33.34000015258789,33.349998474121094,0.0,14300
2016-10-10,30.277677536010742,0.0,33.619998931884766,0.0,33.66999816894531,33.619998931884766,33.66999816894531,0.0,400
2016-10-11,29.872411727905273,0.0,33.16999816894531,0.0,33.27000045776367,33.029998779296875,33.27000045776367,0.0,3600
2016-10-12,29.989490509033203,0.0,33.29999923706055,0.0,33.29999923706055,33.29999923706055,33.29999923706055,0.0,200
2016-10-13,29.872411727905273,0.0,33.16999816894531,0.0,33.20000076293945,32.849998474121094,32.849998474121094,0.0,20200
2016-10-14,29.872411727905273,0.0,33.16999816894531,0.0,33.189998626708984,33.16999816894531,33.189998626708984,0.0,8100
2016-10-17,29.746334075927734,0.0,33.029998779296875,0.0,33.029998779296875,33.029998779296875,33.029998779296875,0.0,500
2016-10-18,30.09756851196289,0.0,33.41999816894531,0.0,33.41999816894531,33.41999816894531,33.41999816894531,0.0,100
2016-10-19,30.178607940673828,0.0,33.5099983215332,0.0,33.5099983215332,33.5099983215332,33.5099983215332,0.0,2300
2016-10-20,30.169612884521484,0.0,33.5,0.0,33.560001373291016,33.36000061035156,33.47999954223633,0.0,11100
2016-10-21,30.21463966369629,0.0,33.54999923706055,0.0,33.54999923706055,33.33000183105469,33.33000183105469,0.0,7700
2016-10-24,30.43077850341797,0.0,33.790000915527344,0.0,33.79999923706055,33.75,33.77000045776367,0.0,5400
2016-10-25,30.169612884521484,0.0,33.5,0.0,33.540000915527344,33.5,33.529998779296875,0.0,3300
2016-10-26,30.178607940673828,0.0,33.5099983215332,0.0,33.5099983215332,33.5099983215332,33.5099983215332,0.0,400
2016-10-27,30.115577697753906,0.0,33.439998626708984,0.0,33.439998626708984,33.38999938964844,33.43000030517578,0.0,900
2016-10-28,30.04352569580078,0.0,33.36000061035156,0.0,33.40999984741211,33.2400016784668,33.2400016784668,0.0,16900
2016-10-31,29.92645835876465,0.0,33.22999954223633,0.0,33.279998779296875,33.20000076293945,33.279998779296875,0.0,1900
2016-11-01,29.6652774810791,0.0,32.939998626708984,0.0,33.189998626708984,32.779998779296875,33.189998626708984,0.0,1400
2016-11-02,29.638261795043945,0.0,32.90999984741211,0.0,33.029998779296875,32.880001068115234,33.029998779296875,0.0,3100
2016-11-03,29.350078582763672,0.0,32.59000015258789,0.0,32.83000183105469,32.54999923706055,32.790000915527344,0.0,2600
2016-11-04,29.467151641845703,0.0,32.720001220703125,0.0,32.869998931884766,32.720001220703125,32.7599983215332,0.0,3200
2016-11-07,30.124589920043945,0.0,33.45000076293945,0.0,33.47999954223633,33.18000030517578,33.18000030517578,0.0,33200
2016-11-08,30.358718872070312,0.0,33.709999084472656,0.0,33.7599983215332,33.599998474121094,33.630001068115234,0.0,2800
2016-11-09,30.520837783813477,0.0,33.88999938964844,0.0,33.88999938964844,33.459999084472656,33.56999969482422,0.0,6900
2016-11-10,30.48481559753418,0.0,33.849998474121094,0.0,34.189998626708984,33.5099983215332,34.189998626708984,0.0,37900
2016-11-11,30.286684036254883,0.0,33.630001068115234,0.0,33.630001068115234,33.54999923706055,33.54999923706055,0.0,3300
2016-11-14,30.08855438232422,0.0,33.40999984741211,0.0,33.43000030517578,33.38999938964844,33.38999938964844,0.0,600
2016-11-15,30.196626663208008,0.0,33.529998779296875,0.0,33.529998779296875,33.439998626708984,33.439998626708984,0.0,1000
2016-11-16,30.196626663208008,0.0,33.529998779296875,0.0,33.529998779296875,33.529998779296875,33.529998779296875,0.0,0
2016-11-17,30.376741409301758,0.0,33.72999954223633,0.0,33.75,33.689998626708984,33.689998626708984,0.0,2800
2016-11-18,30.376741409301758,0.0,33.72999954223633,0.0,33.7400016784668,33.709999084472656,33.709999084472656,0.0,1400
2016-11-21,30.583881378173828,0.0,33.959999084472656,0.0,33.970001220703125,33.70000076293945,33.70000076293945,0.0,5500
2016-11-22,30.709962844848633,0.0,34.099998474121094,0.0,34.11000061035156,33.97999954223633,34.11000061035156,0.0,28100
2016-11-23,30.583881378173828,0.0,33.959999084472656,0.0,33.970001220703125,33.91999816894531,33.91999816894531,0.0,900
2016-11-25,30.637916564941406,0.0,34.02000045776367,0.0,34.040000915527344,34.02000045776367,34.040000915527344,0.0,2700
2016-11-28,30.556859970092773,0.0,33.93000030517578,0.0,34.060001373291016,33.90999984741211,33.90999984741211,0.0,9700
2016-11-29,30.628902435302734,0.0,34.0099983215332,0.0,34.13999938964844,34.0099983215332,34.060001373291016,0.0,1400
2016-11-30,30.277677536010742,0.0,33.619998931884766,0.0,33.66999816894531,33.619998931884766,33.66999816894531,0.0,700
2016-12-01,29.8273868560791,0.0,33.119998931884766,0.0,33.2599983215332,33.119998931884766,33.2400016784668,0.0,1900
2016-12-02,29.8273868560791,0.0,33.119998931884766,0.0,33.119998931884766,33.119998931884766,33.119998931884766,0.0,100
2016-12-05,30.14259147644043,0.0,33.470001220703125,0.0,33.4900016784668,33.439998626708984,33.4900016784668,0.0,3200
2016-12-06,30.187623977661133,0.0,33.52000045776367,0.0,33.52000045776367,33.459999084472656,33.470001220703125,0.0,1900
2016-12-07,30.48481559753418,0.0,33.849998474121094,0.0,33.849998474121094,33.66999816894531,33.66999816894531,0.0,600
2016-12-08,30.574871063232422,0.0,33.95000076293945,0.0,33.95000076293945,33.88999938964844,33.88999938964844,0.0,3800
2016-12-09,30.700958251953125,0.0,34.09000015258789,0.0,34.150001525878906,34.02000045776367,34.06999969482422,0.0,5900
2016-12-12,30.610910415649414,0.0,33.9900016784668,0.0,34.06999969482422,33.959999084472656,34.06999969482422,0.0,1700
2016-12-13,30.89008331298828,0.0,34.29999923706055,0.0,34.38999938964844,34.20000076293945,34.20000076293945,0.0,171700
2016-12-14,30.73697853088379,0.0,34.130001068115234,0.0,34.36000061035156,34.130001068115234,34.36000061035156,0.0,2500
2016-12-15,30.763992309570312,0.0,34.15999984741211,0.0,34.29999923706055,34.15999984741211,34.2599983215332,0.0,3200
2016-12-16,30.710662841796875,0.0,33.970001220703125,0.131,34.099998474121094,33.93000030517578,34.09000015258789,0.0,45200
2016-12-19,30.72875213623047,0.0,33.9900016784668,0.0,34.16999816894531,33.88999938964844,33.88999938964844,0.0,2900
2016-12-20,30.855302810668945,0.0,34.130001068115234,0.0,34.13999938964844,34.040000915527344,34.040000915527344,0.0,8200
2016-12-21,30.855302810668945,0.0,34.130001068115234,0.0,34.130001068115234,34.060001373291016,34.09000015258789,0.0,1000
2016-12-22,30.69257164001465,0.0,33.95000076293945,0.0,33.959999084472656,33.880001068115234,33.939998626708984,0.0,1300
2016-12-23,30.764904022216797,0.0,34.029998779296875,0.0,34.029998779296875,34.029998779296875,34.029998779296875,0.0,1000
2016-12-27,30.918590545654297,0.0,34.20000076293945,0.0,34.310001373291016,34.20000076293945,34.310001373291016,0.0,1800
2016-12-28,30.701616287231445,0.0,33.959999084472656,0.0,33.959999084472656,33.93000030517578,33.93000030517578,0.0,2000
2016-12-29,30.69257164001465,0.0,33.95000076293945,0.0,33.95000076293945,33.95000076293945,33.95000076293945,0.0,300
2016-12-30,30.36712646484375,0.0,33.59000015258789,0.0,33.7400016784668,33.54999923706055,33.720001220703125,0.0,14200
2017-01-03,30.710662841796875,0.0,33.970001220703125,0.0,34.0099983215332,33.86000061035156,33.88999938964844,0.0,2100
2017-01-04,30.900510787963867,0.0,34.18000030517578,0.0,34.22999954223633,34.060001373291016,34.060001373291016,0.0,700
2017-01-05,31.081331253051758,0.0,34.380001068115234,0.0,34.380001068115234,34.349998474121094,34.349998474121094,0.0,500
2017-01-06,31.289257049560547,0.0,34.61000061035156,0.0,34.63999938964844,34.5,34.5,0.0,5400
2017-01-09,31.180757522583008,0.0,34.4900016784668,0.0,34.540000915527344,34.4900016784668,34.540000915527344,0.0,4900
2017-01-10,31.29829216003418,0.0,34.619998931884766,0.0,34.70000076293945,34.619998931884766,34.70000076293945,0.0,600
2017-01-11,31.09035873413086,0.0,34.38999938964844,0.0,34.630001068115234,34.369998931884766,34.619998931884766,0.0,7500
2017-01-12,31.027070999145508,0.0,34.31999969482422,0.0,34.36000061035156,34.27000045776367,34.36000061035156,0.0,3000
2017-01-13,31.38869857788086,0.0,34.720001220703125,0.0,34.720001220703125,34.709999084472656,34.709999084472656,0.0,400
2017-01-17,31.262136459350586,0.0,34.58000183105469,0.0,34.709999084472656,34.54999923706055,34.61000061035156,0.0,9000
2017-01-18,31.32541275024414,0.0,34.650001525878906,0.0,34.65999984741211,34.650001525878906,34.65999984741211,0.0,7800
2017-01-19,31.289257049560547,0.0,34.61000061035156,0.0,34.849998474121094,34.61000061035156,34.79999923706055,0.0,5200
2017-01-20,31.3615779876709,0.0,34.689998626708984,0.0,34.689998626708984,34.630001068115234,34.66999816894531,0.0,1900
2017-01-23,31.370615005493164,0.0,34.70000076293945,0.0,34.77000045776367,34.63999938964844,34.720001220703125,0.0,20700
2017-01-24,31.415822982788086,0.0,34.75,0.0,34.77000045776367,34.709999084472656,34.709999084472656,0.0,7900
2017-01-25,31.822650909423828,0.0,35.20000076293945,0.0,35.20000076293945,35.029998779296875,35.029998779296875,0.0,6700
2017-01-26,31.831682205200195,0.0,35.209999084472656,0.0,35.22999954223633,35.20000076293945,35.22999954223633,0.0,1700
2017-01-27,31.777448654174805,0.0,35.150001525878906,0.0,35.16999816894531,35.09000015258789,35.09000015258789,0.0,9600
2017-01-30,31.578556060791016,0.0,34.93000030517578,0.0,35.11000061035156,34.77000045776367,35.11000061035156,0.0,11700
2017-01-31,31.59663963317871,0.0,34.95000076293945,0.0,34.95000076293945,34.790000915527344,34.790000915527344,0.0,2700
2017-02-01,31.569503784179688,0.0,34.91999816894531,0.0,34.91999816894531,34.790000915527344,34.790000915527344,0.0,1600
2017-02-02,31.605670928955078,0.0,34.959999084472656,0.0,34.959999084472656,34.88999938964844,34.95000076293945,0.0,5600
2017-02-03,31.795507431030273,0.0,35.16999816894531,0.0,35.16999816894531,35.060001373291016,35.060001373291016,0.0,1000
2017-02-06,31.732229232788086,0.0,35.099998474121094,0.0,35.130001068115234,35.029998779296875,35.130001068115234,0.0,1000
2017-02-07,31.858802795410156,0.0,35.2400016784668,0.0,35.29999923706055,35.209999084472656,35.29999923706055,0.0,9200
2017-02-08,31.831682205200195,0.0,35.209999084472656,0.0,35.209999084472656,35.209999084472656,35.209999084472656,0.0,8700
2017-02-09,32.16618347167969,0.0,35.58000183105469,0.0,35.58000183105469,35.290000915527344,35.290000915527344,0.0,800
2017-02-10,32.256587982177734,0.0,35.68000030517578,0.0,35.68000030517578,35.56999969482422,35.650001525878906,0.0,21300
2017-02-13,32.482601165771484,0.0,35.93000030517578,0.0,35.939998626708984,35.779998779296875,35.779998779296875,0.0,2200
2017-02-14,32.5549201965332,0.0,36.0099983215332,0.0,36.02000045776367,35.79999923706055,35.79999923706055,0.0,9300
2017-02-15,32.80805587768555,0.0,36.290000915527344,0.0,36.310001373291016,36.0,36.0,0.0,25000
2017-02-16,32.73573303222656,0.0,36.209999084472656,0.0,36.29999923706055,36.209999084472656,36.29999923706055,0.0,300
2017-02-17,32.84422302246094,0.0,36.33000183105469,0.0,36.33000183105469,36.150001525878906,36.150001525878906,0.0,1800
2017-02-21,33.043113708496094,0.0,36.54999923706055,0.0,36.54999923706055,36.459999084472656,36.459999084472656,0.0,12800
2017-02-22,32.98887252807617,0.0,36.4900016784668,0.0,36.540000915527344,36.439998626708984,36.529998779296875,0.0,18500
2017-02-23,32.85326385498047,0.0,36.34000015258789,0.0,36.40999984741211,36.34000015258789,36.349998474121094,0.0,1100
2017-02-24,32.898460388183594,0.0,36.38999938964844,0.0,36.38999938964844,36.29999923706055,36.29999923706055,0.0,14000
2017-02-27,33.02503204345703,0.0,36.529998779296875,0.0,36.529998779296875,36.33000183105469,36.34000015258789,0.0,3200
2017-02-28,33.0160026550293,0.0,36.52000045776367,0.0,36.52000045776367,36.5,36.5,0.0,600
2017-03-01,33.431854248046875,0.0,36.97999954223633,0.0,36.97999954223633,36.79999923706055,36.869998931884766,0.0,20900
2017-03-02,33.323368072509766,0.0,36.86000061035156,0.0,36.95000076293945,36.84000015258789,36.95000076293945,0.0,4500
2017-03-03,33.39567565917969,0.0,36.939998626708984,0.0,36.939998626708984,36.7400016784668,36.7400016784668,0.0,28100
2017-03-06,33.29624557495117,0.0,36.83000183105469,0.0,36.83000183105469,36.75,36.75,0.0,1700
2017-03-07,33.169673919677734,0.0,36.689998626708984,0.0,36.81999969482422,36.689998626708984,36.810001373291016,0.0,400
2017-03-08,33.25104904174805,0.0,36.779998779296875,0.0,36.900001525878906,36.709999084472656,36.7400016784668,0.0,4900
2017-03-09,33.22392272949219,0.0,36.75,0.0,36.810001373291016,36.630001068115234,36.7599983215332,0.0,24500
2017-03-10,33.36856460571289,0.0,36.90999984741211,0.0,36.90999984741211,36.7599983215332,36.90999984741211,0.0,17500
2017-03-13,33.42280960083008,0.0,36.970001220703125,0.0,36.970001220703125,36.849998474121094,36.91999816894531,0.0,1700
2017-03-14,33.386653900146484,0.0,36.93000030517578,0.0,36.93000030517578,36.849998474121094,36.849998474121094,0.0,1800
2017-03-15,33.684993743896484,0.0,37.2599983215332,0.0,37.279998779296875,36.97999954223633,37.0099983215332,0.0,18900
2017-03-16,33.59458541870117,0.0,37.15999984741211,0.0,37.279998779296875,37.119998931884766,37.279998779296875,0.0,1100
2017-03-17,33.61177444458008,0.0,37.150001525878906,0.029,37.22999954223633,37.150001525878906,37.18000030517578,0.0,1600
2017-03-20,33.584617614746094,0.0,37.119998931884766,0.0,37.18000030517578,37.06999969482422,37.18000030517578,0.0,14500
2017-03-21,33.20463562011719,0.0,36.70000076293945,0.0,37.2599983215332,36.70000076293945,37.209999084472656,0.0,23200
2017-03-22,33.295108795166016,0.0,36.79999923706055,0.0,36.810001373291016,36.65999984741211,36.75,0.0,1500
2017-03-23,33.24987030029297,0.0,36.75,0.0,36.81999969482422,36.70000076293945,36.75,0.0,4100
2017-03-24,33.21368408203125,0.0,36.709999084472656,0.0,36.849998474121094,36.68000030517578,36.849998474121094,0.0,2000
2017-03-27,33.394630432128906,0.0,36.90999984741211,0.0,36.90999984741211,36.90999984741211,36.90999984741211,0.0,200
2017-03-28,33.64796829223633,0.0,37.189998626708984,0.0,37.189998626708984,36.9900016784668,36.9900016784668,0.0,4400
2017-03-29,33.7203483581543,0.0,37.27000045776367,0.0,37.310001373291016,37.22999954223633,37.2400016784668,0.0,10600
2017-03-30,33.72938919067383,0.0,37.279998779296875,0.0,37.31999969482422,37.220001220703125,37.290000915527344,0.0,2100
2017-03-31,33.75653076171875,0.0,37.310001373291016,0.0,37.36000061035156,37.2599983215332,37.27000045776367,0.0,305600
2017-04-03,33.7203483581543,0.0,37.27000045776367,0.0,37.45000076293945,37.2400016784668,37.369998931884766,0.0,11200
2017-04-04,33.78368377685547,0.0,37.34000015258789,0.0,37.34000015258789,37.150001525878906,37.150001525878906,0.0,3100
2017-04-05,33.63893127441406,0.0,37.18000030517578,0.0,37.58000183105469,37.18000030517578,37.33000183105469,0.0,4800
2017-04-06,33.77462387084961,0.0,37.33000183105469,0.0,37.33000183105469,37.27000045776367,37.290000915527344,0.0,9200
2017-04-07,33.856056213378906,0.0,37.41999816894531,0.0,37.45000076293945,37.31999969482422,37.439998626708984,0.0,2300
2017-04-10,33.8651123046875,0.0,37.43000030517578,0.0,37.54999923706055,37.43000030517578,37.5099983215332,0.0,3600
2017-04-11,33.77462387084961,0.0,37.33000183105469,0.0,37.470001220703125,37.15999984741211,37.470001220703125,0.0,8400
2017-04-12,33.657012939453125,0.0,37.20000076293945,0.0,37.349998474121094,37.20000076293945,37.310001373291016,0.0,8600
2017-04-13,33.602718353271484,0.0,37.13999938964844,0.0,37.29999923706055,37.13999938964844,37.20000076293945,0.0,3300
2017-04-17,33.83795928955078,0.0,37.400001525878906,0.0,37.43000030517578,37.119998931884766,37.119998931884766,0.0,6300
2017-04-18,33.8741455078125,0.0,37.439998626708984,0.0,37.439998626708984,37.27000045776367,37.31999969482422,0.0,4100
2017-04-19,33.8651123046875,0.0,37.43000030517578,0.0,37.540000915527344,37.380001068115234,37.47999954223633,0.0,4000
2017-04-20,34.118431091308594,0.0,37.709999084472656,0.0,37.7599983215332,37.5099983215332,37.58000183105469,0.0,2100
2017-04-21,34.06414031982422,0.0,37.650001525878906,0.0,37.709999084472656,37.59000015258789,37.709999084472656,0.0,32500
2017-04-24,34.380821228027344,0.0,38.0,0.0,38.0,37.900001525878906,37.959999084472656,0.0,1800
2017-04-25,34.534637451171875,0.0,38.16999816894531,0.0,38.16999816894531,37.970001220703125,37.970001220703125,0.0,4000
2017-04-26,34.55271911621094,0.0,38.189998626708984,0.0,38.29999923706055,38.189998626708984,38.29999923706055,0.0,1000
2017-04-27,34.76986312866211,0.0,38.43000030517578,0.0,38.470001220703125,38.31999969482422,38.31999969482422,0.0,3500
2017-04-28,34.83320236206055,0.0,38.5,0.0,38.54999923706055,38.400001525878906,38.54999923706055,0.0,2300
2017-05-01,35.03224563598633,0.0,38.720001220703125,0.0,38.7400016784668,38.529998779296875,38.529998779296875,0.0,53900
2017-05-02,35.06842803955078,0.0,38.7599983215332,0.0,38.77000045776367,38.650001525878906,38.77000045776367,0.0,10400
2017-05-03,34.968910217285156,0.0,38.650001525878906,0.0,38.650001525878906,38.560001373291016,38.630001068115234,0.0,3000
2017-05-04,35.07748031616211,0.0,38.77000045776367,0.0,38.779998779296875,38.599998474121094,38.68000030517578,0.0,4500
2017-05-05,35.13177490234375,0.0,38.83000183105469,0.0,38.83000183105469,38.7599983215332,38.83000183105469,0.0,587000
2017-05-08,34.996055603027344,0.0,38.68000030517578,0.0,38.939998626708984,38.68000030517578,38.939998626708984,0.0,5200
2017-05-09,35.177005767822266,0.0,38.880001068115234,0.0,38.939998626708984,38.880001068115234,38.93000030517578,0.0,4800
2017-05-10,35.14985275268555,0.0,38.849998474121094,0.0,38.880001068115234,38.83000183105469,38.86000061035156,0.0,3500
2017-05-11,35.113670349121094,0.0,38.810001373291016,0.0,38.810001373291016,38.630001068115234,38.7599983215332,0.0,2700
2017-05-12,35.13177490234375,0.0,38.83000183105469,0.0,38.880001068115234,38.790000915527344,38.86000061035156,0.0,5900
2017-05-15,35.27653503417969,0.0,38.9900016784668,0.0,39.0,38.88999938964844,38.88999938964844,0.0,2700
2017-05-16,35.267486572265625,0.0,38.97999954223633,0.0,39.06999969482422,38.970001220703125,39.06999969482422,0.0,5300
2017-05-17,34.679386138916016,0.0,38.33000183105469,0.0,38.630001068115234,38.33000183105469,38.630001068115234,0.0,4700
2017-05-18,34.923667907714844,0.0,38.599998474121094,0.0,38.599998474121094,38.470001220703125,38.5099983215332,0.0,1300
2017-05-19,34.996055603027344,0.0,38.68000030517578,0.0,38.779998779296875,38.68000030517578,38.70000076293945,0.0,10800
2017-05-22,35.24938201904297,0.0,38.959999084472656,0.0,38.959999084472656,38.959999084472656,38.959999084472656,0.0,200
2017-05-23,35.222251892089844,0.0,38.93000030517578,0.0,39.08000183105469,38.93000030517578,39.08000183105469,0.0,2700
2017-05-24,35.466529846191406,0.0,39.20000076293945,0.0,39.20000076293945,38.97999954223633,38.9900016784668,0.0,4500
2017-05-25,35.828426361083984,0.0,39.599998474121094,0.0,39.599998474121094,39.34000015258789,39.349998474121094,0.0,4800
2017-05-26,35.810333251953125,0.0,39.58000183105469,0.0,39.61000061035156,39.540000915527344,39.59000015258789,0.0,1500
2017-05-30,35.864620208740234,0.0,39.63999938964844,0.0,39.66999816894531,39.560001373291016,39.630001068115234,0.0,15500
2017-05-31,35.95509338378906,0.0,39.7400016784668,0.0,39.75,39.54999923706055,39.75,0.0,2900
2017-06-01,36.19937515258789,0.0,40.0099983215332,0.0,40.0099983215332,39.79999923706055,39.79999923706055,0.0,12200
2017-06-02,36.552242279052734,0.0,40.400001525878906,0.0,40.400001525878906,40.150001525878906,40.150001525878906,0.0,1300
2017-06-05,36.57032775878906,0.0,40.41999816894531,0.0,40.43000030517578,40.27000045776367,40.27000045776367,0.0,1700
2017-06-06,36.35319519042969,0.0,40.18000030517578,0.0,40.439998626708984,40.18000030517578,40.22999954223633,0.0,40000
2017-06-07,36.516048431396484,0.0,40.36000061035156,0.0,40.380001068115234,40.25,40.380001068115234,0.0,2200
2017-06-08,36.4889030456543,0.0,40.33000183105469,0.0,40.349998474121094,40.27000045776367,40.279998779296875,0.0,19700
2017-06-09,36.07271194458008,0.0,39.869998931884766,0.0,40.470001220703125,39.70000076293945,40.38999938964844,0.0,6500
2017-06-12,35.927955627441406,0.0,39.709999084472656,0.0,39.709999084472656,39.459999084472656,39.59000015258789,0.0,3900
2017-06-13,36.28985595703125,0.0,40.11000061035156,0.0,40.11000061035156,39.88999938964844,39.88999938964844,0.0,3700
2017-06-14,36.20842361450195,0.0,40.02000045776367,0.0,40.290000915527344,40.02000045776367,40.290000915527344,0.0,1300
2017-06-15,36.0908203125,0.0,39.88999938964844,0.0,39.95000076293945,39.61000061035156,39.779998779296875,0.0,3000
2017-06-16,36.028221130371094,0.0,39.720001220703125,0.101,39.75,39.54999923706055,39.68000030517578,0.0,5000
2017-06-19,36.4363899230957,0.0,40.16999816894531,0.0,40.18000030517578,39.970001220703125,39.970001220703125,0.0,3200
2017-06-20,36.36383819580078,0.0,40.09000015258789,0.0,40.279998779296875,40.09000015258789,40.279998779296875,0.0,3900
2017-06-21,36.645023345947266,0.0,40.400001525878906,0.0,40.400001525878906,40.310001373291016,40.310001373291016,0.0,700
2017-06-22,36.772010803222656,0.0,40.540000915527344,0.0,40.54999923706055,40.38999938964844,40.41999816894531,0.0,7500
2017-06-23,36.67223358154297,0.0,40.43000030517578,0.0,40.529998779296875,40.31999969482422,40.38999938964844,0.0,19700
2017-06-26,36.645023345947266,0.0,40.400001525878906,0.0,40.689998626708984,40.310001373291016,40.689998626708984,0.0,27300
2017-06-27,36.3819694519043,0.0,40.11000061035156,0.0,40.36000061035156,39.9900016784668,40.290000915527344,0.0,4600
2017-06-28,36.59965896606445,0.0,40.349998474121094,0.0,40.349998474121094,40.209999084472656,40.2599983215332,0.0,1400
2017-06-29,36.18243408203125,0.0,39.88999938964844,0.0,39.97999954223633,39.5,39.97999954223633,0.0,3500
2017-06-30,36.18243408203125,0.0,39.88999938964844,0.0,39.9900016784668,39.88999938964844,39.9900016784668,0.0,3700
2017-07-03,35.919376373291016,0.0,39.599998474121094,0.0,39.619998931884766,39.599998474121094,39.619998931884766,0.0,600
2017-07-05,36.100791931152344,0.0,39.79999923706055,0.0,39.79999923706055,39.63999938964844,39.650001525878906,0.0,1600
2017-07-06,35.85587692260742,0.0,39.529998779296875,0.0,39.70000076293945,39.529998779296875,39.529998779296875,0.0,1100
2017-07-07,36.28219985961914,0.0,40.0,0.0,40.029998779296875,39.939998626708984,39.939998626708984,0.0,3300
2017-07-10,36.41825866699219,0.0,40.150001525878906,0.0,40.150001525878906,39.959999084472656,39.959999084472656,0.0,900
2017-07-11,36.35476303100586,0.0,40.08000183105469,0.0,40.18000030517578,40.06999969482422,40.18000030517578,0.0,4700
2017-07-12,36.75387191772461,0.0,40.52000045776367,0.0,40.529998779296875,40.4900016784668,40.529998779296875,0.0,1000
2017-07-13,36.772010803222656,0.0,40.540000915527344,0.0,40.63999938964844,40.540000915527344,40.61000061035156,0.0,88200
2017-07-14,37.07133865356445,0.0,40.869998931884766,0.0,40.91999816894531,40.7400016784668,40.7400016784668,0.0,6100
2017-07-17,36.989715576171875,0.0,40.779998779296875,0.0,40.95000076293945,40.77000045776367,40.95000076293945,0.0,10200
2017-07-18,37.25273895263672,0.0,41.06999969482422,0.0,41.130001068115234,40.91999816894531,40.95000076293945,0.0,6800
2017-07-19,37.54300308227539,0.0,41.38999938964844,0.0,41.41999816894531,41.130001068115234,41.130001068115234,0.0,2600
2017-07-20,37.706268310546875,0.0,41.56999969482422,0.0,41.56999969482422,41.369998931884766,41.5,0.0,800
2017-07-21,37.61557388305664,0.0,41.470001220703125,0.0,41.470001220703125,41.41999816894531,41.41999816894531,0.0,700
2017-07-24,37.769771575927734,0.0,41.63999938964844,0.0,41.63999938964844,41.470001220703125,41.54999923706055,0.0,1500
2017-07-25,37.72442626953125,0.0,41.59000015258789,0.0,41.630001068115234,41.540000915527344,41.619998931884766,0.0,50000
2017-07-26,38.01469421386719,0.0,41.90999984741211,0.0,41.91999816894531,41.689998626708984,41.689998626708984,0.0,48400
2017-07-27,37.67000198364258,0.0,41.529998779296875,0.0,42.0099983215332,41.33000183105469,41.83000183105469,0.0,22300
2017-07-28,37.66093063354492,0.0,41.52000045776367,0.0,41.54999923706055,41.41999816894531,41.459999084472656,0.0,5500
2017-07-31,37.48857498168945,0.0,41.33000183105469,0.0,41.599998474121094,41.31999969482422,41.52000045776367,0.0,5800
2017-08-01,37.570220947265625,0.0,41.41999816894531,0.0,41.459999084472656,41.380001068115234,41.380001068115234,0.0,6600
2017-08-02,37.570220947265625,0.0,41.41999816894531,0.0,41.5099983215332,41.13999938964844,41.5099983215332,0.0,16000
2017-08-03,37.49766159057617,0.0,41.34000015258789,0.0,41.560001373291016,41.31999969482422,41.560001373291016,0.0,4800
2017-08-04,37.58836364746094,0.0,41.439998626708984,0.0,41.470001220703125,41.380001068115234,41.38999938964844,0.0,6900
2017-08-07,37.75162887573242,0.0,41.619998931884766,0.0,41.630001068115234,41.5099983215332,41.5099983215332,0.0,4400
2017-08-08,37.55207443237305,0.0,41.400001525878906,0.0,41.68000030517578,41.400001525878906,41.56999969482422,0.0,6300
2017-08-09,37.5611572265625,0.0,41.40999984741211,0.0,41.40999984741211,41.099998474121094,41.20000076293945,0.0,7400
2017-08-10,37.10762405395508,0.0,40.90999984741211,0.0,41.150001525878906,40.81999969482422,41.150001525878906,0.0,8300
2017-08-11,37.0622673034668,0.0,40.86000061035156,0.0,40.959999084472656,40.560001373291016,40.7400016784668,0.0,4200
2017-08-14,37.642799377441406,0.0,41.5,0.0,41.5,41.41999816894531,41.439998626708984,0.0,600
2017-08-15,37.51578903198242,0.0,41.36000061035156,0.0,41.47999954223633,41.29999923706055,41.47999954223633,0.0,29700
2017-08-16,37.706268310546875,0.0,41.56999969482422,0.0,41.650001525878906,41.43000030517578,41.470001220703125,0.0,10200
2017-08-17,37.162044525146484,0.0,40.970001220703125,0.0,41.47999954223633,40.970001220703125,41.47999954223633,0.0,5000
2017-08-18,37.18926239013672,0.0,41.0,0.0,41.099998474121094,40.720001220703125,40.869998931884766,0.0,1900
2017-08-21,37.125770568847656,0.0,40.93000030517578,0.0,40.93000030517578,40.70000076293945,40.91999816894531,0.0,3000
2017-08-22,37.67905807495117,0.0,41.540000915527344,0.0,41.58000183105469,41.02000045776367,41.02000045776367,0.0,11800
2017-08-23,37.59742736816406,0.0,41.45000076293945,0.0,41.459999084472656,41.209999084472656,41.459999084472656,0.0,2900
2017-08-24,37.42509841918945,0.0,41.2599983215332,0.0,41.38999938964844,41.220001220703125,41.38999938964844,0.0,7000
2017-08-25,37.533931732177734,0.0,41.380001068115234,0.0,41.52000045776367,41.310001373291016,41.52000045776367,0.0,3000
2017-08-28,37.579288482666016,0.0,41.43000030517578,0.0,41.439998626708984,41.38999938964844,41.40999984741211,0.0,1800
2017-08-29,37.65186309814453,0.0,41.5099983215332,0.0,41.5099983215332,41.130001068115234,41.130001068115234,0.0,2500
2017-08-30,38.032814025878906,0.0,41.93000030517578,0.0,41.93000030517578,41.630001068115234,41.630001068115234,0.0,5300
2017-08-31,38.20515823364258,0.0,42.119998931884766,0.0,42.189998626708984,42.02000045776367,42.02000045776367,0.0,8300
2017-09-01,38.368431091308594,0.0,42.29999923706055,0.0,42.31999969482422,42.25,42.290000915527344,0.0,4500
2017-09-05,38.11445617675781,0.0,42.02000045776367,0.0,42.209999084472656,41.880001068115234,42.119998931884766,0.0,21800
2017-09-06,38.32307434082031,0.0,42.25,0.0,42.25,41.970001220703125,42.099998474121094,0.0,2900
2017-09-07,38.486351013183594,0.0,42.43000030517578,0.0,42.439998626708984,42.16999816894531,42.16999816894531,0.0,49600
2017-09-08,38.41378402709961,0.0,42.349998474121094,0.0,42.470001220703125,42.29999923706055,42.29999923706055,0.0,2000
2017-09-11,38.776611328125,0.0,42.75,0.0,42.7599983215332,42.58000183105469,42.619998931884766,0.0,2600
2017-09-12,38.75846481323242,0.0,42.72999954223633,0.0,42.7599983215332,42.650001525878906,42.689998626708984,0.0,13800
2017-09-13,38.8038215637207,0.0,42.779998779296875,0.0,42.779998779296875,42.689998626708984,42.720001220703125,0.0,2100
2017-09-14,38.74031448364258,0.0,42.709999084472656,0.0,42.720001220703125,42.630001068115234,42.650001525878906,0.0,1800
2017-09-15,38.83102798461914,0.0,42.810001373291016,0.0,42.810001373291016,42.650001525878906,42.689998626708984,0.0,7300
2017-09-18,38.8173942565918,0.0,42.720001220703125,0.075,42.91999816894531,42.720001220703125,42.869998931884766,0.0,10400
2017-09-19,38.95368576049805,0.0,42.869998931884766,0.0,42.869998931884766,42.72999954223633,42.810001373291016,0.0,7100
2017-09-20,38.871910095214844,0.0,42.779998779296875,0.0,42.869998931884766,42.540000915527344,42.77000045776367,0.0,4400
2017-09-21,38.69927978515625,0.0,42.59000015258789,0.0,42.709999084472656,42.540000915527344,42.540000915527344,0.0,4500
2017-09-22,38.617496490478516,0.0,42.5,0.0,42.63999938964844,42.459999084472656,42.459999084472656,0.0,4200
2017-09-25,38.18133544921875,0.0,42.02000045776367,0.0,42.5099983215332,42.02000045776367,42.5099983215332,0.0,8700
2017-09-26,38.23586654663086,0.0,42.08000183105469,0.0,42.290000915527344,42.040000915527344,42.279998779296875,0.0,21500
2017-09-27,38.472103118896484,0.0,42.34000015258789,0.0,42.380001068115234,42.13999938964844,42.22999954223633,0.0,9000
2017-09-28,38.59023666381836,0.0,42.470001220703125,0.0,42.470001220703125,42.34000015258789,42.34000015258789,0.0,45300
2017-09-29,38.71744155883789,0.0,42.61000061035156,0.0,42.709999084472656,42.5099983215332,42.5099983215332,0.0,14800
2017-10-02,38.88100051879883,0.0,42.790000915527344,0.0,42.88999938964844,42.7400016784668,42.83000183105469,0.0,6300
2017-10-03,38.97187042236328,0.0,42.88999938964844,0.0,43.0099983215332,42.810001373291016,43.0099983215332,0.0,16800
2017-10-04,39.11724090576172,0.0,43.04999923706055,0.0,43.09000015258789,42.849998474121094,42.849998474121094,0.0,5300
2017-10-05,39.46253967285156,0.0,43.43000030517578,0.0,43.439998626708984,43.13999938964844,43.13999938964844,0.0,5900
2017-10-06,39.58066177368164,0.0,43.560001373291016,0.0,43.560001373291016,43.369998931884766,43.40999984741211,0.0,18100
2017-10-09,39.48979568481445,0.0,43.459999084472656,0.0,43.66999816894531,43.459999084472656,43.66999816894531,0.0,5500
2017-10-10,39.40800857543945,0.0,43.369998931884766,0.0,43.59000015258789,43.369998931884766,43.59000015258789,0.0,4800
2017-10-11,39.6896858215332,0.0,43.68000030517578,0.0,43.68000030517578,43.5,43.5099983215332,0.0,17900
2017-10-12,39.762386322021484,0.0,43.7599983215332,0.0,43.81999969482422,43.68000030517578,43.72999954223633,0.0,38500
2017-10-13,39.835086822509766,0.0,43.84000015258789,0.0,43.97999954223633,43.810001373291016,43.97999954223633,0.0,8200
2017-10-16,39.880516052246094,0.0,43.88999938964844,0.0,43.900001525878906,43.77000045776367,43.86000061035156,0.0,50000
2017-10-17,39.82598876953125,0.0,43.83000183105469,0.0,43.869998931884766,43.790000915527344,43.869998931884766,0.0,2800
2017-10-18,39.90776824951172,0.0,43.91999816894531,0.0,43.939998626708984,43.790000915527344,43.83000183105469,0.0,8400
2017-10-19,39.91686248779297,0.0,43.93000030517578,0.0,43.93000030517578,43.68000030517578,43.88999938964844,0.0,9800
2017-10-20,39.96228790283203,0.0,43.97999954223633,0.0,44.04999923706055,43.970001220703125,44.04999923706055,0.0,4100
2017-10-23,39.85324478149414,0.0,43.86000061035156,0.0,44.20000076293945,43.849998474121094,44.20000076293945,0.0,5600
2017-10-24,39.935028076171875,0.0,43.95000076293945,0.0,44.060001373291016,43.810001373291016,44.060001373291016,0.0,5500
2017-10-25,39.78056716918945,0.0,43.779998779296875,0.0,44.0,43.560001373291016,43.959999084472656,0.0,16400
2017-10-26,39.653343200683594,0.0,43.63999938964844,0.0,43.79999923706055,43.63999938964844,43.79999923706055,0.0,6600
2017-10-27,40.107669830322266,0.0,44.13999938964844,0.0,44.13999938964844,43.849998474121094,43.849998474121094,0.0,24200
2017-10-30,40.01681137084961,0.0,44.040000915527344,0.0,44.130001068115234,43.849998474121094,43.849998474121094,0.0,57400
2017-10-31,40.21670150756836,0.0,44.2599983215332,0.0,44.2599983215332,44.130001068115234,44.13999938964844,0.0,3700
2017-11-01,40.16218948364258,0.0,44.20000076293945,0.0,44.5099983215332,44.119998931884766,44.5099983215332,0.0,4500
2017-11-02,40.12583541870117,0.0,44.15999984741211,0.0,44.29999923706055,44.08000183105469,44.2400016784668,0.0,4200
2017-11-03,40.48021697998047,0.0,44.54999923706055,0.0,44.56999969482422,44.31999969482422,44.31999969482422,0.0,25100
2017-11-06,40.634700775146484,0.0,44.720001220703125,0.0,44.75,44.619998931884766,44.619998931884766,0.0,44800
2017-11-07,40.49838638305664,0.0,44.56999969482422,0.0,44.75,44.470001220703125,44.75,0.0,13100
2017-11-08,40.76190948486328,0.0,44.86000061035156,0.0,44.86000061035156,44.650001525878906,44.650001525878906,0.0,3800
2017-11-09,40.51655960083008,0.0,44.59000015258789,0.0,44.61000061035156,44.189998626708984,44.59000015258789,0.0,8500
2017-11-10,40.51655960083008,0.0,44.59000015258789,0.0,44.709999084472656,44.439998626708984,44.58000183105469,0.0,1900
2017-11-13,40.689208984375,0.0,44.779998779296875,0.0,44.81999969482422,44.63999938964844,44.63999938964844,0.0,5500
2017-11-14,40.65285873413086,0.0,44.7400016784668,0.0,44.83000183105469,44.650001525878906,44.779998779296875,0.0,4500
2017-11-15,40.425697326660156,0.0,44.4900016784668,0.0,44.66999816894531,44.400001525878906,44.66999816894531,0.0,4500
2017-11-16,40.84368133544922,0.0,44.95000076293945,0.0,44.9900016784668,44.7400016784668,44.7400016784668,0.0,17500
2017-11-17,40.76190948486328,0.0,44.86000061035156,0.0,45.040000915527344,44.779998779296875,45.040000915527344,0.0,27900
2017-11-20,40.77097702026367,0.0,44.869998931884766,0.0,45.0,44.84000015258789,44.97999954223633,0.0,8000
2017-11-21,41.11626434326172,0.0,45.25,0.0,45.29999923706055,45.20000076293945,45.20000076293945,0.0,2100
2017-11-22,40.979976654052734,0.0,45.099998474121094,0.0,45.400001525878906,45.060001373291016,45.400001525878906,0.0,5400
2017-11-24,41.25258255004883,0.0,45.400001525878906,0.0,45.400001525878906,45.189998626708984,45.29999923706055,0.0,15500
2017-11-27,41.24348068237305,0.0,45.38999938964844,0.0,45.439998626708984,45.279998779296875,45.400001525878906,0.0,7300
2017-11-28,41.23439407348633,0.0,45.380001068115234,0.0,45.779998779296875,44.08000183105469,45.439998626708984,0.0,29600
2017-11-29,40.62561798095703,0.0,44.709999084472656,0.0,45.41999816894531,44.56999969482422,45.41999816894531,0.0,6400
2017-11-30,41.107181549072266,0.0,45.2400016784668,0.0,45.2400016784668,44.77000045776367,44.900001525878906,0.0,13000
2017-12-01,40.943641662597656,0.0,45.060001373291016,0.0,45.220001220703125,44.279998779296875,45.209999084472656,0.0,12200
2017-12-04,40.316673278808594,0.0,44.369998931884766,0.0,45.45000076293945,43.5,45.45000076293945,0.0,19400
2017-12-05,40.32575607299805,0.0,44.380001068115234,0.0,44.79999923706055,44.380001068115234,44.599998474121094,0.0,2000
2017-12-06,40.543819427490234,0.0,44.619998931884766,0.0,44.619998931884766,44.38999938964844,44.38999938964844,0.0,700
2017-12-07,40.78007507324219,0.0,44.880001068115234,0.0,44.939998626708984,44.79999923706055,44.880001068115234,0.0,18800
2017-12-08,41.00723648071289,0.0,45.130001068115234,0.0,45.25,45.0,45.18000030517578,0.0,7200
2017-12-11,41.05266571044922,0.0,45.18000030517578,0.0,45.22999954223633,45.06999969482422,45.119998931884766,0.0,6000
2017-12-12,41.06174087524414,0.0,45.189998626708984,0.0,45.36000061035156,45.189998626708984,45.22999954223633,0.0,17400
2017-12-13,41.18895721435547,0.0,45.33000183105469,0.0,45.5099983215332,45.279998779296875,45.470001220703125,0.0,6000
2017-12-14,41.1707878112793,0.0,45.310001373291016,0.0,45.56999969482422,45.310001373291016,45.56999969482422,0.0,3900
2017-12-15,41.46155548095703,0.0,45.630001068115234,0.0,45.75,45.38999938964844,45.5099983215332,0.0,94400
2017-12-18,41.70107650756836,0.0,45.790000915527344,0.103,45.97999954223633,45.790000915527344,45.93000030517578,0.0,22200
2017-12-19,41.52804183959961,0.0,45.599998474121094,0.0,45.880001068115234,45.59000015258789,45.880001068115234,0.0,39500
2017-12-20,41.591796875,0.0,45.66999816894531,0.0,45.849998474121094,45.560001373291016,45.849998474121094,0.0,5000
2017-12-21,41.44607162475586,0.0,45.5099983215332,0.0,45.779998779296875,45.5099983215332,45.77000045776367,0.0,6900
2017-12-22,41.45518493652344,0.0,45.52000045776367,0.0,45.52000045776367,45.380001068115234,45.439998626708984,0.0,8600
2017-12-26,41.37322235107422,0.0,45.43000030517578,0.0,45.5099983215332,45.349998474121094,45.5099983215332,0.0,11100
2017-12-27,41.40964126586914,0.0,45.470001220703125,0.0,45.599998474121094,45.459999084472656,45.59000015258789,0.0,9800
2017-12-28,41.491607666015625,0.0,45.560001373291016,0.0,45.709999084472656,45.52000045776367,45.709999084472656,0.0,14500
2017-12-29,41.37322235107422,0.0,45.43000030517578,0.0,45.86000061035156,45.40999984741211,45.7599983215332,0.0,37900
2018-01-02,41.801239013671875,0.0,45.900001525878906,0.0,45.91999816894531,45.61000061035156,45.689998626708984,0.0,38600
2018-01-03,42.28391647338867,0.0,46.43000030517578,0.0,46.47999954223633,46.0099983215332,46.060001373291016,0.0,25600
2018-01-04,42.183738708496094,0.0,46.31999969482422,0.0,46.560001373291016,46.31999969482422,46.560001373291016,0.0,21400
2018-01-05,42.71195602416992,0.0,46.900001525878906,0.0,46.900001525878906,46.400001525878906,46.599998474121094,0.0,22400
2018-01-08,42.766597747802734,0.0,46.959999084472656,0.0,47.09000015258789,46.81999969482422,46.81999969482422,0.0,32300
2018-01-09,43.039794921875,0.0,47.2599983215332,0.0,47.47999954223633,46.95000076293945,47.47999954223633,0.0,25400
2018-01-10,42.80302047729492,0.0,47.0,0.0,47.08000183105469,46.68000030517578,47.08000183105469,0.0,16000
2018-01-11,43.01247787475586,0.0,47.22999954223633,0.0,47.22999954223633,46.95000076293945,47.150001525878906,0.0,9800
2018-01-12,43.33123779296875,0.0,47.58000183105469,0.0,47.61000061035156,47.22999954223633,47.279998779296875,0.0,15700
2018-01-16,43.25837326049805,0.0,47.5,0.0,48.13999938964844,47.5,47.900001525878906,0.0,44600
2018-01-17,43.859439849853516,0.0,48.15999984741211,0.0,48.16999816894531,47.70000076293945,47.77000045776367,0.0,45500
2018-01-18,43.713722229003906,0.0,48.0,0.0,48.279998779296875,48.0,48.279998779296875,0.0,60200
2018-01-19,44.08710861206055,0.0,48.40999984741211,0.0,48.41999816894531,48.27000045776367,48.310001373291016,0.0,13600
2018-01-22,44.478729248046875,0.0,48.84000015258789,0.0,48.84000015258789,48.40999984741211,48.459999084472656,0.0,25400
2018-01-23,44.89763641357422,0.0,49.29999923706055,0.0,49.310001373291016,49.060001373291016,49.060001373291016,0.0,11400
2018-01-24,44.82478332519531,0.0,49.220001220703125,0.0,49.43000030517578,48.91999816894531,49.369998931884766,0.0,38800
2018-01-25,44.861209869384766,0.0,49.2599983215332,0.0,49.459999084472656,49.13999938964844,49.380001068115234,0.0,77400
2018-01-26,45.507816314697266,0.0,49.970001220703125,0.0,50.02000045776367,49.5,49.59000015258789,0.0,27300
2018-01-29,45.198177337646484,0.0,49.630001068115234,0.0,50.06999969482422,49.599998474121094,50.0,0.0,45800
2018-01-30,44.84299850463867,0.0,49.2400016784668,0.0,49.41999816894531,49.08000183105469,49.15999984741211,0.0,13600
2018-01-31,45.02513885498047,0.0,49.439998626708984,0.0,49.70000076293945,49.29999923706055,49.63999938964844,0.0,12500
2018-02-01,44.688175201416016,0.0,49.06999969482422,0.0,49.47999954223633,48.9900016784668,49.2400016784668,0.0,22800
2018-02-02,43.89586639404297,0.0,48.20000076293945,0.0,48.959999084472656,48.20000076293945,48.93000030517578,0.0,31200
2018-02-05,42.49338912963867,0.0,46.65999984741211,0.0,48.38999938964844,46.25,47.75,0.0,52700
2018-02-06,43.12177276611328,0.0,47.349998474121094,0.0,47.400001525878906,45.06999969482422,45.439998626708984,0.0,42300
2018-02-07,42.93962860107422,0.0,47.150001525878906,0.0,48.06999969482422,47.150001525878906,47.349998474121094,0.0,22200
2018-02-08,41.11820983886719,0.0,45.150001525878906,0.0,47.380001068115234,45.150001525878906,47.380001068115234,0.0,40100
2018-02-09,41.87410354614258,0.0,45.97999954223633,0.0,46.220001220703125,44.45000076293945,45.709999084472656,0.0,30500
2018-02-12,42.65729904174805,0.0,46.84000015258789,0.0,46.900001525878906,46.099998474121094,46.54999923706055,0.0,9000
2018-02-13,42.702842712402344,0.0,46.88999938964844,0.0,46.97999954223633,46.5,46.560001373291016,0.0,11100
2018-02-14,43.36765670776367,0.0,47.619998931884766,0.0,47.65999984741211,46.61000061035156,46.61000061035156,0.0,9500
2018-02-15,43.99604034423828,0.0,48.310001373291016,0.0,48.310001373291016,47.650001525878906,47.810001373291016,0.0,24900
2018-02-16,44.16907501220703,0.0,48.5,0.0,48.58000183105469,48.310001373291016,48.310001373291016,0.0,11700
2018-02-20,43.93229675292969,0.0,48.2400016784668,0.0,48.70000076293945,48.18000030517578,48.18000030517578,0.0,8700
2018-02-21,43.78657913208008,0.0,48.08000183105469,0.0,48.900001525878906,48.08000183105469,48.40999984741211,0.0,13600
2018-02-22,43.83211135864258,0.0,48.130001068115234,0.0,48.41999816894531,48.08000183105469,48.349998474121094,0.0,39100
2018-02-23,44.54246139526367,0.0,48.90999984741211,0.0,48.90999984741211,48.22999954223633,48.34000015258789,0.0,8300
2018-02-26,45.03424835205078,0.0,49.45000076293945,0.0,49.470001220703125,49.04999923706055,49.150001525878906,0.0,52100
2018-02-27,44.58799743652344,0.0,48.959999084472656,0.0,49.540000915527344,48.959999084472656,49.540000915527344,0.0,12400
2018-02-28,44.333003997802734,0.0,48.68000030517578,0.0,49.2599983215332,48.619998931884766,49.13999938964844,0.0,11200
2018-03-01,43.53158187866211,0.0,47.79999923706055,0.0,48.709999084472656,47.5,48.709999084472656,0.0,10400
2018-03-02,43.82301330566406,0.0,48.119998931884766,0.0,48.119998931884766,47.0,47.15999984741211,0.0,23900
2018-03-05,44.26014709472656,0.0,48.599998474121094,0.0,48.66999816894531,47.75,47.75,0.0,9700
2018-03-06,44.478729248046875,0.0,48.84000015258789,0.0,48.880001068115234,48.58000183105469,48.7400016784668,0.0,6200
2018-03-07,44.59710693359375,0.0,48.970001220703125,0.0,48.970001220703125,48.33000183105469,48.33000183105469,0.0,11200
2018-03-08,44.84299850463867,0.0,49.2400016784668,0.0,49.2400016784668,49.02000045776367,49.099998474121094,0.0,13000
2018-03-09,45.6262092590332,0.0,50.099998474121094,0.0,50.099998474121094,49.529998779296875,49.529998779296875,0.0,9500
2018-03-12,45.653526306152344,0.0,50.130001068115234,0.0,50.29999923706055,50.0099983215332,50.20000076293945,0.0,71600
2018-03-13,45.407630920410156,0.0,49.86000061035156,0.0,50.5,49.650001525878906,50.29999923706055,0.0,15200
2018-03-14,45.207271575927734,0.0,49.63999938964844,0.0,49.9900016784668,49.56999969482422,49.9900016784668,0.0,7300
2018-03-15,45.18907165527344,0.0,49.619998931884766,0.0,49.81999969482422,49.599998474121094,49.7599983215332,0.0,3500
2018-03-16,45.32566452026367,0.0,49.77000045776367,0.0,49.869998931884766,49.68000030517578,49.869998931884766,0.0,10100
2018-03-19,44.48715591430664,0.0,48.810001373291016,0.04,49.560001373291016,48.5099983215332,49.560001373291016,0.0,20900
2018-03-20,44.86994934082031,0.0,49.22999954223633,0.0,49.310001373291016,48.970001220703125,48.970001220703125,0.0,7400
2018-03-21,44.79704284667969,0.0,49.150001525878906,0.0,49.43000030517578,49.04999923706055,49.16999816894531,0.0,15300
2018-03-22,43.61216735839844,0.0,47.849998474121094,0.0,48.54999923706055,47.83000183105469,48.4900016784668,0.0,12200
2018-03-23,42.855674743652344,0.0,47.02000045776367,0.0,47.93000030517578,46.90999984741211,47.880001068115234,0.0,40100
2018-03-26,43.96763229370117,0.0,48.2400016784668,0.0,48.34000015258789,47.2400016784668,47.540000915527344,0.0,15300
2018-03-27,42.44552230834961,0.0,46.56999969482422,0.0,48.45000076293945,46.56999969482422,48.45000076293945,0.0,6400
2018-03-28,42.36350631713867,0.0,46.47999954223633,0.0,47.0099983215332,46.31999969482422,46.7400016784668,0.0,20400
2018-03-29,43.302284240722656,0.0,47.5099983215332,0.0,47.66999816894531,46.58000183105469,46.7599983215332,0.0,10600
2018-04-02,42.09918975830078,0.0,46.189998626708984,0.0,47.310001373291016,45.70000076293945,47.189998626708984,0.0,14100
2018-04-03,42.5731315612793,0.0,46.709999084472656,0.0,46.7599983215332,46.2400016784668,46.52000045776367,0.0,39300
2018-04-04,43.13823318481445,0.0,47.33000183105469,0.0,47.4900016784668,45.84000015258789,45.84000015258789,0.0,27900
2018-04-05,43.52102279663086,0.0,47.75,0.0,47.86000061035156,47.43000030517578,47.61000061035156,0.0,11500
2018-04-06,42.33615493774414,0.0,46.45000076293945,0.0,47.43000030517578,46.2599983215332,47.150001525878906,0.0,39400
2018-04-09,42.75541305541992,0.0,46.90999984741211,0.0,47.38999938964844,46.880001068115234,46.880001068115234,0.0,9400
2018-04-10,43.284061431884766,0.0,47.4900016784668,0.0,47.54999923706055,47.20000076293945,47.400001525878906,0.0,13600
2018-04-11,43.0653190612793,0.0,47.25,0.0,47.7400016784668,47.25,47.27000045776367,0.0,19400
2018-04-12,43.56659698486328,0.0,47.79999923706055,0.0,47.91999816894531,47.630001068115234,47.70000076293945,0.0,7200
2018-04-13,43.23847961425781,0.0,47.439998626708984,0.0,47.9900016784668,47.439998626708984,47.9900016784668,0.0,26700
2018-04-16,43.64862060546875,0.0,47.88999938964844,0.0,47.959999084472656,47.779998779296875,47.869998931884766,0.0,28700
2018-04-17,44.5874137878418,0.0,48.91999816894531,0.0,48.91999816894531,48.29999923706055,48.36000061035156,0.0,25400
2018-04-18,44.75146484375,0.0,49.099998474121094,0.0,49.18000030517578,48.810001373291016,48.939998626708984,0.0,19400
2018-04-19,44.17726135253906,0.0,48.470001220703125,0.0,48.86000061035156,48.36000061035156,48.86000061035156,0.0,6000
2018-04-20,43.87648010253906,0.0,48.13999938964844,0.0,48.4900016784668,47.939998626708984,48.45000076293945,0.0,7400
2018-04-23,43.757999420166016,0.0,48.0099983215332,0.0,48.38999938964844,47.849998474121094,48.369998931884766,0.0,26700
2018-04-24,42.864776611328125,0.0,47.029998779296875,0.0,48.279998779296875,46.849998474121094,48.130001068115234,0.0,7000
2018-04-25,42.89214324951172,0.0,47.060001373291016,0.0,47.20000076293945,46.7400016784668,47.02000045776367,0.0,19100
2018-04-26,43.94029235839844,0.0,48.209999084472656,0.0,48.209999084472656,47.5,47.5,0.0,8300
2018-04-27,43.9129524230957,0.0,48.18000030517578,0.0,48.25,48.0,48.25,0.0,8000
2018-04-30,43.694190979003906,0.0,47.939998626708984,0.0,48.56999969482422,47.93000030517578,48.56999969482422,0.0,42500
2018-05-01,43.99496841430664,0.0,48.27000045776367,0.0,48.27000045776367,47.65999984741211,47.84000015258789,0.0,7000
2018-05-02,43.72153854370117,0.0,47.970001220703125,0.0,48.290000915527344,47.970001220703125,48.189998626708984,0.0,7400
2018-05-03,43.58481979370117,0.0,47.81999969482422,0.0,48.0,47.25,47.810001373291016,0.0,4500
2018-05-04,44.23194122314453,0.0,48.529998779296875,0.0,48.68000030517578,47.88999938964844,47.970001220703125,0.0,21400
2018-05-07,44.4506950378418,0.0,48.77000045776367,0.0,48.869998931884766,48.56999969482422,48.720001220703125,0.0,15300
2018-05-08,44.47802734375,0.0,48.79999923706055,0.0,48.79999923706055,48.61000061035156,48.7400016784668,0.0,9500
2018-05-09,44.72412109375,0.0,49.06999969482422,0.0,49.13999938964844,48.650001525878906,48.75,0.0,10700
2018-05-10,45.09779739379883,0.0,49.47999954223633,0.0,49.529998779296875,49.119998931884766,49.119998931884766,0.0,18200
2018-05-11,45.161598205566406,0.0,49.54999923706055,0.0,49.650001525878906,49.439998626708984,49.47999954223633,0.0,11100
2018-05-14,45.07958221435547,0.0,49.459999084472656,0.0,49.869998931884766,49.400001525878906,49.869998931884766,0.0,10400
2018-05-15,44.560062408447266,0.0,48.88999938964844,0.0,49.45000076293945,48.81999969482422,49.45000076293945,0.0,5600
2018-05-16,44.851722717285156,0.0,49.209999084472656,0.0,49.33000183105469,49.06999969482422,49.119998931884766,0.0,27600
2018-05-17,44.72412109375,0.0,49.06999969482422,0.0,49.279998779296875,48.90999984741211,49.119998931884766,0.0,15600
2018-05-18,44.76057434082031,0.0,49.11000061035156,0.0,49.18000030517578,48.97999954223633,49.08000183105469,0.0,15100
2018-05-21,44.933753967285156,0.0,49.29999923706055,0.0,49.61000061035156,49.189998626708984,49.61000061035156,0.0,10000
2018-05-22,44.614749908447266,0.0,48.95000076293945,0.0,49.65999984741211,48.95000076293945,49.65999984741211,0.0,45200
2018-05-23,45.17072677612305,0.0,49.560001373291016,0.0,49.560001373291016,48.779998779296875,48.779998779296875,0.0,16300
2018-05-24,45.20718002319336,0.0,49.599998474121094,0.0,49.720001220703125,49.40999984741211,49.63999938964844,0.0,5600
2018-05-25,45.28921127319336,0.0,49.689998626708984,0.0,49.790000915527344,49.630001068115234,49.630001068115234,0.0,15600
2018-05-29,45.10692596435547,0.0,49.4900016784668,0.0,49.720001220703125,49.20000076293945,49.720001220703125,0.0,17200
2018-05-30,45.717586517333984,0.0,50.15999984741211,0.0,50.20000076293945,49.75,49.75,0.0,29200
2018-05-31,45.480613708496094,0.0,49.900001525878906,0.0,50.06999969482422,49.7599983215332,50.0099983215332,0.0,40500
2018-06-01,45.927215576171875,0.0,50.38999938964844,0.0,50.41999816894531,50.08000183105469,50.099998474121094,0.0,25100
2018-06-04,46.30089569091797,0.0,50.79999923706055,0.0,50.810001373291016,50.56999969482422,50.66999816894531,0.0,6000
2018-06-05,46.382911682128906,0.0,50.88999938964844,0.0,51.13999938964844,50.790000915527344,51.13999938964844,0.0,40900
2018-06-06,46.847774505615234,0.0,51.400001525878906,0.0,51.400001525878906,50.91999816894531,51.06999969482422,0.0,25200
2018-06-07,46.51053237915039,0.0,51.029998779296875,0.0,51.52000045776367,50.81999969482422,51.5,0.0,27300
2018-06-08,46.802188873291016,0.0,51.349998474121094,0.0,51.349998474121094,50.91999816894531,50.91999816894531,0.0,32400
2018-06-11,46.802188873291016,0.0,51.349998474121094,0.0,51.61000061035156,51.33000183105469,51.61000061035156,0.0,17000
2018-06-12,47.102970123291016,0.0,51.68000030517578,0.0,51.689998626708984,51.400001525878906,51.5099983215332,0.0,15800
2018-06-13,47.06650161743164,0.0,51.63999938964844,0.0,51.93000030517578,51.599998474121094,51.7599983215332,0.0,33200
2018-06-14,47.294368743896484,0.0,51.88999938964844,0.0,51.97999954223633,51.72999954223633,51.97999954223633,0.0,111300
2018-06-15,47.339942932128906,0.0,51.939998626708984,0.0,52.13999938964844,51.68000030517578,52.13999938964844,0.0,19900
2018-06-18,47.341766357421875,0.0,51.81999969482422,0.122,51.81999969482422,51.439998626708984,51.59000015258789,0.0,19200
2018-06-19,47.11336898803711,0.0,51.56999969482422,0.0,51.630001068115234,51.25,51.459999084472656,0.0,16600
2018-06-20,47.414852142333984,0.0,51.900001525878906,0.0,52.040000915527344,51.79999923706055,51.79999923706055,0.0,15200
2018-06-21,47.095088958740234,0.0,51.54999923706055,0.0,52.0,51.45000076293945,52.0,0.0,8800
2018-06-22,46.967193603515625,0.0,51.40999984741211,0.0,51.84000015258789,51.290000915527344,51.84000015258789,0.0,12300
2018-06-25,45.98966598510742,0.0,50.34000015258789,0.0,51.209999084472656,49.900001525878906,51.209999084472656,0.0,30300
2018-06-26,46.21806335449219,0.0,50.59000015258789,0.0,50.77000045776367,50.400001525878906,50.560001373291016,0.0,25000
2018-06-27,45.62424087524414,0.0,49.939998626708984,0.0,50.939998626708984,49.880001068115234,50.79999923706055,0.0,24400
2018-06-28,46.081024169921875,0.0,50.439998626708984,0.0,50.439998626708984,49.68000030517578,49.79999923706055,0.0,18200
2018-06-29,46.43733215332031,0.0,50.83000183105469,0.0,51.130001068115234,50.72999954223633,50.72999954223633,0.0,14100
2018-07-02,46.5743522644043,0.0,50.97999954223633,0.0,50.97999954223633,50.5,50.560001373291016,0.0,54300
2018-07-03,46.14497375488281,0.0,50.5099983215332,0.0,50.939998626708984,50.5099983215332,50.91999816894531,0.0,46300
2018-07-05,46.54696273803711,0.0,50.95000076293945,0.0,50.9900016784668,50.619998931884766,50.75,0.0,21200
2018-07-06,47.2138671875,0.0,51.68000030517578,0.0,51.68000030517578,50.95000076293945,51.119998931884766,0.0,13200
2018-07-09,47.487937927246094,0.0,51.97999954223633,0.0,52.0,51.63999938964844,51.91999816894531,0.0,58200
2018-07-10,47.67979049682617,0.0,52.189998626708984,0.0,52.2599983215332,52.0099983215332,52.029998779296875,0.0,20400
2018-07-11,47.56101989746094,0.0,52.060001373291016,0.0,52.16999816894531,51.83000183105469,52.04999923706055,0.0,13200
2018-07-12,47.98126220703125,0.0,52.52000045776367,0.0,52.630001068115234,52.15999984741211,52.15999984741211,0.0,15800
2018-07-13,48.23707580566406,0.0,52.79999923706055,0.0,52.81999969482422,52.52000045776367,52.630001068115234,0.0,40800
2018-07-16,47.98126220703125,0.0,52.52000045776367,0.0,52.72999954223633,52.459999084472656,52.68000030517578,0.0,64700
2018-07-17,48.301021575927734,0.0,52.869998931884766,0.0,52.880001068115234,52.150001525878906,52.189998626708984,0.0,14300
2018-07-18,48.49287414550781,0.0,53.08000183105469,0.0,53.11000061035156,52.849998474121094,53.11000061035156,0.0,60400
2018-07-19,48.100040435791016,0.0,52.650001525878906,0.0,52.97999954223633,52.52000045776367,52.97999954223633,0.0,75300
2018-07-20,47.944725036621094,0.0,52.47999954223633,0.0,52.81999969482422,52.47999954223633,52.65999984741211,0.0,27200
2018-07-23,47.97213363647461,0.0,52.5099983215332,0.0,52.5099983215332,52.220001220703125,52.41999816894531,0.0,13700
2018-07-24,47.97213363647461,0.0,52.5099983215332,0.0,52.91999816894531,52.310001373291016,52.91999816894531,0.0,55600
2018-07-25,48.55683135986328,0.0,53.150001525878906,0.0,53.2599983215332,52.5,52.7400016784668,0.0,43000
2018-07-26,48.11830520629883,0.0,52.66999816894531,0.0,52.90999984741211,52.439998626708984,52.90999984741211,0.0,37300
2018-07-27,47.433128356933594,0.0,51.91999816894531,0.0,52.90999984741211,51.7400016784668,52.90999984741211,0.0,19900
2018-07-30,46.53782272338867,0.0,50.939998626708984,0.0,51.91999816894531,50.75,51.91999816894531,0.0,26400
2018-07-31,46.89411544799805,0.0,51.33000183105469,0.0,51.5099983215332,51.099998474121094,51.099998474121094,0.0,25900
2018-08-01,47.168190002441406,0.0,51.630001068115234,0.0,51.7400016784668,51.31999969482422,51.4900016784668,0.0,51100
2018-08-02,47.73461151123047,0.0,52.25,0.0,52.25,51.2599983215332,51.2599983215332,0.0,16400
2018-08-03,47.652381896972656,0.0,52.15999984741211,0.0,52.189998626708984,52.02000045776367,52.02000045776367,0.0,16300
2018-08-06,47.944725036621094,0.0,52.47999954223633,0.0,52.5099983215332,52.189998626708984,52.220001220703125,0.0,34100
2018-08-07,48.16398620605469,0.0,52.720001220703125,0.0,52.84000015258789,52.59000015258789,52.720001220703125,0.0,18900
2018-08-08,48.20967483520508,0.0,52.77000045776367,0.0,52.880001068115234,52.75,52.79999923706055,0.0,40400
2018-08-09,48.1913948059082,0.0,52.75,0.0,52.88999938964844,52.68000030517578,52.68000030517578,0.0,12800
2018-08-10,47.953861236572266,0.0,52.4900016784668,0.0,52.599998474121094,52.279998779296875,52.439998626708984,0.0,9900
2018-08-13,47.73461151123047,0.0,52.25,0.0,52.709999084472656,52.25,52.41999816894531,0.0,61800
2018-08-14,48.13657760620117,0.0,52.689998626708984,0.0,52.689998626708984,52.36000061035156,52.56999969482422,0.0,5700
2018-08-15,47.56101989746094,0.0,52.060001373291016,0.0,52.31999969482422,51.77000045776367,52.31999969482422,0.0,16500
2018-08-16,47.76201248168945,0.0,52.279998779296875,0.0,52.58000183105469,52.2599983215332,52.38999938964844,0.0,6600
2018-08-17,47.487937927246094,0.0,51.97999954223633,0.0,52.13999938964844,51.689998626708984,52.02000045776367,0.0,25500
2018-08-20,47.798561096191406,0.0,52.31999969482422,0.0,52.400001525878906,52.04999923706055,52.13999938964844,0.0,24100
2018-08-21,48.08176803588867,0.0,52.630001068115234,0.0,52.689998626708984,52.47999954223633,52.47999954223633,0.0,7400
2018-08-22,48.16398620605469,0.0,52.720001220703125,0.0,52.88999938964844,52.56999969482422,52.56999969482422,0.0,10300
2018-08-23,48.18225860595703,0.0,52.7400016784668,0.0,53.0,52.70000076293945,52.779998779296875,0.0,126200
2018-08-24,48.730411529541016,0.0,53.34000015258789,0.0,53.36000061035156,52.939998626708984,52.939998626708984,0.0,29000
2018-08-27,49.013614654541016,0.0,53.650001525878906,0.0,53.79999923706055,53.58000183105469,53.650001525878906,0.0,7500
2018-08-28,49.168922424316406,0.0,53.81999969482422,0.0,53.880001068115234,53.61000061035156,53.81999969482422,0.0,23500
2018-08-29,49.60744857788086,0.0,54.29999923706055,0.0,54.31999969482422,53.869998931884766,53.869998931884766,0.0,28100
2018-08-30,49.57090759277344,0.0,54.2599983215332,0.0,54.29999923706055,54.040000915527344,54.2400016784668,0.0,10300
2018-08-31,49.51608657836914,0.0,54.20000076293945,0.0,54.31999969482422,54.040000915527344,54.040000915527344,0.0,31800
2018-09-04,49.415584564208984,0.0,54.09000015258789,0.0,54.20000076293945,53.849998474121094,53.959999084472656,0.0,11500
2018-09-05,48.77608871459961,0.0,53.38999938964844,0.0,54.029998779296875,53.2599983215332,54.029998779296875,0.0,11300
2018-09-06,48.71214294433594,0.0,53.31999969482422,0.0,53.380001068115234,53.0,53.369998931884766,0.0,9300
2018-09-07,48.602508544921875,0.0,53.20000076293945,0.0,53.5,53.0,53.0,0.0,13500
2018-09-10,48.83090591430664,0.0,53.45000076293945,0.0,53.470001220703125,53.220001220703125,53.41999816894531,0.0,12300
2018-09-11,49.0501594543457,0.0,53.689998626708984,0.0,53.7599983215332,53.279998779296875,53.279998779296875,0.0,7000
2018-09-12,49.2237434387207,0.0,53.880001068115234,0.0,54.02000045776367,53.45000076293945,53.540000915527344,0.0,59700
2018-09-13,49.324241638183594,0.0,53.9900016784668,0.0,54.16999816894531,53.90999984741211,53.90999984741211,0.0,8700
2018-09-14,49.49782943725586,0.0,54.18000030517578,0.0,54.27000045776367,53.9900016784668,54.209999084472656,0.0,18600
2018-09-17,48.96794891357422,0.0,53.599998474121094,0.0,54.09000015258789,53.52000045776367,54.09000015258789,0.0,7200
2018-09-18,49.29683303833008,0.0,53.959999084472656,0.0,54.119998931884766,53.630001068115234,53.630001068115234,0.0,13800
2018-09-19,49.20547866821289,0.0,53.86000061035156,0.0,54.11000061035156,53.650001525878906,53.93000030517578,0.0,10600
2018-09-20,49.662261962890625,0.0,54.36000061035156,0.0,54.36000061035156,53.95000076293945,54.08000183105469,0.0,57400
2018-09-21,49.379051208496094,0.0,54.04999923706055,0.0,54.56999969482422,54.04999923706055,54.56999969482422,0.0,26900
2018-09-24,49.49436569213867,0.0,54.08000183105469,0.096,54.13999938964844,53.630001068115234,54.040000915527344,0.0,17900
2018-09-25,49.723175048828125,0.0,54.33000183105469,0.0,54.36000061035156,54.040000915527344,54.15999984741211,0.0,37100
2018-09-26,49.878761291503906,0.0,54.5,0.0,54.880001068115234,54.2599983215332,54.2599983215332,0.0,35500
2018-09-27,49.93367385864258,0.0,54.560001373291016,0.0,54.72999954223633,54.40999984741211,54.439998626708984,0.0,11900
2018-09-28,49.906219482421875,0.0,54.529998779296875,0.0,54.68000030517578,54.38999938964844,54.43000030517578,0.0,22600
2018-10-01,50.080108642578125,0.0,54.720001220703125,0.0,55.060001373291016,54.720001220703125,54.959999084472656,0.0,28500
2018-10-02,49.768924713134766,0.0,54.380001068115234,0.0,54.77000045776367,54.380001068115234,54.77000045776367,0.0,44000
2018-10-03,49.91537094116211,0.0,54.540000915527344,0.0,54.88999938964844,54.43000030517578,54.88999938964844,0.0,33100
2018-10-04,48.890342712402344,0.0,53.41999816894531,0.0,54.5,53.040000915527344,54.5,0.0,59700
2018-10-05,48.32291030883789,0.0,52.79999923706055,0.0,53.5,52.34000015258789,53.22999954223633,0.0,21200
2018-10-08,47.892765045166016,0.0,52.33000183105469,0.0,52.790000915527344,51.70000076293945,52.59000015258789,0.0,41100
2018-10-09,47.956825256347656,0.0,52.400001525878906,0.0,52.459999084472656,52.25,52.459999084472656,0.0,29800
2018-10-10,45.778629302978516,0.0,50.02000045776367,0.0,52.15999984741211,50.02000045776367,52.15999984741211,0.0,15900
2018-10-11,45.110538482666016,0.0,49.290000915527344,0.0,50.25,48.900001525878906,49.88999938964844,0.0,47200
2018-10-12,46.400970458984375,0.0,50.70000076293945,0.0,50.83000183105469,49.849998474121094,50.45000076293945,0.0,35600
2018-10-15,45.88844680786133,0.0,50.13999938964844,0.0,50.529998779296875,49.970001220703125,50.529998779296875,0.0,7000
2018-10-16,47.14229202270508,0.0,51.5099983215332,0.0,51.61000061035156,50.439998626708984,50.439998626708984,0.0,18200
2018-10-17,47.096519470214844,0.0,51.459999084472656,0.0,51.849998474121094,51.0,51.849998474121094,0.0,30600
2018-10-18,46.03488540649414,0.0,50.29999923706055,0.0,51.310001373291016,50.04999923706055,51.310001373291016,0.0,34800
2018-10-19,45.623050689697266,0.0,49.849998474121094,0.0,50.869998931884766,49.849998474121094,50.41999816894531,0.0,16700
2018-10-22,45.85185623168945,0.0,50.099998474121094,0.0,50.209999084472656,49.65999984741211,50.029998779296875,0.0,30100
2018-10-23,45.58644104003906,0.0,49.810001373291016,0.0,50.0,48.68000030517578,49.16999816894531,0.0,12600
2018-10-24,43.701107025146484,0.0,47.75,0.0,49.810001373291016,47.75,49.810001373291016,0.0,162400
2018-10-25,44.86341857910156,0.0,49.02000045776367,0.0,49.290000915527344,48.040000915527344,48.220001220703125,0.0,86400
2018-10-26,44.01227951049805,0.0,48.09000015258789,0.0,48.7400016784668,47.43000030517578,47.93000030517578,0.0,20200
2018-10-29,43.35334014892578,0.0,47.369998931884766,0.0,48.9900016784668,46.599998474121094,48.849998474121094,0.0,10700
2018-10-30,43.939064025878906,0.0,48.0099983215332,0.0,48.0099983215332,47.16999816894531,47.16999816894531,0.0,26800
2018-10-31,44.81766891479492,0.0,48.970001220703125,0.0,49.459999084472656,48.810001373291016,48.810001373291016,0.0,39300
2018-11-01,45.54982376098633,0.0,49.77000045776367,0.0,49.959999084472656,48.95000076293945,49.150001525878906,0.0,43200
2018-11-02,45.485774993896484,0.0,49.70000076293945,0.0,52.34000015258789,49.27000045776367,50.18000030517578,0.0,27400
2018-11-05,45.49490737915039,0.0,49.709999084472656,0.0,49.72999954223633,49.150001525878906,49.72999954223633,0.0,12500
2018-11-06,45.50407028198242,0.0,49.720001220703125,0.0,49.90999984741211,49.36000061035156,49.560001373291016,0.0,13900
2018-11-07,47.12398147583008,0.0,51.4900016784668,0.0,51.4900016784668,50.34000015258789,50.38999938964844,0.0,61200
2018-11-08,46.82196807861328,0.0,51.15999984741211,0.0,51.36000061035156,51.0099983215332,51.33000183105469,0.0,46100
2018-11-09,46.327754974365234,0.0,50.619998931884766,0.0,50.83000183105469,50.08000183105469,50.83000183105469,0.0,53800
2018-11-12,44.94579315185547,0.0,49.11000061035156,0.0,50.0,49.11000061035156,50.0,0.0,19300
2018-11-13,44.87257385253906,0.0,49.029998779296875,0.0,49.619998931884766,48.97999954223633,49.15999984741211,0.0,9400
2018-11-14,44.588871002197266,0.0,48.720001220703125,0.0,49.630001068115234,48.47999954223633,49.54999923706055,0.0,17200
2018-11-15,45.128841400146484,0.0,49.310001373291016,0.0,49.40999984741211,48.279998779296875,48.5,0.0,18800
2018-11-16,44.86341857910156,0.0,49.02000045776367,0.0,49.099998474121094,48.459999084472656,48.459999084472656,0.0,7600
2018-11-19,43.19773864746094,0.0,47.20000076293945,0.0,48.119998931884766,47.099998474121094,48.099998474121094,0.0,10900
2018-11-20,42.566253662109375,0.0,46.5099983215332,0.0,47.150001525878906,45.709999084472656,46.08000183105469,0.0,38400
2018-11-21,42.92318344116211,0.0,46.900001525878906,0.0,47.16999816894531,46.7599983215332,47.02000045776367,0.0,28200
2018-11-23,42.61201477050781,0.0,46.560001373291016,0.0,46.65999984741211,46.43000030517578,46.43000030517578,0.0,2400
2018-11-26,43.31673812866211,0.0,47.33000183105469,0.0,47.33000183105469,46.91999816894531,47.0,0.0,4900
2018-11-27,43.49062728881836,0.0,47.52000045776367,0.0,47.63999938964844,47.119998931884766,47.119998931884766,0.0,8200
2018-11-28,45.21119689941406,0.0,49.400001525878906,0.0,49.400001525878906,47.869998931884766,47.970001220703125,0.0,41700
2018-11-29,45.09223175048828,0.0,49.27000045776367,0.0,49.45000076293945,48.93000030517578,49.16999816894531,0.0,16900
2018-11-30,45.430850982666016,0.0,49.63999938964844,0.0,49.790000915527344,49.2400016784668,49.2400016784668,0.0,11600
2018-12-03,46.3003044128418,0.0,50.59000015258789,0.0,50.810001373291016,50.36000061035156,50.790000915527344,0.0,18700
2018-12-04,44.66207504272461,0.0,48.79999923706055,0.0,50.400001525878906,48.72999954223633,50.36000061035156,0.0,20600
2018-12-06,44.735294342041016,0.0,48.880001068115234,0.0,48.900001525878906,47.459999084472656,47.7400016784668,0.0,29100
2018-12-07,43.44485855102539,0.0,47.470001220703125,0.0,48.90999984741211,47.34000015258789,48.90999984741211,0.0,12900
2018-12-10,43.76517105102539,0.0,47.81999969482422,0.0,48.02000045776367,46.84000015258789,47.38999938964844,0.0,39600
2018-12-11,43.94822311401367,0.0,48.02000045776367,0.0,48.59000015258789,47.58000183105469,48.59000015258789,0.0,24200
2018-12-12,44.28683853149414,0.0,48.38999938964844,0.0,49.040000915527344,48.369998931884766,48.61000061035156,0.0,7900
2018-12-13,44.19532012939453,0.0,48.290000915527344,0.0,48.619998931884766,47.95000076293945,48.619998931884766,0.0,43800
2018-12-14,43.2068977355957,0.0,47.209999084472656,0.0,47.869998931884766,47.16999816894531,47.58000183105469,0.0,20000
2018-12-17,42.163551330566406,0.0,46.06999969482422,0.0,47.029998779296875,45.70000076293945,46.93000030517578,0.0,27400
2018-12-18,42.47473907470703,0.0,46.40999984741211,0.0,46.81999969482422,45.970001220703125,46.36000061035156,0.0,17400
2018-12-19,41.64189910888672,0.0,45.5,0.0,46.880001068115234,45.290000915527344,46.25,0.0,29900
2018-12-20,40.59856414794922,0.0,44.36000061035156,0.0,45.439998626708984,43.959999084472656,45.11000061035156,0.0,38500
2018-12-21,39.7108154296875,0.0,43.38999938964844,0.0,45.02000045776367,43.150001525878906,44.619998931884766,0.0,88300
2018-12-24,38.65956497192383,0.0,42.06999969482422,0.176,43.130001068115234,42.06999969482422,42.75,0.0,23700
2018-12-26,41.0579719543457,0.0,44.68000030517578,0.0,44.79999923706055,42.400001525878906,42.400001525878906,0.0,51200
2018-12-27,41.48067855834961,0.0,45.13999938964844,0.0,45.13999938964844,43.380001068115234,44.04999923706055,0.0,70500
2018-12-28,41.50825119018555,0.0,45.16999816894531,0.0,45.93000030517578,44.83000183105469,45.5,0.0,22600
2018-12-31,42.06879806518555,0.0,45.779998779296875,0.0,45.79999923706055,45.380001068115234,45.630001068115234,0.0,58000
2019-01-02,41.820682525634766,0.0,45.5099983215332,0.0,45.869998931884766,44.880001068115234,44.880001068115234,0.0,12300
2019-01-03,40.80984878540039,0.0,44.40999984741211,0.0,45.380001068115234,44.40999984741211,45.380001068115234,0.0,17100
2019-01-04,42.7120475769043,0.0,46.47999954223633,0.0,46.650001525878906,45.20000076293945,45.20000076293945,0.0,17900
2019-01-07,43.48395919799805,0.0,47.31999969482422,0.0,47.529998779296875,46.650001525878906,46.650001525878906,0.0,31700
2019-01-08,43.9893798828125,0.0,47.869998931884766,0.0,47.869998931884766,47.09000015258789,47.779998779296875,0.0,16400
2019-01-09,44.1915283203125,0.0,48.09000015258789,0.0,48.25,47.95000076293945,48.04999923706055,0.0,9800
2019-01-10,44.46720504760742,0.0,48.38999938964844,0.0,48.5,47.619998931884766,47.619998931884766,0.0,31300
2019-01-11,44.494773864746094,0.0,48.41999816894531,0.0,48.439998626708984,48.0099983215332,48.16999816894531,0.0,18600
2019-01-14,44.15476989746094,0.0,48.04999923706055,0.0,48.2400016784668,47.90999984741211,48.0099983215332,0.0,10500
2019-01-15,44.74289321899414,0.0,48.689998626708984,0.0,48.70000076293945,48.279998779296875,48.43000030517578,0.0,24900
2019-01-16,44.73371124267578,0.0,48.68000030517578,0.0,48.95000076293945,48.65999984741211,48.79999923706055,0.0,14100
2019-01-17,45.06452941894531,0.0,49.040000915527344,0.0,49.09000015258789,48.5,48.5,0.0,72000
2019-01-18,45.38613510131836,0.0,49.38999938964844,0.0,49.63999938964844,49.0,49.470001220703125,0.0,65200
2019-01-22,44.843971252441406,0.0,48.79999923706055,0.0,49.2599983215332,48.369998931884766,49.2599983215332,0.0,73400
2019-01-23,44.77047348022461,0.0,48.720001220703125,0.0,49.08000183105469,48.16999816894531,48.93000030517578,0.0,40600
2019-01-24,44.77964782714844,0.0,48.72999954223633,0.0,48.95000076293945,48.58000183105469,48.849998474121094,0.0,15400
2019-01-25,45.18397521972656,0.0,49.16999816894531,0.0,49.369998931884766,49.029998779296875,49.08000183105469,0.0,40200
2019-01-28,44.77964782714844,0.0,48.72999954223633,0.0,48.93000030517578,48.33000183105469,48.93000030517578,0.0,67900
2019-01-29,44.421268463134766,0.0,48.34000015258789,0.0,48.810001373291016,48.2599983215332,48.810001373291016,0.0,16600
2019-01-30,45.34020233154297,0.0,49.34000015258789,0.0,49.63999938964844,48.689998626708984,48.77000045776367,0.0,18400
2019-01-31,45.91913604736328,0.0,49.970001220703125,0.0,50.119998931884766,49.380001068115234,49.400001525878906,0.0,24300
2019-02-01,46.06615447998047,0.0,50.130001068115234,0.0,50.439998626708984,49.900001525878906,49.900001525878906,0.0,6000
2019-02-04,46.45211410522461,0.0,50.54999923706055,0.0,50.59000015258789,50.130001068115234,50.130001068115234,0.0,102300
2019-02-05,46.92995071411133,0.0,51.06999969482422,0.0,51.08000183105469,50.7400016784668,50.7400016784668,0.0,49900
2019-02-06,46.73698806762695,0.0,50.86000061035156,0.0,51.040000915527344,50.599998474121094,51.040000915527344,0.0,21000
2019-02-07,46.249942779541016,0.0,50.33000183105469,0.0,50.599998474121094,50.0,50.43000030517578,0.0,17200
2019-02-08,46.49805450439453,0.0,50.599998474121094,0.0,50.599998474121094,49.93000030517578,49.93000030517578,0.0,49100
2019-02-11,46.5256233215332,0.0,50.630001068115234,0.0,50.86000061035156,50.529998779296875,50.75,0.0,60100
2019-02-12,47.26995086669922,0.0,51.439998626708984,0.0,51.4900016784668,51.11000061035156,51.11000061035156,0.0,28200
2019-02-13,47.47212219238281,0.0,51.65999984741211,0.0,51.790000915527344,51.52000045776367,51.650001525878906,0.0,25600
2019-02-14,47.49050521850586,0.0,51.68000030517578,0.0,51.88999938964844,51.25,51.439998626708984,0.0,37300
2019-02-15,47.8121223449707,0.0,52.029998779296875,0.0,52.119998931884766,51.83000183105469,52.119998931884766,0.0,18700
2019-02-19,47.913211822509766,0.0,52.13999938964844,0.0,52.33000183105469,51.97999954223633,51.97999954223633,0.0,31100
2019-02-20,47.83050537109375,0.0,52.04999923706055,0.0,52.34000015258789,51.970001220703125,52.20000076293945,0.0,38400
2019-02-21,47.67430114746094,0.0,51.880001068115234,0.0,52.060001373291016,51.689998626708984,52.040000915527344,0.0,79400
2019-02-22,48.15214157104492,0.0,52.400001525878906,0.0,52.470001220703125,52.02000045776367,52.02000045776367,0.0,24500
2019-02-25,48.317543029785156,0.0,52.58000183105469,0.0,52.810001373291016,52.52000045776367,52.7400016784668,0.0,25800
2019-02-26,48.207271575927734,0.0,52.459999084472656,0.0,52.66999816894531,52.310001373291016,52.310001373291016,0.0,12000
2019-02-27,48.40944290161133,0.0,52.68000030517578,0.0,52.7599983215332,52.189998626708984,52.369998931884766,0.0,14200
2019-02-28,48.198089599609375,0.0,52.45000076293945,0.0,52.709999084472656,52.369998931884766,52.630001068115234,0.0,45600
2019-03-01,48.694305419921875,0.0,52.9900016784668,0.0,52.9900016784668,52.54999923706055,52.75,0.0,73700
2019-03-04,48.09700012207031,0.0,52.34000015258789,0.0,53.18000030517578,51.84000015258789,53.18000030517578,0.0,143900
2019-03-05,47.95915603637695,0.0,52.189998626708984,0.0,52.400001525878906,52.15999984741211,52.400001525878906,0.0,50000
2019-03-06,47.62833786010742,0.0,51.83000183105469,0.0,52.38999938964844,51.779998779296875,52.220001220703125,0.0,20900
2019-03-07,47.08617401123047,0.0,51.2400016784668,0.0,51.790000915527344,51.11000061035156,51.790000915527344,0.0,16000
2019-03-08,47.07699203491211,0.0,51.22999954223633,0.0,51.2599983215332,50.72999954223633,50.77000045776367,0.0,26900
2019-03-11,47.766178131103516,0.0,51.97999954223633,0.0,52.040000915527344,51.2599983215332,51.2599983215332,0.0,61000
2019-03-12,47.848899841308594,0.0,52.06999969482422,0.0,52.25,51.939998626708984,52.04999923706055,0.0,10000
2019-03-13,48.188899993896484,0.0,52.439998626708984,0.0,52.79999923706055,52.209999084472656,52.209999084472656,0.0,15900
2019-03-14,48.28997802734375,0.0,52.54999923706055,0.0,52.68000030517578,52.459999084472656,52.54999923706055,0.0,18500
2019-03-15,48.52889633178711,0.0,52.810001373291016,0.0,52.939998626708984,52.560001373291016,52.650001525878906,0.0,10800
2019-03-18,48.6356315612793,0.0,52.86000061035156,0.066,53.02000045776367,52.599998474121094,52.83000183105469,0.0,37700
2019-03-19,48.74603271484375,0.0,52.97999954223633,0.0,53.209999084472656,52.709999084472656,53.04999923706055,0.0,26500
2019-03-20,48.83804702758789,0.0,53.08000183105469,0.0,53.279998779296875,52.56999969482422,52.970001220703125,0.0,33600
2019-03-21,49.45450210571289,0.0,53.75,0.0,53.849998474121094,52.810001373291016,52.95000076293945,0.0,32100
2019-03-22,48.424015045166016,0.0,52.630001068115234,0.0,53.529998779296875,52.56999969482422,53.40999984741211,0.0,19200
2019-03-25,48.368804931640625,0.0,52.56999969482422,0.0,52.689998626708984,52.279998779296875,52.459999084472656,0.0,13400
2019-03-26,48.810455322265625,0.0,53.04999923706055,0.0,53.25,52.75,53.08000183105469,0.0,24000
2019-03-27,48.543617248535156,0.0,52.7599983215332,0.0,53.099998474121094,52.31999969482422,53.099998474121094,0.0,17000
2019-03-28,48.644832611083984,0.0,52.869998931884766,0.0,53.060001373291016,52.560001373291016,52.790000915527344,0.0,27300
2019-03-29,49.1048698425293,0.0,53.369998931884766,0.0,53.439998626708984,53.15999984741211,53.29999923706055,0.0,13300
2019-04-01,49.702945709228516,0.0,54.02000045776367,0.0,54.150001525878906,53.79999923706055,53.86000061035156,0.0,23400
2019-04-02,50.01576614379883,0.0,54.36000061035156,0.0,54.36000061035156,53.970001220703125,54.11000061035156,0.0,26500
2019-04-03,50.0893669128418,0.0,54.439998626708984,0.0,54.79999923706055,54.38999938964844,54.56999969482422,0.0,71000
2019-04-04,49.96055221557617,0.0,54.29999923706055,0.0,54.709999084472656,53.959999084472656,54.40999984741211,0.0,46800
2019-04-05,50.32858657836914,0.0,54.70000076293945,0.0,54.709999084472656,54.47999954223633,54.47999954223633,0.0,40000
2019-04-08,50.29178237915039,0.0,54.65999984741211,0.0,54.7400016784668,54.33000183105469,54.56999969482422,0.0,33100
2019-04-09,50.02495193481445,0.0,54.369998931884766,0.0,54.560001373291016,54.33000183105469,54.38999938964844,0.0,13500
2019-04-10,50.3377799987793,0.0,54.709999084472656,0.0,54.7400016784668,54.5,54.5099983215332,0.0,15100
2019-04-11,50.319374084472656,0.0,54.689998626708984,0.0,54.970001220703125,54.540000915527344,54.970001220703125,0.0,704000
2019-04-12,50.41140365600586,0.0,54.790000915527344,0.0,54.900001525878906,54.72999954223633,54.900001525878906,0.0,14500
2019-04-15,50.3837890625,0.0,54.7599983215332,0.0,54.900001525878906,54.52000045776367,54.900001525878906,0.0,15000
2019-04-16,50.41140365600586,0.0,54.790000915527344,0.0,55.0099983215332,54.59000015258789,55.0,0.0,17200
2019-04-17,50.034156799316406,0.0,54.380001068115234,0.0,55.060001373291016,54.279998779296875,55.060001373291016,0.0,20200
2019-04-18,50.080169677734375,0.0,54.43000030517578,0.0,54.4900016784668,54.08000183105469,54.459999084472656,0.0,56800
2019-04-22,50.15376281738281,0.0,54.5099983215332,0.0,54.540000915527344,54.130001068115234,54.209999084472656,0.0,14100
2019-04-23,50.76102066040039,0.0,55.16999816894531,0.0,55.220001220703125,54.560001373291016,54.560001373291016,0.0,47600
2019-04-24,50.52180099487305,0.0,54.90999984741211,0.0,55.29999923706055,54.90999984741211,55.29999923706055,0.0,22200
2019-04-25,50.632205963134766,0.0,55.029998779296875,0.0,55.16999816894531,54.709999084472656,55.11000061035156,0.0,16700
2019-04-26,50.751827239990234,0.0,55.15999984741211,0.0,55.220001220703125,54.5,54.790000915527344,0.0,30800
2019-04-29,50.641414642333984,0.0,55.040000915527344,0.0,55.25,55.029998779296875,55.150001525878906,0.0,62000
2019-04-30,50.7058219909668,0.0,55.11000061035156,0.0,55.20000076293945,55.0,55.130001068115234,0.0,2250900
2019-05-01,50.494205474853516,0.0,54.880001068115234,0.0,55.459999084472656,54.7599983215332,55.459999084472656,0.0,148700
2019-05-02,50.319374084472656,0.0,54.689998626708984,0.0,55.0,54.279998779296875,54.72999954223633,0.0,221700
2019-05-03,51.04624938964844,0.0,55.47999954223633,0.0,55.47999954223633,55.02000045776367,55.09000015258789,0.0,92700
2019-05-06,50.80702590942383,0.0,55.220001220703125,0.0,55.310001373291016,54.060001373291016,54.41999816894531,0.0,18800
2019-05-07,49.67533493041992,0.0,53.9900016784668,0.0,54.54999923706055,53.720001220703125,54.5,0.0,42900
2019-05-08,49.77653503417969,0.0,54.099998474121094,0.0,54.43000030517578,54.0,54.0099983215332,0.0,16300
2019-05-09,49.67533493041992,0.0,53.9900016784668,0.0,54.02000045776367,53.189998626708984,53.540000915527344,0.0,59900
2019-05-10,49.794921875,0.0,54.119998931884766,0.0,54.31999969482422,53.11000061035156,53.630001068115234,0.0,29200
2019-05-13,48.27679443359375,0.0,52.470001220703125,0.0,53.0,52.400001525878906,52.900001525878906,0.0,22500
2019-05-14,48.8564567565918,0.0,53.099998474121094,0.0,53.439998626708984,52.84000015258789,53.0,0.0,35500
2019-05-15,49.472904205322266,0.0,53.77000045776367,0.0,53.83000183105469,52.849998474121094,52.849998474121094,0.0,18900
2019-05-16,49.92375183105469,0.0,54.2599983215332,0.0,54.560001373291016,54.029998779296875,54.029998779296875,0.0,46900
2019-05-17,49.546512603759766,0.0,53.849998474121094,0.0,54.41999816894531,53.779998779296875,53.779998779296875,0.0,19000
2019-05-20,49.04047393798828,0.0,53.29999923706055,0.0,53.63999938964844,53.15999984741211,53.63999938964844,0.0,12100
2019-05-21,49.5189094543457,0.0,53.81999969482422,0.0,53.970001220703125,53.61000061035156,53.619998931884766,0.0,17600
2019-05-22,49.307308197021484,0.0,53.59000015258789,0.0,53.79999923706055,53.52000045776367,53.58000183105469,0.0,42100
2019-05-23,48.59882354736328,0.0,52.81999969482422,0.0,53.09000015258789,52.59000015258789,53.04999923706055,0.0,20700
2019-05-24,48.72762680053711,0.0,52.959999084472656,0.0,53.2599983215332,52.939998626708984,53.150001525878906,0.0,10600
2019-05-28,48.552825927734375,0.0,52.77000045776367,0.0,53.47999954223633,52.68000030517578,53.15999984741211,0.0,20800
2019-05-29,48.111183166503906,0.0,52.290000915527344,0.0,52.59000015258789,52.029998779296875,52.40999984741211,0.0,31000
2019-05-30,48.424015045166016,0.0,52.630001068115234,0.0,52.75,52.43000030517578,52.43000030517578,0.0,51300
2019-05-31,47.59592819213867,0.0,51.72999954223633,0.0,52.08000183105469,51.70000076293945,52.0099983215332,0.0,22600
2019-06-03,46.94268035888672,0.0,51.02000045776367,0.0,51.90999984741211,50.75,51.68000030517578,0.0,406200
2019-06-04,48.32279586791992,0.0,52.52000045776367,0.0,52.52000045776367,51.439998626708984,51.540000915527344,0.0,14900
2019-06-05,48.966854095458984,0.0,53.220001220703125,0.0,53.220001220703125,52.65999984741211,53.040000915527344,0.0,37000
2019-06-06,49.18767547607422,0.0,53.459999084472656,0.0,53.58000183105469,53.06999969482422,53.310001373291016,0.0,12600
2019-06-07,49.99736022949219,0.0,54.34000015258789,0.0,54.529998779296875,53.77000045776367,53.77000045776367,0.0,14600
2019-06-10,50.10776138305664,0.0,54.459999084472656,0.0,54.88999938964844,54.41999816894531,54.59000015258789,0.0,307700
2019-06-11,50.02495193481445,0.0,54.369998931884766,0.0,54.939998626708984,54.16999816894531,54.880001068115234,0.0,29300
2019-06-12,49.88694381713867,0.0,54.220001220703125,0.0,54.5099983215332,54.11000061035156,54.33000183105469,0.0,180100
2019-06-13,49.92375183105469,0.0,54.2599983215332,0.0,54.529998779296875,54.16999816894531,54.529998779296875,0.0,15000
2019-06-14,49.92375183105469,0.0,54.2599983215332,0.0,54.43000030517578,54.02000045776367,54.43000030517578,0.0,13300
2019-06-17,50.11696243286133,0.0,54.470001220703125,0.0,54.61000061035156,54.470001220703125,54.58000183105469,0.0,16000
2019-06-18,50.55860137939453,0.0,54.95000076293945,0.0,55.209999084472656,54.900001525878906,55.0,0.0,16200
2019-06-19,50.88063430786133,0.0,55.29999923706055,0.0,55.400001525878906,54.90999984741211,55.029998779296875,0.0,10100
2019-06-20,51.57990264892578,0.0,56.060001373291016,0.0,56.13999938964844,55.63999938964844,56.0,0.0,7900
2019-06-21,51.405086517333984,0.0,55.869998931884766,0.0,55.9900016784668,55.790000915527344,55.95000076293945,0.0,12900
2019-06-24,50.967140197753906,0.0,55.279998779296875,0.115,55.810001373291016,54.4900016784668,55.810001373291016,0.0,40600
2019-06-25,50.506141662597656,0.0,54.779998779296875,0.0,55.16999816894531,54.779998779296875,55.099998474121094,0.0,16600
2019-06-26,50.930267333984375,0.0,55.2400016784668,0.0,55.349998474121094,55.150001525878906,55.34000015258789,0.0,24900
2019-06-27,51.363590240478516,0.0,55.709999084472656,0.0,55.77000045776367,55.5099983215332,55.630001068115234,0.0,28000
2019-06-28,51.76927185058594,0.0,56.150001525878906,0.0,56.2400016784668,55.900001525878906,55.91999816894531,0.0,30500
2019-07-01,52.3316764831543,0.0,56.7599983215332,0.0,57.43000030517578,56.5099983215332,57.209999084472656,0.0,190300
2019-07-02,52.018192291259766,0.0,56.41999816894531,0.0,56.72999954223633,56.220001220703125,56.63999938964844,0.0,52600
2019-07-03,52.3962287902832,0.0,56.83000183105469,0.0,56.849998474121094,56.52000045776367,56.59000015258789,0.0,40200
2019-07-05,52.22105026245117,0.0,56.63999938964844,0.0,56.7599983215332,56.36000061035156,56.45000076293945,0.0,11100
2019-07-08,51.87068176269531,0.0,56.2599983215332,0.0,56.5,56.099998474121094,56.16999816894531,0.0,44400
2019-07-09,51.962886810302734,0.0,56.36000061035156,0.0,56.380001068115234,55.88999938964844,55.88999938964844,0.0,28000
2019-07-10,52.06429672241211,0.0,56.470001220703125,0.0,56.900001525878906,56.400001525878906,56.7400016784668,0.0,20300
2019-07-11,52.28557586669922,0.0,56.709999084472656,0.0,56.720001220703125,56.25,56.540000915527344,0.0,14900
2019-07-12,52.99550247192383,0.0,57.47999954223633,0.0,57.54999923706055,56.88999938964844,56.9900016784668,0.0,20100
2019-07-15,52.86642837524414,0.0,57.34000015258789,0.0,57.61000061035156,57.13999938964844,57.61000061035156,0.0,10100
2019-07-16,52.94017791748047,0.0,57.41999816894531,0.0,57.63999938964844,57.25,57.40999984741211,0.0,20700
2019-07-17,52.5068473815918,0.0,56.95000076293945,0.0,57.470001220703125,56.93000030517578,57.470001220703125,0.0,44000
2019-07-18,52.783451080322266,0.0,57.25,0.0,57.470001220703125,56.810001373291016,56.810001373291016,0.0,20500
2019-07-19,52.83876419067383,0.0,57.310001373291016,0.0,57.81999969482422,57.310001373291016,57.619998931884766,0.0,9100
2019-07-22,53.08769989013672,0.0,57.58000183105469,0.0,57.779998779296875,57.43000030517578,57.599998474121094,0.0,20700
2019-07-23,53.484134674072266,0.0,58.0099983215332,0.0,58.130001068115234,57.66999816894531,57.79999923706055,0.0,38800
2019-07-24,54.175636291503906,0.0,58.7599983215332,0.0,58.95000076293945,58.09000015258789,58.09000015258789,0.0,99000
2019-07-25,53.51181411743164,0.0,58.040000915527344,0.0,58.650001525878906,57.91999816894531,58.650001525878906,0.0,80500
2019-07-26,53.85293960571289,0.0,58.40999984741211,0.0,58.52000045776367,58.220001220703125,58.220001220703125,0.0,15700
2019-07-29,53.60400390625,0.0,58.13999938964844,0.0,58.4900016784668,57.900001525878906,58.4900016784668,0.0,33400
2019-07-30,53.5486946105957,0.0,58.08000183105469,0.0,58.15999984741211,57.54999923706055,57.75,0.0,15000
2019-07-31,52.89407730102539,0.0,57.369998931884766,0.0,58.09000015258789,56.75,58.029998779296875,0.0,46000
2019-08-01,51.879913330078125,0.0,56.27000045776367,0.0,58.0,56.189998626708984,57.2599983215332,0.0,124200
2019-08-02,51.1607666015625,0.0,55.4900016784668,0.0,56.130001068115234,55.2400016784668,56.099998474121094,0.0,40400
2019-08-05,49.38132858276367,0.0,53.560001373291016,0.0,55.0,52.959999084472656,55.0,0.0,55500
2019-08-06,49.95296859741211,0.0,54.18000030517578,0.0,54.209999084472656,53.47999954223633,53.959999084472656,0.0,120300
2019-08-07,50.02671813964844,0.0,54.2599983215332,0.0,54.34000015258789,53.02000045776367,53.54999923706055,0.0,47200
2019-08-08,51.105430603027344,0.0,55.43000030517578,0.0,55.619998931884766,54.58000183105469,54.59000015258789,0.0,40600
2019-08-09,50.22954559326172,0.0,54.47999954223633,0.0,55.040000915527344,54.220001220703125,55.040000915527344,0.0,19700
2019-08-12,49.344459533691406,0.0,53.52000045776367,0.0,54.150001525878906,53.27000045776367,54.11000061035156,0.0,11000
2019-08-13,50.22032928466797,0.0,54.470001220703125,0.0,55.029998779296875,53.2400016784668,53.41999816894531,0.0,27800
2019-08-14,48.42247009277344,0.0,52.52000045776367,0.0,53.529998779296875,52.459999084472656,53.529998779296875,0.0,29500
2019-08-15,48.38558578491211,0.0,52.47999954223633,0.0,52.77000045776367,52.04999923706055,52.77000045776367,0.0,12100
2019-08-16,49.27991485595703,0.0,53.45000076293945,0.0,53.59000015258789,52.86000061035156,52.90999984741211,0.0,17500
2019-08-19,50.082035064697266,0.0,54.31999969482422,0.0,54.52000045776367,54.189998626708984,54.349998474121094,0.0,25200
2019-08-20,49.648704528808594,0.0,53.849998474121094,0.0,54.209999084472656,53.849998474121094,54.09000015258789,0.0,31700
2019-08-21,50.128135681152344,0.0,54.369998931884766,0.0,54.5,54.290000915527344,54.38999938964844,0.0,12300
2019-08-22,50.238765716552734,0.0,54.4900016784668,0.0,54.720001220703125,54.150001525878906,54.58000183105469,0.0,29500
2019-08-23,48.66218948364258,0.0,52.779998779296875,0.0,54.34000015258789,52.61000061035156,53.93000030517578,0.0,23200
2019-08-26,49.10474395751953,0.0,53.2599983215332,0.0,53.43000030517578,52.939998626708984,53.36000061035156,0.0,37600
2019-08-27,48.63452911376953,0.0,52.75,0.0,53.560001373291016,52.70000076293945,53.470001220703125,0.0,18200
2019-08-28,49.21537780761719,0.0,53.380001068115234,0.0,53.380001068115234,52.470001220703125,52.560001373291016,0.0,10200
2019-08-29,50.07282257080078,0.0,54.310001373291016,0.0,54.72999954223633,53.54999923706055,53.880001068115234,0.0,46600
2019-08-30,50.02671813964844,0.0,54.2599983215332,0.0,54.58000183105469,54.029998779296875,54.529998779296875,0.0,51600
2019-09-03,49.53806686401367,0.0,53.72999954223633,0.0,54.04999923706055,53.349998474121094,53.84000015258789,0.0,375400
2019-09-04,50.2572021484375,0.0,54.5099983215332,0.0,54.7599983215332,54.209999084472656,54.33000183105469,0.0,8100
2019-09-05,51.52033615112305,0.0,55.880001068115234,0.0,56.310001373291016,54.900001525878906,55.25,0.0,38000
2019-09-06,51.61253356933594,0.0,55.97999954223633,0.0,56.290000915527344,55.709999084472656,55.95000076293945,0.0,11200
2019-09-09,52.21181869506836,0.0,56.630001068115234,0.0,56.68000030517578,56.20000076293945,56.20000076293945,0.0,44400
2019-09-10,52.801883697509766,0.0,57.27000045776367,0.0,57.27000045776367,56.5099983215332,56.59000015258789,0.0,132400
2019-09-11,53.20755386352539,0.0,57.709999084472656,0.0,57.77000045776367,55.0,57.130001068115234,0.0,35900
2019-09-12,53.152244567871094,0.0,57.650001525878906,0.0,57.95000076293945,57.36000061035156,57.88999938964844,0.0,41100
2019-09-13,53.30897521972656,0.0,57.81999969482422,0.0,58.04999923706055,57.77000045776367,57.84000015258789,0.0,41000
2019-09-16,53.244441986083984,0.0,57.75,0.0,57.86000061035156,57.29999923706055,57.400001525878906,0.0,27600
2019-09-17,53.12458038330078,0.0,57.619998931884766,0.0,57.689998626708984,57.349998474121094,57.439998626708984,0.0,16800
2019-09-18,52.97706604003906,0.0,57.459999084472656,0.0,57.47999954223633,56.81999969482422,57.439998626708984,0.0,32500
2019-09-19,52.89407730102539,0.0,57.369998931884766,0.0,57.75,57.369998931884766,57.709999084472656,0.0,21300
2019-09-20,52.57139205932617,0.0,57.02000045776367,0.0,57.709999084472656,57.0,57.529998779296875,0.0,41300
2019-09-23,52.77954864501953,0.0,57.04999923706055,0.195,57.29999923706055,56.52000045776367,56.81999969482422,0.0,29000
2019-09-24,52.15970230102539,0.0,56.380001068115234,0.0,57.279998779296875,56.16999816894531,57.25,0.0,22000
2019-09-25,52.70554733276367,0.0,56.970001220703125,0.0,57.029998779296875,56.130001068115234,56.54999923706055,0.0,8300
2019-09-26,52.344730377197266,0.0,56.58000183105469,0.0,56.9900016784668,56.439998626708984,56.9900016784668,0.0,12500
2019-09-27,51.75263595581055,0.0,55.939998626708984,0.0,56.61000061035156,55.939998626708984,56.599998474121094,0.0,116100
2019-09-30,52.19670104980469,0.0,56.41999816894531,0.0,56.70000076293945,56.16999816894531,56.16999816894531,0.0,43700
2019-10-01,51.336334228515625,0.0,55.4900016784668,0.0,57.59000015258789,55.22999954223633,56.52000045776367,0.0,36200
2019-10-02,50.34642028808594,0.0,54.41999816894531,0.0,55.08000183105469,54.060001373291016,55.08000183105469,0.0,35600
2019-10-03,50.67021179199219,0.0,54.77000045776367,0.0,54.83000183105469,53.61000061035156,54.41999816894531,0.0,31500
2019-10-04,51.3455696105957,0.0,55.5,0.0,55.5,54.95000076293945,55.0099983215332,0.0,13600
2019-10-07,51.23456573486328,0.0,55.380001068115234,0.0,55.709999084472656,55.22999954223633,55.33000183105469,0.0,17300
2019-10-08,50.10587692260742,0.0,54.15999984741211,0.0,54.779998779296875,54.040000915527344,54.779998779296875,0.0,25300
2019-10-09,50.70722198486328,0.0,54.810001373291016,0.0,55.16999816894531,54.65999984741211,54.7400016784668,0.0,10200
2019-10-10,51.20680236816406,0.0,55.349998474121094,0.0,55.56999969482422,54.84000015258789,54.84000015258789,0.0,9200
2019-10-11,52.23371505737305,0.0,56.459999084472656,0.0,57.0,56.13999938964844,56.13999938964844,0.0,15400
2019-10-14,52.15044403076172,0.0,56.369998931884766,0.0,56.61000061035156,56.220001220703125,56.349998474121094,0.0,6300
2019-10-15,53.11259460449219,0.0,57.40999984741211,0.0,57.54999923706055,56.91999816894531,57.0,0.0,10800
2019-10-16,52.92757797241211,0.0,57.209999084472656,0.0,57.56999969482422,56.91999816894531,57.56999969482422,0.0,10100
2019-10-17,52.98307800292969,0.0,57.27000045776367,0.0,57.689998626708984,57.029998779296875,57.369998931884766,0.0,25700
2019-10-18,53.06635284423828,0.0,57.36000061035156,0.0,57.41999816894531,56.9900016784668,57.41999816894531,0.0,8000
2019-10-21,53.427154541015625,0.0,57.75,0.0,57.84000015258789,57.47999954223633,57.47999954223633,0.0,17900
2019-10-22,53.44565963745117,0.0,57.77000045776367,0.0,58.060001373291016,57.7599983215332,58.0,0.0,11500
2019-10-23,53.519657135009766,0.0,57.849998474121094,0.0,57.849998474121094,57.560001373291016,57.560001373291016,0.0,5900
2019-10-24,54.19502639770508,0.0,58.58000183105469,0.0,58.58000183105469,58.150001525878906,58.22999954223633,0.0,14600
2019-10-25,54.80561828613281,0.0,59.2400016784668,0.0,59.279998779296875,58.56999969482422,58.56999969482422,0.0,51100
2019-10-28,55.18492126464844,0.0,59.650001525878906,0.0,59.75,59.470001220703125,59.470001220703125,0.0,305800
2019-10-29,54.944374084472656,0.0,59.38999938964844,0.0,59.84000015258789,59.380001068115234,59.84000015258789,0.0,20800
2019-10-30,54.84260940551758,0.0,59.279998779296875,0.0,59.5,58.79999923706055,59.5,0.0,248000
2019-10-31,54.36154556274414,0.0,58.7599983215332,0.0,59.220001220703125,58.5,59.220001220703125,0.0,13300
2019-11-01,55.31446075439453,0.0,59.790000915527344,0.0,59.810001373291016,59.20000076293945,59.20000076293945,0.0,88800
2019-11-04,55.31446075439453,0.0,59.790000915527344,0.0,59.790000915527344,59.790000915527344,59.790000915527344,0.0,0
2019-11-05,56.20258331298828,0.0,60.75,0.0,61.04999923706055,60.75,60.79999923706055,0.0,291600
2019-11-06,55.925048828125,0.0,60.45000076293945,0.0,60.75,60.220001220703125,60.75,0.0,192500
2019-11-07,56.20258331298828,0.0,60.75,0.0,61.130001068115234,60.689998626708984,61.029998779296875,0.0,43700
2019-11-08,56.33211898803711,0.0,60.88999938964844,0.0,60.88999938964844,60.45000076293945,60.75,0.0,209600
2019-11-11,56.2673454284668,0.0,60.81999969482422,0.0,60.900001525878906,60.529998779296875,60.790000915527344,0.0,95700
2019-11-12,56.387611389160156,0.0,60.95000076293945,0.0,61.2599983215332,60.83000183105469,60.95000076293945,0.0,26700
2019-11-13,56.11932373046875,0.0,60.65999984741211,0.0,60.779998779296875,60.439998626708984,60.720001220703125,0.0,32200
2019-11-14,56.24884033203125,0.0,60.79999923706055,0.0,60.84000015258789,60.459999084472656,60.689998626708984,0.0,21000
2019-11-15,56.73917770385742,0.0,61.33000183105469,0.0,61.47999954223633,61.15999984741211,61.380001068115234,0.0,107900
2019-11-18,56.720664978027344,0.0,61.310001373291016,0.0,61.380001068115234,61.06999969482422,61.29999923706055,0.0,47600
2019-11-19,56.60965347290039,0.0,61.189998626708984,0.0,61.54999923706055,61.04999923706055,61.54999923706055,0.0,83900
2019-11-20,56.12857437133789,0.0,60.66999816894531,0.0,61.04999923706055,60.400001525878906,61.0099983215332,0.0,34400
2019-11-21,55.952796936035156,0.0,60.47999954223633,0.0,60.630001068115234,60.380001068115234,60.630001068115234,0.0,21200
2019-11-22,56.12857437133789,0.0,60.66999816894531,0.0,60.72999954223633,60.400001525878906,60.65999984741211,0.0,111300
2019-11-25,56.91494369506836,0.0,61.52000045776367,0.0,61.56999969482422,61.060001373291016,61.060001373291016,0.0,91900
2019-11-26,56.96120071411133,0.0,61.56999969482422,0.0,61.650001525878906,61.45000076293945,61.650001525878906,0.0,145100
2019-11-27,57.24800109863281,0.0,61.880001068115234,0.0,61.97999954223633,61.66999816894531,61.97999954223633,0.0,293200
2019-11-29,56.88719940185547,0.0,61.4900016784668,0.0,62.02000045776367,61.470001220703125,61.880001068115234,0.0,168900
2019-12-02,56.3598518371582,0.0,60.91999816894531,0.0,61.709999084472656,60.91999816894531,61.709999084472656,0.0,225200
2019-12-03,55.71226501464844,0.0,60.220001220703125,0.0,60.310001373291016,59.779998779296875,60.310001373291016,0.0,188000
2019-12-04,56.17484664916992,0.0,60.720001220703125,0.0,60.959999084472656,60.58000183105469,60.58000183105469,0.0,95900
2019-12-05,56.369110107421875,0.0,60.93000030517578,0.0,61.130001068115234,60.689998626708984,61.06999969482422,0.0,84800
2019-12-06,56.95195388793945,0.0,61.560001373291016,0.0,61.810001373291016,61.560001373291016,61.599998474121094,0.0,102700
2019-12-09,56.76693344116211,0.0,61.36000061035156,0.0,61.619998931884766,61.349998474121094,61.560001373291016,0.0,42800
2019-12-10,56.72990417480469,0.0,61.31999969482422,0.0,61.52000045776367,61.220001220703125,61.40999984741211,0.0,77900
2019-12-11,57.04447555541992,0.0,61.65999984741211,0.0,61.72999954223633,61.41999816894531,61.560001373291016,0.0,84800
2019-12-12,57.988121032714844,0.0,62.68000030517578,0.0,62.79999923706055,61.68000030517578,61.7400016784668,0.0,81000
2019-12-13,57.747581481933594,0.0,62.41999816894531,0.0,63.130001068115234,62.27000045776367,62.7400016784668,0.0,93800
2019-12-16,58.108394622802734,0.0,62.810001373291016,0.0,63.16999816894531,62.810001373291016,63.16999816894531,0.0,62600
2019-12-17,58.247154235839844,0.0,62.959999084472656,0.0,63.02000045776367,62.79999923706055,62.97999954223633,0.0,47400
2019-12-18,58.136146545410156,0.0,62.84000015258789,0.0,63.209999084472656,62.84000015258789,63.209999084472656,0.0,114900
2019-12-19,58.35816955566406,0.0,63.08000183105469,0.0,63.130001068115234,62.880001068115234,63.130001068115234,0.0,43000
2019-12-20,58.709720611572266,0.0,63.459999084472656,0.0,63.54999923706055,63.29999923706055,63.5099983215332,0.0,95500
2019-12-23,58.6336669921875,0.0,63.209999084472656,0.168,63.599998474121094,63.20000076293945,63.599998474121094,0.0,61300
2019-12-24,58.717159271240234,0.0,63.29999923706055,0.0,63.400001525878906,63.220001220703125,63.279998779296875,0.0,39900
2019-12-26,58.865570068359375,0.0,63.459999084472656,0.0,63.52000045776367,63.279998779296875,63.52000045776367,0.0,69400
2019-12-27,58.6522216796875,0.0,63.22999954223633,0.0,63.720001220703125,63.22999954223633,63.720001220703125,0.0,207400
2019-12-30,58.438873291015625,0.0,63.0,0.0,63.439998626708984,62.93000030517578,63.439998626708984,0.0,78700
2019-12-31,58.54088592529297,0.0,63.11000061035156,0.0,63.16999816894531,62.810001373291016,62.93000030517578,0.0,51500
2020-01-02,59.06963348388672,0.0,63.68000030517578,0.0,63.709999084472656,63.25,63.529998779296875,0.0,229300
2020-01-03,58.48524856567383,0.0,63.04999923706055,0.0,63.220001220703125,62.880001068115234,63.13999938964844,0.0,237300
2020-01-06,58.40177536010742,0.0,62.959999084472656,0.0,62.959999084472656,62.5,62.709999084472656,0.0,63600
2020-01-07,58.48524856567383,0.0,63.04999923706055,0.0,63.13999938964844,62.75,62.959999084472656,0.0,116900
2020-01-08,58.7449836730957,0.0,63.33000183105469,0.0,63.689998626708984,63.119998931884766,63.20000076293945,0.0,79700
2020-01-09,59.10673522949219,0.0,63.720001220703125,0.0,63.810001373291016,63.540000915527344,63.810001373291016,0.0,70500
2020-01-10,58.884124755859375,0.0,63.47999954223633,0.0,63.869998931884766,63.400001525878906,63.869998931884766,0.0,74300
2020-01-13,59.292266845703125,0.0,63.91999816894531,0.0,63.91999816894531,63.540000915527344,63.70000076293945,0.0,76400
2020-01-14,59.39429473876953,0.0,64.02999877929688,0.0,64.26000213623047,63.86000061035156,63.959999084472656,0.0,59500
2020-01-15,59.245880126953125,0.0,63.869998931884766,0.0,64.0999984741211,63.709999084472656,63.97999954223633,0.0,123100
2020-01-16,59.75606155395508,0.0,64.41999816894531,0.0,64.44999694824219,64.18000030517578,64.19999694824219,0.0,74400
2020-01-17,59.96012878417969,0.0,64.63999938964844,0.0,64.7300033569336,64.5,64.62000274658203,0.0,91100
2020-01-21,59.59837341308594,0.0,64.25,0.0,64.52999877929688,64.19000244140625,64.51000213623047,0.0,428500
2020-01-22,59.663307189941406,0.0,64.31999969482422,0.0,64.62000274658203,64.2699966430664,64.5,0.0,324400
2020-01-23,59.691131591796875,0.0,64.3499984741211,0.0,64.43000030517578,63.63999938964844,64.16999816894531,0.0,122800
2020-01-24,58.97688293457031,0.0,63.58000183105469,0.0,64.54000091552734,63.25,64.54000091552734,0.0,84500
2020-01-27,57.798828125,0.0,62.310001373291016,0.0,62.58000183105469,62.0099983215332,62.43000030517578,0.0,96400
2020-01-28,58.54088592529297,0.0,63.11000061035156,0.0,63.310001373291016,62.52000045776367,62.65999984741211,0.0,71100
2020-01-29,58.206966400146484,0.0,62.75,0.0,63.400001525878906,62.709999084472656,63.400001525878906,0.0,338600
2020-01-30,58.281185150146484,0.0,62.83000183105469,0.0,62.880001068115234,62.0,62.18000030517578,0.0,259700
2020-01-31,56.78774642944336,0.0,61.220001220703125,0.0,62.560001373291016,61.099998474121094,62.43000030517578,0.0,161400
2020-02-03,57.130950927734375,0.0,61.59000015258789,0.0,62.11000061035156,61.470001220703125,61.470001220703125,0.0,351100
2020-02-04,58.16059112548828,0.0,62.70000076293945,0.0,62.900001525878906,62.5099983215332,62.5099983215332,0.0,363900
2020-02-05,59.292266845703125,0.0,63.91999816894531,0.0,63.97999954223633,63.310001373291016,63.36000061035156,0.0,529100
2020-02-06,59.32938003540039,0.0,63.959999084472656,0.0,64.25,63.93000030517578,64.25,0.0,62100
2020-02-07,58.884124755859375,0.0,63.47999954223633,0.0,63.68000030517578,63.400001525878906,63.68000030517578,0.0,99700
2020-02-10,59.041812896728516,0.0,63.650001525878906,0.0,63.650001525878906,63.22999954223633,63.22999954223633,0.0,50200
2020-02-11,59.57982635498047,0.0,64.2300033569336,0.0,64.36000061035156,64.0,64.0,0.0,125100
2020-02-12,60.11782455444336,0.0,64.80999755859375,0.0,64.87999725341797,64.56999969482422,64.56999969482422,0.0,46700
2020-02-13,60.19203186035156,0.0,64.88999938964844,0.0,65.0,64.54000091552734,64.61000061035156,0.0,120000
2020-02-14,59.923030853271484,0.0,64.5999984741211,0.0,64.9000015258789,64.38999938964844,64.87000274658203,0.0,30100
2020-02-18,59.5427131652832,0.0,64.19000244140625,0.0,64.5,63.93000030517578,64.33999633789062,0.0,63000
2020-02-19,59.96012878417969,0.0,64.63999938964844,0.0,64.77999877929688,64.44000244140625,64.44000244140625,0.0,96600
2020-02-20,59.94158935546875,0.0,64.62000274658203,0.0,65.05999755859375,64.1500015258789,64.63999938964844,0.0,64000
2020-02-21,59.264442443847656,0.0,63.88999938964844,0.0,64.33999633789062,63.70000076293945,64.33999633789062,0.0,72600
2020-02-24,56.917606353759766,0.0,61.36000061035156,0.0,61.880001068115234,61.040000915527344,61.560001373291016,0.0,121800
2020-02-25,54.774845123291016,0.0,59.04999923706055,0.0,61.599998474121094,58.86000061035156,61.599998474121094,0.0,319700
2020-02-26,54.09770202636719,0.0,58.31999969482422,0.0,59.77000045776367,58.2599983215332,59.209999084472656,0.0,128200
2020-02-27,51.99204635620117,0.0,56.04999923706055,0.0,58.15999984741211,56.0,56.959999084472656,0.0,131500
2020-02-28,51.8065185546875,0.0,55.849998474121094,0.0,55.88999938964844,53.9900016784668,54.150001525878906,0.0,347600
2020-03-02,53.606075286865234,0.0,57.790000915527344,0.0,57.790000915527344,55.16999816894531,56.04999923706055,0.0,230400
2020-03-03,51.95493698120117,0.0,56.0099983215332,0.0,58.560001373291016,55.5,57.790000915527344,0.0,323200
2020-03-04,53.74521255493164,0.0,57.939998626708984,0.0,57.95000076293945,56.290000915527344,57.0,0.0,63400
2020-03-05,51.60245132446289,0.0,55.630001068115234,0.0,56.81999969482422,55.25,56.45000076293945,0.0,106800
2020-03-06,50.350181579589844,0.0,54.279998779296875,0.0,54.81999969482422,53.18000030517578,53.540000915527344,0.0,224700
2020-03-09,45.66579818725586,0.0,49.22999954223633,0.0,51.0,48.06999969482422,50.0,0.0,213800
2020-03-10,48.17959976196289,0.0,51.939998626708984,0.0,51.939998626708984,49.029998779296875,51.220001220703125,0.0,355900
2020-03-11,45.47100830078125,0.0,49.02000045776367,0.0,50.650001525878906,48.45000076293945,50.43000030517578,0.0,764700
2020-03-12,40.165138244628906,0.0,43.29999923706055,0.0,46.56999969482422,43.29999923706055,45.150001525878906,0.0,319500
2020-03-13,44.033226013183594,0.0,47.470001220703125,0.0,47.47999954223633,43.36000061035156,46.279998779296875,0.0,97500
2020-03-16,37.30812454223633,0.0,40.220001220703125,0.0,44.31999969482422,39.619998931884766,40.849998474121094,0.0,175800
2020-03-17,40.34138107299805,0.0,43.4900016784668,0.0,43.70000076293945,40.38999938964844,42.31999969482422,0.0,441100
2020-03-18,37.141143798828125,0.0,40.040000915527344,0.0,41.099998474121094,38.04999923706055,40.599998474121094,0.0,100200
2020-03-19,37.97599792480469,0.0,40.939998626708984,0.0,42.25,38.7599983215332,39.90999984741211,0.0,117600
2020-03-20,36.297035217285156,0.0,39.130001068115234,0.0,42.400001525878906,39.060001373291016,41.70000076293945,0.0,78800
2020-03-23,34.86186599731445,0.0,37.36000061035156,0.232,39.0,36.959999084472656,39.0,0.0,136700
2020-03-24,39.26626968383789,0.0,42.08000183105469,0.0,42.08000183105469,39.86000061035156,39.959999084472656,0.0,156100
2020-03-25,40.656639099121094,0.0,43.56999969482422,0.0,45.27000045776367,41.47999954223633,42.7400016784668,0.0,102900
2020-03-26,43.176090240478516,0.0,46.27000045776367,0.0,46.279998779296875,44.04999923706055,44.22999954223633,0.0,148200
2020-03-27,41.291168212890625,0.0,44.25,0.0,45.380001068115234,43.77000045776367,44.65999984741211,0.0,120100
2020-03-30,42.28961181640625,0.0,45.31999969482422,0.0,45.45000076293945,43.650001525878906,44.31999969482422,0.0,95300
2020-03-31,41.617759704589844,0.0,44.599998474121094,0.0,45.70000076293945,44.45000076293945,45.189998626708984,0.0,103500
2020-04-01,39.518211364746094,0.0,42.349998474121094,0.0,43.33000183105469,41.869998931884766,42.84000015258789,0.0,132200
2020-04-02,40.078086853027344,0.0,42.95000076293945,0.0,43.36000061035156,41.93000030517578,42.11000061035156,0.0,203700
2020-04-03,39.35958480834961,0.0,42.18000030517578,0.0,43.150001525878906,41.70000076293945,42.939998626708984,0.0,44600
2020-04-06,42.95213317871094,0.0,46.029998779296875,0.0,46.22999954223633,44.11000061035156,44.11000061035156,0.0,60200
2020-04-07,43.278743743896484,0.0,46.380001068115234,0.0,48.369998931884766,46.380001068115234,48.029998779296875,0.0,56200
2020-04-08,45.144996643066406,0.0,48.380001068115234,0.0,48.599998474121094,46.880001068115234,47.09000015258789,0.0,140500
2020-04-09,45.658226013183594,0.0,48.93000030517578,0.0,49.900001525878906,48.369998931884766,49.400001525878906,0.0,70200
2020-04-13,44.71575927734375,0.0,47.91999816894531,0.0,48.650001525878906,47.189998626708984,48.650001525878906,0.0,45500
2020-04-14,45.742210388183594,0.0,49.02000045776367,0.0,49.369998931884766,48.45000076293945,48.939998626708984,0.0,53300
2020-04-15,44.23053741455078,0.0,47.400001525878906,0.0,47.630001068115234,46.93000030517578,47.619998931884766,0.0,214300
2020-04-16,44.13721466064453,0.0,47.29999923706055,0.0,47.54999923706055,46.68000030517578,47.540000915527344,0.0,79700
2020-04-17,46.05014419555664,0.0,49.349998474121094,0.0,49.47999954223633,48.4900016784668,48.56999969482422,0.0,39400
2020-04-20,45.0610237121582,0.0,48.290000915527344,0.0,49.18000030517578,48.13999938964844,48.16999816894531,0.0,51200
2020-04-21,43.67064666748047,0.0,46.79999923706055,0.0,47.47999954223633,46.619998931884766,47.15999984741211,0.0,43300
2020-04-22,44.6224479675293,0.0,47.81999969482422,0.0,48.060001373291016,47.349998474121094,47.790000915527344,0.0,59300
2020-04-23,44.641117095947266,0.0,47.84000015258789,0.0,48.650001525878906,47.84000015258789,47.970001220703125,0.0,60400
2020-04-24,45.574249267578125,0.0,48.84000015258789,0.0,48.93000030517578,47.93000030517578,48.189998626708984,0.0,31400
2020-04-27,46.703338623046875,0.0,50.04999923706055,0.0,50.18000030517578,49.040000915527344,49.310001373291016,0.0,44600
2020-04-28,47.30054473876953,0.0,50.689998626708984,0.0,51.459999084472656,50.43000030517578,50.939998626708984,0.0,49900
2020-04-29,49.32544708251953,0.0,52.86000061035156,0.0,53.029998779296875,51.81999969482422,51.81999969482422,0.0,64300
2020-04-30,47.953739166259766,0.0,51.38999938964844,0.0,52.20000076293945,51.209999084472656,52.20000076293945,0.0,33300
2020-05-01,46.274105072021484,0.0,49.59000015258789,0.0,50.18000030517578,49.310001373291016,50.18000030517578,0.0,33900
2020-05-04,46.36741638183594,0.0,49.689998626708984,0.0,49.689998626708984,48.97999954223633,48.97999954223633,0.0,12400
2020-05-05,46.8339729309082,0.0,50.189998626708984,0.0,50.970001220703125,50.08000183105469,50.52000045776367,0.0,81800
2020-05-06,46.339420318603516,0.0,49.65999984741211,0.0,50.59000015258789,49.65999984741211,50.43000030517578,0.0,183500
2020-05-07,47.31919860839844,0.0,50.709999084472656,0.0,51.279998779296875,50.5099983215332,50.5099983215332,0.0,376300
2020-05-08,48.560272216796875,0.0,52.040000915527344,0.0,52.09000015258789,51.15999984741211,51.369998931884766,0.0,67600
2020-05-11,48.28966522216797,0.0,51.75,0.0,51.959999084472656,51.25,51.540000915527344,0.0,55600
2020-05-12,47.039268493652344,0.0,50.40999984741211,0.0,51.9900016784668,50.34000015258789,51.959999084472656,0.0,39700
2020-05-13,45.49959182739258,0.0,48.7599983215332,0.0,50.040000915527344,48.33000183105469,50.040000915527344,0.0,60400
2020-05-14,46.283424377441406,0.0,49.599998474121094,0.0,49.63999938964844,47.36000061035156,48.0099983215332,0.0,107400
2020-05-15,46.479393005371094,0.0,49.810001373291016,0.0,49.93000030517578,48.91999816894531,49.18000030517578,0.0,79300
2020-05-18,48.81222152709961,0.0,52.310001373291016,0.0,52.619998931884766,51.2400016784668,51.2400016784668,0.0,104100
2020-05-19,48.382972717285156,0.0,51.849998474121094,0.0,52.689998626708984,51.77000045776367,52.20000076293945,0.0,24400
2020-05-20,49.32544708251953,0.0,52.86000061035156,0.0,53.13999938964844,52.54999923706055,52.54999923706055,0.0,24100
2020-05-21,49.026832580566406,0.0,52.540000915527344,0.0,53.029998779296875,52.25,52.720001220703125,0.0,56300
2020-05-22,49.01749801635742,0.0,52.529998779296875,0.0,52.650001525878906,52.060001373291016,52.650001525878906,0.0,38600
2020-05-26,50.575836181640625,0.0,54.20000076293945,0.0,54.599998474121094,54.0099983215332,54.0099983215332,0.0,33300
2020-05-27,51.966209411621094,0.0,55.689998626708984,0.0,55.689998626708984,54.349998474121094,55.290000915527344,0.0,67500
2020-05-28,51.238365173339844,0.0,54.90999984741211,0.0,56.13999938964844,54.779998779296875,56.13999938964844,0.0,50100
2020-05-29,51.471641540527344,0.0,55.15999984741211,0.0,55.34000015258789,54.279998779296875,54.72999954223633,0.0,25100
2020-06-01,51.779579162597656,0.0,55.4900016784668,0.0,55.68000030517578,54.9900016784668,55.0,0.0,33400
2020-06-02,52.3208122253418,0.0,56.06999969482422,0.0,56.06999969482422,55.560001373291016,55.630001068115234,0.0,71900
2020-06-03,53.63651657104492,0.0,57.47999954223633,0.0,57.599998474121094,56.599998474121094,56.599998474121094,0.0,22500
2020-06-04,53.944454193115234,0.0,57.810001373291016,0.0,57.970001220703125,57.09000015258789,57.31999969482422,0.0,77300
2020-06-05,55.77338790893555,0.0,59.77000045776367,0.0,60.43000030517578,59.59000015258789,59.61000061035156,0.0,60900
2020-06-08,56.45458984375,0.0,60.5,0.0,60.630001068115234,59.939998626708984,60.380001068115234,0.0,148700
2020-06-09,55.40013885498047,0.0,59.369998931884766,0.0,59.619998931884766,59.06999969482422,59.45000076293945,0.0,44300
2020-06-10,54.32703399658203,0.0,58.220001220703125,0.0,59.29999923706055,58.220001220703125,59.29999923706055,0.0,20400
2020-06-11,50.62249755859375,0.0,54.25,0.0,56.5,54.20000076293945,56.13999938964844,0.0,83200
2020-06-12,51.54630661010742,0.0,55.2400016784668,0.0,56.310001373291016,54.119998931884766,55.9900016784668,0.0,19900
2020-06-15,52.15283966064453,0.0,55.88999938964844,0.0,56.15999984741211,53.349998474121094,53.47999954223633,0.0,32900
2020-06-16,53.179283142089844,0.0,56.9900016784668,0.0,57.90999984741211,56.27000045776367,57.90999984741211,0.0,17600
2020-06-17,52.9739990234375,0.0,56.77000045776367,0.0,57.2599983215332,56.66999816894531,57.2599983215332,0.0,28500
2020-06-18,52.64739227294922,0.0,56.41999816894531,0.0,56.810001373291016,55.970001220703125,56.13999938964844,0.0,27100
2020-06-19,52.46076965332031,0.0,56.220001220703125,0.0,57.470001220703125,55.59000015258789,57.470001220703125,0.0,19000
2020-06-22,52.41764831542969,0.0,55.900001525878906,0.274,56.04999923706055,55.43000030517578,55.58000183105469,0.0,24700
2020-06-23,52.567665100097656,0.0,56.060001373291016,0.0,56.529998779296875,56.040000915527344,56.45000076293945,0.0,22000
2020-06-24,50.59848403930664,0.0,53.959999084472656,0.0,55.540000915527344,53.650001525878906,55.459999084472656,0.0,74000
2020-06-25,51.2454948425293,0.0,54.650001525878906,0.0,54.650001525878906,53.45000076293945,53.7599983215332,0.0,23800
2020-06-26,49.83895492553711,0.0,53.150001525878906,0.0,54.27000045776367,53.099998474121094,54.27000045776367,0.0,34300
2020-06-29,50.626625061035156,0.0,53.9900016784668,0.0,54.09000015258789,53.0099983215332,53.459999084472656,0.0,34500
2020-06-30,51.51743698120117,0.0,54.939998626708984,0.0,55.0,53.91999816894531,53.91999816894531,0.0,38700
2020-07-01,51.34864044189453,0.0,54.7599983215332,0.0,55.33000183105469,54.619998931884766,55.02000045776367,0.0,70700
2020-07-02,51.58308029174805,0.0,55.0099983215332,0.0,55.84000015258789,54.93000030517578,55.529998779296875,0.0,33700
2020-07-06,52.55830001831055,0.0,56.04999923706055,0.0,56.189998626708984,55.77000045776367,55.880001068115234,0.0,20700
2020-07-07,51.73311233520508,0.0,55.16999816894531,0.0,55.959999084472656,55.08000183105469,55.56999969482422,0.0,28800
2020-07-08,52.061309814453125,0.0,55.52000045776367,0.0,55.720001220703125,54.91999816894531,55.2400016784668,0.0,47900
2020-07-09,51.301780700683594,0.0,54.709999084472656,0.0,55.54999923706055,54.290000915527344,55.54999923706055,0.0,53700
2020-07-10,52.15507507324219,0.0,55.619998931884766,0.0,55.619998931884766,54.709999084472656,54.709999084472656,0.0,23100
2020-07-13,51.52681350708008,0.0,54.95000076293945,0.0,56.38999938964844,54.939998626708984,56.0,0.0,61100
2020-07-14,52.23947525024414,0.0,55.709999084472656,0.0,55.720001220703125,54.5,54.709999084472656,0.0,36700
2020-07-15,53.4584846496582,0.0,57.0099983215332,0.0,57.119998931884766,56.279998779296875,56.5,0.0,40400
2020-07-16,53.392852783203125,0.0,56.939998626708984,0.0,57.0099983215332,56.5099983215332,56.5099983215332,0.0,31400
2020-07-17,53.64603805541992,0.0,57.209999084472656,0.0,57.33000183105469,56.790000915527344,57.2599983215332,0.0,26800
2020-07-20,53.711669921875,0.0,57.279998779296875,0.0,57.43000030517578,56.869998931884766,56.959999084472656,0.0,32000
2020-07-21,54.133628845214844,0.0,57.72999954223633,0.0,57.900001525878906,57.47999954223633,57.599998474121094,0.0,23000
2020-07-22,54.527469635009766,0.0,58.150001525878906,0.0,58.150001525878906,57.529998779296875,57.529998779296875,0.0,104000
2020-07-23,54.236785888671875,0.0,57.84000015258789,0.0,58.599998474121094,57.54999923706055,58.25,0.0,41600
2020-07-24,53.73042678833008,0.0,57.29999923706055,0.0,57.400001525878906,57.16999816894531,57.279998779296875,0.0,25700
2020-07-27,54.18052291870117,0.0,57.779998779296875,0.0,57.810001373291016,57.16999816894531,57.38999938964844,0.0,16600
2020-07-28,53.53350830078125,0.0,57.09000015258789,0.0,57.68000030517578,57.08000183105469,57.599998474121094,0.0,12100
2020-07-29,54.55560302734375,0.0,58.18000030517578,0.0,58.25,57.209999084472656,57.209999084472656,0.0,30200
2020-07-30,54.189903259277344,0.0,57.790000915527344,0.0,57.900001525878906,57.130001068115234,57.279998779296875,0.0,33400
2020-07-31,54.37744140625,0.0,57.9900016784668,0.0,57.9900016784668,57.130001068115234,57.9900016784668,0.0,16400
2020-08-03,54.71501159667969,0.0,58.349998474121094,0.0,58.59000015258789,58.06999969482422,58.13999938964844,0.0,24200
2020-08-04,54.743133544921875,0.0,58.380001068115234,0.0,58.459999084472656,58.15999984741211,58.290000915527344,0.0,24800
2020-08-05,55.315147399902344,0.0,58.9900016784668,0.0,59.099998474121094,58.68000030517578,58.68000030517578,0.0,79400
2020-08-06,55.465179443359375,0.0,59.150001525878906,0.0,59.16999816894531,58.720001220703125,58.720001220703125,0.0,14700
2020-08-07,55.87776565551758,0.0,59.59000015258789,0.0,59.59000015258789,58.970001220703125,58.970001220703125,0.0,14100
2020-08-10,56.24346923828125,0.0,59.97999954223633,0.0,60.099998474121094,59.790000915527344,59.880001068115234,0.0,18100
2020-08-11,56.32785415649414,0.0,60.06999969482422,0.0,60.97999954223633,60.0,60.400001525878906,0.0,53500
2020-08-12,56.69356155395508,0.0,60.459999084472656,0.0,60.689998626708984,60.18000030517578,60.68000030517578,0.0,12600
2020-08-13,56.609161376953125,0.0,60.369998931884766,0.0,60.52000045776367,60.18000030517578,60.310001373291016,0.0,21200
2020-08-14,56.75920486450195,0.0,60.529998779296875,0.0,60.72999954223633,60.13999938964844,60.13999938964844,0.0,39800
2020-08-17,56.7873420715332,0.0,60.560001373291016,0.0,60.7400016784668,60.5,60.61000061035156,0.0,289000
2020-08-18,56.524784088134766,0.0,60.279998779296875,0.0,60.599998474121094,60.16999816894531,60.599998474121094,0.0,67500
2020-08-19,56.43100357055664,0.0,60.18000030517578,0.0,60.61000061035156,60.150001525878906,60.47999954223633,0.0,26400
2020-08-20,56.26222610473633,0.0,60.0,0.0,60.13999938964844,59.70000076293945,59.70000076293945,0.0,15700
2020-08-21,56.280982971191406,0.0,60.02000045776367,0.0,60.02000045776367,59.84000015258789,59.90999984741211,0.0,16400
2020-08-24,57.13428497314453,0.0,60.93000030517578,0.0,60.939998626708984,60.310001373291016,60.38999938964844,0.0,15700
2020-08-25,57.331199645996094,0.0,61.13999938964844,0.0,61.31999969482422,60.81999969482422,61.13999938964844,0.0,13500
2020-08-26,57.52811813354492,0.0,61.349998474121094,0.0,61.45000076293945,61.029998779296875,61.13999938964844,0.0,9000
2020-08-27,57.762550354003906,0.0,61.599998474121094,0.0,61.880001068115234,61.369998931884766,61.369998931884766,0.0,297800
2020-08-28,58.11886978149414,0.0,61.97999954223633,0.0,62.0,61.650001525878906,61.900001525878906,0.0,12500
2020-08-31,57.6500244140625,0.0,61.47999954223633,0.0,61.880001068115234,61.47999954223633,61.880001068115234,0.0,33100
2020-09-01,58.10011291503906,0.0,61.959999084472656,0.0,61.959999084472656,61.290000915527344,61.349998474121094,0.0,19400
2020-09-02,59.00032043457031,0.0,62.91999816894531,0.0,63.060001373291016,61.97999954223633,62.0,0.0,16900
2020-09-03,57.35933303833008,0.0,61.16999816894531,0.0,62.86000061035156,60.540000915527344,62.599998474121094,0.0,146400
2020-09-04,57.00300598144531,0.0,60.790000915527344,0.0,61.650001525878906,59.81999969482422,61.45000076293945,0.0,38100
2020-09-08,55.42766571044922,0.0,59.11000061035156,0.0,59.900001525878906,59.08000183105469,59.709999084472656,0.0,23100
2020-09-09,56.40287780761719,0.0,60.150001525878906,0.0,60.43000030517578,59.47999954223633,59.849998474121094,0.0,30200
2020-09-10,55.483924865722656,0.0,59.16999816894531,0.0,60.63999938964844,59.0,60.29999923706055,0.0,8900
2020-09-11,55.483924865722656,0.0,59.16999816894531,0.0,59.540000915527344,58.81999969482422,59.41999816894531,0.0,11100
2020-09-14,56.552921295166016,0.0,60.310001373291016,0.0,60.459999084472656,59.75,59.75,0.0,22300
2020-09-15,56.63730239868164,0.0,60.400001525878906,0.0,60.79999923706055,60.380001068115234,60.790000915527344,0.0,15800
2020-09-16,56.72169494628906,0.0,60.4900016784668,0.0,61.33000183105469,60.459999084472656,60.650001525878906,0.0,10800
2020-09-17,56.27159881591797,0.0,60.0099983215332,0.0,60.29999923706055,59.209999084472656,59.560001373291016,0.0,17800
2020-09-18,55.69961166381836,0.0,59.400001525878906,0.0,60.150001525878906,59.22999954223633,60.150001525878906,0.0,34700
2020-09-21,54.37744140625,0.0,57.9900016784668,0.0,58.09000015258789,57.439998626708984,58.060001373291016,0.0,15000
2020-09-22,54.761898040771484,0.0,58.400001525878906,0.0,58.40999984741211,57.59000015258789,58.290000915527344,0.0,9200
2020-09-23,53.54288864135742,0.0,57.099998474121094,0.0,58.630001068115234,57.06999969482422,58.439998626708984,0.0,10700
2020-09-24,53.72105026245117,0.0,57.290000915527344,0.0,57.88999938964844,56.47999954223633,56.75,0.0,54500
2020-09-25,54.518096923828125,0.0,58.13999938964844,0.0,58.31999969482422,57.029998779296875,57.15999984741211,0.0,16800
2020-09-28,55.73710632324219,0.0,59.439998626708984,0.0,59.529998779296875,58.970001220703125,59.04999923706055,0.0,16800
2020-09-29,55.39015579223633,0.0,59.06999969482422,0.0,59.560001373291016,58.91999816894531,59.4900016784668,0.0,7000
2020-09-30,55.849639892578125,0.0,59.560001373291016,0.0,60.040000915527344,59.18000030517578,59.189998626708984,0.0,26000
2020-10-01,56.0653076171875,0.0,59.790000915527344,0.0,60.08000183105469,59.38999938964844,60.08000183105469,0.0,35300
2020-10-02,55.94340515136719,0.0,59.65999984741211,0.0,60.0,58.560001373291016,58.560001373291016,0.0,63100
2020-10-05,57.190547943115234,0.0,60.9900016784668,0.0,61.06999969482422,60.220001220703125,60.220001220703125,0.0,16300
2020-10-06,56.552921295166016,0.0,60.310001373291016,0.0,61.810001373291016,60.279998779296875,61.18000030517578,0.0,24800
2020-10-07,57.762550354003906,0.0,61.599998474121094,0.0,61.66999816894531,60.88999938964844,60.88999938964844,0.0,9200
2020-10-08,58.568973541259766,0.0,62.459999084472656,0.0,62.459999084472656,62.0099983215332,62.11000061035156,0.0,27800
2020-10-09,58.9346809387207,0.0,62.849998474121094,0.0,63.060001373291016,62.54999923706055,62.79999923706055,0.0,20800
2020-10-12,59.67546844482422,0.0,63.63999938964844,0.0,63.72999954223633,63.060001373291016,63.119998931884766,0.0,18000
2020-10-13,59.17847442626953,0.0,63.11000061035156,0.0,63.38999938964844,63.0099983215332,63.38999938964844,0.0,367500
2020-10-14,58.953426361083984,0.0,62.869998931884766,0.0,63.52000045776367,62.86000061035156,63.11000061035156,0.0,18500
2020-10-15,59.04720687866211,0.0,62.970001220703125,0.0,63.04999923706055,62.36000061035156,62.439998626708984,0.0,32300
2020-10-16,58.953426361083984,0.0,62.869998931884766,0.0,63.2599983215332,62.869998931884766,63.13999938964844,0.0,17600
2020-10-19,58.0626106262207,0.0,61.91999816894531,0.0,63.220001220703125,61.779998779296875,63.02000045776367,0.0,43900
2020-10-20,58.465816497802734,0.0,62.349998474121094,0.0,63.0,62.20000076293945,62.20000076293945,0.0,21800
2020-10-21,58.03447723388672,0.0,61.88999938964844,0.0,62.5099983215332,61.88999938964844,62.20000076293945,0.0,8000
2020-10-22,59.03782272338867,0.0,62.959999084472656,0.0,63.040000915527344,62.130001068115234,62.209999084472656,0.0,53700
2020-10-23,59.7036018371582,0.0,63.66999816894531,0.0,63.66999816894531,63.040000915527344,63.06999969482422,0.0,52300
2020-10-26,58.231407165527344,0.0,62.099998474121094,0.0,62.9900016784668,61.5,62.93000030517578,0.0,40700
2020-10-27,57.612510681152344,0.0,61.439998626708984,0.0,62.13999938964844,61.439998626708984,62.13999938964844,0.0,26000
2020-10-28,55.859012603759766,0.0,59.56999969482422,0.0,60.439998626708984,59.5,60.13999938964844,0.0,25000
2020-10-29,56.487274169921875,0.0,60.2400016784668,0.0,60.630001068115234,59.130001068115234,59.65999984741211,0.0,18700
2020-10-30,56.14032745361328,0.0,59.869998931884766,0.0,60.11000061035156,59.08000183105469,59.779998779296875,0.0,22300
2020-11-02,57.293697357177734,0.0,61.099998474121094,0.0,61.099998474121094,60.58000183105469,60.58000183105469,0.0,29500
2020-11-03,58.681495666503906,0.0,62.58000183105469,0.0,62.779998779296875,61.91999816894531,61.91999816894531,0.0,19400
2020-11-04,59.49729919433594,0.0,63.45000076293945,0.0,64.04000091552734,62.5099983215332,62.9900016784668,0.0,58600
2020-11-05,60.669429779052734,0.0,64.69999694824219,0.0,64.94000244140625,64.33999633789062,64.48999786376953,0.0,306300
2020-11-06,60.19120788574219,0.0,64.19000244140625,0.0,64.86000061035156,64.08000183105469,64.86000061035156,0.0,12900
2020-11-09,62.113502502441406,0.0,66.23999786376953,0.0,67.80000305175781,66.23999786376953,67.01000213623047,0.0,32300
2020-11-10,61.822784423828125,0.0,65.93000030517578,0.0,66.2699966430664,65.30999755859375,66.20999908447266,0.0,56600
2020-11-11,61.88845443725586,0.0,66.0,0.0,66.25,65.73999786376953,66.25,0.0,14600
2020-11-12,61.00701141357422,0.0,65.05999755859375,0.0,65.7300033569336,64.68000030517578,65.7300033569336,0.0,45800
2020-11-13,62.50733947753906,0.0,66.66000366210938,0.0,66.69999694824219,65.51000213623047,65.51000213623047,0.0,31400
2020-11-16,63.35126495361328,0.0,67.55999755859375,0.0,68.0,67.1500015258789,67.54000091552734,0.0,69900
2020-11-17,63.16371154785156,0.0,67.36000061035156,0.0,67.45999908447266,66.69999694824219,67.16000366210938,0.0,21900
2020-11-18,62.788631439208984,0.0,66.95999908447266,0.0,67.87000274658203,66.95999908447266,67.33999633789062,0.0,10700
2020-11-19,63.05118179321289,0.0,67.23999786376953,0.0,67.23999786376953,66.62000274658203,66.73999786376953,0.0,11700
2020-11-20,62.610477447509766,0.0,66.7699966430664,0.0,67.05000305175781,66.7699966430664,67.0199966430664,0.0,10800
2020-11-23,63.52004623413086,0.0,67.73999786376953,0.0,67.87999725341797,67.1500015258789,67.25,0.0,118600
2020-11-24,64.64529418945312,0.0,68.94000244140625,0.0,68.97000122070312,68.16000366210938,68.23999786376953,0.0,187700
2020-11-25,64.27020263671875,0.0,68.54000091552734,0.0,68.80999755859375,68.11000061035156,68.80999755859375,0.0,65700
2020-11-27,64.44837188720703,0.0,68.7300033569336,0.0,68.80000305175781,68.63999938964844,68.66999816894531,0.0,5200
2020-11-30,63.679443359375,0.0,67.91000366210938,0.0,68.70999908447266,67.58999633789062,68.70999908447266,0.0,15900
2020-12-01,64.72969055175781,0.0,69.02999877929688,0.0,69.30999755859375,68.80000305175781,68.80000305175781,0.0,15800
2020-12-02,64.92660522460938,0.0,69.23999786376953,0.0,69.30999755859375,68.6500015258789,68.6500015258789,0.0,7600
2020-12-03,65.32044982910156,0.0,69.66000366210938,0.0,70.05999755859375,69.47000122070312,69.47000122070312,0.0,20600
2020-12-04,66.12686157226562,0.0,70.5199966430664,0.0,70.5199966430664,70.0,70.0,0.0,22500
2020-12-07,66.04248046875,0.0,70.43000030517578,0.0,70.5,70.13999938964844,70.36000061035156,0.0,28900
2020-12-08,66.02371978759766,0.0,70.41000366210938,0.0,70.5199966430664,70.1500015258789,70.26000213623047,0.0,403700
2020-12-09,65.57362365722656,0.0,69.93000030517578,0.0,70.66000366210938,69.66000366210938,70.58000183105469,0.0,19400
2020-12-10,65.53611755371094,0.0,69.88999938964844,0.0,69.97000122070312,69.41000366210938,69.41000366210938,0.0,38400
2020-12-11,65.17977905273438,0.0,69.51000213623047,0.0,69.6500015258789,68.95999908447266,69.33000183105469,0.0,23200
2020-12-14,65.20792388916016,0.0,69.54000091552734,0.0,70.56999969482422,69.54000091552734,70.36000061035156,0.0,10600
2020-12-15,66.07061004638672,0.0,70.45999908447266,0.0,70.55999755859375,69.87000274658203,69.94999694824219,0.0,43200
2020-12-16,66.26753234863281,0.0,70.66999816894531,0.0,70.83999633789062,70.4000015258789,70.73999786376953,0.0,16800
2020-12-17,66.79264831542969,0.0,71.2300033569336,0.0,71.2699966430664,70.83999633789062,70.95999908447266,0.0,15500
2020-12-18,66.78324127197266,0.0,71.22000122070312,0.0,71.61000061035156,70.66000366210938,71.37999725341797,0.0,19600
2020-12-21,66.58032989501953,0.0,70.87000274658203,0.134,71.05000305175781,69.61000061035156,70.33000183105469,0.0,25500
2020-12-22,66.55213165283203,0.0,70.83999633789062,0.0,71.0199966430664,70.79000091552734,70.87999725341797,0.0,15000
2020-12-23,66.74943542480469,0.0,71.05000305175781,0.0,71.4800033569336,71.0199966430664,71.0199966430664,0.0,10100
2020-12-24,67.03128814697266,0.0,71.3499984741211,0.0,71.3499984741211,71.05000305175781,71.12000274658203,0.0,15000
2020-12-28,67.20037841796875,0.0,71.52999877929688,0.0,72.20999908447266,71.52999877929688,71.79000091552734,0.0,13700
2020-12-29,66.97491455078125,0.0,71.29000091552734,0.0,71.91999816894531,71.16999816894531,71.91999816894531,0.0,16800
2020-12-30,67.31312561035156,0.0,71.6500015258789,0.0,71.9000015258789,71.56999969482422,71.6500015258789,0.0,26800
2020-12-31,67.68891143798828,0.0,72.05000305175781,0.0,72.12000274658203,71.47000122070312,71.72000122070312,0.0,19100
2021-01-04,66.73064422607422,0.0,71.02999877929688,0.0,72.7300033569336,70.36000061035156,72.31999969482422,0.0,60000
2021-01-05,67.0406723022461,0.0,71.36000061035156,0.0,71.5,70.8499984741211,70.87999725341797,0.0,21800
2021-01-06,68.55321502685547,0.0,72.97000122070312,0.0,73.43000030517578,71.20999908447266,71.20999908447266,0.0,20600
2021-01-07,69.85907745361328,0.0,74.36000061035156,0.0,74.51000213623047,73.66999816894531,73.69000244140625,0.0,27100
2021-01-08,70.00940704345703,0.0,74.5199966430664,0.0,74.7300033569336,73.68000030517578,74.69000244140625,0.0,28000
2021-01-11,70.0281982421875,0.0,74.54000091552734,0.0,74.81999969482422,73.83000183105469,73.83000183105469,0.0,43600
2021-01-12,70.54488372802734,0.0,75.08999633789062,0.0,75.19999694824219,74.66000366210938,74.80999755859375,0.0,53700
2021-01-13,70.20670318603516,0.0,74.7300033569336,0.0,75.08999633789062,74.68000030517578,75.08999633789062,0.0,27000
2021-01-14,70.7139892578125,0.0,75.2699966430664,0.0,75.6500015258789,75.06999969482422,75.12000274658203,0.0,36900
2021-01-15,70.31944274902344,0.0,74.8499984741211,0.0,75.08000183105469,74.27999877929688,74.88999938964844,0.0,27400
2021-01-19,70.93009185791016,0.0,75.5,0.0,75.63999938964844,75.16999816894531,75.19000244140625,0.0,25400
2021-01-20,71.37164306640625,0.0,75.97000122070312,0.0,76.08000183105469,75.55000305175781,76.08000183105469,0.0,34300
2021-01-21,71.33406066894531,0.0,75.93000030517578,0.0,76.25,75.75,76.25,0.0,18300
2021-01-22,71.08040618896484,0.0,75.66000366210938,0.0,75.77999877929688,75.38999938964844,75.45999908447266,0.0,30900
2021-01-25,71.0146255493164,0.0,75.58999633789062,0.0,75.87000274658203,75.16000366210938,75.73999786376953,0.0,17600
2021-01-26,70.5354995727539,0.0,75.08000183105469,0.0,75.7699966430664,75.04000091552734,75.7699966430664,0.0,531100
2021-01-27,68.49687194824219,0.0,72.91000366210938,0.0,74.16000366210938,72.69999694824219,74.05000305175781,0.0,61800
2021-01-28,69.26722717285156,0.0,73.7300033569336,0.0,74.23999786376953,73.41999816894531,73.41999816894531,0.0,15600
2021-01-29,67.66072845458984,0.0,72.0199966430664,0.0,73.61000061035156,71.68000030517578,73.61000061035156,0.0,18100
2021-02-01,69.08872985839844,0.0,73.54000091552734,0.0,73.55000305175781,72.37000274658203,72.83000183105469,0.0,17500
2021-02-02,70.05638885498047,0.0,74.56999969482422,0.0,74.8499984741211,74.0,74.0,0.0,36400
2021-02-03,69.91545867919922,0.0,74.41999816894531,0.0,74.6500015258789,74.06999969482422,74.6500015258789,0.0,24300
2021-02-04,71.13675689697266,0.0,75.72000122070312,0.0,75.72000122070312,74.91999816894531,74.91999816894531,0.0,33400
2021-02-05,71.53134155273438,0.0,76.13999938964844,0.0,76.52999877929688,76.04000091552734,76.1500015258789,0.0,28800
2021-02-08,72.37686157226562,0.0,77.04000091552734,0.0,77.04000091552734,76.48999786376953,76.6500015258789,0.0,34100
2021-02-09,72.60233306884766,0.0,77.27999877929688,0.0,77.3499984741211,76.87000274658203,76.87000274658203,0.0,25400
2021-02-10,72.7526626586914,0.0,77.44000244140625,0.0,77.79000091552734,76.94999694824219,77.48999786376953,0.0,294600
2021-02-11,72.99690246582031,0.0,77.69999694824219,0.0,77.80999755859375,77.06999969482422,77.63999938964844,0.0,18200
2021-02-12,73.47604370117188,0.0,78.20999908447266,0.0,78.20999908447266,77.47000122070312,77.47000122070312,0.0,19600
2021-02-16,73.61695098876953,0.0,78.36000061035156,0.0,78.70999908447266,78.36000061035156,78.41000366210938,0.0,29800
2021-02-17,73.58881378173828,0.0,78.33000183105469,0.0,78.37999725341797,77.58999633789062,77.9000015258789,0.0,14500
2021-02-18,73.48543548583984,0.0,78.22000122070312,0.0,78.33000183105469,77.63999938964844,77.70999908447266,0.0,25800
2021-02-19,74.13367462158203,0.0,78.91000366210938,0.0,79.04000091552734,78.48999786376953,78.48999786376953,0.0,29000
2021-02-22,74.09610748291016,0.0,78.87000274658203,0.0,79.30999755859375,78.44000244140625,78.44000244140625,0.0,24800
2021-02-23,74.09610748291016,0.0,78.87000274658203,0.0,79.04000091552734,77.83999633789062,78.38999938964844,0.0,26500
2021-02-24,75.27983093261719,0.0,80.12999725341797,0.0,80.16000366210938,78.5999984741211,78.62000274658203,0.0,16400
2021-02-25,73.16602325439453,0.0,77.87999725341797,0.0,80.13999938964844,77.73999786376953,79.9800033569336,0.0,23700
2021-02-26,73.147216796875,0.0,77.86000061035156,0.0,78.5999984741211,77.5199966430664,78.16000366210938,0.0,28800
2021-03-01,74.93221282958984,0.0,79.76000213623047,0.0,80.11000061035156,78.83000183105469,78.83000183105469,0.0,37900
2021-03-02,74.50948333740234,0.0,79.30999755859375,0.0,79.87000274658203,79.30999755859375,79.86000061035156,0.0,19800
2021-03-03,73.6733169555664,0.0,78.41999816894531,0.0,79.6500015258789,78.41999816894531,79.29000091552734,0.0,20100
2021-03-04,72.48021697998047,0.0,77.1500015258789,0.0,78.68000030517578,76.1500015258789,78.27999877929688,0.0,75600
2021-03-05,74.44369506835938,0.0,79.23999786376953,0.0,79.41999816894531,76.5199966430664,77.83999633789062,0.0,82200
2021-03-08,74.76313018798828,0.0,79.58000183105469,0.0,80.68000030517578,79.33000183105469,79.37999725341797,0.0,500200
2021-03-09,75.06376647949219,0.0,79.9000015258789,0.0,80.61000061035156,79.9000015258789,80.2300033569336,0.0,64400
2021-03-10,75.87171936035156,0.0,80.76000213623047,0.0,81.1500015258789,80.19999694824219,80.45999908447266,0.0,59000
2021-03-11,76.89571380615234,0.0,81.8499984741211,0.0,82.16000366210938,81.16000366210938,81.2699966430664,0.0,67800
2021-03-12,77.44060516357422,0.0,82.43000030517578,0.0,82.44999694824219,81.70999908447266,81.70999908447266,0.0,49900
2021-03-15,78.25794982910156,0.0,83.30000305175781,0.0,83.3499984741211,82.26000213623047,82.51000213623047,0.0,95800
2021-03-16,77.64729309082031,0.0,82.6500015258789,0.0,83.43000030517578,82.45999908447266,83.43000030517578,0.0,144000
2021-03-17,78.1170425415039,0.0,83.1500015258789,0.0,83.19999694824219,82.0,82.25,0.0,32900
2021-03-18,77.44060516357422,0.0,82.43000030517578,0.0,83.77999877929688,82.27999877929688,82.81999969482422,0.0,66000
2021-03-19,77.42183685302734,0.0,82.41000366210938,0.0,82.9800033569336,81.69000244140625,82.30000305175781,0.0,172600
2021-03-22,77.58011627197266,0.0,82.33999633789062,0.238,82.62000274658203,82.04000091552734,82.43000030517578,0.0,42800
2021-03-23,76.16682434082031,0.0,80.83999633789062,0.0,81.94999694824219,80.62000274658203,81.94999694824219,0.0,50400
2021-03-24,75.22461700439453,0.0,79.83999633789062,0.0,81.41999816894531,79.83999633789062,81.01000213623047,0.0,37900
2021-03-25,75.95954895019531,0.0,80.62000274658203,0.0,80.80000305175781,79.16999816894531,79.18000030517578,0.0,35100
2021-03-26,76.7886962890625,0.0,81.5,0.0,81.5,80.12000274658203,80.83999633789062,0.0,32000
2021-03-29,76.16682434082031,0.0,80.83999633789062,0.0,81.3499984741211,80.38999938964844,81.12000274658203,0.0,105900
2021-03-30,76.44947814941406,0.0,81.13999938964844,0.0,81.4000015258789,80.66000366210938,80.91000366210938,0.0,524700
2021-03-31,76.75099182128906,0.0,81.45999908447266,0.0,81.88999938964844,81.36000061035156,81.55000305175781,0.0,26300
2021-04-01,77.65548706054688,0.0,82.41999816894531,0.0,82.41999816894531,81.7699966430664,82.1500015258789,0.0,94300
2021-04-05,78.49405670166016,0.0,83.30999755859375,0.0,83.4000015258789,82.91999816894531,83.2300033569336,0.0,142800
2021-04-06,78.23023986816406,0.0,83.02999877929688,0.0,83.3499984741211,82.9800033569336,83.26000213623047,0.0,49700
2021-04-07,78.08890533447266,0.0,82.87999725341797,0.0,83.18000030517578,82.62000274658203,83.18000030517578,0.0,247400
2021-04-08,78.25849151611328,0.0,83.05999755859375,0.0,83.30000305175781,82.62000274658203,83.30000305175781,0.0,79300
2021-04-09,78.99341583251953,0.0,83.83999633789062,0.0,83.87999725341797,83.16999816894531,83.16999816894531,0.0,37400
2021-04-12,79.01226806640625,0.0,83.86000061035156,0.0,84.13999938964844,83.63999938964844,83.93000030517578,0.0,46800
2021-04-13,78.80494689941406,0.0,83.63999938964844,0.0,83.80999755859375,83.33999633789062,83.80999755859375,0.0,27900
2021-04-14,78.81439208984375,0.0,83.6500015258789,0.0,84.22000122070312,83.56999969482422,83.58000183105469,0.0,103700
2021-04-15,79.43623352050781,0.0,84.30999755859375,0.0,84.38999938964844,83.81999969482422,84.2699966430664,0.0,27600
2021-04-16,79.85079956054688,0.0,84.75,0.0,84.94999694824219,84.47000122070312,84.93000030517578,0.0,35100
2021-04-19,79.455078125,0.0,84.33000183105469,0.0,84.69000244140625,83.98999786376953,84.58999633789062,0.0,136000
2021-04-20,78.36213684082031,0.0,83.16999816894531,0.0,83.91999816894531,82.79000091552734,83.87999725341797,0.0,327100
2021-04-21,79.51160430908203,0.0,84.38999938964844,0.0,84.41000366210938,83.2699966430664,83.31999969482422,0.0,326700
2021-04-22,78.7484359741211,0.0,83.58000183105469,0.0,84.51000213623047,83.33999633789062,84.45999908447266,0.0,104800
2021-04-23,80.0204086303711,0.0,84.93000030517578,0.0,85.19999694824219,83.91999816894531,83.94000244140625,0.0,37400
2021-04-26,80.30305480957031,0.0,85.2300033569336,0.0,85.44000244140625,85.12999725341797,85.33000183105469,0.0,33300
2021-04-27,80.46321868896484,0.0,85.4000015258789,0.0,85.51000213623047,84.9800033569336,85.51000213623047,0.0,30300
2021-04-28,80.3218994140625,0.0,85.25,0.0,85.7699966430664,85.1500015258789,85.73999786376953,0.0,85100
2021-04-29,81.10391998291016,0.0,86.08000183105469,0.0,86.41999816894531,85.36000061035156,86.05999755859375,0.0,42600
2021-04-30,80.45381164550781,0.0,85.38999938964844,0.0,85.70999908447266,85.2300033569336,85.5999984741211,0.0,17400
2021-05-03,80.7835693359375,0.0,85.73999786376953,0.0,86.1500015258789,85.62000274658203,86.1500015258789,0.0,47300
2021-05-04,80.88721466064453,0.0,85.8499984741211,0.0,85.8499984741211,84.81999969482422,85.61000061035156,0.0,123000
2021-05-05,81.09449768066406,0.0,86.06999969482422,0.0,86.55999755859375,85.48999786376953,86.37000274658203,0.0,84800
2021-05-06,81.44309997558594,0.0,86.44000244140625,0.0,86.44999694824219,85.55000305175781,86.37999725341797,0.0,117700
2021-05-07,82.3099136352539,0.0,87.36000061035156,0.0,87.47000122070312,86.27999877929688,86.31999969482422,0.0,73900
2021-05-10,81.70692443847656,0.0,86.72000122070312,0.0,87.91999816894531,86.72000122070312,87.88999938964844,0.0,300500
2021-05-11,80.80243682861328,0.0,85.76000213623047,0.0,86.19000244140625,84.83999633789062,85.44000244140625,0.0,421900
2021-05-12,78.7767105102539,0.0,83.61000061035156,0.0,85.58999633789062,83.47000122070312,85.16000366210938,0.0,205300
2021-05-13,80.18057250976562,0.0,85.0999984741211,0.0,85.5199966430664,83.70999908447266,83.70999908447266,0.0,186400
2021-05-14,81.5373306274414,0.0,86.54000091552734,0.0,86.68000030517578,85.5199966430664,85.66999816894531,0.0,103500
2021-05-17,81.21698760986328,0.0,86.19999694824219,0.0,86.55000305175781,85.7300033569336,86.2699966430664,0.0,138000
2021-05-18,80.37843322753906,0.0,85.30999755859375,0.0,86.37999725341797,85.2699966430664,86.2699966430664,0.0,116400
2021-05-19,80.04866790771484,0.0,84.95999908447266,0.0,84.95999908447266,83.55000305175781,84.31999969482422,0.0,34900
2021-05-20,80.71762084960938,0.0,85.66999816894531,0.0,85.94000244140625,85.19000244140625,85.19000244140625,0.0,30400
2021-05-21,80.84012603759766,0.0,85.80000305175781,0.0,86.66000366210938,85.62999725341797,86.05000305175781,0.0,93600
2021-05-24,81.2546615600586,0.0,86.23999786376953,0.0,86.55999755859375,86.11000061035156,86.33000183105469,0.0,63100
2021-05-25,80.88721466064453,0.0,85.8499984741211,0.0,86.9000015258789,85.80999755859375,86.61000061035156,0.0,53000
2021-05-26,81.2546615600586,0.0,86.23999786376953,0.0,86.33999633789062,85.94999694824219,85.94999694824219,0.0,170600
2021-05-27,81.80113220214844,0.0,86.81999969482422,0.0,86.88999938964844,86.55999755859375,86.5999984741211,0.0,23900
2021-05-28,81.90478515625,0.0,86.93000030517578,0.0,87.3499984741211,86.62000274658203,87.20999908447266,0.0,67900
2021-06-01,81.857666015625,0.0,86.87999725341797,0.0,87.77999877929688,86.77999877929688,87.41999816894531,0.0,128200
2021-06-02,81.8953628540039,0.0,86.91999816894531,0.0,87.13999938964844,86.66999816894531,87.13999938964844,0.0,47500
2021-06-03,81.66921997070312,0.0,86.68000030517578,0.0,86.8499984741211,86.0,86.58999633789062,0.0,32200
2021-06-04,82.29106903076172,0.0,87.33999633789062,0.0,87.43000030517578,86.9000015258789,87.13999938964844,0.0,13600
2021-06-07,82.33818054199219,0.0,87.38999938964844,0.0,87.66000366210938,87.05000305175781,87.55000305175781,0.0,66400
2021-06-08,82.41355895996094,0.0,87.47000122070312,0.0,87.58000183105469,86.93000030517578,87.55000305175781,0.0,32200
2021-06-09,81.97073364257812,0.0,87.0,0.0,87.5199966430664,86.94999694824219,87.48999786376953,0.0,52800
2021-06-10,81.65980529785156,0.0,86.66999816894531,0.0,87.29000091552734,86.63999938964844,87.19999694824219,0.0,29100
2021-06-11,81.98957061767578,0.0,87.0199966430664,0.0,87.0199966430664,86.6500015258789,86.87000274658203,0.0,32600
2021-06-14,81.80113220214844,0.0,86.81999969482422,0.0,87.0,86.38999938964844,87.0,0.0,17800
2021-06-15,81.86710357666016,0.0,86.88999938964844,0.0,87.06999969482422,86.55999755859375,86.79000091552734,0.0,18100
2021-06-16,81.69749450683594,0.0,86.70999908447266,0.0,86.9800033569336,86.20999908447266,86.81999969482422,0.0,38500
2021-06-17,80.9343032836914,0.0,85.9000015258789,0.0,86.81999969482422,85.55999755859375,86.63999938964844,0.0,20700
2021-06-18,79.69063568115234,0.0,84.58000183105469,0.0,85.23999786376953,84.52999877929688,85.23999786376953,0.0,49600
2021-06-21,80.8380355834961,0.0,85.66999816894531,0.126,85.7699966430664,84.80000305175781,84.91000366210938,0.0,66000
2021-06-22,81.33815002441406,0.0,86.19999694824219,0.0,86.29000091552734,85.52999877929688,85.7699966430664,0.0,80600
2021-06-23,81.10223388671875,0.0,85.94999694824219,0.0,86.3499984741211,85.94999694824219,86.3499984741211,0.0,84200
2021-06-24,81.59293365478516,0.0,86.47000122070312,0.0,86.52999877929688,86.20999908447266,86.38999938964844,0.0,74800
2021-06-25,82.00811767578125,0.0,86.91000366210938,0.0,86.91000366210938,86.66000366210938,86.69999694824219,0.0,21800
2021-06-28,82.58367919921875,0.0,87.5199966430664,0.0,87.58000183105469,86.95999908447266,87.0999984741211,0.0,37600
2021-06-29,82.82902526855469,0.0,87.77999877929688,0.0,87.9800033569336,87.62999725341797,87.80000305175781,0.0,31200
2021-06-30,82.69692993164062,0.0,87.63999938964844,0.0,87.79000091552734,87.45999908447266,87.52999877929688,0.0,24300
2021-07-01,83.15928649902344,0.0,88.12999725341797,0.0,88.22000122070312,87.77999877929688,87.77999877929688,0.0,24600
2021-07-02,83.52729797363281,0.0,88.5199966430664,0.0,88.55999755859375,88.20999908447266,88.30000305175781,0.0,31700
2021-07-06,83.0932388305664,0.0,88.05999755859375,0.0,88.52999877929688,87.5,88.52999877929688,0.0,49700
2021-07-07,83.54618072509766,0.0,88.54000091552734,0.0,88.62999725341797,87.87000274658203,88.26000213623047,0.0,85900
2021-07-08,82.76299285888672,0.0,87.70999908447266,0.0,88.0199966430664,87.18000030517578,87.5,0.0,26000
2021-07-09,83.67827606201172,0.0,88.68000030517578,0.0,88.69000244140625,88.11000061035156,88.12999725341797,0.0,66200
2021-07-12,83.87643432617188,0.0,88.88999938964844,0.0,88.93000030517578,88.69999694824219,88.81999969482422,0.0,23200
2021-07-13,83.3857650756836,0.0,88.37000274658203,0.0,88.9000015258789,88.37000274658203,88.9000015258789,0.0,81600
2021-07-14,83.30084991455078,0.0,88.27999877929688,0.0,88.87000274658203,88.2300033569336,88.66999816894531,0.0,168000
2021-07-15,83.24421691894531,0.0,88.22000122070312,0.0,88.27999877929688,87.81999969482422,88.08999633789062,0.0,31700
2021-07-16,82.8761978149414,0.0,87.83000183105469,0.0,88.5199966430664,87.80000305175781,88.5199966430664,0.0,54100
2021-07-19,81.9326171875,0.0,86.83000183105469,0.0,87.05000305175781,86.3499984741211,87.0,0.0,103800
2021-07-20,83.18759155273438,0.0,88.16000366210938,0.0,88.37000274658203,87.27999877929688,87.30999755859375,0.0,39300
2021-07-21,83.73490142822266,0.0,88.73999786376953,0.0,88.73999786376953,88.31999969482422,88.48999786376953,0.0,91400
2021-07-22,83.93303680419922,0.0,88.94999694824219,0.0,88.94999694824219,88.45999908447266,88.72000122070312,0.0,57300
2021-07-23,84.97100830078125,0.0,90.05000305175781,0.0,90.05000305175781,89.41000366210938,89.51000213623047,0.0,82600
2021-07-26,84.81060028076172,0.0,89.87999725341797,0.0,90.18000030517578,89.69000244140625,90.02999877929688,0.0,52300
2021-07-27,84.60298919677734,0.0,89.66000366210938,0.0,89.88999938964844,89.0999984741211,89.88999938964844,0.0,28800
2021-07-28,84.4897689819336,0.0,89.54000091552734,0.0,89.8499984741211,89.25,89.8499984741211,0.0,98200
2021-07-29,85.11256408691406,0.0,90.19999694824219,0.0,90.4000015258789,89.8499984741211,89.87000274658203,0.0,34800
2021-07-30,85.1502914428711,0.0,90.23999786376953,0.0,90.37000274658203,89.80999755859375,89.80999755859375,0.0,20300
2021-08-02,85.27296447753906,0.0,90.37000274658203,0.0,90.80000305175781,90.37000274658203,90.52999877929688,0.0,145800
2021-08-03,86.16937255859375,0.0,91.31999969482422,0.0,91.31999969482422,90.18000030517578,90.52999877929688,0.0,169600
2021-08-04,86.0184097290039,0.0,91.16000366210938,0.0,91.47000122070312,90.97000122070312,90.97000122070312,0.0,75100
2021-08-05,85.81079864501953,0.0,90.94000244140625,0.0,91.18000030517578,90.62999725341797,91.18000030517578,0.0,298300
2021-08-06,85.9995346069336,0.0,91.13999938964844,0.0,91.29000091552734,90.81999969482422,91.12999725341797,0.0,55200
2021-08-09,85.93348693847656,0.0,91.06999969482422,0.0,91.25,91.04000091552734,91.22000122070312,0.0,63300
2021-08-10,85.867431640625,0.0,91.0,0.0,91.33000183105469,90.91999816894531,91.08000183105469,0.0,32200
2021-08-11,86.23542785644531,0.0,91.38999938964844,0.0,91.41000366210938,91.05000305175781,91.36000061035156,0.0,28600
2021-08-12,86.16937255859375,0.0,91.31999969482422,0.0,91.4000015258789,91.0999984741211,91.4000015258789,0.0,46600
2021-08-13,86.32035064697266,0.0,91.4800033569336,0.0,91.88999938964844,91.23999786376953,91.52999877929688,0.0,42200
2021-08-16,86.80158996582031,0.0,91.98999786376953,0.0,91.98999786376953,91.16999816894531,91.30000305175781,0.0,30700
2021-08-17,86.31090545654297,0.0,91.47000122070312,0.0,91.55999755859375,90.9000015258789,91.5,0.0,106100
2021-08-18,85.14085388183594,0.0,90.2300033569336,0.0,91.52999877929688,90.2300033569336,91.16999816894531,0.0,56800
2021-08-19,85.41448974609375,0.0,90.5199966430664,0.0,90.83000183105469,89.38999938964844,89.63999938964844,0.0,42000
2021-08-20,86.1127700805664,0.0,91.26000213623047,0.0,91.37999725341797,90.5999984741211,90.7300033569336,0.0,36600
2021-08-23,86.41470336914062,0.0,91.58000183105469,0.0,91.86000061035156,91.47000122070312,91.51000213623047,0.0,53800
2021-08-24,86.60343933105469,0.0,91.77999877929688,0.0,91.91999816894531,91.62000274658203,91.77999877929688,0.0,35300
2021-08-25,86.93368530273438,0.0,92.12999725341797,0.0,92.29000091552734,91.75,91.77999877929688,0.0,47200
2021-08-26,86.49019622802734,0.0,91.66000366210938,0.0,92.16000366210938,91.5999984741211,92.16000366210938,0.0,41300
2021-08-27,87.36773681640625,0.0,92.58999633789062,0.0,92.66999816894531,91.81999969482422,91.91000366210938,0.0,104100
2021-08-30,87.67913055419922,0.0,92.91999816894531,0.0,93.18000030517578,92.62000274658203,92.62000274658203,0.0,65900
2021-08-31,87.3771743774414,0.0,92.5999984741211,0.0,92.9800033569336,92.51000213623047,92.9800033569336,0.0,31700
2021-09-01,87.41492462158203,0.0,92.63999938964844,0.0,92.93000030517578,92.27999877929688,92.93000030517578,0.0,49900
2021-09-02,87.83953094482422,0.0,93.08999633789062,0.0,93.26000213623047,93.0199966430664,93.05000305175781,0.0,141900
2021-09-03,87.95279693603516,0.0,93.20999908447266,0.0,93.37999725341797,92.87999725341797,93.0,0.0,27400
2021-09-07,86.97144317626953,0.0,92.16999816894531,0.0,92.98999786376953,92.1500015258789,92.98999786376953,0.0,67600
2021-09-08,86.82988739013672,0.0,92.0199966430664,0.0,92.22000122070312,91.7699966430664,92.12999725341797,0.0,53600
2021-09-09,86.39583587646484,0.0,91.55999755859375,0.0,92.16999816894531,91.55999755859375,91.87000274658203,0.0,41800
2021-09-10,86.04670715332031,0.0,91.19000244140625,0.0,91.94999694824219,91.18000030517578,91.9000015258789,0.0,34300
2021-09-13,85.83911895751953,0.0,90.97000122070312,0.0,91.70999908447266,90.55999755859375,91.70999908447266,0.0,47400
2021-09-14,85.32955169677734,0.0,90.43000030517578,0.0,91.27999877929688,90.33999633789062,91.19000244140625,0.0,232500
2021-09-15,85.92403411865234,0.0,91.05999755859375,0.0,91.2300033569336,90.31999969482422,90.47000122070312,0.0,57800
2021-09-16,85.867431640625,0.0,91.0,0.0,91.2699966430664,90.63999938964844,90.93000030517578,0.0,276200
2021-09-17,85.44281005859375,0.0,90.55000305175781,0.0,91.06999969482422,90.47000122070312,90.87000274658203,0.0,32200
2021-09-20,84.0746078491211,0.0,89.0999984741211,0.0,89.61000061035156,88.20999908447266,89.16999816894531,0.0,84300
2021-09-21,84.02741241455078,0.0,89.05000305175781,0.0,89.69999694824219,88.7300033569336,89.5999984741211,0.0,51200
2021-09-22,84.5369644165039,0.0,89.58999633789062,0.0,90.0,89.18000030517578,89.55000305175781,0.0,61300
2021-09-23,85.43338012695312,0.0,90.54000091552734,0.0,90.94999694824219,90.02999877929688,90.02999877929688,0.0,49200
2021-09-24,85.47113037109375,0.0,90.58000183105469,0.0,90.66000366210938,90.06999969482422,90.06999969482422,0.0,46600
2021-09-27,85.00873565673828,0.0,90.08999633789062,0.0,90.44999694824219,89.83999633789062,90.44999694824219,0.0,71700
2021-09-28,83.02718353271484,0.0,87.98999786376953,0.0,89.44000244140625,87.87999725341797,89.37000274658203,0.0,53800
2021-09-29,83.18759155273438,0.0,88.16000366210938,0.0,88.69999694824219,88.11000061035156,88.29000091552734,0.0,45000
2021-09-30,82.0835952758789,0.0,86.98999786376953,0.0,88.79000091552734,86.94999694824219,88.58999633789062,0.0,73600
2021-10-01,82.46102905273438,0.0,87.38999938964844,0.0,87.7699966430664,86.16999816894531,87.20999908447266,0.0,52100
2021-10-04,81.29096221923828,0.0,86.1500015258789,0.0,87.2300033569336,85.80999755859375,87.0,0.0,55600
2021-10-05,82.00811767578125,0.0,86.91000366210938,0.0,87.41000366210938,86.30000305175781,86.33999633789062,0.0,251100
2021-10-06,82.16852569580078,0.0,87.08000183105469,0.0,87.08000183105469,85.86000061035156,86.33999633789062,0.0,220600
2021-10-07,82.9988784790039,0.0,87.95999908447266,0.0,88.68000030517578,87.80999755859375,87.80999755859375,0.0,42900
2021-10-08,82.80072021484375,0.0,87.75,0.0,88.23999786376953,87.5999984741211,88.23999786376953,0.0,20600
2021-10-11,82.2723159790039,0.0,87.19000244140625,0.0,88.25,87.18000030517578,87.58000183105469,0.0,44900
2021-10-12,82.15907287597656,0.0,87.06999969482422,0.0,87.62999725341797,86.91000366210938,87.3499984741211,0.0,33600
2021-10-13,82.39497375488281,0.0,87.31999969482422,0.0,87.5,86.7300033569336,87.26000213623047,0.0,39200
2021-10-14,83.79151153564453,0.0,88.80000305175781,0.0,88.83000183105469,88.12000274658203,88.12000274658203,0.0,35300
2021-10-15,84.30105590820312,0.0,89.33999633789062,0.0,89.61000061035156,89.2300033569336,89.25,0.0,66200
2021-10-18,84.76341247558594,0.0,89.83000183105469,0.0,89.83999633789062,88.9000015258789,89.13999938964844,0.0,60300
2021-10-19,85.3956298828125,0.0,90.5,0.0,90.54000091552734,90.1500015258789,90.20999908447266,0.0,43600
2021-10-20,86.10332489013672,0.0,91.25,0.0,91.33999633789062,90.7699966430664,90.7699966430664,0.0,59400
2021-10-21,86.73551177978516,0.0,91.91999816894531,0.0,91.93000030517578,91.05000305175781,91.05000305175781,0.0,25600
2021-10-22,87.0657958984375,0.0,92.2699966430664,0.0,92.51000213623047,91.88999938964844,92.04000091552734,0.0,47800
2021-10-25,87.28282165527344,0.0,92.5,0.0,92.81999969482422,92.29000091552734,92.33999633789062,0.0,40700
2021-10-26,86.71665954589844,0.0,91.9000015258789,0.0,92.77999877929688,91.9000015258789,92.77999877929688,0.0,36600
2021-10-27,85.97122955322266,0.0,91.11000061035156,0.0,92.08999633789062,91.05000305175781,92.05999755859375,0.0,229200
2021-10-28,87.16014862060547,0.0,92.37000274658203,0.0,92.37000274658203,91.5199966430664,91.5199966430664,0.0,232400
2021-10-29,87.61308288574219,0.0,92.8499984741211,0.0,92.91999816894531,92.0,92.0,0.0,21100
2021-11-01,87.52816009521484,0.0,92.76000213623047,0.0,93.08999633789062,92.37999725341797,92.9000015258789,0.0,75200
2021-11-02,87.36773681640625,0.0,92.58999633789062,0.0,92.79000091552734,92.47000122070312,92.76000213623047,0.0,95900
2021-11-03,87.96221160888672,0.0,93.22000122070312,0.0,93.23999786376953,92.3499984741211,92.62999725341797,0.0,97800
2021-11-04,88.57554626464844,0.0,93.87000274658203,0.0,94.01000213623047,93.25,93.37000274658203,0.0,61000
2021-11-05,88.29244995117188,0.0,93.56999969482422,0.0,94.25,93.16000366210938,94.02999877929688,0.0,73300
2021-11-08,88.66044616699219,0.0,93.95999908447266,0.0,94.05000305175781,93.56999969482422,93.7699966430664,0.0,64500
2021-11-09,88.73595428466797,0.0,94.04000091552734,0.0,94.33000183105469,93.72000122070312,93.9800033569336,0.0,38900
2021-11-10,87.93390655517578,0.0,93.19000244140625,0.0,93.98999786376953,93.02999877929688,93.88999938964844,0.0,35300
2021-11-11,88.30191040039062,0.0,93.58000183105469,0.0,93.6500015258789,93.31999969482422,93.5199966430664,0.0,41300
2021-11-12,89.38703918457031,0.0,94.7300033569336,0.0,94.86000061035156,93.93000030517578,94.02999877929688,0.0,27200
2021-11-15,89.3115463256836,0.0,94.6500015258789,0.0,95.19000244140625,94.52999877929688,95.19000244140625,0.0,47200
2021-11-16,90.15135192871094,0.0,95.54000091552734,0.0,95.87999725341797,94.69000244140625,94.69000244140625,0.0,40000
2021-11-17,89.50969696044922,0.0,94.86000061035156,0.0,95.56999969482422,94.80999755859375,95.56999969482422,0.0,71100
2021-11-18,89.4814224243164,0.0,94.83000183105469,0.0,95.1500015258789,94.37000274658203,95.1500015258789,0.0,17000
2021-11-19,89.20775604248047,0.0,94.54000091552734,0.0,95.26000213623047,94.54000091552734,94.87999725341797,0.0,166300
2021-11-22,88.84919738769531,0.0,94.16000366210938,0.0,95.23999786376953,94.12000274658203,94.91999816894531,0.0,52300
2021-11-23,88.9813003540039,0.0,94.30000305175781,0.0,94.31999969482422,93.19999694824219,94.0199966430664,0.0,26700
2021-11-24,89.16058349609375,0.0,94.48999786376953,0.0,94.48999786376953,93.87999725341797,94.20999908447266,0.0,27200
2021-11-26,87.68856048583984,0.0,92.93000030517578,0.0,93.86000061035156,92.77999877929688,93.31999969482422,0.0,24400
2021-11-29,88.50950622558594,0.0,93.80000305175781,0.0,94.19000244140625,93.05000305175781,93.88999938964844,0.0,46700
2021-11-30,86.59398651123047,0.0,91.7699966430664,0.0,93.66000366210938,91.61000061035156,93.3499984741211,0.0,48300
2021-12-01,85.70701599121094,0.0,90.83000183105469,0.0,93.25,90.81999969482422,93.0,0.0,61800
2021-12-02,86.82988739013672,0.0,92.0199966430664,0.0,92.41000366210938,90.7300033569336,90.88999938964844,0.0,62600
2021-12-03,86.24486541748047,0.0,91.4000015258789,0.0,92.62999725341797,90.52999877929688,92.62999725341797,0.0,153400
2021-12-06,87.08464813232422,0.0,92.29000091552734,0.0,92.62999725341797,91.55000305175781,92.01000213623047,0.0,40700
2021-12-07,88.9246597290039,0.0,94.23999786376953,0.0,94.54000091552734,93.33999633789062,93.45999908447266,0.0,107300
2021-12-08,89.44365692138672,0.0,94.79000091552734,0.0,94.83999633789062,94.08999633789062,94.69999694824219,0.0,71800
2021-12-09,88.67933654785156,0.0,93.9800033569336,0.0,94.68000030517578,93.9800033569336,94.68000030517578,0.0,17100
2021-12-10,89.52857971191406,0.0,94.87999725341797,0.0,94.87999725341797,94.08999633789062,94.81999969482422,0.0,33900
2021-12-13,89.1134033203125,0.0,94.44000244140625,0.0,95.0,94.30999755859375,95.0,0.0,27600
2021-12-14,88.47176361083984,0.0,93.76000213623047,0.0,94.23999786376953,93.30000305175781,93.69000244140625,0.0,35800
2021-12-15,90.34950256347656,0.0,95.75,0.0,95.80999755859375,93.69000244140625,93.88999938964844,0.0,257200
2021-12-16,89.3115463256836,0.0,94.6500015258789,0.0,96.04000091552734,94.33000183105469,96.04000091552734,0.0,54100
2021-12-17,88.37739562988281,0.0,93.66000366210938,0.0,94.68000030517578,93.4800033569336,94.2699966430664,0.0,74300
2021-12-20,87.2847900390625,0.0,92.3499984741211,0.154,92.72000122070312,91.62000274658203,92.72000122070312,0.0,46800
2021-12-21,88.74979400634766,0.0,93.9000015258789,0.0,93.9000015258789,92.9000015258789,92.91999816894531,0.0,403000
2021-12-22,89.52481842041016,0.0,94.72000122070312,0.0,94.72000122070312,93.81999969482422,93.9000015258789,0.0,293500
2021-12-23,90.22421264648438,0.0,95.45999908447266,0.0,95.73999786376953,95.05999755859375,95.0999984741211,0.0,173400
2021-12-27,91.63249969482422,0.0,96.94999694824219,0.0,96.94999694824219,95.86000061035156,95.86000061035156,0.0,124600
2021-12-28,91.6419448852539,0.0,96.95999908447266,0.0,97.30999755859375,96.83000183105469,96.94999694824219,0.0,81300
2021-12-29,92.25630950927734,0.0,97.61000061035156,0.0,97.76000213623047,97.16000366210938,97.18000030517578,0.0,245000
2021-12-30,91.8687744140625,0.0,97.19999694824219,0.0,97.9000015258789,97.06999969482422,97.86000061035156,0.0,149500
2021-12-31,91.70811462402344,0.0,97.02999877929688,0.0,97.44000244140625,97.0199966430664,97.22000122070312,0.0,29400
2022-01-03,91.38677978515625,0.0,96.69000244140625,0.0,97.25,96.08000183105469,97.19999694824219,0.0,170200
2022-01-04,91.37731170654297,0.0,96.68000030517578,0.0,97.0999984741211,96.30000305175781,96.86000061035156,0.0,97100
2022-01-05,89.81778717041016,0.0,95.02999877929688,0.0,96.94999694824219,94.94999694824219,96.77999877929688,0.0,326200
2022-01-06,89.77054595947266,0.0,94.9800033569336,0.0,95.56999969482422,94.47000122070312,94.83999633789062,0.0,299500
2022-01-07,89.16565704345703,0.0,94.33999633789062,0.0,95.08999633789062,94.19999694824219,95.02999877929688,0.0,334800
2022-01-10,89.39248657226562,0.0,94.58000183105469,0.0,94.61000061035156,92.94999694824219,94.05000305175781,0.0,200500
2022-01-11,90.22421264648438,0.0,95.45999908447266,0.0,95.51000213623047,93.88999938964844,94.62999725341797,0.0,172100
2022-01-12,90.0918960571289,0.0,95.31999969482422,0.0,95.88999938964844,94.94999694824219,95.61000061035156,0.0,58700
2022-01-13,89.33575439453125,0.0,94.5199966430664,0.0,95.88999938964844,94.44000244140625,95.88999938964844,0.0,188400
2022-01-14,89.51534271240234,0.0,94.70999908447266,0.0,94.72000122070312,93.52999877929688,94.19999694824219,0.0,301000
2022-01-18,87.76683044433594,0.0,92.86000061035156,0.0,94.12999725341797,92.77999877929688,94.12999725341797,0.0,183700
2022-01-19,86.84058380126953,0.0,91.87999725341797,0.0,93.52999877929688,91.87999725341797,93.37000274658203,0.0,53200
2022-01-20,85.7820053100586,0.0,90.76000213623047,0.0,93.3499984741211,90.66999816894531,92.3499984741211,0.0,80400
2022-01-21,84.59110260009766,0.0,89.5,0.0,91.30999755859375,89.43000030517578,90.41999816894531,0.0,170100
2022-01-24,85.55516815185547,0.0,90.5199966430664,0.0,90.6500015258789,86.94999694824219,88.43000030517578,0.0,692900
2022-01-25,83.99565887451172,0.0,88.87000274658203,0.0,89.95999908447266,87.68000030517578,89.26000213623047,0.0,98400
2022-01-26,83.53253936767578,0.0,88.37999725341797,0.0,90.5199966430664,87.87999725341797,90.08000183105469,0.0,185100
2022-01-27,82.66300201416016,0.0,87.45999908447266,0.0,89.27999877929688,87.0,88.9000015258789,0.0,81100
2022-01-28,84.3642807006836,0.0,89.26000213623047,0.0,89.26000213623047,86.62999725341797,87.30000305175781,0.0,182400
2022-01-31,85.63078308105469,0.0,90.5999984741211,0.0,90.61000061035156,88.94999694824219,89.2699966430664,0.0,206200
2022-02-01,85.87650299072266,0.0,90.86000061035156,0.0,91.08000183105469,89.95999908447266,90.9000015258789,0.0,121200
2022-02-02,86.93508911132812,0.0,91.9800033569336,0.0,92.16000366210938,91.08000183105469,91.16999816894531,0.0,198100
2022-02-03,85.25274658203125,0.0,90.19999694824219,0.0,91.22000122070312,90.16999816894531,90.72000122070312,0.0,178900
2022-02-04,85.01643371582031,0.0,89.94999694824219,0.0,90.66000366210938,89.06999969482422,89.88999938964844,0.0,76000
2022-02-07,84.81793975830078,0.0,89.73999786376953,0.0,90.5,89.62000274658203,90.26000213623047,0.0,73500
2022-02-08,85.84817504882812,0.0,90.83000183105469,0.0,91.05999755859375,89.9000015258789,89.94000244140625,0.0,67900
2022-02-09,87.27533721923828,0.0,92.33999633789062,0.0,92.51000213623047,91.72000122070312,91.72000122070312,0.0,68900
2022-02-10,85.68749237060547,0.0,90.66000366210938,0.0,92.30000305175781,90.37000274658203,91.23999786376953,0.0,50200
2022-02-11,84.42098236083984,0.0,89.31999969482422,0.0,91.06999969482422,89.0199966430664,90.69000244140625,0.0,78400
2022-02-14,83.8917007446289,0.0,88.76000213623047,0.0,89.45999908447266,88.12000274658203,89.19999694824219,0.0,99200
2022-02-15,85.12985229492188,0.0,90.06999969482422,0.0,90.12000274658203,89.63999938964844,89.87999725341797,0.0,43700
2022-02-16,85.41339874267578,0.0,90.37000274658203,0.0,90.55999755859375,89.30000305175781,89.68000030517578,0.0,38700
2022-02-17,83.84443664550781,0.0,88.70999908447266,0.0,89.81999969482422,88.68000030517578,89.69999694824219,0.0,47400
2022-02-18,83.5136489868164,0.0,88.36000061035156,0.0,89.05999755859375,87.9800033569336,88.87000274658203,0.0,39200
2022-02-22,82.43616485595703,0.0,87.22000122070312,0.0,88.52999877929688,86.62999725341797,87.87000274658203,0.0,76100
2022-02-23,81.0373306274414,0.0,85.73999786376953,0.0,87.9000015258789,85.68000030517578,87.72000122070312,0.0,155400
2022-02-24,82.26602935791016,0.0,87.04000091552734,0.0,87.19999694824219,83.41000366210938,83.95999908447266,0.0,159900
2022-02-25,84.45879364013672,0.0,89.36000061035156,0.0,89.47000122070312,87.37000274658203,87.37000274658203,0.0,93800
2022-02-28,84.49658966064453,0.0,89.4000015258789,0.0,89.69999694824219,88.27999877929688,88.37999725341797,0.0,227700
2022-03-01,83.43804168701172,0.0,88.27999877929688,0.0,89.6500015258789,87.87000274658203,89.0999984741211,0.0,72400
2022-03-02,85.00700378417969,0.0,89.94000244140625,0.0,90.37999725341797,88.58000183105469,88.58000183105469,0.0,99900
2022-03-03,84.97864532470703,0.0,89.91000366210938,0.0,90.63999938964844,89.2699966430664,90.63999938964844,0.0,99400
2022-03-04,84.59110260009766,0.0,89.5,0.0,89.6500015258789,88.44000244140625,89.08000183105469,0.0,63000
2022-03-07,82.02029418945312,0.0,86.77999877929688,0.0,89.16000366210938,86.70999908447266,89.16000366210938,0.0,187100
2022-03-08,80.98064422607422,0.0,85.68000030517578,0.0,87.91999816894531,85.68000030517578,86.75,0.0,88400
2022-03-09,82.93708038330078,0.0,87.75,0.0,88.22000122070312,87.08000183105469,87.30000305175781,0.0,85800
2022-03-10,82.49286651611328,0.0,87.27999877929688,0.0,87.44999694824219,86.23999786376953,86.80999755859375,0.0,113500
2022-03-11,81.40595245361328,0.0,86.12999725341797,0.0,88.01000213623047,86.12999725341797,87.83999633789062,0.0,61700
2022-03-14,81.01844787597656,0.0,85.72000122070312,0.0,87.1500015258789,85.45999908447266,86.66000366210938,0.0,67400
2022-03-15,82.82367706298828,0.0,87.62999725341797,0.0,87.77999877929688,86.3499984741211,86.37000274658203,0.0,72800
2022-03-16,84.29812622070312,0.0,89.19000244140625,0.0,89.19999694824219,87.16999816894531,88.44000244140625,0.0,68600
2022-03-17,85.52680969238281,0.0,90.48999786376953,0.0,90.51000213623047,88.91999816894531,88.95999908447266,0.0,109100
2022-03-18,86.45306396484375,0.0,91.47000122070312,0.0,91.62999725341797,90.1500015258789,90.2300033569336,0.0,171200
2022-03-21,86.2692642211914,0.0,91.05000305175781,0.226,91.79000091552734,90.45999908447266,91.30999755859375,0.0,61300
2022-03-22,87.04621887207031,0.0,91.87000274658203,0.0,92.08999633789062,91.43000030517578,91.43000030517578,0.0,69400
2022-03-23,85.58705139160156,0.0,90.33000183105469,0.0,91.33999633789062,90.30999755859375,91.33999633789062,0.0,126400
2022-03-24,86.71456909179688,0.0,91.5199966430664,0.0,91.55000305175781,90.51000213623047,90.75,0.0,55200
2022-03-25,87.0272445678711,0.0,91.8499984741211,0.0,91.91999816894531,91.19999694824219,91.7699966430664,0.0,57700
2022-03-28,87.3304443359375,0.0,92.16999816894531,0.0,92.19999694824219,91.22000122070312,91.79000091552734,0.0,41100
2022-03-29,88.30635833740234,0.0,93.19999694824219,0.0,93.41000366210938,92.4000015258789,93.0199966430664,0.0,88200
2022-03-30,87.699951171875,0.0,92.55999755859375,0.0,93.30000305175781,92.22000122070312,93.16999816894531,0.0,55900
2022-03-31,86.44927215576172,0.0,91.23999786376953,0.0,92.7300033569336,91.18000030517578,92.7300033569336,0.0,325000
2022-04-01,86.57245635986328,0.0,91.37000274658203,0.0,91.63999938964844,90.68000030517578,91.63999938964844,0.0,203600
2022-04-04,86.75247192382812,0.0,91.55999755859375,0.0,91.61000061035156,91.11000061035156,91.47000122070312,0.0,147700
2022-04-05,85.94710540771484,0.0,90.70999908447266,0.0,91.72000122070312,90.47000122070312,91.25,0.0,319300
2022-04-06,85.54916381835938,0.0,90.29000091552734,0.0,90.51000213623047,89.54000091552734,90.0,0.0,91200
2022-04-07,86.37348175048828,0.0,91.16000366210938,0.0,91.55000305175781,90.08000183105469,90.33000183105469,0.0,78200
2022-04-08,86.54401397705078,0.0,91.33999633789062,0.0,91.87999725341797,90.91999816894531,91.2699966430664,0.0,44400
2022-04-11,85.4923095703125,0.0,90.2300033569336,0.0,91.16000366210938,90.1500015258789,91.05000305175781,0.0,38600
2022-04-12,85.03750610351562,0.0,89.75,0.0,91.47000122070312,89.44999694824219,90.7300033569336,0.0,58400
2022-04-13,86.14606475830078,0.0,90.91999816894531,0.0,90.9800033569336,89.75,89.75,0.0,107300
2022-04-14,85.3122787475586,0.0,90.04000091552734,0.0,91.4000015258789,90.01000213623047,91.0,0.0,123600
2022-04-18,85.04698181152344,0.0,89.76000213623047,0.0,90.20999908447266,89.4000015258789,89.83000183105469,0.0,61800
2022-04-19,86.47769927978516,0.0,91.2699966430664,0.0,91.44999694824219,89.87000274658203,89.87000274658203,0.0,135300
2022-04-20,87.16935729980469,0.0,92.0,0.0,92.5199966430664,91.7699966430664,91.94999694824219,0.0,130600
2022-04-21,85.8333969116211,0.0,90.58999633789062,0.0,92.86000061035156,90.41000366210938,92.68000030517578,0.0,94200
2022-04-22,83.43624114990234,0.0,88.05999755859375,0.0,90.33999633789062,88.0,90.33999633789062,0.0,90300
2022-04-25,84.00474548339844,0.0,88.66000366210938,0.0,88.70999908447266,86.66000366210938,87.69000244140625,0.0,174800
2022-04-26,81.94868469238281,0.0,86.48999786376953,0.0,88.1500015258789,86.44000244140625,88.1500015258789,0.0,136100
2022-04-27,81.73075103759766,0.0,86.26000213623047,0.0,87.33999633789062,86.02999877929688,86.58000183105469,0.0,97000
2022-04-28,83.42678833007812,0.0,88.05000305175781,0.0,88.44999694824219,86.18000030517578,87.37000274658203,0.0,181700
2022-04-29,81.02014923095703,0.0,85.51000213623047,0.0,88.1500015258789,85.38999938964844,87.80999755859375,0.0,105900
2022-05-02,81.3233413696289,0.0,85.83000183105469,0.0,86.19999694824219,84.02999877929688,85.58000183105469,0.0,191100
2022-05-03,82.00553894042969,0.0,86.55000305175781,0.0,87.02999877929688,85.8499984741211,85.8499984741211,0.0,79000
2022-05-04,84.2700424194336,0.0,88.94000244140625,0.0,89.16999816894531,86.0,86.52999877929688,0.0,230900
2022-05-05,81.74022674560547,0.0,86.2699966430664,0.0,88.16999816894531,85.54000091552734,88.16999816894531,0.0,72700
2022-05-06,80.88748168945312,0.0,85.37000274658203,0.0,86.04000091552734,84.55000305175781,85.66000366210938,0.0,66500
2022-05-09,78.79353332519531,0.0,83.16000366210938,0.0,84.70999908447266,82.70999908447266,84.36000061035156,0.0,367700
2022-05-10,78.9830322265625,0.0,83.36000061035156,0.0,84.4000015258789,82.5,84.29000091552734,0.0,229700
2022-05-11,77.7702407836914,0.0,82.08000183105469,0.0,84.3499984741211,82.04000091552734,83.01000213623047,0.0,100000
2022-05-12,78.39559173583984,0.0,82.73999786376953,0.0,83.08999633789062,81.37000274658203,81.68000030517578,0.0,188500
2022-05-13,79.90209197998047,0.0,84.33000183105469,0.0,84.61000061035156,83.5199966430664,83.66999816894531,0.0,210200
2022-05-16,79.8547134399414,0.0,84.27999877929688,0.0,84.95999908447266,83.5199966430664,84.18000030517578,0.0,73400
2022-05-17,81.43701934814453,0.0,85.94999694824219,0.0,86.0,84.7300033569336,85.54000091552734,0.0,104300
2022-05-18,78.11133575439453,0.0,82.44000244140625,0.0,84.68000030517578,82.19000244140625,84.68000030517578,0.0,108600
2022-05-19,77.75129699707031,0.0,82.05999755859375,0.0,82.94999694824219,81.33000183105469,81.81999969482422,0.0,229700
2022-05-20,77.91236114501953,0.0,82.2300033569336,0.0,82.80999755859375,80.44000244140625,82.6500015258789,0.0,90900
2022-05-23,78.97354125976562,0.0,83.3499984741211,0.0,83.56999969482422,82.4800033569336,83.0199966430664,0.0,100400
2022-05-24,78.49980163574219,0.0,82.8499984741211,0.0,83.18000030517578,81.5999984741211,82.80999755859375,0.0,183500
2022-05-25,79.22936248779297,0.0,83.62000274658203,0.0,84.0,82.55999755859375,82.55999755859375,0.0,172600
2022-05-26,80.9443359375,0.0,85.43000030517578,0.0,85.80999755859375,84.19000244140625,84.19000244140625,0.0,163200
2022-05-27,82.81089782714844,0.0,87.4000015258789,0.0,87.44999694824219,85.9800033569336,85.9800033569336,0.0,115800
2022-05-31,81.78760528564453,0.0,86.31999969482422,0.0,86.97000122070312,85.83999633789062,86.97000122070312,0.0,100400
2022-06-01,80.81167602539062,0.0,85.29000091552734,0.0,86.75,84.70999908447266,86.75,0.0,179300
2022-06-02,81.9581527709961,0.0,86.5,0.0,86.55000305175781,84.66000366210938,85.51000213623047,0.0,72600
2022-06-03,81.10540008544922,0.0,85.5999984741211,0.0,86.04000091552734,85.41999816894531,85.77999877929688,0.0,51800
2022-06-06,81.294921875,0.0,85.80000305175781,0.0,86.56999969482422,85.63999938964844,86.41999816894531,0.0,318300
2022-06-07,82.15711975097656,0.0,86.70999908447266,0.0,86.81999969482422,85.20999908447266,85.23999786376953,0.0,48500
2022-06-08,80.99171447753906,0.0,85.4800033569336,0.0,86.38999938964844,85.3499984741211,86.30000305175781,0.0,319300
2022-06-09,79.41888427734375,0.0,83.81999969482422,0.0,85.55000305175781,83.7699966430664,85.12999725341797,0.0,73200
2022-06-10,77.30596160888672,0.0,81.58999633789062,0.0,82.80000305175781,81.54000091552734,82.80000305175781,0.0,118800
2022-06-13,74.61508178710938,0.0,78.75,0.0,80.0199966430664,78.47000122070312,79.83999633789062,0.0,116400
2022-06-14,74.56770324707031,0.0,78.69999694824219,0.0,79.4000015258789,78.1500015258789,79.16000366210938,0.0,167000
2022-06-15,75.39202117919922,0.0,79.56999969482422,0.0,80.58999633789062,78.33999633789062,79.56999969482422,0.0,88500
2022-06-16,73.38333129882812,0.0,77.44999694824219,0.0,78.38999938964844,76.93000030517578,78.38999938964844,0.0,297600
2022-06-17,73.67706298828125,0.0,77.76000213623047,0.0,78.26000213623047,77.02999877929688,77.5,0.0,83500
2022-06-21,75.14148712158203,0.0,79.06999969482422,0.231,79.37000274658203,78.79000091552734,78.87999725341797,0.0,255700
2022-06-22,75.00846099853516,0.0,78.93000030517578,0.0,79.5999984741211,77.94999694824219,78.13999938964844,0.0,92900
2022-06-23,75.68317413330078,0.0,79.63999938964844,0.0,79.7699966430664,78.56999969482422,79.44000244140625,0.0,55000
2022-06-24,78.17300415039062,0.0,82.26000213623047,0.0,82.30000305175781,80.41000366210938,80.44000244140625,0.0,103400
2022-06-27,78.04946899414062,0.0,82.12999725341797,0.0,82.68000030517578,81.86000061035156,82.63999938964844,0.0,54000
2022-06-28,76.67151641845703,0.0,80.68000030517578,0.0,83.0999984741211,80.61000061035156,82.58999633789062,0.0,83500
2022-06-29,76.224853515625,0.0,80.20999908447266,0.0,80.69999694824219,79.83000183105469,80.69999694824219,0.0,56200
2022-06-30,75.64517211914062,0.0,79.5999984741211,0.0,80.44000244140625,78.54000091552734,79.37000274658203,0.0,91600
2022-07-01,76.3674087524414,0.0,80.36000061035156,0.0,80.5199966430664,78.87000274658203,79.5199966430664,0.0,68400
2022-07-05,76.60497283935547,0.0,80.61000061035156,0.0,80.61000061035156,78.63999938964844,79.33999633789062,0.0,68300
2022-07-06,76.8805923461914,0.0,80.9000015258789,0.0,81.45999908447266,80.04000091552734,80.80000305175781,0.0,95100
2022-07-07,78.32505798339844,0.0,82.41999816894531,0.0,82.58000183105469,81.61000061035156,81.61000061035156,0.0,62500
2022-07-08,78.1920166015625,0.0,82.27999877929688,0.0,82.69000244140625,81.77999877929688,82.36000061035156,0.0,90600
2022-07-11,77.42224884033203,0.0,81.47000122070312,0.0,82.01000213623047,81.37999725341797,81.81999969482422,0.0,78300
2022-07-12,77.06114959716797,0.0,81.08999633789062,0.0,81.98999786376953,80.69999694824219,81.44000244140625,0.0,768500
2022-07-13,76.58596801757812,0.0,80.58999633789062,0.0,81.06999969482422,79.5999984741211,80.12999725341797,0.0,129300
2022-07-14,75.84471893310547,0.0,79.80999755859375,0.0,79.91000366210938,78.52999877929688,79.5999984741211,0.0,129700
2022-07-15,77.49828338623047,0.0,81.55000305175781,0.0,81.55000305175781,80.29000091552734,80.91999816894531,0.0,119700
2022-07-18,76.98511505126953,0.0,81.01000213623047,0.0,82.44999694824219,80.77999877929688,82.2300033569336,0.0,75000
2022-07-19,79.40843200683594,0.0,83.55999755859375,0.0,83.66999816894531,82.01000213623047,82.04000091552734,0.0,86500
2022-07-20,79.98810577392578,0.0,84.16999816894531,0.0,84.27999877929688,83.08999633789062,83.51000213623047,0.0,64900
2022-07-21,80.23519134521484,0.0,84.43000030517578,0.0,84.43000030517578,83.0,83.91999816894531,0.0,138900
2022-07-22,79.18985748291016,0.0,83.33000183105469,0.0,84.52999877929688,82.83999633789062,84.4000015258789,0.0,367200
2022-07-25,79.38941955566406,0.0,83.54000091552734,0.0,83.75,83.05999755859375,83.51000213623047,0.0,85500
2022-07-26,78.32505798339844,0.0,82.41999816894531,0.0,83.3499984741211,82.2300033569336,83.3499984741211,0.0,112100
2022-07-27,79.89309692382812,0.0,84.06999969482422,0.0,84.44000244140625,82.43000030517578,82.8499984741211,0.0,172300
2022-07-28,80.6438217163086,0.0,84.86000061035156,0.0,84.88999938964844,82.94999694824219,84.20999908447266,0.0,257500
2022-07-29,81.59413146972656,0.0,85.86000061035156,0.0,86.08000183105469,84.86000061035156,85.0,0.0,129400
2022-08-01,81.20452880859375,0.0,85.44999694824219,0.0,85.77999877929688,84.91999816894531,85.33000183105469,0.0,92000
2022-08-02,80.2161865234375,0.0,84.41000366210938,0.0,85.55999755859375,84.26000213623047,85.12999725341797,0.0,84200
2022-08-03,81.2140121459961,0.0,85.45999908447266,0.0,85.77999877929688,84.77999877929688,85.02999877929688,0.0,186900
2022-08-04,81.34705352783203,0.0,85.5999984741211,0.0,85.81999969482422,85.33999633789062,85.52999877929688,0.0,125500
2022-08-05,81.50862884521484,0.0,85.7699966430664,0.0,85.8499984741211,84.7699966430664,84.7699966430664,0.0,94600
2022-08-08,81.86973571777344,0.0,86.1500015258789,0.0,86.94000244140625,86.05000305175781,86.22000122070312,0.0,69600
2022-08-09,81.12849426269531,0.0,85.37000274658203,0.0,86.06999969482422,85.05999755859375,86.06999969482422,0.0,377900
2022-08-10,83.37124633789062,0.0,87.7300033569336,0.0,87.91000366210938,86.88999938964844,87.0199966430664,0.0,267800
2022-08-11,83.74185943603516,0.0,88.12000274658203,0.0,89.0999984741211,87.91999816894531,88.41999816894531,0.0,217300
2022-08-12,84.98678588867188,0.0,89.43000030517578,0.0,89.51000213623047,88.45999908447266,88.69999694824219,0.0,140500
2022-08-15,85.07231903076172,0.0,89.5199966430664,0.0,89.58999633789062,88.79000091552734,88.98999786376953,0.0,142500
2022-08-16,85.39542388916016,0.0,89.86000061035156,0.0,90.30999755859375,89.22000122070312,89.48999786376953,0.0,548000
2022-08-17,84.46410369873047,0.0,88.87999725341797,0.0,89.43000030517578,88.33999633789062,89.01000213623047,0.0,311200
2022-08-18,84.81574249267578,0.0,89.25,0.0,89.45999908447266,88.77999877929688,89.12000274658203,0.0,234600
2022-08-19,83.43775939941406,0.0,87.80000305175781,0.0,88.79000091552734,87.58000183105469,88.79000091552734,0.0,94400
2022-08-22,81.6796646118164,0.0,85.94999694824219,0.0,86.73999786376953,85.77999877929688,86.69000244140625,0.0,138700
2022-08-23,81.62264251708984,0.0,85.88999938964844,0.0,86.72000122070312,85.80000305175781,86.02999877929688,0.0,134600
2022-08-24,81.94576263427734,0.0,86.2300033569336,0.0,86.55999755859375,85.7300033569336,85.94000244140625,0.0,92600
2022-08-25,83.31422424316406,0.0,87.66999816894531,0.0,87.72000122070312,86.44000244140625,86.58999633789062,0.0,95200
2022-08-26,80.4917984008789,0.0,84.69999694824219,0.0,87.87000274658203,84.66000366210938,87.87000274658203,0.0,142100
2022-08-29,79.76004791259766,0.0,83.93000030517578,0.0,84.73999786376953,83.69999694824219,84.16000366210938,0.0,409200
2022-08-30,78.97126007080078,0.0,83.0999984741211,0.0,84.25,82.69000244140625,84.25,0.0,170800
2022-08-31,78.41059112548828,0.0,82.51000213623047,0.0,83.56999969482422,82.33999633789062,83.41000366210938,0.0,97400
2022-09-01,78.57215118408203,0.0,82.68000030517578,0.0,82.7300033569336,81.18000030517578,82.08000183105469,0.0,230800
2022-09-02,78.0779800415039,0.0,82.16000366210938,0.0,84.05999755859375,81.81999969482422,83.68000030517578,0.0,162500
2022-09-06,77.47927856445312,0.0,81.52999877929688,0.0,82.38999938964844,81.13999938964844,82.38999938964844,0.0,106400
2022-09-07,79.01881408691406,0.0,83.1500015258789,0.0,83.27999877929688,81.44999694824219,81.44999694824219,0.0,123800
2022-09-08,80.07365417480469,0.0,84.26000213623047,0.0,84.30999755859375,82.30999755859375,82.9000015258789,0.0,261900
2022-09-09,81.26155853271484,0.0,85.51000213623047,0.0,85.69999694824219,84.83999633789062,84.83999633789062,0.0,98400
2022-09-12,81.6796646118164,0.0,85.94999694824219,0.0,86.2699966430664,85.54000091552734,85.87000274658203,0.0,197000
2022-09-13,77.97344970703125,0.0,82.05000305175781,0.0,84.0199966430664,81.8499984741211,84.0,0.0,149100
2022-09-14,77.89742279052734,0.0,81.97000122070312,0.0,82.38999938964844,81.25,82.38999938964844,0.0,111100
2022-09-15,77.53629302978516,0.0,81.58999633789062,0.0,82.58000183105469,81.26000213623047,81.69000244140625,0.0,87200
2022-09-16,76.65251922607422,0.0,80.66000366210938,0.0,80.76000213623047,79.94000244140625,80.6500015258789,0.0,127400
2022-09-19,77.39643096923828,0.0,81.1500015258789,0.29,81.19000244140625,79.55999755859375,79.5999984741211,0.0,276900
2022-09-20,76.08026123046875,0.0,79.7699966430664,0.0,80.41000366210938,79.1500015258789,80.41000366210938,0.0,68100
2022-09-21,74.86898803710938,0.0,78.5,0.0,80.8499984741211,78.5,80.31999969482422,0.0,106600
2022-09-22,73.88666534423828,0.0,77.47000122070312,0.0,78.37999725341797,77.33999633789062,78.30999755859375,0.0,113700
2022-09-23,72.83753967285156,0.0,76.37000274658203,0.0,76.69999694824219,75.27999877929688,76.62999725341797,0.0,187900
2022-09-26,71.63581085205078,0.0,75.11000061035156,0.0,76.63999938964844,74.97000122070312,76.05000305175781,0.0,176500
2022-09-27,71.8265609741211,0.0,75.30999755859375,0.0,76.33000183105469,74.73999786376953,75.98999786376953,0.0,117400
2022-09-28,73.5814437866211,0.0,77.1500015258789,0.0,77.5199966430664,75.61000061035156,75.7699966430664,0.0,262300
2022-09-29,72.3415756225586,0.0,75.8499984741211,0.0,76.37999725341797,75.29000091552734,76.37999725341797,0.0,108500
2022-09-30,71.3687744140625,0.0,74.83000183105469,0.0,76.58000183105469,74.7699966430664,75.69000244140625,0.0,175900
2022-10-03,73.81987762451172,0.0,77.4000015258789,0.0,77.79000091552734,75.7699966430664,75.83999633789062,0.0,205000
2022-10-04,76.19469451904297,0.0,79.88999938964844,0.0,79.91000366210938,78.69000244140625,78.69000244140625,0.0,231200
2022-10-05,75.94672393798828,0.0,79.62999725341797,0.0,80.13999938964844,78.56999969482422,78.94999694824219,0.0,159400
2022-10-06,75.43170166015625,0.0,79.08999633789062,0.0,79.94000244140625,78.94000244140625,79.30000305175781,0.0,141400
2022-10-07,73.53376770019531,0.0,77.0999984741211,0.0,78.25,76.68000030517578,78.25,0.0,102400
2022-10-10,73.28577423095703,0.0,76.83999633789062,0.0,77.4000015258789,76.31999969482422,77.31999969482422,0.0,53700
2022-10-11,72.73262023925781,0.0,76.26000213623047,0.0,77.5,75.88999938964844,76.5,0.0,117200
2022-10-12,72.3988037109375,0.0,75.91000366210938,0.0,76.51000213623047,75.75,76.31999969482422,0.0,161200
2022-10-13,74.22045135498047,0.0,77.81999969482422,0.0,78.20999908447266,73.70999908447266,74.45999908447266,0.0,128400
2022-10-14,72.28435516357422,0.0,75.79000091552734,0.0,78.4800033569336,75.69000244140625,78.4800033569336,0.0,134100
2022-10-17,73.73405456542969,0.0,77.30999755859375,0.0,77.69999694824219,76.97000122070312,77.25,0.0,238500
2022-10-18,74.74501037597656,0.0,78.37000274658203,0.0,79.19000244140625,77.58999633789062,78.91999816894531,0.0,444700
2022-10-19,73.51467895507812,0.0,77.08000183105469,0.0,78.08999633789062,76.55000305175781,77.83999633789062,0.0,146200
2022-10-20,72.86612701416016,0.0,76.4000015258789,0.0,78.12000274658203,76.16000366210938,77.05000305175781,0.0,192800
2022-10-21,74.52565002441406,0.0,78.13999938964844,0.0,78.16999816894531,75.91999816894531,76.19000244140625,0.0,98800
2022-10-24,75.64153289794922,0.0,79.30999755859375,0.0,79.5,78.16999816894531,78.51000213623047,0.0,226300
2022-10-25,77.17706298828125,0.0,80.91999816894531,0.0,80.97000122070312,79.33999633789062,79.33999633789062,0.0,431100
2022-10-26,77.09123229980469,0.0,80.83000183105469,0.0,81.86000061035156,80.58999633789062,80.70999908447266,0.0,298600
2022-10-27,76.84325408935547,0.0,80.56999969482422,0.0,81.56999969482422,80.3499984741211,81.2699966430664,0.0,602600
2022-10-28,78.6839828491211,0.0,82.5,0.0,82.58999633789062,80.70999908447266,80.70999908447266,0.0,189000
2022-10-31,78.14989471435547,0.0,81.94000244140625,0.0,82.51000213623047,81.80999755859375,82.2300033569336,0.0,195200
2022-11-01,78.455078125,0.0,82.26000213623047,0.0,83.01000213623047,81.7300033569336,83.0,0.0,360200
2022-11-02,76.3949966430664,0.0,80.0999984741211,0.0,82.98999786376953,80.0999984741211,81.91000366210938,0.0,246400
2022-11-03,75.98487854003906,0.0,79.66999816894531,0.0,80.19999694824219,78.7300033569336,79.4000015258789,0.0,279600
2022-11-04,77.24382781982422,0.0,80.98999786376953,0.0,81.51000213623047,79.66999816894531,80.88999938964844,0.0,285100
2022-11-07,78.17849731445312,0.0,81.97000122070312,0.0,82.0199966430664,80.80999755859375,81.51000213623047,0.0,165400
2022-11-08,78.7221450805664,0.0,82.54000091552734,0.0,83.33000183105469,81.69000244140625,82.19999694824219,0.0,276300
2022-11-09,77.20567321777344,0.0,80.94999694824219,0.0,82.5199966430664,80.83999633789062,82.16000366210938,0.0,156400
2022-11-10,81.90763854980469,0.0,85.87999725341797,0.0,86.0,83.98999786376953,84.05999755859375,0.0,153400
2022-11-11,82.975830078125,0.0,87.0,0.0,87.29000091552734,85.80000305175781,86.33000183105469,0.0,192500
2022-11-14,81.94579315185547,0.0,85.91999816894531,0.0,87.30000305175781,85.91999816894531,86.77999877929688,0.0,170700
2022-11-15,82.61343383789062,0.0,86.62000274658203,0.0,87.45999908447266,85.70999908447266,87.38999938964844,0.0,258800
2022-11-16,81.2018814086914,0.0,85.13999938964844,0.0,86.08000183105469,84.98999786376953,86.08000183105469,0.0,228700
2022-11-17,80.9252700805664,0.0,84.8499984741211,0.0,84.91999816894531,83.63999938964844,84.05999755859375,0.0,201800
2022-11-18,81.43077087402344,0.0,85.37999725341797,0.0,85.66999816894531,84.5,85.66999816894531,0.0,197100
2022-11-21,81.19232940673828,0.0,85.12999725341797,0.0,85.2699966430664,84.5999984741211,85.16999816894531,0.0,182000
2022-11-22,82.34636688232422,0.0,86.33999633789062,0.0,86.4000015258789,85.44999694824219,85.81999969482422,0.0,355600
2022-11-23,82.80415344238281,0.0,86.81999969482422,0.0,87.02999877929688,86.30000305175781,86.41000366210938,0.0,437700
2022-11-25,82.79463195800781,0.0,86.80999755859375,0.0,86.86000061035156,86.62999725341797,86.81999969482422,0.0,129800
2022-11-28,81.4498519897461,0.0,85.4000015258789,0.0,86.45999908447266,85.22000122070312,86.05999755859375,0.0,129700
2022-11-29,81.7836685180664,0.0,85.75,0.0,85.95999908447266,85.25,85.44999694824219,0.0,527400
2022-11-30,83.91051483154297,0.0,87.9800033569336,0.0,87.9800033569336,84.98999786376953,85.8499984741211,0.0,238600
2022-12-01,83.65299224853516,0.0,87.70999908447266,0.0,88.38999938964844,87.3499984741211,88.29000091552734,0.0,176500
2022-12-02,83.55763244628906,0.0,87.61000061035156,0.0,87.80000305175781,86.7300033569336,86.76000213623047,0.0,197500
2022-12-05,82.0316390991211,0.0,86.01000213623047,0.0,87.12999725341797,85.61000061035156,87.12999725341797,0.0,240900
2022-12-06,80.88713836669922,0.0,84.80999755859375,0.0,85.94000244140625,84.16000366210938,85.91999816894531,0.0,229200
2022-12-07,80.8489761352539,0.0,84.7699966430664,0.0,85.37000274658203,84.43000030517578,84.61000061035156,0.0,372900
2022-12-08,81.39262390136719,0.0,85.33999633789062,0.0,85.73999786376953,84.79000091552734,85.26000213623047,0.0,294500
2022-12-09,80.73454284667969,0.0,84.6500015258789,0.0,85.47000122070312,84.61000061035156,85.19000244140625,0.0,245400
2022-12-12,81.72643280029297,0.0,85.69000244140625,0.0,85.75,84.43000030517578,84.86000061035156,0.0,228300
2022-12-13,82.36544036865234,0.0,86.36000061035156,0.0,88.4000015258789,85.83000183105469,88.30000305175781,0.0,469100
2022-12-14,81.72643280029297,0.0,85.69000244140625,0.0,86.91999816894531,85.19000244140625,86.37999725341797,0.0,329300
2022-12-15,80.04784393310547,0.0,83.93000030517578,0.0,84.83000183105469,83.54000091552734,84.83000183105469,0.0,278800
2022-12-16,79.15132141113281,0.0,82.98999786376953,0.0,83.45999908447266,82.41999816894531,83.33999633789062,0.0,386300
2022-12-19,78.3467025756836,0.0,81.88999938964844,0.259,82.95999908447266,81.41999816894531,82.95999908447266,0.0,270600
2022-12-20,78.56675720214844,0.0,82.12000274658203,0.0,82.43000030517578,81.41999816894531,81.80999755859375,0.0,260300
2022-12-21,79.98272705078125,0.0,83.5999984741211,0.0,83.66000366210938,82.72000122070312,82.83000183105469,0.0,392200
2022-12-22,78.89204406738281,0.0,82.45999908447266,0.0,83.02999877929688,81.0,83.02999877929688,0.0,417900
2022-12-23,79.1790771484375,0.0,82.76000213623047,0.0,82.76000213623047,81.7300033569336,82.19999694824219,0.0,239000
2022-12-27,78.74852752685547,0.0,82.30999755859375,0.0,82.81999969482422,82.01000213623047,82.81999969482422,0.0,282500
2022-12-28,77.75352478027344,0.0,81.2699966430664,0.0,82.75,81.22000122070312,82.19999694824219,0.0,277400
2022-12-29,79.37040710449219,0.0,82.95999908447266,0.0,83.19000244140625,81.70999908447266,81.81999969482422,0.0,451900
2022-12-30,79.02598571777344,0.0,82.5999984741211,0.0,82.5999984741211,81.75,82.30999755859375,0.0,360600
2023-01-03,78.52850341796875,0.0,82.08000183105469,0.0,83.2300033569336,81.55999755859375,83.16000366210938,0.0,173300
2023-01-04,79.46609497070312,0.0,83.05999755859375,0.0,83.47000122070312,82.25,82.68000030517578,0.0,457300
2023-01-05,78.55718231201172,0.0,82.11000061035156,0.0,82.54000091552734,81.62000274658203,82.52999877929688,0.0,296100
2023-01-06,80.60458374023438,0.0,84.25,0.0,84.4000015258789,82.2300033569336,82.87000274658203,0.0,155800
2023-01-09,80.65243530273438,0.0,84.30000305175781,0.0,85.52999877929688,84.2300033569336,84.77999877929688,0.0,402700
2023-01-10,81.32215118408203,0.0,85.0,0.0,85.01000213623047,83.97000122070312,84.18000030517578,0.0,159100
2023-01-11,82.41281127929688,0.0,86.13999938964844,0.0,86.13999938964844,85.11000061035156,85.33000183105469,0.0,663500
2023-01-12,82.56590270996094,0.0,86.30000305175781,0.0,86.62999725341797,85.08000183105469,86.4800033569336,0.0,163100
2023-01-13,82.84334564208984,0.0,86.58999633789062,0.0,86.69999694824219,85.51000213623047,85.55000305175781,0.0,125900
2023-01-17,82.8816146850586,0.0,86.62999725341797,0.0,87.05999755859375,86.41000366210938,86.69000244140625,0.0,207000
2023-01-18,82.11624145507812,0.0,85.83000183105469,0.0,87.79000091552734,85.81999969482422,87.04000091552734,0.0,227500
2023-01-19,81.34127044677734,0.0,85.0199966430664,0.0,85.55000305175781,84.5,85.37999725341797,0.0,189700
2023-01-20,83.29299926757812,0.0,87.05999755859375,0.0,87.08999633789062,85.16999816894531,85.5,0.0,175400
2023-01-23,84.76637268066406,0.0,88.5999984741211,0.0,88.83000183105469,87.2699966430664,87.43000030517578,0.0,220300
2023-01-24,84.36453247070312,0.0,88.18000030517578,0.0,88.48999786376953,87.80000305175781,88.33999633789062,0.0,191300
2023-01-25,84.66112518310547,0.0,88.48999786376953,0.0,88.56999969482422,86.87999725341797,87.43000030517578,0.0,273900
2023-01-26,85.66570281982422,0.0,89.54000091552734,0.0,89.54000091552734,88.31999969482422,89.2699966430664,0.0,462700
2023-01-27,85.69440460205078,0.0,89.56999969482422,0.0,90.05999755859375,88.95999908447266,89.30000305175781,0.0,171700
2023-01-30,84.26886749267578,0.0,88.08000183105469,0.0,89.2699966430664,87.9800033569336,88.9800033569336,0.0,262400
2023-01-31,85.89530944824219,0.0,89.77999877929688,0.0,89.77999877929688,88.33999633789062,88.3499984741211,0.0,250300
2023-02-01,87.311279296875,0.0,91.26000213623047,0.0,91.80999755859375,89.0999984741211,89.45999908447266,0.0,227400
2023-02-02,88.75594329833984,0.0,92.7699966430664,0.0,93.30000305175781,91.91000366210938,92.16000366210938,0.0,981300
2023-02-03,87.55044555664062,0.0,91.51000213623047,0.0,92.54000091552734,91.26000213623047,91.66000366210938,0.0,422800
2023-02-06,86.59371948242188,0.0,90.51000213623047,0.0,91.0199966430664,90.30000305175781,90.98999786376953,0.0,308900
2023-02-07,87.91402435302734,0.0,91.88999938964844,0.0,92.12999725341797,90.0999984741211,90.41000366210938,0.0,364700
2023-02-08,86.52676391601562,0.0,90.44000244140625,0.0,91.48999786376953,90.2699966430664,91.48999786376953,0.0,179100
2023-02-09,85.81877899169922,0.0,89.69999694824219,0.0,91.41999816894531,89.38999938964844,91.36000061035156,0.0,409900
2023-02-10,85.8666000366211,0.0,89.75,0.0,89.80999755859375,89.11000061035156,89.41999816894531,0.0,260900
2023-02-13,86.86161041259766,0.0,90.79000091552734,0.0,90.80000305175781,89.62999725341797,90.0,0.0,164500
2023-02-14,86.87117767333984,0.0,90.80000305175781,0.0,91.33000183105469,89.7300033569336,90.30000305175781,0.0,223700
2023-02-15,87.26345825195312,0.0,91.20999908447266,0.0,91.2300033569336,90.11000061035156,90.22000122070312,0.0,2038500
2023-02-16,86.02926635742188,0.0,89.91999816894531,0.0,90.94999694824219,89.91999816894531,90.0199966430664,0.0,479600
2023-02-17,85.32127380371094,0.0,89.18000030517578,0.0,89.4800033569336,88.55999755859375,89.4800033569336,0.0,295100
2023-02-21,83.16864013671875,0.0,86.93000030517578,0.0,88.43000030517578,86.93000030517578,88.41999816894531,0.0,287500
2023-02-22,83.34083557128906,0.0,87.11000061035156,0.0,87.6500015258789,86.69000244140625,87.23999786376953,0.0,179700
2023-02-23,83.95315551757812,0.0,87.75,0.0,87.9800033569336,86.62000274658203,87.80000305175781,0.0,248300
2023-02-24,83.04426574707031,0.0,86.80000305175781,0.0,86.95999908447266,86.13999938964844,86.69000244140625,0.0,200000
2023-02-27,83.15907287597656,0.0,86.91999816894531,0.0,87.80999755859375,86.72000122070312,87.66999816894531,0.0,119100
2023-02-28,83.20689392089844,0.0,86.97000122070312,0.0,87.68000030517578,86.77999877929688,86.77999877929688,0.0,257400
2023-03-01,83.18775939941406,0.0,86.94999694824219,0.0,87.30999755859375,86.62999725341797,87.04000091552734,0.0,145500
2023-03-02,83.88618469238281,0.0,87.68000030517578,0.0,87.9000015258789,86.0199966430664,86.38999938964844,0.0,221600
2023-03-03,85.02468872070312,0.0,88.87000274658203,0.0,89.04000091552734,87.76000213623047,87.86000061035156,0.0,248900
2023-03-06,84.61329650878906,0.0,88.44000244140625,0.0,89.2300033569336,88.26000213623047,89.0,0.0,294500
2023-03-07,83.25473022460938,0.0,87.0199966430664,0.0,88.52999877929688,86.88999938964844,88.48999786376953,0.0,175800
2023-03-08,83.40780639648438,0.0,87.18000030517578,0.0,87.48999786376953,86.68000030517578,87.18000030517578,0.0,137200
2023-03-09,80.92031860351562,0.0,84.58000183105469,0.0,87.16999816894531,84.33999633789062,86.88999938964844,0.0,260800
2023-03-10,78.8729248046875,0.0,82.44000244140625,0.0,84.72000122070312,81.8499984741211,84.33000183105469,0.0,488100
2023-03-13,77.91618347167969,0.0,81.44000244140625,0.0,82.58000183105469,80.33000183105469,80.97000122070312,0.0,431700
2023-03-14,79.08340454101562,0.0,82.66000366210938,0.0,83.16999816894531,81.55000305175781,82.83000183105469,0.0,274500
2023-03-15,77.983154296875,0.0,81.51000213623047,0.0,81.51000213623047,80.31999969482422,81.37000274658203,0.0,926900
2023-03-16,79.52349090576172,0.0,83.12000274658203,0.0,83.29000091552734,80.86000061035156,80.86000061035156,0.0,333500
2023-03-17,78.45195007324219,0.0,82.0,0.0,83.05000305175781,81.72000122070312,82.9000015258789,0.0,257600
2023-03-20,79.36946105957031,0.0,82.69999694824219,0.256,82.83000183105469,82.0,82.16999816894531,0.0,433300
2023-03-21,80.42515563964844,0.0,83.80000305175781,0.0,84.06999969482422,83.2699966430664,83.63999938964844,0.0,260100
2023-03-22,78.87039184570312,0.0,82.18000030517578,0.0,84.37000274658203,82.12000274658203,83.9000015258789,0.0,246300
2023-03-23,79.01434326171875,0.0,82.33000183105469,0.0,83.68000030517578,81.68000030517578,82.79000091552734,0.0,247400
2023-03-24,79.42703247070312,0.0,82.76000213623047,0.0,82.76000213623047,81.2699966430664,81.88999938964844,0.0,252000
2023-03-27,79.52301788330078,0.0,82.86000061035156,0.0,83.41999816894531,82.54000091552734,83.3499984741211,0.0,178100
2023-03-28,79.27348327636719,0.0,82.5999984741211,0.0,82.94000244140625,82.13999938964844,82.73999786376953,0.0,198500
2023-03-29,80.32917022705078,0.0,83.69999694824219,0.0,83.76000213623047,83.19000244140625,83.5,0.0,221200
2023-03-30,80.7034683227539,0.0,84.08999633789062,0.0,84.33999633789062,83.69999694824219,84.25,0.0,512700
2023-03-31,81.86475372314453,0.0,85.30000305175781,0.0,85.33000183105469,84.26000213623047,84.31999969482422,0.0,196300
2023-04-03,82.13346862792969,0.0,85.58000183105469,0.0,85.6500015258789,84.87000274658203,85.3499984741211,0.0,191200
2023-04-04,81.28890228271484,0.0,84.69999694824219,0.0,85.83999633789062,84.38999938964844,85.83999633789062,0.0,243600
2023-04-05,81.03937530517578,0.0,84.44000244140625,0.0,84.58999633789062,83.98999786376953,84.54000091552734,0.0,202100
2023-04-06,81.05855560302734,0.0,84.45999908447266,0.0,84.6500015258789,83.91999816894531,84.37000274658203,0.0,141700
2023-04-10,81.6056137084961,0.0,85.02999877929688,0.0,85.05000305175781,83.94000244140625,83.94000244140625,0.0,242800
2023-04-11,82.16224670410156,0.0,85.61000061035156,0.0,85.93000030517578,85.04000091552734,85.04000091552734,0.0,213000
2023-04-12,81.68238830566406,0.0,85.11000061035156,0.0,86.20999908447266,85.02999877929688,86.20999908447266,0.0,184900
2023-04-13,82.54615020751953,0.0,86.01000213623047,0.0,86.22000122070312,85.16999816894531,85.41000366210938,0.0,150700
2023-04-14,82.3157958984375,0.0,85.7699966430664,0.0,86.48999786376953,85.30000305175781,85.9000015258789,0.0,275700
2023-04-17,82.23902893066406,0.0,85.69000244140625,0.0,85.70999908447266,85.06999969482422,85.68000030517578,0.0,206600
2023-04-18,82.21983337402344,0.0,85.66999816894531,0.0,86.06999969482422,85.33999633789062,86.06999969482422,0.0,394300
2023-04-19,82.21983337402344,0.0,85.66999816894531,0.0,85.73999786376953,85.02999877929688,85.33000183105469,0.0,246400
2023-04-20,82.23902893066406,0.0,85.69000244140625,0.0,86.12999725341797,85.33999633789062,85.33999633789062,0.0,407300
2023-04-21,82.12386322021484,0.0,85.56999969482422,0.0,85.7699966430664,85.12999725341797,85.7699966430664,0.0,203100
2023-04-24,82.5269546508789,0.0,85.98999786376953,0.0,86.01000213623047,85.47000122070312,85.55000305175781,0.0,345900
2023-04-25,80.79944610595703,0.0,84.19000244140625,0.0,85.5999984741211,84.16000366210938,85.5999984741211,0.0,226300
2023-04-26,79.90689849853516,0.0,83.26000213623047,0.0,84.18000030517578,83.13999938964844,84.18000030517578,0.0,269000
2023-04-27,81.50004577636719,0.0,84.91999816894531,0.0,84.98999786376953,83.80999755859375,84.04000091552734,0.0,729800
2023-04-28,82.59412384033203,0.0,86.05999755859375,0.0,86.0999984741211,84.76000213623047,84.76000213623047,0.0,241100
2023-05-01,82.7188949584961,0.0,86.19000244140625,0.0,86.44000244140625,86.05999755859375,86.06999969482422,0.0,192700
2023-05-02,81.52883911132812,0.0,84.94999694824219,0.0,85.81999969482422,84.08999633789062,85.81999969482422,0.0,268500
2023-05-03,81.64398956298828,0.0,85.06999969482422,0.0,86.36000061035156,85.0,85.19000244140625,0.0,229400
2023-05-04,80.20440673828125,0.0,83.56999969482422,0.0,84.81999969482422,83.5199966430664,84.7699966430664,0.0,436800
2023-05-05,81.59600830078125,0.0,85.0199966430664,0.0,85.33000183105469,84.43000030517578,84.43000030517578,0.0,307800
2023-05-08,81.4136734008789,0.0,84.83000183105469,0.0,85.1500015258789,84.62000274658203,85.1500015258789,0.0,170500
2023-05-09,80.9530029296875,0.0,84.3499984741211,0.0,84.6500015258789,84.0,84.16999816894531,0.0,104300
2023-05-10,81.04898071289062,0.0,84.44999694824219,0.0,85.06999969482422,83.73999786376953,85.06999969482422,0.0,119800
2023-05-11,80.74186706542969,0.0,84.12999725341797,0.0,84.20999908447266,83.73999786376953,84.19000244140625,0.0,496800
2023-05-12,80.79944610595703,0.0,84.19000244140625,0.0,84.48999786376953,83.61000061035156,84.27999877929688,0.0,197600
2023-05-15,81.64398956298828,0.0,85.06999969482422,0.0,85.06999969482422,84.20999908447266,84.56999969482422,0.0,162000
2023-05-16,80.8474349975586,0.0,84.23999786376953,0.0,84.8499984741211,84.2300033569336,84.69999694824219,0.0,241600
2023-05-17,81.66321563720703,0.0,85.08999633789062,0.0,85.2699966430664,84.06999969482422,84.51000213623047,0.0,374100
2023-05-18,82.58454132080078,0.0,86.05000305175781,0.0,86.16999816894531,84.87000274658203,84.94999694824219,0.0,269000
2023-05-19,82.3157958984375,0.0,85.7699966430664,0.0,86.33000183105469,85.5199966430664,86.19999694824219,0.0,305500
2023-05-22,82.53655242919922,0.0,86.0,0.0,86.33000183105469,85.55000305175781,85.83999633789062,0.0,147900
2023-05-23,81.74958038330078,0.0,85.18000030517578,0.0,85.86000061035156,85.0999984741211,85.6500015258789,0.0,292900
2023-05-24,80.90501403808594,0.0,84.30000305175781,0.0,84.80999755859375,84.08999633789062,84.80999755859375,0.0,154800
2023-05-25,81.29850769042969,0.0,84.70999908447266,0.0,84.97000122070312,84.2300033569336,84.66999816894531,0.0,267600
2023-05-26,82.33500671386719,0.0,85.79000091552734,0.0,85.88999938964844,84.7300033569336,84.80999755859375,0.0,385800
2023-05-30,82.22943878173828,0.0,85.68000030517578,0.0,86.1500015258789,85.33999633789062,86.12999725341797,0.0,287200
2023-05-31,81.38488006591797,0.0,84.80000305175781,0.0,85.29000091552734,84.30999755859375,85.0999984741211,0.0,261400
2023-06-01,82.12386322021484,0.0,85.56999969482422,0.0,85.80999755859375,84.45999908447266,84.93000030517578,0.0,206500
2023-06-02,83.48667907714844,0.0,86.98999786376953,0.0,87.13999938964844,85.94000244140625,86.16000366210938,0.0,221000
2023-06-05,83.15078735351562,0.0,86.63999938964844,0.0,87.11000061035156,86.4800033569336,87.0,0.0,188000
2023-06-06,83.70742797851562,0.0,87.22000122070312,0.0,87.44000244140625,86.41999816894531,86.55000305175781,0.0,211600
2023-06-07,83.73621368408203,0.0,87.25,0.0,87.81999969482422,87.18000030517578,87.37000274658203,0.0,284600
2023-06-08,83.79377746582031,0.0,87.30999755859375,0.0,87.48999786376953,86.69999694824219,87.1500015258789,0.0,173400
2023-06-09,83.70742797851562,0.0,87.22000122070312,0.0,87.76000213623047,87.16000366210938,87.41000366210938,0.0,208000
2023-06-12,84.65754699707031,0.0,88.20999908447266,0.0,88.31999969482422,87.08999633789062,87.33000183105469,0.0,251000
2023-06-13,85.55009460449219,0.0,89.13999938964844,0.0,89.25,88.62000274658203,88.62000274658203,0.0,271600
2023-06-14,85.1278076171875,0.0,88.69999694824219,0.0,89.20999908447266,88.02999877929688,89.04000091552734,0.0,209900
2023-06-15,86.21231079101562,0.0,89.83000183105469,0.0,90.02999877929688,88.47000122070312,88.47000122070312,0.0,259500
2023-06-16,85.92438507080078,0.0,89.52999877929688,0.0,90.36000061035156,89.5199966430664,90.22000122070312,0.0,380300
2023-06-20,84.91039276123047,0.0,88.26000213623047,0.216,88.94999694824219,87.91999816894531,88.94999694824219,0.0,382200
2023-06-21,84.97772979736328,0.0,88.33000183105469,0.0,88.87999725341797,87.93000030517578,87.98999786376953,0.0,447400
2023-06-22,84.58329010009766,0.0,87.91999816894531,0.0,88.04000091552734,87.37999725341797,87.91000366210938,0.0,187100
2023-06-23,84.00605773925781,0.0,87.31999969482422,0.0,87.58000183105469,86.94000244140625,87.1500015258789,0.0,143400
2023-06-26,84.6025390625,0.0,87.94000244140625,0.0,88.36000061035156,87.37999725341797,87.44999694824219,0.0,217700
2023-06-27,85.81472778320312,0.0,89.19999694824219,0.0,89.31999969482422,87.91000366210938,88.08000183105469,0.0,480900
2023-06-28,85.99749755859375,0.0,89.38999938964844,0.0,89.45999908447266,88.56999969482422,88.98999786376953,0.0,221700
2023-06-29,86.71903228759766,0.0,90.13999938964844,0.0,90.13999938964844,89.37000274658203,89.45999908447266,0.0,227000
2023-06-30,87.33475494384766,0.0,90.77999877929688,0.0,91.12999725341797,90.41999816894531,90.69999694824219,0.0,209800
2023-07-03,87.59451293945312,0.0,91.05000305175781,0.0,91.16999816894531,90.66999816894531,90.72000122070312,0.0,154100
2023-07-05,86.8440933227539,0.0,90.2699966430664,0.0,90.77999877929688,90.0199966430664,90.77999877929688,0.0,187900
2023-07-06,85.62229919433594,0.0,89.0,0.0,89.54000091552734,88.16999816894531,89.54000091552734,0.0,250000
2023-07-07,86.44966125488281,0.0,89.86000061035156,0.0,90.66000366210938,88.81999969482422,88.83000183105469,0.0,246100
2023-07-10,87.39248657226562,0.0,90.83999633789062,0.0,90.83999633789062,89.76000213623047,89.76000213623047,0.0,297100
2023-07-11,88.44109344482422,0.0,91.93000030517578,0.0,92.08000183105469,91.02999877929688,91.05000305175781,0.0,176200
2023-07-12,88.97986602783203,0.0,92.48999786376953,0.0,92.97000122070312,92.3499984741211,92.79000091552734,0.0,414200
2023-07-13,89.48974609375,0.0,93.0199966430664,0.0,93.25,92.66000366210938,92.81999969482422,0.0,1004100
2023-07-14,88.59502410888672,0.0,92.08999633789062,0.0,93.02999877929688,91.91000366210938,93.02999877929688,0.0,234500
2023-07-17,88.97986602783203,0.0,92.48999786376953,0.0,92.80999755859375,91.76000213623047,91.88999938964844,0.0,259500
2023-07-18,90.10545349121094,0.0,93.66000366210938,0.0,93.93000030517578,92.41000366210938,92.41000366210938,0.0,375200
2023-07-19,90.27862548828125,0.0,93.83999633789062,0.0,94.26000213623047,93.58999633789062,93.91000366210938,0.0,425900
2023-07-20,89.74949645996094,0.0,93.29000091552734,0.0,93.76000213623047,93.16000366210938,93.72000122070312,0.0,381000
2023-07-21,90.17278289794922,0.0,93.7300033569336,0.0,93.91999816894531,93.23999786376953,93.73999786376953,0.0,233700
2023-07-24,90.63457489013672,0.0,94.20999908447266,0.0,94.5199966430664,93.83999633789062,93.91000366210938,0.0,329300
2023-07-25,91.4619369506836,0.0,95.06999969482422,0.0,95.47000122070312,94.2699966430664,94.2699966430664,0.0,237900
2023-07-26,91.4619369506836,0.0,95.06999969482422,0.0,95.41000366210938,94.56999969482422,94.69999694824219,0.0,204000
2023-07-27,91.19257354736328,0.0,94.79000091552734,0.0,96.16000366210938,94.5,95.91000366210938,0.0,295000
2023-07-28,91.95259094238281,0.0,95.58000183105469,0.0,95.62999725341797,94.95999908447266,95.47000122070312,0.0,221700
2023-07-31,92.5298080444336,0.0,96.18000030517578,0.0,96.18000030517578,95.70999908447266,95.70999908447266,0.0,247600
2023-08-01,92.36626434326172,0.0,96.01000213623047,0.0,96.12999725341797,95.56999969482422,95.8499984741211,0.0,318100
2023-08-02,90.73077392578125,0.0,94.30999755859375,0.0,95.2300033569336,94.05999755859375,95.0,0.0,219900
2023-08-03,90.74041748046875,0.0,94.31999969482422,0.0,94.8499984741211,93.6500015258789,94.13999938964844,0.0,268700
2023-08-04,90.62493133544922,0.0,94.19999694824219,0.0,95.33000183105469,94.08999633789062,94.58999633789062,0.0,189600
2023-08-07,91.25989532470703,0.0,94.86000061035156,0.0,94.91999816894531,94.4000015258789,94.55999755859375,0.0,168200
2023-08-08,90.91357421875,0.0,94.5,0.0,94.58999633789062,93.25,93.7699966430664,0.0,232100
2023-08-09,91.10597229003906,0.0,94.69999694824219,0.0,95.31999969482422,94.58000183105469,94.80999755859375,0.0,198100
2023-08-10,90.67305755615234,0.0,94.25,0.0,95.72000122070312,93.87000274658203,95.08999633789062,0.0,323700
2023-08-11,90.69229125976562,0.0,94.2699966430664,0.0,94.62000274658203,93.81999969482422,93.93000030517578,0.0,151500
2023-08-14,90.98089599609375,0.0,94.56999969482422,0.0,94.56999969482422,93.58000183105469,94.04000091552734,0.0,183300
2023-08-15,89.5859603881836,0.0,93.12000274658203,0.0,93.94999694824219,92.97000122070312,93.93000030517578,0.0,196900
2023-08-16,88.78743743896484,0.0,92.29000091552734,0.0,93.63999938964844,92.29000091552734,92.97000122070312,0.0,239900
2023-08-17,88.71048736572266,0.0,92.20999908447266,0.0,93.37999725341797,92.11000061035156,92.9000015258789,0.0,285400
2023-08-18,89.23960876464844,0.0,92.76000213623047,0.0,92.83000183105469,91.47000122070312,91.66999816894531,0.0,302900
2023-08-21,89.74949645996094,0.0,93.29000091552734,0.0,93.4800033569336,92.55000305175781,93.06999969482422,0.0,211400
2023-08-22,89.30694580078125,0.0,92.83000183105469,0.0,93.62000274658203,92.7699966430664,93.62000274658203,0.0,276200
2023-08-23,89.55708312988281,0.0,93.08999633789062,0.0,93.22000122070312,92.19000244140625,92.70999908447266,0.0,354500
2023-08-24,88.51807403564453,0.0,92.01000213623047,0.0,93.25,91.9800033569336,93.08000183105469,0.0,298800
2023-08-25,88.92212677001953,0.0,92.43000030517578,0.0,92.8499984741211,91.5,92.5199966430664,0.0,1219400
2023-08-28,89.48013305664062,0.0,93.01000213623047,0.0,93.5,92.66999816894531,93.04000091552734,0.0,225200
2023-08-29,90.7596435546875,0.0,94.33999633789062,0.0,94.38999938964844,92.83999633789062,93.02999877929688,0.0,275700
2023-08-30,91.14446258544922,0.0,94.73999786376953,0.0,94.88999938964844,94.19000244140625,94.54000091552734,0.0,188100
2023-08-31,90.84623718261719,0.0,94.43000030517578,0.0,94.94999694824219,94.43000030517578,94.87999725341797,0.0,192000
2023-09-01,91.92372131347656,0.0,95.55000305175781,0.0,95.70999908447266,95.16000366210938,95.41000366210938,0.0,830300
2023-09-05,91.34649658203125,0.0,94.94999694824219,0.0,95.72000122070312,94.9000015258789,95.62999725341797,0.0,500100
2023-09-06,90.81736755371094,0.0,94.4000015258789,0.0,95.25,93.80999755859375,94.75,0.0,204000
2023-09-07,90.38444519042969,0.0,93.94999694824219,0.0,94.13999938964844,93.41000366210938,93.87000274658203,0.0,162200
2023-09-08,90.58648681640625,0.0,94.16000366210938,0.0,94.58999633789062,93.95999908447266,94.05000305175781,0.0,364400
2023-09-11,90.20166015625,0.0,93.76000213623047,0.0,94.94000244140625,93.62000274658203,94.73999786376953,0.0,422700
2023-09-12,90.2593765258789,0.0,93.81999969482422,0.0,94.29000091552734,93.62999725341797,93.73999786376953,0.0,224700
2023-09-13,89.97076416015625,0.0,93.5199966430664,0.0,94.13999938964844,93.1500015258789,94.01000213623047,0.0,239100
2023-09-14,91.0578842163086,0.0,94.6500015258789,0.0,94.77999877929688,94.13999938964844,94.3499984741211,0.0,181700
2023-09-15,89.76873016357422,0.0,93.30999755859375,0.0,94.19000244140625,93.12999725341797,94.19000244140625,0.0,364600
2023-09-18,89.70113372802734,0.0,92.9000015258789,0.34,93.30999755859375,92.77999877929688,92.97000122070312,0.0,225900
2023-09-19,89.63355255126953,0.0,92.83000183105469,0.0,93.18000030517578,92.27999877929688,92.91999816894531,0.0,360100
2023-09-20,88.6583251953125,0.0,91.81999969482422,0.0,93.38999938964844,91.81999969482422,92.93000030517578,0.0,463900
2023-09-21,87.3837890625,0.0,90.5,0.0,91.62000274658203,90.5,91.45999908447266,0.0,369600
2023-09-22,87.37413024902344,0.0,90.48999786376953,0.0,91.2300033569336,90.41999816894531,90.91999816894531,0.0,289900
2023-09-25,88.1465835571289,0.0,91.29000091552734,0.0,91.29000091552734,90.27999877929688,90.27999877929688,0.0,318400
2023-09-26,86.98789978027344,0.0,90.08999633789062,0.0,90.95999908447266,89.91000366210938,90.66000366210938,0.0,276000
2023-09-27,87.84725952148438,0.0,90.9800033569336,0.0,91.44000244140625,90.4000015258789,90.80000305175781,0.0,248600
2023-09-28,88.66799926757812,0.0,91.83000183105469,0.0,92.08999633789062,90.8499984741211,90.9800033569336,0.0,270400
2023-09-29,88.09830474853516,0.0,91.23999786376953,0.0,92.37999725341797,90.9800033569336,92.37000274658203,0.0,322400
2023-10-02,87.26790618896484,0.0,90.37999725341797,0.0,91.19000244140625,89.75,91.19000244140625,0.0,374300
2023-10-03,86.27338409423828,0.0,89.3499984741211,0.0,90.29000091552734,88.76000213623047,89.79000091552734,0.0,470000
2023-10-04,85.96439361572266,0.0,89.02999877929688,0.0,89.30999755859375,88.20999908447266,89.30999755859375,0.0,430100
2023-10-05,85.81956481933594,0.0,88.87999725341797,0.0,89.12999725341797,88.36000061035156,88.75,0.0,317100
2023-10-06,86.90100860595703,0.0,90.0,0.0,90.58999633789062,88.41000366210938,88.83999633789062,0.0,273500
2023-10-09,88.20451354980469,0.0,91.3499984741211,0.0,91.55999755859375,90.13999938964844,90.30999755859375,0.0,316100
2023-10-10,88.76454162597656,0.0,91.93000030517578,0.0,92.56999969482422,91.38999938964844,91.58000183105469,0.0,306100
2023-10-11,88.9673080444336,0.0,92.13999938964844,0.0,92.18000030517578,91.37000274658203,91.9800033569336,0.0,283700
2023-10-12,88.42659759521484,0.0,91.58000183105469,0.0,92.4800033569336,91.06999969482422,92.4800033569336,0.0,231700
2023-10-13,88.56177520751953,0.0,91.72000122070312,0.0,92.41000366210938,91.47000122070312,92.30000305175781,0.0,297800
2023-10-16,89.44043731689453,0.0,92.62999725341797,0.0,92.87999725341797,92.0999984741211,92.3499984741211,0.0,293100
2023-10-17,89.83631896972656,0.0,93.04000091552734,0.0,93.3499984741211,92.13999938964844,92.13999938964844,0.0,295000
2023-10-18,88.84178924560547,0.0,92.01000213623047,0.0,92.7300033569336,91.80000305175781,92.7300033569336,0.0,290200
2023-10-19,87.66380310058594,0.0,90.79000091552734,0.0,92.02999877929688,90.55999755859375,91.95999908447266,0.0,328600
2023-10-20,86.36993408203125,0.0,89.44999694824219,0.0,90.7300033569336,89.41999816894531,90.7300033569336,0.0,332700
2023-10-23,85.57816314697266,0.0,88.62999725341797,0.0,89.36000061035156,88.5,88.97000122070312,0.0,411700
2023-10-24,85.7133560180664,0.0,88.7699966430664,0.0,89.37999725341797,88.4800033569336,89.08000183105469,0.0,316500
2023-10-25,84.63191986083984,0.0,87.6500015258789,0.0,88.5199966430664,87.4000015258789,88.5199966430664,0.0,351200
2023-10-26,84.20706176757812,0.0,87.20999908447266,0.0,87.83000183105469,86.87999725341797,87.20999908447266,0.0,424500
2023-10-27,83.5698013305664,0.0,86.55000305175781,0.0,87.48999786376953,86.30000305175781,87.48999786376953,0.0,423200
2023-10-30,83.95601654052734,0.0,86.94999694824219,0.0,87.2300033569336,86.16000366210938,86.91000366210938,0.0,442400
2023-10-31,84.66088104248047,0.0,87.68000030517578,0.0,87.76000213623047,86.73999786376953,87.2300033569336,0.0,243000
2023-11-01,85.23057556152344,0.0,88.2699966430664,0.0,88.5199966430664,87.55999755859375,87.91999816894531,0.0,349500
2023-11-02,87.0748062133789,0.0,90.18000030517578,0.0,90.2300033569336,88.62999725341797,88.79000091552734,0.0,456000
2023-11-03,87.94380950927734,0.0,91.08000183105469,0.0,91.61000061035156,90.75,90.80000305175781,0.0,494700
2023-11-06,87.35482025146484,0.0,90.47000122070312,0.0,91.2699966430664,90.02999877929688,91.19000244140625,0.0,439000
2023-11-07,86.891357421875,0.0,89.98999786376953,0.0,90.18000030517578,89.47000122070312,90.0,0.0,427900
2023-11-08,86.4375228881836,0.0,89.5199966430664,0.0,90.37000274658203,89.36000061035156,89.9000015258789,0.0,366700
2023-11-09,85.87751007080078,0.0,88.94000244140625,0.0,89.98999786376953,88.91000366210938,89.9800033569336,0.0,258400
2023-11-10,87.26790618896484,0.0,90.37999725341797,0.0,90.43000030517578,89.16000366210938,89.55999755859375,0.0,379000
2023-11-13,87.18101501464844,0.0,90.29000091552734,0.0,90.45999908447266,89.97000122070312,90.19000244140625,0.0,236900
2023-11-14,89.38250732421875,0.0,92.56999969482422,0.0,92.87000274658203,91.6500015258789,91.6500015258789,0.0,377700
2023-11-15,89.6045913696289,0.0,92.80000305175781,0.0,93.69000244140625,92.66999816894531,92.7300033569336,0.0,398800
2023-11-16,88.86109161376953,0.0,92.02999877929688,0.0,92.7300033569336,91.5,92.51000213623047,0.0,409200
2023-11-17,89.47905731201172,0.0,92.66999816894531,0.0,92.83999633789062,92.16000366210938,92.37000274658203,0.0,399300
2023-11-20,90.0004653930664,0.0,93.20999908447266,0.0,93.41000366210938,92.54000091552734,92.80999755859375,0.0,351500
2023-11-21,89.58527374267578,0.0,92.77999877929688,0.0,92.91999816894531,92.47000122070312,92.88999938964844,0.0,222900
2023-11-22,89.78804779052734,0.0,92.98999786376953,0.0,93.08999633789062,92.26000213623047,92.5,0.0,302300
2023-11-24,90.02942657470703,0.0,93.23999786376953,0.0,93.44000244140625,92.8499984741211,92.8499984741211,0.0,149200
2023-11-27,89.61424255371094,0.0,92.80999755859375,0.0,92.97000122070312,92.5199966430664,92.83999633789062,0.0,365600
2023-11-28,89.47905731201172,0.0,92.66999816894531,0.0,93.29000091552734,92.5,92.73999786376953,0.0,673500
2023-11-29,89.51768493652344,0.0,92.70999908447266,0.0,93.48999786376953,92.55999755859375,93.25,0.0,250000
2023-11-30,90.20323944091797,0.0,93.41999816894531,0.0,93.41999816894531,92.63999938964844,93.08999633789062,0.0,310000
2023-12-01,91.0819091796875,0.0,94.33000183105469,0.0,94.80000305175781,93.08000183105469,93.38999938964844,0.0,428400
2023-12-04,90.63774108886719,0.0,93.87000274658203,0.0,94.38999938964844,93.5199966430664,93.70999908447266,0.0,334300
2023-12-05,89.87494659423828,0.0,93.08000183105469,0.0,93.58000183105469,92.9800033569336,93.52999877929688,0.0,215000
2023-12-06,89.26663970947266,0.0,92.44999694824219,0.0,93.69000244140625,92.43000030517578,93.30999755859375,0.0,268100
2023-12-07,89.85563659667969,0.0,93.05999755859375,0.0,93.1500015258789,92.7300033569336,92.91000366210938,0.0,194100
2023-12-08,90.18391418457031,0.0,93.4000015258789,0.0,93.80000305175781,92.91999816894531,93.08000183105469,0.0,267300
2023-12-11,91.1881103515625,0.0,94.44000244140625,0.0,94.48999786376953,93.43000030517578,93.43000030517578,0.0,342700
2023-12-12,90.87914276123047,0.0,94.12000274658203,0.0,94.33000183105469,93.7699966430664,94.33000183105469,0.0,270400
2023-12-13,92.53990936279297,0.0,95.83999633789062,0.0,95.9000015258789,93.98999786376953,94.22000122070312,0.0,617400
2023-12-14,94.53865051269531,0.0,97.91000366210938,0.0,98.05999755859375,96.73999786376953,96.73999786376953,0.0,758600
2023-12-15,94.20066833496094,0.0,97.55999755859375,0.0,97.91999816894531,97.36000061035156,97.7699966430664,0.0,361300
2023-12-18,94.32962799072266,0.0,97.29000091552734,0.403,97.97000122070312,97.25,97.93000030517578,0.0,317600
2023-12-19,95.42523956298828,0.0,98.41999816894531,0.0,98.41999816894531,97.45999908447266,97.58999633789062,0.0,436600
2023-12-20,93.81576538085938,0.0,96.76000213623047,0.0,98.6500015258789,96.70999908447266,98.08000183105469,0.0,392000
2023-12-21,94.92108154296875,0.0,97.9000015258789,0.0,97.91999816894531,97.11000061035156,97.55000305175781,0.0,293700
2023-12-22,95.2798080444336,0.0,98.2699966430664,0.0,98.68000030517578,97.9000015258789,98.37000274658203,0.0,366300
2023-12-26,96.12334442138672,0.0,99.13999938964844,0.0,99.37999725341797,98.61000061035156,98.61000061035156,0.0,328900
2023-12-27,96.03608703613281,0.0,99.05000305175781,0.0,99.2699966430664,98.69999694824219,99.20999908447266,0.0,266400
2023-12-28,95.55130767822266,0.0,98.55000305175781,0.0,99.11000061035156,98.5,99.0199966430664,0.0,471800
2023-12-29,95.05680847167969,0.0,98.04000091552734,0.0,98.69000244140625,97.80000305175781,98.51000213623047,0.0,288900
2024-01-02,94.911376953125,0.0,97.88999938964844,0.0,98.41000366210938,97.4800033569336,97.58000183105469,0.0,383800
2024-01-03,94.39750671386719,0.0,97.36000061035156,0.0,97.87999725341797,96.66999816894531,97.37000274658203,0.0,365700
2024-01-04,93.22431945800781,0.0,96.1500015258789,0.0,97.41999816894531,96.06999969482422,97.16000366210938,0.0,348700
2024-01-05,93.29219055175781,0.0,96.22000122070312,0.0,96.86000061035156,95.8499984741211,96.22000122070312,0.0,598600
2024-01-08,93.96121215820312,0.0,96.91000366210938,0.0,96.91000366210938,95.38999938964844,95.95999908447266,0.0,283600
2024-01-09,93.17584991455078,0.0,96.0999984741211,0.0,96.4800033569336,95.7699966430664,96.4800033569336,0.0,417800
2024-01-10,92.99163818359375,0.0,95.91000366210938,0.0,96.19000244140625,95.44999694824219,96.19000244140625,0.0,360300
2024-01-11,92.96253204345703,0.0,95.87999725341797,0.0,96.05999755859375,95.19999694824219,95.95999908447266,0.0,304900
2024-01-12,93.00131225585938,0.0,95.91999816894531,0.0,96.69000244140625,95.58000183105469,96.54000091552734,0.0,217900
2024-01-16,92.16748046875,0.0,95.05999755859375,0.0,95.51000213623047,94.80000305175781,95.51000213623047,0.0,881300
2024-01-17,91.36274719238281,0.0,94.2300033569336,0.0,94.5999984741211,93.83999633789062,94.16000366210938,0.0,544900
2024-01-18,91.98326873779297,0.0,94.87000274658203,0.0,94.94000244140625,93.91000366210938,94.55000305175781,0.0,372700
2024-01-19,92.71044921875,0.0,95.62000274658203,0.0,95.7300033569336,94.70999908447266,95.16000366210938,0.0,321800
2024-01-22,93.3697738647461,0.0,96.30000305175781,0.0,96.4800033569336,95.62000274658203,95.66999816894531,0.0,298100
2024-01-23,93.33098602294922,0.0,96.26000213623047,0.0,96.66000366210938,95.87999725341797,96.4000015258789,0.0,476500
2024-01-24,93.10797882080078,0.0,96.02999877929688,0.0,96.80000305175781,95.91999816894531,96.69999694824219,0.0,350100
2024-01-25,93.82545471191406,0.0,96.7699966430664,0.0,96.88999938964844,96.05000305175781,96.7300033569336,0.0,240300
2024-01-26,93.62185668945312,0.0,96.55999755859375,0.0,96.91999816894531,96.16000366210938,96.72000122070312,0.0,255100
2024-01-29,94.12603759765625,0.0,97.08000183105469,0.0,97.08000183105469,96.11000061035156,96.5,0.0,192300
2024-01-30,94.5526351928711,0.0,97.5199966430664,0.0,97.66999816894531,96.58999633789062,96.62000274658203,0.0,445800
2024-01-31,92.80741119384766,0.0,95.72000122070312,0.0,97.13999938964844,95.70999908447266,97.12999725341797,0.0,330700
2024-02-01,93.31157684326172,0.0,96.23999786376953,0.0,96.45999908447266,95.43000030517578,96.20999908447266,0.0,306500
2024-02-02,93.32128143310547,0.0,96.25,0.0,96.63999938964844,95.31999969482422,95.94000244140625,0.0,616700
2024-02-05,92.97221374511719,0.0,95.88999938964844,0.0,96.29000091552734,95.1500015258789,95.94000244140625,0.0,388600
2024-02-06,93.29219055175781,0.0,96.22000122070312,0.0,96.44000244140625,96.01000213623047,96.12999725341797,0.0,521800
2024-02-07,94.12603759765625,0.0,97.08000183105469,0.0,97.33000183105469,96.45999908447266,96.94000244140625,0.0,424700
2024-02-08,94.96954345703125,0.0,97.94999694824219,0.0,98.06999969482422,97.23999786376953,97.33000183105469,0.0,517500
2024-02-09,95.43494415283203,0.0,98.43000030517578,0.0,98.54000091552734,97.83999633789062,98.12999725341797,0.0,345000
2024-02-12,96.18152618408203,0.0,99.19999694824219,0.0,99.69999694824219,98.69999694824219,98.69999694824219,0.0,235800
2024-02-13,94.31025695800781,0.0,97.2699966430664,0.0,97.91000366210938,96.61000061035156,97.51000213623047,0.0,454900
2024-02-14,95.16346740722656,0.0,98.1500015258789,0.0,98.23999786376953,97.33000183105469,97.97000122070312,0.0,370700
2024-02-15,96.55963897705078,0.0,99.58999633789062,0.0,99.79000091552734,98.51000213623047,98.51000213623047,0.0,372100
2024-02-16,96.1621322631836,0.0,99.18000030517578,0.0,100.05000305175781,99.11000061035156,99.66000366210938,0.0,361600
2024-02-20,95.32829284667969,0.0,98.31999969482422,0.0,98.62000274658203,98.01000213623047,98.5999984741211,0.0,844500
2024-02-21,96.15242004394531,0.0,99.16999816894531,0.0,99.16999816894531,98.25,98.41999816894531,0.0,469900
2024-02-22,97.3353042602539,0.0,100.38999938964844,0.0,100.68000030517578,99.4800033569336,99.7699966430664,0.0,390500
2024-02-23,97.35469818115234,0.0,100.41000366210938,0.0,100.69999694824219,100.18000030517578,100.4000015258789,0.0,342000
2024-02-26,97.6067886352539,0.0,100.66999816894531,0.0,101.06999969482422,100.31999969482422,100.52999877929688,0.0,337300
2024-02-27,97.73283386230469,0.0,100.80000305175781,0.0,101.12000274658203,100.70999908447266,101.0,0.0,300000
2024-02-28,97.46134948730469,0.0,100.5199966430664,0.0,100.88999938964844,100.19999694824219,100.47000122070312,0.0,215300
2024-02-29,98.25640106201172,0.0,101.33999633789062,0.0,101.48999786376953,100.7300033569336,100.94000244140625,0.0,271800
2024-03-01,99.584716796875,0.0,102.70999908447266,0.0,102.75,101.66000366210938,101.83000183105469,0.0,263500
2024-03-04,98.87693786621094,0.0,101.9800033569336,0.0,102.91999816894531,101.9000015258789,102.83999633789062,0.0,215600
2024-03-05,97.97522735595703,0.0,101.05000305175781,0.0,101.79000091552734,100.6500015258789,101.41000366210938,0.0,488300
2024-03-06,98.7411880493164,0.0,101.83999633789062,0.0,102.25,101.48999786376953,101.93000030517578,0.0,272700
2024-03-07,99.96283721923828,0.0,103.0999984741211,0.0,103.44999694824219,102.30000305175781,102.30000305175781,0.0,301100
2024-03-08,99.2259750366211,0.0,102.33999633789062,0.0,103.5,102.30999755859375,103.31999969482422,0.0,304500
2024-03-11,99.5362548828125,0.0,102.66000366210938,0.0,102.66999816894531,101.55999755859375,102.05999755859375,0.0,207100
2024-03-12,100.04041290283203,0.0,103.18000030517578,0.0,103.29000091552734,102.26000213623047,103.01000213623047,0.0,188700
2024-03-13,100.45733642578125,0.0,103.61000061035156,0.0,104.04000091552734,103.3499984741211,103.43000030517578,0.0,254300
2024-03-14,99.8174057006836,0.0,102.94999694824219,0.0,103.83000183105469,102.30999755859375,103.70999908447266,0.0,271500
2024-03-15,99.60411071777344,0.0,102.7300033569336,0.0,103.12999725341797,102.1500015258789,102.29000091552734,0.0,197100
2024-03-18,100.05372619628906,0.0,102.80999755859375,0.382,103.19999694824219,102.44000244140625,102.91000366210938,0.0,178500
2024-03-19,100.67655181884766,0.0,103.44999694824219,0.0,103.44999694824219,102.5199966430664,102.6500015258789,0.0,150800
2024-03-20,101.83464813232422,0.0,104.63999938964844,0.0,104.76000213623047,103.1500015258789,103.25,0.0,235200
2024-03-21,102.8078384399414,0.0,105.63999938964844,0.0,105.91000366210938,105.18000030517578,105.3499984741211,0.0,518800
2024-03-22,102.33098602294922,0.0,105.1500015258789,0.0,105.72000122070312,105.0999984741211,105.70999908447266,0.0,236000
2024-03-25,102.05850219726562,0.0,104.87000274658203,0.0,105.4800033569336,104.83000183105469,104.93000030517578,0.0,165500
2024-03-26,101.48431396484375,0.0,104.27999877929688,0.0,105.30000305175781,104.26000213623047,105.05999755859375,0.0,201000
2024-03-27,103.00247955322266,0.0,105.83999633789062,0.0,105.83999633789062,104.66000366210938,104.66000366210938,0.0,441000
2024-03-28,103.63504791259766,0.0,106.48999786376953,0.0,106.76000213623047,105.95999908447266,106.0999984741211,0.0,320500
2024-04-01,103.85888671875,0.0,106.72000122070312,0.0,106.88999938964844,106.25,106.83999633789062,0.0,326200
2024-04-02,103.02195739746094,0.0,105.86000061035156,0.0,105.9800033569336,105.19000244140625,105.97000122070312,0.0,331400
2024-04-03,103.49880981445312,0.0,106.3499984741211,0.0,106.5,105.61000061035156,105.61000061035156,0.0,238800
2024-04-04,102.2823257446289,0.0,105.0999984741211,0.0,107.05999755859375,104.8499984741211,107.0199966430664,0.0,185300
2024-04-05,103.05113983154297,0.0,105.88999938964844,0.0,106.13999938964844,105.08000183105469,105.25,0.0,282000
2024-04-08,102.96356964111328,0.0,105.80000305175781,0.0,106.25,105.69000244140625,106.02999877929688,0.0,182100
2024-04-09,103.44041442871094,0.0,106.29000091552734,0.0,106.55999755859375,105.19000244140625,106.33999633789062,0.0,238700
2024-04-10,102.00983428955078,0.0,104.81999969482422,0.0,105.36000061035156,104.22000122070312,105.01000213623047,0.0,281900
2024-04-11,102.40885162353516,0.0,105.2300033569336,0.0,105.4000015258789,104.22000122070312,105.0999984741211,0.0,523700
2024-04-12,100.58898162841797,0.0,103.36000061035156,0.0,105.0,102.98999786376953,104.68000030517578,0.0,215300
2024-04-15,99.49899291992188,0.0,102.23999786376953,0.0,104.25,101.86000061035156,104.0999984741211,0.0,193000
2024-04-16,98.79830169677734,0.0,101.5199966430664,0.0,102.04000091552734,100.98999786376953,102.04000091552734,0.0,385800
2024-04-17,97.87376403808594,0.0,100.56999969482422,0.0,101.87000274658203,100.48999786376953,101.54000091552734,0.0,533100
2024-04-18,97.34825134277344,0.0,100.02999877929688,0.0,101.13999938964844,99.8499984741211,101.08999633789062,0.0,259400
2024-04-19,97.38716888427734,0.0,100.06999969482422,0.0,100.91000366210938,99.76000213623047,100.18000030517578,0.0,226400
2024-04-22,98.06840515136719,0.0,100.7699966430664,0.0,101.41999816894531,99.6500015258789,100.45999908447266,0.0,358000
2024-04-23,98.85669708251953,0.0,101.58000183105469,0.0,101.75,100.5,100.66000366210938,0.0,210500
2024-04-24,98.73990631103516,0.0,101.45999908447266,0.0,102.13999938964844,100.97000122070312,101.75,0.0,191800
2024-04-25,98.99293518066406,0.0,101.72000122070312,0.0,101.87000274658203,100.30000305175781,101.05999755859375,0.0,312800
2024-04-26,99.37249755859375,0.0,102.11000061035156,0.0,102.5,101.48999786376953,101.76000213623047,0.0,328800
2024-04-29,100.12184143066406,0.0,102.87999725341797,0.0,102.95999908447266,102.29000091552734,102.29000091552734,0.0,184300
2024-04-30,97.71806335449219,0.0,100.41000366210938,0.0,102.58999633789062,100.41000366210938,102.58999633789062,0.0,236100
2024-05-01,96.65727996826172,0.0,99.31999969482422,0.0,100.83000183105469,99.16999816894531,100.04000091552734,0.0,366400
2024-05-02,97.52342987060547,0.0,100.20999908447266,0.0,100.4800033569336,99.11000061035156,100.19000244140625,0.0,326700
2024-05-03,98.78857421875,0.0,101.51000213623047,0.0,101.93000030517578,100.93000030517578,101.41999816894531,0.0,173300
2024-05-06,99.53792572021484,0.0,102.27999877929688,0.0,102.41999816894531,101.95999908447266,102.20999908447266,0.0,280500
2024-05-07,99.78123474121094,0.0,102.52999877929688,0.0,103.01000213623047,102.52999877929688,102.55000305175781,0.0,199900
2024-05-08,99.52818298339844,0.0,102.2699966430664,0.0,102.52999877929688,101.9000015258789,102.05000305175781,0.0,216600
2024-05-09,100.3359375,0.0,103.0999984741211,0.0,103.11000061035156,102.16999816894531,102.3499984741211,0.0,492500
2024-05-10,100.22889709472656,0.0,102.98999786376953,0.0,103.51000213623047,102.77999877929688,103.47000122070312,0.0,174900
2024-05-13,100.25808715820312,0.0,103.0199966430664,0.0,103.55999755859375,102.80999755859375,103.33999633789062,0.0,216200
2024-05-14,100.8030776977539,0.0,103.58000183105469,0.0,103.61000061035156,103.02999877929688,103.29000091552734,0.0,134200
2024-05-15,101.92224884033203,0.0,104.7300033569336,0.0,104.7300033569336,103.52999877929688,104.16999816894531,0.0,516600
2024-05-16,101.35779571533203,0.0,104.1500015258789,0.0,104.7300033569336,104.08000183105469,104.69999694824219,0.0,191500
2024-05-17,101.77626037597656,0.0,104.58000183105469,0.0,104.58000183105469,104.16999816894531,104.33000183105469,0.0,190800
2024-05-20,101.90278625488281,0.0,104.70999908447266,0.0,104.97000122070312,104.44999694824219,104.72000122070312,0.0,138300
2024-05-21,101.55243682861328,0.0,104.3499984741211,0.0,104.5999984741211,104.19999694824219,104.4000015258789,0.0,157400
2024-05-22,101.37725830078125,0.0,104.16999816894531,0.0,104.69999694824219,103.69999694824219,104.08999633789062,0.0,339700
2024-05-23,100.11209869384766,0.0,102.87000274658203,0.0,104.62999725341797,102.6500015258789,104.62999725341797,0.0,233600
2024-05-24,100.8420181274414,0.0,103.62000274658203,0.0,103.87999725341797,103.33999633789062,103.51000213623047,0.0,147500
2024-05-28,101.02691650390625,0.0,103.80999755859375,0.0,104.11000061035156,103.36000061035156,103.94000244140625,0.0,191800
2024-05-29,99.40168762207031,0.0,102.13999938964844,0.0,102.94000244140625,102.0999984741211,102.83000183105469,0.0,211300
2024-05-30,99.7131118774414,0.0,102.45999908447266,0.0,102.73999786376953,102.13999938964844,102.13999938964844,0.0,158200
2024-05-31,101.06582641601562,0.0,103.8499984741211,0.0,103.8499984741211,102.0999984741211,102.94000244140625,0.0,130200
2024-06-03,100.04399871826172,0.0,102.80000305175781,0.0,104.26000213623047,101.81999969482422,104.26000213623047,0.0,250300
2024-06-04,99.20704650878906,0.0,101.94000244140625,0.0,102.29000091552734,101.58000183105469,102.29000091552734,0.0,210700
2024-06-05,100.16075897216797,0.0,102.91999816894531,0.0,102.95999908447266,101.98999786376953,102.5,0.0,155500
2024-06-06,99.94667053222656,0.0,102.69999694824219,0.0,102.95999908447266,102.47000122070312,102.86000061035156,0.0,446200
2024-06-07,99.4308853149414,0.0,102.16999816894531,0.0,102.94999694824219,101.95999908447266,102.45999908447266,0.0,137200
2024-06-10,100.3456802368164,0.0,103.11000061035156,0.0,103.19999694824219,101.88999938964844,101.97000122070312,0.0,275800
2024-06-11,100.11209869384766,0.0,102.87000274658203,0.0,102.91999816894531,101.87000274658203,102.45999908447266,0.0,210100
2024-06-12,100.55978393554688,0.0,103.33000183105469,0.0,104.51000213623047,102.98999786376953,104.0999984741211,0.0,241700
2024-06-13,100.3359375,0.0,103.0999984741211,0.0,103.37999725341797,102.45999908447266,103.25,0.0,186400
2024-06-14,99.65470123291016,0.0,102.4000015258789,0.0,102.7699966430664,101.94999694824219,102.54000091552734,0.0,128700
2024-06-17,100.55005645751953,0.0,103.31999969482422,0.0,103.44999694824219,102.1500015258789,102.38999938964844,0.0,617700
2024-06-18,100.52084350585938,0.0,103.29000091552734,0.0,103.98999786376953,103.22000122070312,103.30999755859375,0.0,274400
2024-06-20,100.1899642944336,0.0,102.94999694824219,0.0,103.4000015258789,102.88999938964844,103.19000244140625,0.0,251800
2024-06-21,99.99532318115234,0.0,102.75,0.0,103.01000213623047,102.26000213623047,102.80999755859375,0.0,254900
2024-06-24,100.56748962402344,0.0,103.0,0.336,103.45999908447266,102.5199966430664,102.5199966430664,0.0,260600
2024-06-25,100.39173126220703,0.0,102.81999969482422,0.0,103.1500015258789,102.43000030517578,103.1500015258789,0.0,146800
2024-06-26,100.05978393554688,0.0,102.4800033569336,0.0,102.62999725341797,101.9800033569336,102.62999725341797,0.0,233800
2024-06-27,100.05978393554688,0.0,102.4800033569336,0.0,102.77999877929688,102.19999694824219,102.66000366210938,0.0,364900
2024-06-28,100.3526840209961,0.0,102.77999877929688,0.0,103.31999969482422,102.30000305175781,102.86000061035156,0.0,217700
2024-07-01,99.94259643554688,0.0,102.36000061035156,0.0,103.22000122070312,101.95999908447266,103.22000122070312,0.0,247000
2024-07-02,100.12810516357422,0.0,102.55000305175781,0.0,102.69000244140625,102.1500015258789,102.37000274658203,0.0,179600
2024-07-03,100.33316040039062,0.0,102.76000213623047,0.0,102.91000366210938,102.5199966430664,102.63999938964844,0.0,120000
2024-07-05,99.51299285888672,0.0,101.91999816894531,0.0,102.61000061035156,101.62999725341797,102.56999969482422,0.0,288100
2024-07-08,99.6887435913086,0.0,102.0999984741211,0.0,102.47000122070312,101.80000305175781,102.08999633789062,0.0,244100
2024-07-09,99.39583587646484,0.0,101.80000305175781,0.0,102.56999969482422,101.7300033569336,101.91999816894531,0.0,336600
2024-07-10,100.13787841796875,0.0,102.55999755859375,0.0,102.6500015258789,101.83999633789062,101.97000122070312,0.0,302900
2024-07-11,100.82135009765625,0.0,103.26000213623047,0.0,103.4800033569336,102.56999969482422,102.6500015258789,0.0,248000
2024-07-12,101.52435302734375,0.0,103.9800033569336,0.0,104.55999755859375,103.56999969482422,103.62000274658203,0.0,182500
2024-07-15,102.37378692626953,0.0,104.8499984741211,0.0,105.51000213623047,104.19000244140625,104.44000244140625,0.0,239000
2024-07-16,103.97506713867188,0.0,106.48999786376953,0.0,106.48999786376953,104.75,104.88999938964844,0.0,239100
2024-07-17,102.82293701171875,0.0,105.30999755859375,0.0,106.4000015258789,105.30999755859375,105.69999694824219,0.0,1340500
2024-07-18,102.4128646850586,0.0,104.88999938964844,0.0,106.44000244140625,104.55999755859375,105.70999908447266,0.0,358500
2024-07-19,101.1142578125,0.0,103.55999755859375,0.0,104.70999908447266,103.52999877929688,104.70999908447266,0.0,216200
2024-07-22,101.93443298339844,0.0,104.4000015258789,0.0,104.4000015258789,103.11000061035156,104.08000183105469,0.0,197800
2024-07-23,100.79206085205078,0.0,103.2300033569336,0.0,103.87000274658203,103.19000244140625,103.80999755859375,0.0,322900
2024-07-24,98.91741180419922,0.0,101.30999755859375,0.0,102.9800033569336,101.19000244140625,102.83000183105469,0.0,296000
2024-07-25,99.42513275146484,0.0,101.83000183105469,0.0,103.2699966430664,101.16000366210938,101.27999877929688,0.0,311900
2024-07-26,100.92875671386719,0.0,103.37000274658203,0.0,103.80999755859375,102.5999984741211,102.7699966430664,0.0,163200
2024-07-29,100.68465423583984,0.0,103.12000274658203,0.0,103.66000366210938,102.66000366210938,103.66000366210938,0.0,137100
2024-07-30,101.09474182128906,0.0,103.54000091552734,0.0,103.88999938964844,103.12999725341797,103.36000061035156,0.0,192900
2024-07-31,102.25663757324219,0.0,104.7300033569336,0.0,105.77999877929688,104.58000183105469,104.70999908447266,0.0,138400
2024-08-01,99.46417999267578,0.0,101.87000274658203,0.0,105.31999969482422,101.19999694824219,104.86000061035156,0.0,187100
2024-08-02,96.29093170166016,0.0,98.62000274658203,0.0,100.18000030517578,97.95999908447266,100.16000366210938,0.0,338000
2024-08-05,94.02572631835938,0.0,96.30000305175781,0.0,97.51000213623047,95.0199966430664,95.62999725341797,0.0,828900
2024-08-06,95.01185607910156,0.0,97.30999755859375,0.0,98.62000274658203,96.41999816894531,96.48999786376953,0.0,396000
2024-08-07,94.09407043457031,0.0,96.37000274658203,0.0,99.0199966430664,96.33999633789062,98.66000366210938,0.0,304800
2024-08-08,96.68147277832031,0.0,99.0199966430664,0.0,99.12000274658203,97.26000213623047,97.26000213623047,0.0,660000
2024-08-09,96.84746551513672,0.0,99.19000244140625,0.0,99.55999755859375,98.38999938964844,99.0,0.0,210400
2024-08-12,96.76936340332031,0.0,99.11000061035156,0.0,99.73999786376953,98.86000061035156,99.45999908447266,0.0,209500
2024-08-13,97.56999206542969,0.0,99.93000030517578,0.0,100.05000305175781,98.97000122070312,99.4000015258789,0.0,296500
2024-08-14,97.53094482421875,0.0,99.88999938964844,0.0,100.25,99.58000183105469,100.01000213623047,0.0,198500
2024-08-15,99.82544708251953,0.0,102.23999786376953,0.0,102.4000015258789,101.37000274658203,101.4000015258789,0.0,148100
2024-08-16,99.89378356933594,0.0,102.30999755859375,0.0,102.58999633789062,101.6500015258789,101.6500015258789,0.0,127400
2024-08-19,100.54796600341797,0.0,102.9800033569336,0.0,103.05000305175781,102.37000274658203,102.41999816894531,0.0,227900
2024-08-20,99.56182861328125,0.0,101.97000122070312,0.0,102.98999786376953,101.94999694824219,102.97000122070312,0.0,210500
2024-08-21,100.50889587402344,0.0,102.94000244140625,0.0,103.37999725341797,102.61000061035156,102.7300033569336,0.0,712000
2024-08-22,99.81568145751953,0.0,102.2300033569336,0.0,103.16000366210938,102.02999877929688,103.01000213623047,0.0,420000
2024-08-23,101.59269714355469,0.0,104.05000305175781,0.0,104.11000061035156,102.9000015258789,103.04000091552734,0.0,139100
2024-08-26,101.45600891113281,0.0,103.91000366210938,0.0,104.86000061035156,103.76000213623047,104.70999908447266,0.0,127200
2024-08-27,101.08496856689453,0.0,103.52999877929688,0.0,103.66000366210938,103.23999786376953,103.66000366210938,0.0,119800
2024-08-28,100.51866149902344,0.0,102.94999694824219,0.0,103.43000030517578,102.52999877929688,103.12000274658203,0.0,156300
2024-08-29,101.21189880371094,0.0,103.66000366210938,0.0,104.3499984741211,102.91000366210938,103.47000122070312,0.0,121800
2024-08-30,101.93443298339844,0.0,104.4000015258789,0.0,104.5,103.30000305175781,103.87999725341797,0.0,105800
2024-09-03,99.39583587646484,0.0,101.80000305175781,0.0,103.41999816894531,101.4000015258789,103.41999816894531,0.0,186600
2024-09-04,98.62449645996094,0.0,101.01000213623047,0.0,101.91000366210938,100.77999877929688,101.5,0.0,172300
2024-09-05,97.6871566772461,0.0,100.05000305175781,0.0,101.02999877929688,99.9000015258789,101.02999877929688,0.0,132600
2024-09-06,96.4373779296875,0.0,98.7699966430664,0.0,100.80000305175781,98.61000061035156,100.26000213623047,0.0,189800
2024-09-09,97.45281982421875,0.0,99.80999755859375,0.0,100.45999908447266,99.44000244140625,99.44000244140625,0.0,153500
2024-09-10,96.80841827392578,0.0,99.1500015258789,0.0,99.98999786376953,98.29000091552734,99.98999786376953,0.0,281300
2024-09-11,96.94509887695312,0.0,99.29000091552734,0.0,99.47000122070312,96.95999908447266,99.06999969482422,0.0,218900
2024-09-12,97.81409454345703,0.0,100.18000030517578,0.0,100.3499984741211,98.9000015258789,99.6500015258789,0.0,265200
2024-09-13,99.04434204101562,0.0,101.44000244140625,0.0,101.7300033569336,100.70999908447266,100.70999908447266,0.0,183000
2024-09-16,99.48371124267578,0.0,101.88999938964844,0.0,102.22000122070312,101.27999877929688,101.54000091552734,0.0,146300
2024-09-17,100.50889587402344,0.0,102.94000244140625,0.0,103.37000274658203,102.22000122070312,102.22000122070312,0.0,219900
2024-09-18,100.3819808959961,0.0,102.80999755859375,0.0,104.2699966430664,102.66999816894531,103.16000366210938,0.0,1218800
2024-09-19,102.3347396850586,0.0,104.80999755859375,0.0,105.33999633789062,104.13999938964844,104.87999725341797,0.0,346400
2024-09-20,101.37788391113281,0.0,103.83000183105469,0.0,104.0999984741211,103.4800033569336,104.04000091552734,0.0,238700
2024-09-23,101.7157974243164,0.0,103.8499984741211,0.325,104.16999816894531,103.44999694824219,103.7699966430664,0.0,144500
2024-09-24,101.94107055664062,0.0,104.08000183105469,0.0,104.73999786376953,103.87999725341797,104.5,0.0,145400
2024-09-25,101.20648956298828,0.0,103.33000183105469,0.0,104.3499984741211,103.19999694824219,104.08999633789062,0.0,202600
2024-09-26,102.06840515136719,0.0,104.20999908447266,0.0,104.8499984741211,103.88999938964844,104.05000305175781,0.0,356300
2024-09-27,102.66585540771484,0.0,104.81999969482422,0.0,105.37999725341797,104.43000030517578,104.7699966430664,0.0,490600
2024-09-30,102.51895904541016,0.0,104.66999816894531,0.0,104.76000213623047,103.63999938964844,104.36000061035156,0.0,400400
2024-10-01,102.50916290283203,0.0,104.66000366210938,0.0,105.06999969482422,103.93000030517578,104.30999755859375,0.0,351900
2024-10-02,102.66585540771484,0.0,104.81999969482422,0.0,105.33000183105469,104.37000274658203,104.8499984741211,0.0,156900
2024-10-03,103.0870361328125,0.0,105.25,0.0,105.33000183105469,104.12000274658203,104.51000213623047,0.0,154100
2024-10-04,104.3407211303711,0.0,106.52999877929688,0.0,106.8499984741211,105.66999816894531,106.55000305175781,0.0,124900
2024-10-07,103.56695556640625,0.0,105.73999786376953,0.0,106.47000122070312,105.30999755859375,106.2300033569336,0.0,181600
2024-10-08,102.96949768066406,0.0,105.12999725341797,0.0,105.54000091552734,104.63999938964844,105.54000091552734,0.0,127400
2024-10-09,103.83141326904297,0.0,106.01000213623047,0.0,106.06999969482422,104.9000015258789,104.9000015258789,0.0,188600
2024-10-10,103.86080169677734,0.0,106.04000091552734,0.0,106.41999816894531,105.4000015258789,105.68000030517578,0.0,121200
2024-10-11,104.85983276367188,0.0,107.05999755859375,0.0,107.33000183105469,106.04000091552734,106.04000091552734,0.0,174600
2024-10-14,105.56503295898438,0.0,107.77999877929688,0.0,107.83000183105469,106.69000244140625,107.04000091552734,0.0,335500
2024-10-15,103.61592102050781,0.0,105.79000091552734,0.0,107.52999877929688,105.68000030517578,107.16000366210938,0.0,211500
2024-10-16,104.58557891845703,0.0,106.77999877929688,0.0,107.0199966430664,106.12000274658203,106.12000274658203,0.0,317900
2024-10-17,104.88920593261719,0.0,107.08999633789062,0.0,107.30000305175781,106.81999969482422,107.16000366210938,0.0,258200
2024-10-18,105.10469055175781,0.0,107.30999755859375,0.0,107.5199966430664,106.80000305175781,107.5199966430664,0.0,142300
2024-10-21,104.38970184326172,0.0,106.58000183105469,0.0,107.4800033569336,106.31999969482422,107.2699966430664,0.0,154400
2024-10-22,103.19476318359375,0.0,105.36000061035156,0.0,106.01000213623047,105.0199966430664,105.81999969482422,0.0,221200
2024-10-23,102.26429748535156,0.0,104.41000366210938,0.0,105.31999969482422,103.77999877929688,104.98999786376953,0.0,252400
2024-10-24,102.83236694335938,0.0,104.98999786376953,0.0,105.12000274658203,104.43000030517578,105.12000274658203,0.0,124000
2024-10-25,103.18497467041016,0.0,105.3499984741211,0.0,106.55000305175781,105.23999786376953,105.93000030517578,0.0,136300
2024-10-28,103.78243255615234,0.0,105.95999908447266,0.0,106.12000274658203,105.27999877929688,105.33999633789062,0.0,149400
2024-10-29,103.25353240966797,0.0,105.41999816894531,0.0,105.63999938964844,104.91000366210938,105.18000030517578,0.0,208400
2024-10-30,103.3318862915039,0.0,105.5,0.0,106.16999816894531,105.27999877929688,105.37000274658203,0.0,89600
2024-10-31,102.6266860961914,0.0,104.77999877929688,0.0,105.91000366210938,104.77999877929688,105.6500015258789,0.0,202400
2024-11-01,102.84217071533203,0.0,105.0,0.0,105.77999877929688,104.94000244140625,105.12000274658203,0.0,186600
2024-11-04,103.16537475585938,0.0,105.33000183105469,0.0,106.0199966430664,105.19999694824219,105.20999908447266,0.0,248600
2024-11-05,104.2134017944336,0.0,106.4000015258789,0.0,106.4000015258789,105.16000366210938,105.19999694824219,0.0,219600
2024-11-06,108.68948364257812,0.0,110.97000122070312,0.0,111.19000244140625,109.33999633789062,109.80000305175781,0.0,297000
2024-11-07,108.12139129638672,0.0,110.38999938964844,0.0,111.08000183105469,110.2300033569336,111.06999969482422,0.0,218900
2024-11-08,108.32708740234375,0.0,110.5999984741211,0.0,110.66000366210938,110.05000305175781,110.44000244140625,0.0,156800
2024-11-11,108.68948364257812,0.0,110.97000122070312,0.0,111.1500015258789,110.5999984741211,110.95999908447266,0.0,239000
2024-11-12,107.80796813964844,0.0,110.06999969482422,0.0,110.87000274658203,109.76000213623047,110.73999786376953,0.0,301900
2024-11-13,107.86674499511719,0.0,110.12999725341797,0.0,110.73999786376953,109.86000061035156,110.2300033569336,0.0,152900
2024-11-14,107.7198257446289,0.0,109.9800033569336,0.0,110.77999877929688,109.83000183105469,110.47000122070312,0.0,163300
2024-11-15,106.57388305664062,0.0,108.80999755859375,0.0,110.16999816894531,108.68000030517578,109.52999877929688,0.0,163600
2024-11-18,106.88729095458984,0.0,109.12999725341797,0.0,109.31999969482422,108.79000091552734,108.98999786376953,0.0,192900
2024-11-19,106.43673706054688,0.0,108.66999816894531,0.0,108.86000061035156,107.9000015258789,107.91999816894531,0.0,258200
2024-11-20,106.91667938232422,0.0,109.16000366210938,0.0,109.20999908447266,108.33000183105469,108.6500015258789,0.0,193000
2024-11-21,108.1507797241211,0.0,110.41999816894531,0.0,110.76000213623047,109.41000366210938,109.76000213623047,0.0,162400
2024-11-22,108.90496063232422,0.0,111.19000244140625,0.0,111.33999633789062,110.58999633789062,110.58999633789062,0.0,133900
2024-11-25,109.8452377319336,0.0,112.1500015258789,0.0,112.83000183105469,111.98999786376953,112.13999938964844,0.0,355600
2024-11-26,109.63955688476562,0.0,111.94000244140625,0.0,112.23999786376953,111.55000305175781,112.23999786376953,0.0,111100
2024-11-27,109.49263000488281,0.0,111.79000091552734,0.0,112.58000183105469,111.4800033569336,112.0,0.0,134800
2024-11-29,110.1390609741211,0.0,112.44999694824219,0.0,112.62999725341797,112.18000030517578,112.19000244140625,0.0,51800
2024-12-02,110.20763397216797,0.0,112.5199966430664,0.0,112.70999908447266,112.01000213623047,112.48999786376953,0.0,146100
2024-12-03,109.90399169921875,0.0,112.20999908447266,0.0,112.9000015258789,112.12000274658203,112.7300033569336,0.0,114500
2024-12-04,109.23796844482422,0.0,111.52999877929688,0.0,112.54000091552734,110.93000030517578,112.25,0.0,152400
2024-12-05,108.86579132080078,0.0,111.1500015258789,0.0,111.87999725341797,111.06999969482422,111.69999694824219,0.0,154600
2024-12-06,108.73844909667969,0.0,111.0199966430664,0.0,111.94000244140625,110.97000122070312,111.79000091552734,0.0,269000
2024-12-09,108.44461822509766,0.0,110.72000122070312,0.0,111.73999786376953,110.69999694824219,111.44999694824219,0.0,200300
2024-12-10,107.50434875488281,0.0,109.76000213623047,0.0,110.94000244140625,109.58999633789062,110.94000244140625,0.0,187400
2024-12-11,108.19976043701172,0.0,110.47000122070312,0.0,110.6500015258789,109.95999908447266,110.2300033569336,0.0,106000
2024-12-12,107.11257934570312,0.0,109.36000061035156,0.0,110.2300033569336,109.30000305175781,110.16000366210938,0.0,194800
2024-12-13,106.69140625,0.0,108.93000030517578,0.0,109.66999816894531,108.68000030517578,109.4800033569336,0.0,161200
2024-12-16,105.92742919921875,0.0,108.1500015258789,0.0,109.01000213623047,107.9800033569336,108.75,0.0,465800
2024-12-17,105.15367126464844,0.0,107.36000061035156,0.0,107.83999633789062,107.06999969482422,107.55000305175781,0.0,188900
2024-12-18,101.99984741210938,0.0,104.13999938964844,0.0,107.88999938964844,104.13999938964844,107.5199966430664,0.0,291200
2024-12-19,101.470947265625,0.0,103.5999984741211,0.0,105.16000366210938,103.47000122070312,104.87000274658203,0.0,369600
2024-12-20,102.73442840576172,0.0,104.88999938964844,0.0,105.62000274658203,103.22000122070312,103.22000122070312,0.0,281900
2024-12-23,103.0716781616211,0.0,104.83000183105469,0.403,104.98999786376953,103.61000061035156,104.22000122070312,0.0,404500
2024-12-24,104.0647201538086,0.0,105.83999633789062,0.0,105.83999633789062,104.72000122070312,105.0,0.0,150200
2024-12-26,104.22206115722656,0.0,106.0,0.0,106.11000061035156,105.29000091552734,105.51000213623047,0.0,215800
2024-12-27,103.59278869628906,0.0,105.36000061035156,0.0,106.16000366210938,104.69999694824219,105.51000213623047,0.0,188200
2024-12-30,102.70787048339844,0.0,104.45999908447266,0.0,105.05000305175781,103.62000274658203,104.41000366210938,0.0,154700
2024-12-31,103.12084197998047,0.0,104.87999725341797,0.0,105.37999725341797,104.55000305175781,104.87999725341797,0.0,260300
2025-01-02,103.11100769042969,0.0,104.87000274658203,0.0,106.18000030517578,104.29000091552734,105.7699966430664,0.0,456600
2025-01-03,104.2613754272461,0.0,106.04000091552734,0.0,106.25,104.81999969482422,105.37999725341797,0.0,275800
2025-01-06,104.9103012084961,0.0,106.69999694824219,0.0,107.9000015258789,106.55000305175781,106.77999877929688,0.0,216700
2025-01-07,104.73332214355469,0.0,106.5199966430664,0.0,107.62000274658203,106.0999984741211,107.12999725341797,0.0,693300
2025-01-08,104.46785736083984,0.0,106.25,0.0,106.36000061035156,105.43000030517578,106.0,0.0,455500
2025-01-10,103.85824584960938,0.0,105.62999725341797,0.0,106.66999816894531,105.47000122070312,106.16999816894531,0.0,449100
2025-01-13,105.1167984008789,0.0,106.91000366210938,0.0,106.94999694824219,105.18000030517578,105.18000030517578,0.0,272400
2025-01-14,106.1098403930664,0.0,107.91999816894531,0.0,107.95999908447266,106.77999877929688,107.55999755859375,0.0,254600
2025-01-15,107.36837768554688,0.0,109.19999694824219,0.0,109.62000274658203,108.95999908447266,109.62000274658203,0.0,391400
2025-01-16,107.771484375,0.0,109.61000061035156,0.0,109.8499984741211,109.12999725341797,109.2699966430664,0.0,425700
2025-01-17,108.37126922607422,0.0,110.22000122070312,0.0,110.58000183105469,110.05999755859375,110.44000244140625,0.0,304700
2025-01-21,108.98086547851562,0.0,110.83999633789062,0.0,111.02999877929688,110.4800033569336,110.73999786376953,0.0,316800
2025-01-22,108.8825454711914,0.0,110.73999786376953,0.0,111.33999633789062,110.73999786376953,111.06999969482422,0.0,335000
2025-01-23,109.38399505615234,0.0,111.25,0.0,111.43000030517578,110.73999786376953,110.87000274658203,0.0,214100
2025-01-24,108.7448959350586,0.0,110.5999984741211,0.0,111.41000366210938,110.43000030517578,111.26000213623047,0.0,171000
2025-01-27,108.10579681396484,0.0,109.94999694824219,0.0,110.3499984741211,109.20999908447266,109.33999633789062,0.0,297600
2025-01-28,107.70267486572266,0.0,109.54000091552734,0.0,109.86000061035156,109.16000366210938,109.79000091552734,0.0,194000
2025-01-29,107.93864440917969,0.0,109.77999877929688,0.0,110.1500015258789,109.36000061035156,109.69999694824219,0.0,156800
2025-01-30,108.5580825805664,0.0,110.41000366210938,0.0,110.7300033569336,109.68000030517578,110.33999633789062,0.0,155200
2025-01-31,106.5424575805664,0.0,108.36000061035156,0.0,110.2300033569336,108.26000213623047,110.2300033569336,0.0,254600
2025-02-03,105.78536987304688,0.0,107.58999633789062,0.0,108.06999969482422,106.0199966430664,106.80999755859375,0.0,285700
2025-02-04,106.89641571044922,0.0,108.72000122070312,0.0,108.83999633789062,107.66000366210938,107.69999694824219,0.0,271400
2025-02-05,107.29955291748047,0.0,109.12999725341797,0.0,109.12999725341797,108.12000274658203,108.75,0.0,213700
2025-02-06,106.64078521728516,0.0,108.45999908447266,0.0,109.94999694824219,107.86000061035156,109.77999877929688,0.0,947200
2025-02-07,105.81488037109375,0.0,107.62000274658203,0.0,108.80000305175781,107.62000274658203,108.79000091552734,0.0,510900
2025-02-10,106.49330139160156,0.0,108.30999755859375,0.0,108.52999877929688,108.08999633789062,108.44999694824219,0.0,213700
2025-02-11,106.55230712890625,0.0,108.37000274658203,0.0,108.66999816894531,108.0,108.22000122070312,0.0,253800
2025-02-12,105.00863647460938,0.0,106.80000305175781,0.0,107.76000213623047,106.61000061035156,107.25,0.0,170600
2025-02-13,105.63790130615234,0.0,107.44000244140625,0.0,107.56999969482422,106.41000366210938,107.06999969482422,0.0,224600
2025-02-14,106.01151275634766,0.0,107.81999969482422,0.0,108.43000030517578,107.66999816894531,107.66999816894531,0.0,319400
2025-02-18,106.96525573730469,0.0,108.79000091552734,0.0,108.80999755859375,107.91000366210938,108.23999786376953,0.0,172300
2025-02-19,107.083251953125,0.0,108.91000366210938,0.0,109.02999877929688,108.2300033569336,108.23999786376953,0.0,168300
2025-02-20,106.79811096191406,0.0,108.62000274658203,0.0,109.0,107.80999755859375,108.83000183105469,0.0,150900
2025-02-21,104.0647201538086,0.0,105.83999633789062,0.0,108.62000274658203,105.7300033569336,108.62000274658203,0.0,224100
2025-02-24,103.99591064453125,0.0,105.7699966430664,0.0,106.36000061035156,105.25,106.26000213623047,0.0,210300
2025-02-25,103.63211059570312,0.0,105.4000015258789,0.0,106.18000030517578,104.5999984741211,105.69999694824219,0.0,154900
2025-02-26,103.4649658203125,0.0,105.2300033569336,0.0,106.11000061035156,104.79000091552734,105.81999969482422,0.0,132800
2025-02-27,102.52105712890625,0.0,104.2699966430664,0.0,105.7699966430664,104.20999908447266,105.6500015258789,0.0,97600
2025-02-28,103.8287582397461,0.0,105.5999984741211,0.0,105.5999984741211,103.91000366210938,104.27999877929688,0.0,162200
2025-03-03,100.9478988647461,0.0,102.66999816894531,0.0,106.16000366210938,102.0,105.98999786376953,0.0,172100
2025-03-04,99.20758819580078,0.0,100.9000015258789,0.0,102.61000061035156,99.7699966430664,101.56999969482422,0.0,302700
2025-03-05,100.0040054321289,0.0,101.70999908447266,0.0,102.0199966430664,99.80999755859375,100.73999786376953,0.0,286900
2025-03-06,99.06993865966797,0.0,100.76000213623047,0.0,101.86000061035156,100.2300033569336,100.58000183105469,0.0,198500
2025-03-07,99.65988159179688,0.0,101.36000061035156,0.0,101.69999694824219,99.54000091552734,100.68000030517578,0.0,192600
2025-03-10,98.00806427001953,0.0,99.68000030517578,0.0,100.98999786376953,98.88999938964844,100.30000305175781,0.0,263400
2025-03-11,96.71019744873047,0.0,98.36000061035156,0.0,99.80999755859375,98.0,99.7300033569336,0.0,224900
2025-03-12,96.76918029785156,0.0,98.41999816894531,0.0,99.3499984741211,97.68000030517578,99.16999816894531,0.0,230400
2025-03-13,95.25501251220703,0.0,96.87999725341797,0.0,98.5999984741211,96.36000061035156,98.30000305175781,0.0,173600
2025-03-14,97.88024139404297,0.0,99.55000305175781,0.0,99.69999694824219,97.68000030517578,97.83999633789062,0.0,156400
2025-03-17,98.9814453125,0.0,100.66999816894531,0.0,101.0,99.41999816894531,99.41999816894531,0.0,171000
2025-03-18,98.47017669677734,0.0,100.1500015258789,0.0,100.63999938964844,99.6500015258789,100.55000305175781,0.0,147700
2025-03-19,99.60088348388672,0.0,101.30000305175781,0.0,101.94000244140625,100.31999969482422,100.33000183105469,0.0,340600
2025-03-20,99.12893676757812,0.0,100.81999969482422,0.0,101.72000122070312,100.63999938964844,100.63999938964844,0.0,606500
2025-03-21,98.48001098632812,0.0,100.16000366210938,0.0,100.2699966430664,99.41000366210938,100.02999877929688,0.0,222700
2025-03-24,100.89419555664062,0.0,102.13999938964844,0.464,102.29000091552734,100.83000183105469,100.83000183105469,0.0,149000
2025-03-25,100.9139633178711,0.0,102.16000366210938,0.0,102.75,101.86000061035156,102.41000366210938,0.0,131600
2025-03-26,100.6768798828125,0.0,101.91999816894531,0.0,102.86000061035156,101.5199966430664,102.33000183105469,0.0,117200
2025-03-27,99.9557876586914,0.0,101.19000244140625,0.0,102.04000091552734,100.80000305175781,101.44000244140625,0.0,160900
2025-03-28,97.8320083618164,0.0,99.04000091552734,0.0,101.05999755859375,98.73999786376953,100.88999938964844,0.0,139700
2025-03-31,98.66175842285156,0.0,99.87999725341797,0.0,100.30000305175781,97.58000183105469,97.95999908447266,0.0,232000
2025-04-01,99.05687713623047,0.0,100.27999877929688,0.0,100.27999877929688,98.56999969482422,99.5,0.0,177600
2025-04-02,99.99530029296875,0.0,101.2300033569336,0.0,101.44000244140625,99.08999633789062,99.08999633789062,0.0,109900
2025-04-03,93.00164794921875,0.0,94.1500015258789,0.0,97.0199966430664,94.02999877929688,96.69000244140625,0.0,312700
2025-04-04,87.57861328125,0.0,88.66000366210938,0.0,91.44000244140625,87.66000366210938,91.06999969482422,0.0,650600
2025-04-07,87.18350219726562,0.0,88.26000213623047,0.0,91.70999908447266,84.12999725341797,86.0999984741211,0.0,853700
2025-04-08,85.00045013427734,0.0,86.05000305175781,0.0,91.08000183105469,84.77999877929688,91.04000091552734,0.0,488400
2025-04-09,93.63384246826172,0.0,94.79000091552734,0.0,95.5199966430664,85.16000366210938,85.16000366210938,0.0,382600
2025-04-10,89.3072738647461,0.0,90.41000366210938,0.0,92.7300033569336,88.08999633789062,92.5,0.0,264000
2025-04-11,90.95689392089844,0.0,92.08000183105469,0.0,92.43000030517578,89.16000366210938,90.27999877929688,0.0,322900
2025-04-14,91.61872863769531,0.0,92.75,0.0,93.7699966430664,91.8499984741211,93.75,0.0,385200
2025-04-15,91.21372985839844,0.0,92.33999633789062,0.0,93.79000091552734,92.23999786376953,92.68000030517578,0.0,252700
2025-04-16,90.27530670166016,0.0,91.38999938964844,0.0,93.05999755859375,90.66000366210938,91.87000274658203,0.0,259800
2025-04-17,91.48043823242188,0.0,92.61000061035156,0.0,93.2699966430664,91.83999633789062,91.83999633789062,0.0,160300
2025-04-21,89.53446197509766,0.0,90.63999938964844,0.0,91.75,89.69999694824219,91.75,0.0,348700
2025-04-22,91.90518951416016,0.0,93.04000091552734,0.0,93.44999694824219,91.7300033569336,91.75,0.0,363600
2025-04-23,92.89299011230469,0.0,94.04000091552734,0.0,96.44999694824219,93.8499984741211,95.30999755859375,0.0,612000
2025-04-24,94.99700927734375,0.0,96.16999816894531,0.0,96.37999725341797,94.2300033569336,94.5,0.0,230600
2025-04-25,94.86859893798828,0.0,96.04000091552734,0.0,96.18000030517578,95.22000122070312,95.68000030517578,0.0,83600
2025-04-28,95.42176818847656,0.0,96.5999984741211,0.0,96.83999633789062,95.58999633789062,96.04000091552734,0.0,146600
2025-04-29,95.60945129394531,0.0,96.79000091552734,0.0,96.9800033569336,95.6500015258789,95.66999816894531,0.0,154900
2025-04-30,95.26372528076172,0.0,96.44000244140625,0.0,96.66999816894531,94.18000030517578,95.25,0.0,200600
2025-05-01,95.25384521484375,0.0,96.43000030517578,0.0,97.6500015258789,96.43000030517578,96.72000122070312,0.0,421100
2025-05-02,97.45664978027344,0.0,98.66000366210938,0.0,98.87000274658203,97.58999633789062,97.79000091552734,0.0,192300
2025-05-05,96.92323303222656,0.0,98.12000274658203,0.0,98.7300033569336,97.63999938964844,97.70999908447266,0.0,100100
2025-05-06,96.0835952758789,0.0,97.2699966430664,0.0,98.16999816894531,97.05000305175781,97.33000183105469,0.0,238700
2025-05-07,96.3305435180664,0.0,97.5199966430664,0.0,97.81999969482422,96.61000061035156,97.52999877929688,0.0,111200
2025-05-08,97.84188842773438,0.0,99.05000305175781,0.0,99.97000122070312,98.20999908447266,98.37999725341797,0.0,265100
2025-05-09,97.92090606689453,0.0,99.12999725341797,0.0,99.66999816894531,98.5999984741211,99.58000183105469,0.0,163800
2025-05-12,101.85237121582031,0.0,103.11000061035156,0.0,103.55000305175781,102.27999877929688,102.83000183105469,0.0,182100
2025-05-13,103.28467559814453,0.0,104.55999755859375,0.0,105.04000091552734,103.54000091552734,103.54000091552734,0.0,152300
2025-05-14,102.65248107910156,0.0,103.91999816894531,0.0,104.4800033569336,103.73999786376953,104.4800033569336,0.0,144600
2025-05-15,102.95870971679688,0.0,104.2300033569336,0.0,104.2300033569336,102.9800033569336,103.19999694824219,0.0,127600
2025-05-16,103.65016174316406,0.0,104.93000030517578,0.0,105.0,103.9800033569336,104.29000091552734,0.0,105100
2025-05-19,103.33406829833984,0.0,104.61000061035156,0.0,104.69999694824219,103.7300033569336,103.7300033569336,0.0,150400
2025-05-20,102.64260864257812,0.0,103.91000366210938,0.0,104.55999755859375,103.6500015258789,104.22000122070312,0.0,97700
2025-05-21,100.32127380371094,0.0,101.55999755859375,0.0,103.16000366210938,101.55999755859375,102.9000015258789,0.0,150800
2025-05-22,100.20272827148438,0.0,101.44000244140625,0.0,102.0999984741211,100.79000091552734,101.29000091552734,0.0,154900
2025-05-23,99.14578247070312,0.0,100.37000274658203,0.0,100.79000091552734,99.48999786376953,99.61000061035156,0.0,110700
2025-05-27,101.37821960449219,0.0,102.62999725341797,0.0,102.66000366210938,101.01000213623047,101.45999908447266,0.0,100700
2025-05-28,100.29163360595703,0.0,101.52999877929688,0.0,102.7699966430664,101.37000274658203,102.6500015258789,0.0,126900
2025-05-29,100.45956420898438,0.0,101.69999694824219,0.0,102.11000061035156,100.91999816894531,102.11000061035156,0.0,156400
2025-05-30,100.18297576904297,0.0,101.41999816894531,0.0,101.87999725341797,100.7300033569336,101.4000015258789,0.0,135300
2025-06-02,101.2991943359375,0.0,102.55000305175781,0.0,102.56999969482422,101.12999725341797,102.08999633789062,0.0,166800
2025-06-03,102.5240707397461,0.0,103.79000091552734,0.0,103.94000244140625,102.04000091552734,102.36000061035156,0.0,120200
2025-06-04,101.91162872314453,0.0,103.16999816894531,0.0,104.25,103.16999816894531,103.9000015258789,0.0,286200
2025-06-05,101.62516784667969,0.0,102.87999725341797,0.0,103.63999938964844,102.55999755859375,103.44999694824219,0.0,139800
2025-06-06,102.65248107910156,0.0,103.91999816894531,0.0,104.16000366210938,103.54000091552734,103.76000213623047,0.0,120000
2025-06-09,102.77101135253906,0.0,104.04000091552734,0.0,104.7300033569336,103.94000244140625,104.27999877929688,0.0,121800
2025-06-10,103.47236633300781,0.0,104.75,0.0,105.13999938964844,104.36000061035156,104.36000061035156,0.0,222400
2025-06-11,103.09700775146484,0.0,104.37000274658203,0.0,104.98999786376953,104.0199966430664,104.98999786376953,0.0,120400
2025-06-12,103.4130859375,0.0,104.69000244140625,0.0,104.69000244140625,103.5999984741211,103.79000091552734,0.0,176900
2025-06-13,102.77101135253906,0.0,104.04000091552734,0.0,104.88999938964844,103.76000213623047,104.11000061035156,0.0,189500
2025-06-16,103.7686996459961,0.0,105.05000305175781,0.0,105.19999694824219,104.5199966430664,104.5199966430664,0.0,334000
2025-06-17,103.304443359375,0.0,104.58000183105469,0.0,105.56999969482422,104.43000030517578,104.91999816894531,0.0,151600
2025-06-18,102.65248107910156,0.0,103.91999816894531,0.0,105.12999725341797,103.76000213623047,104.56999969482422,0.0,137600
2025-06-20,102.71175384521484,0.0,103.9800033569336,0.0,104.63999938964844,103.44000244140625,104.63999938964844,0.0,102100
2025-06-23,103.21723175048828,0.0,104.13999938964844,0.35,104.16999816894531,102.2300033569336,103.4000015258789,0.0,233200
2025-06-24,104.66429901123047,0.0,105.5999984741211,0.0,105.80000305175781,104.83999633789062,104.94999694824219,0.0,93300
2025-06-25,104.14891052246094,0.0,105.08000183105469,0.0,105.83999633789062,104.80000305175781,105.83999633789062,0.0,229700
2025-06-26,105.43738555908203,0.0,106.37999725341797,0.0,106.44000244140625,105.36000061035156,105.48999786376953,0.0,147000
2025-06-27,105.92304229736328,0.0,106.87000274658203,0.0,107.33000183105469,106.08000183105469,106.70999908447266,0.0,207500
2025-06-30,106.74568176269531,0.0,107.69999694824219,0.0,107.8499984741211,107.06999969482422,107.2300033569336,0.0,170400
2025-07-01,107.7665786743164,0.0,108.7300033569336,0.0,109.08000183105469,107.3499984741211,107.37999725341797,0.0,124600
2025-07-02,107.15206146240234,0.0,108.11000061035156,0.0,108.18000030517578,107.48999786376953,108.02999877929688,0.0,176800
2025-07-03,107.99452209472656,0.0,108.95999908447266,0.0,109.25,108.63999938964844,108.63999938964844,0.0,112600
2025-07-07,106.94392395019531,0.0,107.9000015258789,0.0,108.8499984741211,107.16000366210938,108.68000030517578,0.0,133800
2025-07-08,107.46922302246094,0.0,108.43000030517578,0.0,108.76000213623047,108.0999984741211,108.1500015258789,0.0,198200
2025-07-09,107.82604217529297,0.0,108.79000091552734,0.0,108.9800033569336,108.0,108.70999908447266,0.0,146100
2025-07-10,108.7973403930664,0.0,109.7699966430664,0.0,110.20999908447266,109.0,109.36000061035156,0.0,131900
2025-07-11,107.79630279541016,0.0,108.76000213623047,0.0,109.19999694824219,108.69000244140625,109.05999755859375,0.0,183200
2025-07-14,107.98461151123047,0.0,108.94999694824219,0.0,109.0,108.37000274658203,108.62000274658203,0.0,144900
2025-07-15,106.68622589111328,0.0,107.63999938964844,0.0,109.33000183105469,107.63999938964844,109.33000183105469,0.0,104400
2025-07-16,106.98356628417969,0.0,107.94000244140625,0.0,108.08000183105469,106.52999877929688,107.97000122070312,0.0,130100
2025-07-17,108.05400085449219,0.0,109.0199966430664,0.0,109.05999755859375,108.05000305175781,108.05000305175781,0.0,134000
2025-07-18,107.85576629638672,0.0,108.81999969482422,0.0,109.33999633789062,108.48999786376953,109.33999633789062,0.0,117300
2025-07-21,107.52869415283203,0.0,108.48999786376953,0.0,109.33999633789062,108.44999694824219,108.94000244140625,0.0,133100
2025-07-22,108.39098358154297,0.0,109.36000061035156,0.0,109.58000183105469,108.52999877929688,108.9000015258789,0.0,236300
2025-07-23,109.73892974853516,0.0,110.72000122070312,0.0,110.76000213623047,109.98999786376953,110.13999938964844,0.0,143800
2025-07-24,109.23345947265625,0.0,110.20999908447266,0.0,110.69999694824219,110.04000091552734,110.30000305175781,0.0,158400
2025-07-25,110.0362777709961,0.0,111.0199966430664,0.0,111.0999984741211,110.25,110.51000213623047,0.0,96600
2025-07-28,110.14530181884766,0.0,111.12999725341797,0.0,111.43000030517578,110.94000244140625,111.25,0.0,280000
2025-07-29,109.26318359375,0.0,110.23999786376953,0.0,111.0199966430664,110.08999633789062,110.94000244140625,0.0,86400
2025-07-30,108.75770568847656,0.0,109.7300033569336,0.0,110.56999969482422,109.16999816894531,110.33999633789062,0.0,86000
2025-07-31,107.9747085571289,0.0,108.94000244140625,0.0,110.5199966430664,108.6500015258789,109.80000305175781,0.0,92400
2025-08-01,106.53755950927734,0.0,107.48999786376953,0.0,107.93000030517578,106.37999725341797,107.69999694824219,0.0,187000
2025-08-04,108.32160949707031,0.0,109.29000091552734,0.0,109.30999755859375,108.02999877929688,108.04000091552734,0.0,123500
2025-08-05,107.65753936767578,0.0,108.62000274658203,0.0,109.3499984741211,108.0199966430664,109.19999694824219,0.0,96700
2025-08-06,107.6773681640625,0.0,108.63999938964844,0.0,108.80999755859375,108.06999969482422,108.56999969482422,0.0,140600
2025-08-07,106.6168441772461,0.0,107.56999969482422,0.0,108.8499984741211,106.9000015258789,108.81999969482422,0.0,110900
2025-08-08,106.73578643798828,0.0,107.69000244140625,0.0,108.30999755859375,107.48999786376953,108.26000213623047,0.0,92300
2025-08-11,106.31949615478516,0.0,107.2699966430664,0.0,108.25,107.12000274658203,107.80000305175781,0.0,104900
2025-08-12,108.72796630859375,0.0,109.69999694824219,0.0,109.69999694824219,107.94000244140625,107.94000244140625,0.0,138800
2025-08-13,110.31378936767578,0.0,111.30000305175781,0.0,111.30999755859375,109.83000183105469,109.9800033569336,0.0,109300
2025-08-14,109.6299057006836,0.0,110.61000061035156,0.0,110.68000030517578,109.9000015258789,110.1500015258789,0.0,104200
2025-08-15,109.54070281982422,0.0,110.5199966430664,0.0,111.0,110.36000061035156,111.0,0.0,247300
2025-08-18,110.33361053466797,0.0,111.31999969482422,0.0,111.38999938964844,110.52999877929688,110.5999984741211,0.0,91100
2025-08-19,110.14530181884766,0.0,111.12999725341797,0.0,112.01000213623047,110.8499984741211,111.26000213623047,0.0,166200
2025-08-20,109.5605239868164,0.0,110.54000091552734,0.0,111.13999938964844,110.01000213623047,110.91999816894531,0.0,152300
2025-08-21,108.97575378417969,0.0,109.94999694824219,0.0,110.16999816894531,109.51000213623047,110.05999755859375,0.0,107200
2025-08-22,111.90953063964844,0.0,112.91000366210938,0.0,113.06999969482422,110.33000183105469,110.33000183105469,0.0,236600
2025-08-25,111.14634704589844,0.0,112.13999938964844,0.0,112.75,112.08999633789062,112.75,0.0,79100
2025-08-26,111.62210083007812,0.0,112.62000274658203,0.0,112.62000274658203,112.01000213623047,112.01000213623047,0.0,126500
2025-08-27,111.84014892578125,0.0,112.83999633789062,0.0,113.0199966430664,112.19999694824219,112.19999694824219,0.0,109700
2025-08-28,112.13748931884766,0.0,113.13999938964844,0.0,113.2699966430664,112.56999969482422,112.97000122070312,0.0,130000
2025-08-29,111.84014892578125,0.0,112.83999633789062,0.0,113.25,112.3499984741211,112.94999694824219,0.0,345000
2025-09-02,110.96794128417969,0.0,111.95999908447266,0.0,112.04000091552734,111.0999984741211,111.20999908447266,0.0,118400
2025-09-03,111.03732299804688,0.0,112.02999877929688,0.0,112.66000366210938,111.66999816894531,112.01000213623047,0.0,151000
2025-09-04,112.40510559082031,0.0,113.41000366210938,0.0,113.41000366210938,112.25,112.30000305175781,0.0,120400
2025-09-05,111.79058837890625,0.0,112.79000091552734,0.0,113.9800033569336,112.26000213623047,113.45999908447266,0.0,164800
2025-09-08,112.13748931884766,0.0,113.13999938964844,0.0,113.13999938964844,112.41999816894531,113.0,0.0,92000
2025-09-09,111.6518325805664,0.0,112.6500015258789,0.0,112.81999969482422,112.12999725341797,112.81999969482422,0.0,99900
2025-09-10,111.43378448486328,0.0,112.43000030517578,0.0,112.8499984741211,112.05999755859375,112.41999816894531,0.0,101700
2025-09-11,112.93040466308594,0.0,113.94000244140625,0.0,114.08999633789062,112.93000030517578,112.93000030517578,0.0,112700
2025-09-12,111.84014892578125,0.0,112.83999633789062,0.0,113.95999908447266,112.7699966430664,113.95999908447266,0.0,52100
2025-09-15,111.7013931274414,0.0,112.69999694824219,0.0,113.16000366210938,112.61000061035156,112.95999908447266,0.0,106900
2025-09-16,111.34457397460938,0.0,112.33999633789062,0.0,112.73999786376953,111.77999877929688,112.73999786376953,0.0,298900
2025-09-17,111.40404510498047,0.0,112.4000015258789,0.0,113.79000091552734,111.47000122070312,112.38999938964844,0.0,233200
2025-09-18,112.40510559082031,0.0,113.41000366210938,0.0,113.76000213623047,112.83000183105469,113.01000213623047,0.0,79900
2025-09-19,112.45465850830078,0.0,113.45999908447266,0.0,113.7300033569336,112.95999908447266,113.62999725341797,0.0,82400
2025-09-22,112.6620864868164,0.0,113.51000213623047,0.159,113.61000061035156,112.62000274658203,112.83999633789062,0.0,116900
2025-09-23,112.5628433227539,0.0,113.41000366210938,0.0,114.31999969482422,113.1500015258789,113.48999786376953,0.0,115400
2025-09-24,112.21544647216797,0.0,113.05999755859375,0.0,113.77999877929688,112.97000122070312,113.5199966430664,0.0,162900
2025-09-25,111.55045318603516,0.0,112.38999938964844,0.0,112.5,111.73999786376953,112.23999786376953,0.0,122800
2025-09-26,112.59261322021484,0.0,113.44000244140625,0.0,113.5,112.6500015258789,112.69999694824219,0.0,90400
2025-09-29,112.7911148071289,0.0,113.63999938964844,0.0,114.22000122070312,113.30999755859375,114.05000305175781,0.0,228300
2025-09-30,112.77127075195312,0.0,113.62000274658203,0.0,113.69999694824219,112.66000366210938,113.41999816894531,0.0,119100
2025-10-01,113.10872650146484,0.0,113.95999908447266,0.0,114.13999938964844,113.05999755859375,113.05999755859375,0.0,61400
2025-10-02,113.61492156982422,0.0,114.47000122070312,0.0,114.5,113.6500015258789,114.01000213623047,0.0,85900
2025-10-03,113.89282989501953,0.0,114.75,0.0,115.37000274658203,114.6500015258789,114.66999816894531,0.0,85000
2025-10-06,114.36924743652344,0.0,115.2300033569336,0.0,115.87999725341797,114.95999908447266,115.30000305175781,0.0,118400
2025-10-07,113.4461898803711,0.0,114.30000305175781,0.0,115.54000091552734,113.88999938964844,115.54000091552734,0.0,109400
2025-10-08,114.10125732421875,0.0,114.95999908447266,0.0,115.11000061035156,114.16999816894531,114.54000091552734,0.0,82500
2025-10-09,113.29730987548828,0.0,114.1500015258789,0.0,115.38999938964844,114.0199966430664,115.38999938964844,0.0,91100
2025-10-10,110.14106750488281,0.0,110.97000122070312,0.0,114.5999984741211,110.88999938964844,114.41999816894531,0.0,129500
2025-10-13,111.25269317626953,0.0,112.08999633789062,0.0,112.56999969482422,111.70999908447266,112.2300033569336,0.0,72900
2025-10-14,112.11620330810547,0.0,112.95999908447266,0.0,113.63999938964844,110.88999938964844,110.88999938964844,0.0,68400
2025-10-15,112.29485321044922,0.0,113.13999938964844,0.0,114.08999633789062,112.2300033569336,113.68000030517578,0.0,93500
2025-10-16,111.06411743164062,0.0,111.9000015258789,0.0,113.19999694824219,111.18000030517578,113.08000183105469,0.0,167300
2025-10-17,111.312255859375,0.0,112.1500015258789,0.0,112.44999694824219,111.54000091552734,111.62000274658203,0.0,62800
2025-10-20,112.58269500732422,0.0,113.43000030517578,0.0,113.81999969482422,112.79000091552734,112.91000366210938,0.0,70800
2025-10-21,113.8531265258789,0.0,114.70999908447266,0.0,114.9800033569336,113.31999969482422,113.37000274658203,0.0,97300
2025-10-22,112.78118896484375,0.0,113.62999725341797,0.0,114.5999984741211,113.0,114.55999755859375,0.0,124300
2025-10-23,112.9201431274414,0.0,113.7699966430664,0.0,114.18000030517578,113.25,113.58999633789062,0.0,96400
2025-10-24,113.17820739746094,0.0,114.02999877929688,0.0,114.63999938964844,113.97000122070312,114.47000122070312,0.0,54400
2025-10-27,114.12110900878906,0.0,114.9800033569336,0.0,115.0,114.58999633789062,114.93000030517578,0.0,55000
2025-10-28,113.22783660888672,0.0,114.08000183105469,0.0,114.75,114.0199966430664,114.4800033569336,0.0,75700
2025-10-29,112.9499282836914,0.0,113.80000305175781,0.0,114.76000213623047,113.44999694824219,114.16000366210938,0.0,79700
2025-10-30,111.54053497314453,0.0,112.37999725341797,0.0,113.93000030517578,112.37999725341797,112.7699966430664,0.0,116800
2025-10-31,111.65962982177734,0.0,112.5,0.0,112.87000274658203,111.87000274658203,112.43000030517578,0.0,137600
2025-11-03,111.5008316040039,0.0,112.33999633789062,0.0,112.83999633789062,111.43000030517578,112.83999633789062,0.0,182200
2025-11-04,109.79368591308594,0.0,110.62000274658203,0.0,111.4000015258789,110.56999969482422,110.9800033569336,0.0,191500
2025-11-05,110.23039245605469,0.0,111.05999755859375,0.0,111.7300033569336,110.12000274658203,110.33000183105469,0.0,113300
2025-11-06,109.19815063476562,0.0,110.0199966430664,0.0,111.08000183105469,109.75,110.80999755859375,0.0,132500
2025-11-07,110.47852325439453,0.0,111.30999755859375,0.0,111.37999725341797,109.6500015258789,110.0999984741211,0.0,91900
2025-11-10,111.46113586425781,0.0,112.30000305175781,0.0,112.43000030517578,111.12999725341797,112.13999938964844,0.0,103500
2025-11-11,111.37179565429688,0.0,112.20999908447266,0.0,112.69999694824219,111.91999816894531,112.08999633789062,0.0,104800
2025-11-12,111.79859161376953,0.0,112.63999938964844,0.0,113.11000061035156,112.5999984741211,112.5999984741211,0.0,94800
2025-11-13,110.10136413574219,0.0,110.93000030517578,0.0,112.73999786376953,110.76000213623047,112.27999877929688,0.0,231300
2025-11-14,109.81352996826172,0.0,110.63999938964844,0.0,111.41999816894531,109.80999755859375,109.81999969482422,0.0,121100
2025-11-17,107.58033752441406,0.0,108.38999938964844,0.0,110.56999969482422,107.98999786376953,110.37999725341797,0.0,120100
2025-11-18,107.33220672607422,0.0,108.13999938964844,0.0,108.76000213623047,107.48999786376953,107.70999908447266,0.0,90200
2025-11-19,107.23294830322266,0.0,108.04000091552734,0.0,108.83000183105469,107.62999725341797,108.20999908447266,0.0,218400
2025-11-20,105.70445251464844,0.0,106.5,0.0,109.8499984741211,106.37000274658203,109.5,0.0,180900
2025-11-21,107.97735595703125,0.0,108.79000091552734,0.0,109.44999694824219,106.95999908447266,106.95999908447266,0.0,78400
2025-11-24,108.65226745605469,0.0,109.47000122070312,0.0,109.91999816894531,108.72000122070312,109.19999694824219,0.0,108400
2025-11-25,110.52815246582031,0.0,111.36000061035156,0.0,111.52999877929688,109.47000122070312,109.6500015258789,0.0,45500
2025-11-26,111.44127655029297,0.0,112.27999877929688,0.0,112.69999694824219,111.69999694824219,111.69999694824219,0.0,42900
2025-11-28,111.87799072265625,0.0,112.72000122070312,0.0,112.95999908447266,112.36000061035156,112.43000030517578,0.0,27200
2025-12-01,111.38172912597656,0.0,112.22000122070312,0.0,113.01000213623047,111.93000030517578,111.93000030517578,0.0,54300
2025-12-02,111.76881408691406,0.0,112.61000061035156,0.0,112.91000366210938,111.9800033569336,112.5199966430664,0.0,54900
2025-12-03,112.6620864868164,0.0,113.51000213623047,0.0,113.54000091552734,112.48999786376953,112.69999694824219,0.0,64100
2025-12-04,112.4338150024414,0.0,113.27999877929688,0.0,113.7300033569336,113.05000305175781,113.5,0.0,152300
2025-12-05,112.7613525390625,0.0,113.61000061035156,0.0,114.26000213623047,113.36000061035156,113.36000061035156,0.0,71300
2025-12-08,112.16583251953125,0.0,113.01000213623047,0.0,113.80999755859375,112.87000274658203,113.79000091552734,0.0,59900
2025-12-09,111.89784240722656,0.0,112.73999786376953,0.0,113.36000061035156,112.73999786376953,112.75,0.0,60100
2025-12-10,113.4660415649414,0.0,114.31999969482422,0.0,114.66999816894531,112.7699966430664,112.86000061035156,0.0,109600
2025-12-11,114.87542724609375,0.0,115.73999786376953,0.0,115.77999877929688,114.18000030517578,114.18000030517578,0.0,90000
2025-12-12,113.67447662353516,0.0,114.52999877929688,0.0,116.37999725341797,114.44000244140625,116.16999816894531,0.0,78000
2025-12-15,114.3096923828125,0.0,115.16999816894531,0.0,115.31999969482422,114.58000183105469,115.31999969482422,0.0,103900
2025-12-16,113.77372741699219,0.0,114.62999725341797,0.0,115.27999877929688,114.01000213623047,115.11000061035156,0.0,79700
2025-12-17,112.72164916992188,0.0,113.56999969482422,0.0,114.9800033569336,113.48999786376953,114.44999694824219,0.0,113200
2025-12-18,113.28739166259766,0.0,114.13999938964844,0.0,115.11000061035156,113.97000122070312,114.56999969482422,0.0,81800
2025-12-19,114.16081237792969,0.0,115.0199966430664,0.0,115.26000213623047,114.30000305175781,114.37999725341797,0.0,124200
2025-12-22,115.35011291503906,0.0,116.0,0.216,116.0999984741211,115.27999877929688,115.27999877929688,0.0,66500
2025-12-23,114.80319213867188,0.0,115.44999694824219,0.0,115.80999755859375,115.29000091552734,115.80999755859375,0.0,54300
2025-12-24,115.02196502685547,0.0,115.66999816894531,0.0,115.95999908447266,115.33000183105469,115.33000183105469,0.0,29500
2025-12-26,114.91258239746094,0.0,115.55999755859375,0.0,115.7300033569336,115.19000244140625,115.6500015258789,0.0,142900
2025-12-29,114.5048828125,0.0,115.1500015258789,0.0,115.45999908447266,114.79000091552734,115.12999725341797,0.0,100500
2025-12-30,114.3159408569336,0.0,114.95999908447266,0.0,115.30000305175781,114.91999816894531,115.08000183105469,0.0,54200
2025-12-31,113.22210693359375,0.0,113.86000061035156,0.0,114.77999877929688,113.86000061035156,114.77999877929688,0.0,62800
2026-01-02,113.87841033935547,0.0,114.5199966430664,0.0,114.80999755859375,113.66999816894531,114.41999816894531,0.0,181300
2026-01-05,115.65837860107422,0.0,116.30999755859375,0.0,117.16999816894531,114.94000244140625,114.95999908447266,0.0,95600
2026-01-06,117.03064727783203,0.0,117.69000244140625,0.0,117.76000213623047,116.3499984741211,116.36000061035156,0.0,71600
2026-01-07,115.81748962402344,0.0,116.47000122070312,0.0,117.58999633789062,116.44999694824219,117.58000183105469,0.0,78800
2026-01-08,116.55333709716797,0.0,117.20999908447266,0.0,117.5999984741211,116.04000091552734,116.16999816894531,0.0,127400
2026-01-09,116.81188201904297,0.0,117.47000122070312,0.0,117.9000015258789,116.88999938964844,117.56999969482422,0.0,60000
2026-01-12,116.34451293945312,0.0,117.0,0.0,117.0,116.3499984741211,116.55000305175781,0.0,47500
2026-01-13,115.66832733154297,0.0,116.31999969482422,0.0,116.94000244140625,116.0199966430664,116.94000244140625,0.0,107700
2026-01-14,114.68386840820312,0.0,115.33000183105469,0.0,116.12000274658203,114.63999938964844,116.12000274658203,0.0,80700
2026-01-15,115.61859893798828,0.0,116.2699966430664,0.0,116.75,116.0,116.0,0.0,70300
2026-01-16,115.27056121826172,0.0,115.91999816894531,0.0,116.62000274658203,115.80000305175781,116.56999969482422,0.0,76800
2026-01-20,113.18232727050781,0.0,113.81999969482422,0.0,115.0999984741211,113.69999694824219,113.86000061035156,0.0,73600
2026-01-21,115.16117858886719,0.0,115.80999755859375,0.0,116.30999755859375,114.3499984741211,114.3499984741211,0.0,109700
2026-01-22,116.06608581542969,0.0,116.72000122070312,0.0,117.41999816894531,116.54000091552734,116.79000091552734,0.0,86800
2026-01-23,115.37000274658203,0.0,116.0199966430664,0.0,116.73999786376953,115.79000091552734,116.72000122070312,0.0,60000
2026-01-26,115.78765106201172,0.0,116.44000244140625,0.0,116.66000366210938,116.19999694824219,116.19999694824219,0.0,65000
2026-01-27,115.2606201171875,0.0,115.91000366210938,0.0,116.69999694824219,115.80999755859375,116.69999694824219,0.0,77100
2026-01-28,115.19100189208984,0.0,115.83999633789062,0.0,116.56999969482422,115.7300033569336,116.12000274658203,0.0,94700
2026-01-29,115.92687225341797,0.0,116.58000183105469,0.0,117.05999755859375,115.19999694824219,116.3499984741211,0.0,102100
2026-01-30,114.61426544189453,0.0,115.26000213623047,0.0,116.2699966430664,114.48999786376953,115.9000015258789,0.0,90800
2026-02-02,115.5887680053711,0.0,116.23999786376953,0.0,116.5999984741211,114.91000366210938,114.91000366210938,0.0,130300
2026-02-03,114.34577178955078,0.0,114.98999786376953,0.0,116.47000122070312,114.13999938964844,115.72000122070312,0.0,90600
2026-02-04,115.13134765625,0.0,115.77999877929688,0.0,116.58999633789062,114.7300033569336,115.4000015258789,0.0,146700
2026-02-05,113.69940948486328,0.0,114.33999633789062,0.0,115.33000183105469,114.05000305175781,114.87999725341797,0.0,80700
2026-02-06,116.79198455810547,0.0,117.44999694824219,0.0,117.54000091552734,115.31999969482422,115.31999969482422,0.0,69500
2026-02-09,116.77210235595703,0.0,117.43000030517578,0.0,117.81999969482422,117.01000213623047,117.08000183105469,0.0,64600
2026-02-10,116.63288879394531,0.0,117.29000091552734,0.0,117.94999694824219,117.0999984741211,117.51000213623047,0.0,49200
2026-02-11,116.04618835449219,0.0,116.69999694824219,0.0,118.08999633789062,116.33000183105469,117.83000183105469,0.0,70000
2026-02-12,113.40109252929688,0.0,114.04000091552734,0.0,117.4000015258789,113.4800033569336,116.91999816894531,0.0,94000
2026-02-13,113.90824127197266,0.0,114.55000305175781,0.0,115.23999786376953,113.4800033569336,114.26000213623047,0.0,52300
2026-02-17,114.64409637451172,0.0,115.29000091552734,0.0,115.52999877929688,113.91999816894531,114.70999908447266,0.0,108700
2026-02-18,115.48932647705078,0.0,116.13999938964844,0.0,116.4800033569336,115.2300033569336,115.2300033569336,0.0,84200
2026-02-19,115.07168579101562,0.0,115.72000122070312,0.0,115.93000030517578,114.94000244140625,115.80999755859375,0.0,69600
2026-02-20,116.08596801757812,0.0,116.73999786376953,0.0,116.8499984741211,115.26000213623047,115.33999633789062,0.0,66300
2026-02-23,113.13259887695312,0.0,113.7699966430664,0.0,116.26000213623047,113.25,116.26000213623047,0.0,123500
2026-02-24,114.4849853515625,0.0,115.12999725341797,0.0,115.30000305175781,113.5,113.81999969482422,0.0,97300
2026-02-25,115.24073028564453,0.0,115.88999938964844,0.0,116.05000305175781,114.9800033569336,115.45999908447266,0.0,49900
2026-02-26,115.90697479248047,0.0,116.55999755859375,0.0,116.72000122070312,115.73999786376953,116.16000366210938,0.0,46100
2026-02-27,114.72364807128906,0.0,115.37000274658203,0.0,115.5199966430664,114.56999969482422,115.26000213623047,0.0,82500
2026-03-02,114.27616882324219,0.0,114.91999816894531,0.0,115.43000030517578,113.20999908447266,113.3499984741211,0.0,56400
2026-03-03,113.24199676513672,0.0,113.87999725341797,0.0,114.4800033569336,111.58999633789062,112.37999725341797,0.0,108100
2026-03-04,113.99773406982422,0.0,114.63999938964844,0.0,115.0199966430664,113.83000183105469,114.41999816894531,0.0,99800
2026-03-05,113.470703125,0.0,114.11000061035156,0.0,115.0,113.11000061035156,113.98999786376953,0.0,127300
2026-03-06,111.18358612060547,0.0,111.80999755859375,0.0,112.37999725341797,111.13999938964844,112.37999725341797,0.0,128000
2026-03-09,111.88961029052734,0.0,112.5199966430664,0.0,112.62000274658203,108.5199966430664,110.1500015258789,0.0,116500
2026-03-10,110.78583526611328,0.0,111.41000366210938,0.0,112.93000030517578,110.97000122070312,112.27999877929688,0.0,141800
2026-03-11,110.39801788330078,0.0,111.0199966430664,0.0,111.72000122070312,110.41999816894531,111.54000091552734,0.0,63500
2026-03-12,107.91201782226562,0.0,108.5199966430664,0.0,110.0199966430664,108.44999694824219,109.69999694824219,0.0,167700
2026-03-13,107.4744873046875,0.0,108.08000183105469,0.0,109.58000183105469,107.93000030517578,109.05999755859375,0.0,115100
2026-03-16,108.48876953125,0.0,109.0999984741211,0.0,109.7699966430664,108.77999877929688,109.2300033569336,0.0,109400
2026-03-17,109.3240737915039,0.0,109.94000244140625,0.0,110.9800033569336,109.94000244140625,110.04000091552734,0.0,67200
2026-03-18,108.18051147460938,0.0,108.79000091552734,0.0,110.30000305175781,108.77999877929688,109.44000244140625,0.0,63300
2026-03-19,108.4489974975586,0.0,109.05999755859375,0.0,109.69999694824219,107.97000122070312,107.98999786376953,0.0,207600
2026-03-20,106.46019744873047,0.0,107.05999755859375,0.0,108.33000183105469,106.2699966430664,108.33000183105469,0.0,141600
2026-03-23,108.39834594726562,0.0,108.66999816894531,0.333,110.05999755859375,108.37999725341797,108.87999725341797,0.0,218300
2026-03-24,108.2387466430664,0.0,108.51000213623047,0.0,109.12000274658203,107.54000091552734,107.72000122070312,0.0,202000
2026-03-25,108.7275161743164,0.0,109.0,0.0,110.16000366210938,108.19999694824219,109.55000305175781,0.0,236600
2026-03-26,106.8023452758789,0.0,107.06999969482422,0.0,109.12999725341797,106.98999786376953,108.01000213623047,0.0,206600
2026-03-27,104.67767333984375,0.0,104.94000244140625,0.0,106.41999816894531,104.62999725341797,106.41000366210938,0.0,126300
2026-03-30,103.97941589355469,0.0,104.23999786376953,0.0,105.9000015258789,103.86000061035156,105.9000015258789,0.0,87700
2026-03-31,107.3509750366211,0.0,107.62000274658203,0.0,107.93000030517578,105.30999755859375,105.61000061035156,0.0,216200
2026-04-01,107.73001861572266,0.0,108.0,0.0,108.93000030517578,107.62000274658203,108.26000213623047,0.0,104300
2026-04-02,107.74996948242188,0.0,108.0199966430664,0.0,108.86000061035156,106.06999969482422,106.26000213623047,0.0,234600
2026-04-06,108.55794525146484,0.0,108.83000183105469,0.0,108.87000274658203,107.87000274658203,107.9000015258789,0.0,74100
2026-04-07,108.26866912841797,0.0,108.54000091552734,0.0,108.77999877929688,107.66000366210938,108.27999877929688,0.0,93800
2026-04-08,112.05916595458984,0.0,112.33999633789062,0.0,113.19000244140625,111.9000015258789,112.4000015258789,0.0,87300
2026-04-09,112.24869537353516,0.0,112.52999877929688,0.0,112.6500015258789,111.23999786376953,111.79000091552734,0.0,52400
2026-04-10,111.89957427978516,0.0,112.18000030517578,0.0,112.75,111.86000061035156,112.75,0.0,67400
2026-04-13,113.4457015991211,0.0,113.7300033569336,0.0,113.7300033569336,111.30000305175781,111.44000244140625,0.0,101900
2026-04-14,114.3534164428711,0.0,114.63999938964844,0.0,114.97000122070312,113.91000366210938,114.12999725341797,0.0,60300
2026-04-15,114.83222198486328,0.0,115.12000274658203,0.0,115.43000030517578,114.48999786376953,114.87000274658203,0.0,78000
2026-04-16,114.87212371826172,0.0,115.16000366210938,0.0,115.7300033569336,114.73999786376953,115.29000091552734,0.0,63300
2026-04-17,117.13644409179688,0.0,117.43000030517578,0.0,118.27999877929688,116.44000244140625,116.44000244140625,0.0,64100
2026-04-20,117.78482055664062,0.0,118.08000183105469,0.0,118.08000183105469,116.91999816894531,116.91999816894531,0.0,41000
2026-04-21,117.44567108154297,0.0,117.73999786376953,0.0,119.36000061035156,117.56999969482422,118.37000274658203,0.0,51600
2026-04-22,117.46562194824219,0.0,117.76000213623047,0.0,118.4800033569336,117.5,118.4800033569336,0.0,76300
2026-04-23,116.83719635009766,0.0,117.12999725341797,0.0,117.79000091552734,115.80999755859375,117.66000366210938,0.0,45500
2026-04-24,117.13644409179688,0.0,117.43000030517578,0.0,117.70999908447266,116.75,117.30000305175781,0.0,60300
2026-04-27,117.06661987304688,0.0,117.36000061035156,0.0,117.81999969482422,117.12000274658203,117.12000274658203,0.0,59000
2026-04-28,115.75989532470703,0.0,116.05000305175781,0.0,117.11000061035156,116.0199966430664,117.01000213623047,0.0,59300
2026-04-29,115.46064758300781,0.0,115.75,0.0,116.19000244140625,115.0199966430664,115.87000274658203,0.0,85400
2026-04-30,116.76737213134766,0.0,117.05999755859375,0.0,117.20999908447266,115.30000305175781,115.75,0.0,98200
2026-05-01,116.3583984375,0.0,116.6500015258789,0.0,117.45999908447266,116.63999938964844,117.45999908447266,0.0,55500
2026-05-04,115.60029602050781,0.0,115.88999938964844,0.0,117.27999877929688,115.66000366210938,116.44999694824219,0.0,74300
2026-05-05,115.94941711425781,0.0,116.23999786376953,0.0,116.61000061035156,115.88999938964844,116.41999816894531,0.0,60600
2026-05-06,117.8646240234375,0.0,118.16000366210938,0.0,118.30000305175781,117.37999725341797,117.52999877929688,0.0,153300
2026-05-07,117.0865707397461,0.0,117.37999725341797,0.0,118.88999938964844,117.12999725341797,118.68000030517578,0.0,146300
2026-05-08,117.10652160644531,0.0,117.4000015258789,0.0,117.69000244140625,117.05000305175781,117.69000244140625,0.0,76100
2026-05-11,116.33843994140625,0.0,116.62999725341797,0.0,117.31999969482422,116.55000305175781,117.16999816894531,0.0,75400
2026-05-12,116.3583984375,0.0,116.6500015258789,0.0,116.83999633789062,115.54000091552734,116.30999755859375,0.0,92800
2026-05-13,115.64019775390625,0.0,115.93000030517578,0.0,116.41000366210938,115.69000244140625,116.41000366210938,0.0,53300
2026-05-14,116.74742126464844,0.0,117.04000091552734,0.0,117.2300033569336,116.37999725341797,116.45999908447266,0.0,86900
2026-05-15,115.68009948730469,0.0,115.97000122070312,0.0,116.43000030517578,115.77999877929688,116.1500015258789,0.0,53100
2026-05-18,116.05914306640625,0.0,116.3499984741211,0.0,116.87999725341797,115.66999816894531,116.12999725341797,0.0,59400
2026-05-19,114.86214447021484,0.0,115.1500015258789,0.0,115.83000183105469,114.86000061035156,115.83000183105469,0.0,65700
2026-05-20,117.23619842529297,0.0,117.52999877929688,0.0,117.52999877929688,114.3499984741211,115.33000183105469,0.0,76300
2026-05-21,117.39579772949219,0.0,117.69000244140625,0.0,117.80000305175781,116.33000183105469,116.75,0.0,71200
2026-05-22,117.95439910888672,0.0,118.25,0.0,118.66999816894531,117.88999938964844,118.1500015258789,0.0,64500
2026-05-26,119.50052642822266,0.0,119.80000305175781,0.0,120.0,119.12999725341797,119.30000305175781,0.0,41900
2026-05-27,119.46062469482422,0.0,119.76000213623047,0.0,120.68000030517578,119.69999694824219,120.05999755859375,0.0,44500
2026-05-28,120.0291976928711,0.0,120.33000183105469,0.0,120.5999984741211,119.04000091552734,119.4000015258789,0.0,40000
2026-05-29,119.83966827392578,0.0,120.13999938964844,0.0,120.95999908447266,120.0999984741211,120.54000091552734,0.0,69500
2026-06-01,120.4281997680664,0.0,120.7300033569336,0.0,121.04000091552734,119.62999725341797,119.62999725341797,0.0,34400
2026-06-02,120.82719421386719,0.0,121.12999725341797,0.0,121.16000366210938,120.25,120.52999877929688,0.0,64100
2026-06-03,120.14889526367188,0.0,120.44999694824219,0.0,120.58000183105469,119.98999786376953,120.44999694824219,0.0,49200
2026-06-04,121.3658447265625,0.0,121.66999816894531,0.0,121.9000015258789,120.6500015258789,120.6500015258789,0.0,26100
2026-06-05,119.02172088623047,0.0,119.31999969482422,0.0,121.0999984741211,118.97000122070312,120.95999908447266,0.0,52600
2026-06-08,119.44066619873047,0.0,119.73999786376953,0.0,120.5,119.69999694824219,119.93000030517578,0.0,27900
2026-06-09,119.66011810302734,0.0,119.95999908447266,0.0,121.51000213623047,117.58000183105469,120.38999938964844,0.0,130300
2026-06-10,116.37834167480469,0.0,116.66999816894531,0.0,119.5999984741211,116.66999816894531,118.83000183105469,0.0,80800
2026-06-11,119.09154510498047,0.0,119.38999938964844,0.0,119.6500015258789,117.05999755859375,117.26000213623047,0.0,70700
2026-06-12,120.08904266357422,0.0,120.38999938964844,0.0,120.66000366210938,119.04000091552734,119.80999755859375,0.0,65500
2026-06-15,121.2960205078125,0.0,121.5999984741211,0.0,122.19000244140625,121.48999786376953,121.86000061035156,0.0,46200
2026-06-16,120.86709594726562,0.0,121.16999816894531,0.0,122.11000061035156,121.05999755859375,121.75,0.0,89800
2026-06-17,118.61274719238281,0.0,118.91000366210938,0.0,121.6500015258789,118.87000274658203,121.0999984741211,0.0,89100
2026-06-18,120.10900115966797,0.0,120.41000366210938,0.0,120.91000366210938,120.06999969482422,120.5199966430664,0.0,74600
2026-06-22,119.79000091552734,0.0,119.79000091552734,0.301,120.62999725341797,119.44000244140625,119.98999786376953,0.0,72700
2026-06-23,119.30999755859375,0.0,119.30999755859375,0.0,119.80999755859375,118.87000274658203,118.87000274658203,0.0,29400
2026-06-24,120.5,0.0,120.5,0.0,121.66000366210938,119.63999938964844,119.63999938964844,0.0,50300
2026-06-25,120.16000366210938,0.0,120.16000366210938,0.0,122.0,119.94000244140625,120.9800033569336,0.0,55000
2026-06-26,121.72000122070312,0.0,121.72000122070312,0.0,121.94999694824219,119.94000244140625,119.94000244140625,0.0,59500
2026-06-29,122.4000015258789,0.0,122.4000015258789,0.0,123.0199966430664,122.12999725341797,122.33000183105469,0.0,72500
2026-06-30,122.29000091552734,0.0,122.29000091552734,0.0,122.58999633789062,121.69000244140625,122.12999725341797,0.0,46100
2026-07-01,123.44000244140625,0.0,123.44000244140625,0.0,124.33999633789062,122.62999725341797,122.62999725341797,0.0,63800
2026-07-02,124.37999725341797,0.0,124.37999725341797,0.0,124.66000366210938,123.70999908447266,123.95999908447266,0.0,34900
2026-07-06,124.73999786376953,0.0,124.73999786376953,0.0,124.73999786376953,123.91999816894531,124.37999725341797,0.0,121900
2026-07-07,124.37000274658203,0.0,124.37000274658203,0.0,125.47000122070312,124.23999786376953,125.11000061035156,0.0,31200
2026-07-08,122.83000183105469,0.0,122.83000183105469,0.0,123.4800033569336,122.27999877929688,123.4800033569336,0.0,206600
2026-07-09,124.18000030517578,0.0,124.18000030517578,0.0,124.18000030517578,122.7699966430664,122.7699966430664,0.0,83500
2026-07-10,124.43000030517578,0.0,124.43000030517578,0.0,124.58999633789062,123.55000305175781,124.58999633789062,0.0,91300
2026-07-13,124.29000091552734,0.0,124.29000091552734,0.0,125.08999633789062,124.01000213623047,124.61000061035156,0.0,53600
2026-07-14,123.22000122070312,0.0,123.22000122070312,0.0,123.97000122070312,123.22000122070312,123.91999816894531,0.0,152400
2026-07-15,122.98999786376953,0.0,122.98999786376953,0.0,123.66000366210938,122.81999969482422,123.41999816894531,0.0,77800
2026-07-16,123.63999938964844,0.0,123.63999938964844,0.0,123.63999938964844,122.87000274658203,122.87000274658203,0.0,56100
2026-07-17,122.87000274658203,0.0,122.87000274658203,0.0,123.56999969482422,122.55000305175781,122.55000305175781,0.0,90800
2026-07-20,122.7300033569336,0.0,122.7300033569336,0.0,123.33999633789062,122.5199966430664,123.1500015258789,0.0,76800
2026-07-21,122.47000122070312,0.0,122.47000122070312,0.0,122.87999725341797,122.33999633789062,122.87999725341797,0.0,52200
2026-07-22,121.3499984741211,0.0,121.3499984741211,0.0,122.5,121.19999694824219,122.33000183105469,0.0,40500
2026-07-23,120.51000213623047,0.0,120.51000213623047,0.0,120.54000091552734,120.0,120.2300033569336,0.0,93200
2026-07-24,121.63999938964844,0.0,121.63999938964844,0.0,122.51000213623047,120.63999938964844,120.63999938964844,0.0,57000
2026-07-27,123.55999755859375,0.0,123.55999755859375,0.0,123.6500015258789,122.86000061035156,122.86000061035156,0.0,129300
2026-07-28,125.9000015258789,0.0,125.9000015258789,0.0,126.0,123.98999786376953,123.98999786376953,0.0,129400
2026-07-29,125.33999633789062,0.0,125.33999633789062,0.0,126.66000366210938,124.9000015258789,124.9000015258789,0.0,236200
2026-07-30,125.33999633789062,0.0,125.33999633789062,0.0,125.33999633789062,123.62000274658203,125.18000030517578,0.0,61700
2026-07-31,125.3499984741211,0.0,125.3499984741211,0.0,125.61000061035156,124.47000122070312,124.94999694824219,0.0,79600
2026-08-03,127.16000366210938,0.0,127.16000366210938,0.0,127.26000213623047,126.2300033569336,126.2300033569336,0.0,69100
2026-08-04,128.33999633789062,0.0,128.33999633789062,0.0,128.55999755859375,127.01000213623047,127.08000183105469,0.0,115000
2026-08-05,128.57000732421875,0.0,128.57000732421875,0.0,129.63999938964844,128.27000427246094,129.3800048828125,0.0,97900
2026-08-06,128.19000244140625,0.0,128.19000244140625,0.0,128.63999938964844,127.9000015258789,128.3699951171875,0.0,197800
2026-08-07,128.30999755859375,0.0,128.30999755859375,0.0,128.6300048828125,128.00999450683594,128.16000366210938,0.0,107300
2026-08-10,128.13999938964844,0.0,128.13999938964844,0.0,128.47000122070312,127.73999786376953,128.32000732421875,0.0,93400
2026-08-11,127.9800033569336,0.0,127.9800033569336,0.0,128.47999572753906,127.94000244140625,128.1300048828125,0.0,40100
2026-08-12,127.66999816894531,0.0,127.66999816894531,0.0,128.1999969482422,127.37000274658203,127.9800033569336,0.0,107700
2026-08-13,129.02000427246094,0.0,129.02000427246094,0.0,129.19000244140625,127.87000274658203,128.16000366210938,0.0,148000
2026-08-14,128.91000366210938,0.0,128.91000366210938,0.0,129.3000030517578,128.88999938964844,129.3000030517578,0.0,102300
2026-08-17,127.4000015258789,0.0,127.4000015258789,0.0,128.57000732421875,127.37000274658203,128.57000732421875,0.0,223900
2026-08-18,127.19999694824219,0.0,127.19999694824219,0.0,128.27999877929688,127.16999816894531,127.36000061035156,0.0,56900
2026-08-19,127.66000366210938,0.0,127.66000366210938,0.0,128.75999450683594,127.66000366210938,127.86000061035156,0.0,75200
2026-08-20,126.58000183105469,0.0,126.58000183105469,0.0,127.45999908447266,126.55999755859375,127.06999969482422,0.0,43800
