Date,Adj Close,Capital Gains,Close,Dividends,High,Low,Open,Stock Splits,Volume
2000-08-01,2.330557107925415,0.0,3.7167000770568848,0.0,3.7167000770568848,3.7167000770568848,3.7167000770568848,0.0,0
2000-08-02,2.3315608501434326,0.0,3.7183001041412354,0.0,3.7183001041412354,3.7183001041412354,3.7183001041412354,0.0,0
2000-08-03,2.3535077571868896,0.0,3.7532999515533447,0.0,3.7532999515533447,3.7532999515533447,3.7532999515533447,0.0,0
2000-08-04,2.3713161945343018,0.0,3.7816998958587646,0.0,3.7816998958587646,3.7816998958587646,3.7816998958587646,0.0,0
2000-08-07,2.3974013328552246,0.0,3.8232998847961426,0.0,3.8232998847961426,3.8232998847961426,3.8232998847961426,0.0,0
2000-08-08,2.4036717414855957,0.0,3.8333001136779785,0.0,3.8333001136779785,3.8333001136779785,3.8333001136779785,0.0,0
2000-08-09,2.3869917392730713,0.0,3.8066999912261963,0.0,3.8066999912261963,3.8066999912261963,3.8066999912261963,0.0,0
2000-08-10,2.367115020751953,0.0,3.7750000953674316,0.0,3.7750000953674316,3.7750000953674316,3.7750000953674316,0.0,0
2000-08-11,2.385925769805908,0.0,3.805000066757202,0.0,3.805000066757202,3.805000066757202,3.805000066757202,0.0,0
2000-08-14,2.418344497680664,0.0,3.8566999435424805,0.0,3.8566999435424805,3.8566999435424805,3.8566999435424805,0.0,0
2000-08-15,2.406806230545044,0.0,3.8382999897003174,0.0,3.8382999897003174,3.8382999897003174,3.8382999897003174,0.0,0
2000-08-16,2.3995327949523926,0.0,3.82669997215271,0.0,3.82669997215271,3.82669997215271,3.82669997215271,0.0,0
2000-08-17,2.4256181716918945,0.0,3.868299961090088,0.0,3.868299961090088,3.868299961090088,3.868299961090088,0.0,0
2000-08-18,2.418344497680664,0.0,3.8566999435424805,0.0,3.8566999435424805,3.8566999435424805,3.8566999435424805,0.0,0
2000-08-21,2.4308860301971436,0.0,3.876699924468994,0.0,3.876699924468994,3.876699924468994,3.876699924468994,0.0,0
2000-08-22,2.428753614425659,0.0,3.873300075531006,0.0,3.873300075531006,3.873300075531006,3.873300075531006,0.0,0
2000-08-23,2.4423608779907227,0.0,3.8949999809265137,0.0,3.8949999809265137,3.8949999809265137,3.8949999809265137,0.0,0
2000-08-24,2.44549560546875,0.0,3.9000000953674316,0.0,3.9000000953674316,3.9000000953674316,3.9000000953674316,0.0,0
2000-08-25,2.4423608779907227,0.0,3.8949999809265137,0.0,3.8949999809265137,3.8949999809265137,3.8949999809265137,0.0,0
2000-08-28,2.454901695251465,0.0,3.9149999618530273,0.0,3.9149999618530273,3.9149999618530273,3.9149999618530273,0.0,0
2000-08-29,2.4486310482025146,0.0,3.9049999713897705,0.0,3.9049999713897705,3.9049999713897705,3.9049999713897705,0.0,0
2000-08-30,2.4371559619903564,0.0,3.886699914932251,0.0,3.886699914932251,3.886699914932251,3.886699914932251,0.0,0
2000-08-31,2.462238073348999,0.0,3.9267001152038574,0.0,3.9267001152038574,3.9267001152038574,3.9267001152038574,0.0,0
2000-09-01,2.466376543045044,0.0,3.933300018310547,0.0,3.933300018310547,3.933300018310547,3.933300018310547,0.0,0
2000-09-05,2.444429397583008,0.0,3.8982999324798584,0.0,3.8982999324798584,3.8982999324798584,3.8982999324798584,0.0,0
2000-09-06,2.4204139709472656,0.0,3.859999895095825,0.0,3.859999895095825,3.859999895095825,3.859999895095825,0.0,0
2000-09-07,2.4371559619903564,0.0,3.886699914932251,0.0,3.886699914932251,3.886699914932251,3.886699914932251,0.0,0
2000-09-08,2.4246153831481934,0.0,3.8666999340057373,0.0,3.8666999340057373,3.8666999340057373,3.8666999340057373,0.0,0
2000-09-11,2.416212797164917,0.0,3.853300094604492,0.0,3.853300094604492,3.853300094604492,3.853300094604492,0.0,0
2000-09-12,2.4036717414855957,0.0,3.8333001136779785,0.0,3.8333001136779785,3.8333001136779785,3.8333001136779785,0.0,0
2000-09-13,2.4089393615722656,0.0,3.8417000770568848,0.0,3.8417000770568848,3.8417000770568848,3.8417000770568848,0.0,0
2000-09-14,2.4026684761047363,0.0,3.831700086593628,0.0,3.831700086593628,3.831700086593628,3.831700086593628,0.0,0
2000-09-15,2.3785898685455322,0.0,3.793299913406372,0.0,3.793299913406372,3.793299913406372,3.793299913406372,0.0,0
2000-09-18,2.3441014289855957,0.0,3.738300085067749,0.0,3.738300085067749,3.738300085067749,3.738300085067749,0.0,0
2000-09-19,2.3691842555999756,0.0,3.7783000469207764,0.0,3.7783000469207764,3.7783000469207764,3.7783000469207764,0.0,0
2000-09-20,2.3545737266540527,0.0,3.755000114440918,0.0,3.755000114440918,3.755000114440918,3.755000114440918,0.0,0
2000-09-21,2.351438045501709,0.0,3.75,0.0,3.75,3.75,3.75,0.0,0
2000-09-22,2.350372076034546,0.0,3.748300075531006,0.0,3.748300075531006,3.748300075531006,3.748300075531006,0.0,0
2000-09-25,2.334696054458618,0.0,3.723299980163574,0.0,3.723299980163574,3.723299980163574,3.723299980163574,0.0,0
2000-09-26,2.315884590148926,0.0,3.6933000087738037,0.0,3.6933000087738037,3.6933000087738037,3.6933000087738037,0.0,0
2000-09-27,2.314880847930908,0.0,3.691699981689453,0.0,3.691699981689453,3.691699981689453,3.691699981689453,0.0,0
2000-09-28,2.367115020751953,0.0,3.7750000953674316,0.0,3.7750000953674316,3.7750000953674316,3.7750000953674316,0.0,0
2000-09-29,2.3315608501434326,0.0,3.7183001041412354,0.0,3.7183001041412354,3.7183001041412354,3.7183001041412354,0.0,0
2000-10-02,2.330557107925415,0.0,3.7167000770568848,0.0,3.7167000770568848,3.7167000770568848,3.7167000770568848,0.0,0
2000-10-03,2.314880847930908,0.0,3.691699981689453,0.0,3.691699981689453,3.691699981689453,3.691699981689453,0.0,0
2000-10-04,2.328425645828247,0.0,3.7132999897003174,0.0,3.7132999897003174,3.7132999897003174,3.7132999897003174,0.0,0
2000-10-05,2.3315608501434326,0.0,3.7183001041412354,0.0,3.7183001041412354,3.7183001041412354,3.7183001041412354,0.0,0
2000-10-06,2.2876672744750977,0.0,3.6482999324798584,0.0,3.6482999324798584,3.6482999324798584,3.6482999324798584,0.0,0
2000-10-09,2.2761919498443604,0.0,3.630000114440918,0.0,3.630000114440918,3.630000114440918,3.630000114440918,0.0,0
2000-10-10,2.252176284790039,0.0,3.5917000770568848,0.0,3.5917000770568848,3.5917000770568848,3.5917000770568848,0.0,0
2000-10-11,2.2155559062957764,0.0,3.5332999229431152,0.0,3.5332999229431152,3.5332999229431152,3.5332999229431152,0.0,0
2000-10-12,2.1591217517852783,0.0,3.4433000087738037,0.0,3.4433000087738037,3.4433000087738037,3.4433000087738037,0.0,0
2000-10-13,2.2312328815460205,0.0,3.558300018310547,0.0,3.558300018310547,3.558300018310547,3.558300018310547,0.0,0
2000-10-16,2.232299327850342,0.0,3.559999942779541,0.0,3.559999942779541,3.559999942779541,3.559999942779541,0.0,0
2000-10-17,2.1926064491271973,0.0,3.4967000484466553,0.0,3.4967000484466553,3.4967000484466553,3.4967000484466553,0.0,0
2000-10-18,2.178999900817871,0.0,3.4749999046325684,0.0,3.4749999046325684,3.4749999046325684,3.4749999046325684,0.0,0
2000-10-19,2.2553117275238037,0.0,3.5966999530792236,0.0,3.5966999530792236,3.5966999530792236,3.5966999530792236,0.0,0
2000-10-20,2.268855571746826,0.0,3.618299961090088,0.0,3.618299961090088,3.618299961090088,3.618299961090088,0.0,0
2000-10-23,2.2667860984802246,0.0,3.615000009536743,0.0,3.615000009536743,3.615000009536743,3.615000009536743,0.0,0
2000-10-24,2.2709877490997314,0.0,3.6217000484466553,0.0,3.6217000484466553,3.6217000484466553,3.6217000484466553,0.0,0
2000-10-25,2.2166225910186768,0.0,3.5350000858306885,0.0,3.5350000858306885,3.5350000858306885,3.5350000858306885,0.0,0
2000-10-26,2.2155559062957764,0.0,3.5332999229431152,0.0,3.5332999229431152,3.5332999229431152,3.5332999229431152,0.0,0
2000-10-27,2.240638017654419,0.0,3.5732998847961426,0.0,3.5732998847961426,3.5732998847961426,3.5732998847961426,0.0,0
2000-10-30,2.271991014480591,0.0,3.623300075531006,0.0,3.623300075531006,3.623300075531006,3.623300075531006,0.0,0
2000-10-31,2.3211519718170166,0.0,3.70169997215271,0.0,3.70169997215271,3.70169997215271,3.70169997215271,0.0,0
2000-11-01,2.3086109161376953,0.0,3.6816999912261963,0.0,3.6816999912261963,3.6816999912261963,3.6816999912261963,0.0,0
2000-11-02,2.3200860023498535,0.0,3.700000047683716,0.0,3.700000047683716,3.700000047683716,3.700000047683716,0.0,0
2000-11-03,2.318016767501831,0.0,3.696700096130371,0.0,3.696700096130371,3.696700096130371,3.696700096130371,0.0,0
2000-11-06,2.3263559341430664,0.0,3.7100000381469727,0.0,3.7100000381469727,3.7100000381469727,3.7100000381469727,0.0,0
2000-11-07,2.3263559341430664,0.0,3.7100000381469727,0.0,3.7100000381469727,3.7100000381469727,3.7100000381469727,0.0,0
2000-11-08,2.289799213409424,0.0,3.651700019836426,0.0,3.651700019836426,3.651700019836426,3.651700019836426,0.0,0
2000-11-09,2.2751259803771973,0.0,3.6282999515533447,0.0,3.6282999515533447,3.6282999515533447,3.6282999515533447,0.0,0
2000-11-10,2.2197580337524414,0.0,3.5399999618530273,0.0,3.5399999618530273,3.5399999618530273,3.5399999618530273,0.0,0
2000-11-13,2.19574236869812,0.0,3.501699924468994,0.0,3.501699924468994,3.501699924468994,3.501699924468994,0.0,0
2000-11-14,2.2479751110076904,0.0,3.5850000381469727,0.0,3.5850000381469727,3.5850000381469727,3.5850000381469727,0.0,0
2000-11-15,2.2594504356384277,0.0,3.603300094604492,0.0,3.603300094604492,3.603300094604492,3.603300094604492,0.0,0
2000-11-16,2.230229377746582,0.0,3.5566999912261963,0.0,3.5566999912261963,3.5566999912261963,3.5566999912261963,0.0,0
2000-11-17,2.222892999649048,0.0,3.5450000762939453,0.0,3.5450000762939453,3.5450000762939453,3.5450000762939453,0.0,0
2000-11-20,2.1821351051330566,0.0,3.4800000190734863,0.0,3.4800000190734863,3.4800000190734863,3.4800000190734863,0.0,0
2000-11-21,2.190474510192871,0.0,3.493299961090088,0.0,3.493299961090088,3.493299961090088,3.493299961090088,0.0,0
2000-11-22,2.14971661567688,0.0,3.428299903869629,0.0,3.428299903869629,3.428299903869629,3.428299903869629,0.0,0
2000-11-24,2.1810686588287354,0.0,3.478300094604492,0.0,3.478300094604492,3.478300094604492,3.478300094604492,0.0,0
2000-11-27,2.1926064491271973,0.0,3.4967000484466553,0.0,3.4967000484466553,3.4967000484466553,3.4967000484466553,0.0,0
2000-11-28,2.1727287769317627,0.0,3.4649999141693115,0.0,3.4649999141693115,3.4649999141693115,3.4649999141693115,0.0,0
2000-11-29,2.1821351051330566,0.0,3.4800000190734863,0.0,3.4800000190734863,3.4800000190734863,3.4800000190734863,0.0,0
2000-11-30,2.1382415294647217,0.0,3.4100000858306885,0.0,3.4100000858306885,3.4100000858306885,3.4100000858306885,0.0,0
2000-12-01,2.1393074989318848,0.0,3.4117000102996826,0.0,3.4117000102996826,3.4117000102996826,3.4117000102996826,0.0,0
2000-12-04,2.1549837589263916,0.0,3.4367001056671143,0.0,3.4367001056671143,3.4367001056671143,3.4367001056671143,0.0,0
2000-12-05,2.238569498062134,0.0,3.569999933242798,0.0,3.569999933242798,3.569999933242798,3.569999933242798,0.0,0
2000-12-06,2.1988768577575684,0.0,3.506700038909912,0.0,3.506700038909912,3.506700038909912,3.506700038909912,0.0,0
2000-12-07,2.185269594192505,0.0,3.484999895095825,0.0,3.484999895095825,3.484999895095825,3.484999895095825,0.0,0
2000-12-08,2.228097677230835,0.0,3.553299903869629,0.0,3.553299903869629,3.553299903869629,3.553299903869629,0.0,0
2000-12-11,2.244839906692505,0.0,3.5799999237060547,0.0,3.5799999237060547,3.5799999237060547,3.5799999237060547,0.0,0
2000-12-12,2.230229377746582,0.0,3.5566999912261963,0.0,3.5566999912261963,3.5566999912261963,3.5566999912261963,0.0,0
2000-12-13,2.212421417236328,0.0,3.5283000469207764,0.0,3.5283000469207764,3.5283000469207764,3.5283000469207764,0.0,0
2000-12-14,2.1821351051330566,0.0,3.4800000190734863,0.0,3.4800000190734863,3.4800000190734863,3.4800000190734863,0.0,0
2000-12-15,2.1348788738250732,0.0,3.3717000484466553,0.033667,3.3717000484466553,3.3717000484466553,3.3717000484466553,0.0,0
2000-12-18,2.151721477508545,0.0,3.3982999324798584,0.0,3.3982999324798584,3.3982999324798584,3.3982999324798584,0.0,0
2000-12-19,2.124305009841919,0.0,3.3550000190734863,0.0,3.3550000190734863,3.3550000190734863,3.3550000190734863,0.0,0
2000-12-20,2.0588977336883545,0.0,3.251699924468994,0.0,3.251699924468994,3.251699924468994,3.251699924468994,0.0,0
2000-12-21,2.0747275352478027,0.0,3.276700019836426,0.0,3.276700019836426,3.276700019836426,3.276700019836426,0.0,0
2000-12-22,2.1253812313079834,0.0,3.3566999435424805,0.0,3.3566999435424805,3.3566999435424805,3.3566999435424805,0.0,0
2000-12-26,2.140134572982788,0.0,3.380000114440918,0.0,3.380000114440918,3.380000114440918,3.380000114440918,0.0,0
2000-12-27,2.1633715629577637,0.0,3.4166998863220215,0.0,3.4166998863220215,3.4166998863220215,3.4166998863220215,0.0,0
2000-12-28,2.171792984008789,0.0,3.430000066757202,0.0,3.430000066757202,3.430000066757202,3.430000066757202,0.0,0
2000-12-29,2.149631977081299,0.0,3.3949999809265137,0.0,3.3949999809265137,3.3949999809265137,3.3949999809265137,0.0,0
2001-01-02,2.089480400085449,0.0,3.299999952316284,0.0,3.299999952316284,3.299999952316284,3.299999952316284,0.0,0
2001-01-03,2.1939539909362793,0.0,3.4649999141693115,0.0,3.4649999141693115,3.4649999141693115,3.4649999141693115,0.0,0
2001-01-04,2.1707167625427246,0.0,3.428299903869629,0.0,3.428299903869629,3.428299903869629,3.428299903869629,0.0,0
2001-01-05,2.1137309074401855,0.0,3.3382999897003174,0.0,3.3382999897003174,3.3382999897003174,3.3382999897003174,0.0,0
2001-01-08,2.110564947128296,0.0,3.3333001136779785,0.0,3.3333001136779785,3.3333001136779785,3.3333001136779785,0.0,0
2001-01-09,2.1179733276367188,0.0,3.3450000286102295,0.0,3.3450000286102295,3.3450000286102295,3.3450000286102295,0.0,0
2001-01-10,2.1390578746795654,0.0,3.3782999515533447,0.0,3.3782999515533447,3.3782999515533447,3.3782999515533447,0.0,0
2001-01-11,2.1612191200256348,0.0,3.413300037384033,0.0,3.413300037384033,3.413300037384033,3.413300037384033,0.0,0
2001-01-12,2.147542715072632,0.0,3.391700029373169,0.0,3.391700029373169,3.391700029373169,3.391700029373169,0.0,0
2001-01-16,2.160205841064453,0.0,3.4117000102996826,0.0,3.4117000102996826,3.4117000102996826,3.4117000102996826,0.0,0
2001-01-17,2.165461540222168,0.0,3.4200000762939453,0.0,3.4200000762939453,3.4200000762939453,3.4200000762939453,0.0,0
2001-01-18,2.195030450820923,0.0,3.4667000770568848,0.0,3.4667000770568848,3.4667000770568848,3.4667000770568848,0.0,0
2001-01-19,2.1865456104278564,0.0,3.4532999992370605,0.0,3.4532999992370605,3.4532999992370605,3.4532999992370605,0.0,0
2001-01-22,2.1865456104278564,0.0,3.4532999992370605,0.0,3.4532999992370605,3.4532999992370605,3.4532999992370605,0.0,0
2001-01-23,2.215038299560547,0.0,3.498300075531006,0.0,3.498300075531006,3.498300075531006,3.498300075531006,0.0,0
2001-01-24,2.2213711738586426,0.0,3.5083000659942627,0.0,3.5083000659942627,3.5083000659942627,3.5083000659942627,0.0,0
2001-01-25,2.210859775543213,0.0,3.4916999340057373,0.0,3.4916999340057373,3.4916999340057373,3.4916999340057373,0.0,0
2001-01-26,2.2066173553466797,0.0,3.484999895095825,0.0,3.484999895095825,3.484999895095825,3.484999895095825,0.0,0
2001-01-29,2.2213711738586426,0.0,3.5083000659942627,0.0,3.5083000659942627,3.5083000659942627,3.5083000659942627,0.0,0
2001-01-30,2.2372004985809326,0.0,3.5332999229431152,0.0,3.5332999229431152,3.5332999229431152,3.5332999229431152,0.0,0
2001-01-31,2.224536180496216,0.0,3.5132999420166016,0.0,3.5132999420166016,3.5132999420166016,3.5132999420166016,0.0,0
2001-02-01,2.2372004985809326,0.0,3.5332999229431152,0.0,3.5332999229431152,3.5332999229431152,3.5332999229431152,0.0,0
2001-02-02,2.1981966495513916,0.0,3.4716999530792236,0.0,3.4716999530792236,3.4716999530792236,3.4716999530792236,0.0,0
2001-02-05,2.2066173553466797,0.0,3.484999895095825,0.0,3.484999895095825,3.484999895095825,3.484999895095825,0.0,0
2001-02-06,2.202375650405884,0.0,3.478300094604492,0.0,3.478300094604492,3.478300094604492,3.478300094604492,0.0,0
2001-02-07,2.1844568252563477,0.0,3.450000047683716,0.0,3.450000047683716,3.450000047683716,3.450000047683716,0.0,0
2001-02-08,2.171792984008789,0.0,3.430000066757202,0.0,3.430000066757202,3.430000066757202,3.430000066757202,0.0,0
2001-02-09,2.142224073410034,0.0,3.3833000659942627,0.0,3.3833000659942627,3.3833000659942627,3.3833000659942627,0.0,0
2001-02-12,2.167551040649414,0.0,3.42330002784729,0.0,3.42330002784729,3.42330002784729,3.42330002784729,0.0,0
2001-02-13,2.149631977081299,0.0,3.3949999809265137,0.0,3.3949999809265137,3.3949999809265137,3.3949999809265137,0.0,0
2001-02-14,2.1453897953033447,0.0,3.3882999420166016,0.0,3.3882999420166016,3.3882999420166016,3.3882999420166016,0.0,0
2001-02-15,2.162295341491699,0.0,3.4149999618530273,0.0,3.4149999618530273,3.4149999618530273,3.4149999618530273,0.0,0
2001-02-16,2.122215986251831,0.0,3.3517000675201416,0.0,3.3517000675201416,3.3517000675201416,3.3517000675201416,0.0,0
2001-02-20,2.085237979888916,0.0,3.293299913406372,0.0,3.293299913406372,3.293299913406372,3.293299913406372,0.0,0
2001-02-21,2.046234607696533,0.0,3.2316999435424805,0.0,3.2316999435424805,3.2316999435424805,3.2316999435424805,0.0,0
2001-02-22,2.0430681705474854,0.0,3.2267000675201416,0.0,3.2267000675201416,3.2267000675201416,3.2267000675201416,0.0,0
2001-02-23,2.0314180850982666,0.0,3.2083001136779785,0.0,3.2083001136779785,3.2083001136779785,3.2083001136779785,0.0,0
2001-02-26,2.0662429332733154,0.0,3.2632999420166016,0.0,3.2632999420166016,3.2632999420166016,3.2632999420166016,0.0,0
2001-02-27,2.0514895915985107,0.0,3.240000009536743,0.0,3.240000009536743,3.240000009536743,3.240000009536743,0.0,0
2001-02-28,2.0219202041625977,0.0,3.1933000087738037,0.0,3.1933000087738037,3.1933000087738037,3.1933000087738037,0.0,0
2001-03-01,2.0240731239318848,0.0,3.196700096130371,0.0,3.196700096130371,3.196700096130371,3.196700096130371,0.0,0
2001-03-02,2.012423276901245,0.0,3.178299903869629,0.0,3.178299903869629,3.178299903869629,3.178299903869629,0.0,0
2001-03-05,2.0250864028930664,0.0,3.1982998847961426,0.0,3.1982998847961426,3.1982998847961426,3.1982998847961426,0.0,0
2001-03-06,2.0451581478118896,0.0,3.2300000190734863,0.0,3.2300000190734863,3.2300000190734863,3.2300000190734863,0.0,0
2001-03-07,2.057821035385132,0.0,3.25,0.0,3.25,3.25,3.25,0.0,0
2001-03-08,2.0630764961242676,0.0,3.2583000659942627,0.0,3.2583000659942627,3.2583000659942627,3.2583000659942627,0.0,0
2001-03-09,2.012423276901245,0.0,3.178299903869629,0.0,3.178299903869629,3.178299903869629,3.178299903869629,0.0,0
2001-03-12,1.9259310960769653,0.0,3.0416998863220215,0.0,3.0416998863220215,3.0416998863220215,3.0416998863220215,0.0,0
2001-03-13,1.9544240236282349,0.0,3.086699962615967,0.0,3.086699962615967,3.086699962615967,3.086699962615967,0.0,0
2001-03-14,1.903770089149475,0.0,3.006700038909912,0.0,3.006700038909912,3.006700038909912,3.006700038909912,0.0,0
2001-03-15,1.915357232093811,0.0,3.0250000953674316,0.0,3.0250000953674316,3.0250000953674316,3.0250000953674316,0.0,0
2001-03-16,1.8773659467697144,0.0,2.9649999141693115,0.0,2.9649999141693115,2.9649999141693115,2.9649999141693115,0.0,0
2001-03-19,1.9111149311065674,0.0,3.0183000564575195,0.0,3.0183000564575195,3.0183000564575195,3.0183000564575195,0.0,0
2001-03-20,1.8647029399871826,0.0,2.944999933242798,0.0,2.944999933242798,2.944999933242798,2.944999933242798,0.0,0
2001-03-21,1.8309543132781982,0.0,2.891700029373169,0.0,2.891700029373169,2.891700029373169,2.891700029373169,0.0,0
2001-03-22,1.8235465288162231,0.0,2.880000114440918,0.0,2.880000114440918,2.880000114440918,2.880000114440918,0.0,0
2001-03-23,1.8604604005813599,0.0,2.9382998943328857,0.0,2.9382998943328857,2.9382998943328857,2.9382998943328857,0.0,0
2001-03-26,1.8816088438034058,0.0,2.9716999530792236,0.0,2.9716999530792236,2.9716999530792236,2.9716999530792236,0.0,0
2001-03-27,1.9290969371795654,0.0,3.0467000007629395,0.0,3.0467000007629395,3.0467000007629395,3.0467000007629395,0.0,0
2001-03-28,1.8826217651367188,0.0,2.973299980163574,0.0,2.973299980163574,2.973299980163574,2.973299980163574,0.0,0
2001-03-29,1.874200701713562,0.0,2.9600000381469727,0.0,2.9600000381469727,2.9600000381469727,2.9600000381469727,0.0,0
2001-03-30,1.8942723274230957,0.0,2.9916999340057373,0.0,2.9916999340057373,2.9916999340057373,2.9916999340057373,0.0,0
2001-04-02,1.8699575662612915,0.0,2.9532999992370605,0.0,2.9532999992370605,2.9532999992370605,2.9532999992370605,0.0,0
2001-04-03,1.8056275844573975,0.0,2.8517000675201416,0.0,2.8517000675201416,2.8517000675201416,2.8517000675201416,0.0,0
2001-04-04,1.8013854026794434,0.0,2.8450000286102295,0.0,2.8450000286102295,2.8450000286102295,2.8450000286102295,0.0,0
2001-04-05,1.8805317878723145,0.0,2.9700000286102295,0.0,2.9700000286102295,2.9700000286102295,2.9700000286102295,0.0,0
2001-04-06,1.8425416946411133,0.0,2.9100000858306885,0.0,2.9100000858306885,2.9100000858306885,2.9100000858306885,0.0,0
2001-04-09,1.858371376991272,0.0,2.934999942779541,0.0,2.934999942779541,2.934999942779541,2.934999942779541,0.0,0
2001-04-10,1.9079484939575195,0.0,3.0132999420166016,0.0,3.0132999420166016,3.0132999420166016,3.0132999420166016,0.0,0
2001-04-11,1.903770089149475,0.0,3.006700038909912,0.0,3.006700038909912,3.006700038909912,3.006700038909912,0.0,0
2001-04-12,1.9322630167007446,0.0,3.0517001152038574,0.0,3.0517001152038574,3.0517001152038574,3.0517001152038574,0.0,0
2001-04-16,1.9259310960769653,0.0,3.0416998863220215,0.0,3.0416998863220215,3.0416998863220215,3.0416998863220215,0.0,0
2001-04-17,1.9459391832351685,0.0,3.0732998847961426,0.0,3.0732998847961426,3.0732998847961426,3.0732998847961426,0.0,0
2001-04-18,2.0219202041625977,0.0,3.1933000087738037,0.0,3.1933000087738037,3.1933000087738037,3.1933000087738037,0.0,0
2001-04-19,2.047247886657715,0.0,3.233299970626831,0.0,3.233299970626831,3.233299970626831,3.233299970626831,0.0,0
2001-04-20,2.0293285846710205,0.0,3.2049999237060547,0.0,3.2049999237060547,3.2049999237060547,3.2049999237060547,0.0,0
2001-04-23,1.999759316444397,0.0,3.1582999229431152,0.0,3.1582999229431152,3.1582999229431152,3.1582999229431152,0.0,0
2001-04-24,1.975508451461792,0.0,3.119999885559082,0.0,3.119999885559082,3.119999885559082,3.119999885559082,0.0,0
2001-04-25,2.0060908794403076,0.0,3.168299913406372,0.0,3.168299913406372,3.168299913406372,3.168299913406372,0.0,0
2001-04-26,2.0155889987945557,0.0,3.183300018310547,0.0,3.183300018310547,3.183300018310547,3.183300018310547,0.0,0
2001-04-27,2.046234607696533,0.0,3.2316999435424805,0.0,3.2316999435424805,3.2316999435424805,3.2316999435424805,0.0,0
2001-04-30,2.0409154891967773,0.0,3.223299980163574,0.0,3.223299980163574,3.223299980163574,3.223299980163574,0.0,0
2001-05-01,2.0683953762054443,0.0,3.266700029373169,0.0,3.266700029373169,3.266700029373169,3.266700029373169,0.0,0
2001-05-02,2.0704855918884277,0.0,3.2699999809265137,0.0,3.2699999809265137,3.2699999809265137,3.2699999809265137,0.0,0
2001-05-03,2.039902687072754,0.0,3.2216999530792236,0.0,3.2216999530792236,3.2216999530792236,3.2216999530792236,0.0,0
2001-05-04,2.069408416748047,0.0,3.2683000564575195,0.0,3.2683000564575195,3.2683000564575195,3.2683000564575195,0.0,0
2001-05-07,2.0641531944274902,0.0,3.259999990463257,0.0,3.259999990463257,3.259999990463257,3.259999990463257,0.0,0
2001-05-08,2.0599112510681152,0.0,3.2532999515533447,0.0,3.2532999515533447,3.2532999515533447,3.2532999515533447,0.0,0
2001-05-09,2.0514895915985107,0.0,3.240000009536743,0.0,3.240000009536743,3.240000009536743,3.240000009536743,0.0,0
2001-05-10,2.0514895915985107,0.0,3.240000009536743,0.0,3.240000009536743,3.240000009536743,3.240000009536743,0.0,0
2001-05-11,2.0356605052948,0.0,3.2149999141693115,0.0,3.2149999141693115,3.2149999141693115,3.2149999141693115,0.0,0
2001-05-14,2.0409154891967773,0.0,3.223299980163574,0.0,3.223299980163574,3.223299980163574,3.223299980163574,0.0,0
2001-05-15,2.041991949081421,0.0,3.2249999046325684,0.0,3.2249999046325684,3.2249999046325684,3.2249999046325684,0.0,0
2001-05-16,2.1000542640686035,0.0,3.316699981689453,0.0,3.316699981689453,3.316699981689453,3.316699981689453,0.0,0
2001-05-17,2.106386423110962,0.0,3.32669997215271,0.0,3.32669997215271,3.32669997215271,3.32669997215271,0.0,0
2001-05-18,2.1116416454315186,0.0,3.3350000381469727,0.0,3.3350000381469727,3.3350000381469727,3.3350000381469727,0.0,0
2001-05-21,2.14646577835083,0.0,3.390000104904175,0.0,3.390000104904175,3.390000104904175,3.390000104904175,0.0,0
2001-05-22,2.140134572982788,0.0,3.380000114440918,0.0,3.380000114440918,3.380000114440918,3.380000114440918,0.0,0
2001-05-23,2.107398509979248,0.0,3.3282999992370605,0.0,3.3282999992370605,3.3282999992370605,3.3282999992370605,0.0,0
2001-05-24,2.1137309074401855,0.0,3.3382999897003174,0.0,3.3382999897003174,3.3382999897003174,3.3382999897003174,0.0,0
2001-05-25,2.089480400085449,0.0,3.299999952316284,0.0,3.299999952316284,3.299999952316284,3.299999952316284,0.0,0
2001-05-29,2.0725748538970947,0.0,3.2732999324798584,0.0,3.2732999324798584,3.2732999324798584,3.2732999324798584,0.0,0
2001-05-30,2.0409154891967773,0.0,3.223299980163574,0.0,3.223299980163574,3.223299980163574,3.223299980163574,0.0,0
2001-05-31,2.053579330444336,0.0,3.243299961090088,0.0,3.243299961090088,3.243299961090088,3.243299961090088,0.0,0
2001-06-01,2.062063455581665,0.0,3.256700038909912,0.0,3.256700038909912,3.256700038909912,3.256700038909912,0.0,0
2001-06-04,2.0725748538970947,0.0,3.2732999324798584,0.0,3.2732999324798584,3.2732999324798584,3.2732999324798584,0.0,0
2001-06-05,2.098978281021118,0.0,3.315000057220459,0.0,3.315000057220459,3.315000057220459,3.315000057220459,0.0,0
2001-06-06,2.0768165588378906,0.0,3.2799999713897705,0.0,3.2799999713897705,3.2799999713897705,3.2799999713897705,0.0,0
2001-06-07,2.0884039402008057,0.0,3.29830002784729,0.0,3.29830002784729,3.29830002784729,3.29830002784729,0.0,0
2001-06-08,2.069408416748047,0.0,3.2683000564575195,0.0,3.2683000564575195,3.2683000564575195,3.2683000564575195,0.0,0
2001-06-11,2.0514895915985107,0.0,3.240000009536743,0.0,3.240000009536743,3.240000009536743,3.240000009536743,0.0,0
2001-06-12,2.0546560287475586,0.0,3.244999885559082,0.0,3.244999885559082,3.244999885559082,3.244999885559082,0.0,0
2001-06-13,2.0314180850982666,0.0,3.2083001136779785,0.0,3.2083001136779785,3.2083001136779785,3.2083001136779785,0.0,0
2001-06-14,1.9955804347991943,0.0,3.151700019836426,0.0,3.151700019836426,3.151700019836426,3.151700019836426,0.0,0
2001-06-15,1.9870957136154175,0.0,3.1382999420166016,0.0,3.1382999420166016,3.1382999420166016,3.1382999420166016,0.0,0
2001-06-18,1.9775983095169067,0.0,3.123300075531006,0.0,3.123300075531006,3.123300075531006,3.123300075531006,0.0,0
2001-06-19,1.9839303493499756,0.0,3.1333000659942627,0.0,3.1333000659942627,3.1333000659942627,3.1333000659942627,0.0,0
2001-06-20,2.0019116401672363,0.0,3.1617000102996826,0.0,3.1617000102996826,3.1617000102996826,3.1617000102996826,0.0,0
2001-06-21,2.0240731239318848,0.0,3.196700096130371,0.0,3.196700096130371,3.196700096130371,3.196700096130371,0.0,0
2001-06-22,2.005077838897705,0.0,3.1666998863220215,0.0,3.1666998863220215,3.1666998863220215,3.1666998863220215,0.0,0
2001-06-25,1.9934275150299072,0.0,3.1482999324798584,0.0,3.1482999324798584,3.1482999324798584,3.1482999324798584,0.0,0
2001-06-26,1.9913380146026611,0.0,3.1449999809265137,0.0,3.1449999809265137,3.1449999809265137,3.1449999809265137,0.0,0
2001-06-27,1.9818404912948608,0.0,3.130000114440918,0.0,3.130000114440918,3.130000114440918,3.130000114440918,0.0,0
2001-06-28,2.0060908794403076,0.0,3.168299913406372,0.0,3.168299913406372,3.168299913406372,3.168299913406372,0.0,0
2001-06-29,2.0040013790130615,0.0,3.1649999618530273,0.0,3.1649999618530273,3.1649999618530273,3.1649999618530273,0.0,0
2001-07-02,2.0240731239318848,0.0,3.196700096130371,0.0,3.196700096130371,3.196700096130371,3.196700096130371,0.0,0
2001-07-03,2.0198309421539307,0.0,3.190000057220459,0.0,3.190000057220459,3.190000057220459,3.190000057220459,0.0,0
2001-07-05,1.9955804347991943,0.0,3.151700019836426,0.0,3.151700019836426,3.151700019836426,3.151700019836426,0.0,0
2001-07-06,1.949105143547058,0.0,3.0782999992370605,0.0,3.0782999992370605,3.0782999992370605,3.0782999992370605,0.0,0
2001-07-09,1.9628454446792603,0.0,3.0999999046325684,0.0,3.0999999046325684,3.0999999046325684,3.0999999046325684,0.0,0
2001-07-10,1.9343527555465698,0.0,3.055000066757202,0.0,3.055000066757202,3.055000066757202,3.055000066757202,0.0,0
2001-07-11,1.9322630167007446,0.0,3.0517001152038574,0.0,3.0517001152038574,3.0517001152038574,3.0517001152038574,0.0,0
2001-07-12,1.9786744117736816,0.0,3.125,0.0,3.125,3.125,3.125,0.0,0
2001-07-13,1.990261435508728,0.0,3.1433000564575195,0.0,3.1433000564575195,3.1433000564575195,3.1433000564575195,0.0,0
2001-07-16,1.9691766500473022,0.0,3.109999895095825,0.0,3.109999895095825,3.109999895095825,3.109999895095825,0.0,0
2001-07-17,1.9881725311279297,0.0,3.140000104904175,0.0,3.140000104904175,3.140000104904175,3.140000104904175,0.0,0
2001-07-18,1.9775983095169067,0.0,3.123300075531006,0.0,3.123300075531006,3.123300075531006,3.123300075531006,0.0,0
2001-07-19,1.9892479181289673,0.0,3.141700029373169,0.0,3.141700029373169,3.141700029373169,3.141700029373169,0.0,0
2001-07-20,1.982917308807373,0.0,3.131700038909912,0.0,3.131700038909912,3.131700038909912,3.131700038909912,0.0,0
2001-07-23,1.9501813650131226,0.0,3.0799999237060547,0.0,3.0799999237060547,3.0799999237060547,3.0799999237060547,0.0,0
2001-07-24,1.9185233116149902,0.0,3.0299999713897705,0.0,3.0299999713897705,3.0299999713897705,3.0299999713897705,0.0,0
2001-07-25,1.949105143547058,0.0,3.0782999992370605,0.0,3.0782999992370605,3.0782999992370605,3.0782999992370605,0.0,0
2001-07-26,1.9691766500473022,0.0,3.109999895095825,0.0,3.109999895095825,3.109999895095825,3.109999895095825,0.0,0
2001-07-27,1.974432349205017,0.0,3.118299961090088,0.0,3.118299961090088,3.118299961090088,3.118299961090088,0.0,0
2001-07-30,1.972342848777771,0.0,3.115000009536743,0.0,3.115000009536743,3.115000009536743,3.115000009536743,0.0,0
2001-07-31,1.9839303493499756,0.0,3.1333000659942627,0.0,3.1333000659942627,3.1333000659942627,3.1333000659942627,0.0,0
2001-08-01,1.9913380146026611,0.0,3.1449999809265137,0.0,3.1449999809265137,3.1449999809265137,3.1449999809265137,0.0,0
2001-08-02,1.999759316444397,0.0,3.1582999229431152,0.0,3.1582999229431152,3.1582999229431152,3.1582999229431152,0.0,0
2001-08-03,1.9892479181289673,0.0,3.141700029373169,0.0,3.141700029373169,3.141700029373169,3.141700029373169,0.0,0
2001-08-06,1.9670870304107666,0.0,3.1066999435424805,0.0,3.1066999435424805,3.1066999435424805,3.1066999435424805,0.0,0
2001-08-07,1.9734193086624146,0.0,3.1166999340057373,0.0,3.1166999340057373,3.1166999340057373,3.1166999340057373,0.0,0
2001-08-08,1.9396075010299683,0.0,3.0632998943328857,0.0,3.0632998943328857,3.0632998943328857,3.0632998943328857,0.0,0
2001-08-09,1.9396075010299683,0.0,3.0632998943328857,0.0,3.0632998943328857,3.0632998943328857,3.0632998943328857,0.0,0
2001-08-10,1.9501813650131226,0.0,3.0799999237060547,0.0,3.0799999237060547,3.0799999237060547,3.0799999237060547,0.0,0
2001-08-13,1.9522711038589478,0.0,3.0833001136779785,0.0,3.0833001136779785,3.0833001136779785,3.0833001136779785,0.0,0
2001-08-14,1.9449262619018555,0.0,3.071700096130371,0.0,3.071700096130371,3.071700096130371,3.071700096130371,0.0,0
2001-08-15,1.9311864376068115,0.0,3.049999952316284,0.0,3.049999952316284,3.049999952316284,3.049999952316284,0.0,0
2001-08-16,1.937517762184143,0.0,3.059999942779541,0.0,3.059999942779541,3.059999942779541,3.059999942779541,0.0,0
2001-08-17,1.904783010482788,0.0,3.0083000659942627,0.0,3.0083000659942627,3.0083000659942627,3.0083000659942627,0.0,0
2001-08-20,1.9206124544143677,0.0,3.0332999229431152,0.0,3.0332999229431152,3.0332999229431152,3.0332999229431152,0.0,0
2001-08-21,1.8974385261535645,0.0,2.9967000484466553,0.0,2.9967000484466553,2.9967000484466553,2.9967000484466553,0.0,0
2001-08-22,1.9111149311065674,0.0,3.0183000564575195,0.0,3.0183000564575195,3.0183000564575195,3.0183000564575195,0.0,0
2001-08-23,1.9058592319488525,0.0,3.009999990463257,0.0,3.009999990463257,3.009999990463257,3.009999990463257,0.0,0
2001-08-24,1.9427735805511475,0.0,3.0683000087738037,0.0,3.0683000087738037,3.0683000087738037,3.0683000087738037,0.0,0
2001-08-27,1.9332756996154785,0.0,3.053299903869629,0.0,3.053299903869629,3.053299903869629,3.053299903869629,0.0,0
2001-08-28,1.904783010482788,0.0,3.0083000659942627,0.0,3.0083000659942627,3.0083000659942627,3.0083000659942627,0.0,0
2001-08-29,1.8836982250213623,0.0,2.9749999046325684,0.0,2.9749999046325684,2.9749999046325684,2.9749999046325684,0.0,0
2001-08-30,1.8520398139953613,0.0,2.924999952316284,0.0,2.924999952316284,2.924999952316284,2.924999952316284,0.0,0
2001-08-31,1.8594475984573364,0.0,2.9367001056671143,0.0,2.9367001056671143,2.9367001056671143,2.9367001056671143,0.0,0
2001-09-04,1.858371376991272,0.0,2.934999942779541,0.0,2.934999942779541,2.934999942779541,2.934999942779541,0.0,0
2001-09-05,1.8562813997268677,0.0,2.9316999912261963,0.0,2.9316999912261963,2.9316999912261963,2.9316999912261963,0.0,0
2001-09-06,1.8151249885559082,0.0,2.8666999340057373,0.0,2.8666999340057373,2.8666999340057373,2.8666999340057373,0.0,0
2001-09-07,1.7813136577606201,0.0,2.8132998943328857,0.0,2.8132998943328857,2.8132998943328857,2.8132998943328857,0.0,0
2001-09-10,1.7918875217437744,0.0,2.8299999237060547,0.0,2.8299999237060547,2.8299999237060547,2.8299999237060547,0.0,0
2001-09-17,1.7043194770812988,0.0,2.691699981689453,0.0,2.691699981689453,2.691699981689453,2.691699981689453,0.0,0
2001-09-18,1.6948215961456299,0.0,2.6767001152038574,0.0,2.6767001152038574,2.6767001152038574,2.6767001152038574,0.0,0
2001-09-19,1.667342185974121,0.0,2.6333000659942627,0.0,2.6333000659942627,2.6333000659942627,2.6333000659942627,0.0,0
2001-09-20,1.6156750917434692,0.0,2.5517001152038574,0.0,2.5517001152038574,2.5517001152038574,2.5517001152038574,0.0,0
2001-09-21,1.5850290060043335,0.0,2.5032999515533447,0.0,2.5032999515533447,2.5032999515533447,2.5032999515533447,0.0,0
2001-09-24,1.6473332643508911,0.0,2.6017000675201416,0.0,2.6017000675201416,2.6017000675201416,2.6017000675201416,0.0,0
2001-09-25,1.6610103845596313,0.0,2.623300075531006,0.0,2.623300075531006,2.623300075531006,2.623300075531006,0.0,0
2001-09-26,1.6536654233932495,0.0,2.6117000579833984,0.0,2.6117000579833984,2.6117000579833984,2.6117000579833984,0.0,0
2001-09-27,1.67266047000885,0.0,2.641700029373169,0.0,2.641700029373169,2.641700029373169,2.641700029373169,0.0,0
2001-09-28,1.7095746994018555,0.0,2.700000047683716,0.0,2.700000047683716,2.700000047683716,2.700000047683716,0.0,0
2001-10-01,1.7053327560424805,0.0,2.6933000087738037,0.0,2.6933000087738037,2.6933000087738037,2.6933000087738037,0.0,0
2001-10-02,1.7264806032180786,0.0,2.7267000675201416,0.0,2.7267000675201416,2.7267000675201416,2.7267000675201416,0.0,0
2001-10-03,1.7613050937652588,0.0,2.7816998958587646,0.0,2.7816998958587646,2.7816998958587646,2.7816998958587646,0.0,0
2001-10-04,1.7559866905212402,0.0,2.7732999324798584,0.0,2.7732999324798584,2.7732999324798584,2.7732999324798584,0.0,0
2001-10-05,1.7591524124145508,0.0,2.7783000469207764,0.0,2.7783000469207764,2.7783000469207764,2.7783000469207764,0.0,0
2001-10-08,1.7454761266708374,0.0,2.756700038909912,0.0,2.756700038909912,2.756700038909912,2.756700038909912,0.0,0
2001-10-09,1.7359780073165894,0.0,2.7416999340057373,0.0,2.7416999340057373,2.7416999340057373,2.7416999340057373,0.0,0
2001-10-10,1.776058316230774,0.0,2.805000066757202,0.0,2.805000066757202,2.805000066757202,2.805000066757202,0.0,0
2001-10-11,1.8024617433547974,0.0,2.8466999530792236,0.0,2.8466999530792236,2.8466999530792236,2.8466999530792236,0.0,0
2001-10-12,1.792963981628418,0.0,2.831700086593628,0.0,2.831700086593628,2.831700086593628,2.831700086593628,0.0,0
2001-10-15,1.79081130027771,0.0,2.8282999992370605,0.0,2.8282999992370605,2.8282999992370605,2.8282999992370605,0.0,0
2001-10-16,1.8024617433547974,0.0,2.8466999530792236,0.0,2.8466999530792236,2.8466999530792236,2.8466999530792236,0.0,0
2001-10-17,1.7697265148162842,0.0,2.7950000762939453,0.0,2.7950000762939453,2.7950000762939453,2.7950000762939453,0.0,0
2001-10-18,1.7559866905212402,0.0,2.7732999324798584,0.0,2.7732999324798584,2.7732999324798584,2.7732999324798584,0.0,0
2001-10-19,1.7633942365646362,0.0,2.7850000858306885,0.0,2.7850000858306885,2.7850000858306885,2.7850000858306885,0.0,0
2001-10-22,1.79081130027771,0.0,2.8282999992370605,0.0,2.8282999992370605,2.8282999992370605,2.8282999992370605,0.0,0
2001-10-23,1.7823899984359741,0.0,2.815000057220459,0.0,2.815000057220459,2.815000057220459,2.815000057220459,0.0,0
2001-10-24,1.7823899984359741,0.0,2.815000057220459,0.0,2.815000057220459,2.815000057220459,2.815000057220459,0.0,0
2001-10-25,1.8066407442092896,0.0,2.853300094604492,0.0,2.853300094604492,2.853300094604492,2.853300094604492,0.0,0
2001-10-26,1.8140488862991333,0.0,2.865000009536743,0.0,2.865000009536743,2.865000009536743,2.865000009536743,0.0,0
2001-10-29,1.7718162536621094,0.0,2.79830002784729,0.0,2.79830002784729,2.79830002784729,2.79830002784729,0.0,0
2001-10-30,1.7412337064743042,0.0,2.75,0.0,2.75,2.75,2.75,0.0,0
2001-10-31,1.7412337064743042,0.0,2.75,0.0,2.75,2.75,2.75,0.0,0
2001-11-01,1.7813136577606201,0.0,2.8132998943328857,0.0,2.8132998943328857,2.8132998943328857,2.8132998943328857,0.0,0
2001-11-02,1.7866319417953491,0.0,2.821700096130371,0.0,2.821700096130371,2.821700096130371,2.821700096130371,0.0,0
2001-11-05,1.8119593858718872,0.0,2.8617000579833984,0.0,2.8617000579833984,2.8617000579833984,2.8617000579833984,0.0,0
2001-11-06,1.838299036026001,0.0,2.9033000469207764,0.0,2.9033000469207764,2.9033000469207764,2.9033000469207764,0.0,0
2001-11-07,1.834120750427246,0.0,2.896699905395508,0.0,2.896699905395508,2.896699905395508,2.896699905395508,0.0,0
2001-11-08,1.838299036026001,0.0,2.9033000469207764,0.0,2.9033000469207764,2.9033000469207764,2.9033000469207764,0.0,0
2001-11-09,1.8414654731750488,0.0,2.9082999229431152,0.0,2.9082999229431152,2.9082999229431152,2.9082999229431152,0.0,0
2001-11-12,1.838299036026001,0.0,2.9033000469207764,0.0,2.9033000469207764,2.9033000469207764,2.9033000469207764,0.0,0
2001-11-13,1.8731237649917603,0.0,2.9583001136779785,0.0,2.9583001136779785,2.9583001136779785,2.9583001136779785,0.0,0
2001-11-14,1.87628972530365,0.0,2.9632999897003174,0.0,2.9632999897003174,2.9632999897003174,2.9632999897003174,0.0,0
2001-11-15,1.878442645072937,0.0,2.9667000770568848,0.0,2.9667000770568848,2.9667000770568848,2.9667000770568848,0.0,0
2001-11-16,1.872111439704895,0.0,2.956700086593628,0.0,2.956700086593628,2.956700086593628,2.956700086593628,0.0,0
2001-11-19,1.8931959867477417,0.0,2.990000009536743,0.0,2.990000009536743,2.990000009536743,2.990000009536743,0.0,0
2001-11-20,1.8794560432434082,0.0,2.9683001041412354,0.0,2.9683001041412354,2.9683001041412354,2.9683001041412354,0.0,0
2001-11-21,1.8699575662612915,0.0,2.9532999992370605,0.0,2.9532999992370605,2.9532999992370605,2.9532999992370605,0.0,0
2001-11-23,1.892119288444519,0.0,2.988300085067749,0.0,2.988300085067749,2.988300085067749,2.988300085067749,0.0,0
2001-11-26,1.903770089149475,0.0,3.006700038909912,0.0,3.006700038909912,3.006700038909912,3.006700038909912,0.0,0
2001-11-27,1.8900295495986938,0.0,2.984999895095825,0.0,2.984999895095825,2.984999895095825,2.984999895095825,0.0,0
2001-11-28,1.8562813997268677,0.0,2.9316999912261963,0.0,2.9316999912261963,2.9316999912261963,2.9316999912261963,0.0,0
2001-11-29,1.875277042388916,0.0,2.961699962615967,0.0,2.961699962615967,2.961699962615967,2.961699962615967,0.0,0
2001-11-30,1.874200701713562,0.0,2.9600000381469727,0.0,2.9600000381469727,2.9600000381469727,2.9600000381469727,0.0,0
2001-12-03,1.858371376991272,0.0,2.934999942779541,0.0,2.934999942779541,2.934999942779541,2.934999942779541,0.0,0
2001-12-04,1.8836982250213623,0.0,2.9749999046325684,0.0,2.9749999046325684,2.9749999046325684,2.9749999046325684,0.0,0
2001-12-05,1.9259310960769653,0.0,3.0416998863220215,0.0,3.0416998863220215,3.0416998863220215,3.0416998863220215,0.0,0
2001-12-06,1.9206124544143677,0.0,3.0332999229431152,0.0,3.0332999229431152,3.0332999229431152,3.0332999229431152,0.0,0
2001-12-07,1.9058592319488525,0.0,3.009999990463257,0.0,3.009999990463257,3.009999990463257,3.009999990463257,0.0,0
2001-12-10,1.87628972530365,0.0,2.9632999897003174,0.0,2.9632999897003174,2.9632999897003174,2.9632999897003174,0.0,0
2001-12-11,1.8710345029830933,0.0,2.9549999237060547,0.0,2.9549999237060547,2.9549999237060547,2.9549999237060547,0.0,0
2001-12-12,1.8710345029830933,0.0,2.9549999237060547,0.0,2.9549999237060547,2.9549999237060547,2.9549999237060547,0.0,0
2001-12-13,1.8425416946411133,0.0,2.9100000858306885,0.0,2.9100000858306885,2.9100000858306885,2.9100000858306885,0.0,0
2001-12-14,1.8491826057434082,0.0,2.886699914932251,0.033667,2.886699914932251,2.886699914932251,2.886699914932251,0.0,0
2001-12-17,1.8673113584518433,0.0,2.9149999618530273,0.0,2.9149999618530273,2.9149999618530273,2.9149999618530273,0.0,0
2001-12-18,1.8812123537063599,0.0,2.9367001056671143,0.0,2.9367001056671143,2.9367001056671143,2.9367001056671143,0.0,0
2001-12-19,1.8929346799850464,0.0,2.9549999237060547,0.0,2.9549999237060547,2.9549999237060547,2.9549999237060547,0.0,0
2001-12-20,1.8769203424453735,0.0,2.930000066757202,0.0,2.930000066757202,2.930000066757202,2.930000066757202,0.0,0
2001-12-21,1.8854399919509888,0.0,2.9433000087738037,0.0,2.9433000087738037,2.9433000087738037,2.9433000087738037,0.0,0
2001-12-24,1.884414792060852,0.0,2.941699981689453,0.0,2.941699981689453,2.941699981689453,2.941699981689453,0.0,0
2001-12-26,1.8918455839157104,0.0,2.9532999992370605,0.0,2.9532999992370605,2.9532999992370605,2.9532999992370605,0.0,0
2001-12-27,1.905746579170227,0.0,2.9749999046325684,0.0,2.9749999046325684,2.9749999046325684,2.9749999046325684,0.0,0
2001-12-28,1.9121525287628174,0.0,2.984999895095825,0.0,2.984999895095825,2.984999895095825,2.984999895095825,0.0,0
2001-12-31,1.8908212184906006,0.0,2.95169997215271,0.0,2.95169997215271,2.95169997215271,2.95169997215271,0.0,0
2002-01-02,1.9014548063278198,0.0,2.9683001041412354,0.0,2.9683001041412354,2.9683001041412354,2.9683001041412354,0.0,0
2002-01-03,1.9196479320526123,0.0,2.9967000484466553,0.0,2.9967000484466553,2.9967000484466553,2.9967000484466553,0.0,0
2002-01-04,1.931369662284851,0.0,3.015000104904175,0.0,3.015000104904175,3.015000104904175,3.015000104904175,0.0,0
2002-01-07,1.918558955192566,0.0,2.994999885559082,0.0,2.994999885559082,2.994999885559082,2.994999885559082,0.0,0
2002-01-08,1.9121525287628174,0.0,2.984999895095825,0.0,2.984999895095825,2.984999895095825,2.984999895095825,0.0,0
2002-01-09,1.9036327600479126,0.0,2.9716999530792236,0.0,2.9716999530792236,2.9716999530792236,2.9716999530792236,0.0,0
2002-01-10,1.905746579170227,0.0,2.9749999046325684,0.0,2.9749999046325684,2.9749999046325684,2.9749999046325684,0.0,0
2002-01-11,1.8876184225082397,0.0,2.946700096130371,0.0,2.946700096130371,2.946700096130371,2.946700096130371,0.0,0
2002-01-14,1.8758310079574585,0.0,2.928299903869629,0.0,2.928299903869629,2.928299903869629,2.928299903869629,0.0,0
2002-01-15,1.8886425495147705,0.0,2.9482998847961426,0.0,2.9482998847961426,2.9482998847961426,2.9482998847961426,0.0,0
2002-01-16,1.857702374458313,0.0,2.9000000953674316,0.0,2.9000000953674316,2.9000000953674316,2.9000000953674316,0.0,0
2002-01-17,1.8769203424453735,0.0,2.930000066757202,0.0,2.930000066757202,2.930000066757202,2.930000066757202,0.0,0
2002-01-18,1.857702374458313,0.0,2.9000000953674316,0.0,2.9000000953674316,2.9000000953674316,2.9000000953674316,0.0,0
2002-01-22,1.8448905944824219,0.0,2.880000114440918,0.0,2.880000114440918,2.880000114440918,2.880000114440918,0.0,0
2002-01-23,1.8587913513183594,0.0,2.901700019836426,0.0,2.901700019836426,2.901700019836426,2.901700019836426,0.0,0
2002-01-24,1.8651970624923706,0.0,2.9117000102996826,0.0,2.9117000102996826,2.9117000102996826,2.9117000102996826,0.0,0
2002-01-25,1.8673113584518433,0.0,2.9149999618530273,0.0,2.9149999618530273,2.9149999618530273,2.9149999618530273,0.0,0
2002-01-28,1.8673113584518433,0.0,2.9149999618530273,0.0,2.9149999618530273,2.9149999618530273,2.9149999618530273,0.0,0
2002-01-29,1.8139503002166748,0.0,2.831700086593628,0.0,2.831700086593628,2.831700086593628,2.831700086593628,0.0,0
2002-01-30,1.8352822065353394,0.0,2.865000009536743,0.0,2.865000009536743,2.865000009536743,2.865000009536743,0.0,0
2002-01-31,1.8630192279815674,0.0,2.9082999229431152,0.0,2.9082999229431152,2.9082999229431152,2.9082999229431152,0.0,0
2002-02-01,1.8502081632614136,0.0,2.8882999420166016,0.0,2.8882999420166016,2.8882999420166016,2.8882999420166016,0.0,0
2002-02-04,1.8043419122695923,0.0,2.816699981689453,0.0,2.816699981689453,2.816699981689453,2.816699981689453,0.0,0
2002-02-05,1.7968467473983765,0.0,2.805000066757202,0.0,2.805000066757202,2.805000066757202,2.805000066757202,0.0,0
2002-02-06,1.7861491441726685,0.0,2.788300037384033,0.0,2.788300037384033,2.788300037384033,2.788300037384033,0.0,0
2002-02-07,1.7808319330215454,0.0,2.7799999713897705,0.0,2.7799999713897705,2.7799999713897705,2.7799999713897705,0.0,0
2002-02-08,1.8075445890426636,0.0,2.821700096130371,0.0,2.821700096130371,2.821700096130371,2.821700096130371,0.0,0
2002-02-11,1.8341927528381348,0.0,2.863300085067749,0.0,2.863300085067749,2.863300085067749,2.863300085067749,0.0,0
2002-02-12,1.826762080192566,0.0,2.8517000675201416,0.0,2.8517000675201416,2.8517000675201416,2.8517000675201416,0.0,0
2002-02-13,1.8448905944824219,0.0,2.880000114440918,0.0,2.880000114440918,2.880000114440918,2.880000114440918,0.0,0
2002-02-14,1.8416879177093506,0.0,2.875,0.0,2.875,2.875,2.875,0.0,0
2002-02-15,1.8213813304901123,0.0,2.8433001041412354,0.0,2.8433001041412354,2.8433001041412354,2.8433001041412354,0.0,0
2002-02-19,1.7872381210327148,0.0,2.7899999618530273,0.0,2.7899999618530273,2.7899999618530273,2.7899999618530273,0.0,0
2002-02-20,1.811772346496582,0.0,2.8282999992370605,0.0,2.8282999992370605,2.8282999992370605,2.8282999992370605,0.0,0
2002-02-21,1.7840348482131958,0.0,2.7850000858306885,0.0,2.7850000858306885,2.7850000858306885,2.7850000858306885,0.0,0
2002-02-22,1.797935962677002,0.0,2.8066999912261963,0.0,2.8066999912261963,2.8066999912261963,2.8066999912261963,0.0,0
2002-02-25,1.830989956855774,0.0,2.858299970626831,0.0,2.858299970626831,2.858299970626831,2.858299970626831,0.0,0
2002-02-26,1.830989956855774,0.0,2.858299970626831,0.0,2.858299970626831,2.858299970626831,2.858299970626831,0.0,0
2002-02-27,1.8320789337158203,0.0,2.859999895095825,0.0,2.859999895095825,2.859999895095825,2.859999895095825,0.0,0
2002-02-28,1.826762080192566,0.0,2.8517000675201416,0.0,2.8517000675201416,2.8517000675201416,2.8517000675201416,0.0,0
2002-03-01,1.8684006929397583,0.0,2.9166998863220215,0.0,2.9166998863220215,2.9166998863220215,2.9166998863220215,0.0,0
2002-03-04,1.9046578407287598,0.0,2.973299980163574,0.0,2.973299980163574,2.973299980163574,2.973299980163574,0.0,0
2002-03-05,1.8918455839157104,0.0,2.9532999992370605,0.0,2.9532999992370605,2.9532999992370605,2.9532999992370605,0.0,0
2002-03-06,1.9196479320526123,0.0,2.9967000484466553,0.0,2.9967000484466553,2.9967000484466553,2.9967000484466553,0.0,0
2002-03-07,1.91106379032135,0.0,2.983299970626831,0.0,2.983299970626831,2.983299970626831,2.983299970626831,0.0,0
2002-03-08,1.9217615127563477,0.0,3.0,0.0,3.0,3.0,3.0,0.0,0
2002-03-11,1.9281669855117798,0.0,3.009999990463257,0.0,3.009999990463257,3.009999990463257,3.009999990463257,0.0,0
2002-03-12,1.9238749742507935,0.0,3.0032999515533447,0.0,3.0032999515533447,3.0032999515533447,3.0032999515533447,0.0,0
2002-03-13,1.905746579170227,0.0,2.9749999046325684,0.0,2.9749999046325684,2.9749999046325684,2.9749999046325684,0.0,0
2002-03-14,1.9046578407287598,0.0,2.973299980163574,0.0,2.973299980163574,2.973299980163574,2.973299980163574,0.0,0
2002-03-15,1.9260534048080444,0.0,3.006700038909912,0.0,3.006700038909912,3.006700038909912,3.006700038909912,0.0,0
2002-03-18,1.9249643087387085,0.0,3.005000114440918,0.0,3.005000114440918,3.005000114440918,3.005000114440918,0.0,0
2002-03-19,1.9324593544006348,0.0,3.016700029373169,0.0,3.016700029373169,3.016700029373169,3.016700029373169,0.0,0
2002-03-20,1.902543544769287,0.0,2.9700000286102295,0.0,2.9700000286102295,2.9700000286102295,2.9700000286102295,0.0,0
2002-03-21,1.9046578407287598,0.0,2.973299980163574,0.0,2.973299980163574,2.973299980163574,2.973299980163574,0.0,0
2002-03-22,1.8972266912460327,0.0,2.961699962615967,0.0,2.961699962615967,2.961699962615967,2.961699962615967,0.0,0
2002-03-25,1.8694254159927368,0.0,2.918299913406372,0.0,2.918299913406372,2.918299913406372,2.918299913406372,0.0,0
2002-03-26,1.8801236152648926,0.0,2.934999942779541,0.0,2.934999942779541,2.934999942779541,2.934999942779541,0.0,0
2002-03-27,1.8908212184906006,0.0,2.95169997215271,0.0,2.95169997215271,2.95169997215271,2.95169997215271,0.0,0
2002-03-28,1.89504873752594,0.0,2.9583001136779785,0.0,2.9583001136779785,2.9583001136779785,2.9583001136779785,0.0,0
2002-04-01,1.8940238952636719,0.0,2.956700086593628,0.0,2.956700086593628,2.956700086593628,2.956700086593628,0.0,0
2002-04-02,1.8780088424682617,0.0,2.9316999912261963,0.0,2.9316999912261963,2.9316999912261963,2.9316999912261963,0.0,0
2002-04-03,1.8587913513183594,0.0,2.901700019836426,0.0,2.901700019836426,2.901700019836426,2.901700019836426,0.0,0
2002-04-04,1.860905647277832,0.0,2.9049999713897705,0.0,2.9049999713897705,2.9049999713897705,2.9049999713897705,0.0,0
2002-04-05,1.8544994592666626,0.0,2.8949999809265137,0.0,2.8949999809265137,2.8949999809265137,2.8949999809265137,0.0,0
2002-04-08,1.8598164319992065,0.0,2.9033000469207764,0.0,2.9033000469207764,2.9033000469207764,2.9033000469207764,0.0,0
2002-04-09,1.847005009651184,0.0,2.8833000659942627,0.0,2.8833000659942627,2.8833000659942627,2.8833000659942627,0.0,0
2002-04-10,1.8684006929397583,0.0,2.9166998863220215,0.0,2.9166998863220215,2.9166998863220215,2.9166998863220215,0.0,0
2002-04-11,1.8245842456817627,0.0,2.848299980163574,0.0,2.848299980163574,2.848299980163574,2.848299980163574,0.0,0
2002-04-12,1.8363710641860962,0.0,2.8666999340057373,0.0,2.8666999340057373,2.8666999340057373,2.8666999340057373,0.0,0
2002-04-15,1.8224703073501587,0.0,2.8450000286102295,0.0,2.8450000286102295,2.8450000286102295,2.8450000286102295,0.0,0
2002-04-16,1.8651970624923706,0.0,2.9117000102996826,0.0,2.9117000102996826,2.9117000102996826,2.9117000102996826,0.0,0
2002-04-17,1.860905647277832,0.0,2.9049999713897705,0.0,2.9049999713897705,2.9049999713897705,2.9049999713897705,0.0,0
2002-04-18,1.8587913513183594,0.0,2.901700019836426,0.0,2.901700019836426,2.901700019836426,2.901700019836426,0.0,0
2002-04-19,1.8598164319992065,0.0,2.9033000469207764,0.0,2.9033000469207764,2.9033000469207764,2.9033000469207764,0.0,0
2002-04-22,1.830989956855774,0.0,2.858299970626831,0.0,2.858299970626831,2.858299970626831,2.858299970626831,0.0,0
2002-04-23,1.8192672729492188,0.0,2.8399999141693115,0.0,2.8399999141693115,2.8399999141693115,2.8399999141693115,0.0,0
2002-04-24,1.8064554929733276,0.0,2.819999933242798,0.0,2.819999933242798,2.819999933242798,2.819999933242798,0.0,0
2002-04-25,1.8043419122695923,0.0,2.816699981689453,0.0,2.816699981689453,2.816699981689453,2.816699981689453,0.0,0
2002-04-26,1.7787179946899414,0.0,2.776700019836426,0.0,2.776700019836426,2.776700019836426,2.776700019836426,0.0,0
2002-04-29,1.7616145610809326,0.0,2.75,0.0,2.75,2.75,2.75,0.0,0
2002-04-30,1.7797428369522095,0.0,2.7783000469207764,0.0,2.7783000469207764,2.7783000469207764,2.7783000469207764,0.0,0
2002-05-01,1.7957574129104614,0.0,2.803299903869629,0.0,2.803299903869629,2.803299903869629,2.803299903869629,0.0,0
2002-05-02,1.793643593788147,0.0,2.799999952316284,0.0,2.799999952316284,2.799999952316284,2.799999952316284,0.0,0
2002-05-03,1.774425745010376,0.0,2.7699999809265137,0.0,2.7699999809265137,2.7699999809265137,2.7699999809265137,0.0,0
2002-05-06,1.740282654762268,0.0,2.7167000770568848,0.0,2.7167000770568848,2.7167000770568848,2.7167000770568848,0.0,0
2002-05-07,1.734901785850525,0.0,2.7083001136779785,0.0,2.7083001136779785,2.7083001136779785,2.7083001136779785,0.0,0
2002-05-08,1.8011387586593628,0.0,2.8117001056671143,0.0,2.8117001056671143,2.8117001056671143,2.8117001056671143,0.0,0
2002-05-09,1.774425745010376,0.0,2.7699999809265137,0.0,2.7699999809265137,2.7699999809265137,2.7699999809265137,0.0,0
2002-05-10,1.7445106506347656,0.0,2.723299980163574,0.0,2.723299980163574,2.723299980163574,2.723299980163574,0.0,0
2002-05-13,1.777629017829895,0.0,2.7750000953674316,0.0,2.7750000953674316,2.7750000953674316,2.7750000953674316,0.0,0
2002-05-14,1.814975380897522,0.0,2.8333001136779785,0.0,2.8333001136779785,2.8333001136779785,2.8333001136779785,0.0,0
2002-05-15,1.805366039276123,0.0,2.8183000087738037,0.0,2.8183000087738037,2.8183000087738037,2.8183000087738037,0.0,0
2002-05-16,1.817152976989746,0.0,2.836699962615967,0.0,2.836699962615967,2.836699962615967,2.836699962615967,0.0,0
2002-05-17,1.8320789337158203,0.0,2.859999895095825,0.0,2.859999895095825,2.859999895095825,2.859999895095825,0.0,0
2002-05-20,1.8075445890426636,0.0,2.821700096130371,0.0,2.821700096130371,2.821700096130371,2.821700096130371,0.0,0
2002-05-21,1.7872381210327148,0.0,2.7899999618530273,0.0,2.7899999618530273,2.7899999618530273,2.7899999618530273,0.0,0
2002-05-22,1.797935962677002,0.0,2.8066999912261963,0.0,2.8066999912261963,2.8066999912261963,2.8066999912261963,0.0,0
2002-05-23,1.8160649538040161,0.0,2.8350000381469727,0.0,2.8350000381469727,2.8350000381469727,2.8350000381469727,0.0,0
2002-05-24,1.793643593788147,0.0,2.799999952316284,0.0,2.799999952316284,2.799999952316284,2.799999952316284,0.0,0
2002-05-28,1.7787179946899414,0.0,2.776700019836426,0.0,2.776700019836426,2.776700019836426,2.776700019836426,0.0,0
2002-05-29,1.7680199146270752,0.0,2.759999990463257,0.0,2.759999990463257,2.759999990463257,2.759999990463257,0.0,0
2002-05-30,1.7627031803131104,0.0,2.751699924468994,0.0,2.751699924468994,2.751699924468994,2.751699924468994,0.0,0
2002-05-31,1.7669315338134766,0.0,2.7583000659942627,0.0,2.7583000659942627,2.7583000659942627,2.7583000659942627,0.0,0
2002-06-03,1.7231793403625488,0.0,2.690000057220459,0.0,2.690000057220459,2.690000057220459,2.690000057220459,0.0,0
2002-06-04,1.7231793403625488,0.0,2.690000057220459,0.0,2.690000057220459,2.690000057220459,2.690000057220459,0.0,0
2002-06-05,1.7391939163208008,0.0,2.7149999141693115,0.0,2.7149999141693115,2.7149999141693115,2.7149999141693115,0.0,0
2002-06-06,1.7050504684448242,0.0,2.6617000102996826,0.0,2.6617000102996826,2.6617000102996826,2.6617000102996826,0.0,0
2002-06-07,1.7018475532531738,0.0,2.6566998958587646,0.0,2.6566998958587646,2.6566998958587646,2.6566998958587646,0.0,0
2002-06-10,1.7071644067764282,0.0,2.6649999618530273,0.0,2.6649999618530273,2.6649999618530273,2.6649999618530273,0.0,0
2002-06-11,1.679427146911621,0.0,2.6217000484466553,0.0,2.6217000484466553,2.6217000484466553,2.6217000484466553,0.0,0
2002-06-12,1.6900608539581299,0.0,2.6382999420166016,0.0,2.6382999420166016,2.6382999420166016,2.6382999420166016,0.0,0
2002-06-13,1.6730211973190308,0.0,2.6117000579833984,0.0,2.6117000579833984,2.6117000579833984,2.6117000579833984,0.0,0
2002-06-14,1.668729305267334,0.0,2.6050000190734863,0.0,2.6050000190734863,2.6050000190734863,2.6050000190734863,0.0,0
2002-06-17,1.7167733907699585,0.0,2.680000066757202,0.0,2.680000066757202,2.680000066757202,2.680000066757202,0.0,0
2002-06-18,1.7188876867294312,0.0,2.683300018310547,0.0,2.683300018310547,2.683300018310547,2.683300018310547,0.0,0
2002-06-19,1.6900608539581299,0.0,2.6382999420166016,0.0,2.6382999420166016,2.6382999420166016,2.6382999420166016,0.0,0
2002-06-20,1.6676404476165771,0.0,2.603300094604492,0.0,2.603300094604492,2.603300094604492,2.603300094604492,0.0,0
2002-06-21,1.638813853263855,0.0,2.558300018310547,0.0,2.558300018310547,2.558300018310547,2.558300018310547,0.0,0
2002-06-24,1.6452202796936035,0.0,2.5683000087738037,0.0,2.5683000087738037,2.5683000087738037,2.5683000087738037,0.0,0
2002-06-25,1.6174824237823486,0.0,2.5250000953674316,0.0,2.5250000953674316,2.5250000953674316,2.5250000953674316,0.0,0
2002-06-26,1.6174824237823486,0.0,2.5250000953674316,0.0,2.5250000953674316,2.5250000953674316,2.5250000953674316,0.0,0
2002-06-27,1.6420170068740845,0.0,2.5632998943328857,0.0,2.5632998943328857,2.5632998943328857,2.5632998943328857,0.0,0
2002-06-28,1.6409918069839478,0.0,2.5617001056671143,0.0,2.5617001056671143,2.5617001056671143,2.5617001056671143,0.0,0
2002-07-01,1.605759859085083,0.0,2.506700038909912,0.0,2.506700038909912,2.506700038909912,2.506700038909912,0.0,0
2002-07-02,1.572641372680664,0.0,2.4549999237060547,0.0,2.4549999237060547,2.4549999237060547,2.4549999237060547,0.0,0
2002-07-03,1.5822505950927734,0.0,2.4700000286102295,0.0,2.4700000286102295,2.4700000286102295,2.4700000286102295,0.0,0
2002-07-05,1.63990318775177,0.0,2.559999942779541,0.0,2.559999942779541,2.559999942779541,2.559999942779541,0.0,0
2002-07-08,1.620685338973999,0.0,2.5299999713897705,0.0,2.5299999713897705,2.5299999713897705,2.5299999713897705,0.0,0
2002-07-09,1.5811612606048584,0.0,2.4683001041412354,0.0,2.4683001041412354,2.4683001041412354,2.4683001041412354,0.0,0
2002-07-10,1.5267109870910645,0.0,2.3833000659942627,0.0,2.3833000659942627,2.3833000659942627,2.3833000659942627,0.0,0
2002-07-11,1.5384981632232666,0.0,2.401700019836426,0.0,2.401700019836426,2.401700019836426,2.401700019836426,0.0,0
2002-07-12,1.5288889408111572,0.0,2.386699914932251,0.0,2.386699914932251,2.386699914932251,2.386699914932251,0.0,0
2002-07-15,1.5235084295272827,0.0,2.3782999515533447,0.0,2.3782999515533447,2.3782999515533447,2.3782999515533447,0.0,0
2002-07-16,1.4946820735931396,0.0,2.3333001136779785,0.0,2.3333001136779785,2.3333001136779785,2.3333001136779785,0.0,0
2002-07-17,1.5032657384872437,0.0,2.3466999530792236,0.0,2.3466999530792236,2.3466999530792236,2.3466999530792236,0.0,0
2002-07-18,1.4626522064208984,0.0,2.2832999229431152,0.0,2.2832999229431152,2.2832999229431152,2.2832999229431152,0.0,0
2002-07-19,1.4071775674819946,0.0,2.196700096130371,0.0,2.196700096130371,2.196700096130371,2.196700096130371,0.0,0
2002-07-22,1.3612473011016846,0.0,2.125,0.0,2.125,2.125,2.125,0.0,0
2002-07-23,1.3239012956619263,0.0,2.066699981689453,0.0,2.066699981689453,2.066699981689453,2.066699981689453,0.0,0
2002-07-24,1.3996827602386475,0.0,2.184999942779541,0.0,2.184999942779541,2.184999942779541,2.184999942779541,0.0,0
2002-07-25,1.3921880722045898,0.0,2.17330002784729,0.0,2.17330002784729,2.17330002784729,2.17330002784729,0.0,0
2002-07-26,1.4156978130340576,0.0,2.2100000381469727,0.0,2.2100000381469727,2.2100000381469727,2.2100000381469727,0.0,0
2002-07-29,1.492568016052246,0.0,2.3299999237060547,0.0,2.3299999237060547,2.3299999237060547,2.3299999237060547,0.0,0
2002-07-30,1.4989736080169678,0.0,2.3399999141693115,0.0,2.3399999141693115,2.3399999141693115,2.3399999141693115,0.0,0
2002-07-31,1.512874722480774,0.0,2.3617000579833984,0.0,2.3617000579833984,2.3617000579833984,2.3617000579833984,0.0,0
2002-08-01,1.4690580368041992,0.0,2.293299913406372,0.0,2.293299913406372,2.293299913406372,2.293299913406372,0.0,0
2002-08-02,1.4349150657653809,0.0,2.240000009536743,0.0,2.240000009536743,2.240000009536743,2.240000009536743,0.0,0
2002-08-05,1.38578200340271,0.0,2.163300037384033,0.0,2.163300037384033,2.163300037384033,2.163300037384033,0.0,0
2002-08-06,1.4274203777313232,0.0,2.228300094604492,0.0,2.228300094604492,2.228300094604492,2.228300094604492,0.0,0
2002-08-07,1.4562463760375977,0.0,2.2732999324798584,0.0,2.2732999324798584,2.2732999324798584,2.2732999324798584,0.0,0
2002-08-08,1.5032657384872437,0.0,2.3466999530792236,0.0,2.3466999530792236,2.3466999530792236,2.3466999530792236,0.0,0
2002-08-09,1.509671688079834,0.0,2.3566999435424805,0.0,2.3566999435424805,2.3566999435424805,2.3566999435424805,0.0,0
2002-08-12,1.5010875463485718,0.0,2.3433001041412354,0.0,2.3433001041412354,2.3433001041412354,2.3433001041412354,0.0,0
2002-08-13,1.4690580368041992,0.0,2.293299913406372,0.0,2.293299913406372,2.293299913406372,2.293299913406372,0.0,0
2002-08-14,1.5277999639511108,0.0,2.384999990463257,0.0,2.384999990463257,2.384999990463257,2.384999990463257,0.0,0
2002-08-15,1.545928716659546,0.0,2.413300037384033,0.0,2.413300037384033,2.413300037384033,2.413300037384033,0.0,0
2002-08-16,1.543815016746521,0.0,2.4100000858306885,0.0,2.4100000858306885,2.4100000858306885,2.4100000858306885,0.0,0
2002-08-19,1.5801358222961426,0.0,2.4667000770568848,0.0,2.4667000770568848,2.4667000770568848,2.4667000770568848,0.0,0
2002-08-20,1.557715892791748,0.0,2.4316999912261963,0.0,2.4316999912261963,2.4316999912261963,2.4316999912261963,0.0,0
2002-08-21,1.577958106994629,0.0,2.4632999897003174,0.0,2.4632999897003174,2.4632999897003174,2.4632999897003174,0.0,0
2002-08-22,1.6003791093826294,0.0,2.498300075531006,0.0,2.498300075531006,2.498300075531006,2.498300075531006,0.0,0
2002-08-23,1.5641216039657593,0.0,2.441699981689453,0.0,2.441699981689453,2.441699981689453,2.441699981689453,0.0,0
2002-08-26,1.5641216039657593,0.0,2.441699981689453,0.0,2.441699981689453,2.441699981689453,2.441699981689453,0.0,0
2002-08-27,1.5534234046936035,0.0,2.424999952316284,0.0,2.424999952316284,2.424999952316284,2.424999952316284,0.0,0
2002-08-28,1.5256866216659546,0.0,2.381700038909912,0.0,2.381700038909912,2.381700038909912,2.381700038909912,0.0,0
2002-08-29,1.5256866216659546,0.0,2.381700038909912,0.0,2.381700038909912,2.381700038909912,2.381700038909912,0.0,0
2002-08-30,1.5235084295272827,0.0,2.3782999515533447,0.0,2.3782999515533447,2.3782999515533447,2.3782999515533447,0.0,0
2002-09-03,1.4594496488571167,0.0,2.2783000469207764,0.0,2.2783000469207764,2.2783000469207764,2.2783000469207764,0.0,0
2002-09-04,1.4861624240875244,0.0,2.319999933242798,0.0,2.319999933242798,2.319999933242798,2.319999933242798,0.0,0
2002-09-05,1.4626522064208984,0.0,2.2832999229431152,0.0,2.2832999229431152,2.2832999229431152,2.2832999229431152,0.0,0
2002-09-06,1.4872511625289917,0.0,2.321700096130371,0.0,2.321700096130371,2.321700096130371,2.321700096130371,0.0,0
2002-09-09,1.5021770000457764,0.0,2.3450000286102295,0.0,2.3450000286102295,2.3450000286102295,2.3450000286102295,0.0,0
2002-09-10,1.512874722480774,0.0,2.3617000579833984,0.0,2.3617000579833984,2.3617000579833984,2.3617000579833984,0.0,0
2002-09-11,1.512874722480774,0.0,2.3617000579833984,0.0,2.3617000579833984,2.3617000579833984,2.3617000579833984,0.0,0
2002-09-12,1.4754644632339478,0.0,2.303299903869629,0.0,2.303299903869629,2.303299903869629,2.303299903869629,0.0,0
2002-09-13,1.4808454513549805,0.0,2.3117001056671143,0.0,2.3117001056671143,2.3117001056671143,2.3117001056671143,0.0,0
2002-09-16,1.4829593896865845,0.0,2.315000057220459,0.0,2.315000057220459,2.315000057220459,2.315000057220459,0.0,0
2002-09-17,1.4530435800552368,0.0,2.2683000564575195,0.0,2.2683000564575195,2.2683000564575195,2.2683000564575195,0.0,0
2002-09-18,1.4466376304626465,0.0,2.2583000659942627,0.0,2.2583000659942627,2.2583000659942627,2.2583000659942627,0.0,0
2002-09-19,1.4039747714996338,0.0,2.191699981689453,0.0,2.191699981689453,2.191699981689453,2.191699981689453,0.0,0
2002-09-20,1.4071775674819946,0.0,2.196700096130371,0.0,2.196700096130371,2.196700096130371,2.196700096130371,0.0,0
2002-09-23,1.3879603147506714,0.0,2.1666998863220215,0.0,2.1666998863220215,2.1666998863220215,2.1666998863220215,0.0,0
2002-09-24,1.3633613586425781,0.0,2.1282999515533447,0.0,2.1282999515533447,2.1282999515533447,2.1282999515533447,0.0,0
2002-09-25,1.397568941116333,0.0,2.1816999912261963,0.0,2.1816999912261963,2.1816999912261963,2.1816999912261963,0.0,0
2002-09-26,1.4231925010681152,0.0,2.2216999530792236,0.0,2.2216999530792236,2.2216999530792236,2.2216999530792236,0.0,0
2002-09-27,1.3772623538970947,0.0,2.1500000953674316,0.0,2.1500000953674316,2.1500000953674316,2.1500000953674316,0.0,0
2002-09-30,1.356955647468567,0.0,2.118299961090088,0.0,2.118299961090088,2.118299961090088,2.118299961090088,0.0,0
2002-10-01,1.4114058017730713,0.0,2.2032999992370605,0.0,2.2032999992370605,2.2032999992370605,2.2032999992370605,0.0,0
2002-10-02,1.3783512115478516,0.0,2.151700019836426,0.0,2.151700019836426,2.151700019836426,2.151700019836426,0.0,0
2002-10-03,1.3633613586425781,0.0,2.1282999515533447,0.0,2.1282999515533447,2.1282999515533447,2.1282999515533447,0.0,0
2002-10-04,1.3335100412368774,0.0,2.081700086593628,0.0,2.081700086593628,2.081700086593628,2.081700086593628,0.0,0
2002-10-07,1.3078866004943848,0.0,2.0416998863220215,0.0,2.0416998863220215,2.0416998863220215,2.0416998863220215,0.0,0
2002-10-08,1.3303072452545166,0.0,2.07669997215271,0.0,2.07669997215271,2.07669997215271,2.07669997215271,0.0,0
2002-10-09,1.2939858436584473,0.0,2.0199999809265137,0.0,2.0199999809265137,2.0199999809265137,2.0199999809265137,0.0,0
2002-10-10,1.3399159908294678,0.0,2.0917000770568848,0.0,2.0917000770568848,2.0917000770568848,2.0917000770568848,0.0,0
2002-10-11,1.3921880722045898,0.0,2.17330002784729,0.0,2.17330002784729,2.17330002784729,2.17330002784729,0.0,0
2002-10-14,1.401796579360962,0.0,2.1882998943328857,0.0,2.1882998943328857,2.1882998943328857,2.1882998943328857,0.0,0
2002-10-15,1.4680333137512207,0.0,2.2916998863220215,0.0,2.2916998863220215,2.2916998863220215,2.2916998863220215,0.0,0
2002-10-16,1.4328014850616455,0.0,2.2367000579833984,0.0,2.2367000579833984,2.2367000579833984,2.2367000579833984,0.0,0
2002-10-17,1.4648305177688599,0.0,2.2867000102996826,0.0,2.2867000102996826,2.2867000102996826,2.2867000102996826,0.0,0
2002-10-18,1.473350167274475,0.0,2.299999952316284,0.0,2.299999952316284,2.299999952316284,2.299999952316284,0.0,0
2002-10-21,1.4989736080169678,0.0,2.3399999141693115,0.0,2.3399999141693115,2.3399999141693115,2.3399999141693115,0.0,0
2002-10-22,1.4829593896865845,0.0,2.315000057220459,0.0,2.315000057220459,2.315000057220459,2.315000057220459,0.0,0
2002-10-23,1.493656873703003,0.0,2.331700086593628,0.0,2.331700086593628,2.331700086593628,2.331700086593628,0.0,0
2002-10-24,1.4701471328735352,0.0,2.2950000762939453,0.0,2.2950000762939453,2.2950000762939453,2.2950000762939453,0.0,0
2002-10-25,1.4957706928253174,0.0,2.3350000381469727,0.0,2.3350000381469727,2.3350000381469727,2.3350000381469727,0.0,0
2002-10-28,1.4829593896865845,0.0,2.315000057220459,0.0,2.315000057220459,2.315000057220459,2.315000057220459,0.0,0
2002-10-29,1.4701471328735352,0.0,2.2950000762939453,0.0,2.2950000762939453,2.2950000762939453,2.2950000762939453,0.0,0
2002-10-30,1.4850728511810303,0.0,2.3183000087738037,0.0,2.3183000087738037,2.3183000087738037,2.3183000087738037,0.0,0
2002-10-31,1.476553201675415,0.0,2.305000066757202,0.0,2.305000066757202,2.305000066757202,2.305000066757202,0.0,0
2002-11-01,1.5021770000457764,0.0,2.3450000286102295,0.0,2.3450000286102295,2.3450000286102295,2.3450000286102295,0.0,0
2002-11-04,1.5138994455337524,0.0,2.363300085067749,0.0,2.363300085067749,2.363300085067749,2.363300085067749,0.0,0
2002-11-05,1.5256866216659546,0.0,2.381700038909912,0.0,2.381700038909912,2.381700038909912,2.381700038909912,0.0,0
2002-11-06,1.5406118631362915,0.0,2.4049999713897705,0.0,2.4049999713897705,2.4049999713897705,2.4049999713897705,0.0,0
2002-11-07,1.5053794384002686,0.0,2.3499999046325684,0.0,2.3499999046325684,2.3499999046325684,2.3499999046325684,0.0,0
2002-11-08,1.492568016052246,0.0,2.3299999237060547,0.0,2.3299999237060547,2.3299999237060547,2.3299999237060547,0.0,0
2002-11-11,1.4616276025772095,0.0,2.2816998958587646,0.0,2.2816998958587646,2.2816998958587646,2.2816998958587646,0.0,0
2002-11-12,1.473350167274475,0.0,2.299999952316284,0.0,2.299999952316284,2.299999952316284,2.299999952316284,0.0,0
2002-11-13,1.4722614288330078,0.0,2.29830002784729,0.0,2.29830002784729,2.29830002784729,2.29830002784729,0.0,0
2002-11-14,1.5085824728012085,0.0,2.3550000190734863,0.0,2.3550000190734863,2.3550000190734863,2.3550000190734863,0.0,0
2002-11-15,1.5181912183761597,0.0,2.369999885559082,0.0,2.369999885559082,2.369999885559082,2.369999885559082,0.0,0
2002-11-18,1.5032657384872437,0.0,2.3466999530792236,0.0,2.3466999530792236,2.3466999530792236,2.3466999530792236,0.0,0
2002-11-19,1.4968599081039429,0.0,2.336699962615967,0.0,2.336699962615967,2.336699962615967,2.336699962615967,0.0,0
2002-11-20,1.5256866216659546,0.0,2.381700038909912,0.0,2.381700038909912,2.381700038909912,2.381700038909912,0.0,0
2002-11-21,1.5587403774261475,0.0,2.433300018310547,0.0,2.433300018310547,2.433300018310547,2.433300018310547,0.0,0
2002-11-22,1.5534234046936035,0.0,2.424999952316284,0.0,2.424999952316284,2.424999952316284,2.424999952316284,0.0,0
2002-11-25,1.557715892791748,0.0,2.4316999912261963,0.0,2.4316999912261963,2.4316999912261963,2.4316999912261963,0.0,0
2002-11-26,1.5245976448059082,0.0,2.380000114440918,0.0,2.380000114440918,2.380000114440918,2.380000114440918,0.0,0
2002-11-27,1.5673242807388306,0.0,2.446700096130371,0.0,2.446700096130371,2.446700096130371,2.446700096130371,0.0,0
2002-11-29,1.5673242807388306,0.0,2.446700096130371,0.0,2.446700096130371,2.446700096130371,2.446700096130371,0.0,0
2002-12-02,1.5609186887741089,0.0,2.4367001056671143,0.0,2.4367001056671143,2.4367001056671143,2.4367001056671143,0.0,0
2002-12-03,1.5374089479446411,0.0,2.4000000953674316,0.0,2.4000000953674316,2.4000000953674316,2.4000000953674316,0.0,0
2002-12-04,1.5331170558929443,0.0,2.3933000564575195,0.0,2.3933000564575195,2.3933000564575195,2.3933000564575195,0.0,0
2002-12-05,1.5149884223937988,0.0,2.365000009536743,0.0,2.365000009536743,2.365000009536743,2.365000009536743,0.0,0
2002-12-06,1.5235084295272827,0.0,2.3782999515533447,0.0,2.3782999515533447,2.3782999515533447,2.3782999515533447,0.0,0
2002-12-09,1.4904539585113525,0.0,2.32669997215271,0.0,2.32669997215271,2.32669997215271,2.32669997215271,0.0,0
2002-12-10,1.5106964111328125,0.0,2.358299970626831,0.0,2.358299970626831,2.358299970626831,2.358299970626831,0.0,0
2002-12-11,1.5117857456207275,0.0,2.359999895095825,0.0,2.359999895095825,2.359999895095825,2.359999895095825,0.0,0
2002-12-12,1.5064685344696045,0.0,2.3517000675201416,0.0,2.3517000675201416,2.3517000675201416,2.3517000675201416,0.0,0
2002-12-13,1.486567497253418,0.0,2.2832999229431152,0.037833,2.2832999229431152,2.2832999229431152,2.2832999229431152,0.0,0
2002-12-16,1.5213342905044556,0.0,2.336699962615967,0.0,2.336699962615967,2.336699962615967,2.336699962615967,0.0,0
2002-12-17,1.509355068206787,0.0,2.3183000087738037,0.0,2.3183000087738037,2.3183000087738037,2.3183000087738037,0.0,0
2002-12-18,1.4887815713882446,0.0,2.2867000102996826,0.0,2.2867000102996826,2.2867000102996826,2.2867000102996826,0.0,0
2002-12-19,1.477908730506897,0.0,2.2699999809265137,0.0,2.2699999809265137,2.2699999809265137,2.2699999809265137,0.0,0
2002-12-20,1.4974404573440552,0.0,2.299999952316284,0.0,2.299999952316284,2.299999952316284,2.299999952316284,0.0,0
2002-12-23,1.4995886087417603,0.0,2.303299903869629,0.0,2.303299903869629,2.303299903869629,2.303299903869629,0.0,0
2002-12-24,1.4920365810394287,0.0,2.2916998863220215,0.0,2.2916998863220215,2.2916998863220215,2.2916998863220215,0.0,0
2002-12-26,1.486567497253418,0.0,2.2832999229431152,0.0,2.2832999229431152,2.2832999229431152,2.2832999229431152,0.0,0
2002-12-27,1.4637806415557861,0.0,2.248300075531006,0.0,2.248300075531006,2.248300075531006,2.248300075531006,0.0,0
2002-12-30,1.470291256904602,0.0,2.2583000659942627,0.0,2.2583000659942627,2.2583000659942627,2.2583000659942627,0.0,0
2002-12-31,1.4713977575302124,0.0,2.259999990463257,0.0,2.259999990463257,2.259999990463257,2.259999990463257,0.0,0
2003-01-02,1.5202275514602661,0.0,2.3350000381469727,0.0,2.3350000381469727,2.3350000381469727,2.3350000381469727,0.0,0
2003-01-03,1.519120693206787,0.0,2.3333001136779785,0.0,2.3333001136779785,2.3333001136779785,2.3333001136779785,0.0,0
2003-01-06,1.5538873672485352,0.0,2.386699914932251,0.0,2.386699914932251,2.386699914932251,2.386699914932251,0.0,0
2003-01-07,1.5441217422485352,0.0,2.3717000484466553,0.0,2.3717000484466553,2.3717000484466553,2.3717000484466553,0.0,0
2003-01-08,1.5223757028579712,0.0,2.3382999897003174,0.0,2.3382999897003174,2.3382999897003174,2.3382999897003174,0.0,0
2003-01-09,1.5516740083694458,0.0,2.3833000659942627,0.0,2.3833000659942627,2.3833000659942627,2.3833000659942627,0.0,0
2003-01-10,1.5516740083694458,0.0,2.3833000659942627,0.0,2.3833000659942627,2.3833000659942627,2.3833000659942627,0.0,0
2003-01-13,1.549525499343872,0.0,2.380000114440918,0.0,2.380000114440918,2.380000114440918,2.380000114440918,0.0,0
2003-01-14,1.5592907667160034,0.0,2.3949999809265137,0.0,2.3949999809265137,2.3949999809265137,2.3949999809265137,0.0,0
2003-01-15,1.5365040302276611,0.0,2.359999895095825,0.0,2.359999895095825,2.359999895095825,2.359999895095825,0.0,0
2003-01-16,1.5299931764602661,0.0,2.3499999046325684,0.0,2.3499999046325684,2.3499999046325684,2.3499999046325684,0.0,0
2003-01-17,1.509355068206787,0.0,2.3183000087738037,0.0,2.3183000087738037,2.3183000087738037,2.3183000087738037,0.0,0
2003-01-21,1.4855258464813232,0.0,2.2816998958587646,0.0,2.2816998958587646,2.2816998958587646,2.2816998958587646,0.0,0
2003-01-22,1.470291256904602,0.0,2.2583000659942627,0.0,2.2583000659942627,2.2583000659942627,2.2583000659942627,0.0,0
2003-01-23,1.4855258464813232,0.0,2.2816998958587646,0.0,2.2816998958587646,2.2816998958587646,2.2816998958587646,0.0,0
2003-01-24,1.4421004056930542,0.0,2.2149999141693115,0.0,2.2149999141693115,2.2149999141693115,2.2149999141693115,0.0,0
2003-01-27,1.4182062149047852,0.0,2.178299903869629,0.0,2.178299903869629,2.178299903869629,2.178299903869629,0.0,0
2003-01-28,1.436696171760559,0.0,2.206700086593628,0.0,2.206700086593628,2.206700086593628,2.206700086593628,0.0,0
2003-01-29,1.4464623928070068,0.0,2.2216999530792236,0.0,2.2216999530792236,2.2216999530792236,2.2216999530792236,0.0,0
2003-01-30,1.4139094352722168,0.0,2.1717000007629395,0.0,2.1717000007629395,2.1717000007629395,2.1717000007629395,0.0,0
2003-01-31,1.432334303855896,0.0,2.200000047683716,0.0,2.200000047683716,2.200000047683716,2.200000047683716,0.0,0
2003-02-03,1.4399516582489014,0.0,2.211699962615967,0.0,2.211699962615967,2.211699962615967,2.211699962615967,0.0,0
2003-02-04,1.4204201698303223,0.0,2.1816999912261963,0.0,2.1816999912261963,2.1816999912261963,2.1816999912261963,0.0,0
2003-02-05,1.4128026962280273,0.0,2.1700000762939453,0.0,2.1700000762939453,2.1700000762939453,2.1700000762939453,0.0,0
2003-02-06,1.4041430950164795,0.0,2.1566998958587646,0.0,2.1566998958587646,2.1566998958587646,2.1566998958587646,0.0,0
2003-02-07,1.3900153636932373,0.0,2.134999990463257,0.0,2.134999990463257,2.134999990463257,2.134999990463257,0.0,0
2003-02-10,1.4008879661560059,0.0,2.151700019836426,0.0,2.151700019836426,2.151700019836426,2.151700019836426,0.0,0
2003-02-11,1.3889083862304688,0.0,2.1333000659942627,0.0,2.1333000659942627,2.1333000659942627,2.1333000659942627,0.0,0
2003-02-12,1.371590256690979,0.0,2.1066999435424805,0.0,2.1066999435424805,2.1066999435424805,2.1066999435424805,0.0,0
2003-02-13,1.3704835176467896,0.0,2.1050000190734863,0.0,2.1050000190734863,2.1050000190734863,2.1050000190734863,0.0,0
2003-02-14,1.3997814655303955,0.0,2.1500000953674316,0.0,2.1500000953674316,2.1500000953674316,2.1500000953674316,0.0,0
2003-02-18,1.426930546760559,0.0,2.191699981689453,0.0,2.191699981689453,2.191699981689453,2.191699981689453,0.0,0
2003-02-19,1.4171648025512695,0.0,2.1767001152038574,0.0,2.1767001152038574,2.1767001152038574,2.1767001152038574,0.0,0
2003-02-20,1.4030367136001587,0.0,2.1549999713897705,0.0,2.1549999713897705,2.1549999713897705,2.1549999713897705,0.0,0
2003-02-21,1.422568440437317,0.0,2.184999942779541,0.0,2.184999942779541,2.184999942779541,2.184999942779541,0.0,0
2003-02-24,1.3954194784164429,0.0,2.1433000564575195,0.0,2.1433000564575195,2.1433000564575195,2.1433000564575195,0.0,0
2003-02-25,1.4062918424606323,0.0,2.1600000858306885,0.0,2.1600000858306885,2.1600000858306885,2.1600000858306885,0.0,0
2003-02-26,1.3878669738769531,0.0,2.131700038909912,0.0,2.131700038909912,2.131700038909912,2.131700038909912,0.0,0
2003-02-27,1.4041430950164795,0.0,2.1566998958587646,0.0,2.1566998958587646,2.1566998958587646,2.1566998958587646,0.0,0
2003-02-28,1.410654067993164,0.0,2.1666998863220215,0.0,2.1666998863220215,2.1666998863220215,2.1666998863220215,0.0,0
2003-03-03,1.4008879661560059,0.0,2.151700019836426,0.0,2.151700019836426,2.151700019836426,2.151700019836426,0.0,0
2003-03-04,1.3791426420211792,0.0,2.118299961090088,0.0,2.118299961090088,2.118299961090088,2.118299961090088,0.0,0
2003-03-05,1.392163634300232,0.0,2.1382999420166016,0.0,2.1382999420166016,2.1382999420166016,2.1382999420166016,0.0,0
2003-03-06,1.380249261856079,0.0,2.119999885559082,0.0,2.119999885559082,2.119999885559082,2.119999885559082,0.0,0
2003-03-07,1.3911222219467163,0.0,2.136699914932251,0.0,2.136699914932251,2.136699914932251,2.136699914932251,0.0,0
2003-03-10,1.355313777923584,0.0,2.081700086593628,0.0,2.081700086593628,2.081700086593628,2.081700086593628,0.0,0
2003-03-11,1.3444406986236572,0.0,2.065000057220459,0.0,2.065000057220459,2.065000057220459,2.065000057220459,0.0,0
2003-03-12,1.3498445749282837,0.0,2.0732998847961426,0.0,2.0732998847961426,2.0732998847961426,2.0732998847961426,0.0,0
2003-03-13,1.3965258598327637,0.0,2.1449999809265137,0.0,2.1449999809265137,2.1449999809265137,2.1449999809265137,0.0,0
2003-03-14,1.398674488067627,0.0,2.1482999324798584,0.0,2.1482999324798584,2.1482999324798584,2.1482999324798584,0.0,0
2003-03-17,1.4486109018325806,0.0,2.2249999046325684,0.0,2.2249999046325684,2.2249999046325684,2.2249999046325684,0.0,0
2003-03-18,1.4551211595535278,0.0,2.234999895095825,0.0,2.234999895095825,2.234999895095825,2.234999895095825,0.0,0
2003-03-19,1.4670360088348389,0.0,2.2532999515533447,0.0,2.2532999515533447,2.2532999515533447,2.2532999515533447,0.0,0
2003-03-20,1.470291256904602,0.0,2.2583000659942627,0.0,2.2583000659942627,2.2583000659942627,2.2583000659942627,0.0,0
2003-03-21,1.5039513111114502,0.0,2.309999942779541,0.0,2.309999942779541,2.309999942779541,2.309999942779541,0.0,0
2003-03-24,1.4518662691116333,0.0,2.2300000190734863,0.0,2.2300000190734863,2.2300000190734863,2.2300000190734863,0.0,0
2003-03-25,1.4692496061325073,0.0,2.256700038909912,0.0,2.256700038909912,2.256700038909912,2.256700038909912,0.0,0
2003-03-26,1.4605255126953125,0.0,2.243299961090088,0.0,2.243299961090088,2.243299961090088,2.243299961090088,0.0,0
2003-03-27,1.4583766460418701,0.0,2.240000009536743,0.0,2.240000009536743,2.240000009536743,2.240000009536743,0.0,0
2003-03-28,1.4507591724395752,0.0,2.228300094604492,0.0,2.228300094604492,2.228300094604492,2.228300094604492,0.0,0
2003-03-31,1.424716591835022,0.0,2.1882998943328857,0.0,2.1882998943328857,2.1882998943328857,2.1882998943328857,0.0,0
2003-04-01,1.4421004056930542,0.0,2.2149999141693115,0.0,2.2149999141693115,2.2149999141693115,2.2149999141693115,0.0,0
2003-04-02,1.480056881904602,0.0,2.2732999324798584,0.0,2.2732999324798584,2.2732999324798584,2.2732999324798584,0.0,0
2003-04-03,1.4725046157836914,0.0,2.261699914932251,0.0,2.261699914932251,2.261699914932251,2.261699914932251,0.0,0
2003-04-04,1.4768015146255493,0.0,2.2683000564575195,0.0,2.2683000564575195,2.2683000564575195,2.2683000564575195,0.0,0
2003-04-07,1.4790154695510864,0.0,2.271699905395508,0.0,2.271699905395508,2.271699905395508,2.271699905395508,0.0,0
2003-04-08,1.4768015146255493,0.0,2.2683000564575195,0.0,2.2683000564575195,2.2683000564575195,2.2683000564575195,0.0,0
2003-04-09,1.456228494644165,0.0,2.2367000579833984,0.0,2.2367000579833984,2.2367000579833984,2.2367000579833984,0.0,0
2003-04-10,1.464887261390686,0.0,2.25,0.0,2.25,2.25,2.25,0.0,0
2003-04-11,1.4594837427139282,0.0,2.2416999340057373,0.0,2.2416999340057373,2.2416999340057373,2.2416999340057373,0.0,0
2003-04-14,1.4876744747161865,0.0,2.2850000858306885,0.0,2.2850000858306885,2.2850000858306885,2.2850000858306885,0.0,0
2003-04-15,1.4974404573440552,0.0,2.299999952316284,0.0,2.299999952316284,2.299999952316284,2.299999952316284,0.0,0
2003-04-16,1.4790154695510864,0.0,2.271699905395508,0.0,2.271699905395508,2.271699905395508,2.271699905395508,0.0,0
2003-04-17,1.502844214439392,0.0,2.308300018310547,0.0,2.308300018310547,2.308300018310547,2.308300018310547,0.0,0
2003-04-21,1.4995886087417603,0.0,2.303299903869629,0.0,2.303299903869629,2.303299903869629,2.303299903869629,0.0,0
2003-04-22,1.5321424007415771,0.0,2.353300094604492,0.0,2.353300094604492,2.353300094604492,2.353300094604492,0.0,0
2003-04-23,1.5451629161834717,0.0,2.373300075531006,0.0,2.373300075531006,2.373300075531006,2.373300075531006,0.0,0
2003-04-24,1.5321424007415771,0.0,2.353300094604492,0.0,2.353300094604492,2.353300094604492,2.353300094604492,0.0,0
2003-04-25,1.511568546295166,0.0,2.321700096130371,0.0,2.321700096130371,2.321700096130371,2.321700096130371,0.0,0
2003-04-28,1.5386526584625244,0.0,2.363300085067749,0.0,2.363300085067749,2.363300085067749,2.363300085067749,0.0,0
2003-04-29,1.543014645576477,0.0,2.369999885559082,0.0,2.369999885559082,2.369999885559082,2.369999885559082,0.0,0
2003-04-30,1.5419081449508667,0.0,2.368299961090088,0.0,2.368299961090088,2.368299961090088,2.368299961090088,0.0,0
2003-05-01,1.5408662557601929,0.0,2.3666999340057373,0.0,2.3666999340057373,2.3666999340057373,2.3666999340057373,0.0,0
2003-05-02,1.5646947622299194,0.0,2.4033000469207764,0.0,2.4033000469207764,2.4033000469207764,2.4033000469207764,0.0,0
2003-05-05,1.5581843852996826,0.0,2.3933000564575195,0.0,2.3933000564575195,2.3933000564575195,2.3933000564575195,0.0,0
2003-05-06,1.571205735206604,0.0,2.413300037384033,0.0,2.413300037384033,2.413300037384033,2.413300037384033,0.0,0
2003-05-07,1.5636534690856934,0.0,2.401700019836426,0.0,2.401700019836426,2.401700019836426,2.401700019836426,0.0,0
2003-05-08,1.5484185218811035,0.0,2.3782999515533447,0.0,2.3782999515533447,2.3782999515533447,2.3782999515533447,0.0,0
2003-05-09,1.5701640844345093,0.0,2.4117000102996826,0.0,2.4117000102996826,2.4117000102996826,2.4117000102996826,0.0,0
2003-05-12,1.5896955728530884,0.0,2.441699981689453,0.0,2.441699981689453,2.441699981689453,2.441699981689453,0.0,0
2003-05-13,1.5853339433670044,0.0,2.434999942779541,0.0,2.434999942779541,2.434999942779541,2.434999942779541,0.0,0
2003-05-14,1.580971360206604,0.0,2.428299903869629,0.0,2.428299903869629,2.428299903869629,2.428299903869629,0.0,0
2003-05-15,1.593993067741394,0.0,2.4482998847961426,0.0,2.4482998847961426,2.4482998847961426,2.4482998847961426,0.0,0
2003-05-16,1.5896955728530884,0.0,2.441699981689453,0.0,2.441699981689453,2.441699981689453,2.441699981689453,0.0,0
2003-05-19,1.5506324768066406,0.0,2.381700038909912,0.0,2.381700038909912,2.381700038909912,2.381700038909912,0.0,0
2003-05-20,1.5484185218811035,0.0,2.3782999515533447,0.0,2.3782999515533447,2.3782999515533447,2.3782999515533447,0.0,0
2003-05-21,1.5549290180206299,0.0,2.3882999420166016,0.0,2.3882999420166016,2.3882999420166016,2.3882999420166016,0.0,0
2003-05-22,1.5690572261810303,0.0,2.4100000858306885,0.0,2.4100000858306885,2.4100000858306885,2.4100000858306885,0.0,0
2003-05-23,1.571205735206604,0.0,2.413300037384033,0.0,2.413300037384033,2.413300037384033,2.413300037384033,0.0,0
2003-05-27,1.6016103029251099,0.0,2.4600000381469727,0.0,2.4600000381469727,2.4600000381469727,2.4600000381469727,0.0,0
2003-05-28,1.6048656702041626,0.0,2.4649999141693115,0.0,2.4649999141693115,2.4649999141693115,2.4649999141693115,0.0,0
2003-05-29,1.5994619131088257,0.0,2.456700086593628,0.0,2.456700086593628,2.456700086593628,2.456700086593628,0.0,0
2003-05-30,1.6232906579971313,0.0,2.493299961090088,0.0,2.493299961090088,2.493299961090088,2.493299961090088,0.0,0
2003-06-02,1.628759503364563,0.0,2.501699924468994,0.0,2.501699924468994,2.501699924468994,2.501699924468994,0.0,0
2003-06-03,1.6363118886947632,0.0,2.5132999420166016,0.0,2.5132999420166016,2.5132999420166016,2.5132999420166016,0.0,0
2003-06-04,1.6613128185272217,0.0,2.5517001152038574,0.0,2.5517001152038574,2.5517001152038574,2.5517001152038574,0.0,0
2003-06-05,1.6678229570388794,0.0,2.5617001056671143,0.0,2.5617001056671143,2.5617001056671143,2.5617001056671143,0.0,0
2003-06-06,1.6645681858062744,0.0,2.5566999912261963,0.0,2.5566999912261963,2.5566999912261963,2.5566999912261963,0.0,0
2003-06-09,1.6439294815063477,0.0,2.5250000953674316,0.0,2.5250000953674316,2.5250000953674316,2.5250000953674316,0.0,0
2003-06-10,1.6590989828109741,0.0,2.54830002784729,0.0,2.54830002784729,2.54830002784729,2.54830002784729,0.0,0
2003-06-11,1.6808439493179321,0.0,2.581700086593628,0.0,2.581700086593628,2.581700086593628,2.581700086593628,0.0,0
2003-06-12,1.682992696762085,0.0,2.5850000381469727,0.0,2.5850000381469727,2.5850000381469727,2.5850000381469727,0.0,0
2003-06-13,1.6667165756225586,0.0,2.559999942779541,0.0,2.559999942779541,2.559999942779541,2.559999942779541,0.0,0
2003-06-16,1.7036312818527222,0.0,2.6166999340057373,0.0,2.6166999340057373,2.6166999340057373,2.6166999340057373,0.0,0
2003-06-17,1.7046736478805542,0.0,2.618299961090088,0.0,2.618299961090088,2.618299961090088,2.618299961090088,0.0,0
2003-06-18,1.7025245428085327,0.0,2.615000009536743,0.0,2.615000009536743,2.615000009536743,2.615000009536743,0.0,0
2003-06-19,1.6764825582504272,0.0,2.575000047683716,0.0,2.575000047683716,2.575000047683716,2.575000047683716,0.0,0
2003-06-20,1.6786308288574219,0.0,2.5782999992370605,0.0,2.5782999992370605,2.5782999992370605,2.5782999992370605,0.0,0
2003-06-23,1.6548017263412476,0.0,2.5416998863220215,0.0,2.5416998863220215,2.5416998863220215,2.5416998863220215,0.0,0
2003-06-24,1.6580573320388794,0.0,2.5467000007629395,0.0,2.5467000007629395,2.5467000007629395,2.5467000007629395,0.0,0
2003-06-25,1.6439294815063477,0.0,2.5250000953674316,0.0,2.5250000953674316,2.5250000953674316,2.5250000953674316,0.0,0
2003-06-26,1.6623543500900269,0.0,2.553299903869629,0.0,2.553299903869629,2.553299903869629,2.553299903869629,0.0,0
2003-06-27,1.6460776329040527,0.0,2.5283000469207764,0.0,2.5283000469207764,2.5283000469207764,2.5283000469207764,0.0,0
2003-06-30,1.6428223848342896,0.0,2.5232999324798584,0.0,2.5232999324798584,2.5232999324798584,2.5232999324798584,0.0,0
2003-07-01,1.6569501161575317,0.0,2.5450000762939453,0.0,2.5450000762939453,2.5450000762939453,2.5450000762939453,0.0,0
2003-07-02,1.6764825582504272,0.0,2.575000047683716,0.0,2.575000047683716,2.575000047683716,2.575000047683716,0.0,0
2003-07-03,1.6623543500900269,0.0,2.553299903869629,0.0,2.553299903869629,2.553299903869629,2.553299903869629,0.0,0
2003-07-07,1.693865418434143,0.0,2.6017000675201416,0.0,2.6017000675201416,2.6017000675201416,2.6017000675201416,0.0,0
2003-07-08,1.7003757953643799,0.0,2.6117000579833984,0.0,2.6117000579833984,2.6117000579833984,2.6117000579833984,0.0,0
2003-07-09,1.6906102895736694,0.0,2.5966999530792236,0.0,2.5966999530792236,2.5966999530792236,2.5966999530792236,0.0,0
2003-07-10,1.6678229570388794,0.0,2.5617001056671143,0.0,2.5617001056671143,2.5617001056671143,2.5617001056671143,0.0,0
2003-07-11,1.6840994358062744,0.0,2.586699962615967,0.0,2.586699962615967,2.586699962615967,2.586699962615967,0.0,0
2003-07-14,1.693865418434143,0.0,2.6017000675201416,0.0,2.6017000675201416,2.6017000675201416,2.6017000675201416,0.0,0
2003-07-15,1.6873548030853271,0.0,2.5917000770568848,0.0,2.5917000770568848,2.5917000770568848,2.5917000770568848,0.0,0
2003-07-16,1.677588939666748,0.0,2.57669997215271,0.0,2.57669997215271,2.57669997215271,2.57669997215271,0.0,0
2003-07-17,1.6569501161575317,0.0,2.5450000762939453,0.0,2.5450000762939453,2.5450000762939453,2.5450000762939453,0.0,0
2003-07-18,1.6764825582504272,0.0,2.575000047683716,0.0,2.575000047683716,2.575000047683716,2.575000047683716,0.0,0
2003-07-21,1.6515458822250366,0.0,2.5367000102996826,0.0,2.5367000102996826,2.5367000102996826,2.5367000102996826,0.0,0
2003-07-22,1.6678229570388794,0.0,2.5617001056671143,0.0,2.5617001056671143,2.5617001056671143,2.5617001056671143,0.0,0
2003-07-23,1.6678229570388794,0.0,2.5617001056671143,0.0,2.5617001056671143,2.5617001056671143,2.5617001056671143,0.0,0
2003-07-24,1.6569501161575317,0.0,2.5450000762939453,0.0,2.5450000762939453,2.5450000762939453,2.5450000762939453,0.0,0
2003-07-25,1.6851413249969482,0.0,2.5882999897003174,0.0,2.5882999897003174,2.5882999897003174,2.5882999897003174,0.0,0
2003-07-28,1.6818861961364746,0.0,2.5833001136779785,0.0,2.5833001136779785,2.5833001136779785,2.5833001136779785,0.0,0
2003-07-29,1.6699717044830322,0.0,2.565000057220459,0.0,2.565000057220459,2.565000057220459,2.565000057220459,0.0,0
2003-07-30,1.6667165756225586,0.0,2.559999942779541,0.0,2.559999942779541,2.559999942779541,2.559999942779541,0.0,0
2003-07-31,1.672120213508606,0.0,2.5683000087738037,0.0,2.5683000087738037,2.5683000087738037,2.5683000087738037,0.0,0
2003-08-01,1.6548017263412476,0.0,2.5416998863220215,0.0,2.5416998863220215,2.5416998863220215,2.5416998863220215,0.0,0
2003-08-04,1.6590989828109741,0.0,2.54830002784729,0.0,2.54830002784729,2.54830002784729,2.54830002784729,0.0,0
2003-08-05,1.6298012733459473,0.0,2.5032999515533447,0.0,2.5032999515533447,2.5032999515533447,2.5032999515533447,0.0,0
2003-08-06,1.6330567598342896,0.0,2.5083000659942627,0.0,2.5083000659942627,2.5083000659942627,2.5083000659942627,0.0,0
2003-08-07,1.645035982131958,0.0,2.526700019836426,0.0,2.526700019836426,2.526700019836426,2.526700019836426,0.0,0
2003-08-08,1.6504398584365845,0.0,2.5350000858306885,0.0,2.5350000858306885,2.5350000858306885,2.5350000858306885,0.0,0
2003-08-11,1.6558432579040527,0.0,2.543299913406372,0.0,2.543299913406372,2.543299913406372,2.543299913406372,0.0,0
2003-08-12,1.673227071762085,0.0,2.569999933242798,0.0,2.569999933242798,2.569999933242798,2.569999933242798,0.0,0
2003-08-13,1.6623543500900269,0.0,2.553299903869629,0.0,2.553299903869629,2.553299903869629,2.553299903869629,0.0,0
2003-08-14,1.673227071762085,0.0,2.569999933242798,0.0,2.569999933242798,2.569999933242798,2.569999933242798,0.0,0
2003-08-15,1.6743334531784058,0.0,2.571700096130371,0.0,2.571700096130371,2.571700096130371,2.571700096130371,0.0,0
2003-08-18,1.6895034313201904,0.0,2.5950000286102295,0.0,2.5950000286102295,2.5950000286102295,2.5950000286102295,0.0,0
2003-08-19,1.693865418434143,0.0,2.6017000675201416,0.0,2.6017000675201416,2.6017000675201416,2.6017000675201416,0.0,0
2003-08-20,1.6906102895736694,0.0,2.5966999530792236,0.0,2.5966999530792236,2.5966999530792236,2.5966999530792236,0.0,0
2003-08-21,1.6960138082504272,0.0,2.6050000190734863,0.0,2.6050000190734863,2.6050000190734863,2.6050000190734863,0.0,0
2003-08-22,1.6786308288574219,0.0,2.5782999992370605,0.0,2.5782999992370605,2.5782999992370605,2.5782999992370605,0.0,0
2003-08-25,1.6797375679016113,0.0,2.5799999237060547,0.0,2.5799999237060547,2.5799999237060547,2.5799999237060547,0.0,0
2003-08-26,1.6851413249969482,0.0,2.5882999897003174,0.0,2.5882999897003174,2.5882999897003174,2.5882999897003174,0.0,0
2003-08-27,1.6851413249969482,0.0,2.5882999897003174,0.0,2.5882999897003174,2.5882999897003174,2.5882999897003174,0.0,0
2003-08-28,1.6949070692062378,0.0,2.603300094604492,0.0,2.603300094604492,2.603300094604492,2.603300094604492,0.0,0
2003-08-29,1.7046736478805542,0.0,2.618299961090088,0.0,2.618299961090088,2.618299961090088,2.618299961090088,0.0,0
2003-09-02,1.7274606227874756,0.0,2.6533000469207764,0.0,2.6533000469207764,2.6533000469207764,2.6533000469207764,0.0,0
2003-09-03,1.7350777387619019,0.0,2.6649999618530273,0.0,2.6649999618530273,2.6649999618530273,2.6649999618530273,0.0,0
2003-09-04,1.7383326292037964,0.0,2.6700000762939453,0.0,2.6700000762939453,2.6700000762939453,2.6700000762939453,0.0,0
2003-09-05,1.7274606227874756,0.0,2.6533000469207764,0.0,2.6533000469207764,2.6533000469207764,2.6533000469207764,0.0,0
2003-09-08,1.7448437213897705,0.0,2.680000066757202,0.0,2.680000066757202,2.680000066757202,2.680000066757202,0.0,0
2003-09-09,1.7307156324386597,0.0,2.6582999229431152,0.0,2.6582999229431152,2.6582999229431152,2.6582999229431152,0.0,0
2003-09-10,1.710141897201538,0.0,2.626699924468994,0.0,2.626699924468994,2.626699924468994,2.626699924468994,0.0,0
2003-09-11,1.7199079990386963,0.0,2.641700029373169,0.0,2.641700029373169,2.641700029373169,2.641700029373169,0.0,0
2003-09-12,1.7231632471084595,0.0,2.646699905395508,0.0,2.646699905395508,2.646699905395508,2.646699905395508,0.0,0
2003-09-15,1.716652512550354,0.0,2.636699914932251,0.0,2.636699914932251,2.636699914932251,2.636699914932251,0.0,0
2003-09-16,1.7415882349014282,0.0,2.674999952316284,0.0,2.674999952316284,2.674999952316284,2.674999952316284,0.0,0
2003-09-17,1.7361841201782227,0.0,2.6666998863220215,0.0,2.6666998863220215,2.6666998863220215,2.6666998863220215,0.0,0
2003-09-18,1.7589716911315918,0.0,2.70169997215271,0.0,2.70169997215271,2.70169997215271,2.70169997215271,0.0,0
2003-09-19,1.7535028457641602,0.0,2.6933000087738037,0.0,2.6933000087738037,2.6933000087738037,2.6933000087738037,0.0,0
2003-09-22,1.7307156324386597,0.0,2.6582999229431152,0.0,2.6582999229431152,2.6582999229431152,2.6582999229431152,0.0,0
2003-09-23,1.7415882349014282,0.0,2.674999952316284,0.0,2.674999952316284,2.674999952316284,2.674999952316284,0.0,0
2003-09-24,1.707929015159607,0.0,2.623300075531006,0.0,2.623300075531006,2.623300075531006,2.623300075531006,0.0,0
2003-09-25,1.6981626749038696,0.0,2.608299970626831,0.0,2.608299970626831,2.608299970626831,2.608299970626831,0.0,0
2003-09-26,1.6873548030853271,0.0,2.5917000770568848,0.0,2.5917000770568848,2.5917000770568848,2.5917000770568848,0.0,0
2003-09-29,1.7036312818527222,0.0,2.6166999340057373,0.0,2.6166999340057373,2.6166999340057373,2.6166999340057373,0.0,0
2003-09-30,1.6862480640411377,0.0,2.5899999141693115,0.0,2.5899999141693115,2.5899999141693115,2.5899999141693115,0.0,0
2003-10-01,1.7231632471084595,0.0,2.646699905395508,0.0,2.646699905395508,2.646699905395508,2.646699905395508,0.0,0
2003-10-02,1.7274606227874756,0.0,2.6533000469207764,0.0,2.6533000469207764,2.6533000469207764,2.6533000469207764,0.0,0
2003-10-03,1.743736743927002,0.0,2.678299903869629,0.0,2.678299903869629,2.678299903869629,2.678299903869629,0.0,0
2003-10-06,1.751354455947876,0.0,2.690000057220459,0.0,2.690000057220459,2.690000057220459,2.690000057220459,0.0,0
2003-10-07,1.7589716911315918,0.0,2.70169997215271,0.0,2.70169997215271,2.70169997215271,2.70169997215271,0.0,0
2003-10-08,1.7502472400665283,0.0,2.6882998943328857,0.0,2.6882998943328857,2.6882998943328857,2.6882998943328857,0.0,0
2003-10-09,1.7589716911315918,0.0,2.70169997215271,0.0,2.70169997215271,2.70169997215271,2.70169997215271,0.0,0
2003-10-10,1.7578643560409546,0.0,2.700000047683716,0.0,2.700000047683716,2.700000047683716,2.700000047683716,0.0,0
2003-10-13,1.7708861827850342,0.0,2.7200000286102295,0.0,2.7200000286102295,2.7200000286102295,2.7200000286102295,0.0,0
2003-10-14,1.777396559715271,0.0,2.7300000190734863,0.0,2.7300000190734863,2.7300000190734863,2.7300000190734863,0.0,0
2003-10-15,1.7730342149734497,0.0,2.723299980163574,0.0,2.723299980163574,2.723299980163574,2.723299980163574,0.0,0
2003-10-16,1.778503179550171,0.0,2.7316999435424805,0.0,2.7316999435424805,2.7316999435424805,2.7316999435424805,0.0,0
2003-10-17,1.7611196041107178,0.0,2.7049999237060547,0.0,2.7049999237060547,2.7049999237060547,2.7049999237060547,0.0,0
2003-10-20,1.769779086112976,0.0,2.7183001041412354,0.0,2.7183001041412354,2.7183001041412354,2.7183001041412354,0.0,0
2003-10-21,1.771992802619934,0.0,2.7216999530792236,0.0,2.7216999530792236,2.7216999530792236,2.7216999530792236,0.0,0
2003-10-22,1.7459501028060913,0.0,2.6816999912261963,0.0,2.6816999912261963,2.6816999912261963,2.6816999912261963,0.0,0
2003-10-23,1.751354455947876,0.0,2.690000057220459,0.0,2.690000057220459,2.690000057220459,2.690000057220459,0.0,0
2003-10-24,1.7426948547363281,0.0,2.6767001152038574,0.0,2.6767001152038574,2.6767001152038574,2.6767001152038574,0.0,0
2003-10-27,1.7469921112060547,0.0,2.683300018310547,0.0,2.683300018310547,2.683300018310547,2.683300018310547,0.0,0
2003-10-28,1.7730342149734497,0.0,2.723299980163574,0.0,2.723299980163574,2.723299980163574,2.723299980163574,0.0,0
2003-10-29,1.7762904167175293,0.0,2.728300094604492,0.0,2.728300094604492,2.728300094604492,2.728300094604492,0.0,0
2003-10-30,1.7741413116455078,0.0,2.7249999046325684,0.0,2.7249999046325684,2.7249999046325684,2.7249999046325684,0.0,0
2003-10-31,1.7806519269943237,0.0,2.734999895095825,0.0,2.734999895095825,2.734999895095825,2.734999895095825,0.0,0
2003-11-03,1.7947800159454346,0.0,2.756700038909912,0.0,2.756700038909912,2.756700038909912,2.756700038909912,0.0,0
2003-11-04,1.7850141525268555,0.0,2.7416999340057373,0.0,2.7416999340057373,2.7416999340057373,2.7416999340057373,0.0,0
2003-11-05,1.7828004360198975,0.0,2.738300085067749,0.0,2.738300085067749,2.738300085067749,2.738300085067749,0.0,0
2003-11-06,1.793673038482666,0.0,2.755000114440918,0.0,2.755000114440918,2.755000114440918,2.755000114440918,0.0,0
2003-11-07,1.7860556840896606,0.0,2.743299961090088,0.0,2.743299961090088,2.743299961090088,2.743299961090088,0.0,0
2003-11-10,1.7752478122711182,0.0,2.7267000675201416,0.0,2.7267000675201416,2.7267000675201416,2.7267000675201416,0.0,0
2003-11-11,1.7752478122711182,0.0,2.7267000675201416,0.0,2.7267000675201416,2.7267000675201416,2.7267000675201416,0.0,0
2003-11-12,1.7958215475082397,0.0,2.7583000659942627,0.0,2.7583000659942627,2.7583000659942627,2.7583000659942627,0.0,0
2003-11-13,1.7958215475082397,0.0,2.7583000659942627,0.0,2.7583000659942627,2.7583000659942627,2.7583000659942627,0.0,0
2003-11-14,1.7817587852478027,0.0,2.7367000579833984,0.0,2.7367000579833984,2.7367000579833984,2.7367000579833984,0.0,0
2003-11-17,1.7708861827850342,0.0,2.7200000286102295,0.0,2.7200000286102295,2.7200000286102295,2.7200000286102295,0.0,0
2003-11-18,1.75460946559906,0.0,2.694999933242798,0.0,2.694999933242798,2.694999933242798,2.694999933242798,0.0,0
2003-11-19,1.768737554550171,0.0,2.7167000770568848,0.0,2.7167000770568848,2.7167000770568848,2.7167000770568848,0.0,0
2003-11-20,1.7535028457641602,0.0,2.6933000087738037,0.0,2.6933000087738037,2.6933000087738037,2.6933000087738037,0.0,0
2003-11-21,1.7567578554153442,0.0,2.6982998847961426,0.0,2.6982998847961426,2.6982998847961426,2.6982998847961426,0.0,0
2003-11-24,1.7850141525268555,0.0,2.7416999340057373,0.0,2.7416999340057373,2.7416999340057373,2.7416999340057373,0.0,0
2003-11-25,1.7882698774337769,0.0,2.7467000484466553,0.0,2.7467000484466553,2.7467000484466553,2.7467000484466553,0.0,0
2003-11-26,1.7969284057617188,0.0,2.759999990463257,0.0,2.759999990463257,2.759999990463257,2.759999990463257,0.0,0
2003-11-28,1.7958215475082397,0.0,2.7583000659942627,0.0,2.7583000659942627,2.7583000659942627,2.7583000659942627,0.0,0
2003-12-01,1.816460371017456,0.0,2.7899999618530273,0.0,2.7899999618530273,2.7899999618530273,2.7899999618530273,0.0,0
2003-12-02,1.8099496364593506,0.0,2.7799999713897705,0.0,2.7799999713897705,2.7799999713897705,2.7799999713897705,0.0,0
2003-12-03,1.8078010082244873,0.0,2.776700019836426,0.0,2.776700019836426,2.776700019836426,2.776700019836426,0.0,0
2003-12-04,1.816460371017456,0.0,2.7899999618530273,0.0,2.7899999618530273,2.7899999618530273,2.7899999618530273,0.0,0
2003-12-05,1.8023325204849243,0.0,2.7683000564575195,0.0,2.7683000564575195,2.7683000564575195,2.7683000564575195,0.0,0
2003-12-08,1.815353512763977,0.0,2.788300037384033,0.0,2.788300037384033,2.788300037384033,2.788300037384033,0.0,0
2003-12-09,1.8001841306686401,0.0,2.765000104904175,0.0,2.765000104904175,2.765000104904175,2.765000104904175,0.0,0
2003-12-10,1.7990769147872925,0.0,2.7632999420166016,0.0,2.7632999420166016,2.7632999420166016,2.7632999420166016,0.0,0
2003-12-11,1.819715976715088,0.0,2.7950000762939453,0.0,2.7950000762939453,2.7950000762939453,2.7950000762939453,0.0,0
2003-12-12,1.824314832687378,0.0,2.7632999420166016,0.038667,2.7632999420166016,2.7632999420166016,2.7632999420166016,0.0,0
2003-12-15,1.8144118785858154,0.0,2.748300075531006,0.0,2.748300075531006,2.748300075531006,2.748300075531006,0.0,0
2003-12-16,1.8265599012374878,0.0,2.766700029373169,0.0,2.766700029373169,2.766700029373169,2.766700029373169,0.0,0
2003-12-17,1.8287383317947388,0.0,2.7699999809265137,0.0,2.7699999809265137,2.7699999809265137,2.7699999809265137,0.0,0
2003-12-18,1.8507227897644043,0.0,2.803299903869629,0.0,2.803299903869629,2.803299903869629,2.803299903869629,0.0,0
2003-12-19,1.849666714668274,0.0,2.8017001152038574,0.0,2.8017001152038574,2.8017001152038574,2.8017001152038574,0.0,0
2003-12-22,1.8573253154754639,0.0,2.8132998943328857,0.0,2.8132998943328857,2.8132998943328857,2.8132998943328857,0.0,0
2003-12-23,1.8617480993270874,0.0,2.819999933242798,0.0,2.819999933242798,2.819999933242798,2.819999933242798,0.0,0
2003-12-24,1.8584473133087158,0.0,2.815000057220459,0.0,2.815000057220459,2.815000057220459,2.815000057220459,0.0,0
2003-12-26,1.8617480993270874,0.0,2.819999933242798,0.0,2.819999933242798,2.819999933242798,2.819999933242798,0.0,0
2003-12-29,1.8859772682189941,0.0,2.8566999435424805,0.0,2.8566999435424805,2.8566999435424805,2.8566999435424805,0.0,0
2003-12-30,1.8859772682189941,0.0,2.8566999435424805,0.0,2.8566999435424805,2.8566999435424805,2.8566999435424805,0.0,0
2003-12-31,1.8903344869613647,0.0,2.863300085067749,0.0,2.863300085067749,2.863300085067749,2.863300085067749,0.0,0
2004-01-02,1.8837329149246216,0.0,2.853300094604492,0.0,2.853300094604492,2.853300094604492,2.853300094604492,0.0,0
2004-01-05,1.9079617261886597,0.0,2.890000104904175,0.0,2.890000104904175,2.890000104904175,2.890000104904175,0.0,0
2004-01-06,1.9101406335830688,0.0,2.8933000564575195,0.0,2.8933000564575195,2.8933000564575195,2.8933000564575195,0.0,0
2004-01-07,1.914563536643982,0.0,2.9000000953674316,0.0,2.9000000953674316,2.9000000953674316,2.9000000953674316,0.0,0
2004-01-08,1.9244662523269653,0.0,2.9149999618530273,0.0,2.9149999618530273,2.9149999618530273,2.9149999618530273,0.0,0
2004-01-09,1.9079617261886597,0.0,2.890000104904175,0.0,2.890000104904175,2.890000104904175,2.890000104904175,0.0,0
2004-01-12,1.9167423248291016,0.0,2.9033000469207764,0.0,2.9033000469207764,2.9033000469207764,2.9033000469207764,0.0,0
2004-01-13,1.9068397283554077,0.0,2.8882999420166016,0.0,2.8882999420166016,2.8882999420166016,2.8882999420166016,0.0,0
2004-01-14,1.9222880601882935,0.0,2.9117000102996826,0.0,2.9117000102996826,2.9117000102996826,2.9117000102996826,0.0,0
2004-01-15,1.9244662523269653,0.0,2.9149999618530273,0.0,2.9149999618530273,2.9149999618530273,2.9149999618530273,0.0,0
2004-01-16,1.9376708269119263,0.0,2.934999942779541,0.0,2.934999942779541,2.934999942779541,2.934999942779541,0.0,0
2004-01-20,1.9365487098693848,0.0,2.933300018310547,0.0,2.933300018310547,2.933300018310547,2.933300018310547,0.0,0
2004-01-21,1.9519970417022705,0.0,2.956700086593628,0.0,2.956700086593628,2.956700086593628,2.956700086593628,0.0,0
2004-01-22,1.9453953504562378,0.0,2.946700096130371,0.0,2.946700096130371,2.946700096130371,2.946700096130371,0.0,0
2004-01-23,1.9409716129302979,0.0,2.940000057220459,0.0,2.940000057220459,2.940000057220459,2.940000057220459,0.0,0
2004-01-26,1.9652007818222046,0.0,2.9767000675201416,0.0,2.9767000675201416,2.9767000675201416,2.9767000675201416,0.0,0
2004-01-27,1.9453953504562378,0.0,2.946700096130371,0.0,2.946700096130371,2.946700096130371,2.946700096130371,0.0,0
2004-01-28,1.9189871549606323,0.0,2.9066998958587646,0.0,2.9066998958587646,2.9066998958587646,2.9066998958587646,0.0,0
2004-01-29,1.928890347480774,0.0,2.9217000007629395,0.0,2.9217000007629395,2.9217000007629395,2.9217000007629395,0.0,0
2004-01-30,1.9244662523269653,0.0,2.9149999618530273,0.0,2.9149999618530273,2.9149999618530273,2.9149999618530273,0.0,0
2004-02-02,1.9310686588287354,0.0,2.924999952316284,0.0,2.924999952316284,2.924999952316284,2.924999952316284,0.0,0
2004-02-03,1.9321908950805664,0.0,2.9267001152038574,0.0,2.9267001152038574,2.9267001152038574,2.9267001152038574,0.0,0
2004-02-04,1.9167423248291016,0.0,2.9033000469207764,0.0,2.9033000469207764,2.9033000469207764,2.9033000469207764,0.0,0
2004-02-05,1.920042872428894,0.0,2.9082999229431152,0.0,2.9082999229431152,2.9082999229431152,2.9082999229431152,0.0,0
2004-02-06,1.944272756576538,0.0,2.944999933242798,0.0,2.944999933242798,2.944999933242798,2.944999933242798,0.0,0
2004-02-09,1.9398491382598877,0.0,2.9382998943328857,0.0,2.9382998943328857,2.9382998943328857,2.9382998943328857,0.0,0
2004-02-10,1.9497519731521606,0.0,2.9532999992370605,0.0,2.9532999992370605,2.9532999992370605,2.9532999992370605,0.0,0
2004-02-11,1.9706799983978271,0.0,2.984999895095825,0.0,2.984999895095825,2.984999895095825,2.984999895095825,0.0,0
2004-02-12,1.9618995189666748,0.0,2.9716999530792236,0.0,2.9716999530792236,2.9716999530792236,2.9716999530792236,0.0,0
2004-02-13,1.9508742094039917,0.0,2.9549999237060547,0.0,2.9549999237060547,2.9549999237060547,2.9549999237060547,0.0,0
2004-02-17,1.969557762145996,0.0,2.983299970626831,0.0,2.983299970626831,2.983299970626831,2.983299970626831,0.0,0
2004-02-18,1.9618995189666748,0.0,2.9716999530792236,0.0,2.9716999530792236,2.9716999530792236,2.9716999530792236,0.0,0
2004-02-19,1.9530534744262695,0.0,2.9583001136779785,0.0,2.9583001136779785,2.9583001136779785,2.9583001136779785,0.0,0
2004-02-20,1.9486963748931885,0.0,2.95169997215271,0.0,2.95169997215271,2.95169997215271,2.95169997215271,0.0,0
2004-02-23,1.943150281906128,0.0,2.9433000087738037,0.0,2.9433000087738037,2.9433000087738037,2.9433000087738037,0.0,0
2004-02-24,1.9398491382598877,0.0,2.9382998943328857,0.0,2.9382998943328857,2.9382998943328857,2.9382998943328857,0.0,0
2004-02-25,1.9475733041763306,0.0,2.950000047683716,0.0,2.950000047683716,2.950000047683716,2.950000047683716,0.0,0
2004-02-26,1.9508742094039917,0.0,2.9549999237060547,0.0,2.9549999237060547,2.9549999237060547,2.9549999237060547,0.0,0
2004-02-27,1.9508742094039917,0.0,2.9549999237060547,0.0,2.9549999237060547,2.9549999237060547,2.9549999237060547,0.0,0
2004-03-01,1.969557762145996,0.0,2.983299970626831,0.0,2.983299970626831,2.983299970626831,2.983299970626831,0.0,0
2004-03-02,1.9574763774871826,0.0,2.9649999141693115,0.0,2.9649999141693115,2.9649999141693115,2.9649999141693115,0.0,0
2004-03-03,1.9618995189666748,0.0,2.9716999530792236,0.0,2.9716999530792236,2.9716999530792236,2.9716999530792236,0.0,0
2004-03-04,1.968501091003418,0.0,2.9816999435424805,0.0,2.9816999435424805,2.9816999435424805,2.9816999435424805,0.0,0
2004-03-05,1.9718029499053955,0.0,2.9867000579833984,0.0,2.9867000579833984,2.9867000579833984,2.9867000579833984,0.0,0
2004-03-08,1.9552973508834839,0.0,2.961699962615967,0.0,2.961699962615967,2.961699962615967,2.961699962615967,0.0,0
2004-03-09,1.944272756576538,0.0,2.944999933242798,0.0,2.944999933242798,2.944999933242798,2.944999933242798,0.0,0
2004-03-10,1.9156863689422607,0.0,2.901700019836426,0.0,2.901700019836426,2.901700019836426,2.901700019836426,0.0,0
2004-03-11,1.8870333433151245,0.0,2.858299970626831,0.0,2.858299970626831,2.858299970626831,2.858299970626831,0.0,0
2004-03-12,1.9112629890441895,0.0,2.8949999809265137,0.0,2.8949999809265137,2.8949999809265137,2.8949999809265137,0.0,0
2004-03-15,1.8837329149246216,0.0,2.853300094604492,0.0,2.853300094604492,2.853300094604492,2.853300094604492,0.0,0
2004-03-16,1.893635869026184,0.0,2.868299961090088,0.0,2.868299961090088,2.868299961090088,2.868299961090088,0.0,0
2004-03-17,1.9167423248291016,0.0,2.9033000469207764,0.0,2.9033000469207764,2.9033000469207764,2.9033000469207764,0.0,0
2004-03-18,1.914563536643982,0.0,2.9000000953674316,0.0,2.9000000953674316,2.9000000953674316,2.9000000953674316,0.0,0
2004-03-19,1.892579197883606,0.0,2.8666999340057373,0.0,2.8666999340057373,2.8666999340057373,2.8666999340057373,0.0,0
2004-03-22,1.8683500289916992,0.0,2.8299999237060547,0.0,2.8299999237060547,2.8299999237060547,2.8299999237060547,0.0,0
2004-03-23,1.8661713600158691,0.0,2.82669997215271,0.0,2.82669997215271,2.82669997215271,2.82669997215271,0.0,0
2004-03-24,1.8617480993270874,0.0,2.819999933242798,0.0,2.819999933242798,2.819999933242798,2.819999933242798,0.0,0
2004-03-25,1.8914568424224854,0.0,2.865000009536743,0.0,2.865000009536743,2.865000009536743,2.865000009536743,0.0,0
2004-03-26,1.8892781734466553,0.0,2.8617000579833984,0.0,2.8617000579833984,2.8617000579833984,2.8617000579833984,0.0,0
2004-03-29,1.914563536643982,0.0,2.9000000953674316,0.0,2.9000000953674316,2.9000000953674316,2.9000000953674316,0.0,0
2004-03-30,1.9222880601882935,0.0,2.9117000102996826,0.0,2.9117000102996826,2.9117000102996826,2.9117000102996826,0.0,0
2004-03-31,1.9211653470993042,0.0,2.9100000858306885,0.0,2.9100000858306885,2.9100000858306885,2.9100000858306885,0.0,0
2004-04-01,1.9310686588287354,0.0,2.924999952316284,0.0,2.924999952316284,2.924999952316284,2.924999952316284,0.0,0
2004-04-02,1.9475733041763306,0.0,2.950000047683716,0.0,2.950000047683716,2.950000047683716,2.950000047683716,0.0,0
2004-04-05,1.962956190109253,0.0,2.973299980163574,0.0,2.973299980163574,2.973299980163574,2.973299980163574,0.0,0
2004-04-06,1.9596552848815918,0.0,2.9683001041412354,0.0,2.9683001041412354,2.9683001041412354,2.9683001041412354,0.0,0
2004-04-07,1.9464505910873413,0.0,2.9482998847961426,0.0,2.9482998847961426,2.9482998847961426,2.9482998847961426,0.0,0
2004-04-08,1.944272756576538,0.0,2.944999933242798,0.0,2.944999933242798,2.944999933242798,2.944999933242798,0.0,0
2004-04-12,1.954175353050232,0.0,2.9600000381469727,0.0,2.9600000381469727,2.9600000381469727,2.9600000381469727,0.0,0
2004-04-13,1.927767276763916,0.0,2.9200000762939453,0.0,2.9200000762939453,2.9200000762939453,2.9200000762939453,0.0,0
2004-04-14,1.925588846206665,0.0,2.9166998863220215,0.0,2.9166998863220215,2.9166998863220215,2.9166998863220215,0.0,0
2004-04-15,1.926645040512085,0.0,2.918299913406372,0.0,2.918299913406372,2.918299913406372,2.918299913406372,0.0,0
2004-04-16,1.9365487098693848,0.0,2.933300018310547,0.0,2.933300018310547,2.933300018310547,2.933300018310547,0.0,0
2004-04-19,1.9387935400009155,0.0,2.9367001056671143,0.0,2.9367001056671143,2.9367001056671143,2.9367001056671143,0.0,0
2004-04-20,1.9079617261886597,0.0,2.890000104904175,0.0,2.890000104904175,2.890000104904175,2.890000104904175,0.0,0
2004-04-21,1.9189871549606323,0.0,2.9066998958587646,0.0,2.9066998958587646,2.9066998958587646,2.9066998958587646,0.0,0
2004-04-22,1.9453953504562378,0.0,2.946700096130371,0.0,2.946700096130371,2.946700096130371,2.946700096130371,0.0,0
2004-04-23,1.9464505910873413,0.0,2.9482998847961426,0.0,2.9482998847961426,2.9482998847961426,2.9482998847961426,0.0,0
2004-04-26,1.9376708269119263,0.0,2.934999942779541,0.0,2.934999942779541,2.934999942779541,2.934999942779541,0.0,0
2004-04-27,1.943150281906128,0.0,2.9433000087738037,0.0,2.9433000087738037,2.9433000087738037,2.9433000087738037,0.0,0
2004-04-28,1.9156863689422607,0.0,2.901700019836426,0.0,2.901700019836426,2.901700019836426,2.901700019836426,0.0,0
2004-04-29,1.9024823904037476,0.0,2.881700038909912,0.0,2.881700038909912,2.881700038909912,2.881700038909912,0.0,0
2004-04-30,1.8903344869613647,0.0,2.863300085067749,0.0,2.863300085067749,2.863300085067749,2.863300085067749,0.0,0
2004-05-03,1.9079617261886597,0.0,2.890000104904175,0.0,2.890000104904175,2.890000104904175,2.890000104904175,0.0,0
2004-05-04,1.9112629890441895,0.0,2.8949999809265137,0.0,2.8949999809265137,2.8949999809265137,2.8949999809265137,0.0,0
2004-05-05,1.9156863689422607,0.0,2.901700019836426,0.0,2.901700019836426,2.901700019836426,2.901700019836426,0.0,0
2004-05-06,1.9024823904037476,0.0,2.881700038909912,0.0,2.881700038909912,2.881700038909912,2.881700038909912,0.0,0
2004-05-07,1.8771307468414307,0.0,2.8433001041412354,0.0,2.8433001041412354,2.8433001041412354,2.8433001041412354,0.0,0
2004-05-10,1.8573253154754639,0.0,2.8132998943328857,0.0,2.8132998943328857,2.8132998943328857,2.8132998943328857,0.0,0
2004-05-11,1.8716511726379395,0.0,2.8350000381469727,0.0,2.8350000381469727,2.8350000381469727,2.8350000381469727,0.0,0
2004-05-12,1.8749523162841797,0.0,2.8399999141693115,0.0,2.8399999141693115,2.8399999141693115,2.8399999141693115,0.0,0
2004-05-13,1.8738294839859009,0.0,2.8382999897003174,0.0,2.8382999897003174,2.8382999897003174,2.8382999897003174,0.0,0
2004-05-14,1.8727736473083496,0.0,2.836699962615967,0.0,2.836699962615967,2.836699962615967,2.836699962615967,0.0,0
2004-05-17,1.8529678583145142,0.0,2.8066999912261963,0.0,2.8066999912261963,2.8066999912261963,2.8066999912261963,0.0,0
2004-05-18,1.8661713600158691,0.0,2.82669997215271,0.0,2.82669997215271,2.82669997215271,2.82669997215271,0.0,0
2004-05-19,1.8617480993270874,0.0,2.819999933242798,0.0,2.819999933242798,2.819999933242798,2.819999933242798,0.0,0
2004-05-20,1.8628705739974976,0.0,2.821700096130371,0.0,2.821700096130371,2.821700096130371,2.821700096130371,0.0,0
2004-05-21,1.869472622871399,0.0,2.831700086593628,0.0,2.831700086593628,2.831700086593628,2.831700086593628,0.0,0
2004-05-24,1.8727736473083496,0.0,2.836699962615967,0.0,2.836699962615967,2.836699962615967,2.836699962615967,0.0,0
2004-05-25,1.9035385847091675,0.0,2.8833000659942627,0.0,2.8833000659942627,2.8833000659942627,2.8833000659942627,0.0,0
2004-05-26,1.9068397283554077,0.0,2.8882999420166016,0.0,2.8882999420166016,2.8882999420166016,2.8882999420166016,0.0,0
2004-05-27,1.9178649187088013,0.0,2.9049999713897705,0.0,2.9049999713897705,2.9049999713897705,2.9049999713897705,0.0,0
2004-05-28,1.9167423248291016,0.0,2.9033000469207764,0.0,2.9033000469207764,2.9033000469207764,2.9033000469207764,0.0,0
2004-06-01,1.9178649187088013,0.0,2.9049999713897705,0.0,2.9049999713897705,2.9049999713897705,2.9049999713897705,0.0,0
2004-06-02,1.9244662523269653,0.0,2.9149999618530273,0.0,2.9149999618530273,2.9149999618530273,2.9149999618530273,0.0,0
2004-06-03,1.9101406335830688,0.0,2.8933000564575195,0.0,2.8933000564575195,2.8933000564575195,2.8933000564575195,0.0,0
2004-06-04,1.920042872428894,0.0,2.9082999229431152,0.0,2.9082999229431152,2.9082999229431152,2.9082999229431152,0.0,0
2004-06-07,1.9508742094039917,0.0,2.9549999237060547,0.0,2.9549999237060547,2.9549999237060547,2.9549999237060547,0.0,0
2004-06-08,1.954175353050232,0.0,2.9600000381469727,0.0,2.9600000381469727,2.9600000381469727,2.9600000381469727,0.0,0
2004-06-09,1.9354920387268066,0.0,2.9316999912261963,0.0,2.9316999912261963,2.9316999912261963,2.9316999912261963,0.0,0
2004-06-10,1.944272756576538,0.0,2.944999933242798,0.0,2.944999933242798,2.944999933242798,2.944999933242798,0.0,0
2004-06-14,1.925588846206665,0.0,2.9166998863220215,0.0,2.9166998863220215,2.9166998863220215,2.9166998863220215,0.0,0
2004-06-15,1.9376708269119263,0.0,2.934999942779541,0.0,2.934999942779541,2.934999942779541,2.934999942779541,0.0,0
2004-06-16,1.9398491382598877,0.0,2.9382998943328857,0.0,2.9382998943328857,2.9382998943328857,2.9382998943328857,0.0,0
2004-06-17,1.9376708269119263,0.0,2.934999942779541,0.0,2.934999942779541,2.934999942779541,2.934999942779541,0.0,0
2004-06-18,1.942093849182129,0.0,2.941699981689453,0.0,2.941699981689453,2.941699981689453,2.941699981689453,0.0,0
2004-06-21,1.9343701601028442,0.0,2.930000066757202,0.0,2.930000066757202,2.930000066757202,2.930000066757202,0.0,0
2004-06-22,1.942093849182129,0.0,2.941699981689453,0.0,2.941699981689453,2.941699981689453,2.941699981689453,0.0,0
2004-06-23,1.9574763774871826,0.0,2.9649999141693115,0.0,2.9649999141693115,2.9649999141693115,2.9649999141693115,0.0,0
2004-06-24,1.9519970417022705,0.0,2.956700086593628,0.0,2.956700086593628,2.956700086593628,2.956700086593628,0.0,0
2004-06-25,1.942093849182129,0.0,2.941699981689453,0.0,2.941699981689453,2.941699981689453,2.941699981689453,0.0,0
2004-06-28,1.9409716129302979,0.0,2.940000057220459,0.0,2.940000057220459,2.940000057220459,2.940000057220459,0.0,0
2004-06-29,1.9453953504562378,0.0,2.946700096130371,0.0,2.946700096130371,2.946700096130371,2.946700096130371,0.0,0
2004-06-30,1.9530534744262695,0.0,2.9583001136779785,0.0,2.9583001136779785,2.9583001136779785,2.9583001136779785,0.0,0
2004-07-01,1.933247685432434,0.0,2.928299903869629,0.0,2.928299903869629,2.928299903869629,2.928299903869629,0.0,0
2004-07-02,1.927767276763916,0.0,2.9200000762939453,0.0,2.9200000762939453,2.9200000762939453,2.9200000762939453,0.0,0
2004-07-06,1.9112629890441895,0.0,2.8949999809265137,0.0,2.8949999809265137,2.8949999809265137,2.8949999809265137,0.0,0
2004-07-07,1.9156863689422607,0.0,2.901700019836426,0.0,2.901700019836426,2.901700019836426,2.901700019836426,0.0,0
2004-07-08,1.9002374410629272,0.0,2.8782999515533447,0.0,2.8782999515533447,2.8782999515533447,2.8782999515533447,0.0,0
2004-07-09,1.9068397283554077,0.0,2.8882999420166016,0.0,2.8882999420166016,2.8882999420166016,2.8882999420166016,0.0,0
2004-07-12,1.909084439277649,0.0,2.891700029373169,0.0,2.891700029373169,2.891700029373169,2.891700029373169,0.0,0
2004-07-13,1.9101406335830688,0.0,2.8933000564575195,0.0,2.8933000564575195,2.8933000564575195,2.8933000564575195,0.0,0
2004-07-14,1.904660940170288,0.0,2.884999990463257,0.0,2.884999990463257,2.884999990463257,2.884999990463257,0.0,0
2004-07-15,1.8958803415298462,0.0,2.8717000484466553,0.0,2.8717000484466553,2.8717000484466553,2.8717000484466553,0.0,0
2004-07-16,1.8870333433151245,0.0,2.858299970626831,0.0,2.858299970626831,2.858299970626831,2.858299970626831,0.0,0
2004-07-19,1.8859772682189941,0.0,2.8566999435424805,0.0,2.8566999435424805,2.8566999435424805,2.8566999435424805,0.0,0
2004-07-20,1.8991808891296387,0.0,2.876699924468994,0.0,2.876699924468994,2.876699924468994,2.876699924468994,0.0,0
2004-07-21,1.8738294839859009,0.0,2.8382999897003174,0.0,2.8382999897003174,2.8382999897003174,2.8382999897003174,0.0,0
2004-07-22,1.8793755769729614,0.0,2.8466999530792236,0.0,2.8466999530792236,2.8466999530792236,2.8466999530792236,0.0,0
2004-07-23,1.8606255054473877,0.0,2.8183000087738037,0.0,2.8183000087738037,2.8183000087738037,2.8183000087738037,0.0,0
2004-07-26,1.8573253154754639,0.0,2.8132998943328857,0.0,2.8132998943328857,2.8132998943328857,2.8132998943328857,0.0,0
2004-07-27,1.8760747909545898,0.0,2.8417000770568848,0.0,2.8417000770568848,2.8417000770568848,2.8417000770568848,0.0,0
2004-07-28,1.8771307468414307,0.0,2.8433001041412354,0.0,2.8433001041412354,2.8433001041412354,2.8433001041412354,0.0,0
2004-07-29,1.8859772682189941,0.0,2.8566999435424805,0.0,2.8566999435424805,2.8566999435424805,2.8566999435424805,0.0,0
2004-07-30,1.8881555795669556,0.0,2.859999895095825,0.0,2.859999895095825,2.859999895095825,2.859999895095825,0.0,0
2004-08-02,1.8969366550445557,0.0,2.873300075531006,0.0,2.873300075531006,2.873300075531006,2.873300075531006,0.0,0
2004-08-03,1.884855031967163,0.0,2.8550000190734863,0.0,2.8550000190734863,2.8550000190734863,2.8550000190734863,0.0,0
2004-08-04,1.8837329149246216,0.0,2.853300094604492,0.0,2.853300094604492,2.853300094604492,2.853300094604492,0.0,0
2004-08-05,1.8529678583145142,0.0,2.8066999912261963,0.0,2.8066999912261963,2.8066999912261963,2.8066999912261963,0.0,0
2004-08-06,1.824314832687378,0.0,2.7632999420166016,0.0,2.7632999420166016,2.7632999420166016,2.7632999420166016,0.0,0
2004-08-09,1.8265599012374878,0.0,2.766700029373169,0.0,2.766700029373169,2.766700029373169,2.766700029373169,0.0,0
2004-08-10,1.8507227897644043,0.0,2.803299903869629,0.0,2.803299903869629,2.803299903869629,2.803299903869629,0.0,0
2004-08-11,1.8452433347702026,0.0,2.7950000762939453,0.0,2.7950000762939453,2.7950000762939453,2.7950000762939453,0.0,0
2004-08-12,1.824314832687378,0.0,2.7632999420166016,0.0,2.7632999420166016,2.7632999420166016,2.7632999420166016,0.0,0
2004-08-13,1.827616572380066,0.0,2.7683000564575195,0.0,2.7683000564575195,2.7683000564575195,2.7683000564575195,0.0,0
2004-08-16,1.851845145225525,0.0,2.805000066757202,0.0,2.805000066757202,2.805000066757202,2.805000066757202,0.0,0
2004-08-17,1.8562685251235962,0.0,2.8117001056671143,0.0,2.8117001056671143,2.8117001056671143,2.8117001056671143,0.0,0
2004-08-18,1.8793755769729614,0.0,2.8466999530792236,0.0,2.8466999530792236,2.8466999530792236,2.8466999530792236,0.0,0
2004-08-19,1.8727736473083496,0.0,2.836699962615967,0.0,2.836699962615967,2.836699962615967,2.836699962615967,0.0,0
2004-08-20,1.884855031967163,0.0,2.8550000190734863,0.0,2.8550000190734863,2.8550000190734863,2.8550000190734863,0.0,0
2004-08-23,1.8804314136505127,0.0,2.848299980163574,0.0,2.848299980163574,2.848299980163574,2.848299980163574,0.0,0
2004-08-24,1.8815537691116333,0.0,2.8499999046325684,0.0,2.8499999046325684,2.8499999046325684,2.8499999046325684,0.0,0
2004-08-25,1.8969366550445557,0.0,2.873300075531006,0.0,2.873300075531006,2.873300075531006,2.873300075531006,0.0,0
2004-08-26,1.8969366550445557,0.0,2.873300075531006,0.0,2.873300075531006,2.873300075531006,2.873300075531006,0.0,0
2004-08-27,1.9024823904037476,0.0,2.881700038909912,0.0,2.881700038909912,2.881700038909912,2.881700038909912,0.0,0
2004-08-30,1.8870333433151245,0.0,2.858299970626831,0.0,2.858299970626831,2.858299970626831,2.858299970626831,0.0,0
2004-08-31,1.8958803415298462,0.0,2.8717000484466553,0.0,2.8717000484466553,2.8717000484466553,2.8717000484466553,0.0,0
2004-09-01,1.8991808891296387,0.0,2.876699924468994,0.0,2.876699924468994,2.876699924468994,2.876699924468994,0.0,0
2004-09-02,1.9211653470993042,0.0,2.9100000858306885,0.0,2.9100000858306885,2.9100000858306885,2.9100000858306885,0.0,0
2004-09-03,1.9123848676681519,0.0,2.896699905395508,0.0,2.896699905395508,2.896699905395508,2.896699905395508,0.0,0
2004-09-07,1.925588846206665,0.0,2.9166998863220215,0.0,2.9166998863220215,2.9166998863220215,2.9166998863220215,0.0,0
2004-09-08,1.9178649187088013,0.0,2.9049999713897705,0.0,2.9049999713897705,2.9049999713897705,2.9049999713897705,0.0,0
2004-09-09,1.9211653470993042,0.0,2.9100000858306885,0.0,2.9100000858306885,2.9100000858306885,2.9100000858306885,0.0,0
2004-09-10,1.9310686588287354,0.0,2.924999952316284,0.0,2.924999952316284,2.924999952316284,2.924999952316284,0.0,0
2004-09-13,1.9343701601028442,0.0,2.930000066757202,0.0,2.930000066757202,2.930000066757202,2.930000066757202,0.0,0
2004-09-14,1.9387935400009155,0.0,2.9367001056671143,0.0,2.9367001056671143,2.9367001056671143,2.9367001056671143,0.0,0
2004-09-15,1.925588846206665,0.0,2.9166998863220215,0.0,2.9166998863220215,2.9166998863220215,2.9166998863220215,0.0,0
2004-09-16,1.9310686588287354,0.0,2.924999952316284,0.0,2.924999952316284,2.924999952316284,2.924999952316284,0.0,0
2004-09-17,1.9398491382598877,0.0,2.9382998943328857,0.0,2.9382998943328857,2.9382998943328857,2.9382998943328857,0.0,0
2004-09-20,1.928890347480774,0.0,2.9217000007629395,0.0,2.9217000007629395,2.9217000007629395,2.9217000007629395,0.0,0
2004-09-21,1.9409716129302979,0.0,2.940000057220459,0.0,2.940000057220459,2.940000057220459,2.940000057220459,0.0,0
2004-09-22,1.91344153881073,0.0,2.8982999324798584,0.0,2.8982999324798584,2.8982999324798584,2.8982999324798584,0.0,0
2004-09-23,1.904660940170288,0.0,2.884999990463257,0.0,2.884999990463257,2.884999990463257,2.884999990463257,0.0,0
2004-09-24,1.9079617261886597,0.0,2.890000104904175,0.0,2.890000104904175,2.890000104904175,2.890000104904175,0.0,0
2004-09-27,1.8969366550445557,0.0,2.873300075531006,0.0,2.873300075531006,2.873300075531006,2.873300075531006,0.0,0
2004-09-28,1.9079617261886597,0.0,2.890000104904175,0.0,2.890000104904175,2.890000104904175,2.890000104904175,0.0,0
2004-09-29,1.9167423248291016,0.0,2.9033000469207764,0.0,2.9033000469207764,2.9033000469207764,2.9033000469207764,0.0,0
2004-09-30,1.9167423248291016,0.0,2.9033000469207764,0.0,2.9033000469207764,2.9033000469207764,2.9033000469207764,0.0,0
2004-10-01,1.9453953504562378,0.0,2.946700096130371,0.0,2.946700096130371,2.946700096130371,2.946700096130371,0.0,0
2004-10-04,1.9519970417022705,0.0,2.956700086593628,0.0,2.956700086593628,2.956700086593628,2.956700086593628,0.0,0
2004-10-05,1.9508742094039917,0.0,2.9549999237060547,0.0,2.9549999237060547,2.9549999237060547,2.9549999237060547,0.0,0
2004-10-06,1.9640781879425049,0.0,2.9749999046325684,0.0,2.9749999046325684,2.9749999046325684,2.9749999046325684,0.0,0
2004-10-07,1.9453953504562378,0.0,2.946700096130371,0.0,2.946700096130371,2.946700096130371,2.946700096130371,0.0,0
2004-10-08,1.9299464225769043,0.0,2.92330002784729,0.0,2.92330002784729,2.92330002784729,2.92330002784729,0.0,0
2004-10-11,1.9343701601028442,0.0,2.930000066757202,0.0,2.930000066757202,2.930000066757202,2.930000066757202,0.0,0
2004-10-12,1.9299464225769043,0.0,2.92330002784729,0.0,2.92330002784729,2.92330002784729,2.92330002784729,0.0,0
2004-10-13,1.9156863689422607,0.0,2.901700019836426,0.0,2.901700019836426,2.901700019836426,2.901700019836426,0.0,0
2004-10-14,1.8980590105056763,0.0,2.875,0.0,2.875,2.875,2.875,0.0,0
2004-10-15,1.9068397283554077,0.0,2.8882999420166016,0.0,2.8882999420166016,2.8882999420166016,2.8882999420166016,0.0,0
2004-10-18,1.9167423248291016,0.0,2.9033000469207764,0.0,2.9033000469207764,2.9033000469207764,2.9033000469207764,0.0,0
2004-10-19,1.8980590105056763,0.0,2.875,0.0,2.875,2.875,2.875,0.0,0
2004-10-20,1.8991808891296387,0.0,2.876699924468994,0.0,2.876699924468994,2.876699924468994,2.876699924468994,0.0,0
2004-10-21,1.9035385847091675,0.0,2.8833000659942627,0.0,2.8833000659942627,2.8833000659942627,2.8833000659942627,0.0,0
2004-10-22,1.884855031967163,0.0,2.8550000190734863,0.0,2.8550000190734863,2.8550000190734863,2.8550000190734863,0.0,0
2004-10-25,1.8837329149246216,0.0,2.853300094604492,0.0,2.853300094604492,2.853300094604492,2.853300094604492,0.0,0
2004-10-26,1.9112629890441895,0.0,2.8949999809265137,0.0,2.8949999809265137,2.8949999809265137,2.8949999809265137,0.0,0
2004-10-27,1.9365487098693848,0.0,2.933300018310547,0.0,2.933300018310547,2.933300018310547,2.933300018310547,0.0,0
2004-10-28,1.9409716129302979,0.0,2.940000057220459,0.0,2.940000057220459,2.940000057220459,2.940000057220459,0.0,0
2004-10-29,1.9453953504562378,0.0,2.946700096130371,0.0,2.946700096130371,2.946700096130371,2.946700096130371,0.0,0
2004-11-01,1.9453953504562378,0.0,2.946700096130371,0.0,2.946700096130371,2.946700096130371,2.946700096130371,0.0,0
2004-11-02,1.9453953504562378,0.0,2.946700096130371,0.0,2.946700096130371,2.946700096130371,2.946700096130371,0.0,0
2004-11-03,1.968501091003418,0.0,2.9816999435424805,0.0,2.9816999435424805,2.9816999435424805,2.9816999435424805,0.0,0
2004-11-04,2.0003888607025146,0.0,3.0299999713897705,0.0,3.0299999713897705,3.0299999713897705,3.0299999713897705,0.0,0
2004-11-05,2.008113145828247,0.0,3.0416998863220215,0.0,3.0416998863220215,3.0416998863220215,3.0416998863220215,0.0,0
2004-11-08,2.005868434906006,0.0,3.038300037384033,0.0,3.038300037384033,3.038300037384033,3.038300037384033,0.0,0
2004-11-09,2.004812479019165,0.0,3.0367000102996826,0.0,3.0367000102996826,3.0367000102996826,3.0367000102996826,0.0,0
2004-11-10,2.003690242767334,0.0,3.0350000858306885,0.0,3.0350000858306885,3.0350000858306885,3.0350000858306885,0.0,0
2004-11-11,2.021317481994629,0.0,3.0617001056671143,0.0,3.0617001056671143,3.0617001056671143,3.0617001056671143,0.0,0
2004-11-12,2.0400004386901855,0.0,3.0899999141693115,0.0,3.0899999141693115,3.0899999141693115,3.0899999141693115,0.0,0
2004-11-15,2.0400004386901855,0.0,3.0899999141693115,0.0,3.0899999141693115,3.0899999141693115,3.0899999141693115,0.0,0
2004-11-16,2.025674343109131,0.0,3.0683000087738037,0.0,3.0683000087738037,3.0683000087738037,3.0683000087738037,0.0,0
2004-11-17,2.0366997718811035,0.0,3.0850000381469727,0.0,3.0850000381469727,3.0850000381469727,3.0850000381469727,0.0,0
2004-11-18,2.0400004386901855,0.0,3.0899999141693115,0.0,3.0899999141693115,3.0899999141693115,3.0899999141693115,0.0,0
2004-11-19,2.0168938636779785,0.0,3.055000066757202,0.0,3.055000066757202,3.055000066757202,3.055000066757202,0.0,0
2004-11-22,2.02897572517395,0.0,3.0732998847961426,0.0,3.0732998847961426,3.0732998847961426,3.0732998847961426,0.0,0
2004-11-23,2.027919292449951,0.0,3.071700096130371,0.0,3.071700096130371,3.071700096130371,3.071700096130371,0.0,0
2004-11-24,2.0366997718811035,0.0,3.0850000381469727,0.0,3.0850000381469727,3.0850000381469727,3.0850000381469727,0.0,0
2004-11-26,2.0388786792755127,0.0,3.0882999897003174,0.0,3.0882999897003174,3.0882999897003174,3.0882999897003174,0.0,0
2004-11-29,2.031219959259033,0.0,3.07669997215271,0.0,3.07669997215271,3.07669997215271,3.07669997215271,0.0,0
2004-11-30,2.023496389389038,0.0,3.065000057220459,0.0,3.065000057220459,3.065000057220459,3.065000057220459,0.0,0
2004-12-01,2.0543270111083984,0.0,3.1117000579833984,0.0,3.1117000579833984,3.1117000579833984,3.1117000579833984,0.0,0
2004-12-02,2.0532047748565674,0.0,3.109999895095825,0.0,3.109999895095825,3.109999895095825,3.109999895095825,0.0,0
2004-12-03,2.0543270111083984,0.0,3.1117000579833984,0.0,3.1117000579833984,3.1117000579833984,3.1117000579833984,0.0,0
2004-12-06,2.052082061767578,0.0,3.108299970626831,0.0,3.108299970626831,3.108299970626831,3.108299970626831,0.0,0
2004-12-07,2.0300981998443604,0.0,3.075000047683716,0.0,3.075000047683716,3.075000047683716,3.075000047683716,0.0,0
2004-12-08,2.0400004386901855,0.0,3.0899999141693115,0.0,3.0899999141693115,3.0899999141693115,3.0899999141693115,0.0,0
2004-12-09,2.051025867462158,0.0,3.1066999435424805,0.0,3.1066999435424805,3.1066999435424805,3.1066999435424805,0.0,0
2004-12-10,2.0488762855529785,0.0,3.049999952316284,0.0535,3.049999952316284,3.049999952316284,3.049999952316284,0.0,0
2004-12-13,2.0678865909576416,0.0,3.0782999992370605,0.0,3.0782999992370605,3.0782999992370605,3.0782999992370605,0.0,0
2004-12-14,2.075746774673462,0.0,3.0899999141693115,0.0,3.0899999141693115,3.0899999141693115,3.0899999141693115,0.0,0
2004-12-15,2.080247640609741,0.0,3.0966999530792236,0.0,3.0966999530792236,3.0966999530792236,3.0966999530792236,0.0,0
2004-12-16,2.075746774673462,0.0,3.0899999141693115,0.0,3.0899999141693115,3.0899999141693115,3.0899999141693115,0.0,0
2004-12-17,2.0600943565368652,0.0,3.066699981689453,0.0,3.066699981689453,3.066699981689453,3.066699981689453,0.0,0
2004-12-20,2.061169385910034,0.0,3.0683000087738037,0.0,3.0683000087738037,3.0683000087738037,3.0683000087738037,0.0,0
2004-12-21,2.080247640609741,0.0,3.0966999530792236,0.0,3.0966999530792236,3.0966999530792236,3.0966999530792236,0.0,0
2004-12-22,2.0880396366119385,0.0,3.108299970626831,0.0,3.108299970626831,3.108299970626831,3.108299970626831,0.0,0
2004-12-23,2.089181900024414,0.0,3.109999895095825,0.0,3.109999895095825,3.109999895095825,3.109999895095825,0.0,0
2004-12-27,2.080247640609741,0.0,3.0966999530792236,0.0,3.0966999530792236,3.0966999530792236,3.0966999530792236,0.0,0
2004-12-28,2.0947577953338623,0.0,3.118299961090088,0.0,3.118299961090088,3.118299961090088,3.118299961090088,0.0,0
2004-12-29,2.0947577953338623,0.0,3.118299961090088,0.0,3.118299961090088,3.118299961090088,3.118299961090088,0.0,0
2004-12-30,2.0947577953338623,0.0,3.118299961090088,0.0,3.118299961090088,3.118299961090088,3.118299961090088,0.0,0
2004-12-31,2.0925405025482178,0.0,3.115000009536743,0.0,3.115000009536743,3.115000009536743,3.115000009536743,0.0,0
2005-01-03,2.075746774673462,0.0,3.0899999141693115,0.0,3.0899999141693115,3.0899999141693115,3.0899999141693115,0.0,0
2005-01-04,2.051093101501465,0.0,3.053299903869629,0.0,3.053299903869629,3.053299903869629,3.053299903869629,0.0,0
2005-01-05,2.0443756580352783,0.0,3.043299913406372,0.0,3.043299913406372,3.043299913406372,3.043299913406372,0.0,0
2005-01-06,2.0522351264953613,0.0,3.055000066757202,0.0,3.055000066757202,3.055000066757202,3.055000066757202,0.0,0
2005-01-07,2.0488762855529785,0.0,3.049999952316284,0.0,3.049999952316284,3.049999952316284,3.049999952316284,0.0,0
2005-01-10,2.0555946826934814,0.0,3.059999942779541,0.0,3.059999942779541,3.059999942779541,3.059999942779541,0.0,0
2005-01-11,2.0433006286621094,0.0,3.0416998863220215,0.0,3.0416998863220215,3.0416998863220215,3.0416998863220215,0.0,0
2005-01-12,2.0522351264953613,0.0,3.055000066757202,0.0,3.055000066757202,3.055000066757202,3.055000066757202,0.0,0
2005-01-13,2.03429913520813,0.0,3.0283000469207764,0.0,3.0283000469207764,3.0283000469207764,3.0283000469207764,0.0,0
2005-01-14,2.046659469604492,0.0,3.0467000007629395,0.0,3.0467000007629395,3.0467000007629395,3.0467000007629395,0.0,0
2005-01-18,2.0656707286834717,0.0,3.075000047683716,0.0,3.075000047683716,3.075000047683716,3.075000047683716,0.0,0
2005-01-19,2.046659469604492,0.0,3.0467000007629395,0.0,3.0467000007629395,3.0467000007629395,3.0467000007629395,0.0,0
2005-01-20,2.030940294265747,0.0,3.0232999324798584,0.0,3.0232999324798584,3.0232999324798584,3.0232999324798584,0.0,0
2005-01-21,2.017505645751953,0.0,3.0032999515533447,0.0,3.0032999515533447,3.0032999515533447,3.0032999515533447,0.0,0
2005-01-24,2.0107874870300293,0.0,2.993299961090088,0.0,2.993299961090088,2.993299961090088,2.993299961090088,0.0,0
2005-01-25,2.0186474323272705,0.0,3.005000114440918,0.0,3.005000114440918,3.005000114440918,3.005000114440918,0.0,0
2005-01-26,2.0287230014801025,0.0,3.0199999809265137,0.0,3.0199999809265137,3.0199999809265137,3.0199999809265137,0.0,0
2005-01-27,2.0298657417297363,0.0,3.021699905395508,0.0,3.021699905395508,3.021699905395508,3.021699905395508,0.0,0
2005-01-28,2.0242226123809814,0.0,3.0132999420166016,0.0,3.0132999420166016,3.0132999420166016,3.0132999420166016,0.0,0
2005-01-31,2.0410165786743164,0.0,3.038300037384033,0.0,3.038300037384033,3.038300037384033,3.038300037384033,0.0,0
2005-02-01,2.0555946826934814,0.0,3.059999942779541,0.0,3.059999942779541,3.059999942779541,3.059999942779541,0.0,0
2005-02-02,2.0623114109039307,0.0,3.069999933242798,0.0,3.069999933242798,3.069999933242798,3.069999933242798,0.0,0
2005-02-03,2.0567362308502197,0.0,3.0617001056671143,0.0,3.0617001056671143,3.0617001056671143,3.0617001056671143,0.0,0
2005-02-04,2.0791056156158447,0.0,3.0950000286102295,0.0,3.0950000286102295,3.0950000286102295,3.0950000286102295,0.0,0
2005-02-07,2.0768892765045166,0.0,3.0917000770568848,0.0,3.0917000770568848,3.0917000770568848,3.0917000770568848,0.0,0
2005-02-08,2.0791056156158447,0.0,3.0950000286102295,0.0,3.0950000286102295,3.0950000286102295,3.0950000286102295,0.0,0
2005-02-09,2.061169385910034,0.0,3.0683000087738037,0.0,3.0683000087738037,3.0683000087738037,3.0683000087738037,0.0,0
2005-02-10,2.070171594619751,0.0,3.081700086593628,0.0,3.081700086593628,3.081700086593628,3.081700086593628,0.0,0
2005-02-11,2.084681272506714,0.0,3.103300094604492,0.0,3.103300094604492,3.103300094604492,3.103300094604492,0.0,0
2005-02-14,2.0869650840759277,0.0,3.1066999435424805,0.0,3.1066999435424805,3.1066999435424805,3.1066999435424805,0.0,0
2005-02-15,2.0936825275421143,0.0,3.1166999340057373,0.0,3.1166999340057373,3.1166999340057373,3.1166999340057373,0.0,0
2005-02-16,2.0947577953338623,0.0,3.118299961090088,0.0,3.118299961090088,3.118299961090088,3.118299961090088,0.0,0
2005-02-17,2.0779640674591064,0.0,3.0933001041412354,0.0,3.0933001041412354,3.0933001041412354,3.0933001041412354,0.0,0
2005-02-18,2.0791056156158447,0.0,3.0950000286102295,0.0,3.0950000286102295,3.0950000286102295,3.0950000286102295,0.0,0
2005-02-22,2.0488762855529785,0.0,3.049999952316284,0.0,3.049999952316284,3.049999952316284,3.049999952316284,0.0,0
2005-02-23,2.061169385910034,0.0,3.0683000087738037,0.0,3.0683000087738037,3.0683000087738037,3.0683000087738037,0.0,0
2005-02-24,2.0779640674591064,0.0,3.0933001041412354,0.0,3.0933001041412354,3.0933001041412354,3.0933001041412354,0.0,0
2005-02-25,2.0970418453216553,0.0,3.1217000484466553,0.0,3.1217000484466553,3.1217000484466553,3.1217000484466553,0.0,0
2005-02-28,2.083606481552124,0.0,3.1017000675201416,0.0,3.1017000675201416,3.1017000675201416,3.1017000675201416,0.0,0
2005-03-01,2.0958995819091797,0.0,3.119999885559082,0.0,3.119999885559082,3.119999885559082,3.119999885559082,0.0,0
2005-03-02,2.0958995819091797,0.0,3.119999885559082,0.0,3.119999885559082,3.119999885559082,3.119999885559082,0.0,0
2005-03-03,2.0958995819091797,0.0,3.119999885559082,0.0,3.119999885559082,3.119999885559082,3.119999885559082,0.0,0
2005-03-04,2.1160521507263184,0.0,3.1500000953674316,0.0,3.1500000953674316,3.1500000953674316,3.1500000953674316,0.0,0
2005-03-07,2.1216280460357666,0.0,3.1582999229431152,0.0,3.1582999229431152,3.1582999229431152,3.1582999229431152,0.0,0
2005-03-08,2.112694263458252,0.0,3.1449999809265137,0.0,3.1449999809265137,3.1449999809265137,3.1449999809265137,0.0,0
2005-03-09,2.0913987159729004,0.0,3.113300085067749,0.0,3.113300085067749,3.113300085067749,3.113300085067749,0.0,0
2005-03-10,2.0947577953338623,0.0,3.118299961090088,0.0,3.118299961090088,3.118299961090088,3.118299961090088,0.0,0
2005-03-11,2.0791056156158447,0.0,3.0950000286102295,0.0,3.0950000286102295,3.0950000286102295,3.0950000286102295,0.0,0
2005-03-14,2.0913987159729004,0.0,3.113300085067749,0.0,3.113300085067749,3.113300085067749,3.113300085067749,0.0,0
2005-03-15,2.075746774673462,0.0,3.0899999141693115,0.0,3.0899999141693115,3.0899999141693115,3.0899999141693115,0.0,0
2005-03-16,2.058953285217285,0.0,3.065000057220459,0.0,3.065000057220459,3.065000057220459,3.065000057220459,0.0,0
2005-03-17,2.0623114109039307,0.0,3.069999933242798,0.0,3.069999933242798,3.069999933242798,3.069999933242798,0.0,0
2005-03-18,2.061169385910034,0.0,3.0683000087738037,0.0,3.0683000087738037,3.0683000087738037,3.0683000087738037,0.0,0
2005-03-21,2.051093101501465,0.0,3.053299903869629,0.0,3.053299903869629,3.053299903869629,3.053299903869629,0.0,0
2005-03-22,2.030940294265747,0.0,3.0232999324798584,0.0,3.0232999324798584,3.0232999324798584,3.0232999324798584,0.0,0
2005-03-23,2.0320827960968018,0.0,3.0250000953674316,0.0,3.0250000953674316,3.0250000953674316,3.0250000953674316,0.0,0
2005-03-24,2.0298657417297363,0.0,3.021699905395508,0.0,3.021699905395508,3.021699905395508,3.021699905395508,0.0,0
2005-03-28,2.0354409217834473,0.0,3.0299999713897705,0.0,3.0299999713897705,3.0299999713897705,3.0299999713897705,0.0,0
2005-03-29,2.0208635330200195,0.0,3.0083000659942627,0.0,3.0083000659942627,3.0083000659942627,3.0083000659942627,0.0,0
2005-03-30,2.0488762855529785,0.0,3.049999952316284,0.0,3.049999952316284,3.049999952316284,3.049999952316284,0.0,0
2005-03-31,2.047734498977661,0.0,3.04830002784729,0.0,3.04830002784729,3.04830002784729,3.04830002784729,0.0,0
2005-04-01,2.03429913520813,0.0,3.0283000469207764,0.0,3.0283000469207764,3.0283000469207764,3.0283000469207764,0.0,0
2005-04-04,2.0399417877197266,0.0,3.0367000102996826,0.0,3.0367000102996826,3.0367000102996826,3.0367000102996826,0.0,0
2005-04-05,2.0488762855529785,0.0,3.049999952316284,0.0,3.049999952316284,3.049999952316284,3.049999952316284,0.0,0
2005-04-06,2.0544519424438477,0.0,3.058300018310547,0.0,3.058300018310547,3.058300018310547,3.058300018310547,0.0,0
2005-04-07,2.06681227684021,0.0,3.07669997215271,0.0,3.07669997215271,3.07669997215271,3.07669997215271,0.0,0
2005-04-08,2.0488762855529785,0.0,3.049999952316284,0.0,3.049999952316284,3.049999952316284,3.049999952316284,0.0,0
2005-04-11,2.0488762855529785,0.0,3.049999952316284,0.0,3.049999952316284,3.049999952316284,3.049999952316284,0.0,0
2005-04-12,2.0600943565368652,0.0,3.066699981689453,0.0,3.066699981689453,3.066699981689453,3.066699981689453,0.0,0
2005-04-13,2.036583185195923,0.0,3.0316998958587646,0.0,3.0316998958587646,3.0316998958587646,3.0316998958587646,0.0,0
2005-04-14,2.016430139541626,0.0,3.001699924468994,0.0,3.001699924468994,3.001699924468994,3.001699924468994,0.0,0
2005-04-15,1.9828428030014038,0.0,2.95169997215271,0.0,2.95169997215271,2.95169997215271,2.95169997215271,0.0,0
2005-04-18,1.9884175062179565,0.0,2.9600000381469727,0.0,2.9600000381469727,2.9600000381469727,2.9600000381469727,0.0,0
2005-04-19,1.999635934829712,0.0,2.9767000675201416,0.0,2.9767000675201416,2.9767000675201416,2.9767000675201416,0.0,0
2005-04-20,1.9738402366638184,0.0,2.9382998943328857,0.0,2.9382998943328857,2.9382998943328857,2.9382998943328857,0.0,0
2005-04-21,2.013071298599243,0.0,2.9967000484466553,0.0,2.9967000484466553,2.9967000484466553,2.9967000484466553,0.0,0
2005-04-22,1.999635934829712,0.0,2.9767000675201416,0.0,2.9767000675201416,2.9767000675201416,2.9767000675201416,0.0,0
2005-04-25,2.016430139541626,0.0,3.001699924468994,0.0,3.001699924468994,3.001699924468994,3.001699924468994,0.0,0
2005-04-26,1.998494029045105,0.0,2.9749999046325684,0.0,2.9749999046325684,2.9749999046325684,2.9749999046325684,0.0,0
2005-04-27,2.0063540935516357,0.0,2.9867000579833984,0.0,2.9867000579833984,2.9867000579833984,2.9867000579833984,0.0,0
2005-04-28,1.985059142112732,0.0,2.9549999237060547,0.0,2.9549999237060547,2.9549999237060547,2.9549999237060547,0.0,0
2005-04-29,2.008570432662964,0.0,2.990000009536743,0.0,2.990000009536743,2.990000009536743,2.990000009536743,0.0,0
2005-05-02,2.017505645751953,0.0,3.0032999515533447,0.0,3.0032999515533447,3.0032999515533447,3.0032999515533447,0.0,0
2005-05-03,2.0152885913848877,0.0,3.0,0.0,3.0,3.0,3.0,0.0,0
2005-05-04,2.0410165786743164,0.0,3.038300037384033,0.0,3.038300037384033,3.038300037384033,3.038300037384033,0.0,0
2005-05-05,2.036583185195923,0.0,3.0316998958587646,0.0,3.0316998958587646,3.0316998958587646,3.0316998958587646,0.0,0
2005-05-06,2.03429913520813,0.0,3.0283000469207764,0.0,3.0283000469207764,3.0283000469207764,3.0283000469207764,0.0,0
2005-05-09,2.046659469604492,0.0,3.0467000007629395,0.0,3.0467000007629395,3.0467000007629395,3.0467000007629395,0.0,0
2005-05-10,2.025364875793457,0.0,3.015000104904175,0.0,3.015000104904175,3.015000104904175,3.015000104904175,0.0,0
2005-05-11,2.03429913520813,0.0,3.0283000469207764,0.0,3.0283000469207764,3.0283000469207764,3.0283000469207764,0.0,0
2005-05-12,2.014146566390991,0.0,2.998300075531006,0.0,2.998300075531006,2.998300075531006,2.998300075531006,0.0,0
2005-05-13,2.005211353302002,0.0,2.984999895095825,0.0,2.984999895095825,2.984999895095825,2.984999895095825,0.0,0
2005-05-16,2.025364875793457,0.0,3.015000104904175,0.0,3.015000104904175,3.015000104904175,3.015000104904175,0.0,0
2005-05-17,2.0399417877197266,0.0,3.0367000102996826,0.0,3.0367000102996826,3.0367000102996826,3.0367000102996826,0.0,0
2005-05-18,2.061169385910034,0.0,3.0683000087738037,0.0,3.0683000087738037,3.0683000087738037,3.0683000087738037,0.0,0
2005-05-19,2.070171594619751,0.0,3.081700086593628,0.0,3.081700086593628,3.081700086593628,3.081700086593628,0.0,0
2005-05-20,2.0678865909576416,0.0,3.0782999992370605,0.0,3.0782999992370605,3.0782999992370605,3.0782999992370605,0.0,0
2005-05-23,2.075746774673462,0.0,3.0899999141693115,0.0,3.0899999141693115,3.0899999141693115,3.0899999141693115,0.0,0
2005-05-24,2.075746774673462,0.0,3.0899999141693115,0.0,3.0899999141693115,3.0899999141693115,3.0899999141693115,0.0,0
2005-05-25,2.069028854370117,0.0,3.0799999237060547,0.0,3.0799999237060547,3.0799999237060547,3.0799999237060547,0.0,0
2005-05-26,2.0824644565582275,0.0,3.0999999046325684,0.0,3.0999999046325684,3.0999999046325684,3.0999999046325684,0.0,0
2005-05-27,2.084681272506714,0.0,3.103300094604492,0.0,3.103300094604492,3.103300094604492,3.103300094604492,0.0,0
2005-05-31,2.0723884105682373,0.0,3.0850000381469727,0.0,3.0850000381469727,3.0850000381469727,3.0850000381469727,0.0,0
2005-06-01,2.0913987159729004,0.0,3.113300085067749,0.0,3.113300085067749,3.113300085067749,3.113300085067749,0.0,0
2005-06-02,2.0947577953338623,0.0,3.118299961090088,0.0,3.118299961090088,3.118299961090088,3.118299961090088,0.0,0
2005-06-03,2.080247640609741,0.0,3.0966999530792236,0.0,3.0966999530792236,3.0966999530792236,3.0966999530792236,0.0,0
2005-06-06,2.083606481552124,0.0,3.1017000675201416,0.0,3.1017000675201416,3.1017000675201416,3.1017000675201416,0.0,0
2005-06-07,2.0824644565582275,0.0,3.0999999046325684,0.0,3.0999999046325684,3.0999999046325684,3.0999999046325684,0.0,0
2005-06-08,2.0791056156158447,0.0,3.0950000286102295,0.0,3.0950000286102295,3.0950000286102295,3.0950000286102295,0.0,0
2005-06-09,2.089181900024414,0.0,3.109999895095825,0.0,3.109999895095825,3.109999895095825,3.109999895095825,0.0,0
2005-06-10,2.084681272506714,0.0,3.103300094604492,0.0,3.103300094604492,3.103300094604492,3.103300094604492,0.0,0
2005-06-13,2.0903244018554688,0.0,3.1117000579833984,0.0,3.1117000579833984,3.1117000579833984,3.1117000579833984,0.0,0
2005-06-14,2.0947577953338623,0.0,3.118299961090088,0.0,3.118299961090088,3.118299961090088,3.118299961090088,0.0,0
2005-06-15,2.100400686264038,0.0,3.126699924468994,0.0,3.126699924468994,3.126699924468994,3.126699924468994,0.0,0
2005-06-16,2.1071178913116455,0.0,3.136699914932251,0.0,3.136699914932251,3.136699914932251,3.136699914932251,0.0,0
2005-06-17,2.118269205093384,0.0,3.1533000469207764,0.0,3.1533000469207764,3.1533000469207764,3.1533000469207764,0.0,0
2005-06-20,2.1160521507263184,0.0,3.1500000953674316,0.0,3.1500000953674316,3.1500000953674316,3.1500000953674316,0.0,0
2005-06-21,2.112694263458252,0.0,3.1449999809265137,0.0,3.1449999809265137,3.1449999809265137,3.1449999809265137,0.0,0
2005-06-22,2.112694263458252,0.0,3.1449999809265137,0.0,3.1449999809265137,3.1449999809265137,3.1449999809265137,0.0,0
2005-06-23,2.0903244018554688,0.0,3.1117000579833984,0.0,3.1117000579833984,3.1117000579833984,3.1117000579833984,0.0,0
2005-06-24,2.0746052265167236,0.0,3.0882999897003174,0.0,3.0882999897003174,3.0882999897003174,3.0882999897003174,0.0,0
2005-06-27,2.0723884105682373,0.0,3.0850000381469727,0.0,3.0850000381469727,3.0850000381469727,3.0850000381469727,0.0,0
2005-06-28,2.0925405025482178,0.0,3.115000009536743,0.0,3.115000009536743,3.115000009536743,3.115000009536743,0.0,0
2005-06-29,2.089181900024414,0.0,3.109999895095825,0.0,3.109999895095825,3.109999895095825,3.109999895095825,0.0,0
2005-06-30,2.0746052265167236,0.0,3.0882999897003174,0.0,3.0882999897003174,3.0882999897003174,3.0882999897003174,0.0,0
2005-07-01,2.080247640609741,0.0,3.0966999530792236,0.0,3.0966999530792236,3.0966999530792236,3.0966999530792236,0.0,0
2005-07-05,2.0981171131134033,0.0,3.123300075531006,0.0,3.123300075531006,3.123300075531006,3.123300075531006,0.0,0
2005-07-06,2.0813231468200684,0.0,3.098299980163574,0.0,3.098299980163574,3.098299980163574,3.098299980163574,0.0,0
2005-07-07,2.0869650840759277,0.0,3.1066999435424805,0.0,3.1066999435424805,3.1066999435424805,3.1066999435424805,0.0,0
2005-07-08,2.1115517616271973,0.0,3.1433000564575195,0.0,3.1433000564575195,3.1433000564575195,3.1433000564575195,0.0,0
2005-07-11,2.1239120960235596,0.0,3.1617000102996826,0.0,3.1617000102996826,3.1617000102996826,3.1617000102996826,0.0,0
2005-07-12,2.1294875144958496,0.0,3.1700000762939453,0.0,3.1700000762939453,3.1700000762939453,3.1700000762939453,0.0,0
2005-07-13,2.131704807281494,0.0,3.17330002784729,0.0,3.17330002784729,3.17330002784729,3.17330002784729,0.0,0
2005-07-14,2.1373472213745117,0.0,3.1816999912261963,0.0,3.1816999912261963,3.1816999912261963,3.1816999912261963,0.0,0
2005-07-15,2.1395645141601562,0.0,3.184999942779541,0.0,3.184999942779541,3.184999942779541,3.184999942779541,0.0,0
2005-07-18,2.1272709369659424,0.0,3.1666998863220215,0.0,3.1666998863220215,3.1666998863220215,3.1666998863220215,0.0,0
2005-07-19,2.1417813301086426,0.0,3.1882998943328857,0.0,3.1882998943328857,3.1882998943328857,3.1882998943328857,0.0,0
2005-07-20,2.151857852935791,0.0,3.2032999992370605,0.0,3.2032999992370605,3.2032999992370605,3.2032999992370605,0.0,0
2005-07-21,2.138422727584839,0.0,3.183300018310547,0.0,3.183300018310547,3.183300018310547,3.183300018310547,0.0,0
2005-07-22,2.149641275405884,0.0,3.200000047683716,0.0,3.200000047683716,3.200000047683716,3.200000047683716,0.0,0
2005-07-25,2.1417813301086426,0.0,3.1882998943328857,0.0,3.1882998943328857,3.1882998943328857,3.1882998943328857,0.0,0
2005-07-26,2.1451401710510254,0.0,3.1933000087738037,0.0,3.1933000087738037,3.1933000087738037,3.1933000087738037,0.0,0
2005-07-27,2.155216693878174,0.0,3.2083001136779785,0.0,3.2083001136779785,3.2083001136779785,3.2083001136779785,0.0,0
2005-07-28,2.167577028274536,0.0,3.2267000675201416,0.0,3.2267000675201416,3.2267000675201416,3.2267000675201416,0.0,0
2005-07-29,2.151857852935791,0.0,3.2032999992370605,0.0,3.2032999992370605,3.2032999992370605,3.2032999992370605,0.0,0
2005-08-01,2.1529994010925293,0.0,3.2049999237060547,0.0,3.2049999237060547,3.2049999237060547,3.2049999237060547,0.0,0
2005-08-02,2.1686513423919678,0.0,3.228300094604492,0.0,3.228300094604492,3.228300094604492,3.228300094604492,0.0,0
2005-08-03,2.17093563079834,0.0,3.2316999435424805,0.0,3.2316999435424805,3.2316999435424805,3.2316999435424805,0.0,0
2005-08-04,2.155216693878174,0.0,3.2083001136779785,0.0,3.2083001136779785,3.2083001136779785,3.2083001136779785,0.0,0
2005-08-05,2.138422727584839,0.0,3.183300018310547,0.0,3.183300018310547,3.183300018310547,3.183300018310547,0.0,0
2005-08-08,2.132845878601074,0.0,3.174999952316284,0.0,3.174999952316284,3.174999952316284,3.174999952316284,0.0,0
2005-08-09,2.1474239826202393,0.0,3.196700096130371,0.0,3.196700096130371,3.196700096130371,3.196700096130371,0.0,0
2005-08-10,2.1440653800964355,0.0,3.191699981689453,0.0,3.191699981689453,3.191699981689453,3.191699981689453,0.0,0
2005-08-11,2.159717321395874,0.0,3.2149999141693115,0.0,3.2149999141693115,3.2149999141693115,3.2149999141693115,0.0,0
2005-08-12,2.146282196044922,0.0,3.194999933242798,0.0,3.194999933242798,3.194999933242798,3.194999933242798,0.0,0
2005-08-15,2.1529994010925293,0.0,3.2049999237060547,0.0,3.2049999237060547,3.2049999237060547,3.2049999237060547,0.0,0
2005-08-16,2.1283457279205322,0.0,3.168299913406372,0.0,3.168299913406372,3.168299913406372,3.168299913406372,0.0,0
2005-08-17,2.1294875144958496,0.0,3.1700000762939453,0.0,3.1700000762939453,3.1700000762939453,3.1700000762939453,0.0,0
2005-08-18,2.1283457279205322,0.0,3.168299913406372,0.0,3.168299913406372,3.168299913406372,3.168299913406372,0.0,0
2005-08-19,2.1294875144958496,0.0,3.1700000762939453,0.0,3.1700000762939453,3.1700000762939453,3.1700000762939453,0.0,0
2005-08-22,2.132845878601074,0.0,3.174999952316284,0.0,3.174999952316284,3.174999952316284,3.174999952316284,0.0,0
2005-08-23,2.126129627227783,0.0,3.1649999618530273,0.0,3.1649999618530273,3.1649999618530273,3.1649999618530273,0.0,0
2005-08-24,2.1115517616271973,0.0,3.1433000564575195,0.0,3.1433000564575195,3.1433000564575195,3.1433000564575195,0.0,0
2005-08-25,2.117194652557373,0.0,3.151700019836426,0.0,3.151700019836426,3.151700019836426,3.151700019836426,0.0,0
2005-08-26,2.103759765625,0.0,3.131700038909912,0.0,3.131700038909912,3.131700038909912,3.131700038909912,0.0,0
2005-08-29,2.117194652557373,0.0,3.151700019836426,0.0,3.151700019836426,3.151700019836426,3.151700019836426,0.0,0
2005-08-30,2.1104772090911865,0.0,3.141700029373169,0.0,3.141700029373169,3.141700029373169,3.141700029373169,0.0,0
2005-08-31,2.131704807281494,0.0,3.17330002784729,0.0,3.17330002784729,3.17330002784729,3.17330002784729,0.0,0
2005-09-01,2.133988380432129,0.0,3.1767001152038574,0.0,3.1767001152038574,3.1767001152038574,3.1767001152038574,0.0,0
2005-09-02,2.1272709369659424,0.0,3.1666998863220215,0.0,3.1666998863220215,3.1666998863220215,3.1666998863220215,0.0,0
2005-09-06,2.154141426086426,0.0,3.206700086593628,0.0,3.206700086593628,3.206700086593628,3.206700086593628,0.0,0
2005-09-07,2.159717321395874,0.0,3.2149999141693115,0.0,3.2149999141693115,3.2149999141693115,3.2149999141693115,0.0,0
2005-09-08,2.151857852935791,0.0,3.2032999992370605,0.0,3.2032999992370605,3.2032999992370605,3.2032999992370605,0.0,0
2005-09-09,2.1686513423919678,0.0,3.228300094604492,0.0,3.228300094604492,3.228300094604492,3.228300094604492,0.0,0
2005-09-12,2.167577028274536,0.0,3.2267000675201416,0.0,3.2267000675201416,3.2267000675201416,3.2267000675201416,0.0,0
2005-09-13,2.151857852935791,0.0,3.2032999992370605,0.0,3.2032999992370605,3.2032999992370605,3.2032999992370605,0.0,0
2005-09-14,2.1440653800964355,0.0,3.191699981689453,0.0,3.191699981689453,3.191699981689453,3.191699981689453,0.0,0
2005-09-15,2.1451401710510254,0.0,3.1933000087738037,0.0,3.1933000087738037,3.1933000087738037,3.1933000087738037,0.0,0
2005-09-16,2.163076162338257,0.0,3.2200000286102295,0.0,3.2200000286102295,3.2200000286102295,3.2200000286102295,0.0,0
2005-09-19,2.151857852935791,0.0,3.2032999992370605,0.0,3.2032999992370605,3.2032999992370605,3.2032999992370605,0.0,0
2005-09-20,2.1350629329681396,0.0,3.178299903869629,0.0,3.178299903869629,3.178299903869629,3.178299903869629,0.0,0
2005-09-21,2.114910840988159,0.0,3.1482999324798584,0.0,3.1482999324798584,3.1482999324798584,3.1482999324798584,0.0,0
2005-09-22,2.1239120960235596,0.0,3.1617000102996826,0.0,3.1617000102996826,3.1617000102996826,3.1617000102996826,0.0,0
2005-09-23,2.1249871253967285,0.0,3.163300037384033,0.0,3.163300037384033,3.163300037384033,3.163300037384033,0.0,0
2005-09-26,2.1249871253967285,0.0,3.163300037384033,0.0,3.163300037384033,3.163300037384033,3.163300037384033,0.0,0
2005-09-27,2.1249871253967285,0.0,3.163300037384033,0.0,3.163300037384033,3.163300037384033,3.163300037384033,0.0,0
2005-09-28,2.1283457279205322,0.0,3.168299913406372,0.0,3.168299913406372,3.168299913406372,3.168299913406372,0.0,0
2005-09-29,2.1474239826202393,0.0,3.196700096130371,0.0,3.196700096130371,3.196700096130371,3.196700096130371,0.0,0
2005-09-30,2.148498773574829,0.0,3.1982998847961426,0.0,3.1982998847961426,3.1982998847961426,3.1982998847961426,0.0,0
2005-10-03,2.1451401710510254,0.0,3.1933000087738037,0.0,3.1933000087738037,3.1933000087738037,3.1933000087738037,0.0,0
2005-10-04,2.1239120960235596,0.0,3.1617000102996826,0.0,3.1617000102996826,3.1617000102996826,3.1617000102996826,0.0,0
2005-10-05,2.0936825275421143,0.0,3.1166999340057373,0.0,3.1166999340057373,3.1166999340057373,3.1166999340057373,0.0,0
2005-10-06,2.084681272506714,0.0,3.103300094604492,0.0,3.103300094604492,3.103300094604492,3.103300094604492,0.0,0
2005-10-07,2.0925405025482178,0.0,3.115000009536743,0.0,3.115000009536743,3.115000009536743,3.115000009536743,0.0,0
2005-10-10,2.0779640674591064,0.0,3.0933001041412354,0.0,3.0933001041412354,3.0933001041412354,3.0933001041412354,0.0,0
2005-10-11,2.0735299587249756,0.0,3.086699962615967,0.0,3.086699962615967,3.086699962615967,3.086699962615967,0.0,0
2005-10-12,2.061169385910034,0.0,3.0683000087738037,0.0,3.0683000087738037,3.0683000087738037,3.0683000087738037,0.0,0
2005-10-13,2.0600943565368652,0.0,3.066699981689453,0.0,3.066699981689453,3.066699981689453,3.066699981689453,0.0,0
2005-10-14,2.0768892765045166,0.0,3.0917000770568848,0.0,3.0917000770568848,3.0917000770568848,3.0917000770568848,0.0,0
2005-10-17,2.083606481552124,0.0,3.1017000675201416,0.0,3.1017000675201416,3.1017000675201416,3.1017000675201416,0.0,0
2005-10-18,2.0623114109039307,0.0,3.069999933242798,0.0,3.069999933242798,3.069999933242798,3.069999933242798,0.0,0
2005-10-19,2.0936825275421143,0.0,3.1166999340057373,0.0,3.1166999340057373,3.1166999340057373,3.1166999340057373,0.0,0
2005-10-20,2.0623114109039307,0.0,3.069999933242798,0.0,3.069999933242798,3.069999933242798,3.069999933242798,0.0,0
2005-10-21,2.0656707286834717,0.0,3.075000047683716,0.0,3.075000047683716,3.075000047683716,3.075000047683716,0.0,0
2005-10-24,2.100400686264038,0.0,3.126699924468994,0.0,3.126699924468994,3.126699924468994,3.126699924468994,0.0,0
2005-10-25,2.0947577953338623,0.0,3.118299961090088,0.0,3.118299961090088,3.118299961090088,3.118299961090088,0.0,0
2005-10-26,2.0858230590820312,0.0,3.1050000190734863,0.0,3.1050000190734863,3.1050000190734863,3.1050000190734863,0.0,0
2005-10-27,2.064528465270996,0.0,3.0732998847961426,0.0,3.0732998847961426,3.0732998847961426,3.0732998847961426,0.0,0
2005-10-28,2.0981171131134033,0.0,3.123300075531006,0.0,3.123300075531006,3.123300075531006,3.123300075531006,0.0,0
2005-10-31,2.1138360500335693,0.0,3.146699905395508,0.0,3.146699905395508,3.146699905395508,3.146699905395508,0.0,0
2005-11-01,2.105975866317749,0.0,3.134999990463257,0.0,3.134999990463257,3.134999990463257,3.134999990463257,0.0,0
2005-11-02,2.1272709369659424,0.0,3.1666998863220215,0.0,3.1666998863220215,3.1666998863220215,3.1666998863220215,0.0,0
2005-11-03,2.1373472213745117,0.0,3.1816999912261963,0.0,3.1816999912261963,3.1816999912261963,3.1816999912261963,0.0,0
2005-11-04,2.1373472213745117,0.0,3.1816999912261963,0.0,3.1816999912261963,3.1816999912261963,3.1816999912261963,0.0,0
2005-11-07,2.1417813301086426,0.0,3.1882998943328857,0.0,3.1882998943328857,3.1882998943328857,3.1882998943328857,0.0,0
2005-11-08,2.1362054347991943,0.0,3.180000066757202,0.0,3.180000066757202,3.180000066757202,3.180000066757202,0.0,0
2005-11-09,2.1395645141601562,0.0,3.184999942779541,0.0,3.184999942779541,3.184999942779541,3.184999942779541,0.0,0
2005-11-10,2.1575005054473877,0.0,3.211699962615967,0.0,3.211699962615967,3.211699962615967,3.211699962615967,0.0,0
2005-11-11,2.1642184257507324,0.0,3.2216999530792236,0.0,3.2216999530792236,3.2216999530792236,3.2216999530792236,0.0,0
2005-11-14,2.163076162338257,0.0,3.2200000286102295,0.0,3.2200000286102295,3.2200000286102295,3.2200000286102295,0.0,0
2005-11-15,2.155216693878174,0.0,3.2083001136779785,0.0,3.2083001136779785,3.2083001136779785,3.2083001136779785,0.0,0
2005-11-16,2.159717321395874,0.0,3.2149999141693115,0.0,3.2149999141693115,3.2149999141693115,3.2149999141693115,0.0,0
2005-11-17,2.179870128631592,0.0,3.244999885559082,0.0,3.244999885559082,3.244999885559082,3.244999885559082,0.0,0
2005-11-18,2.1899466514587402,0.0,3.259999990463257,0.0,3.259999990463257,3.259999990463257,3.259999990463257,0.0,0
2005-11-21,2.201164722442627,0.0,3.276700019836426,0.0,3.276700019836426,3.276700019836426,3.276700019836426,0.0,0
2005-11-22,2.2123160362243652,0.0,3.293299913406372,0.0,3.293299913406372,3.293299913406372,3.293299913406372,0.0,0
2005-11-23,2.2201755046844482,0.0,3.305000066757202,0.0,3.305000066757202,3.305000066757202,3.305000066757202,0.0,0
2005-11-25,2.2246768474578857,0.0,3.3117001056671143,0.0,3.3117001056671143,3.3117001056671143,3.3117001056671143,0.0,0
2005-11-28,2.2055985927581787,0.0,3.2832999229431152,0.0,3.2832999229431152,3.2832999229431152,3.2832999229431152,0.0,0
2005-11-29,2.206740617752075,0.0,3.2850000858306885,0.0,3.2850000858306885,3.2850000858306885,3.2850000858306885,0.0,0
2005-11-30,2.1933059692382812,0.0,3.265000104904175,0.0,3.265000104904175,3.265000104904175,3.265000104904175,0.0,0
2005-12-01,2.21903395652771,0.0,3.303299903869629,0.0,3.303299903869629,3.303299903869629,3.303299903869629,0.0,0
2005-12-02,2.2201755046844482,0.0,3.305000066757202,0.0,3.305000066757202,3.305000066757202,3.305000066757202,0.0,0
2005-12-05,2.214600086212158,0.0,3.2967000007629395,0.0,3.2967000007629395,3.2967000007629395,3.2967000007629395,0.0,0
2005-12-06,2.21795916557312,0.0,3.3017001152038574,0.0,3.3017001152038574,3.3017001152038574,3.3017001152038574,0.0,0
2005-12-07,2.206740617752075,0.0,3.2850000858306885,0.0,3.2850000858306885,3.2850000858306885,3.2850000858306885,0.0,0
2005-12-08,2.204523801803589,0.0,3.2816998958587646,0.0,3.2816998958587646,3.2816998958587646,3.2816998958587646,0.0,0
2005-12-09,2.2112412452697754,0.0,3.2916998863220215,0.0,3.2916998863220215,3.2916998863220215,3.2916998863220215,0.0,0
2005-12-12,2.2123160362243652,0.0,3.293299913406372,0.0,3.293299913406372,3.293299913406372,3.293299913406372,0.0,0
2005-12-13,2.2257513999938965,0.0,3.3132998943328857,0.0,3.3132998943328857,3.3132998943328857,3.3132998943328857,0.0,0
2005-12-14,2.234753370285034,0.0,3.32669997215271,0.0,3.32669997215271,3.32669997215271,3.32669997215271,0.0,0
2005-12-15,2.2313945293426514,0.0,3.321700096130371,0.0,3.321700096130371,3.321700096130371,3.321700096130371,0.0,0
2005-12-16,2.2245378494262695,0.0,3.255000114440918,0.056667,3.255000114440918,3.255000114440918,3.255000114440918,0.0,0
2005-12-19,2.212031126022339,0.0,3.2367000579833984,0.0,3.2367000579833984,3.2367000579833984,3.2367000579833984,0.0,0
2005-12-20,2.212031126022339,0.0,3.2367000579833984,0.0,3.2367000579833984,3.2367000579833984,3.2367000579833984,0.0,0
2005-12-21,2.2177035808563232,0.0,3.244999885559082,0.0,3.244999885559082,3.244999885559082,3.244999885559082,0.0,0
2005-12-22,2.226792573928833,0.0,3.2583000659942627,0.0,3.2583000659942627,3.2583000659942627,3.2583000659942627,0.0,0
2005-12-23,2.227954864501953,0.0,3.259999990463257,0.0,3.259999990463257,3.259999990463257,3.259999990463257,0.0,0
2005-12-27,2.207451581954956,0.0,3.2300000190734863,0.0,3.2300000190734863,3.2300000190734863,3.2300000190734863,0.0,0
2005-12-28,2.210869073867798,0.0,3.234999895095825,0.0,3.234999895095825,3.234999895095825,3.234999895095825,0.0,0
2005-12-29,2.2040343284606934,0.0,3.2249999046325684,0.0,3.2249999046325684,3.2249999046325684,3.2249999046325684,0.0,0
2005-12-30,2.192621946334839,0.0,3.2083001136779785,0.0,3.2083001136779785,3.2083001136779785,3.2083001136779785,0.0,0
2006-01-03,2.2291159629821777,0.0,3.261699914932251,0.0,3.261699914932251,3.261699914932251,3.261699914932251,0.0,0
2006-01-04,2.238205909729004,0.0,3.2750000953674316,0.0,3.2750000953674316,3.2750000953674316,3.2750000953674316,0.0,0
2006-01-05,2.238205909729004,0.0,3.2750000953674316,0.0,3.2750000953674316,3.2750000953674316,3.2750000953674316,0.0,0
2006-01-06,2.2598705291748047,0.0,3.3066999912261963,0.0,3.3066999912261963,3.3066999912261963,3.3066999912261963,0.0,0
2006-01-09,2.2677979469299316,0.0,3.3183000087738037,0.0,3.3183000087738037,3.3183000087738037,3.3183000087738037,0.0,0
2006-01-10,2.2667043209075928,0.0,3.316699981689453,0.0,3.316699981689453,3.316699981689453,3.316699981689453,0.0,0
2006-01-11,2.274632215499878,0.0,3.3282999992370605,0.0,3.3282999992370605,3.3282999992370605,3.3282999992370605,0.0,0
2006-01-12,2.2609641551971436,0.0,3.308300018310547,0.0,3.308300018310547,3.308300018310547,3.308300018310547,0.0,0
2006-01-13,2.2632875442504883,0.0,3.3117001056671143,0.0,3.3117001056671143,3.3117001056671143,3.3117001056671143,0.0,0
2006-01-17,2.255290985107422,0.0,3.299999952316284,0.0,3.299999952316284,3.299999952316284,3.299999952316284,0.0,0
2006-01-18,2.246201992034912,0.0,3.2867000102996826,0.0,3.2867000102996826,3.2867000102996826,3.2867000102996826,0.0,0
2006-01-19,2.2587084770202637,0.0,3.305000066757202,0.0,3.305000066757202,3.305000066757202,3.305000066757202,0.0,0
2006-01-20,2.2177035808563232,0.0,3.244999885559082,0.0,3.244999885559082,3.244999885559082,3.244999885559082,0.0,0
2006-01-23,2.2222821712493896,0.0,3.251699924468994,0.0,3.251699924468994,3.251699924468994,3.251699924468994,0.0,0
2006-01-24,2.226792573928833,0.0,3.2583000659942627,0.0,3.2583000659942627,3.2583000659942627,3.2583000659942627,0.0,0
2006-01-25,2.2233755588531494,0.0,3.2532999515533447,0.0,3.2532999515533447,3.2532999515533447,3.2532999515533447,0.0,0
2006-01-26,2.2393674850463867,0.0,3.276700019836426,0.0,3.276700019836426,3.276700019836426,3.276700019836426,0.0,0
2006-01-27,2.2575466632843018,0.0,3.303299903869629,0.0,3.303299903869629,3.303299903869629,3.303299903869629,0.0,0
2006-01-30,2.2598705291748047,0.0,3.3066999912261963,0.0,3.3066999912261963,3.3066999912261963,3.3066999912261963,0.0,0
2006-01-31,2.2507126331329346,0.0,3.293299913406372,0.0,3.293299913406372,3.293299913406372,3.293299913406372,0.0,0
2006-02-01,2.255290985107422,0.0,3.299999952316284,0.0,3.299999952316284,3.299999952316284,3.299999952316284,0.0,0
2006-02-02,2.235950231552124,0.0,3.271699905395508,0.0,3.271699905395508,3.271699905395508,3.271699905395508,0.0,0
2006-02-03,2.2233755588531494,0.0,3.2532999515533447,0.0,3.2532999515533447,3.2532999515533447,3.2532999515533447,0.0,0
2006-02-06,2.2256991863250732,0.0,3.256700038909912,0.0,3.256700038909912,3.256700038909912,3.256700038909912,0.0,0
2006-02-07,2.207451581954956,0.0,3.2300000190734863,0.0,3.2300000190734863,3.2300000190734863,3.2300000190734863,0.0,0
2006-02-08,2.227954864501953,0.0,3.259999990463257,0.0,3.259999990463257,3.259999990463257,3.259999990463257,0.0,0
2006-02-09,2.2245378494262695,0.0,3.255000114440918,0.0,3.255000114440918,3.255000114440918,3.255000114440918,0.0,0
2006-02-10,2.2302095890045166,0.0,3.2632999420166016,0.0,3.2632999420166016,3.2632999420166016,3.2632999420166016,0.0,0
2006-02-13,2.2233755588531494,0.0,3.2532999515533447,0.0,3.2532999515533447,3.2532999515533447,3.2532999515533447,0.0,0
2006-02-14,2.246201992034912,0.0,3.2867000102996826,0.0,3.2867000102996826,3.2867000102996826,3.2867000102996826,0.0,0
2006-02-15,2.254129648208618,0.0,3.29830002784729,0.0,3.29830002784729,3.29830002784729,3.29830002784729,0.0,0
2006-02-16,2.2712149620056152,0.0,3.3232998847961426,0.0,3.3232998847961426,3.3232998847961426,3.3232998847961426,0.0,0
2006-02-17,2.2677979469299316,0.0,3.3183000087738037,0.0,3.3183000087738037,3.3183000087738037,3.3183000087738037,0.0,0
2006-02-21,2.2598705291748047,0.0,3.3066999912261963,0.0,3.3066999912261963,3.3066999912261963,3.3066999912261963,0.0,0
2006-02-22,2.2769558429718018,0.0,3.331700086593628,0.0,3.331700086593628,3.331700086593628,3.331700086593628,0.0,0
2006-02-23,2.2689595222473145,0.0,3.319999933242798,0.0,3.319999933242798,3.319999933242798,3.319999933242798,0.0,0
2006-02-24,2.2723772525787354,0.0,3.325000047683716,0.0,3.325000047683716,3.325000047683716,3.325000047683716,0.0,0
2006-02-27,2.2814667224884033,0.0,3.3382999897003174,0.0,3.3382999897003174,3.3382999897003174,3.3382999897003174,0.0,0
2006-02-28,2.2575466632843018,0.0,3.303299903869629,0.0,3.303299903869629,3.303299903869629,3.303299903869629,0.0,0
2006-03-01,2.2769558429718018,0.0,3.331700086593628,0.0,3.331700086593628,3.331700086593628,3.331700086593628,0.0,0
2006-03-02,2.2723772525787354,0.0,3.325000047683716,0.0,3.325000047683716,3.325000047683716,3.325000047683716,0.0,0
2006-03-03,2.2701218128204346,0.0,3.321700096130371,0.0,3.321700096130371,3.321700096130371,3.321700096130371,0.0,0
2006-03-06,2.254129648208618,0.0,3.29830002784729,0.0,3.29830002784729,3.29830002784729,3.29830002784729,0.0,0
2006-03-07,2.249619483947754,0.0,3.2916998863220215,0.0,3.2916998863220215,3.2916998863220215,3.2916998863220215,0.0,0
2006-03-08,2.255290985107422,0.0,3.299999952316284,0.0,3.299999952316284,3.299999952316284,3.299999952316284,0.0,0
2006-03-09,2.243878126144409,0.0,3.2832999229431152,0.0,3.2832999229431152,3.2832999229431152,3.2832999229431152,0.0,0
2006-03-10,2.2609641551971436,0.0,3.308300018310547,0.0,3.308300018310547,3.308300018310547,3.308300018310547,0.0,0
2006-03-13,2.265542984008789,0.0,3.315000057220459,0.0,3.315000057220459,3.315000057220459,3.315000057220459,0.0,0
2006-03-14,2.2894623279571533,0.0,3.3499999046325684,0.0,3.3499999046325684,3.3499999046325684,3.3499999046325684,0.0,0
2006-03-15,2.2997138500213623,0.0,3.365000009536743,0.0,3.365000009536743,3.365000009536743,3.365000009536743,0.0,0
2006-03-16,2.303131341934204,0.0,3.369999885559082,0.0,3.369999885559082,3.369999885559082,3.369999885559082,0.0,0
2006-03-17,2.3065483570098877,0.0,3.375,0.0,3.375,3.375,3.375,0.0,0
2006-03-20,2.303131341934204,0.0,3.369999885559082,0.0,3.369999885559082,3.369999885559082,3.369999885559082,0.0,0
2006-03-21,2.2894623279571533,0.0,3.3499999046325684,0.0,3.3499999046325684,3.3499999046325684,3.3499999046325684,0.0,0
2006-03-22,2.303131341934204,0.0,3.369999885559082,0.0,3.369999885559082,3.369999885559082,3.369999885559082,0.0,0
2006-03-23,2.2974584102630615,0.0,3.3617000579833984,0.0,3.3617000579833984,3.3617000579833984,3.3617000579833984,0.0,0
2006-03-24,2.2997138500213623,0.0,3.365000009536743,0.0,3.365000009536743,3.365000009536743,3.365000009536743,0.0,0
2006-03-27,2.296297073364258,0.0,3.359999895095825,0.0,3.359999895095825,3.359999895095825,3.359999895095825,0.0,0
2006-03-28,2.2814667224884033,0.0,3.3382999897003174,0.0,3.3382999897003174,3.3382999897003174,3.3382999897003174,0.0,0
2006-03-29,2.2997138500213623,0.0,3.365000009536743,0.0,3.365000009536743,3.365000009536743,3.365000009536743,0.0,0
2006-03-30,2.2951347827911377,0.0,3.358299970626831,0.0,3.358299970626831,3.358299970626831,3.358299970626831,0.0,0
2006-03-31,2.284883975982666,0.0,3.3433001041412354,0.0,3.3433001041412354,3.3433001041412354,3.3433001041412354,0.0,0
2006-04-03,2.2906241416931152,0.0,3.3517000675201416,0.0,3.3517000675201416,3.3517000675201416,3.3517000675201416,0.0,0
2006-04-04,2.305386543273926,0.0,3.373300075531006,0.0,3.373300075531006,3.373300075531006,3.373300075531006,0.0,0
2006-04-05,2.3156378269195557,0.0,3.3882999420166016,0.0,3.3882999420166016,3.3882999420166016,3.3882999420166016,0.0,0
2006-04-06,2.311127185821533,0.0,3.381700038909912,0.0,3.381700038909912,3.381700038909912,3.381700038909912,0.0,0
2006-04-07,2.2872068881988525,0.0,3.3466999530792236,0.0,3.3466999530792236,3.3466999530792236,3.3466999530792236,0.0,0
2006-04-10,2.2894623279571533,0.0,3.3499999046325684,0.0,3.3499999046325684,3.3499999046325684,3.3499999046325684,0.0,0
2006-04-11,2.2723772525787354,0.0,3.325000047683716,0.0,3.325000047683716,3.325000047683716,3.325000047683716,0.0,0
2006-04-12,2.274632215499878,0.0,3.3282999992370605,0.0,3.3282999992370605,3.3282999992370605,3.3282999992370605,0.0,0
2006-04-13,2.2769558429718018,0.0,3.331700086593628,0.0,3.331700086593628,3.331700086593628,3.331700086593628,0.0,0
2006-04-17,2.2701218128204346,0.0,3.321700096130371,0.0,3.321700096130371,3.321700096130371,3.321700096130371,0.0,0
2006-04-18,2.3088037967681885,0.0,3.3782999515533447,0.0,3.3782999515533447,3.3782999515533447,3.3782999515533447,0.0,0
2006-04-19,2.313382148742676,0.0,3.384999990463257,0.0,3.384999990463257,3.384999990463257,3.384999990463257,0.0,0
2006-04-20,2.3167989253997803,0.0,3.390000104904175,0.0,3.390000104904175,3.390000104904175,3.390000104904175,0.0,0
2006-04-21,2.3156378269195557,0.0,3.3882999420166016,0.0,3.3882999420166016,3.3882999420166016,3.3882999420166016,0.0,0
2006-04-24,2.3099653720855713,0.0,3.380000114440918,0.0,3.380000114440918,3.380000114440918,3.380000114440918,0.0,0
2006-04-25,2.2997138500213623,0.0,3.365000009536743,0.0,3.365000009536743,3.365000009536743,3.365000009536743,0.0,0
2006-04-26,2.305386543273926,0.0,3.373300075531006,0.0,3.373300075531006,3.373300075531006,3.373300075531006,0.0,0
2006-04-27,2.3145439624786377,0.0,3.386699914932251,0.0,3.386699914932251,3.386699914932251,3.386699914932251,0.0,0
2006-04-28,2.3156378269195557,0.0,3.3882999420166016,0.0,3.3882999420166016,3.3882999420166016,3.3882999420166016,0.0,0
2006-05-01,2.3065483570098877,0.0,3.375,0.0,3.375,3.375,3.375,0.0,0
2006-05-02,2.320216178894043,0.0,3.3949999809265137,0.0,3.3949999809265137,3.3949999809265137,3.3949999809265137,0.0,0
2006-05-03,2.311127185821533,0.0,3.381700038909912,0.0,3.381700038909912,3.381700038909912,3.381700038909912,0.0,0
2006-05-04,2.3190548419952393,0.0,3.3933000564575195,0.0,3.3933000564575195,3.3933000564575195,3.3933000564575195,0.0,0
2006-05-05,2.3429744243621826,0.0,3.428299903869629,0.0,3.428299903869629,3.428299903869629,3.428299903869629,0.0,0
2006-05-08,2.340718984603882,0.0,3.424999952316284,0.0,3.424999952316284,3.424999952316284,3.424999952316284,0.0,0
2006-05-09,2.341881513595581,0.0,3.4267001152038574,0.0,3.4267001152038574,3.4267001152038574,3.4267001152038574,0.0,0
2006-05-10,2.33846378326416,0.0,3.4217000007629395,0.0,3.4217000007629395,3.4217000007629395,3.4217000007629395,0.0,0
2006-05-11,2.3088037967681885,0.0,3.3782999515533447,0.0,3.3782999515533447,3.3782999515533447,3.3782999515533447,0.0,0
2006-05-12,2.283790111541748,0.0,3.3417000770568848,0.0,3.3417000770568848,3.3417000770568848,3.3417000770568848,0.0,0
2006-05-15,2.2894623279571533,0.0,3.3499999046325684,0.0,3.3499999046325684,3.3499999046325684,3.3499999046325684,0.0,0
2006-05-16,2.284883975982666,0.0,3.3433001041412354,0.0,3.3433001041412354,3.3433001041412354,3.3433001041412354,0.0,0
2006-05-17,2.247295618057251,0.0,3.288300037384033,0.0,3.288300037384033,3.288300037384033,3.288300037384033,0.0,0
2006-05-18,2.2325334548950195,0.0,3.266700029373169,0.0,3.266700029373169,3.266700029373169,3.266700029373169,0.0,0
2006-05-19,2.2416231632232666,0.0,3.2799999713897705,0.0,3.2799999713897705,3.2799999713897705,3.2799999713897705,0.0,0
2006-05-22,2.2325334548950195,0.0,3.266700029373169,0.0,3.266700029373169,3.266700029373169,3.266700029373169,0.0,0
2006-05-23,2.2233755588531494,0.0,3.2532999515533447,0.0,3.2532999515533447,3.2532999515533447,3.2532999515533447,0.0,0
2006-05-24,2.226792573928833,0.0,3.2583000659942627,0.0,3.2583000659942627,3.2583000659942627,3.2583000659942627,0.0,0
2006-05-25,2.251873731613159,0.0,3.2950000762939453,0.0,3.2950000762939453,3.2950000762939453,3.2950000762939453,0.0,0
2006-05-26,2.265542984008789,0.0,3.315000057220459,0.0,3.315000057220459,3.315000057220459,3.315000057220459,0.0,0
2006-05-30,2.2291159629821777,0.0,3.261699914932251,0.0,3.261699914932251,3.261699914932251,3.261699914932251,0.0,0
2006-05-31,2.2484569549560547,0.0,3.2899999618530273,0.0,3.2899999618530273,3.2899999618530273,3.2899999618530273,0.0,0
2006-06-01,2.2757937908172607,0.0,3.3299999237060547,0.0,3.3299999237060547,3.3299999237060547,3.3299999237060547,0.0,0
2006-06-02,2.2803730964660645,0.0,3.336699962615967,0.0,3.336699962615967,3.336699962615967,3.336699962615967,0.0,0
2006-06-05,2.2404611110687256,0.0,3.2783000469207764,0.0,3.2783000469207764,3.2783000469207764,3.2783000469207764,0.0,0
2006-06-06,2.238205909729004,0.0,3.2750000953674316,0.0,3.2750000953674316,3.2750000953674316,3.2750000953674316,0.0,0
2006-06-07,2.2245378494262695,0.0,3.255000114440918,0.0,3.255000114440918,3.255000114440918,3.255000114440918,0.0,0
2006-06-08,2.227954864501953,0.0,3.259999990463257,0.0,3.259999990463257,3.259999990463257,3.259999990463257,0.0,0
2006-06-09,2.2177035808563232,0.0,3.244999885559082,0.0,3.244999885559082,3.244999885559082,3.244999885559082,0.0,0
2006-06-12,2.190366268157959,0.0,3.2049999237060547,0.0,3.2049999237060547,3.2049999237060547,3.2049999237060547,0.0,0
2006-06-13,2.1676080226898193,0.0,3.1717000007629395,0.0,3.1717000007629395,3.1717000007629395,3.1717000007629395,0.0,0
2006-06-14,2.180114984512329,0.0,3.190000057220459,0.0,3.190000057220459,3.190000057220459,3.190000057220459,0.0,0
2006-06-15,2.2256991863250732,0.0,3.256700038909912,0.0,3.256700038909912,3.256700038909912,3.256700038909912,0.0,0
2006-06-16,2.2177035808563232,0.0,3.244999885559082,0.0,3.244999885559082,3.244999885559082,3.244999885559082,0.0,0
2006-06-19,2.1972007751464844,0.0,3.2149999141693115,0.0,3.2149999141693115,3.2149999141693115,3.2149999141693115,0.0,0
2006-06-20,2.1983625888824463,0.0,3.2167000770568848,0.0,3.2167000770568848,3.2167000770568848,3.2167000770568848,0.0,0
2006-06-21,2.218864917755127,0.0,3.2467000484466553,0.0,3.2467000484466553,3.2467000484466553,3.2467000484466553,0.0,0
2006-06-22,2.208613872528076,0.0,3.2316999435424805,0.0,3.2316999435424805,3.2316999435424805,3.2316999435424805,0.0,0
2006-06-23,2.2062900066375732,0.0,3.228300094604492,0.0,3.228300094604492,3.228300094604492,3.228300094604492,0.0,0
2006-06-26,2.2165415287017822,0.0,3.243299961090088,0.0,3.243299961090088,3.243299961090088,3.243299961090088,0.0,0
2006-06-27,2.1972007751464844,0.0,3.2149999141693115,0.0,3.2149999141693115,3.2149999141693115,3.2149999141693115,0.0,0
2006-06-28,2.208613872528076,0.0,3.2316999435424805,0.0,3.2316999435424805,3.2316999435424805,3.2316999435424805,0.0,0
2006-06-29,2.256453514099121,0.0,3.3017001152038574,0.0,3.3017001152038574,3.3017001152038574,3.3017001152038574,0.0,0
2006-06-30,2.251873731613159,0.0,3.2950000762939453,0.0,3.2950000762939453,3.2950000762939453,3.2950000762939453,0.0,0
2006-07-03,2.2701218128204346,0.0,3.321700096130371,0.0,3.321700096130371,3.321700096130371,3.321700096130371,0.0,0
2006-07-05,2.254129648208618,0.0,3.29830002784729,0.0,3.29830002784729,3.29830002784729,3.29830002784729,0.0,0
2006-07-06,2.2598705291748047,0.0,3.3066999912261963,0.0,3.3066999912261963,3.3066999912261963,3.3066999912261963,0.0,0
2006-07-07,2.24504017829895,0.0,3.2850000858306885,0.0,3.2850000858306885,3.2850000858306885,3.2850000858306885,0.0,0
2006-07-10,2.2484569549560547,0.0,3.2899999618530273,0.0,3.2899999618530273,3.2899999618530273,3.2899999618530273,0.0,0
2006-07-11,2.2575466632843018,0.0,3.303299903869629,0.0,3.303299903869629,3.303299903869629,3.303299903869629,0.0,0
2006-07-12,2.2336266040802,0.0,3.2683000564575195,0.0,3.2683000564575195,3.2683000564575195,3.2683000564575195,0.0,0
2006-07-13,2.2040343284606934,0.0,3.2249999046325684,0.0,3.2249999046325684,3.2249999046325684,3.2249999046325684,0.0,0
2006-07-14,2.193783760070801,0.0,3.2100000381469727,0.0,3.2100000381469727,3.2100000381469727,3.2100000381469727,0.0,0
2006-07-17,2.190366268157959,0.0,3.2049999237060547,0.0,3.2049999237060547,3.2049999237060547,3.2049999237060547,0.0,0
2006-07-18,2.1949453353881836,0.0,3.211699962615967,0.0,3.211699962615967,3.211699962615967,3.211699962615967,0.0,0
2006-07-19,2.235950231552124,0.0,3.271699905395508,0.0,3.271699905395508,3.271699905395508,3.271699905395508,0.0,0
2006-07-20,2.2165415287017822,0.0,3.243299961090088,0.0,3.243299961090088,3.243299961090088,3.243299961090088,0.0,0
2006-07-21,2.20177960395813,0.0,3.2216999530792236,0.0,3.2216999530792236,3.2216999530792236,3.2216999530792236,0.0,0
2006-07-24,2.238205909729004,0.0,3.2750000953674316,0.0,3.2750000953674316,3.2750000953674316,3.2750000953674316,0.0,0
2006-07-25,2.251873731613159,0.0,3.2950000762939453,0.0,3.2950000762939453,3.2950000762939453,3.2950000762939453,0.0,0
2006-07-26,2.2507126331329346,0.0,3.293299913406372,0.0,3.293299913406372,3.293299913406372,3.293299913406372,0.0,0
2006-07-27,2.2427847385406494,0.0,3.2816998958587646,0.0,3.2816998958587646,3.2816998958587646,3.2816998958587646,0.0,0
2006-07-28,2.2701218128204346,0.0,3.321700096130371,0.0,3.321700096130371,3.321700096130371,3.321700096130371,0.0,0
2006-07-31,2.2667043209075928,0.0,3.316699981689453,0.0,3.316699981689453,3.316699981689453,3.316699981689453,0.0,0
2006-08-01,2.256453514099121,0.0,3.3017001152038574,0.0,3.3017001152038574,3.3017001152038574,3.3017001152038574,0.0,0
2006-08-02,2.2701218128204346,0.0,3.321700096130371,0.0,3.321700096130371,3.321700096130371,3.321700096130371,0.0,0
2006-08-03,2.2735390663146973,0.0,3.32669997215271,0.0,3.32669997215271,3.32669997215271,3.32669997215271,0.0,0
2006-08-04,2.2723772525787354,0.0,3.325000047683716,0.0,3.325000047683716,3.325000047683716,3.325000047683716,0.0,0
2006-08-07,2.265542984008789,0.0,3.315000057220459,0.0,3.315000057220459,3.315000057220459,3.315000057220459,0.0,0
2006-08-08,2.2587084770202637,0.0,3.305000066757202,0.0,3.305000066757202,3.305000066757202,3.305000066757202,0.0,0
2006-08-09,2.249619483947754,0.0,3.2916998863220215,0.0,3.2916998863220215,3.2916998863220215,3.2916998863220215,0.0,0
2006-08-10,2.2598705291748047,0.0,3.3066999912261963,0.0,3.3066999912261963,3.3066999912261963,3.3066999912261963,0.0,0
2006-08-11,2.251873731613159,0.0,3.2950000762939453,0.0,3.2950000762939453,3.2950000762939453,3.2950000762939453,0.0,0
2006-08-14,2.254129648208618,0.0,3.29830002784729,0.0,3.29830002784729,3.29830002784729,3.29830002784729,0.0,0
2006-08-15,2.284883975982666,0.0,3.3433001041412354,0.0,3.3433001041412354,3.3433001041412354,3.3433001041412354,0.0,0
2006-08-16,2.303131341934204,0.0,3.369999885559082,0.0,3.369999885559082,3.369999885559082,3.369999885559082,0.0,0
2006-08-17,2.3065483570098877,0.0,3.375,0.0,3.375,3.375,3.375,0.0,0
2006-08-18,2.3156378269195557,0.0,3.3882999420166016,0.0,3.3882999420166016,3.3882999420166016,3.3882999420166016,0.0,0
2006-08-21,2.3065483570098877,0.0,3.375,0.0,3.375,3.375,3.375,0.0,0
2006-08-22,2.3088037967681885,0.0,3.3782999515533447,0.0,3.3782999515533447,3.3782999515533447,3.3782999515533447,0.0,0
2006-08-23,2.2997138500213623,0.0,3.365000009536743,0.0,3.365000009536743,3.365000009536743,3.365000009536743,0.0,0
2006-08-24,2.304292678833008,0.0,3.3717000484466553,0.0,3.3717000484466553,3.3717000484466553,3.3717000484466553,0.0,0
2006-08-25,2.303131341934204,0.0,3.369999885559082,0.0,3.369999885559082,3.369999885559082,3.369999885559082,0.0,0
2006-08-28,2.3145439624786377,0.0,3.386699914932251,0.0,3.386699914932251,3.386699914932251,3.386699914932251,0.0,0
2006-08-29,2.3190548419952393,0.0,3.3933000564575195,0.0,3.3933000564575195,3.3933000564575195,3.3933000564575195,0.0,0
2006-08-30,2.320216178894043,0.0,3.3949999809265137,0.0,3.3949999809265137,3.3949999809265137,3.3949999809265137,0.0,0
2006-08-31,2.320216178894043,0.0,3.3949999809265137,0.0,3.3949999809265137,3.3949999809265137,3.3949999809265137,0.0,0
2006-09-01,2.3327229022979736,0.0,3.413300037384033,0.0,3.413300037384033,3.413300037384033,3.413300037384033,0.0,0
2006-09-05,2.3361403942108154,0.0,3.418299913406372,0.0,3.418299913406372,3.418299913406372,3.418299913406372,0.0,0
2006-09-06,2.3145439624786377,0.0,3.386699914932251,0.0,3.386699914932251,3.386699914932251,3.386699914932251,0.0,0
2006-09-07,2.303131341934204,0.0,3.369999885559082,0.0,3.369999885559082,3.369999885559082,3.369999885559082,0.0,0
2006-09-08,2.312220573425293,0.0,3.3833000659942627,0.0,3.3833000659942627,3.3833000659942627,3.3833000659942627,0.0,0
2006-09-11,2.313382148742676,0.0,3.384999990463257,0.0,3.384999990463257,3.384999990463257,3.384999990463257,0.0,0
2006-09-12,2.3373019695281982,0.0,3.4200000762939453,0.0,3.4200000762939453,3.4200000762939453,3.4200000762939453,0.0,0
2006-09-13,2.346391201019287,0.0,3.433300018310547,0.0,3.433300018310547,3.433300018310547,3.433300018310547,0.0,0
2006-09-14,2.3429744243621826,0.0,3.428299903869629,0.0,3.428299903869629,3.428299903869629,3.428299903869629,0.0,0
2006-09-15,2.34980845451355,0.0,3.4382998943328857,0.0,3.4382998943328857,3.4382998943328857,3.4382998943328857,0.0,0
2006-09-18,2.3521323204040527,0.0,3.441699981689453,0.0,3.441699981689453,3.441699981689453,3.441699981689453,0.0,0
2006-09-19,2.346391201019287,0.0,3.433300018310547,0.0,3.433300018310547,3.433300018310547,3.433300018310547,0.0,0
2006-09-20,2.358966112136841,0.0,3.45169997215271,0.0,3.45169997215271,3.45169997215271,3.45169997215271,0.0,0
2006-09-21,2.3475534915924072,0.0,3.434999942779541,0.0,3.434999942779541,3.434999942779541,3.434999942779541,0.0,0
2006-09-22,2.340718984603882,0.0,3.424999952316284,0.0,3.424999952316284,3.424999952316284,3.424999952316284,0.0,0
2006-09-25,2.3623833656311035,0.0,3.456700086593628,0.0,3.456700086593628,3.456700086593628,3.456700086593628,0.0,0
2006-09-26,2.379469156265259,0.0,3.4816999435424805,0.0,3.4816999435424805,3.4816999435424805,3.4816999435424805,0.0,0
2006-09-27,2.3805625438690186,0.0,3.483299970626831,0.0,3.483299970626831,3.483299970626831,3.483299970626831,0.0,0
2006-09-28,2.385140895843506,0.0,3.490000009536743,0.0,3.490000009536743,3.490000009536743,3.490000009536743,0.0,0
2006-09-29,2.379469156265259,0.0,3.4816999435424805,0.0,3.4816999435424805,3.4816999435424805,3.4816999435424805,0.0,0
2006-10-02,2.371473550796509,0.0,3.4700000286102295,0.0,3.4700000286102295,3.4700000286102295,3.4700000286102295,0.0,0
2006-10-03,2.376052141189575,0.0,3.4767000675201416,0.0,3.4767000675201416,3.4767000675201416,3.4767000675201416,0.0,0
2006-10-04,2.405644655227661,0.0,3.5199999809265137,0.0,3.5199999809265137,3.5199999809265137,3.5199999809265137,0.0,0
2006-10-05,2.4113166332244873,0.0,3.5283000469207764,0.0,3.5283000469207764,3.5283000469207764,3.5283000469207764,0.0,0
2006-10-06,2.404482126235962,0.0,3.5183000564575195,0.0,3.5183000564575195,3.5183000564575195,3.5183000564575195,0.0,0
2006-10-09,2.406805992126465,0.0,3.521699905395508,0.0,3.521699905395508,3.521699905395508,3.521699905395508,0.0,0
2006-10-10,2.4113166332244873,0.0,3.5283000469207764,0.0,3.5283000469207764,3.5283000469207764,3.5283000469207764,0.0,0
2006-10-11,2.405644655227661,0.0,3.5199999809265137,0.0,3.5199999809265137,3.5199999809265137,3.5199999809265137,0.0,0
2006-10-12,2.4284019470214844,0.0,3.553299903869629,0.0,3.553299903869629,3.553299903869629,3.553299903869629,0.0,0
2006-10-13,2.434142827987671,0.0,3.5617001056671143,0.0,3.5617001056671143,3.5617001056671143,3.5617001056671143,0.0,0
2006-10-16,2.4398155212402344,0.0,3.569999933242798,0.0,3.569999933242798,3.569999933242798,3.569999933242798,0.0,0
2006-10-17,2.430725574493408,0.0,3.5566999912261963,0.0,3.5566999912261963,3.5566999912261963,3.5566999912261963,0.0,0
2006-10-18,2.434142827987671,0.0,3.5617001056671143,0.0,3.5617001056671143,3.5617001056671143,3.5617001056671143,0.0,0
2006-10-19,2.4363982677459717,0.0,3.565000057220459,0.0,3.565000057220459,3.565000057220459,3.565000057220459,0.0,0
2006-10-20,2.4386539459228516,0.0,3.5683000087738037,0.0,3.5683000087738037,3.5683000087738037,3.5683000087738037,0.0,0
2006-10-23,2.4546456336975098,0.0,3.5917000770568848,0.0,3.5917000770568848,3.5917000770568848,3.5917000770568848,0.0,0
2006-10-24,2.4546456336975098,0.0,3.5917000770568848,0.0,3.5917000770568848,3.5917000770568848,3.5917000770568848,0.0,0
2006-10-25,2.4637348651885986,0.0,3.6050000190734863,0.0,3.6050000190734863,3.6050000190734863,3.6050000190734863,0.0,0
2006-10-26,2.4751479625701904,0.0,3.6217000484466553,0.0,3.6217000484466553,3.6217000484466553,3.6217000484466553,0.0,0
2006-10-27,2.4546456336975098,0.0,3.5917000770568848,0.0,3.5917000770568848,3.5917000770568848,3.5917000770568848,0.0,0
2006-10-30,2.4557387828826904,0.0,3.5933001041412354,0.0,3.5933001041412354,3.5933001041412354,3.5933001041412354,0.0,0
2006-10-31,2.4557387828826904,0.0,3.5933001041412354,0.0,3.5933001041412354,3.5933001041412354,3.5933001041412354,0.0,0
2006-11-01,2.4386539459228516,0.0,3.5683000087738037,0.0,3.5683000087738037,3.5683000087738037,3.5683000087738037,0.0,0
2006-11-02,2.4386539459228516,0.0,3.5683000087738037,0.0,3.5683000087738037,3.5683000087738037,3.5683000087738037,0.0,0
2006-11-03,2.432981014251709,0.0,3.559999942779541,0.0,3.559999942779541,3.559999942779541,3.559999942779541,0.0,0
2006-11-06,2.460318088531494,0.0,3.5999999046325684,0.0,3.5999999046325684,3.5999999046325684,3.5999999046325684,0.0,0
2006-11-07,2.4659905433654785,0.0,3.608299970626831,0.0,3.608299970626831,3.608299970626831,3.608299970626831,0.0,0
2006-11-08,2.471731185913086,0.0,3.6166999340057373,0.0,3.6166999340057373,3.6166999340057373,3.6166999340057373,0.0,0
2006-11-09,2.459156036376953,0.0,3.598299980163574,0.0,3.598299980163574,3.598299980163574,3.598299980163574,0.0,0
2006-11-10,2.4637348651885986,0.0,3.6050000190734863,0.0,3.6050000190734863,3.6050000190734863,3.6050000190734863,0.0,0
2006-11-13,2.470569133758545,0.0,3.615000009536743,0.0,3.615000009536743,3.615000009536743,3.615000009536743,0.0,0
2006-11-14,2.4853999614715576,0.0,3.636699914932251,0.0,3.636699914932251,3.636699914932251,3.636699914932251,0.0,0
2006-11-15,2.492233991622925,0.0,3.646699905395508,0.0,3.646699905395508,3.646699905395508,3.646699905395508,0.0,0
2006-11-16,2.497905969619751,0.0,3.6549999713897705,0.0,3.6549999713897705,3.6549999713897705,3.6549999713897705,0.0,0
2006-11-17,2.500161647796631,0.0,3.6582999229431152,0.0,3.6582999229431152,3.6582999229431152,3.6582999229431152,0.0,0
2006-11-20,2.500161647796631,0.0,3.6582999229431152,0.0,3.6582999229431152,3.6582999229431152,3.6582999229431152,0.0,0
2006-11-21,2.5035784244537354,0.0,3.663300037384033,0.0,3.663300037384033,3.663300037384033,3.663300037384033,0.0,0
2006-11-22,2.509319543838501,0.0,3.6717000007629395,0.0,3.6717000007629395,3.6717000007629395,3.6717000007629395,0.0,0
2006-11-24,2.500161647796631,0.0,3.6582999229431152,0.0,3.6582999229431152,3.6582999229431152,3.6582999229431152,0.0,0
2006-11-27,2.4671518802642822,0.0,3.609999895095825,0.0,3.609999895095825,3.609999895095825,3.609999895095825,0.0,0
2006-11-28,2.4762415885925293,0.0,3.623300075531006,0.0,3.623300075531006,3.623300075531006,3.623300075531006,0.0,0
2006-11-29,2.499067783355713,0.0,3.6566998958587646,0.0,3.6566998958587646,3.6566998958587646,3.6566998958587646,0.0,0
2006-11-30,2.5013232231140137,0.0,3.6600000858306885,0.0,3.6600000858306885,3.6600000858306885,3.6600000858306885,0.0,0
2006-12-01,2.4944887161254883,0.0,3.6500000953674316,0.0,3.6500000953674316,3.6500000953674316,3.6500000953674316,0.0,0
2006-12-04,2.516153573989868,0.0,3.6816999912261963,0.0,3.6816999912261963,3.6816999912261963,3.6816999912261963,0.0,0
2006-12-05,2.5264053344726562,0.0,3.696700096130371,0.0,3.696700096130371,3.696700096130371,3.696700096130371,0.0,0
2006-12-06,2.5240814685821533,0.0,3.6933000087738037,0.0,3.6933000087738037,3.6933000087738037,3.6933000087738037,0.0,0
2006-12-07,2.5138297080993652,0.0,3.678299903869629,0.0,3.678299903869629,3.678299903869629,3.678299903869629,0.0,0
2006-12-08,2.5184085369110107,0.0,3.684999942779541,0.0,3.684999942779541,3.684999942779541,3.684999942779541,0.0,0
2006-12-11,2.5240814685821533,0.0,3.6933000087738037,0.0,3.6933000087738037,3.6933000087738037,3.6933000087738037,0.0,0
2006-12-12,2.5218262672424316,0.0,3.690000057220459,0.0,3.690000057220459,3.690000057220459,3.690000057220459,0.0,0
2006-12-13,2.525242805480957,0.0,3.694999933242798,0.0,3.694999933242798,3.694999933242798,3.694999933242798,0.0,0
2006-12-14,2.5469071865081787,0.0,3.7267000675201416,0.0,3.7267000675201416,3.7267000675201416,3.7267000675201416,0.0,0
2006-12-15,2.5502431392669678,0.0,3.6700000762939453,0.0615,3.6700000762939453,3.6700000762939453,3.6700000762939453,0.0,0
2006-12-18,2.5421125888824463,0.0,3.6582999229431152,0.0,3.6582999229431152,3.6582999229431152,3.6582999229431152,0.0,0
2006-12-19,2.5479495525360107,0.0,3.6666998863220215,0.0,3.6666998863220215,3.6666998863220215,3.6666998863220215,0.0,0
2006-12-20,2.5444750785827637,0.0,3.6617000102996826,0.0,3.6617000102996826,3.6617000102996826,3.6617000102996826,0.0,0
2006-12-21,2.5363454818725586,0.0,3.6500000953674316,0.0,3.6500000953674316,3.6500000953674316,3.6500000953674316,0.0,0
2006-12-22,2.522447347640991,0.0,3.630000114440918,0.0,3.630000114440918,3.630000114440918,3.630000114440918,0.0,0
2006-12-26,2.5340521335601807,0.0,3.646699905395508,0.0,3.646699905395508,3.646699905395508,3.646699905395508,0.0,0
2006-12-27,2.551424026489258,0.0,3.6717000007629395,0.0,3.6717000007629395,3.6717000007629395,3.6717000007629395,0.0,0
2006-12-28,2.5479495525360107,0.0,3.6666998863220215,0.0,3.6666998863220215,3.6666998863220215,3.6666998863220215,0.0,0
2006-12-29,2.5363454818725586,0.0,3.6500000953674316,0.0,3.6500000953674316,3.6500000953674316,3.6500000953674316,0.0,0
2007-01-03,2.5351641178131104,0.0,3.6482999324798584,0.0,3.6482999324798584,3.6482999324798584,3.6482999324798584,0.0,0
2007-01-04,2.5375261306762695,0.0,3.651700019836426,0.0,3.651700019836426,3.651700019836426,3.651700019836426,0.0,0
2007-01-05,2.522447347640991,0.0,3.630000114440918,0.0,3.630000114440918,3.630000114440918,3.630000114440918,0.0,0
2007-01-08,2.5293962955474854,0.0,3.640000104904175,0.0,3.640000104904175,3.640000104904175,3.640000104904175,0.0,0
2007-01-09,2.528214931488037,0.0,3.6382999420166016,0.0,3.6382999420166016,3.6382999420166016,3.6382999420166016,0.0,0
2007-01-10,2.5328705310821533,0.0,3.6449999809265137,0.0,3.6449999809265137,3.6449999809265137,3.6449999809265137,0.0,0
2007-01-11,2.5490617752075195,0.0,3.668299913406372,0.0,3.668299913406372,3.668299913406372,3.668299913406372,0.0,0
2007-01-12,2.5618479251861572,0.0,3.6867001056671143,0.0,3.6867001056671143,3.6867001056671143,3.6867001056671143,0.0,0
2007-01-16,2.562959671020508,0.0,3.6882998943328857,0.0,3.6882998943328857,3.6882998943328857,3.6882998943328857,0.0,0
2007-01-17,2.560666084289551,0.0,3.684999942779541,0.0,3.684999942779541,3.684999942779541,3.684999942779541,0.0,0
2007-01-18,2.5537173748016357,0.0,3.674999952316284,0.0,3.674999952316284,3.674999952316284,3.674999952316284,0.0,0
2007-01-19,2.560666084289551,0.0,3.684999942779541,0.0,3.684999942779541,3.684999942779541,3.684999942779541,0.0,0
2007-01-22,2.5479495525360107,0.0,3.6666998863220215,0.0,3.6666998863220215,3.6666998863220215,3.6666998863220215,0.0,0
2007-01-23,2.5560102462768555,0.0,3.678299903869629,0.0,3.678299903869629,3.678299903869629,3.678299903869629,0.0,0
2007-01-24,2.5780386924743652,0.0,3.7100000381469727,0.0,3.7100000381469727,3.7100000381469727,3.7100000381469727,0.0,0
2007-01-25,2.5490617752075195,0.0,3.668299913406372,0.0,3.668299913406372,3.668299913406372,3.668299913406372,0.0,0
2007-01-26,2.5455873012542725,0.0,3.663300037384033,0.0,3.663300037384033,3.663300037384033,3.663300037384033,0.0,0
2007-01-29,2.5432941913604736,0.0,3.6600000858306885,0.0,3.6600000858306885,3.6600000858306885,3.6600000858306885,0.0,0
2007-01-30,2.558372974395752,0.0,3.6816999912261963,0.0,3.6816999912261963,3.6816999912261963,3.6816999912261963,0.0,0
2007-01-31,2.574563980102539,0.0,3.7049999237060547,0.0,3.7049999237060547,3.7049999237060547,3.7049999237060547,0.0,0
2007-02-01,2.5896434783935547,0.0,3.7267000675201416,0.0,3.7267000675201416,3.7267000675201416,3.7267000675201416,0.0,0
2007-02-02,2.594229221343994,0.0,3.733299970626831,0.0,3.733299970626831,3.733299970626831,3.733299970626831,0.0,0
2007-02-05,2.591935634613037,0.0,3.7300000190734863,0.0,3.7300000190734863,3.7300000190734863,3.7300000190734863,0.0,0
2007-02-06,2.5931174755096436,0.0,3.7316999435424805,0.0,3.7316999435424805,3.7316999435424805,3.7316999435424805,0.0,0
2007-02-07,2.597703695297241,0.0,3.738300085067749,0.0,3.738300085067749,3.738300085067749,3.738300085067749,0.0,0
2007-02-08,2.594229221343994,0.0,3.733299970626831,0.0,3.733299970626831,3.733299970626831,3.733299970626831,0.0,0
2007-02-09,2.576857328414917,0.0,3.7083001136779785,0.0,3.7083001136779785,3.7083001136779785,3.7083001136779785,0.0,0
2007-02-12,2.5687966346740723,0.0,3.696700096130371,0.0,3.696700096130371,3.696700096130371,3.696700096130371,0.0,0
2007-02-13,2.5884618759155273,0.0,3.7249999046325684,0.0,3.7249999046325684,3.7249999046325684,3.7249999046325684,0.0,0
2007-02-14,2.6093082427978516,0.0,3.755000114440918,0.0,3.755000114440918,3.755000114440918,3.755000114440918,0.0,0
2007-02-15,2.6116013526916504,0.0,3.7583000659942627,0.0,3.7583000659942627,3.7583000659942627,3.7583000659942627,0.0,0
2007-02-16,2.6093082427978516,0.0,3.755000114440918,0.0,3.755000114440918,3.755000114440918,3.755000114440918,0.0,0
2007-02-20,2.617438793182373,0.0,3.766700029373169,0.0,3.766700029373169,3.766700029373169,3.766700029373169,0.0,0
2007-02-21,2.613964080810547,0.0,3.761699914932251,0.0,3.761699914932251,3.761699914932251,3.761699914932251,0.0,0
2007-02-22,2.6116013526916504,0.0,3.7583000659942627,0.0,3.7583000659942627,3.7583000659942627,3.7583000659942627,0.0,0
2007-02-23,2.6023600101470947,0.0,3.744999885559082,0.0,3.744999885559082,3.744999885559082,3.744999885559082,0.0,0
2007-02-26,2.6000664234161377,0.0,3.7416999340057373,0.0,3.7416999340057373,3.7416999340057373,3.7416999340057373,0.0,0
2007-02-27,2.510842800140381,0.0,3.613300085067749,0.0,3.613300085067749,3.613300085067749,3.613300085067749,0.0,0
2007-02-28,2.52474045753479,0.0,3.6333000659942627,0.0,3.6333000659942627,3.6333000659942627,3.6333000659942627,0.0,0
2007-03-01,2.518972873687744,0.0,3.625,0.0,3.625,3.625,3.625,0.0,0
2007-03-02,2.4899961948394775,0.0,3.5833001136779785,0.0,3.5833001136779785,3.5833001136779785,3.5833001136779785,0.0,0
2007-03-05,2.4668564796447754,0.0,3.549999952316284,0.0,3.549999952316284,3.549999952316284,3.549999952316284,0.0,0
2007-03-06,2.505075693130493,0.0,3.6050000190734863,0.0,3.6050000190734863,3.6050000190734863,3.6050000190734863,0.0,0
2007-03-07,2.499307632446289,0.0,3.5966999530792236,0.0,3.5966999530792236,3.5966999530792236,3.5966999530792236,0.0,0
2007-03-08,2.517791509628296,0.0,3.623300075531006,0.0,3.623300075531006,3.623300075531006,3.623300075531006,0.0,0
2007-03-09,2.518972873687744,0.0,3.625,0.0,3.625,3.625,3.625,0.0,0
2007-03-12,2.5259218215942383,0.0,3.634999990463257,0.0,3.634999990463257,3.634999990463257,3.634999990463257,0.0,0
2007-03-13,2.4749863147735596,0.0,3.5617001056671143,0.0,3.5617001056671143,3.5617001056671143,3.5617001056671143,0.0,0
2007-03-14,2.492358684539795,0.0,3.586699962615967,0.0,3.586699962615967,3.586699962615967,3.586699962615967,0.0,0
2007-03-15,2.501600503921509,0.0,3.5999999046325684,0.0,3.5999999046325684,3.5999999046325684,3.5999999046325684,0.0,0
2007-03-16,2.491178035736084,0.0,3.5850000381469727,0.0,3.5850000381469727,3.5850000381469727,3.5850000381469727,0.0,0
2007-03-19,2.518972873687744,0.0,3.625,0.0,3.625,3.625,3.625,0.0,0
2007-03-20,2.5351641178131104,0.0,3.6482999324798584,0.0,3.6482999324798584,3.6482999324798584,3.6482999324798584,0.0,0
2007-03-21,2.5780386924743652,0.0,3.7100000381469727,0.0,3.7100000381469727,3.7100000381469727,3.7100000381469727,0.0,0
2007-03-22,2.576857328414917,0.0,3.7083001136779785,0.0,3.7083001136779785,3.7083001136779785,3.7083001136779785,0.0,0
2007-03-23,2.5792200565338135,0.0,3.711699962615967,0.0,3.711699962615967,3.711699962615967,3.711699962615967,0.0,0
2007-03-26,2.581512928009033,0.0,3.7149999141693115,0.0,3.7149999141693115,3.7149999141693115,3.7149999141693115,0.0,0
2007-03-27,2.5664331912994385,0.0,3.6933000087738037,0.0,3.6933000087738037,3.6933000087738037,3.6933000087738037,0.0,0
2007-03-28,2.5467686653137207,0.0,3.6649999618530273,0.0,3.6649999618530273,3.6649999618530273,3.6649999618530273,0.0,0
2007-03-29,2.5560102462768555,0.0,3.678299903869629,0.0,3.678299903869629,3.678299903869629,3.678299903869629,0.0,0
2007-03-30,2.5525364875793457,0.0,3.67330002784729,0.0,3.67330002784729,3.67330002784729,3.67330002784729,0.0,0
2007-04-02,2.5594847202301025,0.0,3.683300018310547,0.0,3.683300018310547,3.683300018310547,3.683300018310547,0.0,0
2007-04-03,2.583806276321411,0.0,3.7183001041412354,0.0,3.7183001041412354,3.7183001041412354,3.7183001041412354,0.0,0
2007-04-04,2.5861682891845703,0.0,3.7216999530792236,0.0,3.7216999530792236,3.7216999530792236,3.7216999530792236,0.0,0
2007-04-05,2.5954108238220215,0.0,3.734999895095825,0.0,3.734999895095825,3.734999895095825,3.734999895095825,0.0,0
2007-04-09,2.5965921878814697,0.0,3.7367000579833984,0.0,3.7367000579833984,3.7367000579833984,3.7367000579833984,0.0,0
2007-04-10,2.603541135787964,0.0,3.7467000484466553,0.0,3.7467000484466553,3.7467000484466553,3.7467000484466553,0.0,0
2007-04-11,2.5861682891845703,0.0,3.7216999530792236,0.0,3.7216999530792236,3.7216999530792236,3.7216999530792236,0.0,0
2007-04-12,2.6023600101470947,0.0,3.744999885559082,0.0,3.744999885559082,3.744999885559082,3.744999885559082,0.0,0
2007-04-13,2.6116013526916504,0.0,3.7583000659942627,0.0,3.7583000659942627,3.7583000659942627,3.7583000659942627,0.0,0
2007-04-16,2.639397144317627,0.0,3.79830002784729,0.0,3.79830002784729,3.79830002784729,3.79830002784729,0.0,0
2007-04-17,2.6452341079711914,0.0,3.8066999912261963,0.0,3.8066999912261963,3.8066999912261963,3.8066999912261963,0.0,0
2007-04-18,2.6475272178649902,0.0,3.809999942779541,0.0,3.809999942779541,3.809999942779541,3.809999942779541,0.0,0
2007-04-19,2.6440529823303223,0.0,3.805000066757202,0.0,3.805000066757202,3.805000066757202,3.805000066757202,0.0,0
2007-04-20,2.6683738231658936,0.0,3.8399999141693115,0.0,3.8399999141693115,3.8399999141693115,3.8399999141693115,0.0,0
2007-04-23,2.662606716156006,0.0,3.831700086593628,0.0,3.831700086593628,3.831700086593628,3.831700086593628,0.0,0
2007-04-24,2.6614253520965576,0.0,3.8299999237060547,0.0,3.8299999237060547,3.8299999237060547,3.8299999237060547,0.0,0
2007-04-25,2.688039541244507,0.0,3.868299961090088,0.0,3.868299961090088,3.868299961090088,3.868299961090088,0.0,0
2007-04-26,2.6869280338287354,0.0,3.8666999340057373,0.0,3.8666999340057373,3.8666999340057373,3.8666999340057373,0.0,0
2007-04-27,2.6869280338287354,0.0,3.8666999340057373,0.0,3.8666999340057373,3.8666999340057373,3.8666999340057373,0.0,0
2007-04-30,2.6660807132720947,0.0,3.836699962615967,0.0,3.836699962615967,3.836699962615967,3.836699962615967,0.0,0
2007-05-01,2.673029661178589,0.0,3.8466999530792236,0.0,3.8466999530792236,3.8466999530792236,3.8466999530792236,0.0,0
2007-05-02,2.690402030944824,0.0,3.8717000484466553,0.0,3.8717000484466553,3.8717000484466553,3.8717000484466553,0.0,0
2007-05-03,2.7031188011169434,0.0,3.890000104904175,0.0,3.890000104904175,3.890000104904175,3.890000104904175,0.0,0
2007-05-04,2.70888614654541,0.0,3.8982999324798584,0.0,3.8982999324798584,3.8982999324798584,3.8982999324798584,0.0,0
2007-05-07,2.715834379196167,0.0,3.9082999229431152,0.0,3.9082999229431152,3.9082999229431152,3.9082999229431152,0.0,0
2007-05-08,2.7123606204986572,0.0,3.9033000469207764,0.0,3.9033000469207764,3.9033000469207764,3.9033000469207764,0.0,0
2007-05-09,2.721672296524048,0.0,3.9166998863220215,0.0,3.9166998863220215,3.9166998863220215,3.9166998863220215,0.0,0
2007-05-10,2.6845650672912598,0.0,3.863300085067749,0.0,3.863300085067749,3.863300085067749,3.863300085067749,0.0,0
2007-05-11,2.7112486362457275,0.0,3.901700019836426,0.0,3.901700019836426,3.901700019836426,3.901700019836426,0.0,0
2007-05-14,2.7065932750701904,0.0,3.8949999809265137,0.0,3.8949999809265137,3.8949999809265137,3.8949999809265137,0.0,0
2007-05-15,2.7031188011169434,0.0,3.890000104904175,0.0,3.890000104904175,3.890000104904175,3.890000104904175,0.0,0
2007-05-16,2.727440118789673,0.0,3.924999952316284,0.0,3.924999952316284,3.924999952316284,3.924999952316284,0.0,0
2007-05-17,2.725146532058716,0.0,3.9217000007629395,0.0,3.9217000007629395,3.9217000007629395,3.9217000007629395,0.0,0
2007-05-18,2.7425193786621094,0.0,3.946700096130371,0.0,3.946700096130371,3.946700096130371,3.946700096130371,0.0,0
2007-05-21,2.747105360031128,0.0,3.9532999992370605,0.0,3.9532999992370605,3.9532999992370605,3.9532999992370605,0.0,0
2007-05-22,2.7448127269744873,0.0,3.950000047683716,0.0,3.950000047683716,3.950000047683716,3.950000047683716,0.0,0
2007-05-23,2.741337537765503,0.0,3.944999933242798,0.0,3.944999933242798,3.944999933242798,3.944999933242798,0.0,0
2007-05-24,2.715834379196167,0.0,3.9082999229431152,0.0,3.9082999229431152,3.9082999229431152,3.9082999229431152,0.0,0
2007-05-25,2.730914354324341,0.0,3.930000066757202,0.0,3.930000066757202,3.930000066757202,3.930000066757202,0.0,0
2007-05-29,2.735569477081299,0.0,3.9367001056671143,0.0,3.9367001056671143,3.9367001056671143,3.9367001056671143,0.0,0
2007-05-30,2.75752854347229,0.0,3.9683001041412354,0.0,3.9683001041412354,3.9683001041412354,3.9683001041412354,0.0,0
2007-05-31,2.758709669113159,0.0,3.9700000286102295,0.0,3.9700000286102295,3.9700000286102295,3.9700000286102295,0.0,0
2007-06-01,2.7691328525543213,0.0,3.984999895095825,0.0,3.984999895095825,3.984999895095825,3.984999895095825,0.0,0
2007-06-04,2.7737882137298584,0.0,3.9916999340057373,0.0,3.9916999340057373,3.9916999340057373,3.9916999340057373,0.0,0
2007-06-05,2.758709669113159,0.0,3.9700000286102295,0.0,3.9700000286102295,3.9700000286102295,3.9700000286102295,0.0,0
2007-06-06,2.735569477081299,0.0,3.9367001056671143,0.0,3.9367001056671143,3.9367001056671143,3.9367001056671143,0.0,0
2007-06-07,2.688039541244507,0.0,3.868299961090088,0.0,3.868299961090088,3.868299961090088,3.868299961090088,0.0,0
2007-06-08,2.7181975841522217,0.0,3.9117000102996826,0.0,3.9117000102996826,3.9117000102996826,3.9117000102996826,0.0,0
2007-06-11,2.721672296524048,0.0,3.9166998863220215,0.0,3.9166998863220215,3.9166998863220215,3.9166998863220215,0.0,0
2007-06-12,2.692695379257202,0.0,3.875,0.0,3.875,3.875,3.875,0.0,0
2007-06-13,2.7332074642181396,0.0,3.933300018310547,0.0,3.933300018310547,3.933300018310547,3.933300018310547,0.0,0
2007-06-14,2.747105360031128,0.0,3.9532999992370605,0.0,3.9532999992370605,3.9532999992370605,3.9532999992370605,0.0,0
2007-06-15,2.764477491378784,0.0,3.978300094604492,0.0,3.978300094604492,3.978300094604492,3.978300094604492,0.0,0
2007-06-18,2.761003017425537,0.0,3.973299980163574,0.0,3.973299980163574,3.973299980163574,3.973299980163574,0.0,0
2007-06-19,2.7656588554382324,0.0,3.9800000190734863,0.0,3.9800000190734863,3.9800000190734863,3.9800000190734863,0.0,0
2007-06-20,2.728621006011963,0.0,3.9267001152038574,0.0,3.9267001152038574,3.9267001152038574,3.9267001152038574,0.0,0
2007-06-21,2.745993137359619,0.0,3.95169997215271,0.0,3.95169997215271,3.95169997215271,3.95169997215271,0.0,0
2007-06-22,2.7100675106048584,0.0,3.9000000953674316,0.0,3.9000000953674316,3.9000000953674316,3.9000000953674316,0.0,0
2007-06-25,2.701936960220337,0.0,3.8882999420166016,0.0,3.8882999420166016,3.8882999420166016,3.8882999420166016,0.0,0
2007-06-26,2.6938769817352295,0.0,3.876699924468994,0.0,3.876699924468994,3.876699924468994,3.876699924468994,0.0,0
2007-06-27,2.7181975841522217,0.0,3.9117000102996826,0.0,3.9117000102996826,3.9117000102996826,3.9117000102996826,0.0,0
2007-06-28,2.7170162200927734,0.0,3.9100000858306885,0.0,3.9100000858306885,3.9100000858306885,3.9100000858306885,0.0,0
2007-06-29,2.7123606204986572,0.0,3.9033000469207764,0.0,3.9033000469207764,3.9033000469207764,3.9033000469207764,0.0,0
2007-07-02,2.741337537765503,0.0,3.944999933242798,0.0,3.944999933242798,3.944999933242798,3.944999933242798,0.0,0
2007-07-03,2.751760482788086,0.0,3.9600000381469727,0.0,3.9600000381469727,3.9600000381469727,3.9600000381469727,0.0,0
2007-07-05,2.7529420852661133,0.0,3.961699962615967,0.0,3.961699962615967,3.961699962615967,3.961699962615967,0.0,0
2007-07-06,2.7621841430664062,0.0,3.9749999046325684,0.0,3.9749999046325684,3.9749999046325684,3.9749999046325684,0.0,0
2007-07-09,2.764477491378784,0.0,3.978300094604492,0.0,3.978300094604492,3.978300094604492,3.978300094604492,0.0,0
2007-07-10,2.7262585163116455,0.0,3.92330002784729,0.0,3.92330002784729,3.92330002784729,3.92330002784729,0.0,0
2007-07-11,2.7425193786621094,0.0,3.946700096130371,0.0,3.946700096130371,3.946700096130371,3.946700096130371,0.0,0
2007-07-12,2.7946360111236572,0.0,4.021699905395508,0.0,4.021699905395508,4.021699905395508,4.021699905395508,0.0,0
2007-07-13,2.8026959896087646,0.0,4.033299922943115,0.0,4.033299922943115,4.033299922943115,4.033299922943115,0.0,0
2007-07-16,2.798110008239746,0.0,4.026700019836426,0.0,4.026700019836426,4.026700019836426,4.026700019836426,0.0,0
2007-07-17,2.798110008239746,0.0,4.026700019836426,0.0,4.026700019836426,4.026700019836426,4.026700019836426,0.0,0
2007-07-18,2.7922728061676025,0.0,4.0183000564575195,0.0,4.0183000564575195,4.0183000564575195,4.0183000564575195,0.0,0
2007-07-19,2.805058479309082,0.0,4.0366997718811035,0.0,4.0366997718811035,4.0366997718811035,4.0366997718811035,0.0,0
2007-07-20,2.7703146934509277,0.0,3.9867000579833984,0.0,3.9867000579833984,3.9867000579833984,3.9867000579833984,0.0,0
2007-07-23,2.784212350845337,0.0,4.006700038909912,0.0,4.006700038909912,4.006700038909912,4.006700038909912,0.0,0
2007-07-24,2.7297329902648926,0.0,3.928299903869629,0.0,3.928299903869629,3.928299903869629,3.928299903869629,0.0,0
2007-07-25,2.7425193786621094,0.0,3.946700096130371,0.0,3.946700096130371,3.946700096130371,3.946700096130371,0.0,0
2007-07-26,2.678797483444214,0.0,3.8550000190734863,0.0,3.8550000190734863,3.8550000190734863,3.8550000190734863,0.0,0
2007-07-27,2.637104034423828,0.0,3.7950000762939453,0.0,3.7950000762939453,3.7950000762939453,3.7950000762939453,0.0,0
2007-07-30,2.6637182235717773,0.0,3.8333001136779785,0.0,3.8333001136779785,3.8333001136779785,3.8333001136779785,0.0,0
2007-07-31,2.630155324935913,0.0,3.7850000858306885,0.0,3.7850000858306885,3.7850000858306885,3.7850000858306885,0.0,0
2007-08-01,2.649820566177368,0.0,3.8132998943328857,0.0,3.8132998943328857,3.8132998943328857,3.8132998943328857,0.0,0
2007-08-02,2.662606716156006,0.0,3.831700086593628,0.0,3.831700086593628,3.831700086593628,3.831700086593628,0.0,0
2007-08-03,2.591935634613037,0.0,3.7300000190734863,0.0,3.7300000190734863,3.7300000190734863,3.7300000190734863,0.0,0
2007-08-06,2.6544759273529053,0.0,3.819999933242798,0.0,3.819999933242798,3.819999933242798,3.819999933242798,0.0,0
2007-08-07,2.6706671714782715,0.0,3.8433001041412354,0.0,3.8433001041412354,3.8433001041412354,3.8433001041412354,0.0,0
2007-08-08,2.70888614654541,0.0,3.8982999324798584,0.0,3.8982999324798584,3.8982999324798584,3.8982999324798584,0.0,0
2007-08-09,2.627861976623535,0.0,3.7816998958587646,0.0,3.7816998958587646,3.7816998958587646,3.7816998958587646,0.0,0
2007-08-10,2.628973960876465,0.0,3.7832999229431152,0.0,3.7832999229431152,3.7832999229431152,3.7832999229431152,0.0,0
2007-08-13,2.628973960876465,0.0,3.7832999229431152,0.0,3.7832999229431152,3.7832999229431152,3.7832999229431152,0.0,0
2007-08-14,2.581512928009033,0.0,3.7149999141693115,0.0,3.7149999141693115,3.7149999141693115,3.7149999141693115,0.0,0
2007-08-15,2.5479495525360107,0.0,3.6666998863220215,0.0,3.6666998863220215,3.6666998863220215,3.6666998863220215,0.0,0
2007-08-16,2.5560102462768555,0.0,3.678299903869629,0.0,3.678299903869629,3.678299903869629,3.678299903869629,0.0,0
2007-08-17,2.6185503005981445,0.0,3.7683000564575195,0.0,3.7683000564575195,3.7683000564575195,3.7683000564575195,0.0,0
2007-08-20,2.617438793182373,0.0,3.766700029373169,0.0,3.766700029373169,3.766700029373169,3.766700029373169,0.0,0
2007-08-21,2.6197316646575928,0.0,3.7699999809265137,0.0,3.7699999809265137,3.7699999809265137,3.7699999809265137,0.0,0
2007-08-22,2.6510021686553955,0.0,3.815000057220459,0.0,3.815000057220459,3.815000057220459,3.815000057220459,0.0,0
2007-08-23,2.6475272178649902,0.0,3.809999942779541,0.0,3.809999942779541,3.809999942779541,3.809999942779541,0.0,0
2007-08-24,2.678797483444214,0.0,3.8550000190734863,0.0,3.8550000190734863,3.8550000190734863,3.8550000190734863,0.0,0
2007-08-27,2.6567699909210205,0.0,3.8232998847961426,0.0,3.8232998847961426,3.8232998847961426,3.8232998847961426,0.0,0
2007-08-28,2.594229221343994,0.0,3.733299970626831,0.0,3.733299970626831,3.733299970626831,3.733299970626831,0.0,0
2007-08-29,2.6521835327148438,0.0,3.816699981689453,0.0,3.816699981689453,3.816699981689453,3.816699981689453,0.0,0
2007-08-30,2.640578269958496,0.0,3.799999952316284,0.0,3.799999952316284,3.799999952316284,3.799999952316284,0.0,0
2007-08-31,2.6706671714782715,0.0,3.8433001041412354,0.0,3.8433001041412354,3.8433001041412354,3.8433001041412354,0.0,0
2007-09-04,2.6984634399414062,0.0,3.8833000659942627,0.0,3.8833000659942627,3.8833000659942627,3.8833000659942627,0.0,0
2007-09-05,2.6683738231658936,0.0,3.8399999141693115,0.0,3.8399999141693115,3.8399999141693115,3.8399999141693115,0.0,0
2007-09-06,2.679979085922241,0.0,3.8566999435424805,0.0,3.8566999435424805,3.8566999435424805,3.8566999435424805,0.0,0
2007-09-07,2.6348111629486084,0.0,3.7916998863220215,0.0,3.7916998863220215,3.7916998863220215,3.7916998863220215,0.0,0
2007-09-10,2.632448434829712,0.0,3.788300037384033,0.0,3.788300037384033,3.788300037384033,3.788300037384033,0.0,0
2007-09-11,2.6683738231658936,0.0,3.8399999141693115,0.0,3.8399999141693115,3.8399999141693115,3.8399999141693115,0.0,0
2007-09-12,2.6683738231658936,0.0,3.8399999141693115,0.0,3.8399999141693115,3.8399999141693115,3.8399999141693115,0.0,0
2007-09-13,2.691514015197754,0.0,3.873300075531006,0.0,3.873300075531006,3.873300075531006,3.873300075531006,0.0,0
2007-09-14,2.691514015197754,0.0,3.873300075531006,0.0,3.873300075531006,3.873300075531006,3.873300075531006,0.0,0
2007-09-17,2.6776161193847656,0.0,3.853300094604492,0.0,3.853300094604492,3.853300094604492,3.853300094604492,0.0,0
2007-09-18,2.755235195159912,0.0,3.9649999141693115,0.0,3.9649999141693115,3.9649999141693115,3.9649999141693115,0.0,0
2007-09-19,2.7726080417633057,0.0,3.990000009536743,0.0,3.990000009536743,3.990000009536743,3.990000009536743,0.0,0
2007-09-20,2.754053831100464,0.0,3.9632999897003174,0.0,3.9632999897003174,3.9632999897003174,3.9632999897003174,0.0,0
2007-09-21,2.7668395042419434,0.0,3.9816999435424805,0.0,3.9816999435424805,3.9816999435424805,3.9816999435424805,0.0,0
2007-09-24,2.751760482788086,0.0,3.9600000381469727,0.0,3.9600000381469727,3.9600000381469727,3.9600000381469727,0.0,0
2007-09-25,2.751760482788086,0.0,3.9600000381469727,0.0,3.9600000381469727,3.9600000381469727,3.9600000381469727,0.0,0
2007-09-26,2.7668395042419434,0.0,3.9816999435424805,0.0,3.9816999435424805,3.9816999435424805,3.9816999435424805,0.0,0
2007-09-27,2.7772634029388428,0.0,3.9967000484466553,0.0,3.9967000484466553,3.9967000484466553,3.9967000484466553,0.0,0
2007-09-28,2.7691328525543213,0.0,3.984999895095825,0.0,3.984999895095825,3.984999895095825,3.984999895095825,0.0,0
2007-10-01,2.805058479309082,0.0,4.0366997718811035,0.0,4.0366997718811035,4.0366997718811035,4.0366997718811035,0.0,0
2007-10-02,2.805058479309082,0.0,4.0366997718811035,0.0,4.0366997718811035,4.0366997718811035,4.0366997718811035,0.0,0
2007-10-03,2.7922728061676025,0.0,4.0183000564575195,0.0,4.0183000564575195,4.0183000564575195,4.0183000564575195,0.0,0
2007-10-04,2.798110008239746,0.0,4.026700019836426,0.0,4.026700019836426,4.026700019836426,4.026700019836426,0.0,0
2007-10-05,2.8259055614471436,0.0,4.066699981689453,0.0,4.066699981689453,4.066699981689453,4.066699981689453,0.0,0
2007-10-08,2.816594123840332,0.0,4.053299903869629,0.0,4.053299903869629,4.053299903869629,4.053299903869629,0.0,0
2007-10-09,2.839803457260132,0.0,4.086699962615967,0.0,4.086699962615967,4.086699962615967,4.086699962615967,0.0,0
2007-10-10,2.8339662551879883,0.0,4.0782999992370605,0.0,4.0782999992370605,4.0782999992370605,4.0782999992370605,0.0,0
2007-10-11,2.820068597793579,0.0,4.058300018310547,0.0,4.058300018310547,4.058300018310547,4.058300018310547,0.0,0
2007-10-12,2.8339662551879883,0.0,4.0782999992370605,0.0,4.0782999992370605,4.0782999992370605,4.0782999992370605,0.0,0
2007-10-15,2.809645414352417,0.0,4.043300151824951,0.0,4.043300151824951,4.043300151824951,4.043300151824951,0.0,0
2007-10-16,2.7922728061676025,0.0,4.0183000564575195,0.0,4.0183000564575195,4.0183000564575195,4.0183000564575195,0.0,0
2007-10-17,2.796928644180298,0.0,4.025000095367432,0.0,4.025000095367432,4.025000095367432,4.025000095367432,0.0,0
2007-10-18,2.7946360111236572,0.0,4.021699905395508,0.0,4.021699905395508,4.021699905395508,4.021699905395508,0.0,0
2007-10-19,2.7239649295806885,0.0,3.9200000762939453,0.0,3.9200000762939453,3.9200000762939453,3.9200000762939453,0.0,0
2007-10-22,2.734388828277588,0.0,3.934999942779541,0.0,3.934999942779541,3.934999942779541,3.934999942779541,0.0,0
2007-10-23,2.75752854347229,0.0,3.9683001041412354,0.0,3.9683001041412354,3.9683001041412354,3.9683001041412354,0.0,0
2007-10-24,2.750580310821533,0.0,3.9583001136779785,0.0,3.9583001136779785,3.9583001136779785,3.9583001136779785,0.0,0
2007-10-25,2.748286724090576,0.0,3.9549999237060547,0.0,3.9549999237060547,3.9549999237060547,3.9549999237060547,0.0,0
2007-10-26,2.7853236198425293,0.0,4.008299827575684,0.0,4.008299827575684,4.008299827575684,4.008299827575684,0.0,0
2007-10-29,2.795747995376587,0.0,4.0233001708984375,0.0,4.0233001708984375,4.0233001708984375,4.0233001708984375,0.0,0
2007-10-30,2.7783751487731934,0.0,3.998300075531006,0.0,3.998300075531006,3.998300075531006,3.998300075531006,0.0,0
2007-10-31,2.8120076656341553,0.0,4.0467000007629395,0.0,4.0467000007629395,4.0467000007629395,4.0467000007629395,0.0,0
2007-11-01,2.737863540649414,0.0,3.940000057220459,0.0,3.940000057220459,3.940000057220459,3.940000057220459,0.0,0
2007-11-02,2.740156412124634,0.0,3.9433000087738037,0.0,3.9433000087738037,3.9433000087738037,3.9433000087738037,0.0,0
2007-11-05,2.727440118789673,0.0,3.924999952316284,0.0,3.924999952316284,3.924999952316284,3.924999952316284,0.0,0
2007-11-06,2.759890556335449,0.0,3.9716999530792236,0.0,3.9716999530792236,3.9716999530792236,3.9716999530792236,0.0,0
2007-11-07,2.679979085922241,0.0,3.8566999435424805,0.0,3.8566999435424805,3.8566999435424805,3.8566999435424805,0.0,0
2007-11-08,2.678797483444214,0.0,3.8550000190734863,0.0,3.8550000190734863,3.8550000190734863,3.8550000190734863,0.0,0
2007-11-09,2.640578269958496,0.0,3.799999952316284,0.0,3.799999952316284,3.799999952316284,3.799999952316284,0.0,0
2007-11-12,2.6150763034820557,0.0,3.7632999420166016,0.0,3.7632999420166016,3.7632999420166016,3.7632999420166016,0.0,0
2007-11-13,2.691514015197754,0.0,3.873300075531006,0.0,3.873300075531006,3.873300075531006,3.873300075531006,0.0,0
2007-11-14,2.6741414070129395,0.0,3.848299980163574,0.0,3.848299980163574,3.848299980163574,3.848299980163574,0.0,0
2007-11-15,2.6382856369018555,0.0,3.7967000007629395,0.0,3.7967000007629395,3.7967000007629395,3.7967000007629395,0.0,0
2007-11-16,2.6532950401306152,0.0,3.8183000087738037,0.0,3.8183000087738037,3.8183000087738037,3.8183000087738037,0.0,0
2007-11-19,2.607015371322632,0.0,3.751699924468994,0.0,3.751699924468994,3.751699924468994,3.751699924468994,0.0,0
2007-11-20,2.6185503005981445,0.0,3.7683000564575195,0.0,3.7683000564575195,3.7683000564575195,3.7683000564575195,0.0,0
2007-11-21,2.576857328414917,0.0,3.7083001136779785,0.0,3.7083001136779785,3.7083001136779785,3.7083001136779785,0.0,0
2007-11-23,2.620913505554199,0.0,3.771699905395508,0.0,3.771699905395508,3.771699905395508,3.771699905395508,0.0,0
2007-11-26,2.560666084289551,0.0,3.684999942779541,0.0,3.684999942779541,3.684999942779541,3.684999942779541,0.0,0
2007-11-27,2.5988852977752686,0.0,3.740000009536743,0.0,3.740000009536743,3.740000009536743,3.740000009536743,0.0,0
2007-11-28,2.673029661178589,0.0,3.8466999530792236,0.0,3.8466999530792236,3.8466999530792236,3.8466999530792236,0.0,0
2007-11-29,2.675323247909546,0.0,3.8499999046325684,0.0,3.8499999046325684,3.8499999046325684,3.8499999046325684,0.0,0
2007-11-30,2.69498872756958,0.0,3.8782999515533447,0.0,3.8782999515533447,3.8782999515533447,3.8782999515533447,0.0,0
2007-12-03,2.679979085922241,0.0,3.8566999435424805,0.0,3.8566999435424805,3.8566999435424805,3.8566999435424805,0.0,0
2007-12-04,2.662606716156006,0.0,3.831700086593628,0.0,3.831700086593628,3.831700086593628,3.831700086593628,0.0,0
2007-12-05,2.7043001651763916,0.0,3.891700029373169,0.0,3.891700029373169,3.891700029373169,3.891700029373169,0.0,0
2007-12-06,2.7448127269744873,0.0,3.950000047683716,0.0,3.950000047683716,3.950000047683716,3.950000047683716,0.0,0
2007-12-07,2.739044427871704,0.0,3.941699981689453,0.0,3.941699981689453,3.941699981689453,3.941699981689453,0.0,0
2007-12-10,2.759890556335449,0.0,3.9716999530792236,0.0,3.9716999530792236,3.9716999530792236,3.9716999530792236,0.0,0
2007-12-11,2.6899423599243164,0.0,3.803299903869629,0.0695,3.803299903869629,3.803299903869629,3.803299903869629,0.0,0
2007-12-12,2.7064921855926514,0.0,3.82669997215271,0.0,3.82669997215271,3.82669997215271,3.82669997215271,0.0,0
2007-12-13,2.710028886795044,0.0,3.831700086593628,0.0,3.831700086593628,3.831700086593628,3.831700086593628,0.0,0
2007-12-14,2.6722612380981445,0.0,3.7783000469207764,0.0,3.7783000469207764,3.7783000469207764,3.7783000469207764,0.0,0
2007-12-17,2.6333611011505127,0.0,3.723299980163574,0.0,3.723299980163574,3.723299980163574,3.723299980163574,0.0,0
2007-12-18,2.649911880493164,0.0,3.7467000484466553,0.0,3.7467000484466553,3.7467000484466553,3.7467000484466553,0.0,0
2007-12-19,2.645172595977783,0.0,3.740000009536743,0.0,3.740000009536743,3.740000009536743,3.740000009536743,0.0,0
2007-12-20,2.659317970275879,0.0,3.759999990463257,0.0,3.759999990463257,3.759999990463257,3.759999990463257,0.0,0
2007-12-21,2.7040882110595703,0.0,3.8232998847961426,0.0,3.8232998847961426,3.8232998847961426,3.8232998847961426,0.0,0
2007-12-24,2.7253057956695557,0.0,3.853300094604492,0.0,3.853300094604492,3.853300094604492,3.853300094604492,0.0,0
2007-12-26,2.727710247039795,0.0,3.8566999435424805,0.0,3.8566999435424805,3.8566999435424805,3.8566999435424805,0.0,0
2007-12-27,2.6899423599243164,0.0,3.803299903869629,0.0,3.803299903869629,3.803299903869629,3.803299903869629,0.0,0
2007-12-28,2.69347882270813,0.0,3.808300018310547,0.0,3.808300018310547,3.808300018310547,3.808300018310547,0.0,0
2007-12-31,2.674665689468384,0.0,3.7816998958587646,0.0,3.7816998958587646,3.7816998958587646,3.7816998958587646,0.0,0
2008-01-02,2.636897087097168,0.0,3.728300094604492,0.0,3.728300094604492,3.728300094604492,3.728300094604492,0.0,0
2008-01-03,2.636897087097168,0.0,3.728300094604492,0.0,3.728300094604492,3.728300094604492,3.728300094604492,0.0,0
2008-01-04,2.5732433795928955,0.0,3.6382999420166016,0.0,3.6382999420166016,3.6382999420166016,3.6382999420166016,0.0,0
2008-01-07,2.5827207565307617,0.0,3.651700019836426,0.0,3.651700019836426,3.651700019836426,3.651700019836426,0.0,0
2008-01-08,2.5367486476898193,0.0,3.586699962615967,0.0,3.586699962615967,3.586699962615967,3.586699962615967,0.0,0
2008-01-09,2.5709095001220703,0.0,3.634999990463257,0.0,3.634999990463257,3.634999990463257,3.634999990463257,0.0,0
2008-01-10,2.590925455093384,0.0,3.663300037384033,0.0,3.663300037384033,3.663300037384033,3.663300037384033,0.0,0
2008-01-11,2.5555615425109863,0.0,3.613300085067749,0.0,3.613300085067749,3.613300085067749,3.613300085067749,0.0,0
2008-01-14,2.583853244781494,0.0,3.6533000469207764,0.0,3.6533000469207764,3.6533000469207764,3.6533000469207764,0.0,0
2008-01-15,2.5201988220214844,0.0,3.5632998943328857,0.0,3.5632998943328857,3.5632998943328857,3.5632998943328857,0.0,0
2008-01-16,2.5060534477233887,0.0,3.543299913406372,0.0,3.543299913406372,3.543299913406372,3.543299913406372,0.0,0
2008-01-17,2.434195041656494,0.0,3.441699981689453,0.0,3.441699981689453,3.441699981689453,3.441699981689453,0.0,0
2008-01-18,2.4188473224639893,0.0,3.4200000762939453,0.0,3.4200000762939453,3.4200000762939453,3.4200000762939453,0.0,0
2008-01-22,2.3917596340179443,0.0,3.381700038909912,0.0,3.381700038909912,3.381700038909912,3.381700038909912,0.0,0
2008-01-23,2.442399740219116,0.0,3.4532999992370605,0.0,3.4532999992370605,3.4532999992370605,3.4532999992370605,0.0,0
2008-01-24,2.467153787612915,0.0,3.488300085067749,0.0,3.488300085067749,3.488300085067749,3.488300085067749,0.0,0
2008-01-25,2.4271225929260254,0.0,3.4316999912261963,0.0,3.4316999912261963,3.4316999912261963,3.4316999912261963,0.0,0
2008-01-28,2.4695589542388916,0.0,3.4916999340057373,0.0,3.4916999340057373,3.4916999340057373,3.4916999340057373,0.0,0
2008-01-29,2.484835624694824,0.0,3.5132999420166016,0.0,3.5132999420166016,3.5132999420166016,3.5132999420166016,0.0,0
2008-01-30,2.474226474761963,0.0,3.498300075531006,0.0,3.498300075531006,3.498300075531006,3.498300075531006,0.0,0
2008-01-31,2.515531063079834,0.0,3.5566999912261963,0.0,3.5566999912261963,3.5566999912261963,3.5566999912261963,0.0,0
2008-02-01,2.5449535846710205,0.0,3.598299980163574,0.0,3.598299980163574,3.598299980163574,3.598299980163574,0.0,0
2008-02-04,2.51906681060791,0.0,3.5617001056671143,0.0,3.5617001056671143,3.5617001056671143,3.5617001056671143,0.0,0
2008-02-05,2.438863515853882,0.0,3.4482998847961426,0.0,3.4482998847961426,3.4482998847961426,3.4482998847961426,0.0,0
2008-02-06,2.4211812019348145,0.0,3.42330002784729,0.0,3.42330002784729,3.42330002784729,3.42330002784729,0.0,0
2008-02-07,2.440065622329712,0.0,3.450000047683716,0.0,3.450000047683716,3.450000047683716,3.450000047683716,0.0,0
2008-02-08,2.430659055709839,0.0,3.4367001056671143,0.0,3.4367001056671143,3.4367001056671143,3.4367001056671143,0.0,0
2008-02-11,2.4436018466949463,0.0,3.4549999237060547,0.0,3.4549999237060547,3.4549999237060547,3.4549999237060547,0.0,0
2008-02-12,2.4624862670898438,0.0,3.4816999435424805,0.0,3.4816999435424805,3.4816999435424805,3.4816999435424805,0.0,0
2008-02-13,2.4966468811035156,0.0,3.5299999713897705,0.0,3.5299999713897705,3.5299999713897705,3.5299999713897705,0.0,0
2008-02-14,2.4624862670898438,0.0,3.4816999435424805,0.0,3.4816999435424805,3.4816999435424805,3.4816999435424805,0.0,0
2008-02-15,2.46481990814209,0.0,3.484999895095825,0.0,3.484999895095825,3.484999895095825,3.484999895095825,0.0,0
2008-02-19,2.4624862670898438,0.0,3.4816999435424805,0.0,3.4816999435424805,3.4816999435424805,3.4816999435424805,0.0,0
2008-02-20,2.483704090118408,0.0,3.511699914932251,0.0,3.511699914932251,3.511699914932251,3.511699914932251,0.0,0
2008-02-21,2.4530086517333984,0.0,3.4683001041412354,0.0,3.4683001041412354,3.4683001041412354,3.4683001041412354,0.0,0
2008-02-22,2.4718925952911377,0.0,3.494999885559082,0.0,3.494999885559082,3.494999885559082,3.494999885559082,0.0,0
2008-02-25,2.5060534477233887,0.0,3.543299913406372,0.0,3.543299913406372,3.543299913406372,3.543299913406372,0.0,0
2008-02-26,2.5226035118103027,0.0,3.566699981689453,0.0,3.566699981689453,3.566699981689453,3.566699981689453,0.0,0
2008-02-27,2.5214014053344727,0.0,3.565000057220459,0.0,3.565000057220459,3.565000057220459,3.565000057220459,0.0,0
2008-02-28,2.498980760574341,0.0,3.5332999229431152,0.0,3.5332999229431152,3.5332999229431152,3.5332999229431152,0.0,0
2008-02-29,2.431790590286255,0.0,3.4382998943328857,0.0,3.4382998943328857,3.4382998943328857,3.4382998943328857,0.0,0
2008-03-03,2.432993173599243,0.0,3.440000057220459,0.0,3.440000057220459,3.440000057220459,3.440000057220459,0.0,0
2008-03-04,2.424718141555786,0.0,3.428299903869629,0.0,3.428299903869629,3.428299903869629,3.428299903869629,0.0,0
2008-03-05,2.438863515853882,0.0,3.4482998847961426,0.0,3.4482998847961426,3.4482998847961426,3.4482998847961426,0.0,0
2008-03-06,2.3858182430267334,0.0,3.373300075531006,0.0,3.373300075531006,3.373300075531006,3.373300075531006,0.0,0
2008-03-07,2.365802526473999,0.0,3.3450000286102295,0.0,3.3450000286102295,3.3450000286102295,3.3450000286102295,0.0,0
2008-03-10,2.330439805984497,0.0,3.2950000762939453,0.0,3.2950000762939453,3.2950000762939453,3.2950000762939453,0.0,0
2008-03-11,2.415311098098755,0.0,3.4149999618530273,0.0,3.4149999618530273,3.4149999618530273,3.4149999618530273,0.0,0
2008-03-12,2.3940930366516113,0.0,3.384999990463257,0.0,3.384999990463257,3.384999990463257,3.384999990463257,0.0,0
2008-03-13,2.405904531478882,0.0,3.401700019836426,0.0,3.401700019836426,3.401700019836426,3.401700019836426,0.0,0
2008-03-14,2.356396436691284,0.0,3.331700086593628,0.0,3.331700086593628,3.331700086593628,3.331700086593628,0.0,0
2008-03-17,2.3375120162963867,0.0,3.305000066757202,0.0,3.305000066757202,3.305000066757202,3.305000066757202,0.0,0
2008-03-18,2.4353272914886475,0.0,3.4433000087738037,0.0,3.4433000087738037,3.4433000087738037,3.4433000087738037,0.0,0
2008-03-19,2.3764116764068604,0.0,3.359999895095825,0.0,3.359999895095825,3.359999895095825,3.359999895095825,0.0,0
2008-03-20,2.432993173599243,0.0,3.440000057220459,0.0,3.440000057220459,3.440000057220459,3.440000057220459,0.0,0
2008-03-24,2.4706900119781494,0.0,3.493299961090088,0.0,3.493299961090088,3.493299961090088,3.493299961090088,0.0,0
2008-03-25,2.475429058074951,0.0,3.5,0.0,3.5,3.5,3.5,0.0,0
2008-03-26,2.4542107582092285,0.0,3.4700000286102295,0.0,3.4700000286102295,3.4700000286102295,3.4700000286102295,0.0,0
2008-03-27,2.4259204864501953,0.0,3.430000066757202,0.0,3.430000066757202,3.430000066757202,3.430000066757202,0.0,0
2008-03-28,2.407036304473877,0.0,3.4033000469207764,0.0,3.4033000469207764,3.4033000469207764,3.4033000469207764,0.0,0
2008-03-31,2.4211812019348145,0.0,3.42330002784729,0.0,3.42330002784729,3.42330002784729,3.42330002784729,0.0,0
2008-04-01,2.507256031036377,0.0,3.5450000762939453,0.0,3.5450000762939453,3.5450000762939453,3.5450000762939453,0.0,0
2008-04-02,2.5025172233581543,0.0,3.538300037384033,0.0,3.538300037384033,3.538300037384033,3.538300037384033,0.0,0
2008-04-03,2.5060534477233887,0.0,3.543299913406372,0.0,3.543299913406372,3.543299913406372,3.543299913406372,0.0,0
2008-04-04,2.507256031036377,0.0,3.5450000762939453,0.0,3.5450000762939453,3.5450000762939453,3.5450000762939453,0.0,0
2008-04-07,2.510791778564453,0.0,3.549999952316284,0.0,3.549999952316284,3.549999952316284,3.549999952316284,0.0,0
2008-04-08,2.498980760574341,0.0,3.5332999229431152,0.0,3.5332999229431152,3.5332999229431152,3.5332999229431152,0.0,0
2008-04-09,2.4789657592773438,0.0,3.505000114440918,0.0,3.505000114440918,3.505000114440918,3.505000114440918,0.0,0
2008-04-10,2.490776300430298,0.0,3.521699905395508,0.0,3.521699905395508,3.521699905395508,3.521699905395508,0.0,0
2008-04-11,2.440065622329712,0.0,3.450000047683716,0.0,3.450000047683716,3.450000047683716,3.450000047683716,0.0,0
2008-04-14,2.431790590286255,0.0,3.4382998943328857,0.0,3.4382998943328857,3.4382998943328857,3.4382998943328857,0.0,0
2008-04-15,2.442399740219116,0.0,3.4532999992370605,0.0,3.4532999992370605,3.4532999992370605,3.4532999992370605,0.0,0
2008-04-16,2.497849225997925,0.0,3.5316998958587646,0.0,3.5316998958587646,3.5316998958587646,3.5316998958587646,0.0,0
2008-04-17,2.498980760574341,0.0,3.5332999229431152,0.0,3.5332999229431152,3.5332999229431152,3.5332999229431152,0.0,0
2008-04-18,2.5449535846710205,0.0,3.598299980163574,0.0,3.598299980163574,3.598299980163574,3.598299980163574,0.0,0
2008-04-21,2.540285110473633,0.0,3.5917000770568848,0.0,3.5917000770568848,3.5917000770568848,3.5917000770568848,0.0,0
2008-04-22,2.517864942550659,0.0,3.559999942779541,0.0,3.559999942779541,3.559999942779541,3.559999942779541,0.0,0
2008-04-23,2.526139974594116,0.0,3.571700096130371,0.0,3.571700096130371,3.571700096130371,3.571700096130371,0.0,0
2008-04-24,2.542618989944458,0.0,3.5950000286102295,0.0,3.5950000286102295,3.5950000286102295,3.5950000286102295,0.0,0
2008-04-25,2.559098958969116,0.0,3.618299961090088,0.0,3.618299961090088,3.618299961090088,3.618299961090088,0.0,0
2008-04-28,2.5555615425109863,0.0,3.613300085067749,0.0,3.613300085067749,3.613300085067749,3.613300085067749,0.0,0
2008-04-29,2.5461554527282715,0.0,3.5999999046325684,0.0,3.5999999046325684,3.5999999046325684,3.5999999046325684,0.0,0
2008-04-30,2.5367486476898193,0.0,3.586699962615967,0.0,3.586699962615967,3.586699962615967,3.586699962615967,0.0,0
2008-05-01,2.5815188884735107,0.0,3.6500000953674316,0.0,3.6500000953674316,3.6500000953674316,3.6500000953674316,0.0,0
2008-05-02,2.5897934436798096,0.0,3.6617000102996826,0.0,3.6617000102996826,3.6617000102996826,3.6617000102996826,0.0,0
2008-05-05,2.577981948852539,0.0,3.6449999809265137,0.0,3.6449999809265137,3.6449999809265137,3.6449999809265137,0.0,0
2008-05-06,2.5968666076660156,0.0,3.6717000007629395,0.0,3.6717000007629395,3.6717000007629395,3.6717000007629395,0.0,0
2008-05-07,2.550894021987915,0.0,3.6066999435424805,0.0,3.6066999435424805,3.6066999435424805,3.6066999435424805,0.0,0
2008-05-08,2.560300827026367,0.0,3.619999885559082,0.0,3.619999885559082,3.619999885559082,3.619999885559082,0.0,0
2008-05-09,2.5438215732574463,0.0,3.5966999530792236,0.0,3.5966999530792236,3.5966999530792236,3.5966999530792236,0.0,0
2008-05-12,2.5721120834350586,0.0,3.636699914932251,0.0,3.636699914932251,3.636699914932251,3.636699914932251,0.0,0
2008-05-13,2.5709095001220703,0.0,3.634999990463257,0.0,3.634999990463257,3.634999990463257,3.634999990463257,0.0,0
2008-05-14,2.5827207565307617,0.0,3.651700019836426,0.0,3.651700019836426,3.651700019836426,3.651700019836426,0.0,0
2008-05-15,2.609809637069702,0.0,3.690000057220459,0.0,3.690000057220459,3.690000057220459,3.690000057220459,0.0,0
2008-05-16,2.6121432781219482,0.0,3.6933000087738037,0.0,3.6933000087738037,3.6933000087738037,3.6933000087738037,0.0,0
2008-05-19,2.6156795024871826,0.0,3.6982998847961426,0.0,3.6982998847961426,3.6982998847961426,3.6982998847961426,0.0,0
2008-05-20,2.590925455093384,0.0,3.663300037384033,0.0,3.663300037384033,3.663300037384033,3.663300037384033,0.0,0
2008-05-21,2.549691915512085,0.0,3.6050000190734863,0.0,3.6050000190734863,3.6050000190734863,3.6050000190734863,0.0,0
2008-05-22,2.5567641258239746,0.0,3.615000009536743,0.0,3.615000009536743,3.615000009536743,3.615000009536743,0.0,0
2008-05-23,2.5237350463867188,0.0,3.5683000087738037,0.0,3.5683000087738037,3.5683000087738037,3.5683000087738037,0.0,0
2008-05-27,2.5414161682128906,0.0,3.5933001041412354,0.0,3.5933001041412354,3.5933001041412354,3.5933001041412354,0.0,0
2008-05-28,2.550894021987915,0.0,3.6066999435424805,0.0,3.6066999435424805,3.6066999435424805,3.6066999435424805,0.0,0
2008-05-29,2.5661706924438477,0.0,3.6282999515533447,0.0,3.6282999515533447,3.6282999515533447,3.6282999515533447,0.0,0
2008-05-30,2.5697073936462402,0.0,3.6333000659942627,0.0,3.6333000659942627,3.6333000659942627,3.6333000659942627,0.0,0
2008-06-02,2.542618989944458,0.0,3.5950000286102295,0.0,3.5950000286102295,3.5950000286102295,3.5950000286102295,0.0,0
2008-06-03,2.5284740924835205,0.0,3.575000047683716,0.0,3.575000047683716,3.575000047683716,3.575000047683716,0.0,0
2008-06-04,2.5284740924835205,0.0,3.575000047683716,0.0,3.575000047683716,3.575000047683716,3.575000047683716,0.0,0
2008-06-05,2.577981948852539,0.0,3.6449999809265137,0.0,3.6449999809265137,3.6449999809265137,3.6449999809265137,0.0,0
2008-06-06,2.498980760574341,0.0,3.5332999229431152,0.0,3.5332999229431152,3.5332999229431152,3.5332999229431152,0.0,0
2008-06-09,2.5013859272003174,0.0,3.5367000102996826,0.0,3.5367000102996826,3.5367000102996826,3.5367000102996826,0.0,0
2008-06-10,2.4954442977905273,0.0,3.5283000469207764,0.0,3.5283000469207764,3.5283000469207764,3.5283000469207764,0.0,0
2008-06-11,2.4542107582092285,0.0,3.4700000286102295,0.0,3.4700000286102295,3.4700000286102295,3.4700000286102295,0.0,0
2008-06-12,2.4624862670898438,0.0,3.4816999435424805,0.0,3.4816999435424805,3.4816999435424805,3.4816999435424805,0.0,0
2008-06-13,2.498980760574341,0.0,3.5332999229431152,0.0,3.5332999229431152,3.5332999229431152,3.5332999229431152,0.0,0
2008-06-16,2.498980760574341,0.0,3.5332999229431152,0.0,3.5332999229431152,3.5332999229431152,3.5332999229431152,0.0,0
2008-06-17,2.482501745223999,0.0,3.509999990463257,0.0,3.509999990463257,3.509999990463257,3.509999990463257,0.0,0
2008-06-18,2.4577476978302,0.0,3.4749999046325684,0.0,3.4749999046325684,3.4749999046325684,3.4749999046325684,0.0,0
2008-06-19,2.467153787612915,0.0,3.488300085067749,0.0,3.488300085067749,3.488300085067749,3.488300085067749,0.0,0
2008-06-20,2.4223837852478027,0.0,3.424999952316284,0.0,3.424999952316284,3.424999952316284,3.424999952316284,0.0,0
2008-06-23,2.4223837852478027,0.0,3.424999952316284,0.0,3.424999952316284,3.424999952316284,3.424999952316284,0.0,0
2008-06-24,2.415311098098755,0.0,3.4149999618530273,0.0,3.4149999618530273,3.4149999618530273,3.4149999618530273,0.0,0
2008-06-25,2.4294562339782715,0.0,3.434999942779541,0.0,3.434999942779541,3.434999942779541,3.434999942779541,0.0,0
2008-06-26,2.3599326610565186,0.0,3.336699962615967,0.0,3.336699962615967,3.336699962615967,3.336699962615967,0.0,0
2008-06-27,2.3504550457000732,0.0,3.3232998847961426,0.0,3.3232998847961426,3.3232998847961426,3.3232998847961426,0.0,0
2008-06-30,2.3539915084838867,0.0,3.3282999992370605,0.0,3.3282999992370605,3.3282999992370605,3.3282999992370605,0.0,0
2008-07-01,2.363468647003174,0.0,3.3417000770568848,0.0,3.3417000770568848,3.3417000770568848,3.3417000770568848,0.0,0
2008-07-02,2.321033000946045,0.0,3.2816998958587646,0.0,3.2816998958587646,3.2816998958587646,3.2816998958587646,0.0,0
2008-07-03,2.3245692253112793,0.0,3.2867000102996826,0.0,3.2867000102996826,3.2867000102996826,3.2867000102996826,0.0,0
2008-07-07,2.30568528175354,0.0,3.259999990463257,0.0,3.259999990463257,3.259999990463257,3.259999990463257,0.0,0
2008-07-08,2.3445844650268555,0.0,3.315000057220459,0.0,3.315000057220459,3.315000057220459,3.315000057220459,0.0,0
2008-07-09,2.2927420139312744,0.0,3.2416999340057373,0.0,3.2416999340057373,3.2416999340057373,3.2416999340057373,0.0,0
2008-07-10,2.3092219829559326,0.0,3.265000104904175,0.0,3.265000104904175,3.265000104904175,3.265000104904175,0.0,0
2008-07-11,2.2832648754119873,0.0,3.228300094604492,0.0,3.228300094604492,3.228300094604492,3.228300094604492,0.0,0
2008-07-14,2.263249397277832,0.0,3.200000047683716,0.0,3.200000047683716,3.200000047683716,3.200000047683716,0.0,0
2008-07-15,2.239697217941284,0.0,3.1666998863220215,0.0,3.1666998863220215,3.1666998863220215,3.1666998863220215,0.0,0
2008-07-16,2.2950761318206787,0.0,3.244999885559082,0.0,3.244999885559082,3.244999885559082,3.244999885559082,0.0,0
2008-07-17,2.322164297103882,0.0,3.2832999229431152,0.0,3.2832999229431152,3.2832999229431152,3.2832999229431152,0.0,0
2008-07-18,2.322164297103882,0.0,3.2832999229431152,0.0,3.2832999229431152,3.2832999229431152,3.2832999229431152,0.0,0
2008-07-21,2.321033000946045,0.0,3.2816998958587646,0.0,3.2816998958587646,3.2816998958587646,3.2816998958587646,0.0,0
2008-07-22,2.35286021232605,0.0,3.32669997215271,0.0,3.32669997215271,3.32669997215271,3.32669997215271,0.0,0
2008-07-23,2.3622665405273438,0.0,3.3399999141693115,0.0,3.3399999141693115,3.3399999141693115,3.3399999141693115,0.0,0
2008-07-24,2.3092219829559326,0.0,3.265000104904175,0.0,3.265000104904175,3.265000104904175,3.265000104904175,0.0,0
2008-07-25,2.3186278343200684,0.0,3.2783000469207764,0.0,3.2783000469207764,3.2783000469207764,3.2783000469207764,0.0,0
2008-07-28,2.2750604152679443,0.0,3.2167000770568848,0.0,3.2167000770568848,3.2167000770568848,3.2167000770568848,0.0,0
2008-07-29,2.3292369842529297,0.0,3.293299913406372,0.0,3.293299913406372,3.293299913406372,3.293299913406372,0.0,0
2008-07-30,2.3670051097869873,0.0,3.3466999530792236,0.0,3.3466999530792236,3.3466999530792236,3.3466999530792236,0.0,0
2008-07-31,2.3375120162963867,0.0,3.305000066757202,0.0,3.305000066757202,3.305000066757202,3.305000066757202,0.0,0
2008-08-01,2.3245692253112793,0.0,3.2867000102996826,0.0,3.2867000102996826,3.2867000102996826,3.2867000102996826,0.0,0
2008-08-04,2.3044824600219727,0.0,3.2583000659942627,0.0,3.2583000659942627,3.2583000659942627,3.2583000659942627,0.0,0
2008-08-05,2.3705413341522217,0.0,3.3517000675201416,0.0,3.3517000675201416,3.3517000675201416,3.3517000675201416,0.0,0
2008-08-06,2.3787453174591064,0.0,3.363300085067749,0.0,3.363300085067749,3.363300085067749,3.363300085067749,0.0,0
2008-08-07,2.3375120162963867,0.0,3.305000066757202,0.0,3.305000066757202,3.305000066757202,3.305000066757202,0.0,0
2008-08-08,2.3928911685943604,0.0,3.3833000659942627,0.0,3.3833000659942627,3.3833000659942627,3.3833000659942627,0.0,0
2008-08-11,2.4105730056762695,0.0,3.4082999229431152,0.0,3.4082999229431152,3.4082999229431152,3.4082999229431152,0.0,0
2008-08-12,2.382282018661499,0.0,3.368299961090088,0.0,3.368299961090088,3.368299961090088,3.368299961090088,0.0,0
2008-08-13,2.3752095699310303,0.0,3.358299970626831,0.0,3.358299970626831,3.358299970626831,3.358299970626831,0.0,0
2008-08-14,2.3882229328155518,0.0,3.376699924468994,0.0,3.376699924468994,3.376699924468994,3.376699924468994,0.0,0
2008-08-15,2.3988325595855713,0.0,3.391700029373169,0.0,3.391700029373169,3.391700029373169,3.391700029373169,0.0,0
2008-08-18,2.363468647003174,0.0,3.3417000770568848,0.0,3.3417000770568848,3.3417000770568848,3.3417000770568848,0.0,0
2008-08-19,2.341048002243042,0.0,3.309999942779541,0.0,3.309999942779541,3.309999942779541,3.309999942779541,0.0,0
2008-08-20,2.355193853378296,0.0,3.3299999237060547,0.0,3.3299999237060547,3.3299999237060547,3.3299999237060547,0.0,0
2008-08-21,2.3622665405273438,0.0,3.3399999141693115,0.0,3.3399999141693115,3.3399999141693115,3.3399999141693115,0.0,0
2008-08-22,2.389354944229126,0.0,3.3782999515533447,0.0,3.3782999515533447,3.3782999515533447,3.3782999515533447,0.0,0
2008-08-25,2.3422505855560303,0.0,3.3117001056671143,0.0,3.3117001056671143,3.3117001056671143,3.3117001056671143,0.0,0
2008-08-26,2.3504550457000732,0.0,3.3232998847961426,0.0,3.3232998847961426,3.3232998847961426,3.3232998847961426,0.0,0
2008-08-27,2.3693387508392334,0.0,3.3499999046325684,0.0,3.3499999046325684,3.3499999046325684,3.3499999046325684,0.0,0
2008-08-28,2.4047024250030518,0.0,3.4000000953674316,0.0,3.4000000953674316,3.4000000953674316,3.4000000953674316,0.0,0
2008-08-29,2.3716728687286377,0.0,3.353300094604492,0.0,3.353300094604492,3.353300094604492,3.353300094604492,0.0,0
2008-09-02,2.3622665405273438,0.0,3.3399999141693115,0.0,3.3399999141693115,3.3399999141693115,3.3399999141693115,0.0,0
2008-09-03,2.358729839324951,0.0,3.3350000381469727,0.0,3.3350000381469727,3.3350000381469727,3.3350000381469727,0.0,0
2008-09-04,2.289205312728882,0.0,3.2367000579833984,0.0,3.2367000579833984,3.2367000579833984,3.2367000579833984,0.0,0
2008-09-05,2.298612356185913,0.0,3.25,0.0,3.25,3.25,3.25,0.0,0
2008-09-08,2.3469183444976807,0.0,3.3183000087738037,0.0,3.3183000087738037,3.3183000087738037,3.3183000087738037,0.0,0
2008-09-09,2.2679877281188965,0.0,3.206700086593628,0.0,3.206700086593628,3.206700086593628,3.206700086593628,0.0,0
2008-09-10,2.282133102416992,0.0,3.2267000675201416,0.0,3.2267000675201416,3.2267000675201416,3.2267000675201416,0.0,0
2008-09-11,2.315091609954834,0.0,3.2732999324798584,0.0,3.2732999324798584,3.2732999324798584,3.2732999324798584,0.0,0
2008-09-12,2.3198304176330566,0.0,3.2799999713897705,0.0,3.2799999713897705,3.2799999713897705,3.2799999713897705,0.0,0
2008-09-15,2.211406707763672,0.0,3.126699924468994,0.0,3.126699924468994,3.126699924468994,3.126699924468994,0.0,0
2008-09-16,2.2503058910369873,0.0,3.1816999912261963,0.0,3.1816999912261963,3.1816999912261963,3.1816999912261963,0.0,0
2008-09-17,2.1442160606384277,0.0,3.0316998958587646,0.0,3.0316998958587646,3.0316998958587646,3.0316998958587646,0.0,0
2008-09-18,2.236161231994629,0.0,3.1617000102996826,0.0,3.1617000102996826,3.1617000102996826,3.1617000102996826,0.0,0
2008-09-19,2.3257007598876953,0.0,3.288300037384033,0.0,3.288300037384033,3.288300037384033,3.288300037384033,0.0,0
2008-09-22,2.237292528152466,0.0,3.163300037384033,0.0,3.163300037384033,3.163300037384033,3.163300037384033,0.0,0
2008-09-23,2.2031314373016357,0.0,3.115000009536743,0.0,3.115000009536743,3.115000009536743,3.115000009536743,0.0,0
2008-09-24,2.198392629623413,0.0,3.108299970626831,0.0,3.108299970626831,3.108299970626831,3.108299970626831,0.0,0
2008-09-25,2.2420313358306885,0.0,3.1700000762939453,0.0,3.1700000762939453,3.1700000762939453,3.1700000762939453,0.0,0
2008-09-26,2.2503058910369873,0.0,3.1816999912261963,0.0,3.1816999912261963,3.1816999912261963,3.1816999912261963,0.0,0
2008-09-29,2.0546059608459473,0.0,2.9049999713897705,0.0,2.9049999713897705,2.9049999713897705,2.9049999713897705,0.0,0
2008-09-30,2.1642322540283203,0.0,3.059999942779541,0.0,3.059999942779541,3.059999942779541,3.059999942779541,0.0,0
2008-10-01,2.154825210571289,0.0,3.0467000007629395,0.0,3.0467000007629395,3.0467000007629395,3.0467000007629395,0.0,0
2008-10-02,2.0699539184570312,0.0,2.9267001152038574,0.0,2.9267001152038574,2.9267001152038574,2.9267001152038574,0.0,0
2008-10-03,2.0404610633850098,0.0,2.884999990463257,0.0,2.884999990463257,2.884999990463257,2.884999990463257,0.0,0
2008-10-06,1.962660789489746,0.0,2.7750000953674316,0.0,2.7750000953674316,2.7750000953674316,2.7750000953674316,0.0,0
2008-10-07,1.8507014513015747,0.0,2.6166999340057373,0.0,2.6166999340057373,2.6166999340057373,2.6166999340057373,0.0,0
2008-10-08,1.8306151628494263,0.0,2.5882999897003174,0.0,2.5882999897003174,2.5882999897003174,2.5882999897003174,0.0,0
2008-10-09,1.6926981210708618,0.0,2.3933000564575195,0.0,2.3933000564575195,2.3933000564575195,2.3933000564575195,0.0,0
2008-10-10,1.6726826429367065,0.0,2.365000009536743,0.0,2.365000009536743,2.365000009536743,2.365000009536743,0.0,0
2008-10-13,1.8648467063903809,0.0,2.636699914932251,0.0,2.636699914932251,2.636699914932251,2.636699914932251,0.0,0
2008-10-14,1.854237675666809,0.0,2.6217000484466553,0.0,2.6217000484466553,2.6217000484466553,2.6217000484466553,0.0,0
2008-10-15,1.6880302429199219,0.0,2.386699914932251,0.0,2.386699914932251,2.386699914932251,2.386699914932251,0.0,0
2008-10-16,1.7598886489868164,0.0,2.488300085067749,0.0,2.488300085067749,2.488300085067749,2.488300085067749,0.0,0
2008-10-17,1.7481482028961182,0.0,2.4716999530792236,0.0,2.4716999530792236,2.4716999530792236,2.4716999530792236,0.0,0
2008-10-20,1.8318175077438354,0.0,2.5899999141693115,0.0,2.5899999141693115,2.5899999141693115,2.5899999141693115,0.0,0
2008-10-21,1.7752360105514526,0.0,2.509999990463257,0.0,2.509999990463257,2.509999990463257,2.509999990463257,0.0,0
2008-10-22,1.667944073677063,0.0,2.358299970626831,0.0,2.358299970626831,2.358299970626831,2.358299970626831,0.0,0
2008-10-23,1.6903644800186157,0.0,2.390000104904175,0.0,2.390000104904175,2.390000104904175,2.390000104904175,0.0,0
2008-10-24,1.6314489841461182,0.0,2.3066999912261963,0.0,2.3066999912261963,2.3066999912261963,2.3066999912261963,0.0,0
2008-10-27,1.580737829208374,0.0,2.234999895095825,0.0,2.234999895095825,2.234999895095825,2.234999895095825,0.0,0
2008-10-28,1.7492793798446655,0.0,2.473299980163574,0.0,2.473299980163574,2.473299980163574,2.473299980163574,0.0,0
2008-10-29,1.730466365814209,0.0,2.446700096130371,0.0,2.446700096130371,2.446700096130371,2.446700096130371,0.0,0
2008-10-30,1.7740336656570435,0.0,2.5083000659942627,0.0,2.5083000659942627,2.5083000659942627,2.5083000659942627,0.0,0
2008-10-31,1.8011927604675293,0.0,2.5467000007629395,0.0,2.5467000007629395,2.5467000007629395,2.5467000007629395,0.0,0
2008-11-03,1.7964540719985962,0.0,2.5399999618530273,0.0,2.5399999618530273,2.5399999618530273,2.5399999618530273,0.0,0
2008-11-04,1.8695144653320312,0.0,2.6433000564575195,0.0,2.6433000564575195,2.6433000564575195,2.6433000564575195,0.0,0
2008-11-05,1.7729021310806274,0.0,2.506700038909912,0.0,2.506700038909912,2.506700038909912,2.506700038909912,0.0,0
2008-11-06,1.684494137763977,0.0,2.381700038909912,0.0,2.381700038909912,2.381700038909912,2.381700038909912,0.0,0
2008-11-07,1.7340025901794434,0.0,2.45169997215271,0.0,2.45169997215271,2.45169997215271,2.45169997215271,0.0,0
2008-11-10,1.7127845287322998,0.0,2.4217000007629395,0.0,2.4217000007629395,2.4217000007629395,2.4217000007629395,0.0,0
2008-11-11,1.6750167608261108,0.0,2.368299961090088,0.0,2.368299961090088,2.368299961090088,2.368299961090088,0.0,0
2008-11-12,1.5901449918746948,0.0,2.248300075531006,0.0,2.248300075531006,2.248300075531006,2.248300075531006,0.0,0
2008-11-13,1.6986395120620728,0.0,2.401700019836426,0.0,2.401700019836426,2.401700019836426,2.401700019836426,0.0,0
2008-11-14,1.6290440559387207,0.0,2.303299903869629,0.0,2.303299903869629,2.303299903869629,2.303299903869629,0.0,0
2008-11-17,1.587810754776001,0.0,2.244999885559082,0.0,2.244999885559082,2.244999885559082,2.244999885559082,0.0,0
2008-11-18,1.6031585931777954,0.0,2.266700029373169,0.0,2.266700029373169,2.266700029373169,2.266700029373169,0.0,0
2008-11-19,1.5064752101898193,0.0,2.130000114440918,0.0,2.130000114440918,2.130000114440918,2.130000114440918,0.0,0
2008-11-20,1.4062559604644775,0.0,1.9882999658584595,0.0,1.9882999658584595,1.9882999658584595,1.9882999658584595,0.0,0
2008-11-21,1.4946638345718384,0.0,2.113300085067749,0.0,2.113300085067749,2.113300085067749,2.113300085067749,0.0,0
2008-11-24,1.5901449918746948,0.0,2.248300075531006,0.0,2.248300075531006,2.248300075531006,2.248300075531006,0.0,0
2008-11-25,1.6007537841796875,0.0,2.2632999420166016,0.0,2.2632999420166016,2.2632999420166016,2.2632999420166016,0.0,0
2008-11-26,1.6573350429534912,0.0,2.3433001041412354,0.0,2.3433001041412354,2.3433001041412354,2.3433001041412354,0.0,0
2008-11-28,1.6738848686218262,0.0,2.3666999340057373,0.0,2.3666999340057373,2.3666999340057373,2.3666999340057373,0.0,0
2008-12-01,1.5253592729568481,0.0,2.1566998958587646,0.0,2.1566998958587646,2.1566998958587646,2.1566998958587646,0.0,0
2008-12-02,1.5866084098815918,0.0,2.243299961090088,0.0,2.243299961090088,2.243299961090088,2.243299961090088,0.0,0
2008-12-03,1.6279128789901733,0.0,2.3017001152038574,0.0,2.3017001152038574,2.3017001152038574,2.3017001152038574,0.0,0
2008-12-04,1.580737829208374,0.0,2.234999895095825,0.0,2.234999895095825,2.234999895095825,2.234999895095825,0.0,0
2008-12-05,1.638521671295166,0.0,2.316699981689453,0.0,2.316699981689453,2.316699981689453,2.316699981689453,0.0,0
2008-12-08,1.7009731531143188,0.0,2.4049999713897705,0.0,2.4049999713897705,2.4049999713897705,2.4049999713897705,0.0,0
2008-12-09,1.6608713865280151,0.0,2.348299980163574,0.0,2.348299980163574,2.348299980163574,2.348299980163574,0.0,0
2008-12-10,1.6820673942565918,0.0,2.3066999912261963,0.070667,2.3066999912261963,2.3066999912261963,2.3066999912261963,0.0,0
2008-12-11,1.6346689462661743,0.0,2.2416999340057373,0.0,2.2416999340057373,2.2416999340057373,2.2416999340057373,0.0,0
2008-12-12,1.6456068754196167,0.0,2.256700038909912,0.0,2.256700038909912,2.256700038909912,2.256700038909912,0.0,0
2008-12-15,1.6248972415924072,0.0,2.228300094604492,0.0,2.228300094604492,2.228300094604492,2.228300094604492,0.0,0
2008-12-16,1.7087563276290894,0.0,2.3433001041412354,0.0,2.3433001041412354,2.3433001041412354,2.3433001041412354,0.0,0
2008-12-17,1.6917660236358643,0.0,2.319999933242798,0.0,2.319999933242798,2.319999933242798,2.319999933242798,0.0,0
2008-12-18,1.6565450429916382,0.0,2.271699905395508,0.0,2.271699905395508,2.271699905395508,2.271699905395508,0.0,0
2008-12-19,1.6613577604293823,0.0,2.2783000469207764,0.0,2.2783000469207764,2.2783000469207764,2.2783000469207764,0.0,0
2008-12-22,1.6310226917266846,0.0,2.2367000579833984,0.0,2.2367000579833984,2.2367000579833984,2.2367000579833984,0.0,0
2008-12-23,1.6151987314224243,0.0,2.2149999141693115,0.0,2.2149999141693115,2.2149999141693115,2.2149999141693115,0.0,0
2008-12-24,1.6261367797851562,0.0,2.2300000190734863,0.0,2.2300000190734863,2.2300000190734863,2.2300000190734863,0.0,0
2008-12-26,1.6346689462661743,0.0,2.2416999340057373,0.0,2.2416999340057373,2.2416999340057373,2.2416999340057373,0.0,0
2008-12-29,1.6285432577133179,0.0,2.233299970626831,0.0,2.233299970626831,2.233299970626831,2.233299970626831,0.0,0
2008-12-30,1.6686499118804932,0.0,2.288300037384033,0.0,2.288300037384033,2.288300037384033,2.288300037384033,0.0,0
2008-12-31,1.693005919456482,0.0,2.321700096130371,0.0,2.321700096130371,2.321700096130371,2.321700096130371,0.0,0
2009-01-02,1.7464563846588135,0.0,2.3949999809265137,0.0,2.3949999809265137,2.3949999809265137,2.3949999809265137,0.0,0
2009-01-05,1.7391643524169922,0.0,2.384999990463257,0.0,2.384999990463257,2.384999990463257,2.384999990463257,0.0,0
2009-01-06,1.7525088787078857,0.0,2.4033000469207764,0.0,2.4033000469207764,2.4033000469207764,2.4033000469207764,0.0,0
2009-01-07,1.7002975940704346,0.0,2.331700086593628,0.0,2.331700086593628,2.331700086593628,2.331700086593628,0.0,0
2009-01-08,1.7063498497009277,0.0,2.3399999141693115,0.0,2.3399999141693115,2.3399999141693115,2.3399999141693115,0.0,0
2009-01-09,1.6698893308639526,0.0,2.2899999618530273,0.0,2.2899999618530273,2.2899999618530273,2.2899999618530273,0.0,0
2009-01-12,1.6334292888641357,0.0,2.240000009536743,0.0,2.240000009536743,2.240000009536743,2.240000009536743,0.0,0
2009-01-13,1.6358352899551392,0.0,2.243299961090088,0.0,2.243299961090088,2.243299961090088,2.243299961090088,0.0,0
2009-01-14,1.5811443328857422,0.0,2.168299913406372,0.0,2.168299913406372,2.168299913406372,2.168299913406372,0.0,0
2009-01-15,1.5836237668991089,0.0,2.1717000007629395,0.0,2.1717000007629395,2.1717000007629395,2.1717000007629395,0.0,0
2009-01-16,1.5957286357879639,0.0,2.1882998943328857,0.0,2.1882998943328857,2.1882998943328857,2.1882998943328857,0.0,0
2009-01-20,1.5118697881698608,0.0,2.0732998847961426,0.0,2.0732998847961426,2.0732998847961426,2.0732998847961426,0.0,0
2009-01-21,1.5774985551834106,0.0,2.163300037384033,0.0,2.163300037384033,2.163300037384033,2.163300037384033,0.0,0
2009-01-22,1.5532159805297852,0.0,2.130000114440918,0.0,2.130000114440918,2.130000114440918,2.130000114440918,0.0,0
2009-01-23,1.5617477893829346,0.0,2.141700029373169,0.0,2.141700029373169,2.141700029373169,2.141700029373169,0.0,0
2009-01-26,1.5702065229415894,0.0,2.1533000469207764,0.0,2.1533000469207764,2.1533000469207764,2.1533000469207764,0.0,0
2009-01-27,1.5872702598571777,0.0,2.1767001152038574,0.0,2.1767001152038574,2.1767001152038574,2.1767001152038574,0.0,0
2009-01-28,1.640721082687378,0.0,2.25,0.0,2.25,2.25,2.25,0.0,0
2009-01-29,1.5860304832458496,0.0,2.174999952316284,0.0,2.174999952316284,2.174999952316284,2.174999952316284,0.0,0
2009-01-30,1.550809383392334,0.0,2.126699924468994,0.0,2.126699924468994,2.126699924468994,2.126699924468994,0.0,0
2009-02-02,1.5495696067810059,0.0,2.125,0.0,2.125,2.125,2.125,0.0,0
2009-02-03,1.573852300643921,0.0,2.1582999229431152,0.0,2.1582999229431152,2.1582999229431152,2.1582999229431152,0.0,0
2009-02-04,1.562914490699768,0.0,2.1433000564575195,0.0,2.1433000564575195,2.1433000564575195,2.1433000564575195,0.0,0
2009-02-05,1.5884367227554321,0.0,2.178299903869629,0.0,2.178299903869629,2.178299903869629,2.178299903869629,0.0,0
2009-02-06,1.6321895122528076,0.0,2.238300085067749,0.0,2.238300085067749,2.238300085067749,2.238300085067749,0.0,0
2009-02-09,1.6346689462661743,0.0,2.2416999340057373,0.0,2.2416999340057373,2.2416999340057373,2.2416999340057373,0.0,0
2009-02-10,1.5544558763504028,0.0,2.131700038909912,0.0,2.131700038909912,2.131700038909912,2.131700038909912,0.0,0
2009-02-11,1.567800521850586,0.0,2.1500000953674316,0.0,2.1500000953674316,2.1500000953674316,2.1500000953674316,0.0,0
2009-02-12,1.5702065229415894,0.0,2.1533000469207764,0.0,2.1533000469207764,2.1533000469207764,2.1533000469207764,0.0,0
2009-02-13,1.5544558763504028,0.0,2.131700038909912,0.0,2.131700038909912,2.131700038909912,2.131700038909912,0.0,0
2009-02-17,1.4851810932159424,0.0,2.0367000102996826,0.0,2.0367000102996826,2.0367000102996826,2.0367000102996826,0.0,0
2009-02-18,1.4839410781860352,0.0,2.0350000858306885,0.0,2.0350000858306885,2.0350000858306885,2.0350000858306885,0.0,0
2009-02-19,1.466950535774231,0.0,2.011699914932251,0.0,2.011699914932251,2.011699914932251,2.011699914932251,0.0,0
2009-02-20,1.4498870372772217,0.0,1.9882999658584595,0.0,1.9882999658584595,1.9882999658584595,1.9882999658584595,0.0,0
2009-02-23,1.4000818729400635,0.0,1.9199999570846558,0.0,1.9199999570846558,1.9199999570846558,1.9199999570846558,0.0,0
2009-02-24,1.45601224899292,0.0,1.9967000484466553,0.0,1.9967000484466553,1.9967000484466553,1.9967000484466553,0.0,0
2009-02-25,1.4414281845092773,0.0,1.976699948310852,0.0,1.976699948310852,1.976699948310852,1.976699948310852,0.0,0
2009-02-26,1.4183125495910645,0.0,1.9450000524520874,0.0,1.9450000524520874,1.9450000524520874,1.9450000524520874,0.0,0
2009-02-27,1.3854976892471313,0.0,1.899999976158142,0.0,1.899999976158142,1.899999976158142,1.899999976158142,0.0,0
2009-03-02,1.3211088180541992,0.0,1.8116999864578247,0.0,1.8116999864578247,1.8116999864578247,1.8116999864578247,0.0,0
2009-03-03,1.3125768899917603,0.0,1.7999999523162842,0.0,1.7999999523162842,1.7999999523162842,1.7999999523162842,0.0,0
2009-03-04,1.3441518545150757,0.0,1.8432999849319458,0.0,1.8432999849319458,1.8432999849319458,1.8432999849319458,0.0,0
2009-03-05,1.287054419517517,0.0,1.7649999856948853,0.0,1.7649999856948853,1.7649999856948853,1.7649999856948853,0.0,0
2009-03-06,1.2894610166549683,0.0,1.7683000564575195,0.0,1.7683000564575195,1.7683000564575195,1.7683000564575195,0.0,0
2009-03-09,1.2761162519454956,0.0,1.75,0.0,1.75,1.75,1.75,0.0,0
2009-03-10,1.3575690984725952,0.0,1.8617000579833984,0.0,1.8617000579833984,1.8617000579833984,1.8617000579833984,0.0,0
2009-03-11,1.361215353012085,0.0,1.8667000532150269,0.0,1.8667000532150269,1.8667000532150269,1.8667000532150269,0.0,0
2009-03-12,1.4170726537704468,0.0,1.9433000087738037,0.0,1.9433000087738037,1.9433000087738037,1.9433000087738037,0.0,0
2009-03-13,1.4280107021331787,0.0,1.958299994468689,0.0,1.958299994468689,1.958299994468689,1.958299994468689,0.0,0
2009-03-16,1.4231975078582764,0.0,1.95169997215271,0.0,1.95169997215271,1.95169997215271,1.95169997215271,0.0,0
2009-03-17,1.4693570137023926,0.0,2.015000104904175,0.0,2.015000104904175,2.015000104904175,2.015000104904175,0.0,0
2009-03-18,1.4997648000717163,0.0,2.0566999912261963,0.0,2.0566999912261963,2.0566999912261963,2.0566999912261963,0.0,0
2009-03-19,1.4802948236465454,0.0,2.0299999713897705,0.0,2.0299999713897705,2.0299999713897705,2.0299999713897705,0.0,0
2009-03-20,1.4511266946792603,0.0,1.9900000095367432,0.0,1.9900000095367432,1.9900000095367432,1.9900000095367432,0.0,0
2009-03-23,1.5532159805297852,0.0,2.130000114440918,0.0,2.130000114440918,2.130000114440918,2.130000114440918,0.0,0
2009-03-24,1.5216413736343384,0.0,2.086699962615967,0.0,2.086699962615967,2.086699962615967,2.086699962615967,0.0,0
2009-03-25,1.5362255573272705,0.0,2.1066999435424805,0.0,2.1066999435424805,2.1066999435424805,2.1066999435424805,0.0,0
2009-03-26,1.5726855993270874,0.0,2.1566998958587646,0.0,2.1566998958587646,2.1566998958587646,2.1566998958587646,0.0,0
2009-03-27,1.5410380363464355,0.0,2.113300085067749,0.0,2.113300085067749,2.113300085067749,2.113300085067749,0.0,0
2009-03-30,1.4875870943069458,0.0,2.0399999618530273,0.0,2.0399999618530273,2.0399999618530273,2.0399999618530273,0.0,0
2009-03-31,1.5070569515228271,0.0,2.066699981689453,0.0,2.066699981689453,2.066699981689453,2.066699981689453,0.0,0
2009-04-01,1.5325795412063599,0.0,2.1017000675201416,0.0,2.1017000675201416,2.1017000675201416,2.1017000675201416,0.0,0
2009-04-02,1.5763319730758667,0.0,2.1617000102996826,0.0,2.1617000102996826,2.1617000102996826,2.1617000102996826,0.0,0
2009-04-03,1.5909161567687988,0.0,2.1816999912261963,0.0,2.1816999912261963,2.1816999912261963,2.1816999912261963,0.0,0
2009-04-06,1.5774985551834106,0.0,2.163300037384033,0.0,2.163300037384033,2.163300037384033,2.163300037384033,0.0,0
2009-04-07,1.5410380363464355,0.0,2.113300085067749,0.0,2.113300085067749,2.113300085067749,2.113300085067749,0.0,0
2009-04-08,1.5592683553695679,0.0,2.1382999420166016,0.0,2.1382999420166016,2.1382999420166016,2.1382999420166016,0.0,0
2009-04-09,1.617605209350586,0.0,2.2183001041412354,0.0,2.2183001041412354,2.2183001041412354,2.2183001041412354,0.0,0
2009-04-13,1.6224905252456665,0.0,2.2249999046325684,0.0,2.2249999046325684,2.2249999046325684,2.2249999046325684,0.0,0
2009-04-14,1.5896763801574707,0.0,2.180000066757202,0.0,2.180000066757202,2.180000066757202,2.180000066757202,0.0,0
2009-04-15,1.6091464757919312,0.0,2.206700086593628,0.0,2.206700086593628,2.206700086593628,2.206700086593628,0.0,0
2009-04-16,1.6346689462661743,0.0,2.2416999340057373,0.0,2.2416999340057373,2.2416999340057373,2.2416999340057373,0.0,0
2009-04-17,1.643127679824829,0.0,2.2532999515533447,0.0,2.2532999515533447,2.2532999515533447,2.2532999515533447,0.0,0
2009-04-20,1.5726855993270874,0.0,2.1566998958587646,0.0,2.1566998958587646,2.1566998958587646,2.1566998958587646,0.0,0
2009-04-21,1.6066670417785645,0.0,2.2032999992370605,0.0,2.2032999992370605,2.2032999992370605,2.2032999992370605,0.0,0
2009-04-22,1.5945621728897095,0.0,2.1867001056671143,0.0,2.1867001056671143,2.1867001056671143,2.1867001056671143,0.0,0
2009-04-23,1.6103132963180542,0.0,2.2083001136779785,0.0,2.2083001136779785,2.2083001136779785,2.2083001136779785,0.0,0
2009-04-24,1.6370748281478882,0.0,2.244999885559082,0.0,2.244999885559082,2.244999885559082,2.244999885559082,0.0,0
2009-04-27,1.6212512254714966,0.0,2.223299980163574,0.0,2.223299980163574,2.223299980163574,2.223299980163574,0.0,0
2009-04-28,1.6164382696151733,0.0,2.2167000770568848,0.0,2.2167000770568848,2.2167000770568848,2.2167000770568848,0.0,0
2009-04-29,1.6516591310501099,0.0,2.265000104904175,0.0,2.265000104904175,2.265000104904175,2.265000104904175,0.0,0
2009-04-30,1.6504194736480713,0.0,2.2632999420166016,0.0,2.2632999420166016,2.2632999420166016,2.2632999420166016,0.0,0
2009-05-01,1.6589515209197998,0.0,2.2750000953674316,0.0,2.2750000953674316,2.2750000953674316,2.2750000953674316,0.0,0
2009-05-04,1.7148818969726562,0.0,2.3517000675201416,0.0,2.3517000675201416,2.3517000675201416,2.3517000675201416,0.0,0
2009-05-05,1.7087563276290894,0.0,2.3433001041412354,0.0,2.3433001041412354,2.3433001041412354,2.3433001041412354,0.0,0
2009-05-06,1.7391643524169922,0.0,2.384999990463257,0.0,2.384999990463257,2.384999990463257,2.384999990463257,0.0,0
2009-05-07,1.7160483598709106,0.0,2.353300094604492,0.0,2.353300094604492,2.353300094604492,2.353300094604492,0.0,0
2009-05-08,1.7573949098587036,0.0,2.4100000858306885,0.0,2.4100000858306885,2.4100000858306885,2.4100000858306885,0.0,0
2009-05-11,1.720934271812439,0.0,2.359999895095825,0.0,2.359999895095825,2.359999895095825,2.359999895095825,0.0,0
2009-05-12,1.7185275554656982,0.0,2.3566999435424805,0.0,2.3566999435424805,2.3566999435424805,2.3566999435424805,0.0,0
2009-05-13,1.6735354661941528,0.0,2.2950000762939453,0.0,2.2950000762939453,2.2950000762939453,2.2950000762939453,0.0,0
2009-05-14,1.6905261278152466,0.0,2.3183000087738037,0.0,2.3183000087738037,2.3183000087738037,2.3183000087738037,0.0,0
2009-05-15,1.6722956895828247,0.0,2.293299913406372,0.0,2.293299913406372,2.293299913406372,2.293299913406372,0.0,0
2009-05-18,1.7221736907958984,0.0,2.3617000579833984,0.0,2.3617000579833984,2.3617000579833984,2.3617000579833984,0.0,0
2009-05-19,1.7196946144104004,0.0,2.358299970626831,0.0,2.358299970626831,2.358299970626831,2.358299970626831,0.0,0
2009-05-20,1.7112356424331665,0.0,2.3466999530792236,0.0,2.3466999530792236,2.3466999530792236,2.3466999530792236,0.0,0
2009-05-21,1.6832342147827148,0.0,2.308300018310547,0.0,2.308300018310547,2.308300018310547,2.308300018310547,0.0,0
2009-05-22,1.6808273792266846,0.0,2.305000066757202,0.0,2.305000066757202,2.305000066757202,2.305000066757202,0.0,0
2009-05-26,1.72458016872406,0.0,2.365000009536743,0.0,2.365000009536743,2.365000009536743,2.365000009536743,0.0,0
2009-05-27,1.693005919456482,0.0,2.321700096130371,0.0,2.321700096130371,2.321700096130371,2.321700096130371,0.0,0
2009-05-28,1.7185275554656982,0.0,2.3566999435424805,0.0,2.3566999435424805,2.3566999435424805,2.3566999435424805,0.0,0
2009-05-29,1.7415708303451538,0.0,2.3882999420166016,0.0,2.3882999420166016,2.3882999420166016,2.3882999420166016,0.0,0
2009-06-01,1.7865631580352783,0.0,2.450000047683716,0.0,2.450000047683716,2.450000047683716,2.450000047683716,0.0,0
2009-06-02,1.7902089357376099,0.0,2.4549999237060547,0.0,2.4549999237060547,2.4549999237060547,2.4549999237060547,0.0,0
2009-06-03,1.767093539237976,0.0,2.42330002784729,0.0,2.42330002784729,2.42330002784729,2.42330002784729,0.0,0
2009-06-04,1.7865631580352783,0.0,2.450000047683716,0.0,2.450000047683716,2.450000047683716,2.450000047683716,0.0,0
2009-06-05,1.7829166650772095,0.0,2.444999933242798,0.0,2.444999933242798,2.444999933242798,2.444999933242798,0.0,0
2009-06-08,1.78167724609375,0.0,2.4433000087738037,0.0,2.4433000087738037,2.4433000087738037,2.4433000087738037,0.0,0
2009-06-09,1.7878025770187378,0.0,2.45169997215271,0.0,2.45169997215271,2.45169997215271,2.45169997215271,0.0,0
2009-06-10,1.78167724609375,0.0,2.4433000087738037,0.0,2.4433000087738037,2.4433000087738037,2.4433000087738037,0.0,0
2009-06-11,1.792615532875061,0.0,2.4583001136779785,0.0,2.4583001136779785,2.4583001136779785,2.4583001136779785,0.0,0
2009-06-12,1.7950948476791382,0.0,2.461699962615967,0.0,2.461699962615967,2.461699962615967,2.461699962615967,0.0,0
2009-06-15,1.7525088787078857,0.0,2.4033000469207764,0.0,2.4033000469207764,2.4033000469207764,2.4033000469207764,0.0,0
2009-06-16,1.730631947517395,0.0,2.373300075531006,0.0,2.373300075531006,2.373300075531006,2.373300075531006,0.0,0
2009-06-17,1.7282263040542603,0.0,2.369999885559082,0.0,2.369999885559082,2.369999885559082,2.369999885559082,0.0,0
2009-06-18,1.7428107261657715,0.0,2.390000104904175,0.0,2.390000104904175,2.390000104904175,2.390000104904175,0.0,0
2009-06-19,1.747696042060852,0.0,2.396699905395508,0.0,2.396699905395508,2.396699905395508,2.396699905395508,0.0,0
2009-06-22,1.6954118013381958,0.0,2.325000047683716,0.0,2.325000047683716,2.325000047683716,2.325000047683716,0.0,0
2009-06-23,1.6990578174591064,0.0,2.3299999237060547,0.0,2.3299999237060547,2.3299999237060547,2.3299999237060547,0.0,0
2009-06-24,1.709995985031128,0.0,2.3450000286102295,0.0,2.3450000286102295,2.3450000286102295,2.3450000286102295,0.0,0
2009-06-25,1.7464563846588135,0.0,2.3949999809265137,0.0,2.3949999809265137,2.3949999809265137,2.3949999809265137,0.0,0
2009-06-26,1.744050145149231,0.0,2.391700029373169,0.0,2.391700029373169,2.391700029373169,2.391700029373169,0.0,0
2009-06-29,1.7598010301589966,0.0,2.413300037384033,0.0,2.413300037384033,2.413300037384033,2.413300037384033,0.0,0
2009-06-30,1.7452166080474854,0.0,2.3933000564575195,0.0,2.3933000564575195,2.3933000564575195,2.3933000564575195,0.0,0
2009-07-01,1.7537484169006348,0.0,2.4049999713897705,0.0,2.4049999713897705,2.4049999713897705,2.4049999713897705,0.0,0
2009-07-02,1.7027039527893066,0.0,2.3350000381469727,0.0,2.3350000381469727,2.3350000381469727,2.3350000381469727,0.0,0
2009-07-06,1.7063498497009277,0.0,2.3399999141693115,0.0,2.3399999141693115,2.3399999141693115,2.3399999141693115,0.0,0
2009-07-07,1.6735354661941528,0.0,2.2950000762939453,0.0,2.2950000762939453,2.2950000762939453,2.2950000762939453,0.0,0
2009-07-08,1.6722956895828247,0.0,2.293299913406372,0.0,2.293299913406372,2.293299913406372,2.293299913406372,0.0,0
2009-07-09,1.6771814823150635,0.0,2.299999952316284,0.0,2.299999952316284,2.299999952316284,2.299999952316284,0.0,0
2009-07-10,1.6711288690567017,0.0,2.2916998863220215,0.0,2.2916998863220215,2.2916998863220215,2.2916998863220215,0.0,0
2009-07-13,1.71240234375,0.0,2.348299980163574,0.0,2.348299980163574,2.348299980163574,2.348299980163574,0.0,0
2009-07-14,1.720934271812439,0.0,2.359999895095825,0.0,2.359999895095825,2.359999895095825,2.359999895095825,0.0,0
2009-07-15,1.7719789743423462,0.0,2.430000066757202,0.0,2.430000066757202,2.430000066757202,2.430000066757202,0.0,0
2009-07-16,1.7878025770187378,0.0,2.45169997215271,0.0,2.45169997215271,2.45169997215271,2.45169997215271,0.0,0
2009-07-17,1.7878025770187378,0.0,2.45169997215271,0.0,2.45169997215271,2.45169997215271,2.45169997215271,0.0,0
2009-07-20,1.8071997165679932,0.0,2.478300094604492,0.0,2.478300094604492,2.478300094604492,2.478300094604492,0.0,0
2009-07-21,1.814491868019104,0.0,2.488300085067749,0.0,2.488300085067749,2.488300085067749,2.488300085067749,0.0,0
2009-07-22,1.8133249282836914,0.0,2.4867000579833984,0.0,2.4867000579833984,2.4867000579833984,2.4867000579833984,0.0,0
2009-07-23,1.8558379411697388,0.0,2.5450000762939453,0.0,2.5450000762939453,2.5450000762939453,2.5450000762939453,0.0,0
2009-07-24,1.860723614692688,0.0,2.5517001152038574,0.0,2.5517001152038574,2.5517001152038574,2.5517001152038574,0.0,0
2009-07-27,1.8667763471603394,0.0,2.559999942779541,0.0,2.559999942779541,2.559999942779541,2.559999942779541,0.0,0
2009-07-28,1.861890196800232,0.0,2.553299903869629,0.0,2.553299903869629,2.553299903869629,2.553299903869629,0.0,0
2009-07-29,1.8534313440322876,0.0,2.5416998863220215,0.0,2.5416998863220215,2.5416998863220215,2.5416998863220215,0.0,0
2009-07-30,1.8753079175949097,0.0,2.571700096130371,0.0,2.571700096130371,2.571700096130371,2.571700096130371,0.0,0
2009-07-31,1.8777140378952026,0.0,2.575000047683716,0.0,2.575000047683716,2.575000047683716,2.575000047683716,0.0,0
2009-08-03,1.905643105506897,0.0,2.613300085067749,0.0,2.613300085067749,2.613300085067749,2.613300085067749,0.0,0
2009-08-04,1.911767840385437,0.0,2.6217000484466553,0.0,2.6217000484466553,2.6217000484466553,2.6217000484466553,0.0,0
2009-08-05,1.906882643699646,0.0,2.615000009536743,0.0,2.615000009536743,2.615000009536743,2.615000009536743,0.0,0
2009-08-06,1.8959439992904663,0.0,2.5999999046325684,0.0,2.5999999046325684,2.5999999046325684,2.5999999046325684,0.0,0
2009-08-07,1.9214667081832886,0.0,2.634999990463257,0.0,2.634999990463257,2.634999990463257,2.634999990463257,0.0,0
2009-08-10,1.9154142141342163,0.0,2.626699924468994,0.0,2.626699924468994,2.626699924468994,2.626699924468994,0.0,0
2009-08-11,1.8922979831695557,0.0,2.5950000286102295,0.0,2.5950000286102295,2.5950000286102295,2.5950000286102295,0.0,0
2009-08-12,1.9141745567321777,0.0,2.625,0.0,2.625,2.625,2.625,0.0,0
2009-08-13,1.9275190830230713,0.0,2.6433000564575195,0.0,2.6433000564575195,2.6433000564575195,2.6433000564575195,0.0,0
2009-08-14,1.910528302192688,0.0,2.619999885559082,0.0,2.619999885559082,2.619999885559082,2.619999885559082,0.0,0
2009-08-17,1.8655365705490112,0.0,2.558300018310547,0.0,2.558300018310547,2.558300018310547,2.558300018310547,0.0,0
2009-08-18,1.885006308555603,0.0,2.5850000381469727,0.0,2.5850000381469727,2.5850000381469727,2.5850000381469727,0.0,0
2009-08-19,1.8971840143203735,0.0,2.6017000675201416,0.0,2.6017000675201416,2.6017000675201416,2.6017000675201416,0.0,0
2009-08-20,1.9178204536437988,0.0,2.630000114440918,0.0,2.630000114440918,2.630000114440918,2.630000114440918,0.0,0
2009-08-21,1.9542810916900635,0.0,2.680000066757202,0.0,2.680000066757202,2.680000066757202,2.680000066757202,0.0,0
2009-08-24,1.9530413150787354,0.0,2.678299903869629,0.0,2.678299903869629,2.678299903869629,2.678299903869629,0.0,0
2009-08-25,1.9579274654388428,0.0,2.684999942779541,0.0,2.684999942779541,2.684999942779541,2.684999942779541,0.0,0
2009-08-26,1.9579274654388428,0.0,2.684999942779541,0.0,2.684999942779541,2.684999942779541,2.684999942779541,0.0,0
2009-08-27,1.963979721069336,0.0,2.6933000087738037,0.0,2.6933000087738037,2.6933000087738037,2.6933000087738037,0.0,0
2009-08-28,1.9603335857391357,0.0,2.6882998943328857,0.0,2.6882998943328857,2.6882998943328857,2.6882998943328857,0.0,0
2009-08-31,1.9445825815200806,0.0,2.6666998863220215,0.0,2.6666998863220215,2.6666998863220215,2.6666998863220215,0.0,0
2009-09-01,1.9019972085952759,0.0,2.608299970626831,0.0,2.608299970626831,2.608299970626831,2.608299970626831,0.0,0
2009-09-02,1.8959439992904663,0.0,2.5999999046325684,0.0,2.5999999046325684,2.5999999046325684,2.5999999046325684,0.0,0
2009-09-03,1.911767840385437,0.0,2.6217000484466553,0.0,2.6217000484466553,2.6217000484466553,2.6217000484466553,0.0,0
2009-09-04,1.9372906684875488,0.0,2.6566998958587646,0.0,2.6566998958587646,2.6566998958587646,2.6566998958587646,0.0,0
2009-09-08,1.9542810916900635,0.0,2.680000066757202,0.0,2.680000066757202,2.680000066757202,2.680000066757202,0.0,0
2009-09-09,1.970104694366455,0.0,2.70169997215271,0.0,2.70169997215271,2.70169997215271,2.70169997215271,0.0,0
2009-09-10,1.9895023107528687,0.0,2.728300094604492,0.0,2.728300094604492,2.728300094604492,2.728300094604492,0.0,0
2009-09-11,1.988335132598877,0.0,2.7267000675201416,0.0,2.7267000675201416,2.7267000675201416,2.7267000675201416,0.0,0
2009-09-14,2.0004401206970215,0.0,2.743299961090088,0.0,2.743299961090088,2.743299961090088,2.743299961090088,0.0,0
2009-09-15,2.0065653324127197,0.0,2.751699924468994,0.0,2.751699924468994,2.751699924468994,2.751699924468994,0.0,0
2009-09-16,2.036900281906128,0.0,2.793299913406372,0.0,2.793299913406372,2.793299913406372,2.793299913406372,0.0,0
2009-09-17,2.030848264694214,0.0,2.7850000858306885,0.0,2.7850000858306885,2.7850000858306885,2.7850000858306885,0.0,0
2009-09-18,2.036900281906128,0.0,2.793299913406372,0.0,2.793299913406372,2.793299913406372,2.793299913406372,0.0,0
2009-09-21,2.029608726501465,0.0,2.7832999229431152,0.0,2.7832999229431152,2.7832999229431152,2.7832999229431152,0.0,0
2009-09-22,2.0430262088775635,0.0,2.8017001152038574,0.0,2.8017001152038574,2.8017001152038574,2.8017001152038574,0.0,0
2009-09-23,2.0223166942596436,0.0,2.7732999324798584,0.0,2.7732999324798584,2.7732999324798584,2.7732999324798584,0.0,0
2009-09-24,2.0029194355010986,0.0,2.7467000484466553,0.0,2.7467000484466553,2.7467000484466553,2.7467000484466553,0.0,0
2009-09-25,1.9919811487197876,0.0,2.7316999435424805,0.0,2.7316999435424805,2.7316999435424805,2.7316999435424805,0.0,0
2009-09-28,2.0272018909454346,0.0,2.7799999713897705,0.0,2.7799999713897705,2.7799999713897705,2.7799999713897705,0.0,0
2009-09-29,2.0223166942596436,0.0,2.7732999324798584,0.0,2.7732999324798584,2.7732999324798584,2.7732999324798584,0.0,0
2009-09-30,2.0162642002105713,0.0,2.765000104904175,0.0,2.765000104904175,2.765000104904175,2.765000104904175,0.0,0
2009-10-01,1.963979721069336,0.0,2.6933000087738037,0.0,2.6933000087738037,2.6933000087738037,2.6933000087738037,0.0,0
2009-10-02,1.955520510673523,0.0,2.6816999912261963,0.0,2.6816999912261963,2.6816999912261963,2.6816999912261963,0.0,0
2009-10-05,1.9846887588500977,0.0,2.7216999530792236,0.0,2.7216999530792236,2.7216999530792236,2.7216999530792236,0.0,0
2009-10-06,2.011378288269043,0.0,2.7583000659942627,0.0,2.7583000659942627,2.7583000659942627,2.7583000659942627,0.0,0
2009-10-07,2.0186705589294434,0.0,2.7683000564575195,0.0,2.7683000564575195,2.7683000564575195,2.7683000564575195,0.0,0
2009-10-08,2.0332541465759277,0.0,2.788300037384033,0.0,2.788300037384033,2.788300037384033,2.788300037384033,0.0,0
2009-10-09,2.0454318523406982,0.0,2.805000066757202,0.0,2.805000066757202,2.805000066757202,2.805000066757202,0.0,0
2009-10-12,2.053964138031006,0.0,2.816699981689453,0.0,2.816699981689453,2.816699981689453,2.816699981689453,0.0,0
2009-10-13,2.0478386878967285,0.0,2.808300018310547,0.0,2.808300018310547,2.808300018310547,2.808300018310547,0.0,0
2009-10-14,2.084299087524414,0.0,2.858299970626831,0.0,2.858299970626831,2.858299970626831,2.858299970626831,0.0,0
2009-10-15,2.0928308963775635,0.0,2.869999885559082,0.0,2.869999885559082,2.869999885559082,2.869999885559082,0.0,0
2009-10-16,2.0758399963378906,0.0,2.8466999530792236,0.0,2.8466999530792236,2.8466999530792236,2.8466999530792236,0.0,0
2009-10-19,2.0952372550964355,0.0,2.873300075531006,0.0,2.873300075531006,2.873300075531006,2.873300075531006,0.0,0
2009-10-20,2.083132028579712,0.0,2.8566999435424805,0.0,2.8566999435424805,2.8566999435424805,2.8566999435424805,0.0,0
2009-10-21,2.0649023056030273,0.0,2.831700086593628,0.0,2.831700086593628,2.831700086593628,2.831700086593628,0.0,0
2009-10-22,2.0867788791656494,0.0,2.8617000579833984,0.0,2.8617000579833984,2.8617000579833984,2.8617000579833984,0.0,0
2009-10-23,2.061255931854248,0.0,2.82669997215271,0.0,2.82669997215271,2.82669997215271,2.82669997215271,0.0,0
2009-10-26,2.036900281906128,0.0,2.793299913406372,0.0,2.793299913406372,2.793299913406372,2.793299913406372,0.0,0
2009-10-27,2.029608726501465,0.0,2.7832999229431152,0.0,2.7832999229431152,2.7832999229431152,2.7832999229431152,0.0,0
2009-10-28,1.9907416105270386,0.0,2.7300000190734863,0.0,2.7300000190734863,2.7300000190734863,2.7300000190734863,0.0,0
2009-10-29,2.035733938217163,0.0,2.7916998863220215,0.0,2.7916998863220215,2.7916998863220215,2.7916998863220215,0.0,0
2009-10-30,1.9785635471343994,0.0,2.7132999897003174,0.0,2.7132999897003174,2.7132999897003174,2.7132999897003174,0.0,0
2009-11-02,1.9907416105270386,0.0,2.7300000190734863,0.0,2.7300000190734863,2.7300000190734863,2.7300000190734863,0.0,0
2009-11-03,1.9967939853668213,0.0,2.738300085067749,0.0,2.738300085067749,2.738300085067749,2.738300085067749,0.0,0
2009-11-04,1.9992728233337402,0.0,2.7416999340057373,0.0,2.7416999340057373,2.7416999340057373,2.7416999340057373,0.0,0
2009-11-05,2.038140296936035,0.0,2.7950000762939453,0.0,2.7950000762939453,2.7950000762939453,2.7950000762939453,0.0,0
2009-11-06,2.0430262088775635,0.0,2.8017001152038574,0.0,2.8017001152038574,2.8017001152038574,2.8017001152038574,0.0,0
2009-11-09,2.089184284210205,0.0,2.865000009536743,0.0,2.865000009536743,2.865000009536743,2.865000009536743,0.0,0
2009-11-10,2.089184284210205,0.0,2.865000009536743,0.0,2.865000009536743,2.865000009536743,2.865000009536743,0.0,0
2009-11-11,2.100123167037964,0.0,2.880000114440918,0.0,2.880000114440918,2.880000114440918,2.880000114440918,0.0,0
2009-11-12,2.078246593475342,0.0,2.8499999046325684,0.0,2.8499999046325684,2.8499999046325684,2.8499999046325684,0.0,0
2009-11-13,2.0904242992401123,0.0,2.8666999340057373,0.0,2.8666999340057373,2.8666999340057373,2.8666999340057373,0.0,0
2009-11-16,2.1207590103149414,0.0,2.9082999229431152,0.0,2.9082999229431152,2.9082999229431152,2.9082999229431152,0.0,0
2009-11-17,2.1232388019561768,0.0,2.9117000102996826,0.0,2.9117000102996826,2.9117000102996826,2.9117000102996826,0.0,0
2009-11-18,2.1232388019561768,0.0,2.9117000102996826,0.0,2.9117000102996826,2.9117000102996826,2.9117000102996826,0.0,0
2009-11-19,2.0940704345703125,0.0,2.8717000484466553,0.0,2.8717000484466553,2.8717000484466553,2.8717000484466553,0.0,0
2009-11-20,2.087944746017456,0.0,2.863300085067749,0.0,2.863300085067749,2.863300085067749,2.863300085067749,0.0,0
2009-11-23,2.1159467697143555,0.0,2.901700019836426,0.0,2.901700019836426,2.901700019836426,2.901700019836426,0.0,0
2009-11-24,2.1159467697143555,0.0,2.901700019836426,0.0,2.901700019836426,2.901700019836426,2.901700019836426,0.0,0
2009-11-25,2.125645160675049,0.0,2.9149999618530273,0.0,2.9149999618530273,2.9149999618530273,2.9149999618530273,0.0,0
2009-11-27,2.089184284210205,0.0,2.865000009536743,0.0,2.865000009536743,2.865000009536743,2.865000009536743,0.0,0
2009-11-30,2.0977165699005127,0.0,2.876699924468994,0.0,2.876699924468994,2.876699924468994,2.876699924468994,0.0,0
2009-12-01,2.1219990253448486,0.0,2.9100000858306885,0.0,2.9100000858306885,2.9100000858306885,2.9100000858306885,0.0,0
2009-12-02,2.1232388019561768,0.0,2.9117000102996826,0.0,2.9117000102996826,2.9117000102996826,2.9117000102996826,0.0,0
2009-12-03,2.106175661087036,0.0,2.8882999420166016,0.0,2.8882999420166016,2.8882999420166016,2.8882999420166016,0.0,0
2009-12-04,2.1171133518218994,0.0,2.9033000469207764,0.0,2.9033000469207764,2.9033000469207764,2.9033000469207764,0.0,0
2009-12-07,2.112300395965576,0.0,2.896699905395508,0.0,2.896699905395508,2.896699905395508,2.896699905395508,0.0,0
2009-12-08,2.0904242992401123,0.0,2.8666999340057373,0.0,2.8666999340057373,2.8666999340057373,2.8666999340057373,0.0,0
2009-12-09,2.0988833904266357,0.0,2.8782999515533447,0.0,2.8782999515533447,2.8782999515533447,2.8782999515533447,0.0,0
2009-12-10,2.111729145050049,0.0,2.8550000190734863,0.040667,2.8550000190734863,2.8550000190734863,2.8550000190734863,0.0,0
2009-12-11,2.1191253662109375,0.0,2.865000009536743,0.0,2.865000009536743,2.865000009536743,2.865000009536743,0.0,0
2009-12-14,2.133918285369873,0.0,2.884999990463257,0.0,2.884999990463257,2.884999990463257,2.884999990463257,0.0,0
2009-12-15,2.12282395362854,0.0,2.869999885559082,0.0,2.869999885559082,2.869999885559082,2.869999885559082,0.0,0
2009-12-16,2.125264883041382,0.0,2.873300075531006,0.0,2.873300075531006,2.873300075531006,2.873300075531006,0.0,0
2009-12-17,2.0993764400482178,0.0,2.8382999897003174,0.0,2.8382999897003174,2.8382999897003174,2.8382999897003174,0.0,0
2009-12-18,2.111729145050049,0.0,2.8550000190734863,0.0,2.8550000190734863,2.8550000190734863,2.8550000190734863,0.0,0
2009-12-21,2.133918285369873,0.0,2.884999990463257,0.0,2.884999990463257,2.884999990463257,2.884999990463257,0.0,0
2009-12-22,2.1425728797912598,0.0,2.896699905395508,0.0,2.896699905395508,2.896699905395508,2.896699905395508,0.0,0
2009-12-23,2.1474545001983643,0.0,2.9033000469207764,0.0,2.9033000469207764,2.9033000469207764,2.9033000469207764,0.0,0
2009-12-24,2.1585490703582764,0.0,2.918299913406372,0.0,2.918299913406372,2.918299913406372,2.918299913406372,0.0,0
2009-12-28,2.1610641479492188,0.0,2.9217000007629395,0.0,2.9217000007629395,2.9217000007629395,2.9217000007629395,0.0,0
2009-12-29,2.1585490703582764,0.0,2.918299913406372,0.0,2.918299913406372,2.918299913406372,2.918299913406372,0.0,0
2009-12-30,2.159806966781616,0.0,2.9200000762939453,0.0,2.9200000762939453,2.9200000762939453,2.9200000762939453,0.0,0
2009-12-31,2.1376171112060547,0.0,2.890000104904175,0.0,2.890000104904175,2.890000104904175,2.890000104904175,0.0,0
2010-01-04,2.172159194946289,0.0,2.9367001056671143,0.0,2.9367001056671143,2.9367001056671143,2.9367001056671143,0.0,0
2010-01-05,2.1782984733581543,0.0,2.944999933242798,0.0,2.944999933242798,2.944999933242798,2.944999933242798,0.0,0
2010-01-06,2.180739164352417,0.0,2.9482998847961426,0.0,2.9482998847961426,2.9482998847961426,2.9482998847961426,0.0,0
2010-01-07,2.1893930435180664,0.0,2.9600000381469727,0.0,2.9600000381469727,2.9600000381469727,2.9600000381469727,0.0,0
2010-01-08,2.1955323219299316,0.0,2.9683001041412354,0.0,2.9683001041412354,2.9683001041412354,2.9683001041412354,0.0,0
2010-01-11,2.2004880905151367,0.0,2.9749999046325684,0.0,2.9749999046325684,2.9749999046325684,2.9749999046325684,0.0,0
2010-01-12,2.1795554161071777,0.0,2.946700096130371,0.0,2.946700096130371,2.946700096130371,2.946700096130371,0.0,0
2010-01-13,2.198047399520874,0.0,2.9716999530792236,0.0,2.9716999530792236,2.9716999530792236,2.9716999530792236,0.0,0
2010-01-14,2.2029294967651367,0.0,2.978300094604492,0.0,2.978300094604492,2.978300094604492,2.978300094604492,0.0,0
2010-01-15,2.1795554161071777,0.0,2.946700096130371,0.0,2.946700096130371,2.946700096130371,2.946700096130371,0.0,0
2010-01-19,2.206627607345581,0.0,2.983299970626831,0.0,2.983299970626831,2.983299970626831,2.983299970626831,0.0,0
2010-01-20,2.183253765106201,0.0,2.95169997215271,0.0,2.95169997215271,2.95169997215271,2.95169997215271,0.0,0
2010-01-21,2.1425728797912598,0.0,2.896699905395508,0.0,2.896699905395508,2.896699905395508,2.896699905395508,0.0,0
2010-01-22,2.0956785678863525,0.0,2.8333001136779785,0.0,2.8333001136779785,2.8333001136779785,2.8333001136779785,0.0,0
2010-01-25,2.104332447052002,0.0,2.8450000286102295,0.0,2.8450000286102295,2.8450000286102295,2.8450000286102295,0.0,0
2010-01-26,2.0956785678863525,0.0,2.8333001136779785,0.0,2.8333001136779785,2.8333001136779785,2.8333001136779785,0.0,0
2010-01-27,2.1067728996276855,0.0,2.848299980163574,0.0,2.848299980163574,2.848299980163574,2.848299980163574,0.0,0
2010-01-28,2.0821425914764404,0.0,2.815000057220459,0.0,2.815000057220459,2.815000057220459,2.815000057220459,0.0,0
2010-01-29,2.0612101554870605,0.0,2.7867000102996826,0.0,2.7867000102996826,2.7867000102996826,2.7867000102996826,0.0,0
2010-02-01,2.090796709060669,0.0,2.82669997215271,0.0,2.82669997215271,2.82669997215271,2.82669997215271,0.0,0
2010-02-02,2.117868185043335,0.0,2.863300085067749,0.0,2.863300085067749,2.863300085067749,2.863300085067749,0.0,0
2010-02-03,2.1067728996276855,0.0,2.848299980163574,0.0,2.848299980163574,2.848299980163574,2.848299980163574,0.0,0
2010-02-04,2.041461706161499,0.0,2.759999990463257,0.0,2.759999990463257,2.759999990463257,2.759999990463257,0.0,0
2010-02-05,2.047600746154785,0.0,2.7683000564575195,0.0,2.7683000564575195,2.7683000564575195,2.7683000564575195,0.0,0
2010-02-08,2.0303664207458496,0.0,2.744999885559082,0.0,2.744999885559082,2.744999885559082,2.744999885559082,0.0,0
2010-02-09,2.0562543869018555,0.0,2.7799999713897705,0.0,2.7799999713897705,2.7799999713897705,2.7799999713897705,0.0,0
2010-02-10,2.052556037902832,0.0,2.7750000953674316,0.0,2.7750000953674316,2.7750000953674316,2.7750000953674316,0.0,0
2010-02-11,2.072305202484131,0.0,2.8017001152038574,0.0,2.8017001152038574,2.8017001152038574,2.8017001152038574,0.0,0
2010-02-12,2.067349672317505,0.0,2.7950000762939453,0.0,2.7950000762939453,2.7950000762939453,2.7950000762939453,0.0,0
2010-02-16,2.1055893898010254,0.0,2.8466999530792236,0.0,2.8466999530792236,2.8466999530792236,2.8466999530792236,0.0,0
2010-02-17,2.114169120788574,0.0,2.858299970626831,0.0,2.858299970626831,2.858299970626831,2.858299970626831,0.0,0
2010-02-18,2.1289632320404053,0.0,2.8782999515533447,0.0,2.8782999515533447,2.8782999515533447,2.8782999515533447,0.0,0
2010-02-19,2.133918285369873,0.0,2.884999990463257,0.0,2.884999990463257,2.884999990463257,2.884999990463257,0.0,0
2010-02-22,2.1314778327941895,0.0,2.881700038909912,0.0,2.881700038909912,2.881700038909912,2.881700038909912,0.0,0
2010-02-23,2.1055893898010254,0.0,2.8466999530792236,0.0,2.8466999530792236,2.8466999530792236,2.8466999530792236,0.0,0
2010-02-24,2.1265218257904053,0.0,2.875,0.0,2.875,2.875,2.875,0.0,0
2010-02-25,2.12282395362854,0.0,2.869999885559082,0.0,2.869999885559082,2.869999885559082,2.869999885559082,0.0,0
2010-02-26,2.125264883041382,0.0,2.873300075531006,0.0,2.873300075531006,2.873300075531006,2.873300075531006,0.0,0
2010-03-01,2.146270990371704,0.0,2.901700019836426,0.0,2.901700019836426,2.901700019836426,2.901700019836426,0.0,0
2010-03-02,2.152409791946411,0.0,2.9100000858306885,0.0,2.9100000858306885,2.9100000858306885,2.9100000858306885,0.0,0
2010-03-03,2.152409791946411,0.0,2.9100000858306885,0.0,2.9100000858306885,2.9100000858306885,2.9100000858306885,0.0,0
2010-03-04,2.1610641479492188,0.0,2.9217000007629395,0.0,2.9217000007629395,2.9217000007629395,2.9217000007629395,0.0,0
2010-03-05,2.191833972930908,0.0,2.9632999897003174,0.0,2.9632999897003174,2.9632999897003174,2.9632999897003174,0.0,0
2010-03-08,2.191833972930908,0.0,2.9632999897003174,0.0,2.9632999897003174,2.9632999897003174,2.9632999897003174,0.0,0
2010-03-09,2.1955323219299316,0.0,2.9683001041412354,0.0,2.9683001041412354,2.9683001041412354,2.9683001041412354,0.0,0
2010-03-10,2.2054433822631836,0.0,2.9816999435424805,0.0,2.9816999435424805,2.9816999435424805,2.9816999435424805,0.0,0
2010-03-11,2.2152812480926514,0.0,2.994999885559082,0.0,2.994999885559082,2.994999885559082,2.994999885559082,0.0,0
2010-03-12,2.214024066925049,0.0,2.993299961090088,0.0,2.993299961090088,2.993299961090088,2.993299961090088,0.0,0
2010-03-15,2.2152812480926514,0.0,2.994999885559082,0.0,2.994999885559082,2.994999885559082,2.994999885559082,0.0,0
2010-03-16,2.2325150966644287,0.0,3.0183000564575195,0.0,3.0183000564575195,3.0183000564575195,3.0183000564575195,0.0,0
2010-03-17,2.2461252212524414,0.0,3.0367000102996826,0.0,3.0367000102996826,3.0367000102996826,3.0367000102996826,0.0,0
2010-03-18,2.244868040084839,0.0,3.0350000858306885,0.0,3.0350000858306885,3.0350000858306885,3.0350000858306885,0.0,0
2010-03-19,2.2337725162506104,0.0,3.0199999809265137,0.0,3.0199999809265137,3.0199999809265137,3.0199999809265137,0.0,0
2010-03-22,2.244868040084839,0.0,3.0350000858306885,0.0,3.0350000858306885,3.0350000858306885,3.0350000858306885,0.0,0
2010-03-23,2.260918140411377,0.0,3.0566999912261963,0.0,3.0566999912261963,3.0566999912261963,3.0566999912261963,0.0,0
2010-03-24,2.2485663890838623,0.0,3.0399999618530273,0.0,3.0399999618530273,3.0399999618530273,3.0399999618530273,0.0,0
2010-03-25,2.244868040084839,0.0,3.0350000858306885,0.0,3.0350000858306885,3.0350000858306885,3.0350000858306885,0.0,0
2010-03-26,2.2473084926605225,0.0,3.038300037384033,0.0,3.038300037384033,3.038300037384033,3.038300037384033,0.0,0
2010-03-29,2.2596609592437744,0.0,3.055000066757202,0.0,3.055000066757202,3.055000066757202,3.055000066757202,0.0,0
2010-03-30,2.260918140411377,0.0,3.0566999912261963,0.0,3.0566999912261963,3.0566999912261963,3.0566999912261963,0.0,0
2010-03-31,2.2535219192504883,0.0,3.0467000007629395,0.0,3.0467000007629395,3.0467000007629395,3.0467000007629395,0.0,0
2010-04-01,2.269498348236084,0.0,3.0683000087738037,0.0,3.0683000087738037,3.0683000087738037,3.0683000087738037,0.0,0
2010-04-05,2.287989854812622,0.0,3.0933001041412354,0.0,3.0933001041412354,3.0933001041412354,3.0933001041412354,0.0,0
2010-04-06,2.2916884422302246,0.0,3.098299980163574,0.0,3.098299980163574,3.098299980163574,3.098299980163574,0.0,0
2010-04-07,2.279409885406494,0.0,3.081700086593628,0.0,3.081700086593628,3.081700086593628,3.081700086593628,0.0,0
2010-04-08,2.286806344985962,0.0,3.0917000770568848,0.0,3.0917000770568848,3.0917000770568848,3.0917000770568848,0.0,0
2010-04-09,2.3015995025634766,0.0,3.1117000579833984,0.0,3.1117000579833984,3.1117000579833984,3.1117000579833984,0.0,0
2010-04-12,2.30648136138916,0.0,3.118299961090088,0.0,3.118299961090088,3.118299961090088,3.118299961090088,0.0,0
2010-04-13,2.3077385425567627,0.0,3.119999885559082,0.0,3.119999885559082,3.119999885559082,3.119999885559082,0.0,0
2010-04-14,2.3336269855499268,0.0,3.1549999713897705,0.0,3.1549999713897705,3.1549999713897705,3.1549999713897705,0.0,0
2010-04-15,2.33488392829895,0.0,3.1566998958587646,0.0,3.1566998958587646,3.1566998958587646,3.1566998958587646,0.0,0
2010-04-16,2.2979013919830322,0.0,3.1066999435424805,0.0,3.1066999435424805,3.1066999435424805,3.1066999435424805,0.0,0
2010-04-19,2.3089964389801025,0.0,3.1217000484466553,0.0,3.1217000484466553,3.1217000484466553,3.1217000484466553,0.0,0
2010-04-20,2.3274874687194824,0.0,3.146699905395508,0.0,3.146699905395508,3.146699905395508,3.146699905395508,0.0,0
2010-04-21,2.324972629547119,0.0,3.1433000564575195,0.0,3.1433000564575195,3.1433000564575195,3.1433000564575195,0.0,0
2010-04-22,2.3299288749694824,0.0,3.1500000953674316,0.0,3.1500000953674316,3.1500000953674316,3.1500000953674316,0.0,0
2010-04-23,2.3459789752960205,0.0,3.1717000007629395,0.0,3.1717000007629395,3.1717000007629395,3.1717000007629395,0.0,0
2010-04-26,2.3360676765441895,0.0,3.1582999229431152,0.0,3.1582999229431152,3.1582999229431152,3.1582999229431152,0.0,0
2010-04-27,2.281851053237915,0.0,3.0850000381469727,0.0,3.0850000381469727,3.0850000381469727,3.0850000381469727,0.0,0
2010-04-28,2.2966442108154297,0.0,3.1050000190734863,0.0,3.1050000190734863,3.1050000190734863,3.1050000190734863,0.0,0
2010-04-29,2.3274874687194824,0.0,3.146699905395508,0.0,3.146699905395508,3.146699905395508,3.146699905395508,0.0,0
2010-04-30,2.287989854812622,0.0,3.0933001041412354,0.0,3.0933001041412354,3.0933001041412354,3.0933001041412354,0.0,0
2010-05-03,2.3175761699676514,0.0,3.1333000659942627,0.0,3.1333000659942627,3.1333000659942627,3.1333000659942627,0.0,0
2010-05-04,2.263359308242798,0.0,3.059999942779541,0.0,3.059999942779541,3.059999942779541,3.059999942779541,0.0,0
2010-05-05,2.263359308242798,0.0,3.059999942779541,0.0,3.059999942779541,3.059999942779541,3.059999942779541,0.0,0
2010-05-06,2.1770405769348145,0.0,2.9433000087738037,0.0,2.9433000087738037,2.9433000087738037,2.9433000087738037,0.0,0
2010-05-07,2.143756151199341,0.0,2.8982999324798584,0.0,2.8982999324798584,2.8982999324798584,2.8982999324798584,0.0,0
2010-05-10,2.237471103668213,0.0,3.0250000953674316,0.0,3.0250000953674316,3.0250000953674316,3.0250000953674316,0.0,0
2010-05-11,2.230074405670166,0.0,3.015000104904175,0.0,3.015000104904175,3.015000104904175,3.015000104904175,0.0,0
2010-05-12,2.262101411819458,0.0,3.058300018310547,0.0,3.058300018310547,3.058300018310547,3.058300018310547,0.0,0
2010-05-13,2.23503041267395,0.0,3.021699905395508,0.0,3.021699905395508,3.021699905395508,3.021699905395508,0.0,0
2010-05-14,2.19309139251709,0.0,2.9649999141693115,0.0,2.9649999141693115,2.9649999141693115,2.9649999141693115,0.0,0
2010-05-17,2.1955323219299316,0.0,2.9683001041412354,0.0,2.9683001041412354,2.9683001041412354,2.9683001041412354,0.0,0
2010-05-18,2.164762496948242,0.0,2.9267001152038574,0.0,2.9267001152038574,2.9267001152038574,2.9267001152038574,0.0,0
2010-05-19,2.15366792678833,0.0,2.9117000102996826,0.0,2.9117000102996826,2.9117000102996826,2.9117000102996826,0.0,0
2010-05-20,2.0710480213165283,0.0,2.799999952316284,0.0,2.799999952316284,2.799999952316284,2.799999952316284,0.0,0
2010-05-21,2.1018919944763184,0.0,2.8417000770568848,0.0,2.8417000770568848,2.8417000770568848,2.8417000770568848,0.0,0
2010-05-24,2.0747458934783936,0.0,2.805000066757202,0.0,2.805000066757202,2.805000066757202,2.805000066757202,0.0,0
2010-05-25,2.0760035514831543,0.0,2.8066999912261963,0.0,2.8066999912261963,2.8066999912261963,2.8066999912261963,0.0,0
2010-05-26,2.0636515617370605,0.0,2.7899999618530273,0.0,2.7899999618530273,2.7899999618530273,2.7899999618530273,0.0,0
2010-05-27,2.1326615810394287,0.0,2.8833000659942627,0.0,2.8833000659942627,2.8833000659942627,2.8833000659942627,0.0,0
2010-05-28,2.1055893898010254,0.0,2.8466999530792236,0.0,2.8466999530792236,2.8466999530792236,2.8466999530792236,0.0,0
2010-06-01,2.0697906017303467,0.0,2.79830002784729,0.0,2.79830002784729,2.79830002784729,2.79830002784729,0.0,0
2010-06-02,2.1240811347961426,0.0,2.8717000484466553,0.0,2.8717000484466553,2.8717000484466553,2.8717000484466553,0.0,0
2010-06-03,2.1326615810394287,0.0,2.8833000659942627,0.0,2.8833000659942627,2.8833000659942627,2.8833000659942627,0.0,0
2010-06-04,2.0599524974823,0.0,2.7850000858306885,0.0,2.7850000858306885,2.7850000858306885,2.7850000858306885,0.0,0
2010-06-07,2.0316240787506104,0.0,2.7467000484466553,0.0,2.7467000484466553,2.7467000484466553,2.7467000484466553,0.0,0
2010-06-08,2.054997205734253,0.0,2.7783000469207764,0.0,2.7783000469207764,2.7783000469207764,2.7783000469207764,0.0,0
2010-06-09,2.0427186489105225,0.0,2.761699914932251,0.0,2.761699914932251,2.761699914932251,2.761699914932251,0.0,0
2010-06-10,2.1018919944763184,0.0,2.8417000770568848,0.0,2.8417000770568848,2.8417000770568848,2.8417000770568848,0.0,0
2010-06-11,2.111729145050049,0.0,2.8550000190734863,0.0,2.8550000190734863,2.8550000190734863,2.8550000190734863,0.0,0
2010-06-14,2.1080305576324463,0.0,2.8499999046325684,0.0,2.8499999046325684,2.8499999046325684,2.8499999046325684,0.0,0
2010-06-15,2.1573660373687744,0.0,2.9166998863220215,0.0,2.9166998863220215,2.9166998863220215,2.9166998863220215,0.0,0
2010-06-16,2.1573660373687744,0.0,2.9166998863220215,0.0,2.9166998863220215,2.9166998863220215,2.9166998863220215,0.0,0
2010-06-17,2.159806966781616,0.0,2.9200000762939453,0.0,2.9200000762939453,2.9200000762939453,2.9200000762939453,0.0,0
2010-06-18,2.162247896194458,0.0,2.92330002784729,0.0,2.92330002784729,2.92330002784729,2.92330002784729,0.0,0
2010-06-21,2.154851198196411,0.0,2.913300037384033,0.0,2.913300037384033,2.913300037384033,2.913300037384033,0.0,0
2010-06-22,2.1203832626342773,0.0,2.8666999340057373,0.0,2.8666999340057373,2.8666999340057373,2.8666999340057373,0.0,0
2010-06-23,2.114169120788574,0.0,2.858299970626831,0.0,2.858299970626831,2.858299970626831,2.858299970626831,0.0,0
2010-06-24,2.078444004058838,0.0,2.809999942779541,0.0,2.809999942779541,2.809999942779541,2.809999942779541,0.0,0
2010-06-25,2.084583044052124,0.0,2.8183000087738037,0.0,2.8183000087738037,2.8183000087738037,2.8183000087738037,0.0,0
2010-06-28,2.0808846950531006,0.0,2.8132998943328857,0.0,2.8132998943328857,2.8132998943328857,2.8132998943328857,0.0,0
2010-06-29,2.015573024749756,0.0,2.7249999046325684,0.0,2.7249999046325684,2.7249999046325684,2.7249999046325684,0.0,0
2010-06-30,1.9958244562149048,0.0,2.6982998847961426,0.0,2.6982998847961426,2.6982998847961426,2.6982998847961426,0.0,0
2010-07-01,1.9896849393844604,0.0,2.690000057220459,0.0,2.690000057220459,2.690000057220459,2.690000057220459,0.0,0
2010-07-02,1.9810309410095215,0.0,2.678299903869629,0.0,2.678299903869629,2.678299903869629,2.678299903869629,0.0,0
2010-07-06,1.990942120552063,0.0,2.691699981689453,0.0,2.691699981689453,2.691699981689453,2.691699981689453,0.0,0
2010-07-07,2.0538129806518555,0.0,2.776700019836426,0.0,2.776700019836426,2.776700019836426,2.776700019836426,0.0,0
2010-07-08,2.073488235473633,0.0,2.803299903869629,0.0,2.803299903869629,2.803299903869629,2.803299903869629,0.0,0
2010-07-09,2.0882821083068848,0.0,2.8232998847961426,0.0,2.8232998847961426,2.8232998847961426,2.8232998847961426,0.0,0
2010-07-12,2.0895392894744873,0.0,2.825000047683716,0.0,2.825000047683716,2.825000047683716,2.825000047683716,0.0,0
2010-07-13,2.1215662956237793,0.0,2.868299961090088,0.0,2.868299961090088,2.868299961090088,2.868299961090088,0.0,0
2010-07-14,2.1215662956237793,0.0,2.868299961090088,0.0,2.868299961090088,2.868299961090088,2.868299961090088,0.0,0
2010-07-15,2.1240811347961426,0.0,2.8717000484466553,0.0,2.8717000484466553,2.8717000484466553,2.8717000484466553,0.0,0
2010-07-16,2.0636515617370605,0.0,2.7899999618530273,0.0,2.7899999618530273,2.7899999618530273,2.7899999618530273,0.0,0
2010-07-19,2.0760035514831543,0.0,2.8066999912261963,0.0,2.8066999912261963,2.8066999912261963,2.8066999912261963,0.0,0
2010-07-20,2.0993764400482178,0.0,2.8382999897003174,0.0,2.8382999897003174,2.8382999897003174,2.8382999897003174,0.0,0
2010-07-21,2.072305202484131,0.0,2.8017001152038574,0.0,2.8017001152038574,2.8017001152038574,2.8017001152038574,0.0,0
2010-07-22,2.1191253662109375,0.0,2.865000009536743,0.0,2.865000009536743,2.865000009536743,2.865000009536743,0.0,0
2010-07-23,2.136359691619873,0.0,2.8882999420166016,0.0,2.8882999420166016,2.8882999420166016,2.8882999420166016,0.0,0
2010-07-26,2.1610641479492188,0.0,2.9217000007629395,0.0,2.9217000007629395,2.9217000007629395,2.9217000007629395,0.0,0
2010-07-27,2.1585490703582764,0.0,2.918299913406372,0.0,2.918299913406372,2.918299913406372,2.918299913406372,0.0,0
2010-07-28,2.143756151199341,0.0,2.8982999324798584,0.0,2.8982999324798584,2.8982999324798584,2.8982999324798584,0.0,0
2010-07-29,2.135175943374634,0.0,2.886699914932251,0.0,2.886699914932251,2.886699914932251,2.886699914932251,0.0,0
2010-07-30,2.135175943374634,0.0,2.886699914932251,0.0,2.886699914932251,2.886699914932251,2.886699914932251,0.0,0
2010-08-02,2.181997060775757,0.0,2.950000047683716,0.0,2.950000047683716,2.950000047683716,2.950000047683716,0.0,0
2010-08-03,2.172159194946289,0.0,2.9367001056671143,0.0,2.9367001056671143,2.9367001056671143,2.9367001056671143,0.0,0
2010-08-04,2.185694694519043,0.0,2.9549999237060547,0.0,2.9549999237060547,2.9549999237060547,2.9549999237060547,0.0,0
2010-08-05,2.183253765106201,0.0,2.95169997215271,0.0,2.95169997215271,2.95169997215271,2.95169997215271,0.0,0
2010-08-06,2.17460036277771,0.0,2.940000057220459,0.0,2.940000057220459,2.940000057220459,2.940000057220459,0.0,0
2010-08-09,2.186952590942383,0.0,2.956700086593628,0.0,2.956700086593628,2.956700086593628,2.956700086593628,0.0,0
2010-08-10,2.17460036277771,0.0,2.940000057220459,0.0,2.940000057220459,2.940000057220459,2.940000057220459,0.0,0
2010-08-11,2.114169120788574,0.0,2.858299970626831,0.0,2.858299970626831,2.858299970626831,2.858299970626831,0.0,0
2010-08-12,2.1030750274658203,0.0,2.8433001041412354,0.0,2.8433001041412354,2.8433001041412354,2.8433001041412354,0.0,0
2010-08-13,2.094494581222534,0.0,2.831700086593628,0.0,2.831700086593628,2.831700086593628,2.831700086593628,0.0,0
2010-08-16,2.094494581222534,0.0,2.831700086593628,0.0,2.831700086593628,2.831700086593628,2.831700086593628,0.0,0
2010-08-17,2.1203832626342773,0.0,2.8666999340057373,0.0,2.8666999340057373,2.8666999340057373,2.8666999340057373,0.0,0
2010-08-18,2.1240811347961426,0.0,2.8717000484466553,0.0,2.8717000484466553,2.8717000484466553,2.8717000484466553,0.0,0
2010-08-19,2.0882821083068848,0.0,2.8232998847961426,0.0,2.8232998847961426,2.8232998847961426,2.8232998847961426,0.0,0
2010-08-20,2.0808846950531006,0.0,2.8132998943328857,0.0,2.8132998943328857,2.8132998943328857,2.8132998943328857,0.0,0
2010-08-23,2.072305202484131,0.0,2.8017001152038574,0.0,2.8017001152038574,2.8017001152038574,2.8017001152038574,0.0,0
2010-08-24,2.0427186489105225,0.0,2.761699914932251,0.0,2.761699914932251,2.761699914932251,2.761699914932251,0.0,0
2010-08-25,2.0501153469085693,0.0,2.771699905395508,0.0,2.771699905395508,2.771699905395508,2.771699905395508,0.0,0
2010-08-26,2.034064769744873,0.0,2.75,0.0,2.75,2.75,2.75,0.0,0
2010-08-27,2.068606376647949,0.0,2.7967000007629395,0.0,2.7967000007629395,2.7967000007629395,2.7967000007629395,0.0,0
2010-08-30,2.0377635955810547,0.0,2.755000114440918,0.0,2.755000114440918,2.755000114440918,2.755000114440918,0.0,0
2010-08-31,2.0390207767486572,0.0,2.756700038909912,0.0,2.756700038909912,2.756700038909912,2.756700038909912,0.0,0
2010-09-01,2.0993764400482178,0.0,2.8382999897003174,0.0,2.8382999897003174,2.8382999897003174,2.8382999897003174,0.0,0
2010-09-02,2.117868185043335,0.0,2.863300085067749,0.0,2.863300085067749,2.863300085067749,2.863300085067749,0.0,0
2010-09-03,2.146270990371704,0.0,2.901700019836426,0.0,2.901700019836426,2.901700019836426,2.901700019836426,0.0,0
2010-09-07,2.1215662956237793,0.0,2.868299961090088,0.0,2.868299961090088,2.868299961090088,2.868299961090088,0.0,0
2010-09-08,2.136359691619873,0.0,2.8882999420166016,0.0,2.8882999420166016,2.8882999420166016,2.8882999420166016,0.0,0
2010-09-09,2.146270990371704,0.0,2.901700019836426,0.0,2.901700019836426,2.901700019836426,2.901700019836426,0.0,0
2010-09-10,2.1573660373687744,0.0,2.9166998863220215,0.0,2.9166998863220215,2.9166998863220215,2.9166998863220215,0.0,0
2010-09-13,2.181997060775757,0.0,2.950000047683716,0.0,2.950000047683716,2.950000047683716,2.950000047683716,0.0,0
2010-09-14,2.1795554161071777,0.0,2.946700096130371,0.0,2.946700096130371,2.946700096130371,2.946700096130371,0.0,0
2010-09-15,2.188136100769043,0.0,2.9583001136779785,0.0,2.9583001136779785,2.9583001136779785,2.9583001136779785,0.0,0
2010-09-16,2.186952590942383,0.0,2.956700086593628,0.0,2.956700086593628,2.956700086593628,2.956700086593628,0.0,0
2010-09-17,2.1893930435180664,0.0,2.9600000381469727,0.0,2.9600000381469727,2.9600000381469727,2.9600000381469727,0.0,0
2010-09-20,2.2226779460906982,0.0,3.005000114440918,0.0,3.005000114440918,3.005000114440918,3.005000114440918,0.0,0
2010-09-21,2.216538906097412,0.0,2.9967000484466553,0.0,2.9967000484466553,2.9967000484466553,2.9967000484466553,0.0,0
2010-09-22,2.206627607345581,0.0,2.983299970626831,0.0,2.983299970626831,2.983299970626831,2.983299970626831,0.0,0
2010-09-23,2.188136100769043,0.0,2.9583001136779785,0.0,2.9583001136779785,2.9583001136779785,2.9583001136779785,0.0,0
2010-09-24,2.2337725162506104,0.0,3.0199999809265137,0.0,3.0199999809265137,3.0199999809265137,3.0199999809265137,0.0,0
2010-09-27,2.221421003341675,0.0,3.0032999515533447,0.0,3.0032999515533447,3.0032999515533447,3.0032999515533447,0.0,0
2010-09-28,2.2325150966644287,0.0,3.0183000564575195,0.0,3.0183000564575195,3.0183000564575195,3.0183000564575195,0.0,0
2010-09-29,2.2276339530944824,0.0,3.011699914932251,0.0,3.011699914932251,3.011699914932251,3.011699914932251,0.0,0
2010-09-30,2.2202367782592773,0.0,3.001699924468994,0.0,3.001699924468994,3.001699924468994,3.001699924468994,0.0,0
2010-10-01,2.230074405670166,0.0,3.015000104904175,0.0,3.015000104904175,3.015000104904175,3.015000104904175,0.0,0
2010-10-04,2.2128400802612305,0.0,2.9916999340057373,0.0,2.9916999340057373,2.9916999340057373,2.9916999340057373,0.0,0
2010-10-05,2.2584033012390137,0.0,3.053299903869629,0.0,3.053299903869629,3.053299903869629,3.053299903869629,0.0,0
2010-10-06,2.2584033012390137,0.0,3.053299903869629,0.0,3.053299903869629,3.053299903869629,3.053299903869629,0.0,0
2010-10-07,2.2547054290771484,0.0,3.04830002784729,0.0,3.04830002784729,3.04830002784729,3.04830002784729,0.0,0
2010-10-08,2.268315076828003,0.0,3.066699981689453,0.0,3.066699981689453,3.066699981689453,3.066699981689453,0.0,0
2010-10-11,2.268315076828003,0.0,3.066699981689453,0.0,3.066699981689453,3.066699981689453,3.066699981689453,0.0,0
2010-10-12,2.276895046234131,0.0,3.0782999992370605,0.0,3.0782999992370605,3.0782999992370605,3.0782999992370605,0.0,0
2010-10-13,2.294203281402588,0.0,3.1017000675201416,0.0,3.1017000675201416,3.1017000675201416,3.1017000675201416,0.0,0
2010-10-14,2.2855489253997803,0.0,3.0899999141693115,0.0,3.0899999141693115,3.0899999141693115,3.0899999141693115,0.0,0
2010-10-15,2.2905051708221436,0.0,3.0966999530792236,0.0,3.0966999530792236,3.0966999530792236,3.0966999530792236,0.0,0
2010-10-18,2.30648136138916,0.0,3.118299961090088,0.0,3.118299961090088,3.118299961090088,3.118299961090088,0.0,0
2010-10-19,2.269498348236084,0.0,3.0683000087738037,0.0,3.0683000087738037,3.0683000087738037,3.0683000087738037,0.0,0
2010-10-20,2.294203281402588,0.0,3.1017000675201416,0.0,3.1017000675201416,3.1017000675201416,3.1017000675201416,0.0,0
2010-10-21,2.2979013919830322,0.0,3.1066999435424805,0.0,3.1066999435424805,3.1066999435424805,3.1066999435424805,0.0,0
2010-10-22,2.3040404319763184,0.0,3.115000009536743,0.0,3.115000009536743,3.115000009536743,3.115000009536743,0.0,0
2010-10-25,2.3089964389801025,0.0,3.1217000484466553,0.0,3.1217000484466553,3.1217000484466553,3.1217000484466553,0.0,0
2010-10-26,2.3089964389801025,0.0,3.1217000484466553,0.0,3.1217000484466553,3.1217000484466553,3.1217000484466553,0.0,0
2010-10-27,2.3027827739715576,0.0,3.113300085067749,0.0,3.113300085067749,3.113300085067749,3.113300085067749,0.0,0
2010-10-28,2.305298089981079,0.0,3.1166999340057373,0.0,3.1166999340057373,3.1166999340057373,3.1166999340057373,0.0,0
2010-10-29,2.305298089981079,0.0,3.1166999340057373,0.0,3.1166999340057373,3.1166999340057373,3.1166999340057373,0.0,0
2010-11-01,2.30648136138916,0.0,3.118299961090088,0.0,3.118299961090088,3.118299961090088,3.118299961090088,0.0,0
2010-11-02,2.324972629547119,0.0,3.1433000564575195,0.0,3.1433000564575195,3.1433000564575195,3.1433000564575195,0.0,0
2010-11-03,2.3336269855499268,0.0,3.1549999713897705,0.0,3.1549999713897705,3.1549999713897705,3.1549999713897705,0.0,0
2010-11-04,2.3792638778686523,0.0,3.2167000770568848,0.0,3.2167000770568848,3.2167000770568848,3.2167000770568848,0.0,0
2010-11-05,2.3878438472747803,0.0,3.228300094604492,0.0,3.228300094604492,3.228300094604492,3.228300094604492,0.0,0
2010-11-08,2.382962465286255,0.0,3.2216999530792236,0.0,3.2216999530792236,3.2216999530792236,3.2216999530792236,0.0,0
2010-11-09,2.3656537532806396,0.0,3.1982998847961426,0.0,3.1982998847961426,3.1982998847961426,3.1982998847961426,0.0,0
2010-11-10,2.375566005706787,0.0,3.211699962615967,0.0,3.211699962615967,3.211699962615967,3.211699962615967,0.0,0
2010-11-11,2.3656537532806396,0.0,3.1982998847961426,0.0,3.1982998847961426,3.1982998847961426,3.1982998847961426,0.0,0
2010-11-12,2.3385825157165527,0.0,3.1617000102996826,0.0,3.1617000102996826,3.1617000102996826,3.1617000102996826,0.0,0
2010-11-15,2.33488392829895,0.0,3.1566998958587646,0.0,3.1566998958587646,3.1566998958587646,3.1566998958587646,0.0,0
2010-11-16,2.2979013919830322,0.0,3.1066999435424805,0.0,3.1066999435424805,3.1066999435424805,3.1066999435424805,0.0,0
2010-11-17,2.2990846633911133,0.0,3.108299970626831,0.0,3.108299970626831,3.108299970626831,3.108299970626831,0.0,0
2010-11-18,2.33488392829895,0.0,3.1566998958587646,0.0,3.1566998958587646,3.1566998958587646,3.1566998958587646,0.0,0
2010-11-19,2.339766025543213,0.0,3.163300037384033,0.0,3.163300037384033,3.163300037384033,3.163300037384033,0.0,0
2010-11-22,2.337325096130371,0.0,3.1600000858306885,0.0,3.1600000858306885,3.1600000858306885,3.1600000858306885,0.0,0
2010-11-23,2.3040404319763184,0.0,3.115000009536743,0.0,3.115000009536743,3.115000009536743,3.115000009536743,0.0,0
2010-11-24,2.337325096130371,0.0,3.1600000858306885,0.0,3.1600000858306885,3.1600000858306885,3.1600000858306885,0.0,0
2010-11-26,2.321274995803833,0.0,3.1382999420166016,0.0,3.1382999420166016,3.1382999420166016,3.1382999420166016,0.0,0
2010-11-29,2.318833589553833,0.0,3.134999990463257,0.0,3.134999990463257,3.134999990463257,3.134999990463257,0.0,0
2010-11-30,2.3040404319763184,0.0,3.115000009536743,0.0,3.115000009536743,3.115000009536743,3.115000009536743,0.0,0
2010-12-01,2.3545591831207275,0.0,3.183300018310547,0.0,3.183300018310547,3.183300018310547,3.183300018310547,0.0,0
2010-12-02,2.384145736694336,0.0,3.223299980163574,0.0,3.223299980163574,3.223299980163574,3.223299980163574,0.0,0
2010-12-03,2.3903589248657227,0.0,3.2316999435424805,0.0,3.2316999435424805,3.2316999435424805,3.2316999435424805,0.0,0
2010-12-06,2.3878438472747803,0.0,3.228300094604492,0.0,3.228300094604492,3.228300094604492,3.228300094604492,0.0,0
2010-12-07,2.389101266860962,0.0,3.2300000190734863,0.0,3.2300000190734863,3.2300000190734863,3.2300000190734863,0.0,0
2010-12-08,2.3977551460266113,0.0,3.2416999340057373,0.0,3.2416999340057373,3.2416999340057373,3.2416999340057373,0.0,0
2010-12-09,2.4075260162353516,0.0,3.194999933242798,0.059667,3.194999933242798,3.194999933242798,3.194999933242798,0.0,0
2010-12-10,2.4225971698760986,0.0,3.2149999141693115,0.0,3.2149999141693115,3.2149999141693115,3.2149999141693115,0.0,0
2010-12-13,2.4225971698760986,0.0,3.2149999141693115,0.0,3.2149999141693115,3.2149999141693115,3.2149999141693115,0.0,0
2010-12-14,2.425083637237549,0.0,3.2183001041412354,0.0,3.2183001041412354,3.2183001041412354,3.2183001041412354,0.0,0
2010-12-15,2.4125754833221436,0.0,3.20169997215271,0.0,3.20169997215271,3.20169997215271,3.20169997215271,0.0,0
2010-12-16,2.4276459217071533,0.0,3.2216999530792236,0.0,3.2216999530792236,3.2216999530792236,3.2216999530792236,0.0,0
2010-12-17,2.4301321506500244,0.0,3.2249999046325684,0.0,3.2249999046325684,3.2249999046325684,3.2249999046325684,0.0,0
2010-12-20,2.435180902481079,0.0,3.2316999435424805,0.0,3.2316999435424805,3.2316999435424805,3.2316999435424805,0.0,0
2010-12-21,2.450251340866089,0.0,3.251699924468994,0.0,3.251699924468994,3.251699924468994,3.251699924468994,0.0,0
2010-12-22,2.4589922428131104,0.0,3.2632999420166016,0.0,3.2632999420166016,3.2632999420166016,3.2632999420166016,0.0,0
2010-12-23,2.4552252292633057,0.0,3.2583000659942627,0.0,3.2583000659942627,3.2583000659942627,3.2583000659942627,0.0,0
2010-12-27,2.456505537033081,0.0,3.259999990463257,0.0,3.259999990463257,3.259999990463257,3.259999990463257,0.0,0
2010-12-28,2.4589922428131104,0.0,3.2632999420166016,0.0,3.2632999420166016,3.2632999420166016,3.2632999420166016,0.0,0
2010-12-29,2.4615542888641357,0.0,3.266700029373169,0.0,3.266700029373169,3.266700029373169,3.266700029373169,0.0,0
2010-12-30,2.4577865600585938,0.0,3.261699914932251,0.0,3.261699914932251,3.261699914932251,3.261699914932251,0.0,0
2010-12-31,2.4577865600585938,0.0,3.261699914932251,0.0,3.261699914932251,3.261699914932251,3.261699914932251,0.0,0
2011-01-03,2.485366106033325,0.0,3.29830002784729,0.0,3.29830002784729,3.29830002784729,3.29830002784729,0.0,0
2011-01-04,2.482879638671875,0.0,3.2950000762939453,0.0,3.2950000762939453,3.2950000762939453,3.2950000762939453,0.0,0
2011-01-05,2.4954633712768555,0.0,3.3117001056671143,0.0,3.3117001056671143,3.3117001056671143,3.3117001056671143,0.0,0
2011-01-06,2.490415096282959,0.0,3.305000066757202,0.0,3.305000066757202,3.305000066757202,3.305000066757202,0.0,0
2011-01-07,2.486646890640259,0.0,3.299999952316284,0.0,3.299999952316284,3.299999952316284,3.299999952316284,0.0,0
2011-01-10,2.482879638671875,0.0,3.2950000762939453,0.0,3.2950000762939453,3.2950000762939453,3.2950000762939453,0.0,0
2011-01-11,2.4916961193084717,0.0,3.3066999912261963,0.0,3.3066999912261963,3.3066999912261963,3.3066999912261963,0.0,0
2011-01-12,2.514301300048828,0.0,3.336699962615967,0.0,3.336699962615967,3.336699962615967,3.336699962615967,0.0,0
2011-01-13,2.5105340480804443,0.0,3.331700086593628,0.0,3.331700086593628,3.331700086593628,3.331700086593628,0.0,0
2011-01-14,2.5280909538269043,0.0,3.3550000190734863,0.0,3.3550000190734863,3.3550000190734863,3.3550000190734863,0.0,0
2011-01-18,2.5318591594696045,0.0,3.359999895095825,0.0,3.359999895095825,3.359999895095825,3.359999895095825,0.0,0
2011-01-19,2.5067663192749023,0.0,3.32669997215271,0.0,3.32669997215271,3.32669997215271,3.32669997215271,0.0,0
2011-01-20,2.504204273223877,0.0,3.3232998847961426,0.0,3.3232998847961426,3.3232998847961426,3.3232998847961426,0.0,0
2011-01-21,2.5105340480804443,0.0,3.331700086593628,0.0,3.331700086593628,3.331700086593628,3.331700086593628,0.0,0
2011-01-24,2.5243237018585205,0.0,3.3499999046325684,0.0,3.3499999046325684,3.3499999046325684,3.3499999046325684,0.0,0
2011-01-25,2.525604486465454,0.0,3.3517000675201416,0.0,3.3517000675201416,3.3517000675201416,3.3517000675201416,0.0,0
2011-01-26,2.535626173019409,0.0,3.365000009536743,0.0,3.365000009536743,3.365000009536743,3.365000009536743,0.0,0
2011-01-27,2.5418806076049805,0.0,3.373300075531006,0.0,3.373300075531006,3.373300075531006,3.373300075531006,0.0,0
2011-01-28,2.496668815612793,0.0,3.3132998943328857,0.0,3.3132998943328857,3.3132998943328857,3.3132998943328857,0.0,0
2011-01-31,2.515507459640503,0.0,3.3382999897003174,0.0,3.3382999897003174,3.3382999897003174,3.3382999897003174,0.0,0
2011-02-01,2.5569512844085693,0.0,3.3933000564575195,0.0,3.3933000564575195,3.3933000564575195,3.3933000564575195,0.0,0
2011-02-02,2.5506973266601562,0.0,3.384999990463257,0.0,3.384999990463257,3.384999990463257,3.384999990463257,0.0,0
2011-02-03,2.5569512844085693,0.0,3.3933000564575195,0.0,3.3933000564575195,3.3933000564575195,3.3933000564575195,0.0,0
2011-02-04,2.5644867420196533,0.0,3.4033000469207764,0.0,3.4033000469207764,3.4033000469207764,3.4033000469207764,0.0,0
2011-02-07,2.5808379650115967,0.0,3.424999952316284,0.0,3.424999952316284,3.424999952316284,3.424999952316284,0.0,0
2011-02-08,2.5921413898468018,0.0,3.440000057220459,0.0,3.440000057220459,3.440000057220459,3.440000057220459,0.0,0
2011-02-09,2.5858864784240723,0.0,3.4316999912261963,0.0,3.4316999912261963,3.4316999912261963,3.4316999912261963,0.0,0
2011-02-10,2.587092161178589,0.0,3.433300018310547,0.0,3.433300018310547,3.433300018310547,3.433300018310547,0.0,0
2011-02-11,2.602163553237915,0.0,3.4532999992370605,0.0,3.4532999992370605,3.4532999992370605,3.4532999992370605,0.0,0
2011-02-14,2.608492612838745,0.0,3.461699962615967,0.0,3.461699962615967,3.461699962615967,3.461699962615967,0.0,0
2011-02-15,2.6009576320648193,0.0,3.45169997215271,0.0,3.45169997215271,3.45169997215271,3.45169997215271,0.0,0
2011-02-16,2.6172337532043457,0.0,3.473299980163574,0.0,3.473299980163574,3.473299980163574,3.473299980163574,0.0,0
2011-02-17,2.6260499954223633,0.0,3.484999895095825,0.0,3.484999895095825,3.484999895095825,3.484999895095825,0.0,0
2011-02-18,2.631098508834839,0.0,3.4916999340057373,0.0,3.4916999340057373,3.4916999340057373,3.4916999340057373,0.0,0
2011-02-22,2.577070474624634,0.0,3.4200000762939453,0.0,3.4200000762939453,3.4200000762939453,3.4200000762939453,0.0,0
2011-02-23,2.5607187747955322,0.0,3.3982999324798584,0.0,3.3982999324798584,3.3982999324798584,3.3982999324798584,0.0,0
2011-02-24,2.559513568878174,0.0,3.396699905395508,0.0,3.396699905395508,3.396699905395508,3.396699905395508,0.0,0
2011-02-25,2.587092161178589,0.0,3.433300018310547,0.0,3.433300018310547,3.433300018310547,3.433300018310547,0.0,0
2011-02-28,2.6009576320648193,0.0,3.45169997215271,0.0,3.45169997215271,3.45169997215271,3.45169997215271,0.0,0
2011-03-01,2.5607187747955322,0.0,3.3982999324798584,0.0,3.3982999324798584,3.3982999324798584,3.3982999324798584,0.0,0
2011-03-02,2.565767526626587,0.0,3.4049999713897705,0.0,3.4049999713897705,3.4049999713897705,3.4049999713897705,0.0,0
2011-03-03,2.60969877243042,0.0,3.4632999897003174,0.0,3.4632999897003174,3.4632999897003174,3.4632999897003174,0.0,0
2011-03-04,2.5896544456481934,0.0,3.4367001056671143,0.0,3.4367001056671143,3.4367001056671143,3.4367001056671143,0.0,0
2011-03-07,2.568253993988037,0.0,3.4082999229431152,0.0,3.4082999229431152,3.4082999229431152,3.4082999229431152,0.0,0
2011-03-08,2.5921413898468018,0.0,3.440000057220459,0.0,3.440000057220459,3.440000057220459,3.440000057220459,0.0,0
2011-03-09,2.5883734226226807,0.0,3.434999942779541,0.0,3.434999942779541,3.434999942779541,3.434999942779541,0.0,0
2011-03-10,2.5883734226226807,0.0,3.434999942779541,0.0,3.434999942779541,3.434999942779541,3.434999942779541,0.0,0
2011-03-11,2.559513568878174,0.0,3.396699905395508,0.0,3.396699905395508,3.396699905395508,3.396699905395508,0.0,0
2011-03-14,2.543161630630493,0.0,3.375,0.0,3.375,3.375,3.375,0.0,0
2011-03-15,2.515507459640503,0.0,3.3382999897003174,0.0,3.3382999897003174,3.3382999897003174,3.3382999897003174,0.0,0
2011-03-16,2.4665277004241943,0.0,3.2732999324798584,0.0,3.2732999324798584,3.2732999324798584,3.2732999324798584,0.0,0
2011-03-17,2.4992311000823975,0.0,3.316699981689453,0.0,3.316699981689453,3.316699981689453,3.316699981689453,0.0,0
2011-03-18,2.5105340480804443,0.0,3.331700086593628,0.0,3.331700086593628,3.331700086593628,3.331700086593628,0.0,0
2011-03-21,2.548211097717285,0.0,3.381700038909912,0.0,3.381700038909912,3.381700038909912,3.381700038909912,0.0,0
2011-03-22,2.5393943786621094,0.0,3.369999885559082,0.0,3.369999885559082,3.369999885559082,3.369999885559082,0.0,0
2011-03-23,2.546929359436035,0.0,3.380000114440918,0.0,3.380000114440918,3.380000114440918,3.380000114440918,0.0,0
2011-03-24,2.569535970687866,0.0,3.4100000858306885,0.0,3.4100000858306885,3.4100000858306885,3.4100000858306885,0.0,0
2011-03-25,2.5783512592315674,0.0,3.4217000007629395,0.0,3.4217000007629395,3.4217000007629395,3.4217000007629395,0.0,0
2011-03-28,2.5708165168762207,0.0,3.4117000102996826,0.0,3.4117000102996826,3.4117000102996826,3.4117000102996826,0.0,0
2011-03-29,2.5896544456481934,0.0,3.4367001056671143,0.0,3.4367001056671143,3.4367001056671143,3.4367001056671143,0.0,0
2011-03-30,2.6072115898132324,0.0,3.4600000381469727,0.0,3.4600000381469727,3.4600000381469727,3.4600000381469727,0.0,0
2011-03-31,2.602163553237915,0.0,3.4532999992370605,0.0,3.4532999992370605,3.4532999992370605,3.4532999992370605,0.0,0
2011-04-01,2.614746570587158,0.0,3.4700000286102295,0.0,3.4700000286102295,3.4700000286102295,3.4700000286102295,0.0,0
2011-04-04,2.616028070449829,0.0,3.4716999530792236,0.0,3.4716999530792236,3.4716999530792236,3.4716999530792236,0.0,0
2011-04-05,2.616028070449829,0.0,3.4716999530792236,0.0,3.4716999530792236,3.4716999530792236,3.4716999530792236,0.0,0
2011-04-06,2.623563289642334,0.0,3.4816999435424805,0.0,3.4816999435424805,3.4816999435424805,3.4816999435424805,0.0,0
2011-04-07,2.6185145378112793,0.0,3.4749999046325684,0.0,3.4749999046325684,3.4749999046325684,3.4749999046325684,0.0,0
2011-04-08,2.608492612838745,0.0,3.461699962615967,0.0,3.461699962615967,3.461699962615967,3.461699962615967,0.0,0
2011-04-11,2.6009576320648193,0.0,3.45169997215271,0.0,3.45169997215271,3.45169997215271,3.45169997215271,0.0,0
2011-04-12,2.5808379650115967,0.0,3.424999952316284,0.0,3.424999952316284,3.424999952316284,3.424999952316284,0.0,0
2011-04-13,2.5821197032928467,0.0,3.4267001152038574,0.0,3.4267001152038574,3.4267001152038574,3.4267001152038574,0.0,0
2011-04-14,2.5821197032928467,0.0,3.4267001152038574,0.0,3.4267001152038574,3.4267001152038574,3.4267001152038574,0.0,0
2011-04-15,2.5921413898468018,0.0,3.440000057220459,0.0,3.440000057220459,3.440000057220459,3.440000057220459,0.0,0
2011-04-18,2.5644867420196533,0.0,3.4033000469207764,0.0,3.4033000469207764,3.4033000469207764,3.4033000469207764,0.0,0
2011-04-19,2.5783512592315674,0.0,3.4217000007629395,0.0,3.4217000007629395,3.4217000007629395,3.4217000007629395,0.0,0
2011-04-20,2.6134660243988037,0.0,3.4683001041412354,0.0,3.4683001041412354,3.4683001041412354,3.4683001041412354,0.0,0
2011-04-21,2.627331495285034,0.0,3.4867000579833984,0.0,3.4867000579833984,3.4867000579833984,3.4867000579833984,0.0,0
2011-04-25,2.623563289642334,0.0,3.4816999435424805,0.0,3.4816999435424805,3.4816999435424805,3.4816999435424805,0.0,0
2011-04-26,2.6461691856384277,0.0,3.511699914932251,0.0,3.511699914932251,3.511699914932251,3.511699914932251,0.0,0
2011-04-27,2.663726568222046,0.0,3.5350000858306885,0.0,3.5350000858306885,3.5350000858306885,3.5350000858306885,0.0,0
2011-04-28,2.6725428104400635,0.0,3.5467000007629395,0.0,3.5467000007629395,3.5467000007629395,3.5467000007629395,0.0,0
2011-04-29,2.6787970066070557,0.0,3.555000066757202,0.0,3.555000066757202,3.555000066757202,3.555000066757202,0.0,0
2011-05-02,2.675029754638672,0.0,3.549999952316284,0.0,3.549999952316284,3.549999952316284,3.549999952316284,0.0,0
2011-05-03,2.6662135124206543,0.0,3.538300037384033,0.0,3.538300037384033,3.538300037384033,3.538300037384033,0.0,0
2011-05-04,2.6473751068115234,0.0,3.5132999420166016,0.0,3.5132999420166016,3.5132999420166016,3.5132999420166016,0.0,0
2011-05-05,2.623563289642334,0.0,3.4816999435424805,0.0,3.4816999435424805,3.4816999435424805,3.4816999435424805,0.0,0
2011-05-06,2.63486647605896,0.0,3.4967000484466553,0.0,3.4967000484466553,3.4967000484466553,3.4967000484466553,0.0,0
2011-05-09,2.6461691856384277,0.0,3.511699914932251,0.0,3.511699914932251,3.511699914932251,3.511699914932251,0.0,0
2011-05-10,2.667494297027588,0.0,3.5399999618530273,0.0,3.5399999618530273,3.5399999618530273,3.5399999618530273,0.0,0
2011-05-11,2.6398396492004395,0.0,3.5032999515533447,0.0,3.5032999515533447,3.5032999515533447,3.5032999515533447,0.0,0
2011-05-12,2.65242338180542,0.0,3.5199999809265137,0.0,3.5199999809265137,3.5199999809265137,3.5199999809265137,0.0,0
2011-05-13,2.631098508834839,0.0,3.4916999340057373,0.0,3.4916999340057373,3.4916999340057373,3.4916999340057373,0.0,0
2011-05-16,2.616028070449829,0.0,3.4716999530792236,0.0,3.4716999530792236,3.4716999530792236,3.4716999530792236,0.0,0
2011-05-17,2.614746570587158,0.0,3.4700000286102295,0.0,3.4700000286102295,3.4700000286102295,3.4700000286102295,0.0,0
2011-05-18,2.638633966445923,0.0,3.501699924468994,0.0,3.501699924468994,3.501699924468994,3.501699924468994,0.0,0
2011-05-19,2.644888162612915,0.0,3.509999990463257,0.0,3.509999990463257,3.509999990463257,3.509999990463257,0.0,0
2011-05-20,2.6247689723968506,0.0,3.483299970626831,0.0,3.483299970626831,3.483299970626831,3.483299970626831,0.0,0
2011-05-23,2.5934221744537354,0.0,3.441699981689453,0.0,3.441699981689453,3.441699981689453,3.441699981689453,0.0,0
2011-05-24,2.590860366821289,0.0,3.4382998943328857,0.0,3.4382998943328857,3.4382998943328857,3.4382998943328857,0.0,0
2011-05-25,2.5996763706207275,0.0,3.450000047683716,0.0,3.450000047683716,3.450000047683716,3.450000047683716,0.0,0
2011-05-26,2.60969877243042,0.0,3.4632999897003174,0.0,3.4632999897003174,3.4632999897003174,3.4632999897003174,0.0,0
2011-05-27,2.6210012435913086,0.0,3.478300094604492,0.0,3.478300094604492,3.478300094604492,3.478300094604492,0.0,0
2011-05-31,2.648656129837036,0.0,3.515000104904175,0.0,3.515000104904175,3.515000104904175,3.515000104904175,0.0,0
2011-06-01,2.5896544456481934,0.0,3.4367001056671143,0.0,3.4367001056671143,3.4367001056671143,3.4367001056671143,0.0,0
2011-06-02,2.5858864784240723,0.0,3.4316999912261963,0.0,3.4316999912261963,3.4316999912261963,3.4316999912261963,0.0,0
2011-06-03,2.5607187747955322,0.0,3.3982999324798584,0.0,3.3982999324798584,3.3982999324798584,3.3982999324798584,0.0,0
2011-06-06,2.533139705657959,0.0,3.3617000579833984,0.0,3.3617000579833984,3.3617000579833984,3.3617000579833984,0.0,0
2011-06-07,2.5318591594696045,0.0,3.359999895095825,0.0,3.359999895095825,3.359999895095825,3.359999895095825,0.0,0
2011-06-08,2.521836996078491,0.0,3.3466999530792236,0.0,3.3466999530792236,3.3466999530792236,3.3466999530792236,0.0,0
2011-06-09,2.5393943786621094,0.0,3.369999885559082,0.0,3.369999885559082,3.369999885559082,3.369999885559082,0.0,0
2011-06-10,2.504204273223877,0.0,3.3232998847961426,0.0,3.3232998847961426,3.3232998847961426,3.3232998847961426,0.0,0
2011-06-13,2.5067663192749023,0.0,3.32669997215271,0.0,3.32669997215271,3.32669997215271,3.32669997215271,0.0,0
2011-06-14,2.5393943786621094,0.0,3.369999885559082,0.0,3.369999885559082,3.369999885559082,3.369999885559082,0.0,0
2011-06-15,2.494182586669922,0.0,3.309999942779541,0.0,3.309999942779541,3.309999942779541,3.309999942779541,0.0,0
2011-06-16,2.4992311000823975,0.0,3.316699981689453,0.0,3.316699981689453,3.316699981689453,3.316699981689453,0.0,0
2011-06-17,2.5067663192749023,0.0,3.32669997215271,0.0,3.32669997215271,3.32669997215271,3.32669997215271,0.0,0
2011-06-20,2.5205559730529785,0.0,3.3450000286102295,0.0,3.3450000286102295,3.3450000286102295,3.3450000286102295,0.0,0
2011-06-21,2.554464340209961,0.0,3.390000104904175,0.0,3.390000104904175,3.390000104904175,3.390000104904175,0.0,0
2011-06-22,2.5381131172180176,0.0,3.368299961090088,0.0,3.368299961090088,3.368299961090088,3.368299961090088,0.0,0
2011-06-23,2.5305776596069336,0.0,3.358299970626831,0.0,3.358299970626831,3.358299970626831,3.358299970626831,0.0,0
2011-06-24,2.5017173290252686,0.0,3.319999933242798,0.0,3.319999933242798,3.319999933242798,3.319999933242798,0.0,0
2011-06-27,2.5243237018585205,0.0,3.3499999046325684,0.0,3.3499999046325684,3.3499999046325684,3.3499999046325684,0.0,0
2011-06-28,2.5569512844085693,0.0,3.3933000564575195,0.0,3.3933000564575195,3.3933000564575195,3.3933000564575195,0.0,0
2011-06-29,2.5783512592315674,0.0,3.4217000007629395,0.0,3.4217000007629395,3.4217000007629395,3.4217000007629395,0.0,0
2011-06-30,2.604724884033203,0.0,3.456700086593628,0.0,3.456700086593628,3.456700086593628,3.456700086593628,0.0,0
2011-07-01,2.642401695251465,0.0,3.506700038909912,0.0,3.506700038909912,3.506700038909912,3.506700038909912,0.0,0
2011-07-05,2.638633966445923,0.0,3.501699924468994,0.0,3.501699924468994,3.501699924468994,3.501699924468994,0.0,0
2011-07-06,2.642401695251465,0.0,3.506700038909912,0.0,3.506700038909912,3.506700038909912,3.506700038909912,0.0,0
2011-07-07,2.669981002807617,0.0,3.543299913406372,0.0,3.543299913406372,3.543299913406372,3.543299913406372,0.0,0
2011-07-08,2.65242338180542,0.0,3.5199999809265137,0.0,3.5199999809265137,3.5199999809265137,3.5199999809265137,0.0,0
2011-07-11,2.604724884033203,0.0,3.456700086593628,0.0,3.456700086593628,3.456700086593628,3.456700086593628,0.0,0
2011-07-12,2.5921413898468018,0.0,3.440000057220459,0.0,3.440000057220459,3.440000057220459,3.440000057220459,0.0,0
2011-07-13,2.6009576320648193,0.0,3.45169997215271,0.0,3.45169997215271,3.45169997215271,3.45169997215271,0.0,0
2011-07-14,2.5833241939544678,0.0,3.428299903869629,0.0,3.428299903869629,3.428299903869629,3.428299903869629,0.0,0
2011-07-15,2.5971899032592773,0.0,3.446700096130371,0.0,3.446700096130371,3.446700096130371,3.446700096130371,0.0,0
2011-07-18,2.577070474624634,0.0,3.4200000762939453,0.0,3.4200000762939453,3.4200000762939453,3.4200000762939453,0.0,0
2011-07-19,2.6185145378112793,0.0,3.4749999046325684,0.0,3.4749999046325684,3.4749999046325684,3.4749999046325684,0.0,0
2011-07-20,2.6172337532043457,0.0,3.473299980163574,0.0,3.473299980163574,3.473299980163574,3.473299980163574,0.0,0
2011-07-21,2.65242338180542,0.0,3.5199999809265137,0.0,3.5199999809265137,3.5199999809265137,3.5199999809265137,0.0,0
2011-07-22,2.654909610748291,0.0,3.5232999324798584,0.0,3.5232999324798584,3.5232999324798584,3.5232999324798584,0.0,0
2011-07-25,2.6398396492004395,0.0,3.5032999515533447,0.0,3.5032999515533447,3.5032999515533447,3.5032999515533447,0.0,0
2011-07-26,2.629817485809326,0.0,3.490000009536743,0.0,3.490000009536743,3.490000009536743,3.490000009536743,0.0,0
2011-07-27,2.575789213180542,0.0,3.418299913406372,0.0,3.418299913406372,3.418299913406372,3.418299913406372,0.0,0
2011-07-28,2.568253993988037,0.0,3.4082999229431152,0.0,3.4082999229431152,3.4082999229431152,3.4082999229431152,0.0,0
2011-07-29,2.5519778728485107,0.0,3.386699914932251,0.0,3.386699914932251,3.386699914932251,3.386699914932251,0.0,0
2011-08-01,2.540675401687622,0.0,3.3717000484466553,0.0,3.3717000484466553,3.3717000484466553,3.3717000484466553,0.0,0
2011-08-02,2.4766247272491455,0.0,3.2867000102996826,0.0,3.2867000102996826,3.2867000102996826,3.2867000102996826,0.0,0
2011-08-03,2.489133596420288,0.0,3.303299903869629,0.0,3.303299903869629,3.303299903869629,3.303299903869629,0.0,0
2011-08-04,2.37113094329834,0.0,3.146699905395508,0.0,3.146699905395508,3.146699905395508,3.146699905395508,0.0,0
2011-08-05,2.3698501586914062,0.0,3.1449999809265137,0.0,3.1449999809265137,3.1449999809265137,3.1449999809265137,0.0,0
2011-08-08,2.212890148162842,0.0,2.9367001056671143,0.0,2.9367001056671143,2.9367001056671143,2.9367001056671143,0.0,0
2011-08-09,2.317103147506714,0.0,3.075000047683716,0.0,3.075000047683716,3.075000047683716,3.075000047683716,0.0,0
2011-08-10,2.2166571617126465,0.0,2.941699981689453,0.0,2.941699981689453,2.941699981689453,2.941699981689453,0.0,0
2011-08-11,2.3183839321136475,0.0,3.07669997215271,0.0,3.07669997215271,3.07669997215271,3.07669997215271,0.0,0
2011-08-12,2.330892562866211,0.0,3.0933001041412354,0.0,3.0933001041412354,3.0933001041412354,3.0933001041412354,0.0,0
2011-08-15,2.381152868270874,0.0,3.1600000858306885,0.0,3.1600000858306885,3.1600000858306885,3.1600000858306885,0.0,0
2011-08-16,2.3585469722747803,0.0,3.130000114440918,0.0,3.130000114440918,3.130000114440918,3.130000114440918,0.0,0
2011-08-17,2.3623149394989014,0.0,3.134999990463257,0.0,3.134999990463257,3.134999990463257,3.134999990463257,0.0,0
2011-08-18,2.2568204402923584,0.0,2.994999885559082,0.0,2.994999885559082,2.994999885559082,2.994999885559082,0.0,0
2011-08-19,2.2241923809051514,0.0,2.95169997215271,0.0,2.95169997215271,2.95169997215271,2.95169997215271,0.0,0
2011-08-22,2.2241923809051514,0.0,2.95169997215271,0.0,2.95169997215271,2.95169997215271,2.95169997215271,0.0,0
2011-08-23,2.300750970840454,0.0,3.053299903869629,0.0,3.053299903869629,3.053299903869629,3.053299903869629,0.0,0
2011-08-24,2.330892562866211,0.0,3.0933001041412354,0.0,3.0933001041412354,3.0933001041412354,3.0933001041412354,0.0,0
2011-08-25,2.2944977283477783,0.0,3.0450000762939453,0.0,3.0450000762939453,3.0450000762939453,3.0450000762939453,0.0,0
2011-08-26,2.3296868801116943,0.0,3.0917000770568848,0.0,3.0917000770568848,3.0917000770568848,3.0917000770568848,0.0,0
2011-08-29,2.3949427604675293,0.0,3.178299903869629,0.0,3.178299903869629,3.178299903869629,3.178299903869629,0.0,0
2011-08-30,2.4012722969055176,0.0,3.1867001056671143,0.0,3.1867001056671143,3.1867001056671143,3.1867001056671143,0.0,0
2011-08-31,2.413780927658081,0.0,3.2032999992370605,0.0,3.2032999992370605,3.2032999992370605,3.2032999992370605,0.0,0
2011-09-01,2.384920358657837,0.0,3.1649999618530273,0.0,3.1649999618530273,3.1649999618530273,3.1649999618530273,0.0,0
2011-09-02,2.3246383666992188,0.0,3.0850000381469727,0.0,3.0850000381469727,3.0850000381469727,3.0850000381469727,0.0,0
2011-09-06,2.308286190032959,0.0,3.0632998943328857,0.0,3.0632998943328857,3.0632998943328857,3.0632998943328857,0.0,0
2011-09-07,2.374898672103882,0.0,3.151700019836426,0.0,3.151700019836426,3.151700019836426,3.151700019836426,0.0,0
2011-09-08,2.3497307300567627,0.0,3.118299961090088,0.0,3.118299961090088,3.118299961090088,3.118299961090088,0.0,0
2011-09-09,2.286961793899536,0.0,3.0350000858306885,0.0,3.0350000858306885,3.0350000858306885,3.0350000858306885,0.0,0
2011-09-12,2.3033132553100586,0.0,3.0566999912261963,0.0,3.0566999912261963,3.0566999912261963,3.0566999912261963,0.0,0
2011-09-13,2.3246383666992188,0.0,3.0850000381469727,0.0,3.0850000381469727,3.0850000381469727,3.0850000381469727,0.0,0
2011-09-14,2.356060743331909,0.0,3.126699924468994,0.0,3.126699924468994,3.126699924468994,3.126699924468994,0.0,0
2011-09-15,2.396223783493042,0.0,3.180000066757202,0.0,3.180000066757202,3.180000066757202,3.180000066757202,0.0,0
2011-09-16,2.41001296043396,0.0,3.1982998847961426,0.0,3.1982998847961426,3.1982998847961426,3.1982998847961426,0.0,0
2011-09-19,2.387407064437866,0.0,3.168299913406372,0.0,3.168299913406372,3.168299913406372,3.168299913406372,0.0,0
2011-09-20,2.3824338912963867,0.0,3.1617000102996826,0.0,3.1617000102996826,3.1617000102996826,3.1617000102996826,0.0,0
2011-09-21,2.3133351802825928,0.0,3.069999933242798,0.0,3.069999933242798,3.069999933242798,3.069999933242798,0.0,0
2011-09-22,2.2392637729644775,0.0,2.9716999530792236,0.0,2.9716999530792236,2.9716999530792236,2.9716999530792236,0.0,0
2011-09-23,2.2530529499053955,0.0,2.990000009536743,0.0,2.990000009536743,2.990000009536743,2.990000009536743,0.0,0
2011-09-26,2.305800199508667,0.0,3.059999942779541,0.0,3.059999942779541,3.059999942779541,3.059999942779541,0.0,0
2011-09-27,2.330892562866211,0.0,3.0933001041412354,0.0,3.0933001041412354,3.0933001041412354,3.0933001041412354,0.0,0
2011-09-28,2.283194065093994,0.0,3.0299999713897705,0.0,3.0299999713897705,3.0299999713897705,3.0299999713897705,0.0,0
2011-09-29,2.302032470703125,0.0,3.055000066757202,0.0,3.055000066757202,3.055000066757202,3.055000066757202,0.0,0
2011-09-30,2.2455174922943115,0.0,2.9800000190734863,0.0,2.9800000190734863,2.9800000190734863,2.9800000190734863,0.0,0
2011-10-03,2.1814677715301514,0.0,2.8949999809265137,0.0,2.8949999809265137,2.8949999809265137,2.8949999809265137,0.0,0
2011-10-04,2.2304468154907227,0.0,2.9600000381469727,0.0,2.9600000381469727,2.9600000381469727,2.9600000381469727,0.0,0
2011-10-05,2.2718913555145264,0.0,3.015000104904175,0.0,3.015000104904175,3.015000104904175,3.015000104904175,0.0,0
2011-10-06,2.3133351802825928,0.0,3.069999933242798,0.0,3.069999933242798,3.069999933242798,3.069999933242798,0.0,0
2011-10-07,2.2944977283477783,0.0,3.0450000762939453,0.0,3.0450000762939453,3.0450000762939453,3.0450000762939453,0.0,0
2011-10-10,2.3723366260528564,0.0,3.1482999324798584,0.0,3.1482999324798584,3.1482999324798584,3.1482999324798584,0.0,0
2011-10-11,2.373617649078369,0.0,3.1500000953674316,0.0,3.1500000953674316,3.1500000953674316,3.1500000953674316,0.0,0
2011-10-12,2.3975043296813965,0.0,3.1816999912261963,0.0,3.1816999912261963,3.1816999912261963,3.1816999912261963,0.0,0
2011-10-13,2.3899691104888916,0.0,3.1717000007629395,0.0,3.1717000007629395,3.1717000007629395,3.1717000007629395,0.0,0
2011-10-14,2.431412935256958,0.0,3.2267000675201416,0.0,3.2267000675201416,3.2267000675201416,3.2267000675201416,0.0,0
2011-10-17,2.384920358657837,0.0,3.1649999618530273,0.0,3.1649999618530273,3.1649999618530273,3.1649999618530273,0.0,0
2011-10-18,2.4326188564300537,0.0,3.228300094604492,0.0,3.228300094604492,3.228300094604492,3.228300094604492,0.0,0
2011-10-19,2.402477979660034,0.0,3.1882998943328857,0.0,3.1882998943328857,3.1882998943328857,3.1882998943328857,0.0,0
2011-10-20,2.413780927658081,0.0,3.2032999992370605,0.0,3.2032999992370605,3.2032999992370605,3.2032999992370605,0.0,0
2011-10-21,2.4589922428131104,0.0,3.2632999420166016,0.0,3.2632999420166016,3.2632999420166016,3.2632999420166016,0.0,0
2011-10-24,2.490415096282959,0.0,3.305000066757202,0.0,3.305000066757202,3.305000066757202,3.305000066757202,0.0,0
2011-10-25,2.4414350986480713,0.0,3.240000009536743,0.0,3.240000009536743,3.240000009536743,3.240000009536743,0.0,0
2011-10-26,2.4665277004241943,0.0,3.2732999324798584,0.0,3.2732999324798584,3.2732999324798584,3.2732999324798584,0.0,0
2011-10-27,2.5506973266601562,0.0,3.384999990463257,0.0,3.384999990463257,3.384999990463257,3.384999990463257,0.0,0
2011-10-28,2.5519778728485107,0.0,3.386699914932251,0.0,3.386699914932251,3.386699914932251,3.386699914932251,0.0,0
2011-10-31,2.489133596420288,0.0,3.303299903869629,0.0,3.303299903869629,3.303299903869629,3.303299903869629,0.0,0
2011-11-01,2.4201107025146484,0.0,3.211699962615967,0.0,3.211699962615967,3.211699962615967,3.211699962615967,0.0,0
2011-11-02,2.4589922428131104,0.0,3.2632999420166016,0.0,3.2632999420166016,3.2632999420166016,3.2632999420166016,0.0,0
2011-11-03,2.5054855346679688,0.0,3.325000047683716,0.0,3.325000047683716,3.325000047683716,3.325000047683716,0.0,0
2011-11-04,2.489133596420288,0.0,3.303299903869629,0.0,3.303299903869629,3.303299903869629,3.303299903869629,0.0,0
2011-11-07,2.5054855346679688,0.0,3.325000047683716,0.0,3.325000047683716,3.325000047683716,3.325000047683716,0.0,0
2011-11-08,2.536907196044922,0.0,3.3666999340057373,0.0,3.3666999340057373,3.3666999340057373,3.3666999340057373,0.0,0
2011-11-09,2.443922281265259,0.0,3.243299961090088,0.0,3.243299961090088,3.243299961090088,3.243299961090088,0.0,0
2011-11-10,2.4653217792510986,0.0,3.271699905395508,0.0,3.271699905395508,3.271699905395508,3.271699905395508,0.0,0
2011-11-11,2.513021230697632,0.0,3.3350000381469727,0.0,3.3350000381469727,3.3350000381469727,3.3350000381469727,0.0,0
2011-11-14,2.489133596420288,0.0,3.303299903869629,0.0,3.303299903869629,3.303299903869629,3.303299903869629,0.0,0
2011-11-15,2.5017173290252686,0.0,3.319999933242798,0.0,3.319999933242798,3.319999933242798,3.319999933242798,0.0,0
2011-11-16,2.4615542888641357,0.0,3.266700029373169,0.0,3.266700029373169,3.266700029373169,3.266700029373169,0.0,0
2011-11-17,2.4201107025146484,0.0,3.211699962615967,0.0,3.211699962615967,3.211699962615967,3.211699962615967,0.0,0
2011-11-18,2.4188289642333984,0.0,3.2100000381469727,0.0,3.2100000381469727,3.2100000381469727,3.2100000381469727,0.0,0
2011-11-21,2.374898672103882,0.0,3.151700019836426,0.0,3.151700019836426,3.151700019836426,3.151700019836426,0.0,0
2011-11-22,2.3648016452789307,0.0,3.1382999420166016,0.0,3.1382999420166016,3.1382999420166016,3.1382999420166016,0.0,0
2011-11-23,2.3133351802825928,0.0,3.069999933242798,0.0,3.069999933242798,3.069999933242798,3.069999933242798,0.0,0
2011-11-25,2.3070812225341797,0.0,3.0617001056671143,0.0,3.0617001056671143,3.0617001056671143,3.0617001056671143,0.0,0
2011-11-28,2.374898672103882,0.0,3.151700019836426,0.0,3.151700019836426,3.151700019836426,3.151700019836426,0.0,0
2011-11-29,2.3798716068267822,0.0,3.1582999229431152,0.0,3.1582999229431152,3.1582999229431152,3.1582999229431152,0.0,0
2011-11-30,2.482879638671875,0.0,3.2950000762939453,0.0,3.2950000762939453,3.2950000762939453,3.2950000762939453,0.0,0
2011-12-01,2.479111671447754,0.0,3.2899999618530273,0.0,3.2899999618530273,3.2899999618530273,3.2899999618530273,0.0,0
2011-12-02,2.477830648422241,0.0,3.288300037384033,0.0,3.288300037384033,3.288300037384033,3.288300037384033,0.0,0
2011-12-05,2.504204273223877,0.0,3.3232998847961426,0.0,3.3232998847961426,3.3232998847961426,3.3232998847961426,0.0,0
2011-12-06,2.5067663192749023,0.0,3.32669997215271,0.0,3.32669997215271,3.32669997215271,3.32669997215271,0.0,0
2011-12-07,2.513021230697632,0.0,3.3350000381469727,0.0,3.3350000381469727,3.3350000381469727,3.3350000381469727,0.0,0
2011-12-08,2.458796262741089,0.0,3.1982998847961426,0.066167,3.1982998847961426,3.1982998847961426,3.1982998847961426,0.0,0
2011-12-09,2.499849319458008,0.0,3.251699924468994,0.0,3.251699924468994,3.251699924468994,3.251699924468994,0.0,0
2011-12-12,2.4626400470733643,0.0,3.2032999992370605,0.0,3.2032999992370605,3.2032999992370605,3.2032999992370605,0.0,0
2011-12-13,2.442190170288086,0.0,3.1767001152038574,0.0,3.1767001152038574,3.1767001152038574,3.1767001152038574,0.0,0
2011-12-14,2.4139761924743652,0.0,3.140000104904175,0.0,3.140000104904175,3.140000104904175,3.140000104904175,0.0,0
2011-12-15,2.422970771789551,0.0,3.151700019836426,0.0,3.151700019836426,3.151700019836426,3.151700019836426,0.0,0
2011-12-16,2.4306588172912598,0.0,3.1617000102996826,0.0,3.1617000102996826,3.1617000102996826,3.1617000102996826,0.0,0
2011-12-19,2.40244460105896,0.0,3.125,0.0,3.125,3.125,3.125,0.0,0
2011-12-20,2.4741718769073486,0.0,3.2183001041412354,0.0,3.2183001041412354,3.2183001041412354,3.2183001041412354,0.0,0
2011-12-21,2.478015422821045,0.0,3.223299980163574,0.0,3.223299980163574,3.223299980163574,3.223299980163574,0.0,0
2011-12-22,2.499849319458008,0.0,3.251699924468994,0.0,3.251699924468994,3.251699924468994,3.251699924468994,0.0,0
2011-12-23,2.5216054916381836,0.0,3.2799999713897705,0.0,3.2799999713897705,3.2799999713897705,3.2799999713897705,0.0,0
2011-12-27,2.5229127407073975,0.0,3.2816998958587646,0.0,3.2816998958587646,3.2816998958587646,3.2816998958587646,0.0,0
2011-12-28,2.4921610355377197,0.0,3.2416999340057373,0.0,3.2416999340057373,3.2416999340057373,3.2416999340057373,0.0,0
2011-12-29,2.5177619457244873,0.0,3.2750000953674316,0.0,3.2750000953674316,3.2750000953674316,3.2750000953674316,0.0,0
2011-12-30,2.5075366497039795,0.0,3.261699914932251,0.0,3.261699914932251,3.261699914932251,3.261699914932251,0.0,0
2012-01-03,2.545976161956787,0.0,3.3117001056671143,0.0,3.3117001056671143,3.3117001056671143,3.3117001056671143,0.0,0
2012-01-04,2.547205686569214,0.0,3.3132998943328857,0.0,3.3132998943328857,3.3132998943328857,3.3132998943328857,0.0,0
2012-01-05,2.5548934936523438,0.0,3.3232998847961426,0.0,3.3232998847961426,3.3232998847961426,3.3232998847961426,0.0,0
2012-01-06,2.5498199462890625,0.0,3.316699981689453,0.0,3.316699981689453,3.316699981689453,3.316699981689453,0.0,0
2012-01-09,2.5548934936523438,0.0,3.3232998847961426,0.0,3.3232998847961426,3.3232998847961426,3.3232998847961426,0.0,0
2012-01-10,2.5779573917388916,0.0,3.353300094604492,0.0,3.353300094604492,3.353300094604492,3.353300094604492,0.0,0
2012-01-11,2.5792641639709473,0.0,3.3550000190734863,0.0,3.3550000190734863,3.3550000190734863,3.3550000190734863,0.0,0
2012-01-12,2.584415912628174,0.0,3.3617000579833984,0.0,3.3617000579833984,3.3617000579833984,3.3617000579833984,0.0,0
2012-01-13,2.572882890701294,0.0,3.3466999530792236,0.0,3.3466999530792236,3.3466999530792236,3.3466999530792236,0.0,0
2012-01-17,2.581801176071167,0.0,3.358299970626831,0.0,3.358299970626831,3.358299970626831,3.358299970626831,0.0,0
2012-01-18,2.610015392303467,0.0,3.3949999809265137,0.0,3.3949999809265137,3.3949999809265137,3.3949999809265137,0.0,0
2012-01-19,2.622853994369507,0.0,3.4117000102996826,0.0,3.4117000102996826,3.4117000102996826,3.4117000102996826,0.0,0
2012-01-20,2.6253914833068848,0.0,3.4149999618530273,0.0,3.4149999618530273,3.4149999618530273,3.4149999618530273,0.0,0
2012-01-23,2.6266977787017822,0.0,3.4166998863220215,0.0,3.4166998863220215,3.4166998863220215,3.4166998863220215,0.0,0
2012-01-24,2.624083995819092,0.0,3.413300037384033,0.0,3.413300037384033,3.413300037384033,3.413300037384033,0.0,0
2012-01-25,2.6459178924560547,0.0,3.441699981689453,0.0,3.441699981689453,3.441699981689453,3.441699981689453,0.0,0
2012-01-26,2.63177227973938,0.0,3.42330002784729,0.0,3.42330002784729,3.42330002784729,3.42330002784729,0.0,0
2012-01-27,2.6266977787017822,0.0,3.4166998863220215,0.0,3.4166998863220215,3.4166998863220215,3.4166998863220215,0.0,0
2012-01-30,2.6202404499053955,0.0,3.4082999229431152,0.0,3.4082999229431152,3.4082999229431152,3.4082999229431152,0.0,0
2012-01-31,2.6190099716186523,0.0,3.4066998958587646,0.0,3.4066998958587646,3.4066998958587646,3.4066998958587646,0.0,0
2012-02-01,2.643303632736206,0.0,3.4382998943328857,0.0,3.4382998943328857,3.4382998943328857,3.4382998943328857,0.0,0
2012-02-02,2.6459178924560547,0.0,3.441699981689453,0.0,3.441699981689453,3.441699981689453,3.441699981689453,0.0,0
2012-02-03,2.685587167739868,0.0,3.493299961090088,0.0,3.493299961090088,3.493299961090088,3.493299961090088,0.0,0
2012-02-06,2.684356689453125,0.0,3.4916999340057373,0.0,3.4916999340057373,3.4916999340057373,3.4916999340057373,0.0,0
2012-02-07,2.6894309520721436,0.0,3.498300075531006,0.0,3.498300075531006,3.498300075531006,3.498300075531006,0.0,0
2012-02-08,2.6971182823181152,0.0,3.5083000659942627,0.0,3.5083000659942627,3.5083000659942627,3.5083000659942627,0.0,0
2012-02-09,2.7009623050689697,0.0,3.5132999420166016,0.0,3.5132999420166016,3.5132999420166016,3.5132999420166016,0.0,0
2012-02-10,2.6817429065704346,0.0,3.488300085067749,0.0,3.488300085067749,3.488300085067749,3.488300085067749,0.0,0
2012-02-13,2.7009623050689697,0.0,3.5132999420166016,0.0,3.5132999420166016,3.5132999420166016,3.5132999420166016,0.0,0
2012-02-14,2.69842529296875,0.0,3.509999990463257,0.0,3.509999990463257,3.509999990463257,3.509999990463257,0.0,0
2012-02-15,2.685587167739868,0.0,3.493299961090088,0.0,3.493299961090088,3.493299961090088,3.493299961090088,0.0,0
2012-02-16,2.7151081562042236,0.0,3.5316998958587646,0.0,3.5316998958587646,3.5316998958587646,3.5316998958587646,0.0,0
2012-02-17,2.7214887142181396,0.0,3.5399999618530273,0.0,3.5399999618530273,3.5399999618530273,3.5399999618530273,0.0,0
2012-02-21,2.7240259647369385,0.0,3.543299913406372,0.0,3.543299913406372,3.543299913406372,3.543299913406372,0.0,0
2012-02-22,2.7151081562042236,0.0,3.5316998958587646,0.0,3.5316998958587646,3.5316998958587646,3.5316998958587646,0.0,0
2012-02-23,2.726639986038208,0.0,3.5467000007629395,0.0,3.5467000007629395,3.5467000007629395,3.5467000007629395,0.0,0
2012-02-24,2.73171329498291,0.0,3.553299903869629,0.0,3.553299903869629,3.553299903869629,3.553299903869629,0.0,0
2012-02-27,2.735557794570923,0.0,3.558300018310547,0.0,3.558300018310547,3.558300018310547,3.558300018310547,0.0,0
2012-02-28,2.7445523738861084,0.0,3.569999933242798,0.0,3.569999933242798,3.569999933242798,3.569999933242798,0.0,0
2012-02-29,2.733020782470703,0.0,3.555000066757202,0.0,3.555000066757202,3.555000066757202,3.555000066757202,0.0,0
2012-03-01,2.7497034072875977,0.0,3.57669997215271,0.0,3.57669997215271,3.57669997215271,3.57669997215271,0.0,0
2012-03-02,2.740708589553833,0.0,3.565000057220459,0.0,3.565000057220459,3.565000057220459,3.565000057220459,0.0,0
2012-03-05,2.7304840087890625,0.0,3.5517001152038574,0.0,3.5517001152038574,3.5517001152038574,3.5517001152038574,0.0,0
2012-03-06,2.6882009506225586,0.0,3.4967000484466553,0.0,3.4967000484466553,3.4967000484466553,3.4967000484466553,0.0,0
2012-03-07,2.7074201107025146,0.0,3.521699905395508,0.0,3.521699905395508,3.521699905395508,3.521699905395508,0.0,0
2012-03-08,2.7343273162841797,0.0,3.5566999912261963,0.0,3.5566999912261963,3.5566999912261963,3.5566999912261963,0.0,0
2012-03-09,2.7445523738861084,0.0,3.569999933242798,0.0,3.569999933242798,3.569999933242798,3.569999933242798,0.0,0
2012-03-12,2.745859384536743,0.0,3.571700096130371,0.0,3.571700096130371,3.571700096130371,3.571700096130371,0.0,0
2012-03-13,2.795830011367798,0.0,3.636699914932251,0.0,3.636699914932251,3.636699914932251,3.636699914932251,0.0,0
2012-03-14,2.7919864654541016,0.0,3.631700038909912,0.0,3.631700038909912,3.631700038909912,3.631700038909912,0.0,0
2012-03-15,2.808591842651367,0.0,3.6533000469207764,0.0,3.6533000469207764,3.6533000469207764,3.6533000469207764,0.0,0
2012-03-16,2.812436103820801,0.0,3.6582999229431152,0.0,3.6582999229431152,3.6582999229431152,3.6582999229431152,0.0,0
2012-03-19,2.8227379322052,0.0,3.6717000007629395,0.0,3.6717000007629395,3.6717000007629395,3.6717000007629395,0.0,0
2012-03-20,2.815049409866333,0.0,3.6617000102996826,0.0,3.6617000102996826,3.6617000102996826,3.6617000102996826,0.0,0
2012-03-21,2.809899091720581,0.0,3.6549999713897705,0.0,3.6549999713897705,3.6549999713897705,3.6549999713897705,0.0,0
2012-03-22,2.7893729209899902,0.0,3.6282999515533447,0.0,3.6282999515533447,3.6282999515533447,3.6282999515533447,0.0,0
2012-03-23,2.798367500305176,0.0,3.640000104904175,0.0,3.640000104904175,3.640000104904175,3.640000104904175,0.0,0
2012-03-26,2.836806297302246,0.0,3.690000057220459,0.0,3.690000057220459,3.690000057220459,3.690000057220459,0.0,0
2012-03-27,2.829118251800537,0.0,3.680000066757202,0.0,3.680000066757202,3.680000066757202,3.680000066757202,0.0,0
2012-03-28,2.816279888153076,0.0,3.663300037384033,0.0,3.663300037384033,3.663300037384033,3.663300037384033,0.0,0
2012-03-29,2.8112058639526367,0.0,3.6566998958587646,0.0,3.6566998958587646,3.6566998958587646,3.6566998958587646,0.0,0
2012-03-30,2.8214306831359863,0.0,3.6700000762939453,0.0,3.6700000762939453,3.6700000762939453,3.6700000762939453,0.0,0
2012-04-02,2.8431873321533203,0.0,3.6982998847961426,0.0,3.6982998847961426,3.6982998847961426,3.6982998847961426,0.0,0
2012-04-03,2.83296275138855,0.0,3.684999942779541,0.0,3.684999942779541,3.684999942779541,3.684999942779541,0.0,0
2012-04-04,2.803518056869507,0.0,3.646699905395508,0.0,3.646699905395508,3.646699905395508,3.646699905395508,0.0,0
2012-04-05,2.803518056869507,0.0,3.646699905395508,0.0,3.646699905395508,3.646699905395508,3.646699905395508,0.0,0
2012-04-09,2.7714600563049316,0.0,3.6050000190734863,0.0,3.6050000190734863,3.6050000190734863,3.6050000190734863,0.0,0
2012-04-10,2.7240259647369385,0.0,3.543299913406372,0.0,3.543299913406372,3.543299913406372,3.543299913406372,0.0,0
2012-04-11,2.7445523738861084,0.0,3.569999933242798,0.0,3.569999933242798,3.569999933242798,3.569999933242798,0.0,0
2012-04-12,2.782991647720337,0.0,3.619999885559082,0.0,3.619999885559082,3.619999885559082,3.619999885559082,0.0,0
2012-04-13,2.748396635055542,0.0,3.575000047683716,0.0,3.575000047683716,3.575000047683716,3.575000047683716,0.0,0
2012-04-16,2.747089147567749,0.0,3.5732998847961426,0.0,3.5732998847961426,3.5732998847961426,3.5732998847961426,0.0,0
2012-04-17,2.7893729209899902,0.0,3.6282999515533447,0.0,3.6282999515533447,3.6282999515533447,3.6282999515533447,0.0,0
2012-04-18,2.7778408527374268,0.0,3.613300085067749,0.0,3.613300085067749,3.613300085067749,3.613300085067749,0.0,0
2012-04-19,2.761235237121582,0.0,3.5917000770568848,0.0,3.5917000770568848,3.5917000770568848,3.5917000770568848,0.0,0
2012-04-20,2.7650787830352783,0.0,3.5966999530792236,0.0,3.5966999530792236,3.5966999530792236,3.5966999530792236,0.0,0
2012-04-23,2.7420148849487305,0.0,3.566699981689453,0.0,3.566699981689453,3.566699981689453,3.566699981689453,0.0,0
2012-04-24,2.752239942550659,0.0,3.5799999237060547,0.0,3.5799999237060547,3.5799999237060547,3.5799999237060547,0.0,0
2012-04-25,2.7893729209899902,0.0,3.6282999515533447,0.0,3.6282999515533447,3.6282999515533447,3.6282999515533447,0.0,0
2012-04-26,2.808591842651367,0.0,3.6533000469207764,0.0,3.6533000469207764,3.6533000469207764,3.6533000469207764,0.0,0
2012-04-27,2.815049409866333,0.0,3.6617000102996826,0.0,3.6617000102996826,3.6617000102996826,3.6617000102996826,0.0,0
2012-04-30,2.804748058319092,0.0,3.6482999324798584,0.0,3.6482999324798584,3.6482999324798584,3.6482999324798584,0.0,0
2012-05-01,2.8201239109039307,0.0,3.668299913406372,0.0,3.668299913406372,3.668299913406372,3.668299913406372,0.0,0
2012-05-02,2.8137423992156982,0.0,3.6600000858306885,0.0,3.6600000858306885,3.6600000858306885,3.6600000858306885,0.0,0
2012-05-03,2.7919864654541016,0.0,3.631700038909912,0.0,3.631700038909912,3.631700038909912,3.631700038909912,0.0,0
2012-05-04,2.747089147567749,0.0,3.5732998847961426,0.0,3.5732998847961426,3.5732998847961426,3.5732998847961426,0.0,0
2012-05-07,2.748396635055542,0.0,3.575000047683716,0.0,3.575000047683716,3.575000047683716,3.575000047683716,0.0,0
2012-05-08,2.7368643283843994,0.0,3.559999942779541,0.0,3.559999942779541,3.559999942779541,3.559999942779541,0.0,0
2012-05-09,2.718952178955078,0.0,3.5367000102996826,0.0,3.5367000102996826,3.5367000102996826,3.5367000102996826,0.0,0
2012-05-10,2.727869987487793,0.0,3.54830002784729,0.0,3.54830002784729,3.54830002784729,3.54830002784729,0.0,0
2012-05-11,2.7176454067230225,0.0,3.5350000858306885,0.0,3.5350000858306885,3.5350000858306885,3.5350000858306885,0.0,0
2012-05-14,2.6882009506225586,0.0,3.4967000484466553,0.0,3.4967000484466553,3.4967000484466553,3.4967000484466553,0.0,0
2012-05-15,2.6740550994873047,0.0,3.478300094604492,0.0,3.478300094604492,3.478300094604492,3.478300094604492,0.0,0
2012-05-16,2.6625237464904785,0.0,3.4632999897003174,0.0,3.4632999897003174,3.4632999897003174,3.4632999897003174,0.0,0
2012-05-17,2.622853994369507,0.0,3.4117000102996826,0.0,3.4117000102996826,3.4117000102996826,3.4117000102996826,0.0,0
2012-05-18,2.6036345958709717,0.0,3.386699914932251,0.0,3.386699914932251,3.386699914932251,3.386699914932251,0.0,0
2012-05-21,2.6459178924560547,0.0,3.441699981689453,0.0,3.441699981689453,3.441699981689453,3.441699981689453,0.0,0
2012-05-22,2.6471476554870605,0.0,3.4433000087738037,0.0,3.4433000087738037,3.4433000087738037,3.4433000087738037,0.0,0
2012-05-23,2.6509921550750732,0.0,3.4482998847961426,0.0,3.4482998847961426,3.4482998847961426,3.4482998847961426,0.0,0
2012-05-24,2.656142473220825,0.0,3.4549999237060547,0.0,3.4549999237060547,3.4549999237060547,3.4549999237060547,0.0,0
2012-05-25,2.649761915206909,0.0,3.446700096130371,0.0,3.446700096130371,3.446700096130371,3.446700096130371,0.0,0
2012-05-29,2.6792056560516357,0.0,3.484999895095825,0.0,3.484999895095825,3.484999895095825,3.484999895095825,0.0,0
2012-05-30,2.642073631286621,0.0,3.4367001056671143,0.0,3.4367001056671143,3.4367001056671143,3.4367001056671143,0.0,0
2012-05-31,2.635615587234497,0.0,3.428299903869629,0.0,3.428299903869629,3.428299903869629,3.428299903869629,0.0,0
2012-06-01,2.5715765953063965,0.0,3.3450000286102295,0.0,3.3450000286102295,3.3450000286102295,3.3450000286102295,0.0,0
2012-06-04,2.5715765953063965,0.0,3.3450000286102295,0.0,3.3450000286102295,3.3450000286102295,3.3450000286102295,0.0,0
2012-06-05,2.586951971054077,0.0,3.365000009536743,0.0,3.365000009536743,3.365000009536743,3.365000009536743,0.0,0
2012-06-06,2.6471476554870605,0.0,3.4433000087738037,0.0,3.4433000087738037,3.4433000087738037,3.4433000087738037,0.0,0
2012-06-07,2.6471476554870605,0.0,3.4433000087738037,0.0,3.4433000087738037,3.4433000087738037,3.4433000087738037,0.0,0
2012-06-08,2.668980836868286,0.0,3.4716999530792236,0.0,3.4716999530792236,3.4716999530792236,3.4716999530792236,0.0,0
2012-06-11,2.6343863010406494,0.0,3.4267001152038574,0.0,3.4267001152038574,3.4267001152038574,3.4267001152038574,0.0,0
2012-06-12,2.665137529373169,0.0,3.4667000770568848,0.0,3.4667000770568848,3.4667000770568848,3.4667000770568848,0.0,0
2012-06-13,2.648454427719116,0.0,3.444999933242798,0.0,3.444999933242798,3.444999933242798,3.444999933242798,0.0,0
2012-06-14,2.676669120788574,0.0,3.4816999435424805,0.0,3.4816999435424805,3.4816999435424805,3.4816999435424805,0.0,0
2012-06-15,2.7035765647888184,0.0,3.516700029373169,0.0,3.516700029373169,3.516700029373169,3.516700029373169,0.0,0
2012-06-18,2.7086501121520996,0.0,3.5232999324798584,0.0,3.5232999324798584,3.5232999324798584,3.5232999324798584,0.0,0
2012-06-19,2.7343273162841797,0.0,3.5566999912261963,0.0,3.5566999912261963,3.5566999912261963,3.5566999912261963,0.0,0
2012-06-20,2.7304840087890625,0.0,3.5517001152038574,0.0,3.5517001152038574,3.5517001152038574,3.5517001152038574,0.0,0
2012-06-21,2.67021107673645,0.0,3.473299980163574,0.0,3.473299980163574,3.473299980163574,3.473299980163574,0.0,0
2012-06-22,2.6894309520721436,0.0,3.498300075531006,0.0,3.498300075531006,3.498300075531006,3.498300075531006,0.0,0
2012-06-25,2.6459178924560547,0.0,3.441699981689453,0.0,3.441699981689453,3.441699981689453,3.441699981689453,0.0,0
2012-06-26,2.658679723739624,0.0,3.4583001136779785,0.0,3.4583001136779785,3.4583001136779785,3.4583001136779785,0.0,0
2012-06-27,2.6830496788024902,0.0,3.490000009536743,0.0,3.490000009536743,3.490000009536743,3.490000009536743,0.0,0
2012-06-28,2.67789888381958,0.0,3.483299970626831,0.0,3.483299970626831,3.483299970626831,3.483299970626831,0.0,0
2012-06-29,2.67789888381958,0.0,3.483299970626831,0.0,3.483299970626831,3.483299970626831,3.483299970626831,0.0,0
2012-07-02,2.752239942550659,0.0,3.5799999237060547,0.0,3.5799999237060547,3.5799999237060547,3.5799999237060547,0.0,0
2012-07-03,2.7701528072357178,0.0,3.603300094604492,0.0,3.603300094604492,3.603300094604492,3.603300094604492,0.0,0
2012-07-05,2.7560842037200928,0.0,3.5850000381469727,0.0,3.5850000381469727,3.5850000381469727,3.5850000381469727,0.0,0
2012-07-06,2.73171329498291,0.0,3.553299903869629,0.0,3.553299903869629,3.553299903869629,3.553299903869629,0.0,0
2012-07-09,2.726639986038208,0.0,3.5467000007629395,0.0,3.5467000007629395,3.5467000007629395,3.5467000007629395,0.0,0
2012-07-10,2.7048065662384033,0.0,3.5183000564575195,0.0,3.5183000564575195,3.5183000564575195,3.5183000564575195,0.0,0
2012-07-11,2.7048065662384033,0.0,3.5183000564575195,0.0,3.5183000564575195,3.5183000564575195,3.5183000564575195,0.0,0
2012-07-12,2.692044496536255,0.0,3.501699924468994,0.0,3.501699924468994,3.501699924468994,3.501699924468994,0.0,0
2012-07-13,2.735557794570923,0.0,3.558300018310547,0.0,3.558300018310547,3.558300018310547,3.558300018310547,0.0,0
2012-07-16,2.7304840087890625,0.0,3.5517001152038574,0.0,3.5517001152038574,3.5517001152038574,3.5517001152038574,0.0,0
2012-07-17,2.7497034072875977,0.0,3.57669997215271,0.0,3.57669997215271,3.57669997215271,3.57669997215271,0.0,0
2012-07-18,2.768923282623291,0.0,3.6017000675201416,0.0,3.6017000675201416,3.6017000675201416,3.6017000675201416,0.0,0
2012-07-19,2.7766103744506836,0.0,3.6117000579833984,0.0,3.6117000579833984,3.6117000579833984,3.6117000579833984,0.0,0
2012-07-20,2.748396635055542,0.0,3.575000047683716,0.0,3.575000047683716,3.575000047683716,3.575000047683716,0.0,0
2012-07-23,2.7240259647369385,0.0,3.543299913406372,0.0,3.543299913406372,3.543299913406372,3.543299913406372,0.0,0
2012-07-24,2.699732542037964,0.0,3.511699914932251,0.0,3.511699914932251,3.511699914932251,3.511699914932251,0.0,0
2012-07-25,2.699732542037964,0.0,3.511699914932251,0.0,3.511699914932251,3.511699914932251,3.511699914932251,0.0,0
2012-07-26,2.7432451248168945,0.0,3.5683000087738037,0.0,3.5683000087738037,3.5683000087738037,3.5683000087738037,0.0,0
2012-07-27,2.795830011367798,0.0,3.636699914932251,0.0,3.636699914932251,3.636699914932251,3.636699914932251,0.0,0
2012-07-30,2.7945237159729004,0.0,3.634999990463257,0.0,3.634999990463257,3.634999990463257,3.634999990463257,0.0,0
2012-07-31,2.782991647720337,0.0,3.619999885559082,0.0,3.619999885559082,3.619999885559082,3.619999885559082,0.0,0
2012-08-01,2.775303602218628,0.0,3.609999895095825,0.0,3.609999895095825,3.609999895095825,3.609999895095825,0.0,0
2012-08-02,2.754777193069458,0.0,3.5833001136779785,0.0,3.5833001136779785,3.5833001136779785,3.5833001136779785,0.0,0
2012-08-03,2.8073620796203613,0.0,3.651700019836426,0.0,3.651700019836426,3.651700019836426,3.651700019836426,0.0,0
2012-08-06,2.8137423992156982,0.0,3.6600000858306885,0.0,3.6600000858306885,3.6600000858306885,3.6600000858306885,0.0,0
2012-08-07,2.8278114795684814,0.0,3.678299903869629,0.0,3.678299903869629,3.678299903869629,3.678299903869629,0.0,0
2012-08-08,2.830425262451172,0.0,3.6816999912261963,0.0,3.6816999912261963,3.6816999912261963,3.6816999912261963,0.0,0
2012-08-09,2.83296275138855,0.0,3.684999942779541,0.0,3.684999942779541,3.684999942779541,3.684999942779541,0.0,0
2012-08-10,2.839343309402466,0.0,3.6933000087738037,0.0,3.6933000087738037,3.6933000087738037,3.6933000087738037,0.0,0
2012-08-13,2.836806297302246,0.0,3.690000057220459,0.0,3.690000057220459,3.690000057220459,3.690000057220459,0.0,0
2012-08-14,2.836806297302246,0.0,3.690000057220459,0.0,3.690000057220459,3.690000057220459,3.690000057220459,0.0,0
2012-08-15,2.8406503200531006,0.0,3.694999933242798,0.0,3.694999933242798,3.694999933242798,3.694999933242798,0.0,0
2012-08-16,2.8611767292022705,0.0,3.7216999530792236,0.0,3.7216999530792236,3.7216999530792236,3.7216999530792236,0.0,0
2012-08-17,2.86625075340271,0.0,3.728300094604492,0.0,3.728300094604492,3.728300094604492,3.728300094604492,0.0,0
2012-08-20,2.86625075340271,0.0,3.728300094604492,0.0,3.728300094604492,3.728300094604492,3.728300094604492,0.0,0
2012-08-21,2.8560256958007812,0.0,3.7149999141693115,0.0,3.7149999141693115,3.7149999141693115,3.7149999141693115,0.0,0
2012-08-22,2.857332706451416,0.0,3.7167000770568848,0.0,3.7167000770568848,3.7167000770568848,3.7167000770568848,0.0,0
2012-08-23,2.8342692852020264,0.0,3.6867001056671143,0.0,3.6867001056671143,3.6867001056671143,3.6867001056671143,0.0,0
2012-08-24,2.853489398956299,0.0,3.711699962615967,0.0,3.711699962615967,3.711699962615967,3.711699962615967,0.0,0
2012-08-27,2.852181911468506,0.0,3.7100000381469727,0.0,3.7100000381469727,3.7100000381469727,3.7100000381469727,0.0,0
2012-08-28,2.849644899368286,0.0,3.706700086593628,0.0,3.706700086593628,3.706700086593628,3.706700086593628,0.0,0
2012-08-29,2.852181911468506,0.0,3.7100000381469727,0.0,3.7100000381469727,3.7100000381469727,3.7100000381469727,0.0,0
2012-08-30,2.830425262451172,0.0,3.6816999912261963,0.0,3.6816999912261963,3.6816999912261963,3.6816999912261963,0.0,0
2012-08-31,2.8458011150360107,0.0,3.70169997215271,0.0,3.70169997215271,3.70169997215271,3.70169997215271,0.0,0
2012-09-04,2.841956853866577,0.0,3.696700096130371,0.0,3.696700096130371,3.696700096130371,3.696700096130371,0.0,0
2012-09-05,2.839343309402466,0.0,3.6933000087738037,0.0,3.6933000087738037,3.6933000087738037,3.6933000087738037,0.0,0
2012-09-06,2.8983089923858643,0.0,3.7699999809265137,0.0,3.7699999809265137,3.7699999809265137,3.7699999809265137,0.0,0
2012-09-07,2.9098405838012695,0.0,3.7850000858306885,0.0,3.7850000858306885,3.7850000858306885,3.7850000858306885,0.0,0
2012-09-10,2.891928195953369,0.0,3.761699914932251,0.0,3.761699914932251,3.761699914932251,3.761699914932251,0.0,0
2012-09-11,2.900845766067505,0.0,3.7732999324798584,0.0,3.7732999324798584,3.7732999324798584,3.7732999324798584,0.0,0
2012-09-12,2.9085335731506348,0.0,3.7832999229431152,0.0,3.7832999229431152,3.7832999229431152,3.7832999229431152,0.0,0
2012-09-13,2.955967426300049,0.0,3.8450000286102295,0.0,3.8450000286102295,3.8450000286102295,3.8450000286102295,0.0,0
2012-09-14,2.967499017715454,0.0,3.859999895095825,0.0,3.859999895095825,3.859999895095825,3.859999895095825,0.0,0
2012-09-17,2.9585044384002686,0.0,3.848299980163574,0.0,3.848299980163574,3.848299980163574,3.848299980163574,0.0,0
2012-09-18,2.954660415649414,0.0,3.8433001041412354,0.0,3.8433001041412354,3.8433001041412354,3.8433001041412354,0.0,0
2012-09-19,2.9572744369506836,0.0,3.8466999530792236,0.0,3.8466999530792236,3.8466999530792236,3.8466999530792236,0.0,0
2012-09-20,2.9572744369506836,0.0,3.8466999530792236,0.0,3.8466999530792236,3.8466999530792236,3.8466999530792236,0.0,0
2012-09-21,2.955967426300049,0.0,3.8450000286102295,0.0,3.8450000286102295,3.8450000286102295,3.8450000286102295,0.0,0
2012-09-24,2.9495861530303955,0.0,3.836699962615967,0.0,3.836699962615967,3.836699962615967,3.836699962615967,0.0,0
2012-09-25,2.9188356399536133,0.0,3.7967000007629395,0.0,3.7967000007629395,3.7967000007629395,3.7967000007629395,0.0,0
2012-09-26,2.9034595489501953,0.0,3.776700019836426,0.0,3.776700019836426,3.776700019836426,3.776700019836426,0.0,0
2012-09-27,2.9315972328186035,0.0,3.8132998943328857,0.0,3.8132998943328857,3.8132998943328857,3.8132998943328857,0.0,0
2012-09-28,2.9175288677215576,0.0,3.7950000762939453,0.0,3.7950000762939453,3.7950000762939453,3.7950000762939453,0.0,0
2012-10-01,2.926523208618164,0.0,3.8066999912261963,0.0,3.8066999912261963,3.8066999912261963,3.8066999912261963,0.0,0
2012-10-02,2.9290599822998047,0.0,3.809999942779541,0.0,3.809999942779541,3.809999942779541,3.809999942779541,0.0,0
2012-10-03,2.940592050552368,0.0,3.825000047683716,0.0,3.825000047683716,3.825000047683716,3.825000047683716,0.0,0
2012-10-04,2.961118459701538,0.0,3.8517000675201416,0.0,3.8517000675201416,3.8517000675201416,3.8517000675201416,0.0,0
2012-10-05,2.961118459701538,0.0,3.8517000675201416,0.0,3.8517000675201416,3.8517000675201416,3.8517000675201416,0.0,0
2012-10-08,2.9508166313171387,0.0,3.8382999897003174,0.0,3.8382999897003174,3.8382999897003174,3.8382999897003174,0.0,0
2012-10-09,2.921372175216675,0.0,3.799999952316284,0.0,3.799999952316284,3.799999952316284,3.799999952316284,0.0,0
2012-10-10,2.9034595489501953,0.0,3.776700019836426,0.0,3.776700019836426,3.776700019836426,3.776700019836426,0.0,0
2012-10-11,2.9046900272369385,0.0,3.7783000469207764,0.0,3.7783000469207764,3.7783000469207764,3.7783000469207764,0.0,0
2012-10-12,2.8970019817352295,0.0,3.7683000564575195,0.0,3.7683000564575195,3.7683000564575195,3.7683000564575195,0.0,0
2012-10-15,2.92006516456604,0.0,3.79830002784729,0.0,3.79830002784729,3.79830002784729,3.79830002784729,0.0,0
2012-10-16,2.9495861530303955,0.0,3.836699962615967,0.0,3.836699962615967,3.836699962615967,3.836699962615967,0.0,0
2012-10-17,2.962348461151123,0.0,3.853300094604492,0.0,3.853300094604492,3.853300094604492,3.853300094604492,0.0,0
2012-10-18,2.954660415649414,0.0,3.8433001041412354,0.0,3.8433001041412354,3.8433001041412354,3.8433001041412354,0.0,0
2012-10-19,2.905996322631836,0.0,3.7799999713897705,0.0,3.7799999713897705,3.7799999713897705,3.7799999713897705,0.0,0
2012-10-22,2.907303810119629,0.0,3.7816998958587646,0.0,3.7816998958587646,3.7816998958587646,3.7816998958587646,0.0,0
2012-10-23,2.86625075340271,0.0,3.728300094604492,0.0,3.728300094604492,3.728300094604492,3.728300094604492,0.0,0
2012-10-24,2.857332706451416,0.0,3.7167000770568848,0.0,3.7167000770568848,3.7167000770568848,3.7167000770568848,0.0,0
2012-10-25,2.865020751953125,0.0,3.7267000675201416,0.0,3.7267000675201416,3.7267000675201416,3.7267000675201416,0.0,0
2012-10-26,2.8637139797210693,0.0,3.7249999046325684,0.0,3.7249999046325684,3.7249999046325684,3.7249999046325684,0.0,0
2012-10-31,2.8637139797210693,0.0,3.7249999046325684,0.0,3.7249999046325684,3.7249999046325684,3.7249999046325684,0.0,0
2012-11-01,2.8637139797210693,0.0,3.7249999046325684,0.0,3.7249999046325684,3.7249999046325684,3.7249999046325684,0.0,0
2012-11-02,2.8688642978668213,0.0,3.7316999435424805,0.0,3.7316999435424805,3.7316999435424805,3.7316999435424805,0.0,0
2012-11-05,2.8752453327178955,0.0,3.740000009536743,0.0,3.740000009536743,3.740000009536743,3.740000009536743,0.0,0
2012-11-06,2.8983089923858643,0.0,3.7699999809265137,0.0,3.7699999809265137,3.7699999809265137,3.7699999809265137,0.0,0
2012-11-07,2.831655263900757,0.0,3.683300018310547,0.0,3.683300018310547,3.683300018310547,3.683300018310547,0.0,0
2012-11-08,2.797060012817383,0.0,3.6382999420166016,0.0,3.6382999420166016,3.6382999420166016,3.6382999420166016,0.0,0
2012-11-09,2.802211284637451,0.0,3.6449999809265137,0.0,3.6449999809265137,3.6449999809265137,3.6449999809265137,0.0,0
2012-11-12,2.802211284637451,0.0,3.6449999809265137,0.0,3.6449999809265137,3.6449999809265137,3.6449999809265137,0.0,0
2012-11-13,2.7919864654541016,0.0,3.631700038909912,0.0,3.631700038909912,3.631700038909912,3.631700038909912,0.0,0
2012-11-14,2.754777193069458,0.0,3.5833001136779785,0.0,3.5833001136779785,3.5833001136779785,3.5833001136779785,0.0,0
2012-11-15,2.7509331703186035,0.0,3.5782999992370605,0.0,3.5782999992370605,3.5782999992370605,3.5782999992370605,0.0,0
2012-11-16,2.7637715339660645,0.0,3.5950000286102295,0.0,3.5950000286102295,3.5950000286102295,3.5950000286102295,0.0,0
2012-11-19,2.8188931941986084,0.0,3.6666998863220215,0.0,3.6666998863220215,3.6666998863220215,3.6666998863220215,0.0,0
2012-11-20,2.8214306831359863,0.0,3.6700000762939453,0.0,3.6700000762939453,3.6700000762939453,3.6700000762939453,0.0,0
2012-11-21,2.8278114795684814,0.0,3.678299903869629,0.0,3.678299903869629,3.678299903869629,3.678299903869629,0.0,0
2012-11-23,2.865020751953125,0.0,3.7267000675201416,0.0,3.7267000675201416,3.7267000675201416,3.7267000675201416,0.0,0
2012-11-26,2.85856294631958,0.0,3.7183001041412354,0.0,3.7183001041412354,3.7183001041412354,3.7183001041412354,0.0,0
2012-11-27,2.844494342803955,0.0,3.700000047683716,0.0,3.700000047683716,3.700000047683716,3.700000047683716,0.0,0
2012-11-28,2.8675577640533447,0.0,3.7300000190734863,0.0,3.7300000190734863,3.7300000190734863,3.7300000190734863,0.0,0
2012-11-29,2.8803963661193848,0.0,3.7467000484466553,0.0,3.7467000484466553,3.7467000484466553,3.7467000484466553,0.0,0
2012-11-30,2.8803963661193848,0.0,3.7467000484466553,0.0,3.7467000484466553,3.7467000484466553,3.7467000484466553,0.0,0
2012-12-03,2.8675577640533447,0.0,3.7300000190734863,0.0,3.7300000190734863,3.7300000190734863,3.7300000190734863,0.0,0
2012-12-04,2.8624067306518555,0.0,3.723299980163574,0.0,3.723299980163574,3.723299980163574,3.723299980163574,0.0,0
2012-12-05,2.8675577640533447,0.0,3.7300000190734863,0.0,3.7300000190734863,3.7300000190734863,3.7300000190734863,0.0,0
2012-12-06,2.8777823448181152,0.0,3.743299961090088,0.0,3.743299961090088,3.743299961090088,3.743299961090088,0.0,0
2012-12-07,2.886777400970459,0.0,3.755000114440918,0.0,3.755000114440918,3.755000114440918,3.755000114440918,0.0,0
2012-12-10,2.8880841732025146,0.0,3.756700038909912,0.0,3.756700038909912,3.756700038909912,3.756700038909912,0.0,0
2012-12-11,2.905996322631836,0.0,3.7799999713897705,0.0,3.7799999713897705,3.7799999713897705,3.7799999713897705,0.0,0
2012-12-12,2.9085335731506348,0.0,3.7832999229431152,0.0,3.7832999229431152,3.7832999229431152,3.7832999229431152,0.0,0
2012-12-13,2.890329599380493,0.0,3.678299903869629,0.081833,3.678299903869629,3.678299903869629,3.678299903869629,0.0,0
2012-12-14,2.878542900085449,0.0,3.663300037384033,0.0,3.663300037384033,3.663300037384033,3.663300037384033,0.0,0
2012-12-17,2.9126455783843994,0.0,3.706700086593628,0.0,3.706700086593628,3.706700086593628,3.706700086593628,0.0,0
2012-12-18,2.9126455783843994,0.0,3.706700086593628,0.0,3.706700086593628,3.706700086593628,3.706700086593628,0.0,0
2012-12-19,2.9244320392608643,0.0,3.7216999530792236,0.0,3.7216999530792236,3.7216999530792236,3.7216999530792236,0.0,0
2012-12-20,2.94014835357666,0.0,3.7416999340057373,0.0,3.7416999340057373,3.7416999340057373,3.7416999340057373,0.0,0
2012-12-21,2.9126455783843994,0.0,3.706700086593628,0.0,3.706700086593628,3.706700086593628,3.706700086593628,0.0,0
2012-12-24,2.9060449600219727,0.0,3.6982998847961426,0.0,3.6982998847961426,3.6982998847961426,3.6982998847961426,0.0,0
2012-12-26,2.893001079559326,0.0,3.6816999912261963,0.0,3.6816999912261963,3.6816999912261963,3.6816999912261963,0.0,0
2012-12-27,2.8890721797943115,0.0,3.6767001152038574,0.0,3.6767001152038574,3.6767001152038574,3.6767001152038574,0.0,0
2012-12-28,2.8576409816741943,0.0,3.636699914932251,0.0,3.636699914932251,3.636699914932251,3.636699914932251,0.0,0
2012-12-31,2.9060449600219727,0.0,3.6982998847961426,0.0,3.6982998847961426,3.6982998847961426,3.6982998847961426,0.0,0
2013-01-02,2.980694055557251,0.0,3.793299913406372,0.0,3.793299913406372,3.793299913406372,3.793299913406372,0.0,0
2013-01-03,2.9741718769073486,0.0,3.7850000858306885,0.0,3.7850000858306885,3.7850000858306885,3.7850000858306885,0.0,0
2013-01-04,2.988551616668701,0.0,3.803299903869629,0.0,3.803299903869629,3.803299903869629,3.803299903869629,0.0,0
2013-01-07,2.9794371128082275,0.0,3.7916998863220215,0.0,3.7916998863220215,3.7916998863220215,3.7916998863220215,0.0,0
2013-01-08,2.970243215560913,0.0,3.7799999713897705,0.0,3.7799999713897705,3.7799999713897705,3.7799999713897705,0.0,0
2013-01-09,2.9781012535095215,0.0,3.7899999618530273,0.0,3.7899999618530273,3.7899999618530273,3.7899999618530273,0.0,0
2013-01-10,3.001673936843872,0.0,3.819999933242798,0.0,3.819999933242798,3.819999933242798,3.819999933242798,0.0,0
2013-01-11,3.001673936843872,0.0,3.819999933242798,0.0,3.819999933242798,3.819999933242798,3.819999933242798,0.0,0
2013-01-14,2.9990808963775635,0.0,3.816699981689453,0.0,3.816699981689453,3.816699981689453,3.816699981689453,0.0,0
2013-01-15,3.001673936843872,0.0,3.819999933242798,0.0,3.819999933242798,3.819999933242798,3.819999933242798,0.0,0
2013-01-16,3.003009796142578,0.0,3.821700096130371,0.0,3.821700096130371,3.821700096130371,3.821700096130371,0.0,0
2013-01-17,3.0199830532073975,0.0,3.8433001041412354,0.0,3.8433001041412354,3.8433001041412354,3.8433001041412354,0.0,0
2013-01-18,3.0305123329162598,0.0,3.8566999435424805,0.0,3.8566999435424805,3.8566999435424805,3.8566999435424805,0.0,0
2013-01-22,3.0435569286346436,0.0,3.873300075531006,0.0,3.873300075531006,3.873300075531006,3.873300075531006,0.0,0
2013-01-23,3.048820734024048,0.0,3.880000114440918,0.0,3.880000114440918,3.880000114440918,3.880000114440918,0.0,0
2013-01-24,3.048820734024048,0.0,3.880000114440918,0.0,3.880000114440918,3.880000114440918,3.880000114440918,0.0,0
2013-01-25,3.0645368099212646,0.0,3.9000000953674316,0.0,3.9000000953674316,3.9000000953674316,3.9000000953674316,0.0,0
2013-01-28,3.059272050857544,0.0,3.8933000564575195,0.0,3.8933000564575195,3.8933000564575195,3.8933000564575195,0.0,0
2013-01-29,3.0749874114990234,0.0,3.913300037384033,0.0,3.913300037384033,3.913300037384033,3.913300037384033,0.0,0
2013-01-30,3.0645368099212646,0.0,3.9000000953674316,0.0,3.9000000953674316,3.9000000953674316,3.9000000953674316,0.0,0
2013-01-31,3.0566792488098145,0.0,3.890000104904175,0.0,3.890000104904175,3.890000104904175,3.890000104904175,0.0,0
2013-02-01,3.0867741107940674,0.0,3.928299903869629,0.0,3.928299903869629,3.928299903869629,3.928299903869629,0.0,0
2013-02-04,3.0514142513275146,0.0,3.8833000659942627,0.0,3.8833000659942627,3.8833000659942627,3.8833000659942627,0.0,0
2013-02-05,3.0841805934906006,0.0,3.924999952316284,0.0,3.924999952316284,3.924999952316284,3.924999952316284,0.0,0
2013-02-06,3.0855166912078857,0.0,3.9267001152038574,0.0,3.9267001152038574,3.9267001152038574,3.9267001152038574,0.0,0
2013-02-07,3.081587791442871,0.0,3.9217000007629395,0.0,3.9217000007629395,3.9217000007629395,3.9217000007629395,0.0,0
2013-02-08,3.0985608100891113,0.0,3.9433000087738037,0.0,3.9433000087738037,3.9433000087738037,3.9433000087738037,0.0,0
2013-02-11,3.097303628921509,0.0,3.941699981689453,0.0,3.941699981689453,3.941699981689453,3.941699981689453,0.0,0
2013-02-12,3.102489709854126,0.0,3.9482998847961426,0.0,3.9482998847961426,3.9482998847961426,3.9482998847961426,0.0,0
2013-02-13,3.105161190032959,0.0,3.95169997215271,0.0,3.95169997215271,3.95169997215271,3.95169997215271,0.0,0
2013-02-14,3.1077544689178467,0.0,3.9549999237060547,0.0,3.9549999237060547,3.9549999237060547,3.9549999237060547,0.0,0
2013-02-15,3.105161190032959,0.0,3.95169997215271,0.0,3.95169997215271,3.95169997215271,3.95169997215271,0.0,0
2013-02-19,3.1287343502044678,0.0,3.9816999435424805,0.0,3.9816999435424805,3.9816999435424805,3.9816999435424805,0.0,0
2013-02-20,3.0894455909729004,0.0,3.9316999912261963,0.0,3.9316999912261963,3.9316999912261963,3.9316999912261963,0.0,0
2013-02-21,3.071058511734009,0.0,3.9082999229431152,0.0,3.9082999229431152,3.9082999229431152,3.9082999229431152,0.0,0
2013-02-22,3.0985608100891113,0.0,3.9433000087738037,0.0,3.9433000087738037,3.9433000087738037,3.9433000087738037,0.0,0
2013-02-25,3.042299270629883,0.0,3.8717000484466553,0.0,3.8717000484466553,3.8717000484466553,3.8717000484466553,0.0,0
2013-02-26,3.06060791015625,0.0,3.8949999809265137,0.0,3.8949999809265137,3.8949999809265137,3.8949999809265137,0.0,0
2013-02-27,3.0998966693878174,0.0,3.944999933242798,0.0,3.944999933242798,3.944999933242798,3.944999933242798,0.0,0
2013-02-28,3.097303628921509,0.0,3.941699981689453,0.0,3.941699981689453,3.941699981689453,3.941699981689453,0.0,0
2013-03-01,3.105161190032959,0.0,3.95169997215271,0.0,3.95169997215271,3.95169997215271,3.95169997215271,0.0,0
2013-03-04,3.1195411682128906,0.0,3.9700000286102295,0.0,3.9700000286102295,3.9700000286102295,3.9700000286102295,0.0,0
2013-03-05,3.1496362686157227,0.0,4.008299827575684,0.0,4.008299827575684,4.008299827575684,4.008299827575684,0.0,0
2013-03-06,3.1535651683807373,0.0,4.013299942016602,0.0,4.013299942016602,4.013299942016602,4.013299942016602,0.0,0
2013-03-07,3.158829927444458,0.0,4.019999980926514,0.0,4.019999980926514,4.019999980926514,4.019999980926514,0.0,0
2013-03-08,3.1732101440429688,0.0,4.038300037384033,0.0,4.038300037384033,4.038300037384033,4.038300037384033,0.0,0
2013-03-11,3.183739185333252,0.0,4.051700115203857,0.0,4.051700115203857,4.051700115203857,4.051700115203857,0.0,0
2013-03-12,3.177138328552246,0.0,4.043300151824951,0.0,4.043300151824951,4.043300151824951,4.043300151824951,0.0,0
2013-03-13,3.182403564453125,0.0,4.050000190734863,0.0,4.050000190734863,4.050000190734863,4.050000190734863,0.0,0
2013-03-14,3.1994552612304688,0.0,4.071700096130371,0.0,4.071700096130371,4.071700096130371,4.071700096130371,0.0,0
2013-03-15,3.19419002532959,0.0,4.065000057220459,0.0,4.065000057220459,4.065000057220459,4.065000057220459,0.0,0
2013-03-18,3.177138328552246,0.0,4.043300151824951,0.0,4.043300151824951,4.043300151824951,4.043300151824951,0.0,0
2013-03-19,3.169281244277954,0.0,4.033299922943115,0.0,4.033299922943115,4.033299922943115,4.033299922943115,0.0,0
2013-03-20,3.1902613639831543,0.0,4.059999942779541,0.0,4.059999942779541,4.059999942779541,4.059999942779541,0.0,0
2013-03-21,3.1640946865081787,0.0,4.026700019836426,0.0,4.026700019836426,4.026700019836426,4.026700019836426,0.0,0
2013-03-22,3.187668561935425,0.0,4.056700229644775,0.0,4.056700229644775,4.056700229644775,4.056700229644775,0.0,0
2013-03-25,3.177138328552246,0.0,4.043300151824951,0.0,4.043300151824951,4.043300151824951,4.043300151824951,0.0,0
2013-03-26,3.20204758644104,0.0,4.074999809265137,0.0,4.074999809265137,4.074999809265137,4.074999809265137,0.0,0
2013-03-27,3.200711727142334,0.0,4.073299884796143,0.0,4.073299884796143,4.073299884796143,4.073299884796143,0.0,0
2013-03-28,3.213834524154663,0.0,4.090000152587891,0.0,4.090000152587891,4.090000152587891,4.090000152587891,0.0,0
2013-04-01,3.1994552612304688,0.0,4.071700096130371,0.0,4.071700096130371,4.071700096130371,4.071700096130371,0.0,0
2013-04-02,3.2164275646209717,0.0,4.093299865722656,0.0,4.093299865722656,4.093299865722656,4.093299865722656,0.0,0
2013-04-03,3.182403564453125,0.0,4.050000190734863,0.0,4.050000190734863,4.050000190734863,4.050000190734863,0.0,0
2013-04-04,3.195526123046875,0.0,4.066699981689453,0.0,4.066699981689453,4.066699981689453,4.066699981689453,0.0,0
2013-04-05,3.182403564453125,0.0,4.050000190734863,0.0,4.050000190734863,4.050000190734863,4.050000190734863,0.0,0
2013-04-08,3.2033839225769043,0.0,4.076700210571289,0.0,4.076700210571289,4.076700210571289,4.076700210571289,0.0,0
2013-04-09,3.213834524154663,0.0,4.090000152587891,0.0,4.090000152587891,4.090000152587891,4.090000152587891,0.0,0
2013-04-10,3.2531235218048096,0.0,4.139999866485596,0.0,4.139999866485596,4.139999866485596,4.139999866485596,0.0,0
2013-04-11,3.2649104595184326,0.0,4.15500020980835,0.0,4.15500020980835,4.15500020980835,4.15500020980835,0.0,0
2013-04-12,3.255716562271118,0.0,4.1433000564575195,0.0,4.1433000564575195,4.1433000564575195,4.1433000564575195,0.0,0
2013-04-15,3.18106746673584,0.0,4.048299789428711,0.0,4.048299789428711,4.048299789428711,4.048299789428711,0.0,0
2013-04-16,3.226956844329834,0.0,4.1066999435424805,0.0,4.1066999435424805,4.1066999435424805,4.1066999435424805,0.0,0
2013-04-17,3.18106746673584,0.0,4.048299789428711,0.0,4.048299789428711,4.048299789428711,4.048299789428711,0.0,0
2013-04-18,3.160166025161743,0.0,4.021699905395508,0.0,4.021699905395508,4.021699905395508,4.021699905395508,0.0,0
2013-04-19,3.187668561935425,0.0,4.056700229644775,0.0,4.056700229644775,4.056700229644775,4.056700229644775,0.0,0
2013-04-22,3.20204758644104,0.0,4.074999809265137,0.0,4.074999809265137,4.074999809265137,4.074999809265137,0.0,0
2013-04-23,3.236072540283203,0.0,4.118299961090088,0.0,4.118299961090088,4.118299961090088,4.118299961090088,0.0,0
2013-04-24,3.236072540283203,0.0,4.118299961090088,0.0,4.118299961090088,4.118299961090088,4.118299961090088,0.0,0
2013-04-25,3.249194860458374,0.0,4.135000228881836,0.0,4.135000228881836,4.135000228881836,4.135000228881836,0.0,0
2013-04-26,3.243929862976074,0.0,4.128300189971924,0.0,4.128300189971924,4.128300189971924,4.128300189971924,0.0,0
2013-04-29,3.2662463188171387,0.0,4.156700134277344,0.0,4.156700134277344,4.156700134277344,4.156700134277344,0.0,0
2013-04-30,3.2753610610961914,0.0,4.168300151824951,0.0,4.168300151824951,4.168300151824951,4.168300151824951,0.0,0
2013-05-01,3.2452659606933594,0.0,4.130000114440918,0.0,4.130000114440918,4.130000114440918,4.130000114440918,0.0,0
2013-05-02,3.2753610610961914,0.0,4.168300151824951,0.0,4.168300151824951,4.168300151824951,4.168300151824951,0.0,0
2013-05-03,3.3107211589813232,0.0,4.2133002281188965,0.0,4.2133002281188965,4.2133002281188965,4.2133002281188965,0.0,0
2013-05-06,3.315985679626465,0.0,4.21999979019165,0.0,4.21999979019165,4.21999979019165,4.21999979019165,0.0,0
2013-05-07,3.334294557571411,0.0,4.243299961090088,0.0,4.243299961090088,4.243299961090088,4.243299961090088,0.0,0
2013-05-08,3.348752737045288,0.0,4.26170015335083,0.0,4.26170015335083,4.26170015335083,4.26170015335083,0.0,0
2013-05-09,3.3382232189178467,0.0,4.248300075531006,0.0,4.248300075531006,4.248300075531006,4.248300075531006,0.0,0
2013-05-10,3.3526811599731445,0.0,4.26669979095459,0.0,4.26669979095459,4.26669979095459,4.26669979095459,0.0,0
2013-05-13,3.3526811599731445,0.0,4.26669979095459,0.0,4.26669979095459,4.26669979095459,4.26669979095459,0.0,0
2013-05-14,3.3880414962768555,0.0,4.311699867248535,0.0,4.311699867248535,4.311699867248535,4.311699867248535,0.0,0
2013-05-15,3.4063503742218018,0.0,4.335000038146973,0.0,4.335000038146973,4.335000038146973,4.335000038146973,0.0,0
2013-05-16,3.389299154281616,0.0,4.313300132751465,0.0,4.313300132751465,4.313300132751465,4.313300132751465,0.0,0
2013-05-17,3.4234023094177246,0.0,4.3566999435424805,0.0,4.3566999435424805,4.3566999435424805,4.3566999435424805,0.0,0
2013-05-20,3.4220659732818604,0.0,4.355000019073486,0.0,4.355000019073486,4.355000019073486,4.355000019073486,0.0,0
2013-05-21,3.427330732345581,0.0,4.361700057983398,0.0,4.361700057983398,4.361700057983398,4.361700057983398,0.0,0
2013-05-22,3.3998284339904785,0.0,4.326700210571289,0.0,4.326700210571289,4.326700210571289,4.326700210571289,0.0,0
2013-05-23,3.390634775161743,0.0,4.315000057220459,0.0,4.315000057220459,4.315000057220459,4.315000057220459,0.0,0
2013-05-24,3.389299154281616,0.0,4.313300132751465,0.0,4.313300132751465,4.313300132751465,4.313300132751465,0.0,0
2013-05-28,3.4102795124053955,0.0,4.340000152587891,0.0,4.340000152587891,4.340000152587891,4.340000152587891,0.0,0
2013-05-29,3.3867058753967285,0.0,4.309999942779541,0.0,4.309999942779541,4.309999942779541,4.309999942779541,0.0,0
2013-05-30,3.3998284339904785,0.0,4.326700210571289,0.0,4.326700210571289,4.326700210571289,4.326700210571289,0.0,0
2013-05-31,3.3513457775115967,0.0,4.264999866485596,0.0,4.264999866485596,4.264999866485596,4.264999866485596,0.0,0
2013-06-03,3.370990037918091,0.0,4.289999961853027,0.0,4.289999961853027,4.289999961853027,4.289999961853027,0.0,0
2013-06-04,3.3526811599731445,0.0,4.26669979095459,0.0,4.26669979095459,4.26669979095459,4.26669979095459,0.0,0
2013-06-05,3.3081278800964355,0.0,4.210000038146973,0.0,4.210000038146973,4.210000038146973,4.210000038146973,0.0,0
2013-06-06,3.335630416870117,0.0,4.244999885559082,0.0,4.244999885559082,4.244999885559082,4.244999885559082,0.0,0
2013-06-07,3.3788483142852783,0.0,4.300000190734863,0.0,4.300000190734863,4.300000190734863,4.300000190734863,0.0,0
2013-06-10,3.3775124549865723,0.0,4.298299789428711,0.0,4.298299789428711,4.298299789428711,4.298299789428711,0.0,0
2013-06-11,3.3434879779815674,0.0,4.255000114440918,0.0,4.255000114440918,4.255000114440918,4.255000114440918,0.0,0
2013-06-12,3.315985679626465,0.0,4.21999979019165,0.0,4.21999979019165,4.21999979019165,4.21999979019165,0.0,0
2013-06-13,3.3657257556915283,0.0,4.283299922943115,0.0,4.283299922943115,4.283299922943115,4.283299922943115,0.0,0
2013-06-14,3.346080780029297,0.0,4.258299827575684,0.0,4.258299827575684,4.258299827575684,4.258299827575684,0.0,0
2013-06-17,3.370990037918091,0.0,4.289999961853027,0.0,4.289999961853027,4.289999961853027,4.289999961853027,0.0,0
2013-06-18,3.397156238555908,0.0,4.323299884796143,0.0,4.323299884796143,4.323299884796143,4.323299884796143,0.0,0
2013-06-19,3.3500096797943115,0.0,4.263299942016602,0.0,4.263299942016602,4.263299942016602,4.263299942016602,0.0,0
2013-06-20,3.267503499984741,0.0,4.158299922943115,0.0,4.158299922943115,4.158299922943115,4.158299922943115,0.0,0
2013-06-21,3.2766966819763184,0.0,4.170000076293945,0.0,4.170000076293945,4.170000076293945,4.170000076293945,0.0,0
2013-06-24,3.236072540283203,0.0,4.118299961090088,0.0,4.118299961090088,4.118299961090088,4.118299961090088,0.0,0
2013-06-25,3.267503499984741,0.0,4.158299922943115,0.0,4.158299922943115,4.158299922943115,4.158299922943115,0.0,0
2013-06-26,3.2989342212677,0.0,4.198299884796143,0.0,4.198299884796143,4.198299884796143,4.198299884796143,0.0,0
2013-06-27,3.3199150562286377,0.0,4.224999904632568,0.0,4.224999904632568,4.224999904632568,4.224999904632568,0.0,0
2013-06-28,3.305534601211548,0.0,4.206699848175049,0.0,4.206699848175049,4.206699848175049,4.206699848175049,0.0,0
2013-07-01,3.323843479156494,0.0,4.230000019073486,0.0,4.230000019073486,4.230000019073486,4.230000019073486,0.0,0
2013-07-02,3.322507858276367,0.0,4.228300094604492,0.0,4.228300094604492,4.228300094604492,4.228300094604492,0.0,0
2013-07-03,3.3251795768737793,0.0,4.2316999435424805,0.0,4.2316999435424805,4.2316999435424805,4.2316999435424805,0.0,0
2013-07-05,3.359203815460205,0.0,4.275000095367432,0.0,4.275000095367432,4.275000095367432,4.275000095367432,0.0,0
2013-07-08,3.3775124549865723,0.0,4.298299789428711,0.0,4.298299789428711,4.298299789428711,4.298299789428711,0.0,0
2013-07-09,3.402421712875366,0.0,4.329999923706055,0.0,4.329999923706055,4.329999923706055,4.329999923706055,0.0,0
2013-07-10,3.403757333755493,0.0,4.331699848175049,0.0,4.331699848175049,4.331699848175049,4.331699848175049,0.0,0
2013-07-11,3.449568271636963,0.0,4.389999866485596,0.0,4.389999866485596,4.389999866485596,4.389999866485596,0.0,0
2013-07-12,3.46001935005188,0.0,4.403299808502197,0.0,4.403299808502197,4.403299808502197,4.403299808502197,0.0,0
2013-07-15,3.465283155441284,0.0,4.409999847412109,0.0,4.409999847412109,4.409999847412109,4.409999847412109,0.0,0
2013-07-16,3.4521610736846924,0.0,4.3933000564575195,0.0,4.3933000564575195,4.3933000564575195,4.3933000564575195,0.0,0
2013-07-17,3.4626903533935547,0.0,4.406700134277344,0.0,4.406700134277344,4.406700134277344,4.406700134277344,0.0,0
2013-07-18,3.479663133621216,0.0,4.428299903869629,0.0,4.428299903869629,4.428299903869629,4.428299903869629,0.0,0
2013-07-19,3.4862639904022217,0.0,4.436699867248535,0.0,4.436699867248535,4.436699867248535,4.436699867248535,0.0,0
2013-07-22,3.4927866458892822,0.0,4.445000171661377,0.0,4.445000171661377,4.445000171661377,4.445000171661377,0.0,0
2013-07-23,3.4862639904022217,0.0,4.436699867248535,0.0,4.436699867248535,4.436699867248535,4.436699867248535,0.0,0
2013-07-24,3.473141670227051,0.0,4.420000076293945,0.0,4.420000076293945,4.420000076293945,4.420000076293945,0.0,0
2013-07-25,3.482335090637207,0.0,4.431700229644775,0.0,4.431700229644775,4.431700229644775,4.431700229644775,0.0,0
2013-07-26,3.4849281311035156,0.0,4.434999942779541,0.0,4.434999942779541,4.434999942779541,4.434999942779541,0.0,0
2013-07-29,3.4718055725097656,0.0,4.418300151824951,0.0,4.418300151824951,4.418300151824951,4.418300151824951,0.0,0
2013-07-30,3.4744770526885986,0.0,4.4217000007629395,0.0,4.4217000007629395,4.4217000007629395,4.4217000007629395,0.0,0
2013-07-31,3.473141670227051,0.0,4.420000076293945,0.0,4.420000076293945,4.420000076293945,4.420000076293945,0.0,0
2013-08-01,3.5176947116851807,0.0,4.4766998291015625,0.0,4.4766998291015625,4.4766998291015625,4.4766998291015625,0.0,0
2013-08-02,3.522881031036377,0.0,4.48330020904541,0.0,4.48330020904541,4.48330020904541,4.48330020904541,0.0,0
2013-08-05,3.5176947116851807,0.0,4.4766998291015625,0.0,4.4766998291015625,4.4766998291015625,4.4766998291015625,0.0,0
2013-08-06,3.498051166534424,0.0,4.451700210571289,0.0,4.451700210571289,4.451700210571289,4.451700210571289,0.0,0
2013-08-07,3.4862639904022217,0.0,4.436699867248535,0.0,4.436699867248535,4.436699867248535,4.436699867248535,0.0,0
2013-08-08,3.500643491744995,0.0,4.454999923706055,0.0,4.454999923706055,4.454999923706055,4.454999923706055,0.0,0
2013-08-09,3.4888575077056885,0.0,4.440000057220459,0.0,4.440000057220459,4.440000057220459,4.440000057220459,0.0,0
2013-08-12,3.4849281311035156,0.0,4.434999942779541,0.0,4.434999942779541,4.434999942779541,4.434999942779541,0.0,0
2013-08-13,3.4953787326812744,0.0,4.448299884796143,0.0,4.448299884796143,4.448299884796143,4.448299884796143,0.0,0
2013-08-14,3.4770708084106445,0.0,4.425000190734863,0.0,4.425000190734863,4.425000190734863,4.425000190734863,0.0,0
2013-08-15,3.4285881519317627,0.0,4.36329984664917,0.0,4.36329984664917,4.36329984664917,4.36329984664917,0.0,0
2013-08-16,3.4168012142181396,0.0,4.348299980163574,0.0,4.348299980163574,4.348299980163574,4.348299980163574,0.0,0
2013-08-19,3.397156238555908,0.0,4.323299884796143,0.0,4.323299884796143,4.323299884796143,4.323299884796143,0.0,0
2013-08-20,3.4102795124053955,0.0,4.340000152587891,0.0,4.340000152587891,4.340000152587891,4.340000152587891,0.0,0
2013-08-21,3.390634775161743,0.0,4.315000057220459,0.0,4.315000057220459,4.315000057220459,4.315000057220459,0.0,0
2013-08-22,3.4207303524017334,0.0,4.353300094604492,0.0,4.353300094604492,4.353300094604492,4.353300094604492,0.0,0
2013-08-23,3.433852434158325,0.0,4.369999885559082,0.0,4.369999885559082,4.369999885559082,4.369999885559082,0.0,0
2013-08-26,3.4207303524017334,0.0,4.353300094604492,0.0,4.353300094604492,4.353300094604492,4.353300094604492,0.0,0
2013-08-27,3.3670618534088135,0.0,4.284999847412109,0.0,4.284999847412109,4.284999847412109,4.284999847412109,0.0,0
2013-08-28,3.3762550354003906,0.0,4.2967000007629395,0.0,4.2967000007629395,4.2967000007629395,4.2967000007629395,0.0,0
2013-08-29,3.3827767372131348,0.0,4.304999828338623,0.0,4.304999828338623,4.304999828338623,4.304999828338623,0.0,0
2013-08-30,3.372326135635376,0.0,4.2916998863220215,0.0,4.2916998863220215,4.2916998863220215,4.2916998863220215,0.0,0
2013-09-03,3.3867058753967285,0.0,4.309999942779541,0.0,4.309999942779541,4.309999942779541,4.309999942779541,0.0,0
2013-09-04,3.415544271469116,0.0,4.346700191497803,0.0,4.346700191497803,4.346700191497803,4.346700191497803,0.0,0
2013-09-05,3.4194729328155518,0.0,4.3516998291015625,0.0,4.3516998291015625,4.3516998291015625,4.3516998291015625,0.0,0
2013-09-06,3.4194729328155518,0.0,4.3516998291015625,0.0,4.3516998291015625,4.3516998291015625,4.3516998291015625,0.0,0
2013-09-09,3.4548327922821045,0.0,4.396699905395508,0.0,4.396699905395508,4.396699905395508,4.396699905395508,0.0,0
2013-09-10,3.479663133621216,0.0,4.428299903869629,0.0,4.428299903869629,4.428299903869629,4.428299903869629,0.0,0
2013-09-11,3.4901931285858154,0.0,4.441699981689453,0.0,4.441699981689453,4.441699981689453,4.441699981689453,0.0,0
2013-09-12,3.479663133621216,0.0,4.428299903869629,0.0,4.428299903869629,4.428299903869629,4.428299903869629,0.0,0
2013-09-13,3.4888575077056885,0.0,4.440000057220459,0.0,4.440000057220459,4.440000057220459,4.440000057220459,0.0,0
2013-09-16,3.5098371505737305,0.0,4.466700077056885,0.0,4.466700077056885,4.466700077056885,4.466700077056885,0.0,0
2013-09-17,3.524217367172241,0.0,4.485000133514404,0.0,4.485000133514404,4.485000133514404,4.485000133514404,0.0,0
2013-09-18,3.567434787750244,0.0,4.539999961853027,0.0,4.539999961853027,4.539999961853027,4.539999961853027,0.0,0
2013-09-19,3.560913324356079,0.0,4.531700134277344,0.0,4.531700134277344,4.531700134277344,4.531700134277344,0.0,0
2013-09-20,3.534667491912842,0.0,4.498300075531006,0.0,4.498300075531006,4.498300075531006,4.498300075531006,0.0,0
2013-09-23,3.5189523696899414,0.0,4.478300094604492,0.0,4.478300094604492,4.478300094604492,4.478300094604492,0.0,0
2013-09-24,3.5098371505737305,0.0,4.466700077056885,0.0,4.466700077056885,4.466700077056885,4.466700077056885,0.0,0
2013-09-25,3.500643491744995,0.0,4.454999923706055,0.0,4.454999923706055,4.454999923706055,4.454999923706055,0.0,0
2013-09-26,3.5137665271759033,0.0,4.471700191497803,0.0,4.471700191497803,4.471700191497803,4.471700191497803,0.0,0
2013-09-27,3.499307632446289,0.0,4.4532999992370605,0.0,4.4532999992370605,4.4532999992370605,4.4532999992370605,0.0,0
2013-09-30,3.4784064292907715,0.0,4.426700115203857,0.0,4.426700115203857,4.426700115203857,4.426700115203857,0.0,0
2013-10-01,3.505908966064453,0.0,4.461699962615967,0.0,4.461699962615967,4.461699962615967,4.461699962615967,0.0,0
2013-10-02,3.5045723915100098,0.0,4.460000038146973,0.0,4.460000038146973,4.460000038146973,4.460000038146973,0.0,0
2013-10-03,3.473141670227051,0.0,4.420000076293945,0.0,4.420000076293945,4.420000076293945,4.420000076293945,0.0,0
2013-10-04,3.498051166534424,0.0,4.451700210571289,0.0,4.451700210571289,4.451700210571289,4.451700210571289,0.0,0
2013-10-07,3.467876672744751,0.0,4.413300037384033,0.0,4.413300037384033,4.413300037384033,4.413300037384033,0.0,0
2013-10-08,3.425994634628296,0.0,4.360000133514404,0.0,4.360000133514404,4.360000133514404,4.360000133514404,0.0,0
2013-10-09,3.4285881519317627,0.0,4.36329984664917,0.0,4.36329984664917,4.36329984664917,4.36329984664917,0.0,0
2013-10-10,3.503237247467041,0.0,4.4583001136779785,0.0,4.4583001136779785,4.4583001136779785,4.4583001136779785,0.0,0
2013-10-11,3.525552749633789,0.0,4.486700057983398,0.0,4.486700057983398,4.486700057983398,4.486700057983398,0.0,0
2013-10-14,3.5399329662323,0.0,4.505000114440918,0.0,4.505000114440918,4.505000114440918,4.505000114440918,0.0,0
2013-10-15,3.515023946762085,0.0,4.473299980163574,0.0,4.473299980163574,4.473299980163574,4.473299980163574,0.0,0
2013-10-16,3.5635058879852295,0.0,4.534999847412109,0.0,4.534999847412109,4.534999847412109,4.534999847412109,0.0,0
2013-10-17,3.5884158611297607,0.0,4.566699981689453,0.0,4.566699981689453,4.566699981689453,4.566699981689453,0.0,0
2013-10-18,3.6119885444641113,0.0,4.596700191497803,0.0,4.596700191497803,4.596700191497803,4.596700191497803,0.0,0
2013-10-21,3.6119885444641113,0.0,4.596700191497803,0.0,4.596700191497803,4.596700191497803,4.596700191497803,0.0,0
2013-10-22,3.632890224456787,0.0,4.623300075531006,0.0,4.623300075531006,4.623300075531006,4.623300075531006,0.0,0
2013-10-23,3.615917444229126,0.0,4.6016998291015625,0.0,4.6016998291015625,4.6016998291015625,4.6016998291015625,0.0,0
2013-10-24,3.627704620361328,0.0,4.616700172424316,0.0,4.616700172424316,4.616700172424316,4.616700172424316,0.0,0
2013-10-25,3.6434202194213867,0.0,4.63670015335083,0.0,4.63670015335083,4.63670015335083,4.63670015335083,0.0,0
2013-10-28,3.648606061935425,0.0,4.6433000564575195,0.0,4.6433000564575195,4.6433000564575195,4.6433000564575195,0.0,0
2013-10-29,3.668250322341919,0.0,4.668300151824951,0.0,4.668300151824951,4.668300151824951,4.668300151824951,0.0,0
2013-10-30,3.6512770652770996,0.0,4.646699905395508,0.0,4.646699905395508,4.646699905395508,4.646699905395508,0.0,0
2013-10-31,3.638155221939087,0.0,4.630000114440918,0.0,4.630000114440918,4.630000114440918,4.630000114440918,0.0,0
2013-11-01,3.648606061935425,0.0,4.6433000564575195,0.0,4.6433000564575195,4.6433000564575195,4.6433000564575195,0.0,0
2013-11-04,3.6617283821105957,0.0,4.659999847412109,0.0,4.659999847412109,4.659999847412109,4.659999847412109,0.0,0
2013-11-05,3.6512770652770996,0.0,4.646699905395508,0.0,4.646699905395508,4.646699905395508,4.646699905395508,0.0,0
2013-11-06,3.668250322341919,0.0,4.668300151824951,0.0,4.668300151824951,4.668300151824951,4.668300151824951,0.0,0
2013-11-07,3.621103286743164,0.0,4.60830020904541,0.0,4.60830020904541,4.60830020904541,4.60830020904541,0.0,0
2013-11-08,3.669586181640625,0.0,4.670000076293945,0.0,4.670000076293945,4.670000076293945,4.670000076293945,0.0,0
2013-11-11,3.6721789836883545,0.0,4.673299789428711,0.0,4.673299789428711,4.673299789428711,4.673299789428711,0.0,0
2013-11-12,3.6643214225769043,0.0,4.663300037384033,0.0,4.663300037384033,4.663300037384033,4.663300037384033,0.0,0
2013-11-13,3.694495439529419,0.0,4.701700210571289,0.0,4.701700210571289,4.701700210571289,4.701700210571289,0.0,0
2013-11-14,3.712803602218628,0.0,4.724999904632568,0.0,4.724999904632568,4.724999904632568,4.724999904632568,0.0,0
2013-11-15,3.7285196781158447,0.0,4.744999885559082,0.0,4.744999885559082,4.744999885559082,4.744999885559082,0.0,0
2013-11-18,3.715397596359253,0.0,4.728300094604492,0.0,4.728300094604492,4.728300094604492,4.728300094604492,0.0,0
2013-11-19,3.7088749408721924,0.0,4.71999979019165,0.0,4.71999979019165,4.71999979019165,4.71999979019165,0.0,0
2013-11-20,3.694495439529419,0.0,4.701700210571289,0.0,4.701700210571289,4.701700210571289,4.701700210571289,0.0,0
2013-11-21,3.72459077835083,0.0,4.739999771118164,0.0,4.739999771118164,4.739999771118164,4.739999771118164,0.0,0
2013-11-22,3.7442355155944824,0.0,4.764999866485596,0.0,4.764999866485596,4.764999866485596,4.764999866485596,0.0,0
2013-11-25,3.7389702796936035,0.0,4.758299827575684,0.0,4.758299827575684,4.758299827575684,4.758299827575684,0.0,0
2013-11-26,3.7403066158294678,0.0,4.760000228881836,0.0,4.760000228881836,4.760000228881836,4.760000228881836,0.0,0
2013-11-27,3.7507574558258057,0.0,4.7733001708984375,0.0,4.7733001708984375,4.7733001708984375,4.7733001708984375,0.0,0
2013-11-29,3.748164176940918,0.0,4.769999980926514,0.0,4.769999980926514,4.769999980926514,4.769999980926514,0.0,0
2013-12-02,3.737713575363159,0.0,4.756700038909912,0.0,4.756700038909912,4.756700038909912,4.756700038909912,0.0,0
2013-12-03,3.725926399230957,0.0,4.741700172424316,0.0,4.741700172424316,4.741700172424316,4.741700172424316,0.0,0
2013-12-04,3.7219972610473633,0.0,4.736700057983398,0.0,4.736700057983398,4.736700057983398,4.736700057983398,0.0,0
2013-12-05,3.7075388431549072,0.0,4.718299865722656,0.0,4.718299865722656,4.718299865722656,4.718299865722656,0.0,0
2013-12-06,3.749500274658203,0.0,4.771699905395508,0.0,4.771699905395508,4.771699905395508,4.771699905395508,0.0,0
2013-12-09,3.7560222148895264,0.0,4.78000020980835,0.0,4.78000020980835,4.78000020980835,4.78000020980835,0.0,0
2013-12-10,3.7442355155944824,0.0,4.764999866485596,0.0,4.764999866485596,4.764999866485596,4.764999866485596,0.0,0
2013-12-11,3.70235276222229,0.0,4.711699962615967,0.0,4.711699962615967,4.711699962615967,4.711699962615967,0.0,0
2013-12-12,3.6891372203826904,0.0,4.614999771118164,0.080167,4.614999771118164,4.614999771118164,4.614999771118164,0.0,0
2013-12-13,3.6891372203826904,0.0,4.614999771118164,0.0,4.614999771118164,4.614999771118164,4.614999771118164,0.0,0
2013-12-16,3.711759567260742,0.0,4.6433000564575195,0.0,4.6433000564575195,4.6433000564575195,4.6433000564575195,0.0,0
2013-12-17,3.701127767562866,0.0,4.630000114440918,0.0,4.630000114440918,4.630000114440918,4.630000114440918,0.0,0
2013-12-18,3.762439727783203,0.0,4.706699848175049,0.0,4.706699848175049,4.706699848175049,4.706699848175049,0.0,0
2013-12-19,3.761080741882324,0.0,4.704999923706055,0.0,4.704999923706055,4.704999923706055,4.704999923706055,0.0,0
2013-12-20,3.778428077697754,0.0,4.7266998291015625,0.0,4.7266998291015625,4.7266998291015625,4.7266998291015625,0.0,0
2013-12-23,3.7996912002563477,0.0,4.753300189971924,0.0,4.753300189971924,4.753300189971924,4.753300189971924,0.0,0
2013-12-24,3.8104026317596436,0.0,4.76669979095459,0.0,4.76669979095459,4.76669979095459,4.76669979095459,0.0,0
2013-12-26,3.8290278911590576,0.0,4.789999961853027,0.0,4.789999961853027,4.789999961853027,4.789999961853027,0.0,0
2013-12-27,3.8290278911590576,0.0,4.789999961853027,0.0,4.789999961853027,4.789999961853027,4.789999961853027,0.0,0
2013-12-30,3.827669382095337,0.0,4.788300037384033,0.0,4.788300037384033,4.788300037384033,4.788300037384033,0.0,0
2013-12-31,3.8436570167541504,0.0,4.808300018310547,0.0,4.808300018310547,4.808300018310547,4.808300018310547,0.0,0
2014-01-02,3.8104026317596436,0.0,4.76669979095459,0.0,4.76669979095459,4.76669979095459,4.76669979095459,0.0,0
2014-01-03,3.8090438842773438,0.0,4.764999866485596,0.0,4.764999866485596,4.764999866485596,4.764999866485596,0.0,0
2014-01-06,3.7996912002563477,0.0,4.753300189971924,0.0,4.753300189971924,4.753300189971924,4.753300189971924,0.0,0
2014-01-07,3.8223941326141357,0.0,4.781700134277344,0.0,4.781700134277344,4.781700134277344,4.781700134277344,0.0,0
2014-01-08,3.8223941326141357,0.0,4.781700134277344,0.0,4.781700134277344,4.781700134277344,4.781700134277344,0.0,0
2014-01-09,3.823672294616699,0.0,4.783299922943115,0.0,4.783299922943115,4.783299922943115,4.783299922943115,0.0,0
2014-01-10,3.8330252170562744,0.0,4.795000076293945,0.0,4.795000076293945,4.795000076293945,4.795000076293945,0.0,0
2014-01-13,3.785062313079834,0.0,4.735000133514404,0.0,4.735000133514404,4.735000133514404,4.735000133514404,0.0,0
2014-01-14,3.826390027999878,0.0,4.7866997718811035,0.0,4.7866997718811035,4.7866997718811035,4.7866997718811035,0.0,0
2014-01-15,3.84501576423645,0.0,4.809999942779541,0.0,4.809999942779541,4.809999942779541,4.809999942779541,0.0,0
2014-01-16,3.8410181999206543,0.0,4.804999828338623,0.0,4.804999828338623,4.804999828338623,4.804999828338623,0.0,0
2014-01-17,3.826390027999878,0.0,4.7866997718811035,0.0,4.7866997718811035,4.7866997718811035,4.7866997718811035,0.0,0
2014-01-21,3.837022542953491,0.0,4.800000190734863,0.0,4.800000190734863,4.800000190734863,4.800000190734863,0.0,0
2014-01-22,3.8396589756011963,0.0,4.803299903869629,0.0,4.803299903869629,4.803299903869629,4.803299903869629,0.0,0
2014-01-23,3.8050472736358643,0.0,4.760000228881836,0.0,4.760000228881836,4.760000228881836,4.760000228881836,0.0,0
2014-01-24,3.7251088619232178,0.0,4.659999847412109,0.0,4.659999847412109,4.659999847412109,4.659999847412109,0.0,0
2014-01-27,3.7077622413635254,0.0,4.638299942016602,0.0,4.638299942016602,4.638299942016602,4.638299942016602,0.0,0
2014-01-28,3.730464458465576,0.0,4.6666998863220215,0.0,4.6666998863220215,4.6666998863220215,4.6666998863220215,0.0,0
2014-01-29,3.69313383102417,0.0,4.619999885559082,0.0,4.619999885559082,4.619999885559082,4.619999885559082,0.0,0
2014-01-30,3.734461784362793,0.0,4.6717000007629395,0.0,4.6717000007629395,4.6717000007629395,4.6717000007629395,0.0,0
2014-01-31,3.7104804515838623,0.0,4.64169979095459,0.0,4.64169979095459,4.64169979095459,4.64169979095459,0.0,0
2014-02-03,3.6251862049102783,0.0,4.534999847412109,0.0,4.534999847412109,4.534999847412109,4.534999847412109,0.0,0
2014-02-04,3.653165102005005,0.0,4.570000171661377,0.0,4.570000171661377,4.570000171661377,4.570000171661377,0.0,0
2014-02-05,3.6478097438812256,0.0,4.563300132751465,0.0,4.563300132751465,4.563300132751465,4.563300132751465,0.0,0
2014-02-06,3.694493293762207,0.0,4.621699810028076,0.0,4.621699810028076,4.621699810028076,4.621699810028076,0.0,0
2014-02-07,3.743734359741211,0.0,4.683300018310547,0.0,4.683300018310547,4.683300018310547,4.683300018310547,0.0,0
2014-02-10,3.7490904331207275,0.0,4.690000057220459,0.0,4.690000057220459,4.690000057220459,4.690000057220459,0.0,0
2014-02-11,3.7904183864593506,0.0,4.741700172424316,0.0,4.741700172424316,4.741700172424316,4.741700172424316,0.0,0
2014-02-12,3.7916975021362305,0.0,4.743299961090088,0.0,4.743299961090088,4.743299961090088,4.743299961090088,0.0,0
2014-02-13,3.8144004344940186,0.0,4.771699905395508,0.0,4.771699905395508,4.771699905395508,4.771699905395508,0.0,0
2014-02-14,3.8330252170562744,0.0,4.795000076293945,0.0,4.795000076293945,4.795000076293945,4.795000076293945,0.0,0
2014-02-18,3.83838152885437,0.0,4.801700115203857,0.0,4.801700115203857,4.801700115203857,4.801700115203857,0.0,0
2014-02-19,3.8130407333374023,0.0,4.769999980926514,0.0,4.769999980926514,4.769999980926514,4.769999980926514,0.0,0
2014-02-20,3.837022542953491,0.0,4.800000190734863,0.0,4.800000190734863,4.800000190734863,4.800000190734863,0.0,0
2014-02-21,3.8303866386413574,0.0,4.7916998863220215,0.0,4.7916998863220215,4.7916998863220215,4.7916998863220215,0.0,0
2014-02-24,3.8543689250946045,0.0,4.821700096130371,0.0,4.821700096130371,4.821700096130371,4.821700096130371,0.0,0
2014-02-25,3.849013328552246,0.0,4.815000057220459,0.0,4.815000057220459,4.815000057220459,4.815000057220459,0.0,0
2014-02-26,3.849013328552246,0.0,4.815000057220459,0.0,4.815000057220459,4.815000057220459,4.815000057220459,0.0,0
2014-02-27,3.868997812271118,0.0,4.840000152587891,0.0,4.840000152587891,4.840000152587891,4.840000152587891,0.0,0
2014-02-28,3.879629373550415,0.0,4.853300094604492,0.0,4.853300094604492,4.853300094604492,4.853300094604492,0.0,0
2014-03-03,3.8516504764556885,0.0,4.818299770355225,0.0,4.818299770355225,4.818299770355225,4.818299770355225,0.0,0
2014-03-04,3.910325050354004,0.0,4.89169979095459,0.0,4.89169979095459,4.89169979095459,4.89169979095459,0.0,0
2014-03-05,3.910325050354004,0.0,4.89169979095459,0.0,4.89169979095459,4.89169979095459,4.89169979095459,0.0,0
2014-03-06,3.918318748474121,0.0,4.901700019836426,0.0,4.901700019836426,4.901700019836426,4.901700019836426,0.0,0
2014-03-07,3.920957326889038,0.0,4.90500020980835,0.0,4.90500020980835,4.90500020980835,4.90500020980835,0.0,0
2014-03-10,3.918318748474121,0.0,4.901700019836426,0.0,4.901700019836426,4.901700019836426,4.901700019836426,0.0,0
2014-03-11,3.898334503173828,0.0,4.876699924468994,0.0,4.876699924468994,4.876699924468994,4.876699924468994,0.0,0
2014-03-12,3.900972366333008,0.0,4.880000114440918,0.0,4.880000114440918,4.880000114440918,4.880000114440918,0.0,0
2014-03-13,3.855647563934326,0.0,4.823299884796143,0.0,4.823299884796143,4.823299884796143,4.823299884796143,0.0,0
2014-03-14,3.855647563934326,0.0,4.823299884796143,0.0,4.823299884796143,4.823299884796143,4.823299884796143,0.0,0
2014-03-17,3.8823463916778564,0.0,4.8566999435424805,0.0,4.8566999435424805,4.8566999435424805,4.8566999435424805,0.0,0
2014-03-18,3.910325050354004,0.0,4.89169979095459,0.0,4.89169979095459,4.89169979095459,4.89169979095459,0.0,0
2014-03-19,3.8863437175750732,0.0,4.861700057983398,0.0,4.861700057983398,4.861700057983398,4.861700057983398,0.0,0
2014-03-20,3.910325050354004,0.0,4.89169979095459,0.0,4.89169979095459,4.89169979095459,4.89169979095459,0.0,0
2014-03-21,3.898334503173828,0.0,4.876699924468994,0.0,4.876699924468994,4.876699924468994,4.876699924468994,0.0,0
2014-03-24,3.879629373550415,0.0,4.853300094604492,0.0,4.853300094604492,4.853300094604492,4.853300094604492,0.0,0
2014-03-25,3.896975517272949,0.0,4.875,0.0,4.875,4.875,4.875,0.0,0
2014-03-26,3.868997812271118,0.0,4.840000152587891,0.0,4.840000152587891,4.840000152587891,4.840000152587891,0.0,0
2014-03-27,3.8623626232147217,0.0,4.831699848175049,0.0,4.831699848175049,4.831699848175049,4.831699848175049,0.0,0
2014-03-28,3.880988597869873,0.0,4.855000019073486,0.0,4.855000019073486,4.855000019073486,4.855000019073486,0.0,0
2014-03-31,3.9116036891937256,0.0,4.8933000564575195,0.0,4.8933000564575195,4.8933000564575195,4.8933000564575195,0.0,0
2014-04-01,3.9395830631256104,0.0,4.928299903869629,0.0,4.928299903869629,4.928299903869629,4.928299903869629,0.0,0
2014-04-02,3.951573371887207,0.0,4.943299770355225,0.0,4.943299770355225,4.943299770355225,4.943299770355225,0.0,0
2014-04-03,3.9475760459899902,0.0,4.938300132751465,0.0,4.938300132751465,4.938300132751465,4.938300132751465,0.0,0
2014-04-04,3.898334503173828,0.0,4.876699924468994,0.0,4.876699924468994,4.876699924468994,4.876699924468994,0.0,0
2014-04-07,3.855647563934326,0.0,4.823299884796143,0.0,4.823299884796143,4.823299884796143,4.823299884796143,0.0,0
2014-04-08,3.8716351985931396,0.0,4.843299865722656,0.0,4.843299865722656,4.843299865722656,4.843299865722656,0.0,0
2014-04-09,3.9143216609954834,0.0,4.896699905395508,0.0,4.896699905395508,4.896699905395508,4.896699905395508,0.0,0
2014-04-10,3.8330252170562744,0.0,4.795000076293945,0.0,4.795000076293945,4.795000076293945,4.795000076293945,0.0,0
2014-04-11,3.797053337097168,0.0,4.75,0.0,4.75,4.75,4.75,0.0,0
2014-04-14,3.827669382095337,0.0,4.788300037384033,0.0,4.788300037384033,4.788300037384033,4.788300037384033,0.0,0
2014-04-15,3.8543689250946045,0.0,4.821700096130371,0.0,4.821700096130371,4.821700096130371,4.821700096130371,0.0,0
2014-04-16,3.8943374156951904,0.0,4.871699810028076,0.0,4.871699810028076,4.871699810028076,4.871699810028076,0.0,0
2014-04-17,3.899613380432129,0.0,4.878300189971924,0.0,4.878300189971924,4.878300189971924,4.878300189971924,0.0,0
2014-04-21,3.9143216609954834,0.0,4.896699905395508,0.0,4.896699905395508,4.896699905395508,4.896699905395508,0.0,0
2014-04-22,3.930309295654297,0.0,4.9166998863220215,0.0,4.9166998863220215,4.9166998863220215,4.9166998863220215,0.0,0
2014-04-23,3.922315835952759,0.0,4.906700134277344,0.0,4.906700134277344,4.906700134277344,4.906700134277344,0.0,0
2014-04-24,3.928950071334839,0.0,4.914999961853027,0.0,4.914999961853027,4.914999961853027,4.914999961853027,0.0,0
2014-04-25,3.896975517272949,0.0,4.875,0.0,4.875,4.875,4.875,0.0,0
2014-04-28,3.910325050354004,0.0,4.89169979095459,0.0,4.89169979095459,4.89169979095459,4.89169979095459,0.0,0
2014-04-29,3.928950071334839,0.0,4.914999961853027,0.0,4.914999961853027,4.914999961853027,4.914999961853027,0.0,0
2014-04-30,3.9395830631256104,0.0,4.928299903869629,0.0,4.928299903869629,4.928299903869629,4.928299903869629,0.0,0
2014-05-01,3.9395830631256104,0.0,4.928299903869629,0.0,4.928299903869629,4.928299903869629,4.928299903869629,0.0,0
2014-05-02,3.9343061447143555,0.0,4.9217000007629395,0.0,4.9217000007629395,4.9217000007629395,4.9217000007629395,0.0,0
2014-05-05,3.94230055809021,0.0,4.931700229644775,0.0,4.931700229644775,4.931700229644775,4.931700229644775,0.0,0
2014-05-06,3.9076075553894043,0.0,4.888299942016602,0.0,4.888299942016602,4.888299942016602,4.888299942016602,0.0,0
2014-05-07,3.930309295654297,0.0,4.9166998863220215,0.0,4.9166998863220215,4.9166998863220215,4.9166998863220215,0.0,0
2014-05-08,3.926312208175659,0.0,4.9116997718811035,0.0,4.9116997718811035,4.9116997718811035,4.9116997718811035,0.0,0
2014-05-09,3.932948589324951,0.0,4.920000076293945,0.0,4.920000076293945,4.920000076293945,4.920000076293945,0.0,0
2014-05-12,3.971557378768921,0.0,4.968299865722656,0.0,4.968299865722656,4.968299865722656,4.968299865722656,0.0,0
2014-05-13,3.974276304244995,0.0,4.971700191497803,0.0,4.971700191497803,4.971700191497803,4.971700191497803,0.0,0
2014-05-14,3.9555704593658447,0.0,4.948299884796143,0.0,4.948299884796143,4.948299884796143,4.948299884796143,0.0,0
2014-05-15,3.919597864151001,0.0,4.903299808502197,0.0,4.903299808502197,4.903299808502197,4.903299808502197,0.0,0
2014-05-16,3.9343061447143555,0.0,4.9217000007629395,0.0,4.9217000007629395,4.9217000007629395,4.9217000007629395,0.0,0
2014-05-19,3.9502944946289062,0.0,4.941699981689453,0.0,4.941699981689453,4.941699981689453,4.941699981689453,0.0,0
2014-05-20,3.9235947132110596,0.0,4.908299922943115,0.0,4.908299922943115,4.908299922943115,4.908299922943115,0.0,0
2014-05-21,3.9569284915924072,0.0,4.949999809265137,0.0,4.949999809265137,4.949999809265137,4.949999809265137,0.0,0
2014-05-22,3.966282367706299,0.0,4.961699962615967,0.0,4.961699962615967,4.961699962615967,4.961699962615967,0.0,0
2014-05-23,3.9835476875305176,0.0,4.98330020904541,0.0,4.98330020904541,4.98330020904541,4.98330020904541,0.0,0
2014-05-27,4.0075297355651855,0.0,5.013299942016602,0.0,5.013299942016602,5.013299942016602,5.013299942016602,0.0,0
2014-05-28,4.003532409667969,0.0,5.008299827575684,0.0,5.008299827575684,5.008299827575684,5.008299827575684,0.0,0
2014-05-29,4.024876117706299,0.0,5.034999847412109,0.0,5.034999847412109,5.034999847412109,5.034999847412109,0.0,0
2014-05-30,4.032870292663574,0.0,5.045000076293945,0.0,5.045000076293945,5.045000076293945,5.045000076293945,0.0,0
2014-06-02,4.035508155822754,0.0,5.048299789428711,0.0,5.048299789428711,5.048299789428711,5.048299789428711,0.0,0
2014-06-03,4.034229278564453,0.0,5.0467000007629395,0.0,5.0467000007629395,5.0467000007629395,5.0467000007629395,0.0,0
2014-06-04,4.0422234535217285,0.0,5.056700229644775,0.0,5.056700229644775,5.056700229644775,5.056700229644775,0.0,0
2014-06-05,4.068841934204102,0.0,5.090000152587891,0.0,5.090000152587891,5.090000152587891,5.090000152587891,0.0,0
2014-06-06,4.0888261795043945,0.0,5.114999771118164,0.0,5.114999771118164,5.114999771118164,5.114999771118164,0.0,0
2014-06-09,4.092823505401611,0.0,5.119999885559082,0.0,5.119999885559082,5.119999885559082,5.119999885559082,0.0,0
2014-06-10,4.091464519500732,0.0,5.118299961090088,0.0,5.118299961090088,5.118299961090088,5.118299961090088,0.0,0
2014-06-11,4.0781941413879395,0.0,5.1016998291015625,0.0,5.1016998291015625,5.1016998291015625,5.1016998291015625,0.0,0
2014-06-12,4.050217151641846,0.0,5.066699981689453,0.0,5.066699981689453,5.066699981689453,5.066699981689453,0.0,0
2014-06-13,4.062207221984863,0.0,5.081699848175049,0.0,5.081699848175049,5.081699848175049,5.081699848175049,0.0,0
2014-06-16,4.06620454788208,0.0,5.086699962615967,0.0,5.086699962615967,5.086699962615967,5.086699962615967,0.0,0
2014-06-17,4.075477600097656,0.0,5.098299980163574,0.0,5.098299980163574,5.098299980163574,5.098299980163574,0.0,0
2014-06-18,4.106173992156982,0.0,5.13670015335083,0.0,5.13670015335083,5.13670015335083,5.13670015335083,0.0,0
2014-06-19,4.111449241638184,0.0,5.1433000564575195,0.0,5.1433000564575195,5.1433000564575195,5.1433000564575195,0.0,0
2014-06-20,4.119443893432617,0.0,5.153299808502197,0.0,5.153299808502197,5.153299808502197,5.153299808502197,0.0,0
2014-06-23,4.118163585662842,0.0,5.151700019836426,0.0,5.151700019836426,5.151700019836426,5.151700019836426,0.0,0
2014-06-24,4.092823505401611,0.0,5.119999885559082,0.0,5.119999885559082,5.119999885559082,5.119999885559082,0.0,0
2014-06-25,4.1128082275390625,0.0,5.144999980926514,0.0,5.144999980926514,5.144999980926514,5.144999980926514,0.0,0
2014-06-26,4.108811378479004,0.0,5.139999866485596,0.0,5.139999866485596,5.139999866485596,5.139999866485596,0.0,0
2014-06-27,4.116805076599121,0.0,5.150000095367432,0.0,5.150000095367432,5.150000095367432,5.150000095367432,0.0,0
2014-06-30,4.115446090698242,0.0,5.1483001708984375,0.0,5.1483001708984375,5.1483001708984375,5.1483001708984375,0.0,0
2014-07-01,4.1434245109558105,0.0,5.183300018310547,0.0,5.183300018310547,5.183300018310547,5.183300018310547,0.0,0
2014-07-02,4.146142482757568,0.0,5.186699867248535,0.0,5.186699867248535,5.186699867248535,5.186699867248535,0.0,0
2014-07-03,4.168764591217041,0.0,5.215000152587891,0.0,5.215000152587891,5.215000152587891,5.215000152587891,0.0,0
2014-07-07,4.152777194976807,0.0,5.195000171661377,0.0,5.195000171661377,5.195000171661377,5.195000171661377,0.0,0
2014-07-08,4.1247992515563965,0.0,5.159999847412109,0.0,5.159999847412109,5.159999847412109,5.159999847412109,0.0,0
2014-07-09,4.1447834968566895,0.0,5.184999942779541,0.0,5.184999942779541,5.184999942779541,5.184999942779541,0.0,0
2014-07-10,4.127437591552734,0.0,5.163300037384033,0.0,5.163300037384033,5.163300037384033,5.163300037384033,0.0,0
2014-07-11,4.134151935577393,0.0,5.1717000007629395,0.0,5.1717000007629395,5.1717000007629395,5.1717000007629395,0.0,0
2014-07-14,4.154135704040527,0.0,5.196700096130371,0.0,5.196700096130371,5.196700096130371,5.196700096130371,0.0,0
2014-07-15,4.146142482757568,0.0,5.186699867248535,0.0,5.186699867248535,5.186699867248535,5.186699867248535,0.0,0
2014-07-16,4.1634087562561035,0.0,5.2083001136779785,0.0,5.2083001136779785,5.2083001136779785,5.2083001136779785,0.0,0
2014-07-17,4.114166736602783,0.0,5.146699905395508,0.0,5.146699905395508,5.146699905395508,5.146699905395508,0.0,0
2014-07-18,4.156773567199707,0.0,5.199999809265137,0.0,5.199999809265137,5.199999809265137,5.199999809265137,0.0,0
2014-07-21,4.147420883178711,0.0,5.188300132751465,0.0,5.188300132751465,5.188300132751465,5.188300132751465,0.0,0
2014-07-22,4.167405605316162,0.0,5.2133002281188965,0.0,5.2133002281188965,5.2133002281188965,5.2133002281188965,0.0,0
2014-07-23,4.1753997802734375,0.0,5.223299980163574,0.0,5.223299980163574,5.223299980163574,5.223299980163574,0.0,0
2014-07-24,4.176758766174316,0.0,5.224999904632568,0.0,5.224999904632568,5.224999904632568,5.224999904632568,0.0,0
2014-07-25,4.156773567199707,0.0,5.199999809265137,0.0,5.199999809265137,5.199999809265137,5.199999809265137,0.0,0
2014-07-28,4.158133506774902,0.0,5.201700210571289,0.0,5.201700210571289,5.201700210571289,5.201700210571289,0.0,0
2014-07-29,4.139427661895752,0.0,5.178299903869629,0.0,5.178299903869629,5.178299903869629,5.178299903869629,0.0,0
2014-07-30,4.140786170959473,0.0,5.179999828338623,0.0,5.179999828338623,5.179999828338623,5.179999828338623,0.0,0
2014-07-31,4.058211326599121,0.0,5.076700210571289,0.0,5.076700210571289,5.076700210571289,5.076700210571289,0.0,0
2014-08-01,4.046219825744629,0.0,5.061699867248535,0.0,5.061699867248535,5.061699867248535,5.061699867248535,0.0,0
2014-08-04,4.075477600097656,0.0,5.098299980163574,0.0,5.098299980163574,5.098299980163574,5.098299980163574,0.0,0
2014-08-05,4.036867141723633,0.0,5.050000190734863,0.0,5.050000190734863,5.050000190734863,5.050000190734863,0.0,0
2014-08-06,4.038226127624512,0.0,5.051700115203857,0.0,5.051700115203857,5.051700115203857,5.051700115203857,0.0,0
2014-08-07,4.016883373260498,0.0,5.025000095367432,0.0,5.025000095367432,5.025000095367432,5.025000095367432,0.0,0
2014-08-08,4.062207221984863,0.0,5.081699848175049,0.0,5.081699848175049,5.081699848175049,5.081699848175049,0.0,0
2014-08-11,4.0741987228393555,0.0,5.096700191497803,0.0,5.096700191497803,5.096700191497803,5.096700191497803,0.0,0
2014-08-12,4.068841934204102,0.0,5.090000152587891,0.0,5.090000152587891,5.090000152587891,5.090000152587891,0.0,0
2014-08-13,4.09682035446167,0.0,5.125,0.0,5.125,5.125,5.125,0.0,0
2014-08-14,4.114166736602783,0.0,5.146699905395508,0.0,5.146699905395508,5.146699905395508,5.146699905395508,0.0,0
2014-08-15,4.114166736602783,0.0,5.146699905395508,0.0,5.146699905395508,5.146699905395508,5.146699905395508,0.0,0
2014-08-18,4.150139808654785,0.0,5.191699981689453,0.0,5.191699981689453,5.191699981689453,5.191699981689453,0.0,0
2014-08-19,4.171402454376221,0.0,5.218299865722656,0.0,5.218299865722656,5.218299865722656,5.218299865722656,0.0,0
2014-08-20,4.182114124298096,0.0,5.2316999435424805,0.0,5.2316999435424805,5.2316999435424805,5.2316999435424805,0.0,0
2014-08-21,4.194105625152588,0.0,5.246699810028076,0.0,5.246699810028076,5.246699810028076,5.246699810028076,0.0,0
2014-08-22,4.187390327453613,0.0,5.23829984664917,0.0,5.23829984664917,5.23829984664917,5.23829984664917,0.0,0
2014-08-25,4.206096172332764,0.0,5.26170015335083,0.0,5.26170015335083,5.26170015335083,5.26170015335083,0.0,0
2014-08-26,4.211372375488281,0.0,5.2683000564575195,0.0,5.2683000564575195,5.2683000564575195,5.2683000564575195,0.0,0
2014-08-27,4.212730884552002,0.0,5.269999980926514,0.0,5.269999980926514,5.269999980926514,5.269999980926514,0.0,0
2014-08-28,4.206096172332764,0.0,5.26170015335083,0.0,5.26170015335083,5.26170015335083,5.26170015335083,0.0,0
2014-08-29,4.219365119934082,0.0,5.278299808502197,0.0,5.278299808502197,5.278299808502197,5.278299808502197,0.0,0
2014-09-02,4.2180867195129395,0.0,5.276700019836426,0.0,5.276700019836426,5.276700019836426,5.276700019836426,0.0,0
2014-09-03,4.215368270874023,0.0,5.2733001708984375,0.0,5.2733001708984375,5.2733001708984375,5.2733001708984375,0.0,0
2014-09-04,4.208734035491943,0.0,5.264999866485596,0.0,5.264999866485596,5.264999866485596,5.264999866485596,0.0,0
2014-09-05,4.230076789855957,0.0,5.2916998863220215,0.0,5.2916998863220215,5.2916998863220215,5.2916998863220215,0.0,0
2014-09-08,4.2180867195129395,0.0,5.276700019836426,0.0,5.276700019836426,5.276700019836426,5.276700019836426,0.0,0
2014-09-09,4.190108299255371,0.0,5.241700172424316,0.0,5.241700172424316,5.241700172424316,5.241700172424316,0.0,0
2014-09-10,4.206096172332764,0.0,5.26170015335083,0.0,5.26170015335083,5.26170015335083,5.26170015335083,0.0,0
2014-09-11,4.211372375488281,0.0,5.2683000564575195,0.0,5.2683000564575195,5.2683000564575195,5.2683000564575195,0.0,0
2014-09-12,4.186110973358154,0.0,5.236700057983398,0.0,5.236700057983398,5.236700057983398,5.236700057983398,0.0,0
2014-09-15,4.1833930015563965,0.0,5.23330020904541,0.0,5.23330020904541,5.23330020904541,5.23330020904541,0.0,0
2014-09-16,4.214089393615723,0.0,5.271699905395508,0.0,5.271699905395508,5.271699905395508,5.271699905395508,0.0,0
2014-09-17,4.219365119934082,0.0,5.278299808502197,0.0,5.278299808502197,5.278299808502197,5.278299808502197,0.0,0
2014-09-18,4.240708351135254,0.0,5.304999828338623,0.0,5.304999828338623,5.304999828338623,5.304999828338623,0.0,0
2014-09-19,4.239349842071533,0.0,5.303299903869629,0.0,5.303299903869629,5.303299903869629,5.303299903869629,0.0,0
2014-09-22,4.204736232757568,0.0,5.260000228881836,0.0,5.260000228881836,5.260000228881836,5.260000228881836,0.0,0
2014-09-23,4.180754661560059,0.0,5.230000019073486,0.0,5.230000019073486,5.230000019073486,5.230000019073486,0.0,0
2014-09-24,4.214089393615723,0.0,5.271699905395508,0.0,5.271699905395508,5.271699905395508,5.271699905395508,0.0,0
2014-09-25,4.146142482757568,0.0,5.186699867248535,0.0,5.186699867248535,5.186699867248535,5.186699867248535,0.0,0
2014-09-26,4.182114124298096,0.0,5.2316999435424805,0.0,5.2316999435424805,5.2316999435424805,5.2316999435424805,0.0,0
2014-09-29,4.171402454376221,0.0,5.218299865722656,0.0,5.218299865722656,5.218299865722656,5.218299865722656,0.0,0
2014-09-30,4.160770893096924,0.0,5.204999923706055,0.0,5.204999923706055,5.204999923706055,5.204999923706055,0.0,0
2014-10-01,4.106173992156982,0.0,5.13670015335083,0.0,5.13670015335083,5.13670015335083,5.13670015335083,0.0,0
2014-10-02,4.106173992156982,0.0,5.13670015335083,0.0,5.13670015335083,5.13670015335083,5.13670015335083,0.0,0
2014-10-03,4.1514177322387695,0.0,5.193299770355225,0.0,5.193299770355225,5.193299770355225,5.193299770355225,0.0,0
2014-10-06,4.146142482757568,0.0,5.186699867248535,0.0,5.186699867248535,5.186699867248535,5.186699867248535,0.0,0
2014-10-07,4.083470821380615,0.0,5.10830020904541,0.0,5.10830020904541,5.10830020904541,5.10830020904541,0.0,0
2014-10-08,4.155414581298828,0.0,5.198299884796143,0.0,5.198299884796143,5.198299884796143,5.198299884796143,0.0,0
2014-10-09,4.070201396942139,0.0,5.091700077056885,0.0,5.091700077056885,5.091700077056885,5.091700077056885,0.0,0
2014-10-10,4.02351713180542,0.0,5.033299922943115,0.0,5.033299922943115,5.033299922943115,5.033299922943115,0.0,0
2014-10-13,3.958287477493286,0.0,4.951700210571289,0.0,4.951700210571289,4.951700210571289,4.951700210571289,0.0,0
2014-10-14,3.9649229049682617,0.0,4.960000038146973,0.0,4.960000038146973,4.960000038146973,4.960000038146973,0.0,0
2014-10-15,3.9315896034240723,0.0,4.918300151824951,0.0,4.918300151824951,4.918300151824951,4.918300151824951,0.0,0
2014-10-16,3.932948589324951,0.0,4.920000076293945,0.0,4.920000076293945,4.920000076293945,4.920000076293945,0.0,0
2014-10-17,3.9835476875305176,0.0,4.98330020904541,0.0,4.98330020904541,4.98330020904541,4.98330020904541,0.0,0
2014-10-20,4.0195207595825195,0.0,5.028299808502197,0.0,5.028299808502197,5.028299808502197,5.028299808502197,0.0,0
2014-10-21,4.098178863525391,0.0,5.126699924468994,0.0,5.126699924468994,5.126699924468994,5.126699924468994,0.0,0
2014-10-22,4.068841934204102,0.0,5.090000152587891,0.0,5.090000152587891,5.090000152587891,5.090000152587891,0.0,0
2014-10-23,4.119443893432617,0.0,5.153299808502197,0.0,5.153299808502197,5.153299808502197,5.153299808502197,0.0,0
2014-10-24,4.1487812995910645,0.0,5.190000057220459,0.0,5.190000057220459,5.190000057220459,5.190000057220459,0.0,0
2014-10-27,4.14214563369751,0.0,5.181700229644775,0.0,5.181700229644775,5.181700229644775,5.181700229644775,0.0,0
2014-10-28,4.191388130187988,0.0,5.243299961090088,0.0,5.243299961090088,5.243299961090088,5.243299961090088,0.0,0
2014-10-29,4.186110973358154,0.0,5.236700057983398,0.0,5.236700057983398,5.236700057983398,5.236700057983398,0.0,0
2014-10-30,4.212730884552002,0.0,5.269999980926514,0.0,5.269999980926514,5.269999980926514,5.269999980926514,0.0,0
2014-10-31,4.262052059173584,0.0,5.331699848175049,0.0,5.331699848175049,5.331699848175049,5.331699848175049,0.0,0
2014-11-03,4.260693073272705,0.0,5.329999923706055,0.0,5.329999923706055,5.329999923706055,5.329999923706055,0.0,0
2014-11-04,4.248703479766846,0.0,5.315000057220459,0.0,5.315000057220459,5.315000057220459,5.315000057220459,0.0,0
2014-11-05,4.274043560028076,0.0,5.346700191497803,0.0,5.346700191497803,5.346700191497803,5.346700191497803,0.0,0
2014-11-06,4.29266881942749,0.0,5.369999885559082,0.0,5.369999885559082,5.369999885559082,5.369999885559082,0.0,0
2014-11-07,4.294027805328369,0.0,5.371699810028076,0.0,5.371699810028076,5.371699810028076,5.371699810028076,0.0,0
2014-11-10,4.3072967529296875,0.0,5.388299942016602,0.0,5.388299942016602,5.388299942016602,5.388299942016602,0.0,0
2014-11-11,4.311294078826904,0.0,5.3933000564575195,0.0,5.3933000564575195,5.3933000564575195,5.3933000564575195,0.0,0
2014-11-12,4.308656215667725,0.0,5.389999866485596,0.0,5.389999866485596,5.389999866485596,5.389999866485596,0.0,0
2014-11-13,4.311294078826904,0.0,5.3933000564575195,0.0,5.3933000564575195,5.3933000564575195,5.3933000564575195,0.0,0
2014-11-14,4.312653541564941,0.0,5.394999980926514,0.0,5.394999980926514,5.394999980926514,5.394999980926514,0.0,0
2014-11-17,4.316649436950684,0.0,5.400000095367432,0.0,5.400000095367432,5.400000095367432,5.400000095367432,0.0,0
2014-11-18,4.3392720222473145,0.0,5.428299903869629,0.0,5.428299903869629,5.428299903869629,5.428299903869629,0.0,0
2014-11-19,4.333995819091797,0.0,5.4217000007629395,0.0,5.4217000007629395,5.4217000007629395,5.4217000007629395,0.0,0
2014-11-20,4.341990947723389,0.0,5.431700229644775,0.0,5.431700229644775,5.431700229644775,5.431700229644775,0.0,0
2014-11-21,4.365971565246582,0.0,5.461699962615967,0.0,5.461699962615967,5.461699962615967,5.461699962615967,0.0,0
2014-11-24,4.377963066101074,0.0,5.4766998291015625,0.0,5.4766998291015625,5.4766998291015625,5.4766998291015625,0.0,0
2014-11-25,4.373966217041016,0.0,5.471700191497803,0.0,5.471700191497803,5.471700191497803,5.471700191497803,0.0,0
2014-11-26,4.385956287384033,0.0,5.486700057983398,0.0,5.486700057983398,5.486700057983398,5.486700057983398,0.0,0
2014-11-28,4.375244617462158,0.0,5.473299980163574,0.0,5.473299980163574,5.473299980163574,5.473299980163574,0.0,0
2014-12-01,4.345987319946289,0.0,5.436699867248535,0.0,5.436699867248535,5.436699867248535,5.436699867248535,0.0,0
2014-12-02,4.373966217041016,0.0,5.471700191497803,0.0,5.471700191497803,5.471700191497803,5.471700191497803,0.0,0
2014-12-03,4.391232490539551,0.0,5.493299961090088,0.0,5.493299961090088,5.493299961090088,5.493299961090088,0.0,0
2014-12-04,4.387234687805176,0.0,5.48829984664917,0.0,5.48829984664917,5.48829984664917,5.48829984664917,0.0,0
2014-12-05,4.39394998550415,0.0,5.496699810028076,0.0,5.496699810028076,5.496699810028076,5.496699810028076,0.0,0
2014-12-08,4.363254070281982,0.0,5.4583001136779785,0.0,5.4583001136779785,5.4583001136779785,5.4583001136779785,0.0,0
2014-12-09,4.361974716186523,0.0,5.456699848175049,0.0,5.456699848175049,5.456699848175049,5.456699848175049,0.0,0
2014-12-10,4.2913103103637695,0.0,5.368299961090088,0.0,5.368299961090088,5.368299961090088,5.368299961090088,0.0,0
2014-12-11,4.311294078826904,0.0,5.3933000564575195,0.0,5.3933000564575195,5.3933000564575195,5.3933000564575195,0.0,0
2014-12-12,4.242068767547607,0.0,5.306700229644775,0.0,5.306700229644775,5.306700229644775,5.306700229644775,0.0,0
2014-12-15,4.215368270874023,0.0,5.2733001708984375,0.0,5.2733001708984375,5.2733001708984375,5.2733001708984375,0.0,0
2014-12-16,4.178643703460693,0.0,5.131700038909912,0.0965,5.131700038909912,5.131700038909912,5.131700038909912,0.0,0
2014-12-17,4.264143466949463,0.0,5.236700057983398,0.0,5.236700057983398,5.236700057983398,5.236700057983398,0.0,0
2014-12-18,4.367232322692871,0.0,5.36329984664917,0.0,5.36329984664917,5.36329984664917,5.36329984664917,0.0,0
2014-12-19,4.38628625869751,0.0,5.38670015335083,0.0,5.38670015335083,5.38670015335083,5.38670015335083,0.0,0
2014-12-22,4.403874397277832,0.0,5.408299922943115,0.0,5.408299922943115,5.408299922943115,5.408299922943115,0.0,0
2014-12-23,4.412017822265625,0.0,5.418300151824951,0.0,5.418300151824951,5.418300151824951,5.418300151824951,0.0,0
2014-12-24,4.412017822265625,0.0,5.418300151824951,0.0,5.418300151824951,5.418300151824951,5.418300151824951,0.0,0
2014-12-26,4.4256157875061035,0.0,5.434999942779541,0.0,5.434999942779541,5.434999942779541,5.434999942779541,0.0,0
2014-12-29,4.4310712814331055,0.0,5.441699981689453,0.0,5.441699981689453,5.441699981689453,5.441699981689453,0.0,0
2014-12-30,4.409329891204834,0.0,5.414999961853027,0.0,5.414999961853027,5.414999961853027,5.414999961853027,0.0,0
2014-12-31,4.3645453453063965,0.0,5.360000133514404,0.0,5.360000133514404,5.360000133514404,5.360000133514404,0.0,0
2015-01-02,4.363160610198975,0.0,5.35830020904541,0.0,5.35830020904541,5.35830020904541,5.35830020904541,0.0,0
2015-01-05,4.283116817474365,0.0,5.260000228881836,0.0,5.260000228881836,5.260000228881836,5.260000228881836,0.0,0
2015-01-06,4.245089530944824,0.0,5.2133002281188965,0.0,5.2133002281188965,5.2133002281188965,5.2133002281188965,0.0,0
2015-01-07,4.29671573638916,0.0,5.276700019836426,0.0,5.276700019836426,5.276700019836426,5.276700019836426,0.0,0
2015-01-08,4.372687816619873,0.0,5.369999885559082,0.0,5.369999885559082,5.369999885559082,5.369999885559082,0.0,0
2015-01-09,4.336044788360596,0.0,5.324999809265137,0.0,5.324999809265137,5.324999809265137,5.324999809265137,0.0,0
2015-01-12,4.300786972045898,0.0,5.281700134277344,0.0,5.281700134277344,5.281700134277344,5.281700134277344,0.0,0
2015-01-13,4.289875507354736,0.0,5.2683000564575195,0.0,5.2683000564575195,5.2683000564575195,5.2683000564575195,0.0,0
2015-01-14,4.265447616577148,0.0,5.23829984664917,0.0,5.23829984664917,5.23829984664917,5.23829984664917,0.0,0
2015-01-15,4.2261176109313965,0.0,5.190000057220459,0.0,5.190000057220459,5.190000057220459,5.190000057220459,0.0,0
2015-01-16,4.283116817474365,0.0,5.260000228881836,0.0,5.260000228881836,5.260000228881836,5.260000228881836,0.0,0
2015-01-20,4.289875507354736,0.0,5.2683000564575195,0.0,5.2683000564575195,5.2683000564575195,5.2683000564575195,0.0,0
2015-01-21,4.310232162475586,0.0,5.293300151824951,0.0,5.293300151824951,5.293300151824951,5.293300151824951,0.0,0
2015-01-22,4.376759052276611,0.0,5.375,0.0,5.375,5.375,5.375,0.0,0
2015-01-23,4.352330207824707,0.0,5.34499979019165,0.0,5.34499979019165,5.34499979019165,5.34499979019165,0.0,0
2015-01-26,4.363160610198975,0.0,5.35830020904541,0.0,5.35830020904541,5.35830020904541,5.35830020904541,0.0,0
2015-01-27,4.3048577308654785,0.0,5.2866997718811035,0.0,5.2866997718811035,5.2866997718811035,5.2866997718811035,0.0,0
2015-01-28,4.247859001159668,0.0,5.216700077056885,0.0,5.216700077056885,5.216700077056885,5.216700077056885,0.0,0
2015-01-29,4.288572788238525,0.0,5.26669979095459,0.0,5.26669979095459,5.26669979095459,5.26669979095459,0.0,0
2015-01-30,4.232875347137451,0.0,5.198299884796143,0.0,5.198299884796143,5.198299884796143,5.198299884796143,0.0,0
2015-02-02,4.2871880531311035,0.0,5.264999866485596,0.0,5.264999866485596,5.264999866485596,5.264999866485596,0.0,0
2015-02-03,4.349643707275391,0.0,5.341700077056885,0.0,5.341700077056885,5.341700077056885,5.341700077056885,0.0,0
2015-02-04,4.333357334136963,0.0,5.321700096130371,0.0,5.321700096130371,5.321700096130371,5.321700096130371,0.0,0
2015-02-05,4.378142833709717,0.0,5.376699924468994,0.0,5.376699924468994,5.376699924468994,5.376699924468994,0.0,0
2015-02-06,4.3645453453063965,0.0,5.360000133514404,0.0,5.360000133514404,5.360000133514404,5.360000133514404,0.0,0
2015-02-09,4.345571994781494,0.0,5.336699962615967,0.0,5.336699962615967,5.336699962615967,5.336699962615967,0.0,0
2015-02-10,4.393045425415039,0.0,5.394999980926514,0.0,5.394999980926514,5.394999980926514,5.394999980926514,0.0,0
2015-02-11,4.394428253173828,0.0,5.396699905395508,0.0,5.396699905395508,5.396699905395508,5.396699905395508,0.0,0
2015-02-12,4.437830448150635,0.0,5.449999809265137,0.0,5.449999809265137,5.449999809265137,5.449999809265137,0.0,0
2015-02-13,4.455500602722168,0.0,5.471700191497803,0.0,5.471700191497803,5.471700191497803,5.471700191497803,0.0,0
2015-02-17,4.463642597198486,0.0,5.4816999435424805,0.0,5.4816999435424805,5.4816999435424805,5.4816999435424805,0.0,0
2015-02-18,4.462259292602539,0.0,5.480000019073486,0.0,5.480000019073486,5.480000019073486,5.480000019073486,0.0,0
2015-02-19,4.458187580108643,0.0,5.474999904632568,0.0,5.474999904632568,5.474999904632568,5.474999904632568,0.0,0
2015-02-20,4.485301971435547,0.0,5.508299827575684,0.0,5.508299827575684,5.508299827575684,5.508299827575684,0.0,0
2015-02-23,4.484001159667969,0.0,5.506700038909912,0.0,5.506700038909912,5.506700038909912,5.506700038909912,0.0,0
2015-02-24,4.497516632080078,0.0,5.5233001708984375,0.0,5.5233001708984375,5.5233001708984375,5.5233001708984375,0.0,0
2015-02-25,4.494830131530762,0.0,5.519999980926514,0.0,5.519999980926514,5.519999980926514,5.519999980926514,0.0,0
2015-02-26,4.488071918487549,0.0,5.51170015335083,0.0,5.51170015335083,5.51170015335083,5.51170015335083,0.0,0
2015-02-27,4.475857257843018,0.0,5.496699810028076,0.0,5.496699810028076,5.496699810028076,5.496699810028076,0.0,0
2015-03-02,4.502973556518555,0.0,5.53000020980835,0.0,5.53000020980835,5.53000020980835,5.53000020980835,0.0,0
2015-03-03,4.4826154708862305,0.0,5.505000114440918,0.0,5.505000114440918,5.505000114440918,5.505000114440918,0.0,0
2015-03-04,4.463642597198486,0.0,5.4816999435424805,0.0,5.4816999435424805,5.4816999435424805,5.4816999435424805,0.0,0
2015-03-05,4.4690165519714355,0.0,5.48829984664917,0.0,5.48829984664917,5.48829984664917,5.48829984664917,0.0,0
2015-03-06,4.406642913818359,0.0,5.4116997718811035,0.0,5.4116997718811035,5.4116997718811035,5.4116997718811035,0.0,0
2015-03-09,4.424231052398682,0.0,5.433300018310547,0.0,5.433300018310547,5.433300018310547,5.433300018310547,0.0,0
2015-03-10,4.349643707275391,0.0,5.341700077056885,0.0,5.341700077056885,5.341700077056885,5.341700077056885,0.0,0
2015-03-11,4.341500282287598,0.0,5.331699848175049,0.0,5.331699848175049,5.331699848175049,5.331699848175049,0.0,0
2015-03-12,4.397115707397461,0.0,5.400000095367432,0.0,5.400000095367432,5.400000095367432,5.400000095367432,0.0,0
2015-03-13,4.371303558349609,0.0,5.368299961090088,0.0,5.368299961090088,5.368299961090088,5.368299961090088,0.0,0
2015-03-16,4.4296875,0.0,5.440000057220459,0.0,5.440000057220459,5.440000057220459,5.440000057220459,0.0,0
2015-03-17,4.416089057922363,0.0,5.423299789428711,0.0,5.423299789428711,5.423299789428711,5.423299789428711,0.0,0
2015-03-18,4.4690165519714355,0.0,5.48829984664917,0.0,5.48829984664917,5.48829984664917,5.48829984664917,0.0,0
2015-03-19,4.447357177734375,0.0,5.461699962615967,0.0,5.461699962615967,5.461699962615967,5.461699962615967,0.0,0
2015-03-20,4.488071918487549,0.0,5.51170015335083,0.0,5.51170015335083,5.51170015335083,5.51170015335083,0.0,0
2015-03-23,4.4799275398254395,0.0,5.501699924468994,0.0,5.501699924468994,5.501699924468994,5.501699924468994,0.0,0
2015-03-24,4.452732086181641,0.0,5.468299865722656,0.0,5.468299865722656,5.468299865722656,5.468299865722656,0.0,0
2015-03-25,4.3875885009765625,0.0,5.388299942016602,0.0,5.388299942016602,5.388299942016602,5.388299942016602,0.0,0
2015-03-26,4.378142833709717,0.0,5.376699924468994,0.0,5.376699924468994,5.376699924468994,5.376699924468994,0.0,0
2015-03-27,4.388973236083984,0.0,5.389999866485596,0.0,5.389999866485596,5.389999866485596,5.389999866485596,0.0,0
2015-03-30,4.4432854652404785,0.0,5.456699848175049,0.0,5.456699848175049,5.456699848175049,5.456699848175049,0.0,0
2015-03-31,4.403874397277832,0.0,5.408299922943115,0.0,5.408299922943115,5.408299922943115,5.408299922943115,0.0,0
2015-04-01,4.3875885009765625,0.0,5.388299942016602,0.0,5.388299942016602,5.388299942016602,5.388299942016602,0.0,0
2015-04-02,4.402572154998779,0.0,5.406700134277344,0.0,5.406700134277344,5.406700134277344,5.406700134277344,0.0,0
2015-04-06,4.432373523712158,0.0,5.443299770355225,0.0,5.443299770355225,5.443299770355225,5.443299770355225,0.0,0
2015-04-07,4.422929286956787,0.0,5.431700229644775,0.0,5.431700229644775,5.431700229644775,5.431700229644775,0.0,0
2015-04-08,4.436445713043213,0.0,5.448299884796143,0.0,5.448299884796143,5.448299884796143,5.448299884796143,0.0,0
2015-04-09,4.456803321838379,0.0,5.473299980163574,0.0,5.473299980163574,5.473299980163574,5.473299980163574,0.0,0
2015-04-10,4.4799275398254395,0.0,5.501699924468994,0.0,5.501699924468994,5.501699924468994,5.501699924468994,0.0,0
2015-04-13,4.459571838378906,0.0,5.4766998291015625,0.0,5.4766998291015625,5.4766998291015625,5.4766998291015625,0.0,0
2015-04-14,4.466330051422119,0.0,5.485000133514404,0.0,5.485000133514404,5.485000133514404,5.485000133514404,0.0,0
2015-04-15,4.489374160766602,0.0,5.513299942016602,0.0,5.513299942016602,5.513299942016602,5.513299942016602,0.0,0
2015-04-16,4.486687183380127,0.0,5.510000228881836,0.0,5.510000228881836,5.510000228881836,5.510000228881836,0.0,0
2015-04-17,4.435142517089844,0.0,5.446700096130371,0.0,5.446700096130371,5.446700096130371,5.446700096130371,0.0,0
2015-04-20,4.475857257843018,0.0,5.496699810028076,0.0,5.496699810028076,5.496699810028076,5.496699810028076,0.0,0
2015-04-21,4.470401287078857,0.0,5.489999771118164,0.0,5.489999771118164,5.489999771118164,5.489999771118164,0.0,0
2015-04-22,4.492143154144287,0.0,5.51669979095459,0.0,5.51669979095459,5.51669979095459,5.51669979095459,0.0,0
2015-04-23,4.502973556518555,0.0,5.53000020980835,0.0,5.53000020980835,5.53000020980835,5.53000020980835,0.0,0
2015-04-24,4.513803482055664,0.0,5.543300151824951,0.0,5.543300151824951,5.543300151824951,5.543300151824951,0.0,0
2015-04-27,4.494830131530762,0.0,5.519999980926514,0.0,5.519999980926514,5.519999980926514,5.519999980926514,0.0,0
2015-04-28,4.508427619934082,0.0,5.5366997718811035,0.0,5.5366997718811035,5.5366997718811035,5.5366997718811035,0.0,0
2015-04-29,4.490757465362549,0.0,5.514999866485596,0.0,5.514999866485596,5.514999866485596,5.514999866485596,0.0,0
2015-04-30,4.4459733963012695,0.0,5.460000038146973,0.0,5.460000038146973,5.460000038146973,5.460000038146973,0.0,0
2015-05-01,4.494830131530762,0.0,5.519999980926514,0.0,5.519999980926514,5.519999980926514,5.519999980926514,0.0,0
2015-05-04,4.508427619934082,0.0,5.5366997718811035,0.0,5.5366997718811035,5.5366997718811035,5.5366997718811035,0.0,0
2015-05-05,4.455500602722168,0.0,5.471700191497803,0.0,5.471700191497803,5.471700191497803,5.471700191497803,0.0,0
2015-05-06,4.436445713043213,0.0,5.448299884796143,0.0,5.448299884796143,5.448299884796143,5.448299884796143,0.0,0
2015-05-07,4.454115867614746,0.0,5.46999979019165,0.0,5.46999979019165,5.46999979019165,5.46999979019165,0.0,0
2015-05-08,4.513803482055664,0.0,5.543300151824951,0.0,5.543300151824951,5.543300151824951,5.543300151824951,0.0,0
2015-05-11,4.492143154144287,0.0,5.51669979095459,0.0,5.51669979095459,5.51669979095459,5.51669979095459,0.0,0
2015-05-12,4.4799275398254395,0.0,5.501699924468994,0.0,5.501699924468994,5.501699924468994,5.501699924468994,0.0,0
2015-05-13,4.478544235229492,0.0,5.5,0.0,5.5,5.5,5.5,0.0,0
2015-05-14,4.527400970458984,0.0,5.559999942779541,0.0,5.559999942779541,5.559999942779541,5.559999942779541,0.0,0
2015-05-15,4.531472206115723,0.0,5.565000057220459,0.0,5.565000057220459,5.565000057220459,5.565000057220459,0.0,0
2015-05-18,4.546374797821045,0.0,5.5833001136779785,0.0,5.5833001136779785,5.5833001136779785,5.5833001136779785,0.0,0
2015-05-19,4.5436859130859375,0.0,5.579999923706055,0.0,5.579999923706055,5.579999923706055,5.579999923706055,0.0,0
2015-05-20,4.539615631103516,0.0,5.574999809265137,0.0,5.574999809265137,5.574999809265137,5.574999809265137,0.0,0
2015-05-21,4.5518293380737305,0.0,5.590000152587891,0.0,5.590000152587891,5.590000152587891,5.590000152587891,0.0,0
2015-05-22,4.540999889373779,0.0,5.576700210571289,0.0,5.576700210571289,5.576700210571289,5.576700210571289,0.0,0
2015-05-26,4.494830131530762,0.0,5.519999980926514,0.0,5.519999980926514,5.519999980926514,5.519999980926514,0.0,0
2015-05-27,4.536928653717041,0.0,5.571700096130371,0.0,5.571700096130371,5.571700096130371,5.571700096130371,0.0,0
2015-05-28,4.531472206115723,0.0,5.565000057220459,0.0,5.565000057220459,5.565000057220459,5.565000057220459,0.0,0
2015-05-29,4.502973556518555,0.0,5.53000020980835,0.0,5.53000020980835,5.53000020980835,5.53000020980835,0.0,0
2015-06-01,4.5124993324279785,0.0,5.5416998863220215,0.0,5.5416998863220215,5.5416998863220215,5.5416998863220215,0.0,0
2015-06-02,4.508427619934082,0.0,5.5366997718811035,0.0,5.5366997718811035,5.5366997718811035,5.5366997718811035,0.0,0
2015-06-03,4.519258499145508,0.0,5.550000190734863,0.0,5.550000190734863,5.550000190734863,5.550000190734863,0.0,0
2015-06-04,4.4799275398254395,0.0,5.501699924468994,0.0,5.501699924468994,5.501699924468994,5.501699924468994,0.0,0
2015-06-05,4.47308874130249,0.0,5.493299961090088,0.0,5.493299961090088,5.493299961090088,5.493299961090088,0.0,0
2015-06-08,4.4459733963012695,0.0,5.460000038146973,0.0,5.460000038146973,5.460000038146973,5.460000038146973,0.0,0
2015-06-09,4.447357177734375,0.0,5.461699962615967,0.0,5.461699962615967,5.461699962615967,5.461699962615967,0.0,0
2015-06-10,4.501588821411133,0.0,5.528299808502197,0.0,5.528299808502197,5.528299808502197,5.528299808502197,0.0,0
2015-06-11,4.509730815887451,0.0,5.538300037384033,0.0,5.538300037384033,5.538300037384033,5.538300037384033,0.0,0
2015-06-12,4.478544235229492,0.0,5.5,0.0,5.5,5.5,5.5,0.0,0
2015-06-15,4.458187580108643,0.0,5.474999904632568,0.0,5.474999904632568,5.474999904632568,5.474999904632568,0.0,0
2015-06-16,4.484001159667969,0.0,5.506700038909912,0.0,5.506700038909912,5.506700038909912,5.506700038909912,0.0,0
2015-06-17,4.492143154144287,0.0,5.51669979095459,0.0,5.51669979095459,5.51669979095459,5.51669979095459,0.0,0
2015-06-18,4.538231372833252,0.0,5.573299884796143,0.0,5.573299884796143,5.573299884796143,5.573299884796143,0.0,0
2015-06-19,4.513803482055664,0.0,5.543300151824951,0.0,5.543300151824951,5.543300151824951,5.543300151824951,0.0,0
2015-06-22,4.540999889373779,0.0,5.576700210571289,0.0,5.576700210571289,5.576700210571289,5.576700210571289,0.0,0
2015-06-23,4.545070648193359,0.0,5.581699848175049,0.0,5.581699848175049,5.581699848175049,5.581699848175049,0.0,0
2015-06-24,4.511115550994873,0.0,5.539999961853027,0.0,5.539999961853027,5.539999961853027,5.539999961853027,0.0,0
2015-06-25,4.497516632080078,0.0,5.5233001708984375,0.0,5.5233001708984375,5.5233001708984375,5.5233001708984375,0.0,0
2015-06-26,4.497516632080078,0.0,5.5233001708984375,0.0,5.5233001708984375,5.5233001708984375,5.5233001708984375,0.0,0
2015-06-29,4.403874397277832,0.0,5.408299922943115,0.0,5.408299922943115,5.408299922943115,5.408299922943115,0.0,0
2015-06-30,4.416089057922363,0.0,5.423299789428711,0.0,5.423299789428711,5.423299789428711,5.423299789428711,0.0,0
2015-07-01,4.447357177734375,0.0,5.461699962615967,0.0,5.461699962615967,5.461699962615967,5.461699962615967,0.0,0
2015-07-02,4.4459733963012695,0.0,5.460000038146973,0.0,5.460000038146973,5.460000038146973,5.460000038146973,0.0,0
2015-07-06,4.4283037185668945,0.0,5.438300132751465,0.0,5.438300132751465,5.438300132751465,5.438300132751465,0.0,0
2015-07-07,4.455500602722168,0.0,5.471700191497803,0.0,5.471700191497803,5.471700191497803,5.471700191497803,0.0,0
2015-07-08,4.383516788482666,0.0,5.383299827575684,0.0,5.383299827575684,5.383299827575684,5.383299827575684,0.0,0
2015-07-09,4.393045425415039,0.0,5.394999980926514,0.0,5.394999980926514,5.394999980926514,5.394999980926514,0.0,0
2015-07-10,4.447357177734375,0.0,5.461699962615967,0.0,5.461699962615967,5.461699962615967,5.461699962615967,0.0,0
2015-07-13,4.496213436126709,0.0,5.521699905395508,0.0,5.521699905395508,5.521699905395508,5.521699905395508,0.0,0
2015-07-14,4.516570568084717,0.0,5.5467000007629395,0.0,5.5467000007629395,5.5467000007629395,5.5467000007629395,0.0,0
2015-07-15,4.513803482055664,0.0,5.543300151824951,0.0,5.543300151824951,5.543300151824951,5.543300151824951,0.0,0
2015-07-16,4.549142360687256,0.0,5.586699962615967,0.0,5.586699962615967,5.586699962615967,5.586699962615967,0.0,0
2015-07-17,4.554516315460205,0.0,5.593299865722656,0.0,5.593299865722656,5.593299865722656,5.593299865722656,0.0,0
2015-07-20,4.558588027954102,0.0,5.598299980163574,0.0,5.598299980163574,5.598299980163574,5.598299980163574,0.0,0
2015-07-21,4.538231372833252,0.0,5.573299884796143,0.0,5.573299884796143,5.573299884796143,5.573299884796143,0.0,0
2015-07-22,4.528785705566406,0.0,5.561699867248535,0.0,5.561699867248535,5.561699867248535,5.561699867248535,0.0,0
2015-07-23,4.502973556518555,0.0,5.53000020980835,0.0,5.53000020980835,5.53000020980835,5.53000020980835,0.0,0
2015-07-24,4.455500602722168,0.0,5.471700191497803,0.0,5.471700191497803,5.471700191497803,5.471700191497803,0.0,0
2015-07-27,4.4296875,0.0,5.440000057220459,0.0,5.440000057220459,5.440000057220459,5.440000057220459,0.0,0
2015-07-28,4.484001159667969,0.0,5.506700038909912,0.0,5.506700038909912,5.506700038909912,5.506700038909912,0.0,0
2015-07-29,4.517874240875244,0.0,5.548299789428711,0.0,5.548299789428711,5.548299789428711,5.548299789428711,0.0,0
2015-07-30,4.517874240875244,0.0,5.548299789428711,0.0,5.548299789428711,5.548299789428711,5.548299789428711,0.0,0
2015-07-31,4.50704288482666,0.0,5.534999847412109,0.0,5.534999847412109,5.534999847412109,5.534999847412109,0.0,0
2015-08-03,4.494830131530762,0.0,5.519999980926514,0.0,5.519999980926514,5.519999980926514,5.519999980926514,0.0,0
2015-08-04,4.485301971435547,0.0,5.508299827575684,0.0,5.508299827575684,5.508299827575684,5.508299827575684,0.0,0
2015-08-05,4.5002851486206055,0.0,5.526700019836426,0.0,5.526700019836426,5.526700019836426,5.526700019836426,0.0,0
2015-08-06,4.467714309692383,0.0,5.486700057983398,0.0,5.486700057983398,5.486700057983398,5.486700057983398,0.0,0
2015-08-07,4.454115867614746,0.0,5.46999979019165,0.0,5.46999979019165,5.46999979019165,5.46999979019165,0.0,0
2015-08-10,4.511115550994873,0.0,5.539999961853027,0.0,5.539999961853027,5.539999961853027,5.539999961853027,0.0,0
2015-08-11,4.4690165519714355,0.0,5.48829984664917,0.0,5.48829984664917,5.48829984664917,5.48829984664917,0.0,0
2015-08-12,4.474472999572754,0.0,5.494999885559082,0.0,5.494999885559082,5.494999885559082,5.494999885559082,0.0,0
2015-08-13,4.4690165519714355,0.0,5.48829984664917,0.0,5.48829984664917,5.48829984664917,5.48829984664917,0.0,0
2015-08-14,4.486687183380127,0.0,5.510000228881836,0.0,5.510000228881836,5.510000228881836,5.510000228881836,0.0,0
2015-08-17,4.511115550994873,0.0,5.539999961853027,0.0,5.539999961853027,5.539999961853027,5.539999961853027,0.0,0
2015-08-18,4.5002851486206055,0.0,5.526700019836426,0.0,5.526700019836426,5.526700019836426,5.526700019836426,0.0,0
2015-08-19,4.463642597198486,0.0,5.4816999435424805,0.0,5.4816999435424805,5.4816999435424805,5.4816999435424805,0.0,0
2015-08-20,4.369999885559082,0.0,5.366700172424316,0.0,5.366700172424316,5.366700172424316,5.366700172424316,0.0,0
2015-08-21,4.23157262802124,0.0,5.196700096130371,0.0,5.196700096130371,5.196700096130371,5.196700096130371,0.0,0
2015-08-24,4.064645767211914,0.0,4.991700172424316,0.0,4.991700172424316,4.991700172424316,4.991700172424316,0.0,0
2015-08-25,4.010333061218262,0.0,4.925000190734863,0.0,4.925000190734863,4.925000190734863,4.925000190734863,0.0,0
2015-08-26,4.166430473327637,0.0,5.116700172424316,0.0,5.116700172424316,5.116700172424316,5.116700172424316,0.0,0
2015-08-27,4.268215179443359,0.0,5.241700172424316,0.0,5.241700172424316,5.241700172424316,5.241700172424316,0.0,0
2015-08-28,4.270902633666992,0.0,5.244999885559082,0.0,5.244999885559082,5.244999885559082,5.244999885559082,0.0,0
2015-08-31,4.235644817352295,0.0,5.201700210571289,0.0,5.201700210571289,5.201700210571289,5.201700210571289,0.0,0
2015-09-01,4.110733509063721,0.0,5.048299789428711,0.0,5.048299789428711,5.048299789428711,5.048299789428711,0.0,0
2015-09-02,4.186787128448486,0.0,5.14169979095459,0.0,5.14169979095459,5.14169979095459,5.14169979095459,0.0,0
2015-09-03,4.192161560058594,0.0,5.1483001708984375,0.0,5.1483001708984375,5.1483001708984375,5.1483001708984375,0.0,0
2015-09-04,4.128403663635254,0.0,5.070000171661377,0.0,5.070000171661377,5.070000171661377,5.070000171661377,0.0,0
2015-09-08,4.23157262802124,0.0,5.196700096130371,0.0,5.196700096130371,5.196700096130371,5.196700096130371,0.0,0
2015-09-09,4.17318868637085,0.0,5.125,0.0,5.125,5.125,5.125,0.0,0
2015-09-10,4.194930076599121,0.0,5.151700019836426,0.0,5.151700019836426,5.151700019836426,5.151700019836426,0.0,0
2015-09-11,4.215287685394287,0.0,5.176700115203857,0.0,5.176700115203857,5.176700115203857,5.176700115203857,0.0,0
2015-09-14,4.199001789093018,0.0,5.156700134277344,0.0,5.156700134277344,5.156700134277344,5.156700134277344,0.0,0
2015-09-15,4.251929759979248,0.0,5.221700191497803,0.0,5.221700191497803,5.221700191497803,5.221700191497803,0.0,0
2015-09-16,4.289875507354736,0.0,5.2683000564575195,0.0,5.2683000564575195,5.2683000564575195,5.2683000564575195,0.0,0
2015-09-17,4.279045104980469,0.0,5.255000114440918,0.0,5.255000114440918,5.255000114440918,5.255000114440918,0.0,0
2015-09-18,4.209831714630127,0.0,5.170000076293945,0.0,5.170000076293945,5.170000076293945,5.170000076293945,0.0,0
2015-09-21,4.228803634643555,0.0,5.193299770355225,0.0,5.193299770355225,5.193299770355225,5.193299770355225,0.0,0
2015-09-22,4.177260875701904,0.0,5.130000114440918,0.0,5.130000114440918,5.130000114440918,5.130000114440918,0.0,0
2015-09-23,4.169117450714111,0.0,5.119999885559082,0.0,5.119999885559082,5.119999885559082,5.119999885559082,0.0,0
2015-09-24,4.155519008636475,0.0,5.103300094604492,0.0,5.103300094604492,5.103300094604492,5.103300094604492,0.0,0
2015-09-25,4.15283203125,0.0,5.099999904632568,0.0,5.099999904632568,5.099999904632568,5.099999904632568,0.0,0
2015-09-28,4.048360347747803,0.0,4.971700191497803,0.0,4.971700191497803,4.971700191497803,4.971700191497803,0.0,0
2015-09-29,4.053733825683594,0.0,4.978300094604492,0.0,4.978300094604492,4.978300094604492,4.978300094604492,0.0,0
2015-09-30,4.1310906410217285,0.0,5.073299884796143,0.0,5.073299884796143,5.073299884796143,5.073299884796143,0.0,0
2015-10-01,4.139233589172363,0.0,5.0833001136779785,0.0,5.0833001136779785,5.0833001136779785,5.0833001136779785,0.0,0
2015-10-02,4.199001789093018,0.0,5.156700134277344,0.0,5.156700134277344,5.156700134277344,5.156700134277344,0.0,0
2015-10-05,4.274973392486572,0.0,5.25,0.0,5.25,5.25,5.25,0.0,0
2015-10-06,4.260072231292725,0.0,5.2316999435424805,0.0,5.2316999435424805,5.2316999435424805,5.2316999435424805,0.0,0
2015-10-07,4.295331001281738,0.0,5.275000095367432,0.0,5.275000095367432,5.275000095367432,5.275000095367432,0.0,0
2015-10-08,4.333357334136963,0.0,5.321700096130371,0.0,5.321700096130371,5.321700096130371,5.321700096130371,0.0,0
2015-10-09,4.337429523468018,0.0,5.326700210571289,0.0,5.326700210571289,5.326700210571289,5.326700210571289,0.0,0
2015-10-12,4.342804431915283,0.0,5.3333001136779785,0.0,5.3333001136779785,5.3333001136779785,5.3333001136779785,0.0,0
2015-10-13,4.31300163269043,0.0,5.2967000007629395,0.0,5.2967000007629395,5.2967000007629395,5.2967000007629395,0.0,0
2015-10-14,4.292644023895264,0.0,5.271699905395508,0.0,5.271699905395508,5.271699905395508,5.271699905395508,0.0,0
2015-10-15,4.357786655426025,0.0,5.3516998291015625,0.0,5.3516998291015625,5.3516998291015625,5.3516998291015625,0.0,0
2015-10-16,4.376759052276611,0.0,5.375,0.0,5.375,5.375,5.375,0.0,0
2015-10-19,4.378142833709717,0.0,5.376699924468994,0.0,5.376699924468994,5.376699924468994,5.376699924468994,0.0,0
2015-10-20,4.372687816619873,0.0,5.369999885559082,0.0,5.369999885559082,5.369999885559082,5.369999885559082,0.0,0
2015-10-21,4.3468756675720215,0.0,5.3383002281188965,0.0,5.3383002281188965,5.3383002281188965,5.3383002281188965,0.0,0
2015-10-22,4.420159816741943,0.0,5.428299903869629,0.0,5.428299903869629,5.428299903869629,5.428299903869629,0.0,0
2015-10-23,4.4690165519714355,0.0,5.48829984664917,0.0,5.48829984664917,5.48829984664917,5.48829984664917,0.0,0
2015-10-26,4.459571838378906,0.0,5.4766998291015625,0.0,5.4766998291015625,5.4766998291015625,5.4766998291015625,0.0,0
2015-10-27,4.448659896850586,0.0,5.4633002281188965,0.0,5.4633002281188965,5.4633002281188965,5.4633002281188965,0.0,0
2015-10-28,4.501588821411133,0.0,5.528299808502197,0.0,5.528299808502197,5.528299808502197,5.528299808502197,0.0,0
2015-10-29,4.5002851486206055,0.0,5.526700019836426,0.0,5.526700019836426,5.526700019836426,5.526700019836426,0.0,0
2015-10-30,4.478544235229492,0.0,5.5,0.0,5.5,5.5,5.5,0.0,0
2015-11-02,4.531472206115723,0.0,5.565000057220459,0.0,5.565000057220459,5.565000057220459,5.565000057220459,0.0,0
2015-11-03,4.5436859130859375,0.0,5.579999923706055,0.0,5.579999923706055,5.579999923706055,5.579999923706055,0.0,0
2015-11-04,4.528785705566406,0.0,5.561699867248535,0.0,5.561699867248535,5.561699867248535,5.561699867248535,0.0,0
2015-11-05,4.52471399307251,0.0,5.556700229644775,0.0,5.556700229644775,5.556700229644775,5.556700229644775,0.0,0
2015-11-06,4.523329257965088,0.0,5.554999828338623,0.0,5.554999828338623,5.554999828338623,5.554999828338623,0.0,0
2015-11-09,4.4799275398254395,0.0,5.501699924468994,0.0,5.501699924468994,5.501699924468994,5.501699924468994,0.0,0
2015-11-10,4.488071918487549,0.0,5.51170015335083,0.0,5.51170015335083,5.51170015335083,5.51170015335083,0.0,0
2015-11-11,4.474472999572754,0.0,5.494999885559082,0.0,5.494999885559082,5.494999885559082,5.494999885559082,0.0,0
2015-11-12,4.412017822265625,0.0,5.418300151824951,0.0,5.418300151824951,5.418300151824951,5.418300151824951,0.0,0
2015-11-13,4.363160610198975,0.0,5.35830020904541,0.0,5.35830020904541,5.35830020904541,5.35830020904541,0.0,0
2015-11-16,4.4283037185668945,0.0,5.438300132751465,0.0,5.438300132751465,5.438300132751465,5.438300132751465,0.0,0
2015-11-17,4.424231052398682,0.0,5.433300018310547,0.0,5.433300018310547,5.433300018310547,5.433300018310547,0.0,0
2015-11-18,4.494830131530762,0.0,5.519999980926514,0.0,5.519999980926514,5.519999980926514,5.519999980926514,0.0,0
2015-11-19,4.490757465362549,0.0,5.514999866485596,0.0,5.514999866485596,5.514999866485596,5.514999866485596,0.0,0
2015-11-20,4.508427619934082,0.0,5.5366997718811035,0.0,5.5366997718811035,5.5366997718811035,5.5366997718811035,0.0,0
2015-11-23,4.502973556518555,0.0,5.53000020980835,0.0,5.53000020980835,5.53000020980835,5.53000020980835,0.0,0
2015-11-24,4.508427619934082,0.0,5.5366997718811035,0.0,5.5366997718811035,5.5366997718811035,5.5366997718811035,0.0,0
2015-11-25,4.508427619934082,0.0,5.5366997718811035,0.0,5.5366997718811035,5.5366997718811035,5.5366997718811035,0.0,0
2015-11-27,4.5124993324279785,0.0,5.5416998863220215,0.0,5.5416998863220215,5.5416998863220215,5.5416998863220215,0.0,0
2015-11-30,4.490757465362549,0.0,5.514999866485596,0.0,5.514999866485596,5.514999866485596,5.514999866485596,0.0,0
2015-12-01,4.539615631103516,0.0,5.574999809265137,0.0,5.574999809265137,5.574999809265137,5.574999809265137,0.0,0
2015-12-02,4.490757465362549,0.0,5.514999866485596,0.0,5.514999866485596,5.514999866485596,5.514999866485596,0.0,0
2015-12-03,4.427000045776367,0.0,5.436699867248535,0.0,5.436699867248535,5.436699867248535,5.436699867248535,0.0,0
2015-12-04,4.517874240875244,0.0,5.548299789428711,0.0,5.548299789428711,5.548299789428711,5.548299789428711,0.0,0
2015-12-07,4.486687183380127,0.0,5.510000228881836,0.0,5.510000228881836,5.510000228881836,5.510000228881836,0.0,0
2015-12-08,4.456803321838379,0.0,5.473299980163574,0.0,5.473299980163574,5.473299980163574,5.473299980163574,0.0,0
2015-12-09,4.422929286956787,0.0,5.431700229644775,0.0,5.431700229644775,5.431700229644775,5.431700229644775,0.0,0
2015-12-10,4.4337592124938965,0.0,5.445000171661377,0.0,5.445000171661377,5.445000171661377,5.445000171661377,0.0,0
2015-12-11,4.348259449005127,0.0,5.340000152587891,0.0,5.340000152587891,5.340000152587891,5.340000152587891,0.0,0
2015-12-14,4.369999885559082,0.0,5.366700172424316,0.0,5.366700172424316,5.366700172424316,5.366700172424316,0.0,0
2015-12-15,4.416089057922363,0.0,5.423299789428711,0.0,5.423299789428711,5.423299789428711,5.423299789428711,0.0,0
2015-12-16,4.4799275398254395,0.0,5.501699924468994,0.0,5.501699924468994,5.501699924468994,5.501699924468994,0.0,0
2015-12-17,4.4134016036987305,0.0,5.420000076293945,0.0,5.420000076293945,5.420000076293945,5.420000076293945,0.0,0
2015-12-18,4.33466100692749,0.0,5.323299884796143,0.0,5.323299884796143,5.323299884796143,5.323299884796143,0.0,0
2015-12-21,4.369967937469482,0.0,5.198299884796143,0.167,5.198299884796143,5.198299884796143,5.198299884796143,0.0,0
2015-12-22,4.409226894378662,0.0,5.244999885559082,0.0,5.244999885559082,5.244999885559082,5.244999885559082,0.0,0
2015-12-23,4.463869094848633,0.0,5.309999942779541,0.0,5.309999942779541,5.309999942779541,5.309999942779541,0.0,0
2015-12-24,4.456892013549805,0.0,5.301700115203857,0.0,5.301700115203857,5.301700115203857,5.301700115203857,0.0,0
2015-12-28,4.447056293487549,0.0,5.289999961853027,0.0,5.289999961853027,5.289999961853027,5.289999961853027,0.0,0
2015-12-29,4.494720935821533,0.0,5.346700191497803,0.0,5.346700191497803,5.346700191497803,5.346700191497803,0.0,0
2015-12-30,4.463869094848633,0.0,5.309999942779541,0.0,5.309999942779541,5.309999942779541,5.309999942779541,0.0,0
2015-12-31,4.421837329864502,0.0,5.260000228881836,0.0,5.260000228881836,5.260000228881836,5.260000228881836,0.0,0
2016-01-04,4.354584217071533,0.0,5.179999828338623,0.0,5.179999828338623,5.179999828338623,5.179999828338623,0.0,0
2016-01-05,4.362990856170654,0.0,5.190000057220459,0.0,5.190000057220459,5.190000057220459,5.190000057220459,0.0,0
2016-01-06,4.308348178863525,0.0,5.125,0.0,5.125,5.125,5.125,0.0,0
2016-01-07,4.20604133605957,0.0,5.003300189971924,0.0,5.003300189971924,5.003300189971924,5.003300189971924,0.0,0
2016-01-08,4.159804821014404,0.0,4.948299884796143,0.0,4.948299884796143,4.948299884796143,4.948299884796143,0.0,0
2016-01-11,4.164008617401123,0.0,4.9532999992370605,0.0,4.9532999992370605,4.9532999992370605,4.9532999992370605,0.0,0
2016-01-12,4.1962890625,0.0,4.991700172424316,0.0,4.991700172424316,4.991700172424316,4.991700172424316,0.0,0
2016-01-13,4.09255313873291,0.0,4.868299961090088,0.0,4.868299961090088,4.868299961090088,4.868299961090088,0.0,0
2016-01-14,4.159804821014404,0.0,4.948299884796143,0.0,4.948299884796143,4.948299884796143,4.948299884796143,0.0,0
2016-01-15,4.071536064147949,0.0,4.843299865722656,0.0,4.843299865722656,4.843299865722656,4.843299865722656,0.0,0
2016-01-19,4.072965145111084,0.0,4.84499979019165,0.0,4.84499979019165,4.84499979019165,4.84499979019165,0.0,0
2016-01-20,4.026730060577393,0.0,4.789999961853027,0.0,4.789999961853027,4.789999961853027,4.789999961853027,0.0,0
2016-01-21,4.047745704650879,0.0,4.815000057220459,0.0,4.815000057220459,4.815000057220459,4.815000057220459,0.0,0
2016-01-22,4.129036903381348,0.0,4.9116997718811035,0.0,4.9116997718811035,4.9116997718811035,4.9116997718811035,0.0,0
2016-01-25,4.064558506011963,0.0,4.835000038146973,0.0,4.835000038146973,4.835000038146973,4.835000038146973,0.0,0
2016-01-26,4.121974945068359,0.0,4.903299808502197,0.0,4.903299808502197,4.903299808502197,4.903299808502197,0.0,0
2016-01-27,4.077167987823486,0.0,4.849999904632568,0.0,4.849999904632568,4.849999904632568,4.849999904632568,0.0,0
2016-01-28,4.099614143371582,0.0,4.876699924468994,0.0,4.876699924468994,4.876699924468994,4.876699924468994,0.0,0
2016-01-29,4.201837539672852,0.0,4.998300075531006,0.0,4.998300075531006,4.998300075531006,4.998300075531006,0.0,0
2016-02-01,4.200491905212402,0.0,4.996699810028076,0.0,4.996699810028076,4.996699810028076,4.996699810028076,0.0,0
2016-02-02,4.121974945068359,0.0,4.903299808502197,0.0,4.903299808502197,4.903299808502197,4.903299808502197,0.0,0
2016-02-03,4.142991542816162,0.0,4.928299903869629,0.0,4.928299903869629,4.928299903869629,4.928299903869629,0.0,0
2016-02-04,4.150053024291992,0.0,4.936699867248535,0.0,4.936699867248535,4.936699867248535,4.936699867248535,0.0,0
2016-02-05,4.074394702911377,0.0,4.846700191497803,0.0,4.846700191497803,4.846700191497803,4.846700191497803,0.0,0
2016-02-08,4.016894340515137,0.0,4.778299808502197,0.0,4.778299808502197,4.778299808502197,4.778299808502197,0.0,0
2016-02-09,4.015548229217529,0.0,4.776700019836426,0.0,4.776700019836426,4.776700019836426,4.776700019836426,0.0,0
2016-02-10,4.015548229217529,0.0,4.776700019836426,0.0,4.776700019836426,4.776700019836426,4.776700019836426,0.0,0
2016-02-11,3.966454267501831,0.0,4.718299865722656,0.0,4.718299865722656,4.718299865722656,4.718299865722656,0.0,0
2016-02-12,4.044971942901611,0.0,4.811699867248535,0.0,4.811699867248535,4.811699867248535,4.811699867248535,0.0,0
2016-02-16,4.112224578857422,0.0,4.89169979095459,0.0,4.89169979095459,4.89169979095459,4.89169979095459,0.0,0
2016-02-17,4.180821418762207,0.0,4.973299980163574,0.0,4.973299980163574,4.973299980163574,4.973299980163574,0.0,0
2016-02-18,4.161233425140381,0.0,4.949999809265137,0.0,4.949999809265137,4.949999809265137,4.949999809265137,0.0,0
2016-02-19,4.162663459777832,0.0,4.951700210571289,0.0,4.951700210571289,4.951700210571289,4.951700210571289,0.0,0
2016-02-22,4.222854137420654,0.0,5.0233001708984375,0.0,5.0233001708984375,5.0233001708984375,5.0233001708984375,0.0,0
2016-02-23,4.169640064239502,0.0,4.960000038146973,0.0,4.960000038146973,4.960000038146973,4.960000038146973,0.0,0
2016-02-24,4.18922758102417,0.0,4.98330020904541,0.0,4.98330020904541,4.98330020904541,4.98330020904541,0.0,0
2016-02-25,4.2368927001953125,0.0,5.039999961853027,0.0,5.039999961853027,5.039999961853027,5.039999961853027,0.0,0
2016-02-26,4.229916095733643,0.0,5.031700134277344,0.0,5.031700134277344,5.031700134277344,5.031700134277344,0.0,0
2016-02-29,4.1962890625,0.0,4.991700172424316,0.0,4.991700172424316,4.991700172424316,4.991700172424316,0.0,0
2016-03-01,4.295738697052002,0.0,5.110000133514404,0.0,5.110000133514404,5.110000133514404,5.110000133514404,0.0,0
2016-03-02,4.313980579376221,0.0,5.131700038909912,0.0,5.131700038909912,5.131700038909912,5.131700038909912,0.0,0
2016-03-03,4.329364776611328,0.0,5.150000095367432,0.0,5.150000095367432,5.150000095367432,5.150000095367432,0.0,0
2016-03-04,4.343403339385986,0.0,5.1666998863220215,0.0,5.1666998863220215,5.1666998863220215,5.1666998863220215,0.0,0
2016-03-07,4.347607135772705,0.0,5.1717000007629395,0.0,5.1717000007629395,5.1717000007629395,5.1717000007629395,0.0,0
2016-03-08,4.2999420166015625,0.0,5.114999771118164,0.0,5.114999771118164,5.114999771118164,5.114999771118164,0.0,0
2016-03-09,4.322387218475342,0.0,5.14169979095459,0.0,5.14169979095459,5.14169979095459,5.14169979095459,0.0,0
2016-03-10,4.323732376098633,0.0,5.1433000564575195,0.0,5.1433000564575195,5.1433000564575195,5.1433000564575195,0.0,0
2016-03-11,4.395187854766846,0.0,5.228300094604492,0.0,5.228300094604492,5.228300094604492,5.228300094604492,0.0,0
2016-03-14,4.389639377593994,0.0,5.221700191497803,0.0,5.221700191497803,5.221700191497803,5.221700191497803,0.0,0
2016-03-15,4.3825788497924805,0.0,5.2133002281188965,0.0,5.2133002281188965,5.2133002281188965,5.2133002281188965,0.0,0
2016-03-16,4.406452655792236,0.0,5.241700172424316,0.0,5.241700172424316,5.241700172424316,5.241700172424316,0.0,0
2016-03-17,4.43587589263916,0.0,5.276700019836426,0.0,5.276700019836426,5.276700019836426,5.276700019836426,0.0,0
2016-03-18,4.45546293258667,0.0,5.300000190734863,0.0,5.300000190734863,5.300000190734863,5.300000190734863,0.0,0
2016-03-21,4.459665775299072,0.0,5.304999828338623,0.0,5.304999828338623,5.304999828338623,5.304999828338623,0.0,0
2016-03-22,4.456892013549805,0.0,5.301700115203857,0.0,5.301700115203857,5.301700115203857,5.301700115203857,0.0,0
2016-03-23,4.428813934326172,0.0,5.2683000564575195,0.0,5.2683000564575195,5.2683000564575195,5.2683000564575195,0.0,0
2016-03-24,4.426039218902588,0.0,5.264999866485596,0.0,5.264999866485596,5.264999866485596,5.264999866485596,0.0,0
2016-03-28,4.428813934326172,0.0,5.2683000564575195,0.0,5.2683000564575195,5.2683000564575195,5.2683000564575195,0.0,0
2016-03-29,4.469501972198486,0.0,5.316699981689453,0.0,5.316699981689453,5.316699981689453,5.316699981689453,0.0,0
2016-03-30,4.489089012145996,0.0,5.340000152587891,0.0,5.340000152587891,5.340000152587891,5.340000152587891,0.0,0
2016-03-31,4.47925329208374,0.0,5.3282999992370605,0.0,5.3282999992370605,5.3282999992370605,5.3282999992370605,0.0,0
2016-04-01,4.508675575256348,0.0,5.36329984664917,0.0,5.36329984664917,5.36329984664917,5.36329984664917,0.0,0
2016-04-04,4.494720935821533,0.0,5.346700191497803,0.0,5.346700191497803,5.346700191497803,5.346700191497803,0.0,0
2016-04-05,4.448485851287842,0.0,5.2916998863220215,0.0,5.2916998863220215,5.2916998863220215,5.2916998863220215,0.0,0
2016-04-06,4.497495174407959,0.0,5.349999904632568,0.0,5.349999904632568,5.349999904632568,5.349999904632568,0.0,0
2016-04-07,4.444282054901123,0.0,5.2866997718811035,0.0,5.2866997718811035,5.2866997718811035,5.2866997718811035,0.0,0
2016-04-08,4.45546293258667,0.0,5.300000190734863,0.0,5.300000190734863,5.300000190734863,5.300000190734863,0.0,0
2016-04-11,4.444282054901123,0.0,5.2866997718811035,0.0,5.2866997718811035,5.2866997718811035,5.2866997718811035,0.0,0
2016-04-12,4.48631477355957,0.0,5.336699962615967,0.0,5.336699962615967,5.336699962615967,5.336699962615967,0.0,0
2016-04-13,4.532550811767578,0.0,5.39169979095459,0.0,5.39169979095459,5.39169979095459,5.39169979095459,0.0,0
2016-04-14,4.533895492553711,0.0,5.3933000564575195,0.0,5.3933000564575195,5.3933000564575195,5.3933000564575195,0.0,0
2016-04-15,4.529692649841309,0.0,5.388299942016602,0.0,5.388299942016602,5.388299942016602,5.388299942016602,0.0,0
2016-04-18,4.559115409851074,0.0,5.423299789428711,0.0,5.423299789428711,5.423299789428711,5.423299789428711,0.0,0
2016-04-19,4.573153972625732,0.0,5.440000057220459,0.0,5.440000057220459,5.440000057220459,5.440000057220459,0.0,0
2016-04-20,4.577358245849609,0.0,5.445000171661377,0.0,5.445000171661377,5.445000171661377,5.445000171661377,0.0,0
2016-04-21,4.5535664558410645,0.0,5.4166998863220215,0.0,5.4166998863220215,5.4166998863220215,5.4166998863220215,0.0,0
2016-04-22,4.5535664558410645,0.0,5.4166998863220215,0.0,5.4166998863220215,5.4166998863220215,5.4166998863220215,0.0,0
2016-04-25,4.54516077041626,0.0,5.406700134277344,0.0,5.406700134277344,5.406700134277344,5.406700134277344,0.0,0
2016-04-26,4.5535664558410645,0.0,5.4166998863220215,0.0,5.4166998863220215,5.4166998863220215,5.4166998863220215,0.0,0
2016-04-27,4.561973571777344,0.0,5.426700115203857,0.0,5.426700115203857,5.426700115203857,5.426700115203857,0.0,0
2016-04-28,4.519941329956055,0.0,5.376699924468994,0.0,5.376699924468994,5.376699924468994,5.376699924468994,0.0,0
2016-04-29,4.496067047119141,0.0,5.348299980163574,0.0,5.348299980163574,5.348299980163574,5.348299980163574,0.0,0
2016-05-02,4.531121253967285,0.0,5.389999866485596,0.0,5.389999866485596,5.389999866485596,5.389999866485596,0.0,0
2016-05-03,4.493291854858398,0.0,5.34499979019165,0.0,5.34499979019165,5.34499979019165,5.34499979019165,0.0,0
2016-05-04,4.466643810272217,0.0,5.313300132751465,0.0,5.313300132751465,5.313300132751465,5.313300132751465,0.0,0
2016-05-05,4.466643810272217,0.0,5.313300132751465,0.0,5.313300132751465,5.313300132751465,5.313300132751465,0.0,0
2016-05-06,4.482110977172852,0.0,5.331699848175049,0.0,5.331699848175049,5.331699848175049,5.331699848175049,0.0,0
2016-05-09,4.4848856925964355,0.0,5.335000038146973,0.0,5.335000038146973,5.335000038146973,5.335000038146973,0.0,0
2016-05-10,4.540956974029541,0.0,5.401700019836426,0.0,5.401700019836426,5.401700019836426,5.401700019836426,0.0,0
2016-05-11,4.500268936157227,0.0,5.353300094604492,0.0,5.353300094604492,5.353300094604492,5.353300094604492,0.0,0
2016-05-12,4.500268936157227,0.0,5.353300094604492,0.0,5.353300094604492,5.353300094604492,5.353300094604492,0.0,0
2016-05-13,4.462440490722656,0.0,5.308300018310547,0.0,5.308300018310547,5.308300018310547,5.308300018310547,0.0,0
2016-05-16,4.5059027671813965,0.0,5.360000133514404,0.0,5.360000133514404,5.360000133514404,5.360000133514404,0.0,0
2016-05-17,4.465297222137451,0.0,5.311699867248535,0.0,5.311699867248535,5.311699867248535,5.311699867248535,0.0,0
2016-05-18,4.466643810272217,0.0,5.313300132751465,0.0,5.313300132751465,5.313300132751465,5.313300132751465,0.0,0
2016-05-19,4.449831008911133,0.0,5.293300151824951,0.0,5.293300151824951,5.293300151824951,5.293300151824951,0.0,0
2016-05-20,4.477908611297607,0.0,5.326700210571289,0.0,5.326700210571289,5.326700210571289,5.326700210571289,0.0,0
2016-05-23,4.46807336807251,0.0,5.315000057220459,0.0,5.315000057220459,5.315000057220459,5.315000057220459,0.0,0
2016-05-24,4.529692649841309,0.0,5.388299942016602,0.0,5.388299942016602,5.388299942016602,5.388299942016602,0.0,0
2016-05-25,4.561973571777344,0.0,5.426700115203857,0.0,5.426700115203857,5.426700115203857,5.426700115203857,0.0,0
2016-05-26,4.560544967651367,0.0,5.425000190734863,0.0,5.425000190734863,5.425000190734863,5.425000190734863,0.0,0
2016-05-27,4.5815606117248535,0.0,5.449999809265137,0.0,5.449999809265137,5.449999809265137,5.449999809265137,0.0,0
2016-05-31,4.577358245849609,0.0,5.445000171661377,0.0,5.445000171661377,5.445000171661377,5.445000171661377,0.0,0
2016-06-01,4.582990646362305,0.0,5.451700210571289,0.0,5.451700210571289,5.451700210571289,5.451700210571289,0.0,0
2016-06-02,4.596944808959961,0.0,5.468299865722656,0.0,5.468299865722656,5.468299865722656,5.468299865722656,0.0,0
2016-06-03,4.582990646362305,0.0,5.451700210571289,0.0,5.451700210571289,5.451700210571289,5.451700210571289,0.0,0
2016-06-06,4.605350494384766,0.0,5.478300094604492,0.0,5.478300094604492,5.478300094604492,5.478300094604492,0.0,0
2016-06-07,4.610983848571777,0.0,5.485000133514404,0.0,5.485000133514404,5.485000133514404,5.485000133514404,0.0,0
2016-06-08,4.6277971267700195,0.0,5.505000114440918,0.0,5.505000114440918,5.505000114440918,5.505000114440918,0.0,0
2016-06-09,4.61939001083374,0.0,5.494999885559082,0.0,5.494999885559082,5.494999885559082,5.494999885559082,0.0,0
2016-06-10,4.577358245849609,0.0,5.445000171661377,0.0,5.445000171661377,5.445000171661377,5.445000171661377,0.0,0
2016-06-13,4.542302131652832,0.0,5.403299808502197,0.0,5.403299808502197,5.403299808502197,5.403299808502197,0.0,0
2016-06-14,4.533895492553711,0.0,5.3933000564575195,0.0,5.3933000564575195,5.3933000564575195,5.3933000564575195,0.0,0
2016-06-15,4.52548885345459,0.0,5.383299827575684,0.0,5.383299827575684,5.383299827575684,5.383299827575684,0.0,0
2016-06-16,4.540956974029541,0.0,5.401700019836426,0.0,5.401700019836426,5.401700019836426,5.401700019836426,0.0,0
2016-06-17,4.52548885345459,0.0,5.383299827575684,0.0,5.383299827575684,5.383299827575684,5.383299827575684,0.0,0
2016-06-20,4.552137851715088,0.0,5.414999961853027,0.0,5.414999961853027,5.414999961853027,5.414999961853027,0.0,0
2016-06-21,4.564747333526611,0.0,5.429999828338623,0.0,5.429999828338623,5.429999828338623,5.429999828338623,0.0,0
2016-06-22,4.557770252227783,0.0,5.4217000007629395,0.0,5.4217000007629395,5.4217000007629395,5.4217000007629395,0.0,0
2016-06-23,4.617961406707764,0.0,5.493299961090088,0.0,5.493299961090088,5.493299961090088,5.493299961090088,0.0,0
2016-06-24,4.452688694000244,0.0,5.2967000007629395,0.0,5.2967000007629395,5.2967000007629395,5.2967000007629395,0.0,0
2016-06-27,4.371396541595459,0.0,5.199999809265137,0.0,5.199999809265137,5.199999809265137,5.199999809265137,0.0,0
2016-06-28,4.451259136199951,0.0,5.295000076293945,0.0,5.295000076293945,5.295000076293945,5.295000076293945,0.0,0
2016-06-29,4.526918411254883,0.0,5.385000228881836,0.0,5.385000228881836,5.385000228881836,5.385000228881836,0.0,0
2016-06-30,4.588539123535156,0.0,5.4583001136779785,0.0,5.4583001136779785,5.4583001136779785,5.4583001136779785,0.0,0
2016-07-01,4.5983734130859375,0.0,5.46999979019165,0.0,5.46999979019165,5.46999979019165,5.46999979019165,0.0,0
2016-07-05,4.5661773681640625,0.0,5.431700229644775,0.0,5.431700229644775,5.431700229644775,5.431700229644775,0.0,0
2016-07-06,4.592740535736084,0.0,5.4633002281188965,0.0,5.4633002281188965,5.4633002281188965,5.4633002281188965,0.0,0
2016-07-07,4.589967727661133,0.0,5.460000038146973,0.0,5.460000038146973,5.460000038146973,5.460000038146973,0.0,0
2016-07-08,4.658648490905762,0.0,5.5416998863220215,0.0,5.5416998863220215,5.5416998863220215,5.5416998863220215,0.0,0
2016-07-11,4.6754608154296875,0.0,5.561699867248535,0.0,5.561699867248535,5.561699867248535,5.561699867248535,0.0,0
2016-07-12,4.707658767700195,0.0,5.599999904632568,0.0,5.599999904632568,5.599999904632568,5.599999904632568,0.0,0
2016-07-13,4.709087371826172,0.0,5.6016998291015625,0.0,5.6016998291015625,5.6016998291015625,5.6016998291015625,0.0,0
2016-07-14,4.734307289123535,0.0,5.631700038909912,0.0,5.631700038909912,5.631700038909912,5.631700038909912,0.0,0
2016-07-15,4.728674411773682,0.0,5.625,0.0,5.625,5.625,5.625,0.0,0
2016-07-18,4.741283893585205,0.0,5.639999866485596,0.0,5.639999866485596,5.639999866485596,5.639999866485596,0.0,0
2016-07-19,4.734307289123535,0.0,5.631700038909912,0.0,5.631700038909912,5.631700038909912,5.631700038909912,0.0,0
2016-07-20,4.755323886871338,0.0,5.656700134277344,0.0,5.656700134277344,5.656700134277344,5.656700134277344,0.0,0
2016-07-21,4.737082481384277,0.0,5.635000228881836,0.0,5.635000228881836,5.635000228881836,5.635000228881836,0.0,0
2016-07-22,4.75952672958374,0.0,5.6616997718811035,0.0,5.6616997718811035,5.6616997718811035,5.6616997718811035,0.0,0
2016-07-25,4.74548864364624,0.0,5.644999980926514,0.0,5.644999980926514,5.644999980926514,5.644999980926514,0.0,0
2016-07-26,4.746916770935059,0.0,5.646699905395508,0.0,5.646699905395508,5.646699905395508,5.646699905395508,0.0,0
2016-07-27,4.741283893585205,0.0,5.639999866485596,0.0,5.639999866485596,5.639999866485596,5.639999866485596,0.0,0
2016-07-28,4.74826192855835,0.0,5.6483001708984375,0.0,5.6483001708984375,5.6483001708984375,5.6483001708984375,0.0,0
2016-07-29,4.756669521331787,0.0,5.658299922943115,0.0,5.658299922943115,5.658299922943115,5.658299922943115,0.0,0
2016-08-01,4.751120567321777,0.0,5.651700019836426,0.0,5.651700019836426,5.651700019836426,5.651700019836426,0.0,0
2016-08-02,4.7202677726745605,0.0,5.614999771118164,0.0,5.614999771118164,5.614999771118164,5.614999771118164,0.0,0
2016-08-03,4.737082481384277,0.0,5.635000228881836,0.0,5.635000228881836,5.635000228881836,5.635000228881836,0.0,0
2016-08-04,4.738511085510254,0.0,5.63670015335083,0.0,5.63670015335083,5.63670015335083,5.63670015335083,0.0,0
2016-08-05,4.779114246368408,0.0,5.684999942779541,0.0,5.684999942779541,5.684999942779541,5.684999942779541,0.0,0
2016-08-08,4.776340007781982,0.0,5.681700229644775,0.0,5.681700229644775,5.681700229644775,5.681700229644775,0.0,0
2016-08-09,4.777685165405273,0.0,5.683300018310547,0.0,5.683300018310547,5.683300018310547,5.683300018310547,0.0,0
2016-08-10,4.766504764556885,0.0,5.670000076293945,0.0,5.670000076293945,5.670000076293945,5.670000076293945,0.0,0
2016-08-11,4.788949966430664,0.0,5.696700096130371,0.0,5.696700096130371,5.696700096130371,5.696700096130371,0.0,0
2016-08-12,4.78609037399292,0.0,5.693299770355225,0.0,5.693299770355225,5.693299770355225,5.693299770355225,0.0,0
2016-08-15,4.800131797790527,0.0,5.710000038146973,0.0,5.710000038146973,5.710000038146973,5.710000038146973,0.0,0
2016-08-16,4.7734808921813965,0.0,5.678299903869629,0.0,5.678299903869629,5.678299903869629,5.678299903869629,0.0,0
2016-08-17,4.784747123718262,0.0,5.691699981689453,0.0,5.691699981689453,5.691699981689453,5.691699981689453,0.0,0
2016-08-18,4.794498443603516,0.0,5.7032999992370605,0.0,5.7032999992370605,5.7032999992370605,5.7032999992370605,0.0,0
2016-08-19,4.788949966430664,0.0,5.696700096130371,0.0,5.696700096130371,5.696700096130371,5.696700096130371,0.0,0
2016-08-22,4.78609037399292,0.0,5.693299770355225,0.0,5.693299770355225,5.693299770355225,5.693299770355225,0.0,0
2016-08-23,4.79592752456665,0.0,5.704999923706055,0.0,5.704999923706055,5.704999923706055,5.704999923706055,0.0,0
2016-08-24,4.770708084106445,0.0,5.675000190734863,0.0,5.675000190734863,5.675000190734863,5.675000190734863,0.0,0
2016-08-25,4.763730525970459,0.0,5.6666998863220215,0.0,5.6666998863220215,5.6666998863220215,5.6666998863220215,0.0,0
2016-08-26,4.756669521331787,0.0,5.658299922943115,0.0,5.658299922943115,5.658299922943115,5.658299922943115,0.0,0
2016-08-29,4.781888484954834,0.0,5.688300132751465,0.0,5.688300132751465,5.688300132751465,5.688300132751465,0.0,0
2016-08-30,4.7734808921813965,0.0,5.678299903869629,0.0,5.678299903869629,5.678299903869629,5.678299903869629,0.0,0
2016-08-31,4.763730525970459,0.0,5.6666998863220215,0.0,5.6666998863220215,5.6666998863220215,5.6666998863220215,0.0,0
2016-09-01,4.763730525970459,0.0,5.6666998863220215,0.0,5.6666998863220215,5.6666998863220215,5.6666998863220215,0.0,0
2016-09-02,4.783318042755127,0.0,5.690000057220459,0.0,5.690000057220459,5.690000057220459,5.690000057220459,0.0,0
2016-09-06,4.797356605529785,0.0,5.706699848175049,0.0,5.706699848175049,5.706699848175049,5.706699848175049,0.0,0
2016-09-07,4.798701763153076,0.0,5.7083001136779785,0.0,5.7083001136779785,5.7083001136779785,5.7083001136779785,0.0,0
2016-09-08,4.787520885467529,0.0,5.695000171661377,0.0,5.695000171661377,5.695000171661377,5.695000171661377,0.0,0
2016-09-09,4.66982889175415,0.0,5.554999828338623,0.0,5.554999828338623,5.554999828338623,5.554999828338623,0.0,0
2016-09-12,4.7398552894592285,0.0,5.638299942016602,0.0,5.638299942016602,5.638299942016602,5.638299942016602,0.0,0
2016-09-13,4.671258449554443,0.0,5.556700229644775,0.0,5.556700229644775,5.556700229644775,5.556700229644775,0.0,0
2016-09-14,4.668399810791016,0.0,5.553299903869629,0.0,5.553299903869629,5.553299903869629,5.553299903869629,0.0,0
2016-09-15,4.716064453125,0.0,5.610000133514404,0.0,5.610000133514404,5.610000133514404,5.610000133514404,0.0,0
2016-09-16,4.6978230476379395,0.0,5.5883002281188965,0.0,5.5883002281188965,5.5883002281188965,5.5883002281188965,0.0,0
2016-09-19,4.6978230476379395,0.0,5.5883002281188965,0.0,5.5883002281188965,5.5883002281188965,5.5883002281188965,0.0,0
2016-09-20,4.699252605438232,0.0,5.590000152587891,0.0,5.590000152587891,5.590000152587891,5.590000152587891,0.0,0
2016-09-21,4.751120567321777,0.0,5.651700019836426,0.0,5.651700019836426,5.651700019836426,5.651700019836426,0.0,0
2016-09-22,4.781888484954834,0.0,5.688300132751465,0.0,5.688300132751465,5.688300132751465,5.688300132751465,0.0,0
2016-09-23,4.753895282745361,0.0,5.65500020980835,0.0,5.65500020980835,5.65500020980835,5.65500020980835,0.0,0
2016-09-26,4.713291168212891,0.0,5.6066999435424805,0.0,5.6066999435424805,5.6066999435424805,5.6066999435424805,0.0,0
2016-09-27,4.7440595626831055,0.0,5.6433000564575195,0.0,5.6433000564575195,5.6433000564575195,5.6433000564575195,0.0,0
2016-09-28,4.770708084106445,0.0,5.675000190734863,0.0,5.675000190734863,5.675000190734863,5.675000190734863,0.0,0
2016-09-29,4.725901126861572,0.0,5.621699810028076,0.0,5.621699810028076,5.621699810028076,5.621699810028076,0.0,0
2016-09-30,4.763730525970459,0.0,5.6666998863220215,0.0,5.6666998863220215,5.6666998863220215,5.6666998863220215,0.0,0
2016-10-03,4.74826192855835,0.0,5.6483001708984375,0.0,5.6483001708984375,5.6483001708984375,5.6483001708984375,0.0,0
2016-10-04,4.725901126861572,0.0,5.621699810028076,0.0,5.621699810028076,5.621699810028076,5.621699810028076,0.0,0
2016-10-05,4.74826192855835,0.0,5.6483001708984375,0.0,5.6483001708984375,5.6483001708984375,5.6483001708984375,0.0,0
2016-10-06,4.751120567321777,0.0,5.651700019836426,0.0,5.651700019836426,5.651700019836426,5.651700019836426,0.0,0
2016-10-07,4.735652923583984,0.0,5.633299827575684,0.0,5.633299827575684,5.633299827575684,5.633299827575684,0.0,0
2016-10-10,4.756669521331787,0.0,5.658299922943115,0.0,5.658299922943115,5.658299922943115,5.658299922943115,0.0,0
2016-10-11,4.6978230476379395,0.0,5.5883002281188965,0.0,5.5883002281188965,5.5883002281188965,5.5883002281188965,0.0,0
2016-10-12,4.703455448150635,0.0,5.59499979019165,0.0,5.59499979019165,5.59499979019165,5.59499979019165,0.0,0
2016-10-13,4.689416885375977,0.0,5.5782999992370605,0.0,5.5782999992370605,5.5782999992370605,5.5782999992370605,0.0,0
2016-10-14,4.689416885375977,0.0,5.5782999992370605,0.0,5.5782999992370605,5.5782999992370605,5.5782999992370605,0.0,0
2016-10-17,4.6754608154296875,0.0,5.561699867248535,0.0,5.561699867248535,5.561699867248535,5.561699867248535,0.0,0
2016-10-18,4.704885005950928,0.0,5.596700191497803,0.0,5.596700191497803,5.596700191497803,5.596700191497803,0.0,0
2016-10-19,4.716064453125,0.0,5.610000133514404,0.0,5.610000133514404,5.610000133514404,5.610000133514404,0.0,0
2016-10-20,4.709087371826172,0.0,5.6016998291015625,0.0,5.6016998291015625,5.6016998291015625,5.6016998291015625,0.0,0
2016-10-21,4.709087371826172,0.0,5.6016998291015625,0.0,5.6016998291015625,5.6016998291015625,5.6016998291015625,0.0,0
2016-10-24,4.731449604034424,0.0,5.628300189971924,0.0,5.628300189971924,5.628300189971924,5.628300189971924,0.0,0
2016-10-25,4.713291168212891,0.0,5.6066999435424805,0.0,5.6066999435424805,5.6066999435424805,5.6066999435424805,0.0,0
2016-10-26,4.704885005950928,0.0,5.596700191497803,0.0,5.596700191497803,5.596700191497803,5.596700191497803,0.0,0
2016-10-27,4.690845966339111,0.0,5.579999923706055,0.0,5.579999923706055,5.579999923706055,5.579999923706055,0.0,0
2016-10-28,4.676806449890137,0.0,5.563300132751465,0.0,5.563300132751465,5.563300132751465,5.563300132751465,0.0,0
2016-10-31,4.676806449890137,0.0,5.563300132751465,0.0,5.563300132751465,5.563300132751465,5.563300132751465,0.0,0
2016-11-01,4.644609451293945,0.0,5.525000095367432,0.0,5.525000095367432,5.525000095367432,5.525000095367432,0.0,0
2016-11-02,4.61518669128418,0.0,5.489999771118164,0.0,5.489999771118164,5.489999771118164,5.489999771118164,0.0,0
2016-11-03,4.596944808959961,0.0,5.468299865722656,0.0,5.468299865722656,5.468299865722656,5.468299865722656,0.0,0
2016-11-04,4.588539123535156,0.0,5.4583001136779785,0.0,5.4583001136779785,5.4583001136779785,5.4583001136779785,0.0,0
2016-11-07,4.690845966339111,0.0,5.579999923706055,0.0,5.579999923706055,5.579999923706055,5.579999923706055,0.0,0
2016-11-08,4.710432529449463,0.0,5.603300094604492,0.0,5.603300094604492,5.603300094604492,5.603300094604492,0.0,0
2016-11-09,4.763730525970459,0.0,5.6666998863220215,0.0,5.6666998863220215,5.6666998863220215,5.6666998863220215,0.0,0
2016-11-10,4.7734808921813965,0.0,5.678299903869629,0.0,5.678299903869629,5.678299903869629,5.678299903869629,0.0,0
2016-11-11,4.766504764556885,0.0,5.670000076293945,0.0,5.670000076293945,5.670000076293945,5.670000076293945,0.0,0
2016-11-14,4.766504764556885,0.0,5.670000076293945,0.0,5.670000076293945,5.670000076293945,5.670000076293945,0.0,0
2016-11-15,4.802905559539795,0.0,5.7133002281188965,0.0,5.7133002281188965,5.7133002281188965,5.7133002281188965,0.0,0
2016-11-16,4.797356605529785,0.0,5.706699848175049,0.0,5.706699848175049,5.706699848175049,5.706699848175049,0.0,0
2016-11-17,4.819717884063721,0.0,5.73330020904541,0.0,5.73330020904541,5.73330020904541,5.73330020904541,0.0,0
2016-11-18,4.808537006378174,0.0,5.71999979019165,0.0,5.71999979019165,5.71999979019165,5.71999979019165,0.0,0
2016-11-21,4.844936847686768,0.0,5.763299942016602,0.0,5.763299942016602,5.763299942016602,5.763299942016602,0.0,0
2016-11-22,4.85477352142334,0.0,5.775000095367432,0.0,5.775000095367432,5.775000095367432,5.775000095367432,0.0,0
2016-11-23,4.8589768409729,0.0,5.78000020980835,0.0,5.78000020980835,5.78000020980835,5.78000020980835,0.0,0
2016-11-25,4.878563404083252,0.0,5.803299903869629,0.0,5.803299903869629,5.803299903869629,5.803299903869629,0.0,0
2016-11-28,4.853344917297363,0.0,5.7733001708984375,0.0,5.7733001708984375,5.7733001708984375,5.7733001708984375,0.0,0
2016-11-29,4.861750602722168,0.0,5.783299922943115,0.0,5.783299922943115,5.783299922943115,5.783299922943115,0.0,0
2016-11-30,4.84913969039917,0.0,5.7683000564575195,0.0,5.7683000564575195,5.7683000564575195,5.7683000564575195,0.0,0
2016-12-01,4.832327365875244,0.0,5.748300075531006,0.0,5.748300075531006,5.748300075531006,5.748300075531006,0.0,0
2016-12-02,4.833756923675537,0.0,5.75,0.0,5.75,5.75,5.75,0.0,0
2016-12-05,4.863178730010986,0.0,5.784999847412109,0.0,5.784999847412109,5.784999847412109,5.784999847412109,0.0,0
2016-12-06,4.879992485046387,0.0,5.804999828338623,0.0,5.804999828338623,5.804999828338623,5.804999828338623,0.0,0
2016-12-07,4.944470405578613,0.0,5.881700038909912,0.0,5.881700038909912,5.881700038909912,5.881700038909912,0.0,0
2016-12-08,4.95565128326416,0.0,5.894999980926514,0.0,5.894999980926514,5.894999980926514,5.894999980926514,0.0,0
2016-12-09,4.985074520111084,0.0,5.929999828338623,0.0,5.929999828338623,5.929999828338623,5.929999828338623,0.0,0
2016-12-12,4.9794416427612305,0.0,5.923299789428711,0.0,5.923299789428711,5.923299789428711,5.923299789428711,0.0,0
2016-12-13,5.013068675994873,0.0,5.9633002281188965,0.0,5.9633002281188965,5.9633002281188965,5.9633002281188965,0.0,0
2016-12-14,4.972464084625244,0.0,5.914999961853027,0.0,5.914999961853027,5.914999961853027,5.914999961853027,0.0,0
2016-12-15,4.992051601409912,0.0,5.938300132751465,0.0,5.938300132751465,5.938300132751465,5.938300132751465,0.0,0
2016-12-16,4.983644962310791,0.0,5.928299903869629,0.0,5.928299903869629,5.928299903869629,5.928299903869629,0.0,0
2016-12-19,4.99341344833374,0.0,5.793300151824951,0.146333,5.793300151824951,5.793300151824951,5.793300151824951,0.0,0
2016-12-20,5.013583183288574,0.0,5.816699981689453,0.0,5.816699981689453,5.816699981689453,5.816699981689453,0.0,0
2016-12-21,5.00065279006958,0.0,5.801700115203857,0.0,5.801700115203857,5.801700115203857,5.801700115203857,0.0,0
2016-12-22,4.992034435272217,0.0,5.7916998863220215,0.0,5.7916998863220215,5.7916998863220215,5.7916998863220215,0.0,0
2016-12-23,4.999188423156738,0.0,5.800000190734863,0.0,5.800000190734863,5.800000190734863,5.800000190734863,0.0,0
2016-12-27,5.009273052215576,0.0,5.811699867248535,0.0,5.811699867248535,5.811699867248535,5.811699867248535,0.0,0
2016-12-28,4.969020843505859,0.0,5.764999866485596,0.0,5.764999866485596,5.764999866485596,5.764999866485596,0.0,0
2016-12-29,4.967554569244385,0.0,5.763299942016602,0.0,5.763299942016602,5.763299942016602,5.763299942016602,0.0,0
2016-12-30,4.94462776184082,0.0,5.736700057983398,0.0,5.736700057983398,5.736700057983398,5.736700057983398,0.0,0
2017-01-03,4.9862589836120605,0.0,5.784999847412109,0.0,5.784999847412109,5.784999847412109,5.784999847412109,0.0,0
2017-01-04,5.016427993774414,0.0,5.820000171661377,0.0,5.820000171661377,5.820000171661377,5.820000171661377,0.0,0
2017-01-05,5.012117385864258,0.0,5.815000057220459,0.0,5.815000057220459,5.815000057220459,5.815000057220459,0.0,0
2017-01-06,5.032200336456299,0.0,5.8383002281188965,0.0,5.8383002281188965,5.8383002281188965,5.8383002281188965,0.0,0
2017-01-09,5.013583183288574,0.0,5.816699981689453,0.0,5.816699981689453,5.816699981689453,5.816699981689453,0.0,0
2017-01-10,5.013583183288574,0.0,5.816699981689453,0.0,5.816699981689453,5.816699981689453,5.816699981689453,0.0,0
2017-01-11,5.029356479644775,0.0,5.835000038146973,0.0,5.835000038146973,5.835000038146973,5.835000038146973,0.0,0
2017-01-12,5.017892360687256,0.0,5.821700096130371,0.0,5.821700096130371,5.821700096130371,5.821700096130371,0.0,0
2017-01-13,5.027892112731934,0.0,5.8333001136779785,0.0,5.8333001136779785,5.8333001136779785,5.8333001136779785,0.0,0
2017-01-17,5.012117385864258,0.0,5.815000057220459,0.0,5.815000057220459,5.815000057220459,5.815000057220459,0.0,0
2017-01-18,5.022202491760254,0.0,5.826700210571289,0.0,5.826700210571289,5.826700210571289,5.826700210571289,0.0,0
2017-01-19,5.00349760055542,0.0,5.804999828338623,0.0,5.804999828338623,5.804999828338623,5.804999828338623,0.0,0
2017-01-20,5.020736217498779,0.0,5.824999809265137,0.0,5.824999809265137,5.824999809265137,5.824999809265137,0.0,0
2017-01-23,5.007808208465576,0.0,5.809999942779541,0.0,5.809999942779541,5.809999942779541,5.809999942779541,0.0,0
2017-01-24,5.04081916809082,0.0,5.848299980163574,0.0,5.848299980163574,5.848299980163574,5.848299980163574,0.0,0
2017-01-25,5.081071853637695,0.0,5.894999980926514,0.0,5.894999980926514,5.894999980926514,5.894999980926514,0.0,0
2017-01-26,5.076761245727539,0.0,5.889999866485596,0.0,5.889999866485596,5.889999866485596,5.889999866485596,0.0,0
2017-01-27,5.072453498840332,0.0,5.885000228881836,0.0,5.885000228881836,5.885000228881836,5.885000228881836,0.0,0
2017-01-30,5.042285442352295,0.0,5.849999904632568,0.0,5.849999904632568,5.849999904632568,5.849999904632568,0.0,0
2017-01-31,5.037975311279297,0.0,5.84499979019165,0.0,5.84499979019165,5.84499979019165,5.84499979019165,0.0,0
2017-02-01,5.04081916809082,0.0,5.848299980163574,0.0,5.848299980163574,5.848299980163574,5.848299980163574,0.0,0
2017-02-02,5.043749809265137,0.0,5.8516998291015625,0.0,5.8516998291015625,5.8516998291015625,5.8516998291015625,0.0,0
2017-02-03,5.081071853637695,0.0,5.894999980926514,0.0,5.894999980926514,5.894999980926514,5.894999980926514,0.0,0
2017-02-06,5.070987224578857,0.0,5.883299827575684,0.0,5.883299827575684,5.883299827575684,5.883299827575684,0.0,0
2017-02-07,5.072453498840332,0.0,5.885000228881836,0.0,5.885000228881836,5.885000228881836,5.885000228881836,0.0,0
2017-02-08,5.076761245727539,0.0,5.889999866485596,0.0,5.889999866485596,5.889999866485596,5.889999866485596,0.0,0
2017-02-09,5.106929779052734,0.0,5.925000190734863,0.0,5.925000190734863,5.925000190734863,5.925000190734863,0.0,0
2017-02-10,5.125633716583252,0.0,5.946700096130371,0.0,5.946700096130371,5.946700096130371,5.946700096130371,0.0,0
2017-02-13,5.125633716583252,0.0,5.946700096130371,0.0,5.946700096130371,5.946700096130371,5.946700096130371,0.0,0
2017-02-14,5.1528706550598145,0.0,5.978300094604492,0.0,5.978300094604492,5.978300094604492,5.978300094604492,0.0,0
2017-02-15,5.201742172241211,0.0,6.034999847412109,0.0,6.034999847412109,6.034999847412109,6.034999847412109,0.0,0
2017-02-16,5.198897838592529,0.0,6.031700134277344,0.0,6.031700134277344,6.031700134277344,6.031700134277344,0.0,0
2017-02-17,5.207516670227051,0.0,6.0416998863220215,0.0,6.0416998863220215,6.0416998863220215,6.0416998863220215,0.0,0
2017-02-21,5.239063262939453,0.0,6.0782999992370605,0.0,6.0782999992370605,6.0782999992370605,6.0782999992370605,0.0,0
2017-02-22,5.233375072479248,0.0,6.071700096130371,0.0,6.071700096130371,6.071700096130371,6.071700096130371,0.0,0
2017-02-23,5.2362189292907715,0.0,6.074999809265137,0.0,6.074999809265137,6.074999809265137,6.074999809265137,0.0,0
2017-02-24,5.244838237762451,0.0,6.085000038146973,0.0,6.085000038146973,6.085000038146973,6.085000038146973,0.0,0
2017-02-27,5.250612735748291,0.0,6.091700077056885,0.0,6.091700077056885,6.091700077056885,6.091700077056885,0.0,0
2017-02-28,5.23768424987793,0.0,6.076700210571289,0.0,6.076700210571289,6.076700210571289,6.076700210571289,0.0,0
2017-03-01,5.310948848724365,0.0,6.1616997718811035,0.0,6.1616997718811035,6.1616997718811035,6.1616997718811035,0.0,0
2017-03-02,5.27931547164917,0.0,6.125,0.0,6.125,6.125,6.125,0.0,0
2017-03-03,5.28216028213501,0.0,6.128300189971924,0.0,6.128300189971924,6.128300189971924,6.128300189971924,0.0,0
2017-03-06,5.28216028213501,0.0,6.128300189971924,0.0,6.128300189971924,6.128300189971924,6.128300189971924,0.0,0
2017-03-07,5.250612735748291,0.0,6.091700077056885,0.0,6.091700077056885,6.091700077056885,6.091700077056885,0.0,0
2017-03-08,5.240528583526611,0.0,6.079999923706055,0.0,6.079999923706055,6.079999923706055,6.079999923706055,0.0,0
2017-03-09,5.244838237762451,0.0,6.085000038146973,0.0,6.085000038146973,6.085000038146973,6.085000038146973,0.0,0
2017-03-10,5.260611534118652,0.0,6.103300094604492,0.0,6.103300094604492,6.103300094604492,6.103300094604492,0.0,0
2017-03-13,5.264920711517334,0.0,6.10830020904541,0.0,6.10830020904541,6.10830020904541,6.10830020904541,0.0,0
2017-03-14,5.247683048248291,0.0,6.0883002281188965,0.0,6.0883002281188965,6.0883002281188965,6.0883002281188965,0.0,0
2017-03-15,5.290778636932373,0.0,6.138299942016602,0.0,6.138299942016602,6.138299942016602,6.138299942016602,0.0,0
2017-03-16,5.283624649047852,0.0,6.130000114440918,0.0,6.130000114440918,6.130000114440918,6.130000114440918,0.0,0
2017-03-17,5.2764716148376465,0.0,6.121699810028076,0.0,6.121699810028076,6.121699810028076,6.121699810028076,0.0,0
2017-03-20,5.26638650894165,0.0,6.110000133514404,0.0,6.110000133514404,6.110000133514404,6.110000133514404,0.0,0
2017-03-21,5.200276851654053,0.0,6.033299922943115,0.0,6.033299922943115,6.033299922943115,6.033299922943115,0.0,0
2017-03-22,5.210361003875732,0.0,6.045000076293945,0.0,6.045000076293945,6.045000076293945,6.045000076293945,0.0,0
2017-03-23,5.206051826477051,0.0,6.039999961853027,0.0,6.039999961853027,6.039999961853027,6.039999961853027,0.0,0
2017-03-24,5.201742172241211,0.0,6.034999847412109,0.0,6.034999847412109,6.034999847412109,6.034999847412109,0.0,0
2017-03-27,5.195966720581055,0.0,6.028299808502197,0.0,6.028299808502197,6.028299808502197,6.028299808502197,0.0,0
2017-03-28,5.233375072479248,0.0,6.071700096130371,0.0,6.071700096130371,6.071700096130371,6.071700096130371,0.0,0
2017-03-29,5.240528583526611,0.0,6.079999923706055,0.0,6.079999923706055,6.079999923706055,6.079999923706055,0.0,0
2017-03-30,5.2563018798828125,0.0,6.098299980163574,0.0,6.098299980163574,6.098299980163574,6.098299980163574,0.0,0
2017-03-31,5.243372917175293,0.0,6.0833001136779785,0.0,6.0833001136779785,6.0833001136779785,6.0833001136779785,0.0,0
2017-04-03,5.2362189292907715,0.0,6.074999809265137,0.0,6.074999809265137,6.074999809265137,6.074999809265137,0.0,0
2017-04-04,5.239063262939453,0.0,6.0782999992370605,0.0,6.0782999992370605,6.0782999992370605,6.0782999992370605,0.0,0
2017-04-05,5.223289966583252,0.0,6.059999942779541,0.0,6.059999942779541,6.059999942779541,6.059999942779541,0.0,0
2017-04-06,5.2347540855407715,0.0,6.073299884796143,0.0,6.073299884796143,6.073299884796143,6.073299884796143,0.0,0
2017-04-07,5.230443477630615,0.0,6.068299770355225,0.0,6.068299770355225,6.068299770355225,6.068299770355225,0.0,0
2017-04-10,5.2347540855407715,0.0,6.073299884796143,0.0,6.073299884796143,6.073299884796143,6.073299884796143,0.0,0
2017-04-11,5.22760009765625,0.0,6.065000057220459,0.0,6.065000057220459,6.065000057220459,6.065000057220459,0.0,0
2017-04-12,5.208896160125732,0.0,6.043300151824951,0.0,6.043300151824951,6.043300151824951,6.043300151824951,0.0,0
2017-04-13,5.173039436340332,0.0,6.001699924468994,0.0,6.001699924468994,6.001699924468994,6.001699924468994,0.0,0
2017-04-17,5.217514514923096,0.0,6.053299903869629,0.0,6.053299903869629,6.053299903869629,6.053299903869629,0.0,0
2017-04-18,5.203207015991211,0.0,6.0366997718811035,0.0,6.0366997718811035,6.0366997718811035,6.0366997718811035,0.0,0
2017-04-19,5.1945881843566895,0.0,6.026700019836426,0.0,6.026700019836426,6.026700019836426,6.026700019836426,0.0,0
2017-04-20,5.233375072479248,0.0,6.071700096130371,0.0,6.071700096130371,6.071700096130371,6.071700096130371,0.0,0
2017-04-21,5.217514514923096,0.0,6.053299903869629,0.0,6.053299903869629,6.053299903869629,6.053299903869629,0.0,0
2017-04-24,5.27500581741333,0.0,6.119999885559082,0.0,6.119999885559082,6.119999885559082,6.119999885559082,0.0,0
2017-04-25,5.306639194488525,0.0,6.156700134277344,0.0,6.156700134277344,6.156700134277344,6.156700134277344,0.0,0
2017-04-26,5.303707599639893,0.0,6.153299808502197,0.0,6.153299808502197,6.153299808502197,6.153299808502197,0.0,0
2017-04-27,5.308017253875732,0.0,6.158299922943115,0.0,6.158299922943115,6.158299922943115,6.158299922943115,0.0,0
2017-04-28,5.2980194091796875,0.0,6.146699905395508,0.0,6.146699905395508,6.146699905395508,6.146699905395508,0.0,0
2017-05-01,5.306639194488525,0.0,6.156700134277344,0.0,6.156700134277344,6.156700134277344,6.156700134277344,0.0,0
2017-05-02,5.3123273849487305,0.0,6.163300037384033,0.0,6.163300037384033,6.163300037384033,6.163300037384033,0.0,0
2017-05-03,5.306639194488525,0.0,6.156700134277344,0.0,6.156700134277344,6.156700134277344,6.156700134277344,0.0,0
2017-05-04,5.310948848724365,0.0,6.1616997718811035,0.0,6.1616997718811035,6.1616997718811035,6.1616997718811035,0.0,0
2017-05-05,5.332496643066406,0.0,6.186699867248535,0.0,6.186699867248535,6.186699867248535,6.186699867248535,0.0,0
2017-05-08,5.332496643066406,0.0,6.186699867248535,0.0,6.186699867248535,6.186699867248535,6.186699867248535,0.0,0
2017-05-09,5.328187465667725,0.0,6.181700229644775,0.0,6.181700229644775,6.181700229644775,6.181700229644775,0.0,0
2017-05-10,5.335340976715088,0.0,6.190000057220459,0.0,6.190000057220459,6.190000057220459,6.190000057220459,0.0,0
2017-05-11,5.32672119140625,0.0,6.179999828338623,0.0,6.179999828338623,6.179999828338623,6.179999828338623,0.0,0
2017-05-12,5.318103313446045,0.0,6.170000076293945,0.0,6.170000076293945,6.170000076293945,6.170000076293945,0.0,0
2017-05-15,5.343960285186768,0.0,6.199999809265137,0.0,6.199999809265137,6.199999809265137,6.199999809265137,0.0,0
2017-05-16,5.341115474700928,0.0,6.196700096130371,0.0,6.196700096130371,6.196700096130371,6.196700096130371,0.0,0
2017-05-17,5.246303081512451,0.0,6.086699962615967,0.0,6.086699962615967,6.086699962615967,6.086699962615967,0.0,0
2017-05-18,5.264920711517334,0.0,6.10830020904541,0.0,6.10830020904541,6.10830020904541,6.10830020904541,0.0,0
2017-05-19,5.300863742828369,0.0,6.150000095367432,0.0,6.150000095367432,6.150000095367432,6.150000095367432,0.0,0
2017-05-22,5.328187465667725,0.0,6.181700229644775,0.0,6.181700229644775,6.181700229644775,6.181700229644775,0.0,0
2017-05-23,5.3381853103637695,0.0,6.193299770355225,0.0,6.193299770355225,6.193299770355225,6.193299770355225,0.0,0
2017-05-24,5.3525800704956055,0.0,6.210000038146973,0.0,6.210000038146973,6.210000038146973,6.210000038146973,0.0,0
2017-05-25,5.376972198486328,0.0,6.23829984664917,0.0,6.23829984664917,6.23829984664917,6.23829984664917,0.0,0
2017-05-26,5.378437042236328,0.0,6.239999771118164,0.0,6.239999771118164,6.239999771118164,6.239999771118164,0.0,0
2017-05-30,5.3741278648376465,0.0,6.235000133514404,0.0,6.235000133514404,6.235000133514404,6.235000133514404,0.0,0
2017-05-31,5.371283531188965,0.0,6.2316999435424805,0.0,6.2316999435424805,6.2316999435424805,6.2316999435424805,0.0,0
2017-06-01,5.412914752960205,0.0,6.28000020980835,0.0,6.28000020980835,6.28000020980835,6.28000020980835,0.0,0
2017-06-02,5.432997226715088,0.0,6.303299903869629,0.0,6.303299903869629,6.303299903869629,6.303299903869629,0.0,0
2017-06-05,5.427308559417725,0.0,6.2967000007629395,0.0,6.2967000007629395,6.2967000007629395,6.2967000007629395,0.0,0
2017-06-06,5.411449432373047,0.0,6.278299808502197,0.0,6.278299808502197,6.278299808502197,6.278299808502197,0.0,0
2017-06-07,5.421533584594727,0.0,6.289999961853027,0.0,6.289999961853027,6.289999961853027,6.289999961853027,0.0,0
2017-06-08,5.422999382019043,0.0,6.2916998863220215,0.0,6.2916998863220215,6.2916998863220215,6.2916998863220215,0.0,0
2017-06-09,5.418689250946045,0.0,6.2866997718811035,0.0,6.2866997718811035,6.2866997718811035,6.2866997718811035,0.0,0
2017-06-12,5.412914752960205,0.0,6.28000020980835,0.0,6.28000020980835,6.28000020980835,6.28000020980835,0.0,0
2017-06-13,5.438772678375244,0.0,6.309999942779541,0.0,6.309999942779541,6.309999942779541,6.309999942779541,0.0,0
2017-06-14,5.434462070465088,0.0,6.304999828338623,0.0,6.304999828338623,6.304999828338623,6.304999828338623,0.0,0
2017-06-15,5.422999382019043,0.0,6.2916998863220215,0.0,6.2916998863220215,6.2916998863220215,6.2916998863220215,0.0,0
2017-06-16,5.424378871917725,0.0,6.293300151824951,0.0,6.293300151824951,6.293300151824951,6.293300151824951,0.0,0
2017-06-19,5.470405578613281,0.0,6.346700191497803,0.0,6.346700191497803,6.346700191497803,6.346700191497803,0.0,0
2017-06-20,5.432997226715088,0.0,6.303299903869629,0.0,6.303299903869629,6.303299903869629,6.303299903869629,0.0,0
2017-06-21,5.4316182136535645,0.0,6.301700115203857,0.0,6.301700115203857,6.301700115203857,6.301700115203857,0.0,0
2017-06-22,5.428687572479248,0.0,6.298299789428711,0.0,6.298299789428711,6.298299789428711,6.298299789428711,0.0,0
2017-06-23,5.4373064041137695,0.0,6.308300018310547,0.0,6.308300018310547,6.308300018310547,6.308300018310547,0.0,0
2017-06-26,5.438772678375244,0.0,6.309999942779541,0.0,6.309999942779541,6.309999942779541,6.309999942779541,0.0,0
2017-06-27,5.3942108154296875,0.0,6.258299827575684,0.0,6.258299827575684,6.258299827575684,6.258299827575684,0.0,0
2017-06-28,5.443082809448242,0.0,6.315000057220459,0.0,6.315000057220459,6.315000057220459,6.315000057220459,0.0,0
2017-06-29,5.397141456604004,0.0,6.26170015335083,0.0,6.26170015335083,6.26170015335083,6.26170015335083,0.0,0
2017-06-30,5.405760765075684,0.0,6.271699905395508,0.0,6.271699905395508,6.271699905395508,6.271699905395508,0.0,0
2017-07-03,5.418689250946045,0.0,6.2866997718811035,0.0,6.2866997718811035,6.2866997718811035,6.2866997718811035,0.0,0
2017-07-05,5.427308559417725,0.0,6.2967000007629395,0.0,6.2967000007629395,6.2967000007629395,6.2967000007629395,0.0,0
2017-07-06,5.378437042236328,0.0,6.239999771118164,0.0,6.239999771118164,6.239999771118164,6.239999771118164,0.0,0
2017-07-07,5.412914752960205,0.0,6.28000020980835,0.0,6.28000020980835,6.28000020980835,6.28000020980835,0.0,0
2017-07-10,5.418689250946045,0.0,6.2866997718811035,0.0,6.2866997718811035,6.2866997718811035,6.2866997718811035,0.0,0
2017-07-11,5.414380073547363,0.0,6.281700134277344,0.0,6.281700134277344,6.281700134277344,6.281700134277344,0.0,0
2017-07-12,5.453166961669922,0.0,6.326700210571289,0.0,6.326700210571289,6.326700210571289,6.326700210571289,0.0,0
2017-07-13,5.464630603790283,0.0,6.340000152587891,0.0,6.340000152587891,6.340000152587891,6.340000152587891,0.0,0
2017-07-14,5.489023208618164,0.0,6.368299961090088,0.0,6.368299961090088,6.368299961090088,6.368299961090088,0.0,0
2017-07-17,5.489023208618164,0.0,6.368299961090088,0.0,6.368299961090088,6.368299961090088,6.368299961090088,0.0,0
2017-07-18,5.4933319091796875,0.0,6.373300075531006,0.0,6.373300075531006,6.373300075531006,6.373300075531006,0.0,0
2017-07-19,5.523500442504883,0.0,6.408299922943115,0.0,6.408299922943115,6.408299922943115,6.408299922943115,0.0,0
2017-07-20,5.522120475769043,0.0,6.406700134277344,0.0,6.406700134277344,6.406700134277344,6.406700134277344,0.0,0
2017-07-21,5.520655632019043,0.0,6.40500020980835,0.0,6.40500020980835,6.40500020980835,6.40500020980835,0.0,0
2017-07-24,5.514880657196045,0.0,6.3983001708984375,0.0,6.3983001708984375,6.3983001708984375,6.3983001708984375,0.0,0
2017-07-25,5.530739784240723,0.0,6.4166998863220215,0.0,6.4166998863220215,6.4166998863220215,6.4166998863220215,0.0,0
2017-07-26,5.532119274139404,0.0,6.418300151824951,0.0,6.418300151824951,6.418300151824951,6.418300151824951,0.0,0
2017-07-27,5.5278096199035645,0.0,6.413300037384033,0.0,6.413300037384033,6.413300037384033,6.413300037384033,0.0,0
2017-07-28,5.520655632019043,0.0,6.40500020980835,0.0,6.40500020980835,6.40500020980835,6.40500020980835,0.0,0
2017-07-31,5.516346454620361,0.0,6.400000095367432,0.0,6.400000095367432,6.400000095367432,6.400000095367432,0.0,0
2017-08-01,5.5292744636535645,0.0,6.414999961853027,0.0,6.414999961853027,6.414999961853027,6.414999961853027,0.0,0
2017-08-02,5.5335845947265625,0.0,6.420000076293945,0.0,6.420000076293945,6.420000076293945,6.420000076293945,0.0,0
2017-08-03,5.522120475769043,0.0,6.406700134277344,0.0,6.406700134277344,6.406700134277344,6.406700134277344,0.0,0
2017-08-04,5.5335845947265625,0.0,6.420000076293945,0.0,6.420000076293945,6.420000076293945,6.420000076293945,0.0,0
2017-08-07,5.542203903198242,0.0,6.429999828338623,0.0,6.429999828338623,6.429999828338623,6.429999828338623,0.0,0
2017-08-08,5.5292744636535645,0.0,6.414999961853027,0.0,6.414999961853027,6.414999961853027,6.414999961853027,0.0,0
2017-08-09,5.5278096199035645,0.0,6.413300037384033,0.0,6.413300037384033,6.413300037384033,6.413300037384033,0.0,0
2017-08-10,5.450237274169922,0.0,6.323299884796143,0.0,6.323299884796143,6.323299884796143,6.323299884796143,0.0,0
2017-08-11,5.4574761390686035,0.0,6.331699848175049,0.0,6.331699848175049,6.331699848175049,6.331699848175049,0.0,0
2017-08-14,5.512035846710205,0.0,6.394999980926514,0.0,6.394999980926514,6.394999980926514,6.394999980926514,0.0,0
2017-08-15,5.510571002960205,0.0,6.3933000564575195,0.0,6.3933000564575195,6.3933000564575195,6.3933000564575195,0.0,0
2017-08-16,5.520655632019043,0.0,6.40500020980835,0.0,6.40500020980835,6.40500020980835,6.40500020980835,0.0,0
2017-08-17,5.435927867889404,0.0,6.306700229644775,0.0,6.306700229644775,6.306700229644775,6.306700229644775,0.0,0
2017-08-18,5.425843238830566,0.0,6.295000076293945,0.0,6.295000076293945,6.295000076293945,6.295000076293945,0.0,0
2017-08-21,5.4316182136535645,0.0,6.301700115203857,0.0,6.301700115203857,6.301700115203857,6.301700115203857,0.0,0
2017-08-22,5.486177921295166,0.0,6.364999771118164,0.0,6.364999771118164,6.364999771118164,6.364999771118164,0.0,0
2017-08-23,5.467474460601807,0.0,6.343299865722656,0.0,6.343299865722656,6.343299865722656,6.343299865722656,0.0,0
2017-08-24,5.4574761390686035,0.0,6.331699848175049,0.0,6.331699848175049,6.331699848175049,6.331699848175049,0.0,0
2017-08-25,5.466094970703125,0.0,6.341700077056885,0.0,6.341700077056885,6.341700077056885,6.341700077056885,0.0,0
2017-08-28,5.468939304351807,0.0,6.34499979019165,0.0,6.34499979019165,6.34499979019165,6.34499979019165,0.0,0
2017-08-29,5.474714279174805,0.0,6.3516998291015625,0.0,6.3516998291015625,6.3516998291015625,6.3516998291015625,0.0,0
2017-08-30,5.501951217651367,0.0,6.383299827575684,0.0,6.383299827575684,6.383299827575684,6.383299827575684,0.0,0
2017-08-31,5.5335845947265625,0.0,6.420000076293945,0.0,6.420000076293945,6.420000076293945,6.420000076293945,0.0,0
2017-09-01,5.545048713684082,0.0,6.433300018310547,0.0,6.433300018310547,6.433300018310547,6.433300018310547,0.0,0
2017-09-05,5.50341796875,0.0,6.385000228881836,0.0,6.385000228881836,6.385000228881836,6.385000228881836,0.0,0
2017-09-06,5.520655632019043,0.0,6.40500020980835,0.0,6.40500020980835,6.40500020980835,6.40500020980835,0.0,0
2017-09-07,5.520655632019043,0.0,6.40500020980835,0.0,6.40500020980835,6.40500020980835,6.40500020980835,0.0,0
2017-09-08,5.512035846710205,0.0,6.394999980926514,0.0,6.394999980926514,6.394999980926514,6.394999980926514,0.0,0
2017-09-11,5.572371482849121,0.0,6.465000152587891,0.0,6.465000152587891,6.465000152587891,6.465000152587891,0.0,0
2017-09-12,5.591075420379639,0.0,6.486700057983398,0.0,6.486700057983398,6.486700057983398,6.486700057983398,0.0,0
2017-09-13,5.5953850746154785,0.0,6.491700172424316,0.0,6.491700172424316,6.491700172424316,6.491700172424316,0.0,0
2017-09-14,5.591075420379639,0.0,6.486700057983398,0.0,6.486700057983398,6.486700057983398,6.486700057983398,0.0,0
2017-09-15,5.6025390625,0.0,6.5,0.0,6.5,6.5,6.5,0.0,0
2017-09-18,5.609692573547363,0.0,6.508299827575684,0.0,6.508299827575684,6.508299827575684,6.508299827575684,0.0,0
2017-09-19,5.6169328689575195,0.0,6.51669979095459,0.0,6.51669979095459,6.51669979095459,6.51669979095459,0.0,0
2017-09-20,5.619777202606201,0.0,6.519999980926514,0.0,6.519999980926514,6.519999980926514,6.519999980926514,0.0,0
2017-09-21,5.60400390625,0.0,6.501699924468994,0.0,6.501699924468994,6.501699924468994,6.501699924468994,0.0,0
2017-09-22,5.606848239898682,0.0,6.505000114440918,0.0,6.505000114440918,6.505000114440918,6.505000114440918,0.0,0
2017-09-25,5.5953850746154785,0.0,6.491700172424316,0.0,6.491700172424316,6.491700172424316,6.491700172424316,0.0,0
2017-09-26,5.5953850746154785,0.0,6.491700172424316,0.0,6.491700172424316,6.491700172424316,6.491700172424316,0.0,0
2017-09-27,5.618311405181885,0.0,6.5183000564575195,0.0,6.5183000564575195,6.5183000564575195,6.5183000564575195,0.0,0
2017-09-28,5.626931667327881,0.0,6.528299808502197,0.0,6.528299808502197,6.528299808502197,6.528299808502197,0.0,0
2017-09-29,5.647100448608398,0.0,6.551700115203857,0.0,6.551700115203857,6.551700115203857,6.551700115203857,0.0,0
2017-10-02,5.668649673461914,0.0,6.576700210571289,0.0,6.576700210571289,6.576700210571289,6.576700210571289,0.0,0
2017-10-03,5.681577682495117,0.0,6.591700077056885,0.0,6.591700077056885,6.591700077056885,6.591700077056885,0.0,0
2017-10-04,5.688732624053955,0.0,6.599999904632568,0.0,6.599999904632568,6.599999904632568,6.599999904632568,0.0,0
2017-10-05,5.721744060516357,0.0,6.638299942016602,0.0,6.638299942016602,6.638299942016602,6.638299942016602,0.0,0
2017-10-06,5.717433929443359,0.0,6.633299827575684,0.0,6.633299827575684,6.633299827575684,6.633299827575684,0.0,0
2017-10-09,5.7074360847473145,0.0,6.621699810028076,0.0,6.621699810028076,6.621699810028076,6.621699810028076,0.0,0
2017-10-10,5.721744060516357,0.0,6.638299942016602,0.0,6.638299942016602,6.638299942016602,6.638299942016602,0.0,0
2017-10-11,5.731828212738037,0.0,6.650000095367432,0.0,6.650000095367432,6.650000095367432,6.650000095367432,0.0,0
2017-10-12,5.721744060516357,0.0,6.638299942016602,0.0,6.638299942016602,6.638299942016602,6.638299942016602,0.0,0
2017-10-13,5.727518558502197,0.0,6.644999980926514,0.0,6.644999980926514,6.644999980926514,6.644999980926514,0.0,0
2017-10-16,5.737602710723877,0.0,6.656700134277344,0.0,6.656700134277344,6.656700134277344,6.656700134277344,0.0,0
2017-10-17,5.741912841796875,0.0,6.6616997718811035,0.0,6.6616997718811035,6.6616997718811035,6.6616997718811035,0.0,0
2017-10-18,5.746222019195557,0.0,6.6666998863220215,0.0,6.6666998863220215,6.6666998863220215,6.6666998863220215,0.0,0
2017-10-19,5.747602462768555,0.0,6.668300151824951,0.0,6.668300151824951,6.668300151824951,6.668300151824951,0.0,0
2017-10-20,5.777769565582275,0.0,6.7032999992370605,0.0,6.7032999992370605,6.7032999992370605,6.7032999992370605,0.0,0
2017-10-23,5.7548418045043945,0.0,6.676700115203857,0.0,6.676700115203857,6.676700115203857,6.676700115203857,0.0,0
2017-10-24,5.764840602874756,0.0,6.688300132751465,0.0,6.688300132751465,6.688300132751465,6.688300132751465,0.0,0
2017-10-25,5.737602710723877,0.0,6.656700134277344,0.0,6.656700134277344,6.656700134277344,6.656700134277344,0.0,0
2017-10-26,5.744757652282715,0.0,6.664999961853027,0.0,6.664999961853027,6.664999961853027,6.664999961853027,0.0,0
2017-10-27,5.792163848876953,0.0,6.71999979019165,0.0,6.71999979019165,6.71999979019165,6.71999979019165,0.0,0
2017-10-30,5.773459434509277,0.0,6.698299884796143,0.0,6.698299884796143,6.698299884796143,6.698299884796143,0.0,0
2017-10-31,5.779234409332275,0.0,6.704999923706055,0.0,6.704999923706055,6.704999923706055,6.704999923706055,0.0,0
2017-11-01,5.787853717803955,0.0,6.715000152587891,0.0,6.715000152587891,6.715000152587891,6.715000152587891,0.0,0
2017-11-02,5.789319038391113,0.0,6.716700077056885,0.0,6.716700077056885,6.716700077056885,6.716700077056885,0.0,0
2017-11-03,5.807936668395996,0.0,6.73829984664917,0.0,6.73829984664917,6.73829984664917,6.73829984664917,0.0,0
2017-11-06,5.816555500030518,0.0,6.748300075531006,0.0,6.748300075531006,6.748300075531006,6.748300075531006,0.0,0
2017-11-07,5.815176486968994,0.0,6.746699810028076,0.0,6.746699810028076,6.746699810028076,6.746699810028076,0.0,0
2017-11-08,5.823795318603516,0.0,6.756700038909912,0.0,6.756700038909912,6.756700038909912,6.756700038909912,0.0,0
2017-11-09,5.803627014160156,0.0,6.73330020904541,0.0,6.73330020904541,6.73330020904541,6.73330020904541,0.0,0
2017-11-10,5.799317836761475,0.0,6.728300094604492,0.0,6.728300094604492,6.728300094604492,6.728300094604492,0.0,0
2017-11-13,5.806558132171631,0.0,6.736700057983398,0.0,6.736700057983398,6.736700057983398,6.736700057983398,0.0,0
2017-11-14,5.793628692626953,0.0,6.721700191497803,0.0,6.721700191497803,6.721700191497803,6.721700191497803,0.0,0
2017-11-15,5.763461112976074,0.0,6.686699867248535,0.0,6.686699867248535,6.686699867248535,6.686699867248535,0.0,0
2017-11-16,5.812246322631836,0.0,6.743299961090088,0.0,6.743299961090088,6.743299961090088,6.743299961090088,0.0,0
2017-11-17,5.796473026275635,0.0,6.724999904632568,0.0,6.724999904632568,6.724999904632568,6.724999904632568,0.0,0
2017-11-20,5.803627014160156,0.0,6.73330020904541,0.0,6.73330020904541,6.73330020904541,6.73330020904541,0.0,0
2017-11-21,5.842412948608398,0.0,6.778299808502197,0.0,6.778299808502197,6.778299808502197,6.778299808502197,0.0,0
2017-11-22,5.838104248046875,0.0,6.7733001708984375,0.0,6.7733001708984375,6.7733001708984375,6.7733001708984375,0.0,0
2017-11-24,5.851032733917236,0.0,6.788300037384033,0.0,6.788300037384033,6.788300037384033,6.788300037384033,0.0,0
2017-11-27,5.849653720855713,0.0,6.7866997718811035,0.0,6.7866997718811035,6.7866997718811035,6.7866997718811035,0.0,0
2017-11-28,5.907058238983154,0.0,6.853300094604492,0.0,6.853300094604492,6.853300094604492,6.853300094604492,0.0,0
2017-11-29,5.905680179595947,0.0,6.8516998291015625,0.0,6.8516998291015625,6.8516998291015625,6.8516998291015625,0.0,0
2017-11-30,5.955928802490234,0.0,6.909999847412109,0.0,6.909999847412109,6.909999847412109,6.909999847412109,0.0,0
2017-12-01,5.9444661140441895,0.0,6.896699905395508,0.0,6.896699905395508,6.896699905395508,6.896699905395508,0.0,0
2017-12-04,5.93869161605835,0.0,6.889999866485596,0.0,6.889999866485596,6.889999866485596,6.889999866485596,0.0,0
2017-12-05,5.915677547454834,0.0,6.86329984664917,0.0,6.86329984664917,6.86329984664917,6.86329984664917,0.0,0
2017-12-06,5.915677547454834,0.0,6.86329984664917,0.0,6.86329984664917,6.86329984664917,6.86329984664917,0.0,0
2017-12-07,5.934381008148193,0.0,6.885000228881836,0.0,6.885000228881836,6.885000228881836,6.885000228881836,0.0,0
2017-12-08,5.967392921447754,0.0,6.923299789428711,0.0,6.923299789428711,6.923299789428711,6.923299789428711,0.0,0
2017-12-11,5.986097812652588,0.0,6.945000171661377,0.0,6.945000171661377,6.945000171661377,6.945000171661377,0.0,0
2017-12-12,5.996181488037109,0.0,6.956699848175049,0.0,6.956699848175049,6.956699848175049,6.956699848175049,0.0,0
2017-12-13,5.993250846862793,0.0,6.9532999992370605,0.0,6.9532999992370605,6.9532999992370605,6.9532999992370605,0.0,0
2017-12-14,5.9703240394592285,0.0,6.926700115203857,0.0,6.926700115203857,6.926700115203857,6.926700115203857,0.0,0
2017-12-15,6.02341890335083,0.0,6.98829984664917,0.0,6.98829984664917,6.98829984664917,6.98829984664917,0.0,0
2017-12-18,6.056464195251465,0.0,6.903299808502197,0.122666,6.903299808502197,6.903299808502197,6.903299808502197,0.0,0
2017-12-19,6.0375142097473145,0.0,6.881700038909912,0.0,6.881700038909912,6.881700038909912,6.881700038909912,0.0,0
2017-12-20,6.033127307891846,0.0,6.876699924468994,0.0,6.876699924468994,6.876699924468994,6.876699924468994,0.0,0
2017-12-21,6.044795989990234,0.0,6.889999866485596,0.0,6.889999866485596,6.889999866485596,6.889999866485596,0.0,0
2017-12-22,6.041900634765625,0.0,6.88670015335083,0.0,6.88670015335083,6.88670015335083,6.88670015335083,0.0,0
2017-12-26,6.036022663116455,0.0,6.880000114440918,0.0,6.880000114440918,6.880000114440918,6.880000114440918,0.0,0
2017-12-27,6.041900634765625,0.0,6.88670015335083,0.0,6.88670015335083,6.88670015335083,6.88670015335083,0.0,0
2017-12-28,6.053569316864014,0.0,6.900000095367432,0.0,6.900000095367432,6.900000095367432,6.900000095367432,0.0,0
2017-12-29,6.022862434387207,0.0,6.864999771118164,0.0,6.864999771118164,6.864999771118164,6.864999771118164,0.0,0
2018-01-02,6.072607040405273,0.0,6.9217000007629395,0.0,6.9217000007629395,6.9217000007629395,6.9217000007629395,0.0,0
2018-01-03,6.112087249755859,0.0,6.966700077056885,0.0,6.966700077056885,6.966700077056885,6.966700077056885,0.0,0
2018-01-04,6.136914253234863,0.0,6.994999885559082,0.0,6.994999885559082,6.994999885559082,6.994999885559082,0.0,0
2018-01-05,6.180781841278076,0.0,7.045000076293945,0.0,7.045000076293945,7.045000076293945,7.045000076293945,0.0,0
2018-01-08,6.191046714782715,0.0,7.056700229644775,0.0,7.056700229644775,7.056700229644775,7.056700229644775,0.0,0
2018-01-09,6.201223373413086,0.0,7.068299770355225,0.0,7.068299770355225,7.068299770355225,7.068299770355225,0.0,0
2018-01-10,6.193941593170166,0.0,7.059999942779541,0.0,7.059999942779541,7.059999942779541,7.059999942779541,0.0,0
2018-01-11,6.237807750701904,0.0,7.110000133514404,0.0,7.110000133514404,7.110000133514404,7.110000133514404,0.0,0
2018-01-12,6.280183792114258,0.0,7.158299922943115,0.0,7.158299922943115,7.158299922943115,7.158299922943115,0.0,0
2018-01-16,6.258249759674072,0.0,7.133299827575684,0.0,7.133299827575684,7.133299827575684,7.133299827575684,0.0,0
2018-01-17,6.31676721572876,0.0,7.199999809265137,0.0,7.199999809265137,7.199999809265137,7.199999809265137,0.0,0
2018-01-18,6.307994365692139,0.0,7.190000057220459,0.0,7.190000057220459,7.190000057220459,7.190000057220459,0.0,0
2018-01-19,6.335805892944336,0.0,7.221700191497803,0.0,7.221700191497803,7.221700191497803,7.221700191497803,0.0,0
2018-01-22,6.386954307556152,0.0,7.28000020980835,0.0,7.28000020980835,7.28000020980835,7.28000020980835,0.0,0
2018-01-23,6.400114059448242,0.0,7.295000076293945,0.0,7.295000076293945,7.295000076293945,7.295000076293945,0.0,0
2018-01-24,6.397218704223633,0.0,7.2916998863220215,0.0,7.2916998863220215,7.2916998863220215,7.2916998863220215,0.0,0
2018-01-25,6.400114059448242,0.0,7.295000076293945,0.0,7.295000076293945,7.295000076293945,7.295000076293945,0.0,0
2018-01-26,6.47617769241333,0.0,7.381700038909912,0.0,7.381700038909912,7.381700038909912,7.381700038909912,0.0,0
2018-01-29,6.4337158203125,0.0,7.3333001136779785,0.0,7.3333001136779785,7.3333001136779785,7.3333001136779785,0.0,0
2018-01-30,6.363528728485107,0.0,7.253300189971924,0.0,7.253300189971924,7.253300189971924,7.253300189971924,0.0,0
2018-01-31,6.366512775421143,0.0,7.256700038909912,0.0,7.256700038909912,7.256700038909912,7.256700038909912,0.0,0
2018-02-01,6.363528728485107,0.0,7.253300189971924,0.0,7.253300189971924,7.253300189971924,7.253300189971924,0.0,0
2018-02-02,6.229034423828125,0.0,7.099999904632568,0.0,7.099999904632568,7.099999904632568,7.099999904632568,0.0,0
2018-02-05,5.974609375,0.0,6.809999942779541,0.0,6.809999942779541,6.809999942779541,6.809999942779541,0.0,0
2018-02-06,6.079888820648193,0.0,6.929999828338623,0.0,6.929999828338623,6.929999828338623,6.929999828338623,0.0,0
2018-02-07,6.049181938171387,0.0,6.894999980926514,0.0,6.894999980926514,6.894999980926514,6.894999980926514,0.0,0
2018-02-08,5.822568416595459,0.0,6.63670015335083,0.0,6.63670015335083,6.63670015335083,6.63670015335083,0.0,0
2018-02-09,5.911705017089844,0.0,6.73829984664917,0.0,6.73829984664917,6.73829984664917,6.73829984664917,0.0,0
2018-02-12,5.99364709854126,0.0,6.831699848175049,0.0,6.831699848175049,6.831699848175049,6.831699848175049,0.0,0
2018-02-13,6.009702682495117,0.0,6.849999904632568,0.0,6.849999904632568,6.849999904632568,6.849999904632568,0.0,0
2018-02-14,6.0930495262146,0.0,6.945000171661377,0.0,6.945000171661377,6.945000171661377,6.945000171661377,0.0,0
2018-02-15,6.167622089385986,0.0,7.03000020980835,0.0,7.03000020980835,7.03000020980835,7.03000020980835,0.0,0
2018-02-16,6.170516490936279,0.0,7.033299922943115,0.0,7.033299922943115,7.033299922943115,7.033299922943115,0.0,0
2018-02-20,6.13401985168457,0.0,6.991700172424316,0.0,6.991700172424316,6.991700172424316,6.991700172424316,0.0,0
2018-02-21,6.100330352783203,0.0,6.9532999992370605,0.0,6.9532999992370605,6.9532999992370605,6.9532999992370605,0.0,0
2018-02-22,6.107700824737549,0.0,6.961699962615967,0.0,6.961699962615967,6.961699962615967,6.961699962615967,0.0,0
2018-02-23,6.205610275268555,0.0,7.073299884796143,0.0,7.073299884796143,7.073299884796143,7.073299884796143,0.0,0
2018-02-26,6.278779029846191,0.0,7.156700134277344,0.0,7.156700134277344,7.156700134277344,7.156700134277344,0.0,0
2018-02-27,6.201223373413086,0.0,7.068299770355225,0.0,7.068299770355225,7.068299770355225,7.068299770355225,0.0,0
2018-02-28,6.132528781890869,0.0,6.989999771118164,0.0,6.989999771118164,6.989999771118164,6.989999771118164,0.0,0
2018-03-01,6.052077770233154,0.0,6.8983001708984375,0.0,6.8983001708984375,6.8983001708984375,6.8983001708984375,0.0,0
2018-03-02,6.0827836990356445,0.0,6.933300018310547,0.0,6.933300018310547,6.933300018310547,6.933300018310547,0.0,0
2018-03-05,6.150075912475586,0.0,7.010000228881836,0.0,7.010000228881836,7.010000228881836,7.010000228881836,0.0,0
2018-03-06,6.166130065917969,0.0,7.028299808502197,0.0,7.028299808502197,7.028299808502197,7.028299808502197,0.0,0
2018-03-07,6.164727687835693,0.0,7.026700019836426,0.0,7.026700019836426,7.026700019836426,7.026700019836426,0.0,0
2018-03-08,6.193941593170166,0.0,7.059999942779541,0.0,7.059999942779541,7.059999942779541,7.059999942779541,0.0,0
2018-03-09,6.300712585449219,0.0,7.181700229644775,0.0,7.181700229644775,7.181700229644775,7.181700229644775,0.0,0
2018-03-12,6.293342113494873,0.0,7.173299789428711,0.0,7.173299789428711,7.173299789428711,7.173299789428711,0.0,0
2018-03-13,6.25386381149292,0.0,7.128300189971924,0.0,7.128300189971924,7.128300189971924,7.128300189971924,0.0,0
2018-03-14,6.2187700271606445,0.0,7.0883002281188965,0.0,7.0883002281188965,7.0883002281188965,7.0883002281188965,0.0,0
2018-03-15,6.214383125305176,0.0,7.0833001136779785,0.0,7.0833001136779785,7.0833001136779785,7.0833001136779785,0.0,0
2018-03-16,6.226140022277832,0.0,7.096700191497803,0.0,7.096700191497803,7.096700191497803,7.096700191497803,0.0,0
2018-03-19,6.136914253234863,0.0,6.994999885559082,0.0,6.994999885559082,6.994999885559082,6.994999885559082,0.0,0
2018-03-20,6.145689010620117,0.0,7.005000114440918,0.0,7.005000114440918,7.005000114440918,7.005000114440918,0.0,0
2018-03-21,6.1354241371154785,0.0,6.993299961090088,0.0,6.993299961090088,6.993299961090088,6.993299961090088,0.0,0
2018-03-22,5.98189115524292,0.0,6.818299770355225,0.0,6.818299770355225,6.818299770355225,6.818299770355225,0.0,0
2018-03-23,5.856170654296875,0.0,6.675000190734863,0.0,6.675000190734863,6.675000190734863,6.675000190734863,0.0,0
2018-03-26,6.015580654144287,0.0,6.8566999435424805,0.0,6.8566999435424805,6.8566999435424805,6.8566999435424805,0.0,0
2018-03-27,5.911705017089844,0.0,6.73829984664917,0.0,6.73829984664917,6.73829984664917,6.73829984664917,0.0,0
2018-03-28,5.895650386810303,0.0,6.71999979019165,0.0,6.71999979019165,6.71999979019165,6.71999979019165,0.0,0
2018-03-29,5.976100921630859,0.0,6.811699867248535,0.0,6.811699867248535,6.811699867248535,6.811699867248535,0.0,0
2018-04-02,5.843009948730469,0.0,6.659999847412109,0.0,6.659999847412109,6.659999847412109,6.659999847412109,0.0,0
2018-04-03,5.917582988739014,0.0,6.744999885559082,0.0,6.744999885559082,6.744999885559082,6.744999885559082,0.0,0
2018-04-04,5.9862775802612305,0.0,6.823299884796143,0.0,6.823299884796143,6.823299884796143,6.823299884796143,0.0,0
2018-04-05,6.027248382568359,0.0,6.869999885559082,0.0,6.869999885559082,6.869999885559082,6.869999885559082,0.0,0
2018-04-06,5.895650386810303,0.0,6.71999979019165,0.0,6.71999979019165,6.71999979019165,6.71999979019165,0.0,0
2018-04-09,5.917582988739014,0.0,6.744999885559082,0.0,6.744999885559082,6.744999885559082,6.744999885559082,0.0,0
2018-04-10,6.016984939575195,0.0,6.85830020904541,0.0,6.85830020904541,6.85830020904541,6.85830020904541,0.0,0
2018-04-11,5.983382701873779,0.0,6.820000171661377,0.0,6.820000171661377,6.820000171661377,6.820000171661377,0.0,0
2018-04-12,6.033127307891846,0.0,6.876699924468994,0.0,6.876699924468994,6.876699924468994,6.876699924468994,0.0,0
2018-04-13,6.016984939575195,0.0,6.85830020904541,0.0,6.85830020904541,6.85830020904541,6.85830020904541,0.0,0
2018-04-16,6.065237522125244,0.0,6.913300037384033,0.0,6.913300037384033,6.913300037384033,6.913300037384033,0.0,0
2018-04-17,6.12963342666626,0.0,6.986700057983398,0.0,6.986700057983398,6.986700057983398,6.986700057983398,0.0,0
2018-04-18,6.1354241371154785,0.0,6.993299961090088,0.0,6.993299961090088,6.993299961090088,6.993299961090088,0.0,0
2018-04-19,6.100330352783203,0.0,6.9532999992370605,0.0,6.9532999992370605,6.9532999992370605,6.9532999992370605,0.0,0
2018-04-20,6.049181938171387,0.0,6.894999980926514,0.0,6.894999980926514,6.894999980926514,6.894999980926514,0.0,0
2018-04-23,6.049181938171387,0.0,6.894999980926514,0.0,6.894999980926514,6.894999980926514,6.894999980926514,0.0,0
2018-04-24,5.968730926513672,0.0,6.803299903869629,0.0,6.803299903869629,6.803299903869629,6.803299903869629,0.0,0
2018-04-25,5.978996276855469,0.0,6.815000057220459,0.0,6.815000057220459,6.815000057220459,6.815000057220459,0.0,0
2018-04-26,6.041900634765625,0.0,6.88670015335083,0.0,6.88670015335083,6.88670015335083,6.88670015335083,0.0,0
2018-04-27,6.049181938171387,0.0,6.894999980926514,0.0,6.894999980926514,6.894999980926514,6.894999980926514,0.0,0
2018-04-30,5.999438285827637,0.0,6.8383002281188965,0.0,6.8383002281188965,6.8383002281188965,6.8383002281188965,0.0,0
2018-05-01,6.0140886306762695,0.0,6.855000019073486,0.0,6.855000019073486,6.855000019073486,6.855000019073486,0.0,0
2018-05-02,5.971714496612549,0.0,6.806700229644775,0.0,6.806700229644775,6.806700229644775,6.806700229644775,0.0,0
2018-05-03,5.958554267883301,0.0,6.7916998863220215,0.0,6.7916998863220215,6.7916998863220215,6.7916998863220215,0.0,0
2018-05-04,6.036022663116455,0.0,6.880000114440918,0.0,6.880000114440918,6.880000114440918,6.880000114440918,0.0,0
2018-05-07,6.056464195251465,0.0,6.903299808502197,0.0,6.903299808502197,6.903299808502197,6.903299808502197,0.0,0
2018-05-08,6.055060386657715,0.0,6.901700019836426,0.0,6.901700019836426,6.901700019836426,6.901700019836426,0.0,0
2018-05-09,6.114981651306152,0.0,6.96999979019165,0.0,6.96999979019165,6.96999979019165,6.96999979019165,0.0,0
2018-05-10,6.173499584197998,0.0,7.0366997718811035,0.0,7.0366997718811035,7.0366997718811035,7.0366997718811035,0.0,0
2018-05-11,6.186660289764404,0.0,7.051700115203857,0.0,7.051700115203857,7.051700115203857,7.051700115203857,0.0,0
2018-05-14,6.192450523376465,0.0,7.058300018310547,0.0,7.058300018310547,7.058300018310547,7.058300018310547,0.0,0
2018-05-15,6.150075912475586,0.0,7.010000228881836,0.0,7.010000228881836,7.010000228881836,7.010000228881836,0.0,0
2018-05-16,6.176394939422607,0.0,7.039999961853027,0.0,7.039999961853027,7.039999961853027,7.039999961853027,0.0,0
2018-05-17,6.173499584197998,0.0,7.0366997718811035,0.0,7.0366997718811035,7.0366997718811035,7.0366997718811035,0.0,0
2018-05-18,6.1573567390441895,0.0,7.0183000564575195,0.0,7.0183000564575195,7.0183000564575195,7.0183000564575195,0.0,0
2018-05-21,6.202714920043945,0.0,7.070000171661377,0.0,7.070000171661377,7.070000171661377,7.070000171661377,0.0,0
2018-05-22,6.183676719665527,0.0,7.048299789428711,0.0,7.048299789428711,7.048299789428711,7.048299789428711,0.0,0
2018-05-23,6.204206943511963,0.0,7.071700096130371,0.0,7.071700096130371,7.071700096130371,7.071700096130371,0.0,0
2018-05-24,6.191046714782715,0.0,7.056700229644775,0.0,7.056700229644775,7.056700229644775,7.056700229644775,0.0,0
2018-05-25,6.177886486053467,0.0,7.0416998863220215,0.0,7.0416998863220215,7.0416998863220215,7.0416998863220215,0.0,0
2018-05-29,6.106208801269531,0.0,6.960000038146973,0.0,6.960000038146973,6.960000038146973,6.960000038146973,0.0,0
2018-05-30,6.185168266296387,0.0,7.050000190734863,0.0,7.050000190734863,7.050000190734863,7.050000190734863,0.0,0
2018-05-31,6.144197463989258,0.0,7.003300189971924,0.0,7.003300189971924,7.003300189971924,7.003300189971924,0.0,0
2018-06-01,6.211488246917725,0.0,7.079999923706055,0.0,7.079999923706055,7.079999923706055,7.079999923706055,0.0,0
2018-06-04,6.239299774169922,0.0,7.111700057983398,0.0,7.111700057983398,7.111700057983398,7.111700057983398,0.0,0
2018-06-05,6.243686676025391,0.0,7.116700172424316,0.0,7.116700172424316,7.116700172424316,7.116700172424316,0.0,0
2018-06-06,6.2977294921875,0.0,7.178299903869629,0.0,7.178299903869629,7.178299903869629,7.178299903869629,0.0,0
2018-06-07,6.293342113494873,0.0,7.173299789428711,0.0,7.173299789428711,7.173299789428711,7.173299789428711,0.0,0
2018-06-08,6.313872814178467,0.0,7.196700096130371,0.0,7.196700096130371,7.196700096130371,7.196700096130371,0.0,0
2018-06-11,6.321154594421387,0.0,7.204999923706055,0.0,7.204999923706055,7.204999923706055,7.204999923706055,0.0,0
2018-06-12,6.331418991088867,0.0,7.216700077056885,0.0,7.216700077056885,7.216700077056885,7.216700077056885,0.0,0
2018-06-13,6.306502342224121,0.0,7.188300132751465,0.0,7.188300132751465,7.188300132751465,7.188300132751465,0.0,0
2018-06-14,6.324049472808838,0.0,7.2083001136779785,0.0,7.2083001136779785,7.2083001136779785,7.2083001136779785,0.0,0
2018-06-15,6.3182597160339355,0.0,7.201700210571289,0.0,7.201700210571289,7.201700210571289,7.201700210571289,0.0,0
2018-06-18,6.305099010467529,0.0,7.186699867248535,0.0,7.186699867248535,7.186699867248535,7.186699867248535,0.0,0
2018-06-19,6.280183792114258,0.0,7.158299922943115,0.0,7.158299922943115,7.158299922943115,7.158299922943115,0.0,0
2018-06-20,6.29044771194458,0.0,7.170000076293945,0.0,7.170000076293945,7.170000076293945,7.170000076293945,0.0,0
2018-06-21,6.250967502593994,0.0,7.125,0.0,7.125,7.125,7.125,0.0,0
2018-06-22,6.262636184692383,0.0,7.138299942016602,0.0,7.138299942016602,7.138299942016602,7.138299942016602,0.0,0
2018-06-25,6.177886486053467,0.0,7.0416998863220215,0.0,7.0416998863220215,7.0416998863220215,7.0416998863220215,0.0,0
2018-06-26,6.191046714782715,0.0,7.056700229644775,0.0,7.056700229644775,7.056700229644775,7.056700229644775,0.0,0
2018-06-27,6.136914253234863,0.0,6.994999885559082,0.0,6.994999885559082,6.994999885559082,6.994999885559082,0.0,0
2018-06-28,6.176394939422607,0.0,7.039999961853027,0.0,7.039999961853027,7.039999961853027,7.039999961853027,0.0,0
2018-06-29,6.180781841278076,0.0,7.045000076293945,0.0,7.045000076293945,7.045000076293945,7.045000076293945,0.0,0
2018-07-02,6.199819564819336,0.0,7.066699981689453,0.0,7.066699981689453,7.066699981689453,7.066699981689453,0.0,0
2018-07-03,6.1691131591796875,0.0,7.031700134277344,0.0,7.031700134277344,7.031700134277344,7.031700134277344,0.0,0
2018-07-05,6.224648475646973,0.0,7.09499979019165,0.0,7.09499979019165,7.09499979019165,7.09499979019165,0.0,0
2018-07-06,6.27728796005249,0.0,7.15500020980835,0.0,7.15500020980835,7.15500020980835,7.15500020980835,0.0,0
2018-07-09,6.334314346313477,0.0,7.21999979019165,0.0,7.21999979019165,7.21999979019165,7.21999979019165,0.0,0
2018-07-10,6.356247425079346,0.0,7.244999885559082,0.0,7.244999885559082,7.244999885559082,7.244999885559082,0.0,0
2018-07-11,6.312380790710449,0.0,7.195000171661377,0.0,7.195000171661377,7.195000171661377,7.195000171661377,0.0,0
2018-07-12,6.367916107177734,0.0,7.258299827575684,0.0,7.258299827575684,7.258299827575684,7.258299827575684,0.0,0
2018-07-13,6.3737945556640625,0.0,7.264999866485596,0.0,7.264999866485596,7.264999866485596,7.264999866485596,0.0,0
2018-07-16,6.367916107177734,0.0,7.258299827575684,0.0,7.258299827575684,7.258299827575684,7.258299827575684,0.0,0
2018-07-17,6.394235610961914,0.0,7.288300037384033,0.0,7.288300037384033,7.288300037384033,7.288300037384033,0.0,0
2018-07-18,6.407395839691162,0.0,7.303299903869629,0.0,7.303299903869629,7.303299903869629,7.303299903869629,0.0,0
2018-07-19,6.382567405700684,0.0,7.275000095367432,0.0,7.275000095367432,7.275000095367432,7.275000095367432,0.0,0
2018-07-20,6.376689434051514,0.0,7.2683000564575195,0.0,7.2683000564575195,7.2683000564575195,7.2683000564575195,0.0,0
2018-07-23,6.3884453773498535,0.0,7.281700134277344,0.0,7.281700134277344,7.281700134277344,7.281700134277344,0.0,0
2018-07-24,6.419151782989502,0.0,7.316699981689453,0.0,7.316699981689453,7.316699981689453,7.316699981689453,0.0,0
2018-07-25,6.477581977844238,0.0,7.383299827575684,0.0,7.383299827575684,7.383299827575684,7.383299827575684,0.0,0
2018-07-26,6.45863151550293,0.0,7.361700057983398,0.0,7.361700057983398,7.361700057983398,7.361700057983398,0.0,0
2018-07-27,6.416169166564941,0.0,7.313300132751465,0.0,7.313300132751465,7.313300132751465,7.313300132751465,0.0,0
2018-07-30,6.379672050476074,0.0,7.271699905395508,0.0,7.271699905395508,7.271699905395508,7.271699905395508,0.0,0
2018-07-31,6.410378932952881,0.0,7.306700229644775,0.0,7.306700229644775,7.306700229644775,7.306700229644775,0.0,0
2018-08-01,6.404500484466553,0.0,7.300000190734863,0.0,7.300000190734863,7.300000190734863,7.300000190734863,0.0,0
2018-08-02,6.436697959899902,0.0,7.336699962615967,0.0,7.336699962615967,7.336699962615967,7.336699962615967,0.0,0
2018-08-03,6.467405319213867,0.0,7.371699810028076,0.0,7.371699810028076,7.371699810028076,7.371699810028076,0.0,0
2018-08-06,6.4907426834106445,0.0,7.3983001708984375,0.0,7.3983001708984375,7.3983001708984375,7.3983001708984375,0.0,0
2018-08-07,6.509780406951904,0.0,7.420000076293945,0.0,7.420000076293945,7.420000076293945,7.420000076293945,0.0,0
2018-08-08,6.506885528564453,0.0,7.4166998863220215,0.0,7.4166998863220215,7.4166998863220215,7.4166998863220215,0.0,0
2018-08-09,6.499514579772949,0.0,7.408299922943115,0.0,7.408299922943115,7.408299922943115,7.408299922943115,0.0,0
2018-08-10,6.4556498527526855,0.0,7.35830020904541,0.0,7.35830020904541,7.35830020904541,7.35830020904541,0.0,0
2018-08-13,6.4293293952941895,0.0,7.3282999992370605,0.0,7.3282999992370605,7.3282999992370605,7.3282999992370605,0.0,0
2018-08-14,6.471792221069336,0.0,7.376699924468994,0.0,7.376699924468994,7.376699924468994,7.376699924468994,0.0,0
2018-08-15,6.423538684844971,0.0,7.321700096130371,0.0,7.321700096130371,7.321700096130371,7.321700096130371,0.0,0
2018-08-16,6.47617769241333,0.0,7.381700038909912,0.0,7.381700038909912,7.381700038909912,7.381700038909912,0.0,0
2018-08-17,6.498111248016357,0.0,7.406700134277344,0.0,7.406700134277344,7.406700134277344,7.406700134277344,0.0,0
2018-08-20,6.514166355133057,0.0,7.425000190734863,0.0,7.425000190734863,7.425000190734863,7.425000190734863,0.0,0
2018-08-21,6.527326583862305,0.0,7.440000057220459,0.0,7.440000057220459,7.440000057220459,7.440000057220459,0.0,0
2018-08-22,6.525835037231445,0.0,7.438300132751465,0.0,7.438300132751465,7.438300132751465,7.438300132751465,0.0,0
2018-08-23,6.514166355133057,0.0,7.425000190734863,0.0,7.425000190734863,7.425000190734863,7.425000190734863,0.0,0
2018-08-24,6.555138111114502,0.0,7.471700191497803,0.0,7.471700191497803,7.471700191497803,7.471700191497803,0.0,0
2018-08-27,6.606286525726318,0.0,7.53000020980835,0.0,7.53000020980835,7.53000020980835,7.53000020980835,0.0,0
2018-08-28,6.6077775955200195,0.0,7.531700134277344,0.0,7.531700134277344,7.531700134277344,7.531700134277344,0.0,0
2018-08-29,6.645765781402588,0.0,7.574999809265137,0.0,7.574999809265137,7.574999809265137,7.574999809265137,0.0,0
2018-08-30,6.617955207824707,0.0,7.543300151824951,0.0,7.543300151824951,7.543300151824951,7.543300151824951,0.0,0
2018-08-31,6.619446277618408,0.0,7.545000076293945,0.0,7.545000076293945,7.545000076293945,7.545000076293945,0.0,0
2018-09-04,6.6091814041137695,0.0,7.533299922943115,0.0,7.533299922943115,7.533299922943115,7.533299922943115,0.0,0
2018-09-05,6.590230941772461,0.0,7.51170015335083,0.0,7.51170015335083,7.51170015335083,7.51170015335083,0.0,0
2018-09-06,6.56829833984375,0.0,7.486700057983398,0.0,7.486700057983398,7.486700057983398,7.486700057983398,0.0,0
2018-09-07,6.555138111114502,0.0,7.471700191497803,0.0,7.471700191497803,7.471700191497803,7.471700191497803,0.0,0
2018-09-10,6.566806316375732,0.0,7.485000133514404,0.0,7.485000133514404,7.485000133514404,7.485000133514404,0.0,0
2018-09-11,6.591634273529053,0.0,7.513299942016602,0.0,7.513299942016602,7.513299942016602,7.513299942016602,0.0,0
2018-09-12,6.59461784362793,0.0,7.51669979095459,0.0,7.51669979095459,7.51669979095459,7.51669979095459,0.0,0
2018-09-13,6.631114959716797,0.0,7.558300018310547,0.0,7.558300018310547,7.558300018310547,7.558300018310547,0.0,0
2018-09-14,6.634097576141357,0.0,7.561699867248535,0.0,7.561699867248535,7.561699867248535,7.561699867248535,0.0,0
2018-09-17,6.597513198852539,0.0,7.519999980926514,0.0,7.519999980926514,7.519999980926514,7.519999980926514,0.0,0
2018-09-18,6.632606029510498,0.0,7.559999942779541,0.0,7.559999942779541,7.559999942779541,7.559999942779541,0.0,0
2018-09-19,6.6413798332214355,0.0,7.570000171661377,0.0,7.570000171661377,7.570000171661377,7.570000171661377,0.0,0
2018-09-20,6.6925272941589355,0.0,7.628300189971924,0.0,7.628300189971924,7.628300189971924,7.628300189971924,0.0,0
2018-09-21,6.6911234855651855,0.0,7.626699924468994,0.0,7.626699924468994,7.626699924468994,7.626699924468994,0.0,0
2018-09-24,6.667698860168457,0.0,7.599999904632568,0.0,7.599999904632568,7.599999904632568,7.599999904632568,0.0,0
2018-09-25,6.658926010131836,0.0,7.590000152587891,0.0,7.590000152587891,7.590000152587891,7.590000152587891,0.0,0
2018-09-26,6.636992454528809,0.0,7.565000057220459,0.0,7.565000057220459,7.565000057220459,7.565000057220459,0.0,0
2018-09-27,6.657434463500977,0.0,7.5883002281188965,0.0,7.5883002281188965,7.5883002281188965,7.5883002281188965,0.0,0
2018-09-28,6.657434463500977,0.0,7.5883002281188965,0.0,7.5883002281188965,7.5883002281188965,7.5883002281188965,0.0,0
2018-10-01,6.680859565734863,0.0,7.614999771118164,0.0,7.614999771118164,7.614999771118164,7.614999771118164,0.0,0
2018-10-02,6.679367542266846,0.0,7.61329984664917,0.0,7.61329984664917,7.61329984664917,7.61329984664917,0.0,0
2018-10-03,6.683754920959473,0.0,7.618299961090088,0.0,7.618299961090088,7.618299961090088,7.618299961090088,0.0,0
2018-10-04,6.631114959716797,0.0,7.558300018310547,0.0,7.558300018310547,7.558300018310547,7.558300018310547,0.0,0
2018-10-05,6.59461784362793,0.0,7.51669979095459,0.0,7.51669979095459,7.51669979095459,7.51669979095459,0.0,0
2018-10-08,6.591634273529053,0.0,7.513299942016602,0.0,7.513299942016602,7.513299942016602,7.513299942016602,0.0,0
2018-10-09,6.584353446960449,0.0,7.505000114440918,0.0,7.505000114440918,7.505000114440918,7.505000114440918,0.0,0
2018-10-10,6.367916107177734,0.0,7.258299827575684,0.0,7.258299827575684,7.258299827575684,7.258299827575684,0.0,0
2018-10-11,6.236316204071045,0.0,7.10830020904541,0.0,7.10830020904541,7.10830020904541,7.10830020904541,0.0,0
2018-10-12,6.325541019439697,0.0,7.210000038146973,0.0,7.210000038146973,7.210000038146973,7.210000038146973,0.0,0
2018-10-15,6.288957118988037,0.0,7.168300151824951,0.0,7.168300151824951,7.168300151824951,7.168300151824951,0.0,0
2018-10-16,6.423538684844971,0.0,7.321700096130371,0.0,7.321700096130371,7.321700096130371,7.321700096130371,0.0,0
2018-10-17,6.4220476150512695,0.0,7.320000171661377,0.0,7.320000171661377,7.320000171661377,7.320000171661377,0.0,0
2018-10-18,6.331418991088867,0.0,7.216700077056885,0.0,7.216700077056885,7.216700077056885,7.216700077056885,0.0,0
2018-10-19,6.328436374664307,0.0,7.2133002281188965,0.0,7.2133002281188965,7.2133002281188965,7.2133002281188965,0.0,0
2018-10-22,6.302116394042969,0.0,7.183300018310547,0.0,7.183300018310547,7.183300018310547,7.183300018310547,0.0,0
2018-10-23,6.26702356338501,0.0,7.1433000564575195,0.0,7.1433000564575195,7.1433000564575195,7.1433000564575195,0.0,0
2018-10-24,6.074010372161865,0.0,6.923299789428711,0.0,6.923299789428711,6.923299789428711,6.923299789428711,0.0,0
2018-10-25,6.186660289764404,0.0,7.051700115203857,0.0,7.051700115203857,7.051700115203857,7.051700115203857,0.0,0
2018-10-26,6.079888820648193,0.0,6.929999828338623,0.0,6.929999828338623,6.929999828338623,6.929999828338623,0.0,0
2018-10-29,6.040408611297607,0.0,6.885000228881836,0.0,6.885000228881836,6.885000228881836,6.885000228881836,0.0,0
2018-10-30,6.1354241371154785,0.0,6.993299961090088,0.0,6.993299961090088,6.993299961090088,6.993299961090088,0.0,0
2018-10-31,6.201223373413086,0.0,7.068299770355225,0.0,7.068299770355225,7.068299770355225,7.068299770355225,0.0,0
2018-11-01,6.26702356338501,0.0,7.1433000564575195,0.0,7.1433000564575195,7.1433000564575195,7.1433000564575195,0.0,0
2018-11-02,6.227543830871582,0.0,7.098299980163574,0.0,7.098299980163574,7.098299980163574,7.098299980163574,0.0,0
2018-11-05,6.262636184692383,0.0,7.138299942016602,0.0,7.138299942016602,7.138299942016602,7.138299942016602,0.0,0
2018-11-06,6.30360746383667,0.0,7.184999942779541,0.0,7.184999942779541,7.184999942779541,7.184999942779541,0.0,0
2018-11-07,6.436697959899902,0.0,7.336699962615967,0.0,7.336699962615967,7.336699962615967,7.336699962615967,0.0,0
2018-11-08,6.423538684844971,0.0,7.321700096130371,0.0,7.321700096130371,7.321700096130371,7.321700096130371,0.0,0
2018-11-09,6.366512775421143,0.0,7.256700038909912,0.0,7.256700038909912,7.256700038909912,7.256700038909912,0.0,0
2018-11-12,6.240703582763672,0.0,7.11329984664917,0.0,7.11329984664917,7.11329984664917,7.11329984664917,0.0,0
2018-11-13,6.231930732727051,0.0,7.103300094604492,0.0,7.103300094604492,7.103300094604492,7.103300094604492,0.0,0
2018-11-14,6.185168266296387,0.0,7.050000190734863,0.0,7.050000190734863,7.050000190734863,7.050000190734863,0.0,0
2018-11-15,6.25386381149292,0.0,7.128300189971924,0.0,7.128300189971924,7.128300189971924,7.128300189971924,0.0,0
2018-11-16,6.268514633178711,0.0,7.144999980926514,0.0,7.144999980926514,7.144999980926514,7.144999980926514,0.0,0
2018-11-19,6.163234710693359,0.0,7.025000095367432,0.0,7.025000095367432,7.025000095367432,7.025000095367432,0.0,0
2018-11-20,6.052077770233154,0.0,6.8983001708984375,0.0,6.8983001708984375,6.8983001708984375,6.8983001708984375,0.0,0
2018-11-21,6.0711164474487305,0.0,6.920000076293945,0.0,6.920000076293945,6.920000076293945,6.920000076293945,0.0,0
2018-11-23,6.0316362380981445,0.0,6.875,0.0,6.875,6.875,6.875,0.0,0
2018-11-26,6.126651287078857,0.0,6.98330020904541,0.0,6.98330020904541,6.98330020904541,6.98330020904541,0.0,0
2018-11-27,6.145689010620117,0.0,7.005000114440918,0.0,7.005000114440918,7.005000114440918,7.005000114440918,0.0,0
2018-11-28,6.287552356719971,0.0,7.1666998863220215,0.0,7.1666998863220215,7.1666998863220215,7.1666998863220215,0.0,0
2018-11-29,6.275795936584473,0.0,7.153299808502197,0.0,7.153299808502197,7.153299808502197,7.153299808502197,0.0,0
2018-11-30,6.328436374664307,0.0,7.2133002281188965,0.0,7.2133002281188965,7.2133002281188965,7.2133002281188965,0.0,0
2018-12-03,6.397218704223633,0.0,7.2916998863220215,0.0,7.2916998863220215,7.2916998863220215,7.2916998863220215,0.0,0
2018-12-04,6.191046714782715,0.0,7.056700229644775,0.0,7.056700229644775,7.056700229644775,7.056700229644775,0.0,0
2018-12-06,6.182272434234619,0.0,7.0467000007629395,0.0,7.0467000007629395,7.0467000007629395,7.0467000007629395,0.0,0
2018-12-07,6.040408611297607,0.0,6.885000228881836,0.0,6.885000228881836,6.885000228881836,6.885000228881836,0.0,0
2018-12-10,6.050673961639404,0.0,6.896699905395508,0.0,6.896699905395508,6.896699905395508,6.896699905395508,0.0,0
2018-12-11,6.049181938171387,0.0,6.894999980926514,0.0,6.894999980926514,6.894999980926514,6.894999980926514,0.0,0
2018-12-12,6.0813798904418945,0.0,6.931700229644775,0.0,6.931700229644775,6.931700229644775,6.931700229644775,0.0,0
2018-12-13,6.0813798904418945,0.0,6.931700229644775,0.0,6.931700229644775,6.931700229644775,6.931700229644775,0.0,0
2018-12-14,5.965836524963379,0.0,6.800000190734863,0.0,6.800000190734863,6.800000190734863,6.800000190734863,0.0,0
2018-12-17,5.843009948730469,0.0,6.659999847412109,0.0,6.659999847412109,6.659999847412109,6.659999847412109,0.0,0
2018-12-18,5.843009948730469,0.0,6.659999847412109,0.0,6.659999847412109,6.659999847412109,6.659999847412109,0.0,0
2018-12-19,5.753785610198975,0.0,6.558300018310547,0.0,6.558300018310547,6.558300018310547,6.558300018310547,0.0,0
2018-12-20,5.6631574630737305,0.0,6.454999923706055,0.0,6.454999923706055,6.454999923706055,6.454999923706055,0.0,0
2018-12-21,5.543468952178955,0.0,6.159999847412109,0.162,6.159999847412109,6.159999847412109,6.159999847412109,0.0,0
2018-12-24,5.393453121185303,0.0,5.993299961090088,0.0,5.993299961090088,5.993299961090088,5.993299961090088,0.0,0
2018-12-26,5.660457611083984,0.0,6.289999961853027,0.0,6.289999961853027,6.289999961853027,6.289999961853027,0.0,0
2018-12-27,5.7099528312683105,0.0,6.34499979019165,0.0,6.34499979019165,6.34499979019165,6.34499979019165,0.0,0
2018-12-28,5.703946113586426,0.0,6.329999923706055,0.008333,6.329999923706055,6.329999923706055,6.329999923706055,0.0,0
2018-12-31,5.753506183624268,0.0,6.385000228881836,0.0,6.385000228881836,6.385000228881836,6.385000228881836,0.0,0
2019-01-02,5.760985374450684,0.0,6.3933000564575195,0.0,6.3933000564575195,6.3933000564575195,6.3933000564575195,0.0,0
2019-01-03,5.619873046875,0.0,6.236700057983398,0.0,6.236700057983398,6.236700057983398,6.236700057983398,0.0,0
2019-01-04,5.812076568603516,0.0,6.449999809265137,0.0,6.449999809265137,6.449999809265137,6.449999809265137,0.0,0
2019-01-07,5.852626323699951,0.0,6.494999885559082,0.0,6.494999885559082,6.494999885559082,6.494999885559082,0.0,0
2019-01-08,5.909666061401367,0.0,6.558300018310547,0.0,6.558300018310547,6.558300018310547,6.558300018310547,0.0,0
2019-01-09,5.935257434844971,0.0,6.586699962615967,0.0,6.586699962615967,6.586699962615967,6.586699962615967,0.0,0
2019-01-10,5.9622907638549805,0.0,6.616700172424316,0.0,6.616700172424316,6.616700172424316,6.616700172424316,0.0,0
2019-01-11,5.9622907638549805,0.0,6.616700172424316,0.0,6.616700172424316,6.616700172424316,6.616700172424316,0.0,0
2019-01-14,5.930751323699951,0.0,6.581699848175049,0.0,6.581699848175049,6.581699848175049,6.581699848175049,0.0,0
2019-01-15,5.995270252227783,0.0,6.653299808502197,0.0,6.653299808502197,6.653299808502197,6.653299808502197,0.0,0
2019-01-16,6.008787631988525,0.0,6.668300151824951,0.0,6.668300151824951,6.668300151824951,6.668300151824951,0.0,0
2019-01-17,6.053841590881348,0.0,6.718299865722656,0.0,6.718299865722656,6.718299865722656,6.718299865722656,0.0,0
2019-01-18,6.1349406242370605,0.0,6.808300018310547,0.0,6.808300018310547,6.808300018310547,6.808300018310547,0.0,0
2019-01-22,6.047894477844238,0.0,6.711699962615967,0.0,6.711699962615967,6.711699962615967,6.711699962615967,0.0,0
2019-01-23,6.061410427093506,0.0,6.7266998291015625,0.0,6.7266998291015625,6.7266998291015625,6.7266998291015625,0.0,0
2019-01-24,6.068889141082764,0.0,6.735000133514404,0.0,6.735000133514404,6.735000133514404,6.735000133514404,0.0,0
2019-01-25,6.121424198150635,0.0,6.793300151824951,0.0,6.793300151824951,6.793300151824951,6.793300151824951,0.0,0
2019-01-28,6.073395252227783,0.0,6.739999771118164,0.0,6.739999771118164,6.739999771118164,6.739999771118164,0.0,0
2019-01-29,6.064384460449219,0.0,6.730000019073486,0.0,6.730000019073486,6.730000019073486,6.730000019073486,0.0,0
2019-01-30,6.158999919891357,0.0,6.835000038146973,0.0,6.835000038146973,6.835000038146973,6.835000038146973,0.0,0
2019-01-31,6.213065147399902,0.0,6.894999980926514,0.0,6.894999980926514,6.894999980926514,6.894999980926514,0.0,0
2019-02-01,6.220544338226318,0.0,6.903299808502197,0.0,6.903299808502197,6.903299808502197,6.903299808502197,0.0,0
2019-02-04,6.2626261711120605,0.0,6.949999809265137,0.0,6.949999809265137,6.949999809265137,6.949999809265137,0.0,0
2019-02-05,6.2911906242370605,0.0,6.9816999435424805,0.0,6.9816999435424805,6.9816999435424805,6.9816999435424805,0.0,0
2019-02-06,6.279116153717041,0.0,6.968299865722656,0.0,6.968299865722656,6.968299865722656,6.968299865722656,0.0,0
2019-02-07,6.220544338226318,0.0,6.903299808502197,0.0,6.903299808502197,6.903299808502197,6.903299808502197,0.0,0
2019-02-08,6.226581573486328,0.0,6.909999847412109,0.0,6.909999847412109,6.909999847412109,6.909999847412109,0.0,0
2019-02-11,6.231087684631348,0.0,6.914999961853027,0.0,6.914999961853027,6.914999961853027,6.914999961853027,0.0,0
2019-02-12,6.3121867179870605,0.0,7.005000114440918,0.0,7.005000114440918,7.005000114440918,7.005000114440918,0.0,0
2019-02-13,6.331740856170654,0.0,7.026700019836426,0.0,7.026700019836426,7.026700019836426,7.026700019836426,0.0,0
2019-02-14,6.316692352294922,0.0,7.010000228881836,0.0,7.010000228881836,7.010000228881836,7.010000228881836,0.0,0
2019-02-15,6.385806083679199,0.0,7.086699962615967,0.0,7.086699962615967,7.086699962615967,7.086699962615967,0.0,0
2019-02-19,6.396259307861328,0.0,7.098299980163574,0.0,7.098299980163574,7.098299980163574,7.098299980163574,0.0,0
2019-02-20,6.409775257110596,0.0,7.11329984664917,0.0,7.11329984664917,7.11329984664917,7.11329984664917,0.0,0
2019-02-21,6.387247562408447,0.0,7.0883002281188965,0.0,7.0883002281188965,7.0883002281188965,7.0883002281188965,0.0,0
2019-02-22,6.427797317504883,0.0,7.133299827575684,0.0,7.133299827575684,7.133299827575684,7.133299827575684,0.0,0
2019-02-25,6.4368085861206055,0.0,7.1433000564575195,0.0,7.1433000564575195,7.1433000564575195,7.1433000564575195,0.0,0
2019-02-26,6.432302474975586,0.0,7.138299942016602,0.0,7.138299942016602,7.138299942016602,7.138299942016602,0.0,0
2019-02-27,6.4293293952941895,0.0,7.135000228881836,0.0,7.135000228881836,7.135000228881836,7.135000228881836,0.0,0
2019-02-28,6.412838935852051,0.0,7.116700172424316,0.0,7.116700172424316,7.116700172424316,7.116700172424316,0.0,0
2019-03-01,6.457894325256348,0.0,7.1666998863220215,0.0,7.1666998863220215,7.1666998863220215,7.1666998863220215,0.0,0
2019-03-04,6.432302474975586,0.0,7.138299942016602,0.0,7.138299942016602,7.138299942016602,7.138299942016602,0.0,0
2019-03-05,6.426355361938477,0.0,7.131700038909912,0.0,7.131700038909912,7.131700038909912,7.131700038909912,0.0,0
2019-03-06,6.384274005889893,0.0,7.085000038146973,0.0,7.085000038146973,7.085000038146973,7.085000038146973,0.0,0
2019-03-07,6.333181858062744,0.0,7.028299808502197,0.0,7.028299808502197,7.028299808502197,7.028299808502197,0.0,0
2019-03-08,6.321197032928467,0.0,7.014999866485596,0.0,7.014999866485596,7.014999866485596,7.014999866485596,0.0,0
2019-03-11,6.412838935852051,0.0,7.116700172424316,0.0,7.116700172424316,7.116700172424316,7.116700172424316,0.0,0
2019-03-12,6.432302474975586,0.0,7.138299942016602,0.0,7.138299942016602,7.138299942016602,7.138299942016602,0.0,0
2019-03-13,6.477357387542725,0.0,7.188300132751465,0.0,7.188300132751465,7.188300132751465,7.188300132751465,0.0,0
2019-03-14,6.47438383102417,0.0,7.184999942779541,0.0,7.184999942779541,7.184999942779541,7.184999942779541,0.0,0
2019-03-15,6.5074543952941895,0.0,7.221700191497803,0.0,7.221700191497803,7.221700191497803,7.221700191497803,0.0,0
2019-03-18,6.531423091888428,0.0,7.248300075531006,0.0,7.248300075531006,7.248300075531006,7.248300075531006,0.0,0
2019-03-19,6.529980659484863,0.0,7.246699810028076,0.0,7.246699810028076,7.246699810028076,7.246699810028076,0.0,0
2019-03-20,6.511959552764893,0.0,7.2266998291015625,0.0,7.2266998291015625,7.2266998291015625,7.2266998291015625,0.0,0
2019-03-21,6.582515716552734,0.0,7.304999828338623,0.0,7.304999828338623,7.304999828338623,7.304999828338623,0.0,0
2019-03-22,6.457894325256348,0.0,7.1666998863220215,0.0,7.1666998863220215,7.1666998863220215,7.1666998863220215,0.0,0
2019-03-25,6.453387260437012,0.0,7.1616997718811035,0.0,7.1616997718811035,7.1616997718811035,7.1616997718811035,0.0,0
2019-03-26,6.499885082244873,0.0,7.2133002281188965,0.0,7.2133002281188965,7.2133002281188965,7.2133002281188965,0.0,0
2019-03-27,6.469878673553467,0.0,7.179999828338623,0.0,7.179999828338623,7.179999828338623,7.179999828338623,0.0,0
2019-03-28,6.4939374923706055,0.0,7.206699848175049,0.0,7.206699848175049,7.206699848175049,7.206699848175049,0.0,0
2019-03-29,6.5374603271484375,0.0,7.255000114440918,0.0,7.255000114440918,7.255000114440918,7.255000114440918,0.0,0
2019-04-01,6.614054203033447,0.0,7.340000152587891,0.0,7.340000152587891,7.340000152587891,7.340000152587891,0.0,0
2019-04-02,6.614054203033447,0.0,7.340000152587891,0.0,7.340000152587891,7.340000152587891,7.340000152587891,0.0,0
2019-04-03,6.627571105957031,0.0,7.355000019073486,0.0,7.355000019073486,7.355000019073486,7.355000019073486,0.0,0
2019-04-04,6.644060134887695,0.0,7.373300075531006,0.0,7.373300075531006,7.373300075531006,7.373300075531006,0.0,0
2019-04-05,6.674156665802002,0.0,7.406700134277344,0.0,7.406700134277344,7.406700134277344,7.406700134277344,0.0,0
2019-04-08,6.681635856628418,0.0,7.414999961853027,0.0,7.414999961853027,7.414999961853027,7.414999961853027,0.0,0
2019-04-09,6.642618179321289,0.0,7.371699810028076,0.0,7.371699810028076,7.371699810028076,7.371699810028076,0.0,0
2019-04-10,6.666587829589844,0.0,7.3983001708984375,0.0,7.3983001708984375,7.3983001708984375,7.3983001708984375,0.0,0
2019-04-11,6.666587829589844,0.0,7.3983001708984375,0.0,7.3983001708984375,7.3983001708984375,7.3983001708984375,0.0,0
2019-04-12,6.711642742156982,0.0,7.448299884796143,0.0,7.448299884796143,7.448299884796143,7.448299884796143,0.0,0
2019-04-15,6.707137107849121,0.0,7.443299770355225,0.0,7.443299770355225,7.443299770355225,7.443299770355225,0.0,0
2019-04-16,6.711642742156982,0.0,7.448299884796143,0.0,7.448299884796143,7.448299884796143,7.448299884796143,0.0,0
2019-04-17,6.696685314178467,0.0,7.431700229644775,0.0,7.431700229644775,7.431700229644775,7.431700229644775,0.0,0
2019-04-18,6.707137107849121,0.0,7.443299770355225,0.0,7.443299770355225,7.443299770355225,7.443299770355225,0.0,0
2019-04-22,6.7147064208984375,0.0,7.451700210571289,0.0,7.451700210571289,7.451700210571289,7.451700210571289,0.0,0
2019-04-23,6.77327823638916,0.0,7.51669979095459,0.0,7.51669979095459,7.51669979095459,7.51669979095459,0.0,0
2019-04-24,6.759760856628418,0.0,7.501699924468994,0.0,7.501699924468994,7.501699924468994,7.501699924468994,0.0,0
2019-04-25,6.756697177886963,0.0,7.498300075531006,0.0,7.498300075531006,7.498300075531006,7.498300075531006,0.0,0
2019-04-26,6.788236141204834,0.0,7.533299922943115,0.0,7.533299922943115,7.533299922943115,7.533299922943115,0.0,0
2019-04-29,6.79580545425415,0.0,7.5416998863220215,0.0,7.5416998863220215,7.5416998863220215,7.5416998863220215,0.0,0
2019-04-30,6.803284645080566,0.0,7.550000190734863,0.0,7.550000190734863,7.550000190734863,7.550000190734863,0.0,0
2019-05-01,6.752192497253418,0.0,7.493299961090088,0.0,7.493299961090088,7.493299961090088,7.493299961090088,0.0,0
2019-05-02,6.737233638763428,0.0,7.4766998291015625,0.0,7.4766998291015625,7.4766998291015625,7.4766998291015625,0.0,0
2019-05-03,6.803284645080566,0.0,7.550000190734863,0.0,7.550000190734863,7.550000190734863,7.550000190734863,0.0,0
2019-05-06,6.77327823638916,0.0,7.51669979095459,0.0,7.51669979095459,7.51669979095459,7.51669979095459,0.0,0
2019-05-07,6.662082195281982,0.0,7.3933000564575195,0.0,7.3933000564575195,7.3933000564575195,7.3933000564575195,0.0,0
2019-05-08,6.65162992477417,0.0,7.381700038909912,0.0,7.381700038909912,7.381700038909912,7.381700038909912,0.0,0
2019-05-09,6.633607387542725,0.0,7.361700057983398,0.0,7.361700057983398,7.361700057983398,7.361700057983398,0.0,0
2019-05-10,6.660640239715576,0.0,7.39169979095459,0.0,7.39169979095459,7.39169979095459,7.39169979095459,0.0,0
2019-05-13,6.499885082244873,0.0,7.2133002281188965,0.0,7.2133002281188965,7.2133002281188965,7.2133002281188965,0.0,0
2019-05-14,6.55250883102417,0.0,7.271699905395508,0.0,7.271699905395508,7.271699905395508,7.271699905395508,0.0,0
2019-05-15,6.591526508331299,0.0,7.315000057220459,0.0,7.315000057220459,7.315000057220459,7.315000057220459,0.0,0
2019-05-16,6.65307092666626,0.0,7.383299827575684,0.0,7.383299827575684,7.383299827575684,7.383299827575684,0.0,0
2019-05-17,6.614054203033447,0.0,7.340000152587891,0.0,7.340000152587891,7.340000152587891,7.340000152587891,0.0,0
2019-05-20,6.570530891418457,0.0,7.2916998863220215,0.0,7.2916998863220215,7.2916998863220215,7.2916998863220215,0.0,0
2019-05-21,6.62603759765625,0.0,7.353300094604492,0.0,7.353300094604492,7.353300094604492,7.353300094604492,0.0,0
2019-05-22,6.608016490936279,0.0,7.3333001136779785,0.0,7.3333001136779785,7.3333001136779785,7.3333001136779785,0.0,0
2019-05-23,6.529980659484863,0.0,7.246699810028076,0.0,7.246699810028076,7.246699810028076,7.246699810028076,0.0,0
2019-05-24,6.538992881774902,0.0,7.256700038909912,0.0,7.256700038909912,7.256700038909912,7.256700038909912,0.0,0
2019-05-28,6.484926700592041,0.0,7.196700096130371,0.0,7.196700096130371,7.196700096130371,7.196700096130371,0.0,0
2019-05-29,6.439871788024902,0.0,7.146699905395508,0.0,7.146699905395508,7.146699905395508,7.146699905395508,0.0,0
2019-05-30,6.454830169677734,0.0,7.163300037384033,0.0,7.163300037384033,7.163300037384033,7.163300037384033,0.0,0
2019-05-31,6.370757579803467,0.0,7.070000171661377,0.0,7.070000171661377,7.070000171661377,7.070000171661377,0.0,0
2019-06-03,6.35273551940918,0.0,7.050000190734863,0.0,7.050000190734863,7.050000190734863,7.050000190734863,0.0,0
2019-06-04,6.489432334899902,0.0,7.201700210571289,0.0,7.201700210571289,7.201700210571289,7.201700210571289,0.0,0
2019-06-05,6.5434980392456055,0.0,7.26170015335083,0.0,7.26170015335083,7.26170015335083,7.26170015335083,0.0,0
2019-06-06,6.585489273071289,0.0,7.308300018310547,0.0,7.308300018310547,7.308300018310547,7.308300018310547,0.0,0
2019-06-07,6.654603481292725,0.0,7.385000228881836,0.0,7.385000228881836,7.385000228881836,7.385000228881836,0.0,0
2019-06-10,6.6861419677734375,0.0,7.420000076293945,0.0,7.420000076293945,7.420000076293945,7.420000076293945,0.0,0
2019-06-11,6.683168411254883,0.0,7.4166998863220215,0.0,7.4166998863220215,7.4166998863220215,7.4166998863220215,0.0,0
2019-06-12,6.669652462005615,0.0,7.401700019836426,0.0,7.401700019836426,7.401700019836426,7.401700019836426,0.0,0
2019-06-13,6.6996588706970215,0.0,7.434999942779541,0.0,7.434999942779541,7.434999942779541,7.434999942779541,0.0,0
2019-06-14,6.689115047454834,0.0,7.423299789428711,0.0,7.423299789428711,7.423299789428711,7.423299789428711,0.0,0
2019-06-17,6.695152282714844,0.0,7.429999828338623,0.0,7.429999828338623,7.429999828338623,7.429999828338623,0.0,0
2019-06-18,6.761203289031982,0.0,7.503300189971924,0.0,7.503300189971924,7.503300189971924,7.503300189971924,0.0,0
2019-06-19,6.780756950378418,0.0,7.525000095367432,0.0,7.525000095367432,7.525000095367432,7.525000095367432,0.0,0
2019-06-20,6.84680700302124,0.0,7.598299980163574,0.0,7.598299980163574,7.598299980163574,7.598299980163574,0.0,0
2019-06-21,6.837796688079834,0.0,7.5883002281188965,0.0,7.5883002281188965,7.5883002281188965,7.5883002281188965,0.0,0
2019-06-24,6.82581090927124,0.0,7.574999809265137,0.0,7.574999809265137,7.574999809265137,7.574999809265137,0.0,0
2019-06-25,6.761203289031982,0.0,7.503300189971924,0.0,7.503300189971924,7.503300189971924,7.503300189971924,0.0,0
2019-06-26,6.752192497253418,0.0,7.493299961090088,0.0,7.493299961090088,7.493299961090088,7.493299961090088,0.0,0
2019-06-27,6.779224872589111,0.0,7.5233001708984375,0.0,7.5233001708984375,7.5233001708984375,7.5233001708984375,0.0,0
2019-06-28,6.818332672119141,0.0,7.566699981689453,0.0,7.566699981689453,7.566699981689453,7.566699981689453,0.0,0
2019-07-01,6.870866775512695,0.0,7.625,0.0,7.625,7.625,7.625,0.0,0
2019-07-02,6.891862392425537,0.0,7.6483001708984375,0.0,7.6483001708984375,7.6483001708984375,7.6483001708984375,0.0,0
2019-07-03,6.945928573608398,0.0,7.7083001136779785,0.0,7.7083001136779785,7.7083001136779785,7.7083001136779785,0.0,0
2019-07-05,6.933943748474121,0.0,7.695000171661377,0.0,7.695000171661377,7.695000171661377,7.695000171661377,0.0,0
2019-07-08,6.90087366104126,0.0,7.658299922943115,0.0,7.658299922943115,7.658299922943115,7.658299922943115,0.0,0
2019-07-09,6.911416530609131,0.0,7.670000076293945,0.0,7.670000076293945,7.670000076293945,7.670000076293945,0.0,0
2019-07-10,6.942955017089844,0.0,7.704999923706055,0.0,7.704999923706055,7.704999923706055,7.704999923706055,0.0,0
2019-07-11,6.959444522857666,0.0,7.723299980163574,0.0,7.723299980163574,7.723299980163574,7.723299980163574,0.0,0
2019-07-12,6.990982532501221,0.0,7.758299827575684,0.0,7.758299827575684,7.758299827575684,7.758299827575684,0.0,0
2019-07-15,6.992514610290527,0.0,7.760000228881836,0.0,7.760000228881836,7.760000228881836,7.760000228881836,0.0,0
2019-07-16,6.969987392425537,0.0,7.735000133514404,0.0,7.735000133514404,7.735000133514404,7.735000133514404,0.0,0
2019-07-17,6.92340087890625,0.0,7.683300018310547,0.0,7.683300018310547,7.683300018310547,7.683300018310547,0.0,0
2019-07-18,6.948991775512695,0.0,7.711699962615967,0.0,7.711699962615967,7.711699962615967,7.711699962615967,0.0,0
2019-07-19,6.9069108963012695,0.0,7.664999961853027,0.0,7.664999961853027,7.664999961853027,7.664999961853027,0.0,0
2019-07-22,6.926464557647705,0.0,7.686699867248535,0.0,7.686699867248535,7.686699867248535,7.686699867248535,0.0,0
2019-07-23,6.97449254989624,0.0,7.739999771118164,0.0,7.739999771118164,7.739999771118164,7.739999771118164,0.0,0
2019-07-24,7.00756311416626,0.0,7.776700019836426,0.0,7.776700019836426,7.776700019836426,7.776700019836426,0.0,0
2019-07-25,6.969987392425537,0.0,7.735000133514404,0.0,7.735000133514404,7.735000133514404,7.735000133514404,0.0,0
2019-07-26,7.021080017089844,0.0,7.7916998863220215,0.0,7.7916998863220215,7.7916998863220215,7.7916998863220215,0.0,0
2019-07-29,7.0105366706848145,0.0,7.78000020980835,0.0,7.78000020980835,7.78000020980835,7.78000020980835,0.0,0
2019-07-30,6.992514610290527,0.0,7.760000228881836,0.0,7.760000228881836,7.760000228881836,7.760000228881836,0.0,0
2019-07-31,6.917453289031982,0.0,7.676700115203857,0.0,7.676700115203857,7.676700115203857,7.676700115203857,0.0,0
2019-08-01,6.855818748474121,0.0,7.60830020904541,0.0,7.60830020904541,7.60830020904541,7.60830020904541,0.0,0
2019-08-02,6.806257247924805,0.0,7.553299903869629,0.0,7.553299903869629,7.553299903869629,7.553299903869629,0.0,0
2019-08-05,6.603511810302734,0.0,7.3282999992370605,0.0,7.3282999992370605,7.3282999992370605,7.3282999992370605,0.0,0
2019-08-06,6.690646648406982,0.0,7.425000190734863,0.0,7.425000190734863,7.425000190734863,7.425000190734863,0.0,0
2019-08-07,6.695152282714844,0.0,7.429999828338623,0.0,7.429999828338623,7.429999828338623,7.429999828338623,0.0,0
2019-08-08,6.822838306427002,0.0,7.571700096130371,0.0,7.571700096130371,7.571700096130371,7.571700096130371,0.0,0
2019-08-09,6.779224872589111,0.0,7.5233001708984375,0.0,7.5233001708984375,7.5233001708984375,7.5233001708984375,0.0,0
2019-08-12,6.698126792907715,0.0,7.433300018310547,0.0,7.433300018310547,7.433300018310547,7.433300018310547,0.0,0
2019-08-13,6.798778533935547,0.0,7.545000076293945,0.0,7.545000076293945,7.545000076293945,7.545000076293945,0.0,0
2019-08-14,6.6005377769470215,0.0,7.324999809265137,0.0,7.324999809265137,7.324999809265137,7.324999809265137,0.0,0
2019-08-15,6.618558883666992,0.0,7.34499979019165,0.0,7.34499979019165,7.34499979019165,7.34499979019165,0.0,0
2019-08-16,6.7147064208984375,0.0,7.451700210571289,0.0,7.451700210571289,7.451700210571289,7.451700210571289,0.0,0
2019-08-19,6.797247409820557,0.0,7.543300151824951,0.0,7.543300151824951,7.543300151824951,7.543300151824951,0.0,0
2019-08-20,6.743181228637695,0.0,7.48330020904541,0.0,7.48330020904541,7.48330020904541,7.48330020904541,0.0,0
2019-08-21,6.798778533935547,0.0,7.545000076293945,0.0,7.545000076293945,7.545000076293945,7.545000076293945,0.0,0
2019-08-22,6.79580545425415,0.0,7.5416998863220215,0.0,7.5416998863220215,7.5416998863220215,7.5416998863220215,0.0,0
2019-08-23,6.620091438293457,0.0,7.346700191497803,0.0,7.346700191497803,7.346700191497803,7.346700191497803,0.0,0
2019-08-26,6.693620681762695,0.0,7.428299903869629,0.0,7.428299903869629,7.428299903869629,7.428299903869629,0.0,0
2019-08-27,6.671092987060547,0.0,7.403299808502197,0.0,7.403299808502197,7.403299808502197,7.403299808502197,0.0,0
2019-08-28,6.716148376464844,0.0,7.4532999992370605,0.0,7.4532999992370605,7.4532999992370605,7.4532999992370605,0.0,0
2019-08-29,6.801752090454102,0.0,7.548299789428711,0.0,7.548299789428711,7.548299789428711,7.548299789428711,0.0,0
2019-08-30,6.807790279388428,0.0,7.554999828338623,0.0,7.554999828338623,7.554999828338623,7.554999828338623,0.0,0
2019-09-03,6.761203289031982,0.0,7.503300189971924,0.0,7.503300189971924,7.503300189971924,7.503300189971924,0.0,0
2019-09-04,6.834822654724121,0.0,7.585000038146973,0.0,7.585000038146973,7.585000038146973,7.585000038146973,0.0,0
2019-09-05,6.924932956695557,0.0,7.684999942779541,0.0,7.684999942779541,7.684999942779541,7.684999942779541,0.0,0
2019-09-06,6.932411193847656,0.0,7.693299770355225,0.0,7.693299770355225,7.693299770355225,7.693299770355225,0.0,0
2019-09-09,6.932411193847656,0.0,7.693299770355225,0.0,7.693299770355225,7.693299770355225,7.693299770355225,0.0,0
2019-09-10,6.933943748474121,0.0,7.695000171661377,0.0,7.695000171661377,7.695000171661377,7.695000171661377,0.0,0
2019-09-11,6.985035419464111,0.0,7.751699924468994,0.0,7.751699924468994,7.751699924468994,7.751699924468994,0.0,0
2019-09-12,7.006030559539795,0.0,7.775000095367432,0.0,7.775000095367432,7.775000095367432,7.775000095367432,0.0,0
2019-09-13,7.003057956695557,0.0,7.771699905395508,0.0,7.771699905395508,7.771699905395508,7.771699905395508,0.0,0
2019-09-16,6.980530261993408,0.0,7.746699810028076,0.0,7.746699810028076,7.746699810028076,7.746699810028076,0.0,0
2019-09-17,6.998551368713379,0.0,7.76669979095459,0.0,7.76669979095459,7.76669979095459,7.76669979095459,0.0,0
2019-09-18,7.001526355743408,0.0,7.769999980926514,0.0,7.769999980926514,7.769999980926514,7.769999980926514,0.0,0
2019-09-19,7.001526355743408,0.0,7.769999980926514,0.0,7.769999980926514,7.769999980926514,7.769999980926514,0.0,0
2019-09-20,6.968455791473389,0.0,7.73330020904541,0.0,7.73330020904541,7.73330020904541,7.73330020904541,0.0,0
2019-09-23,6.967014312744141,0.0,7.7316999435424805,0.0,7.7316999435424805,7.7316999435424805,7.7316999435424805,0.0,0
2019-09-24,6.909883975982666,0.0,7.668300151824951,0.0,7.668300151824951,7.668300151824951,7.668300151824951,0.0,0
2019-09-25,6.95196533203125,0.0,7.715000152587891,0.0,7.715000152587891,7.715000152587891,7.715000152587891,0.0,0
2019-09-26,6.9354753494262695,0.0,7.696700096130371,0.0,7.696700096130371,7.696700096130371,7.696700096130371,0.0,0
2019-09-27,6.8994317054748535,0.0,7.656700134277344,0.0,7.656700134277344,7.656700134277344,7.656700134277344,0.0,0
2019-09-30,6.933943748474121,0.0,7.695000171661377,0.0,7.695000171661377,7.695000171661377,7.695000171661377,0.0,0
2019-10-01,6.849870681762695,0.0,7.6016998291015625,0.0,7.6016998291015625,7.6016998291015625,7.6016998291015625,0.0,0
2019-10-02,6.726691246032715,0.0,7.465000152587891,0.0,7.465000152587891,7.465000152587891,7.465000152587891,0.0,0
2019-10-03,6.782289028167725,0.0,7.526700019836426,0.0,7.526700019836426,7.526700019836426,7.526700019836426,0.0,0
2019-10-04,6.878345966339111,0.0,7.633299827575684,0.0,7.633299827575684,7.633299827575684,7.633299827575684,0.0,0
2019-10-07,6.848339080810547,0.0,7.599999904632568,0.0,7.599999904632568,7.599999904632568,7.599999904632568,0.0,0
2019-10-08,6.741739749908447,0.0,7.4816999435424805,0.0,7.4816999435424805,7.4816999435424805,7.4816999435424805,0.0,0
2019-10-09,6.804815292358398,0.0,7.551700115203857,0.0,7.551700115203857,7.551700115203857,7.551700115203857,0.0,0
2019-10-10,6.849870681762695,0.0,7.6016998291015625,0.0,7.6016998291015625,7.6016998291015625,7.6016998291015625,0.0,0
2019-10-11,6.924932956695557,0.0,7.684999942779541,0.0,7.684999942779541,7.684999942779541,7.684999942779541,0.0,0
2019-10-14,6.914389133453369,0.0,7.673299789428711,0.0,7.673299789428711,7.673299789428711,7.673299789428711,0.0,0
2019-10-15,6.983503818511963,0.0,7.75,0.0,7.75,7.75,7.75,0.0,0
2019-10-16,6.969987392425537,0.0,7.735000133514404,0.0,7.735000133514404,7.735000133514404,7.735000133514404,0.0,0
2019-10-17,6.989541053771973,0.0,7.756700038909912,0.0,7.756700038909912,7.756700038909912,7.756700038909912,0.0,0
2019-10-18,6.962507724761963,0.0,7.7266998291015625,0.0,7.7266998291015625,7.7266998291015625,7.7266998291015625,0.0,0
2019-10-21,7.0105366706848145,0.0,7.78000020980835,0.0,7.78000020980835,7.78000020980835,7.78000020980835,0.0,0
2019-10-22,6.986477851867676,0.0,7.753300189971924,0.0,7.753300189971924,7.753300189971924,7.753300189971924,0.0,0
2019-10-23,7.006030559539795,0.0,7.775000095367432,0.0,7.775000095367432,7.775000095367432,7.775000095367432,0.0,0
2019-10-24,7.019547462463379,0.0,7.789999961853027,0.0,7.789999961853027,7.789999961853027,7.789999961853027,0.0,0
2019-10-25,7.048112392425537,0.0,7.821700096130371,0.0,7.821700096130371,7.821700096130371,7.821700096130371,0.0,0
2019-10-28,7.087129592895508,0.0,7.864999771118164,0.0,7.864999771118164,7.864999771118164,7.864999771118164,0.0,0
2019-10-29,7.085597991943359,0.0,7.86329984664917,0.0,7.86329984664917,7.86329984664917,7.86329984664917,0.0,0
2019-10-30,7.105152130126953,0.0,7.885000228881836,0.0,7.885000228881836,7.885000228881836,7.885000228881836,0.0,0
2019-10-31,7.084156513214111,0.0,7.861700057983398,0.0,7.861700057983398,7.861700057983398,7.861700057983398,0.0,0
2019-11-01,7.1531805992126465,0.0,7.938300132751465,0.0,7.938300132751465,7.938300132751465,7.938300132751465,0.0,0
2019-11-04,7.180213451385498,0.0,7.968299865722656,0.0,7.968299865722656,7.968299865722656,7.968299865722656,0.0,0
2019-11-05,7.171202182769775,0.0,7.9583001136779785,0.0,7.9583001136779785,7.9583001136779785,7.9583001136779785,0.0,0
2019-11-06,7.177239894866943,0.0,7.965000152587891,0.0,7.965000152587891,7.965000152587891,7.965000152587891,0.0,0
2019-11-07,7.199767112731934,0.0,7.989999771118164,0.0,7.989999771118164,7.989999771118164,7.989999771118164,0.0,0
2019-11-08,7.219320297241211,0.0,8.011699676513672,0.0,8.011699676513672,8.011699676513672,8.011699676513672,0.0,0
2019-11-11,7.205804347991943,0.0,7.996699810028076,0.0,7.996699810028076,7.996699810028076,7.996699810028076,0.0,0
2019-11-12,7.2177886962890625,0.0,8.010000228881836,0.0,8.010000228881836,8.010000228881836,8.010000228881836,0.0,0
2019-11-13,7.22229528427124,0.0,8.015000343322754,0.0,8.015000343322754,8.015000343322754,8.015000343322754,0.0,0
2019-11-14,7.231305122375488,0.0,8.024999618530273,0.0,8.024999618530273,8.024999618530273,8.024999618530273,0.0,0
2019-11-15,7.286903381347656,0.0,8.086700439453125,0.0,8.086700439453125,8.086700439453125,8.086700439453125,0.0,0
2019-11-18,7.291408538818359,0.0,8.091699600219727,0.0,8.091699600219727,8.091699600219727,8.091699600219727,0.0,0
2019-11-19,7.286903381347656,0.0,8.086700439453125,0.0,8.086700439453125,8.086700439453125,8.086700439453125,0.0,0
2019-11-20,7.261312007904053,0.0,8.058300018310547,0.0,8.058300018310547,8.058300018310547,8.058300018310547,0.0,0
2019-11-21,7.250859260559082,0.0,8.046699523925781,0.0,8.046699523925781,8.046699523925781,8.046699523925781,0.0,0
2019-11-22,7.265817165374756,0.0,8.063300132751465,0.0,8.063300132751465,8.063300132751465,8.063300132751465,0.0,0
2019-11-25,7.321414947509766,0.0,8.125,0.0,8.125,8.125,8.125,0.0,0
2019-11-26,7.337905406951904,0.0,8.14330005645752,0.0,8.14330005645752,8.14330005645752,8.14330005645752,0.0,0
2019-11-27,7.369443416595459,0.0,8.178299903869629,0.0,8.178299903869629,8.178299903869629,8.178299903869629,0.0,0
2019-11-29,7.340969085693359,0.0,8.146699905395508,0.0,8.146699905395508,8.146699905395508,8.146699905395508,0.0,0
2019-12-02,7.277892589569092,0.0,8.076700210571289,0.0,8.076700210571289,8.076700210571289,8.076700210571289,0.0,0
2019-12-03,7.229774475097656,0.0,8.023300170898438,0.0,8.023300170898438,8.023300170898438,8.023300170898438,0.0,0
2019-12-04,7.276360511779785,0.0,8.074999809265137,0.0,8.074999809265137,8.074999809265137,8.074999809265137,0.0,0
2019-12-05,7.289876937866211,0.0,8.09000015258789,0.0,8.09000015258789,8.09000015258789,8.09000015258789,0.0,0
2019-12-06,7.355926513671875,0.0,8.163299560546875,0.0,8.163299560546875,8.163299560546875,8.163299560546875,0.0,0
2019-12-09,7.333400249481201,0.0,8.138299942016602,0.0,8.138299942016602,8.138299942016602,8.138299942016602,0.0,0
2019-12-10,7.325921058654785,0.0,8.130000114440918,0.0,8.130000114440918,8.130000114440918,8.130000114440918,0.0,0
2019-12-11,7.346916675567627,0.0,8.153300285339355,0.0,8.153300285339355,8.153300285339355,8.153300285339355,0.0,0
2019-12-12,7.411525249481201,0.0,8.225000381469727,0.0,8.225000381469727,8.225000381469727,8.225000381469727,0.0,0
2019-12-13,7.41305685043335,0.0,8.226699829101562,0.0,8.226699829101562,8.226699829101562,8.226699829101562,0.0,0
2019-12-16,7.4671220779418945,0.0,8.286700248718262,0.0,8.286700248718262,8.286700248718262,8.286700248718262,0.0,0
2019-12-17,7.468564033508301,0.0,8.288299560546875,0.0,8.288299560546875,8.288299560546875,8.288299560546875,0.0,0
2019-12-18,7.4671220779418945,0.0,8.286700248718262,0.0,8.286700248718262,8.286700248718262,8.286700248718262,0.0,0
2019-12-19,7.500102996826172,0.0,8.3233003616333,0.0,8.3233003616333,8.3233003616333,8.3233003616333,0.0,0
2019-12-20,7.538722991943359,0.0,8.204999923706055,0.160333,8.204999923706055,8.204999923706055,8.204999923706055,0.0,0
2019-12-23,7.54487943649292,0.0,8.211700439453125,0.0,8.211700439453125,8.211700439453125,8.211700439453125,0.0,0
2019-12-24,7.54487943649292,0.0,8.211700439453125,0.0,8.211700439453125,8.211700439453125,8.211700439453125,0.0,0
2019-12-26,7.583099842071533,0.0,8.253299713134766,0.0,8.253299713134766,8.253299713134766,8.253299713134766,0.0,0
2019-12-27,7.583099842071533,0.0,8.253299713134766,0.0,8.253299713134766,8.253299713134766,8.253299713134766,0.0,0
2019-12-30,7.541754245758057,0.0,8.20829963684082,0.0,8.20829963684082,8.20829963684082,8.20829963684082,0.0,0
2019-12-31,7.5632548332214355,0.0,8.23169994354248,0.0,8.23169994354248,8.23169994354248,8.23169994354248,0.0,0
2020-01-02,7.627570629119873,0.0,8.3016996383667,0.0,8.3016996383667,8.3016996383667,8.3016996383667,0.0,0
2020-01-03,7.575474739074707,0.0,8.244999885559082,0.0,8.244999885559082,8.244999885559082,8.244999885559082,0.0,0
2020-01-06,7.601476192474365,0.0,8.273300170898438,0.0,8.273300170898438,8.273300170898438,8.273300170898438,0.0,0
2020-01-07,7.581629753112793,0.0,8.251700401306152,0.0,8.251700401306152,8.251700401306152,8.251700401306152,0.0,0
2020-01-08,7.618381977081299,0.0,8.29170036315918,0.0,8.29170036315918,8.29170036315918,8.29170036315918,0.0,0
2020-01-09,7.671948432922363,0.0,8.350000381469727,0.0,8.350000381469727,8.350000381469727,8.350000381469727,0.0,0
2020-01-10,7.648977756500244,0.0,8.324999809265137,0.0,8.324999809265137,8.324999809265137,8.324999809265137,0.0,0
2020-01-13,7.702544689178467,0.0,8.383299827575684,0.0,8.383299827575684,8.383299827575684,8.383299827575684,0.0,0
2020-01-14,7.691885948181152,0.0,8.371700286865234,0.0,8.371700286865234,8.371700286865234,8.371700286865234,0.0,0
2020-01-15,7.707138538360596,0.0,8.388299942016602,0.0,8.388299942016602,8.388299942016602,8.388299942016602,0.0,0
2020-01-16,7.771454334259033,0.0,8.45829963684082,0.0,8.45829963684082,8.45829963684082,8.45829963684082,0.0,0
2020-01-17,7.800580024719238,0.0,8.489999771118164,0.0,8.489999771118164,8.489999771118164,8.489999771118164,0.0,0
2020-01-21,7.780640602111816,0.0,8.468299865722656,0.0,8.468299865722656,8.468299865722656,8.468299865722656,0.0,0
2020-01-22,7.7837653160095215,0.0,8.471699714660645,0.0,8.471699714660645,8.471699714660645,8.471699714660645,0.0,0
2020-01-23,7.792953014373779,0.0,8.48169994354248,0.0,8.48169994354248,8.48169994354248,8.48169994354248,0.0,0
2020-01-24,7.7224812507629395,0.0,8.404999732971191,0.0,8.404999732971191,8.404999732971191,8.404999732971191,0.0,0
2020-01-27,7.601476192474365,0.0,8.273300170898438,0.0,8.273300170898438,8.273300170898438,8.273300170898438,0.0,0
2020-01-28,7.678104400634766,0.0,8.35669994354248,0.0,8.35669994354248,8.35669994354248,8.35669994354248,0.0,0
2020-01-29,7.67038631439209,0.0,8.348299980163574,0.0,8.348299980163574,8.348299980163574,8.348299980163574,0.0,0
2020-01-30,7.6964802742004395,0.0,8.376700401306152,0.0,8.376700401306152,8.376700401306152,8.376700401306152,0.0,0
2020-01-31,7.560130596160889,0.0,8.228300094604492,0.0,8.228300094604492,8.228300094604492,8.228300094604492,0.0,0
2020-02-03,7.61525821685791,0.0,8.288299560546875,0.0,8.288299560546875,8.288299560546875,8.288299560546875,0.0,0
2020-02-04,7.73010778427124,0.0,8.413299560546875,0.0,8.413299560546875,8.413299560546875,8.413299560546875,0.0,0
2020-02-05,7.817392826080322,0.0,8.508299827575684,0.0,8.508299827575684,8.508299827575684,8.508299827575684,0.0,0
2020-02-06,7.843487739562988,0.0,8.536700248718262,0.0,8.536700248718262,8.536700248718262,8.536700248718262,0.0,0
2020-02-07,7.803611755371094,0.0,8.493300437927246,0.0,8.493300437927246,8.493300437927246,8.493300437927246,0.0,0
2020-02-10,7.861863613128662,0.0,8.556699752807617,0.0,8.556699752807617,8.556699752807617,8.556699752807617,0.0,0
2020-02-11,7.875643730163574,0.0,8.571700096130371,0.0,8.571700096130371,8.571700096130371,8.571700096130371,0.0,0
2020-02-12,7.9261794090271,0.0,8.626700401306152,0.0,8.626700401306152,8.626700401306152,8.626700401306152,0.0,0
2020-02-13,7.915428161621094,0.0,8.614999771118164,0.0,8.614999771118164,8.614999771118164,8.614999771118164,0.0,0
2020-02-14,7.932243347167969,0.0,8.633299827575684,0.0,8.633299827575684,8.633299827575684,8.633299827575684,0.0,0
2020-02-18,7.90927267074585,0.0,8.60830020904541,0.0,8.60830020904541,8.60830020904541,8.60830020904541,0.0,0
2020-02-19,7.947586536407471,0.0,8.649999618530273,0.0,8.649999618530273,8.649999618530273,8.649999618530273,0.0,0
2020-02-20,7.918461799621582,0.0,8.618300437927246,0.0,8.618300437927246,8.618300437927246,8.618300437927246,0.0,0
2020-02-21,7.834299087524414,0.0,8.526700019836426,0.0,8.526700019836426,8.526700019836426,8.526700019836426,0.0,0
2020-02-24,7.573913097381592,0.0,8.243300437927246,0.0,8.243300437927246,8.243300437927246,8.243300437927246,0.0,0
2020-02-25,7.344213008880615,0.0,7.993299961090088,0.0,7.993299961090088,7.993299961090088,7.993299961090088,0.0,0
2020-02-26,7.316649913787842,0.0,7.9633002281188965,0.0,7.9633002281188965,7.9633002281188965,7.9633002281188965,0.0,0
2020-02-27,6.995070457458496,0.0,7.61329984664917,0.0,7.61329984664917,7.61329984664917,7.61329984664917,0.0,0
2020-02-28,6.938472747802734,0.0,7.551700115203857,0.0,7.551700115203857,7.551700115203857,7.551700115203857,0.0,0
2020-03-02,7.256928443908691,0.0,7.8983001708984375,0.0,7.8983001708984375,7.8983001708984375,7.8983001708984375,0.0,0
2020-03-03,7.0533223152160645,0.0,7.676700115203857,0.0,7.676700115203857,7.676700115203857,7.676700115203857,0.0,0
2020-03-04,7.351932048797607,0.0,8.001700401306152,0.0,8.001700401306152,8.001700401306152,8.001700401306152,0.0,0
2020-03-05,7.103856563568115,0.0,7.7316999435424805,0.0,7.7316999435424805,7.7316999435424805,7.7316999435424805,0.0,0
2020-03-06,6.982850551605225,0.0,7.599999904632568,0.0,7.599999904632568,7.599999904632568,7.599999904632568,0.0,0
2020-03-09,6.4529805183410645,0.0,7.0233001708984375,0.0,7.0233001708984375,7.0233001708984375,7.0233001708984375,0.0,0
2020-03-10,6.7715277671813965,0.0,7.369999885559082,0.0,7.369999885559082,7.369999885559082,7.369999885559082,0.0,0
2020-03-11,6.442323684692383,0.0,7.01170015335083,0.0,7.01170015335083,7.01170015335083,7.01170015335083,0.0,0
2020-03-12,5.829761505126953,0.0,6.34499979019165,0.0,6.34499979019165,6.34499979019165,6.34499979019165,0.0,0
2020-03-13,6.373413562774658,0.0,6.936699867248535,0.0,6.936699867248535,6.936699867248535,6.936699867248535,0.0,0
2020-03-16,5.610812664031982,0.0,6.1066999435424805,0.0,6.1066999435424805,6.1066999435424805,6.1066999435424805,0.0,0
2020-03-17,5.946173667907715,0.0,6.471700191497803,0.0,6.471700191497803,6.471700191497803,6.471700191497803,0.0,0
2020-03-18,5.6383771896362305,0.0,6.13670015335083,0.0,6.13670015335083,6.13670015335083,6.13670015335083,0.0,0
2020-03-19,5.665940284729004,0.0,6.1666998863220215,0.0,6.1666998863220215,6.1666998863220215,6.1666998863220215,0.0,0
2020-03-20,5.419335842132568,0.0,5.8983001708984375,0.0,5.8983001708984375,5.8983001708984375,5.8983001708984375,0.0,0
2020-03-23,5.261669158935547,0.0,5.7266998291015625,0.0,5.7266998291015625,5.7266998291015625,5.7266998291015625,0.0,0
2020-03-24,5.756258010864258,0.0,6.264999866485596,0.0,6.264999866485596,6.264999866485596,6.264999866485596,0.0,0
2020-03-25,5.823606014251709,0.0,6.3383002281188965,0.0,6.3383002281188965,6.3383002281188965,6.3383002281188965,0.0,0
2020-03-26,6.186530590057373,0.0,6.73330020904541,0.0,6.73330020904541,6.73330020904541,6.73330020904541,0.0,0
2020-03-27,5.978331089019775,0.0,6.506700038909912,0.0,6.506700038909912,6.506700038909912,6.506700038909912,0.0,0
2020-03-30,6.1789045333862305,0.0,6.724999904632568,0.0,6.724999904632568,6.724999904632568,6.724999904632568,0.0,0
2020-03-31,6.080868244171143,0.0,6.618299961090088,0.0,6.618299961090088,6.618299961090088,6.618299961090088,0.0,0
2020-04-01,5.812947750091553,0.0,6.326700210571289,0.0,6.326700210571289,6.326700210571289,6.326700210571289,0.0,0
2020-04-02,5.946173667907715,0.0,6.471700191497803,0.0,6.471700191497803,6.471700191497803,6.471700191497803,0.0,0
2020-04-03,5.857325553894043,0.0,6.375,0.0,6.375,6.375,6.375,0.0,0
2020-04-06,6.269221305847168,0.0,6.823299884796143,0.0,6.823299884796143,6.823299884796143,6.823299884796143,0.0,0
2020-04-07,6.258563995361328,0.0,6.811699867248535,0.0,6.811699867248535,6.811699867248535,6.811699867248535,0.0,0
2020-04-08,6.474481105804443,0.0,7.0467000007629395,0.0,7.0467000007629395,7.0467000007629395,7.0467000007629395,0.0,0
2020-04-09,6.567831039428711,0.0,7.1483001708984375,0.0,7.1483001708984375,7.1483001708984375,7.1483001708984375,0.0,0
2020-04-13,6.502045154571533,0.0,7.076700210571289,0.0,7.076700210571289,7.076700210571289,7.076700210571289,0.0,0
2020-04-14,6.702618598937988,0.0,7.295000076293945,0.0,7.295000076293945,7.295000076293945,7.295000076293945,0.0,0
2020-04-15,6.554049015045166,0.0,7.133299827575684,0.0,7.133299827575684,7.133299827575684,7.133299827575684,0.0,0
2020-04-16,6.592362403869629,0.0,7.175000190734863,0.0,7.175000190734863,7.175000190734863,7.175000190734863,0.0,0
2020-04-17,6.769965648651123,0.0,7.368299961090088,0.0,7.368299961090088,7.368299961090088,7.368299961090088,0.0,0
2020-04-20,6.649052143096924,0.0,7.236700057983398,0.0,7.236700057983398,7.236700057983398,7.236700057983398,0.0,0
2020-04-21,6.44535493850708,0.0,7.014999866485596,0.0,7.014999866485596,7.014999866485596,7.014999866485596,0.0,0
2020-04-22,6.592362403869629,0.0,7.175000190734863,0.0,7.175000190734863,7.175000190734863,7.175000190734863,0.0,0
2020-04-23,6.589330673217773,0.0,7.1717000007629395,0.0,7.1717000007629395,7.1717000007629395,7.1717000007629395,0.0,0
2020-04-24,6.681210041046143,0.0,7.271699905395508,0.0,7.271699905395508,7.271699905395508,7.271699905395508,0.0,0
2020-04-27,6.780715465545654,0.0,7.380000114440918,0.0,7.380000114440918,7.380000114440918,7.380000114440918,0.0,0
2020-04-28,6.743964195251465,0.0,7.340000152587891,0.0,7.340000152587891,7.340000152587891,7.340000152587891,0.0,0
2020-04-29,6.9246907234191895,0.0,7.5366997718811035,0.0,7.5366997718811035,7.5366997718811035,7.5366997718811035,0.0,0
2020-04-30,6.860375881195068,0.0,7.466700077056885,0.0,7.466700077056885,7.466700077056885,7.466700077056885,0.0,0
2020-05-01,6.668898582458496,0.0,7.258299827575684,0.0,7.258299827575684,7.258299827575684,7.258299827575684,0.0,0
2020-05-04,6.696462631225586,0.0,7.288300037384033,0.0,7.288300037384033,7.288300037384033,7.288300037384033,0.0,0
2020-05-05,6.757745742797852,0.0,7.355000019073486,0.0,7.355000019073486,7.355000019073486,7.355000019073486,0.0,0
2020-05-06,6.7102437019348145,0.0,7.303299903869629,0.0,7.303299903869629,7.303299903869629,7.303299903869629,0.0,0
2020-05-07,6.791465759277344,0.0,7.39169979095459,0.0,7.39169979095459,7.39169979095459,7.39169979095459,0.0,0
2020-05-08,6.906315326690674,0.0,7.51669979095459,0.0,7.51669979095459,7.51669979095459,7.51669979095459,0.0,0
2020-05-11,6.907785415649414,0.0,7.5183000564575195,0.0,7.5183000564575195,7.5183000564575195,7.5183000564575195,0.0,0
2020-05-12,6.766933917999268,0.0,7.364999771118164,0.0,7.364999771118164,7.364999771118164,7.364999771118164,0.0,0
2020-05-13,6.649052143096924,0.0,7.236700057983398,0.0,7.236700057983398,7.236700057983398,7.236700057983398,0.0,0
2020-05-14,6.727149963378906,0.0,7.321700096130371,0.0,7.321700096130371,7.321700096130371,7.321700096130371,0.0,0
2020-05-15,6.754713535308838,0.0,7.3516998291015625,0.0,7.3516998291015625,7.3516998291015625,7.3516998291015625,0.0,0
2020-05-18,6.9675068855285645,0.0,7.5833001136779785,0.0,7.5833001136779785,7.5833001136779785,7.5833001136779785,0.0,0
2020-05-19,6.895565986633301,0.0,7.505000114440918,0.0,7.505000114440918,7.505000114440918,7.505000114440918,0.0,0
2020-05-20,7.011977195739746,0.0,7.631700038909912,0.0,7.631700038909912,7.631700038909912,7.631700038909912,0.0,0
2020-05-21,6.958318710327148,0.0,7.573299884796143,0.0,7.573299884796143,7.573299884796143,7.573299884796143,0.0,0
2020-05-22,6.975224494934082,0.0,7.591700077056885,0.0,7.591700077056885,7.591700077056885,7.591700077056885,0.0,0
2020-05-26,7.060948848724365,0.0,7.684999942779541,0.0,7.684999942779541,7.684999942779541,7.684999942779541,0.0,0
2020-05-27,7.1666107177734375,0.0,7.800000190734863,0.0,7.800000190734863,7.800000190734863,7.800000190734863,0.0,0
2020-05-28,7.151266574859619,0.0,7.783299922943115,0.0,7.783299922943115,7.783299922943115,7.783299922943115,0.0,0
2020-05-29,7.186547756195068,0.0,7.821700096130371,0.0,7.821700096130371,7.821700096130371,7.821700096130371,0.0,0
2020-06-01,7.214111328125,0.0,7.8516998291015625,0.0,7.8516998291015625,7.8516998291015625,7.8516998291015625,0.0,0
2020-06-02,7.273833751678467,0.0,7.9166998863220215,0.0,7.9166998863220215,7.9166998863220215,7.9166998863220215,0.0,0
2020-06-03,7.3733391761779785,0.0,8.024999618530273,0.0,8.024999618530273,8.024999618530273,8.024999618530273,0.0,0
2020-06-04,7.350369453430176,0.0,8.0,0.0,8.0,8.0,8.0,0.0,0
2020-06-05,7.543316841125488,0.0,8.210000038146973,0.0,8.210000038146973,8.210000038146973,8.210000038146973,0.0,0
2020-06-08,7.635196208953857,0.0,8.3100004196167,0.0,8.3100004196167,8.3100004196167,8.3100004196167,0.0,0
2020-06-09,7.575474739074707,0.0,8.244999885559082,0.0,8.244999885559082,8.244999885559082,8.244999885559082,0.0,0
2020-06-10,7.535690784454346,0.0,8.201700210571289,0.0,8.201700210571289,8.201700210571289,8.201700210571289,0.0,0
2020-06-11,7.0915446281433105,0.0,7.718299865722656,0.0,7.718299865722656,7.718299865722656,7.718299865722656,0.0,0
2020-06-12,7.186547756195068,0.0,7.821700096130371,0.0,7.821700096130371,7.821700096130371,7.821700096130371,0.0,0
2020-06-15,7.246269702911377,0.0,7.88670015335083,0.0,7.88670015335083,7.88670015335083,7.88670015335083,0.0,0
2020-06-16,7.38408899307251,0.0,8.036700248718262,0.0,8.036700248718262,8.036700248718262,8.036700248718262,0.0,0
2020-06-17,7.35799503326416,0.0,8.008299827575684,0.0,8.008299827575684,8.008299827575684,8.008299827575684,0.0,0
2020-06-18,7.362589359283447,0.0,8.013299942016602,0.0,8.013299942016602,8.013299942016602,8.013299942016602,0.0,0
2020-06-19,7.3212432861328125,0.0,7.968299865722656,0.0,7.968299865722656,7.968299865722656,7.968299865722656,0.0,0
2020-06-22,7.370307445526123,0.0,8.021699905395508,0.0,8.021699905395508,8.021699905395508,8.021699905395508,0.0,0
2020-06-23,7.400903224945068,0.0,8.055000305175781,0.0,8.055000305175781,8.055000305175781,8.055000305175781,0.0,0
2020-06-24,7.209518909454346,0.0,7.846700191497803,0.0,7.846700191497803,7.846700191497803,7.846700191497803,0.0,0
2020-06-25,7.289085865020752,0.0,7.933300018310547,0.0,7.933300018310547,7.933300018310547,7.933300018310547,0.0,0
2020-06-26,7.113044738769531,0.0,7.741700172424316,0.0,7.741700172424316,7.741700172424316,7.741700172424316,0.0,0
2020-06-29,7.218706130981445,0.0,7.8566999435424805,0.0,7.8566999435424805,7.8566999435424805,7.8566999435424805,0.0,0
2020-06-30,7.33043098449707,0.0,7.978300094604492,0.0,7.978300094604492,7.978300094604492,7.978300094604492,0.0,0
2020-07-01,7.367183685302734,0.0,8.01830005645752,0.0,8.01830005645752,8.01830005645752,8.01830005645752,0.0,0
2020-07-02,7.402465343475342,0.0,8.056699752807617,0.0,8.056699752807617,8.056699752807617,8.056699752807617,0.0,0
2020-07-06,7.5203471183776855,0.0,8.1850004196167,0.0,8.1850004196167,8.1850004196167,8.1850004196167,0.0,0
2020-07-07,7.4392170906066895,0.0,8.096699714660645,0.0,8.096699714660645,8.096699714660645,8.096699714660645,0.0,0
2020-07-08,7.497377395629883,0.0,8.15999984741211,0.0,8.15999984741211,8.15999984741211,8.15999984741211,0.0,0
2020-07-09,7.4575934410095215,0.0,8.116700172424316,0.0,8.116700172424316,8.116700172424316,8.116700172424316,0.0,0
2020-07-10,7.535690784454346,0.0,8.201700210571289,0.0,8.201700210571289,8.201700210571289,8.201700210571289,0.0,0
2020-07-13,7.465218544006348,0.0,8.125,0.0,8.125,8.125,8.125,0.0,0
2020-07-14,7.566286087036133,0.0,8.234999656677246,0.0,8.234999656677246,8.234999656677246,8.234999656677246,0.0,0
2020-07-15,7.635196208953857,0.0,8.3100004196167,0.0,8.3100004196167,8.3100004196167,8.3100004196167,0.0,0
2020-07-16,7.609195232391357,0.0,8.281700134277344,0.0,8.281700134277344,8.281700134277344,8.281700134277344,0.0,0
2020-07-17,7.6306023597717285,0.0,8.305000305175781,0.0,8.305000305175781,8.305000305175781,8.305000305175781,0.0,0
2020-07-20,7.694918632507324,0.0,8.375,0.0,8.375,8.375,8.375,0.0,0
2020-07-21,7.707138538360596,0.0,8.388299942016602,0.0,8.388299942016602,8.388299942016602,8.388299942016602,0.0,0
2020-07-22,7.753077507019043,0.0,8.438300132751465,0.0,8.438300132751465,8.438300132751465,8.438300132751465,0.0,0
2020-07-23,7.658165454864502,0.0,8.335000038146973,0.0,8.335000038146973,8.335000038146973,8.335000038146973,0.0,0
2020-07-24,7.610665321350098,0.0,8.283300399780273,0.0,8.283300399780273,8.283300399780273,8.283300399780273,0.0,0
2020-07-27,7.665791988372803,0.0,8.343299865722656,0.0,8.343299865722656,8.343299865722656,8.343299865722656,0.0,0
2020-07-28,7.616820335388184,0.0,8.289999961853027,0.0,8.289999961853027,8.289999961853027,8.289999961853027,0.0,0
2020-07-29,7.711731910705566,0.0,8.39330005645752,0.0,8.39330005645752,8.39330005645752,8.39330005645752,0.0,0
2020-07-30,7.684167861938477,0.0,8.363300323486328,0.0,8.363300323486328,8.363300323486328,8.363300323486328,0.0,0
2020-07-31,7.7438883781433105,0.0,8.428299903869629,0.0,8.428299903869629,8.428299903869629,8.428299903869629,0.0,0
2020-08-03,7.799018383026123,0.0,8.488300323486328,0.0,8.488300323486328,8.488300323486328,8.488300323486328,0.0,0
2020-08-04,7.828144073486328,0.0,8.520000457763672,0.0,8.520000457763672,8.520000457763672,8.520000457763672,0.0,0
2020-08-05,7.877115726470947,0.0,8.5733003616333,0.0,8.5733003616333,8.5733003616333,8.5733003616333,0.0,0
2020-08-06,7.929211139678955,0.0,8.630000114440918,0.0,8.630000114440918,8.630000114440918,8.630000114440918,0.0,0
2020-08-07,7.935366630554199,0.0,8.636699676513672,0.0,8.636699676513672,8.636699676513672,8.636699676513672,0.0,0
2020-08-10,7.958335876464844,0.0,8.661700248718262,0.0,8.661700248718262,8.661700248718262,8.661700248718262,0.0,0
2020-08-11,7.8940205574035645,0.0,8.591699600219727,0.0,8.591699600219727,8.591699600219727,8.591699600219727,0.0,0
2020-08-12,8.005744934082031,0.0,8.713299751281738,0.0,8.713299751281738,8.713299751281738,8.713299751281738,0.0,0
2020-08-13,7.991964340209961,0.0,8.6983003616333,0.0,8.6983003616333,8.6983003616333,8.6983003616333,0.0,0
2020-08-14,7.990494728088379,0.0,8.696700096130371,0.0,8.696700096130371,8.696700096130371,8.696700096130371,0.0,0
2020-08-17,8.013463020324707,0.0,8.721699714660645,0.0,8.721699714660645,8.721699714660645,8.721699714660645,0.0,0
2020-08-18,8.031840324401855,0.0,8.741700172424316,0.0,8.741700172424316,8.741700172424316,8.741700172424316,0.0,0
2020-08-19,7.9981207847595215,0.0,8.704999923706055,0.0,8.704999923706055,8.704999923706055,8.704999923706055,0.0,0
2020-08-20,8.024123191833496,0.0,8.73330020904541,0.0,8.73330020904541,8.73330020904541,8.73330020904541,0.0,0
2020-08-21,8.05168628692627,0.0,8.763299942016602,0.0,8.763299942016602,8.763299942016602,8.763299942016602,0.0,0
2020-08-24,8.134379386901855,0.0,8.853300094604492,0.0,8.853300094604492,8.853300094604492,8.853300094604492,0.0,0
2020-08-25,8.163503646850586,0.0,8.885000228881836,0.0,8.885000228881836,8.885000228881836,8.885000228881836,0.0,0
2020-08-26,8.246195793151855,0.0,8.975000381469727,0.0,8.975000381469727,8.975000381469727,8.975000381469727,0.0,0
2020-08-27,8.261539459228516,0.0,8.991700172424316,0.0,8.991700172424316,8.991700172424316,8.991700172424316,0.0,0
2020-08-28,8.316666603088379,0.0,9.0516996383667,0.0,9.0516996383667,9.0516996383667,9.0516996383667,0.0,0
2020-08-31,8.299761772155762,0.0,9.033300399780273,0.0,9.033300399780273,9.033300399780273,9.033300399780273,0.0,0
2020-09-01,8.3626070022583,0.0,9.101699829101562,0.0,9.101699829101562,9.101699829101562,9.101699829101562,0.0,0
2020-09-02,8.491239547729492,0.0,9.241700172424316,0.0,9.241700172424316,9.241700172424316,9.241700172424316,0.0,0
2020-09-03,8.195662498474121,0.0,8.920000076293945,0.0,8.920000076293945,8.920000076293945,8.920000076293945,0.0,0
2020-09-04,8.128314018249512,0.0,8.846699714660645,0.0,8.846699714660645,8.846699714660645,8.846699714660645,0.0,0
2020-09-08,7.903209686279297,0.0,8.601699829101562,0.0,8.601699829101562,8.601699829101562,8.601699829101562,0.0,0
2020-09-09,8.062437057495117,0.0,8.774999618530273,0.0,8.774999618530273,8.774999618530273,8.774999618530273,0.0,0
2020-09-10,7.921584606170654,0.0,8.621700286865234,0.0,8.621700286865234,8.621700286865234,8.621700286865234,0.0,0
2020-09-11,7.9261794090271,0.0,8.626700401306152,0.0,8.626700401306152,8.626700401306152,8.626700401306152,0.0,0
2020-09-14,8.030278205871582,0.0,8.739999771118164,0.0,8.739999771118164,8.739999771118164,8.739999771118164,0.0,0
2020-09-15,8.071623802185059,0.0,8.78499984741211,0.0,8.78499984741211,8.78499984741211,8.78499984741211,0.0,0
2020-09-16,8.034872055053711,0.0,8.744999885559082,0.0,8.744999885559082,8.744999885559082,8.744999885559082,0.0,0
2020-09-17,7.967524528503418,0.0,8.671699523925781,0.0,8.671699523925781,8.671699523925781,8.671699523925781,0.0,0
2020-09-18,7.8786773681640625,0.0,8.574999809265137,0.0,8.574999809265137,8.574999809265137,8.574999809265137,0.0,0
2020-09-21,7.786797523498535,0.0,8.475000381469727,0.0,8.475000381469727,8.475000381469727,8.475000381469727,0.0,0
2020-09-22,7.86948823928833,0.0,8.5649995803833,0.0,8.5649995803833,8.5649995803833,8.5649995803833,0.0,0
2020-09-23,7.682697772979736,0.0,8.361700057983398,0.0,8.361700057983398,8.361700057983398,8.361700057983398,0.0,0
2020-09-24,7.707138538360596,0.0,8.388299942016602,0.0,8.388299942016602,8.388299942016602,8.388299942016602,0.0,0
2020-09-25,7.829705238342285,0.0,8.521699905395508,0.0,8.521699905395508,8.521699905395508,8.521699905395508,0.0,0
2020-09-28,7.956775188446045,0.0,8.65999984741211,0.0,8.65999984741211,8.65999984741211,8.65999984741211,0.0,0
2020-09-29,7.918461799621582,0.0,8.618300437927246,0.0,8.618300437927246,8.618300437927246,8.618300437927246,0.0,0
2020-09-30,7.984338283538818,0.0,8.6899995803833,0.0,8.6899995803833,8.6899995803833,8.6899995803833,0.0,0
2020-10-01,8.027247428894043,0.0,8.736700057983398,0.0,8.736700057983398,8.736700057983398,8.736700057983398,0.0,0
2020-10-02,7.950618267059326,0.0,8.653300285339355,0.0,8.653300285339355,8.653300285339355,8.653300285339355,0.0,0
2020-10-05,8.09459400177002,0.0,8.8100004196167,0.0,8.8100004196167,8.8100004196167,8.8100004196167,0.0,0
2020-10-06,7.981306552886963,0.0,8.686699867248535,0.0,8.686699867248535,8.686699867248535,8.686699867248535,0.0,0
2020-10-07,8.120595932006836,0.0,8.838299751281738,0.0,8.838299751281738,8.838299751281738,8.838299751281738,0.0,0
2020-10-08,8.18803596496582,0.0,8.911700248718262,0.0,8.911700248718262,8.911700248718262,8.911700248718262,0.0,0
2020-10-09,8.259977340698242,0.0,8.989999771118164,0.0,8.989999771118164,8.989999771118164,8.989999771118164,0.0,0
2020-10-12,8.39623737335205,0.0,9.138299942016602,0.0,9.138299942016602,9.138299942016602,9.138299942016602,0.0,0
2020-10-13,8.342670440673828,0.0,9.079999923706055,0.0,9.079999923706055,9.079999923706055,9.079999923706055,0.0,0
2020-10-14,8.289103507995605,0.0,9.021699905395508,0.0,9.021699905395508,9.021699905395508,9.021699905395508,0.0,0
2020-10-15,8.2767915725708,0.0,9.008299827575684,0.0,9.008299827575684,9.008299827575684,9.008299827575684,0.0,0
2020-10-16,8.2767915725708,0.0,9.008299827575684,0.0,9.008299827575684,9.008299827575684,9.008299827575684,0.0,0
2020-10-19,8.142096519470215,0.0,8.861700057983398,0.0,8.861700057983398,8.861700057983398,8.861700057983398,0.0,0
2020-10-20,8.180317878723145,0.0,8.903300285339355,0.0,8.903300285339355,8.903300285339355,8.903300285339355,0.0,0
2020-10-21,8.163503646850586,0.0,8.885000228881836,0.0,8.885000228881836,8.885000228881836,8.885000228881836,0.0,0
2020-10-22,8.206411361694336,0.0,8.931699752807617,0.0,8.931699752807617,8.931699752807617,8.931699752807617,0.0,0
2020-10-23,8.235445976257324,0.0,8.963299751281738,0.0,8.963299751281738,8.963299751281738,8.963299751281738,0.0,0
2020-10-26,8.08237361907959,0.0,8.796699523925781,0.0,8.796699523925781,8.796699523925781,8.796699523925781,0.0,0
2020-10-27,8.057843208312988,0.0,8.770000457763672,0.0,8.770000457763672,8.770000457763672,8.770000457763672,0.0,0
2020-10-28,7.773015975952148,0.0,8.460000038146973,0.0,8.460000038146973,8.460000038146973,8.460000038146973,0.0,0
2020-10-29,7.866457462310791,0.0,8.561699867248535,0.0,8.561699867248535,8.561699867248535,8.561699867248535,0.0,0
2020-10-30,7.771454334259033,0.0,8.45829963684082,0.0,8.45829963684082,8.45829963684082,8.45829963684082,0.0,0
2020-11-02,7.867927551269531,0.0,8.563300132751465,0.0,8.563300132751465,8.563300132751465,8.563300132751465,0.0,0
2020-11-03,8.007308006286621,0.0,8.71500015258789,0.0,8.71500015258789,8.71500015258789,8.71500015258789,0.0,0
2020-11-04,8.184913635253906,0.0,8.908300399780273,0.0,8.908300399780273,8.908300399780273,8.908300399780273,0.0,0
2020-11-05,8.345699310302734,0.0,9.08329963684082,0.0,9.08329963684082,9.08329963684082,9.08329963684082,0.0,0
2020-11-06,8.342670440673828,0.0,9.079999923706055,0.0,9.079999923706055,9.079999923706055,9.079999923706055,0.0,0
2020-11-09,8.442174911499023,0.0,9.188300132751465,0.0,9.188300132751465,9.188300132751465,9.188300132751465,0.0,0
2020-11-10,8.431516647338867,0.0,9.1766996383667,0.0,9.1766996383667,9.1766996383667,9.1766996383667,0.0,0
2020-11-11,8.495833396911621,0.0,9.246700286865234,0.0,9.246700286865234,9.246700286865234,9.246700286865234,0.0,0
2020-11-12,8.413141250610352,0.0,9.156700134277344,0.0,9.156700134277344,9.156700134277344,9.156700134277344,0.0,0
2020-11-13,8.529459953308105,0.0,9.283300399780273,0.0,9.283300399780273,9.283300399780273,9.283300399780273,0.0,0
2020-11-16,8.627496719360352,0.0,9.390000343322754,0.0,9.390000343322754,9.390000343322754,9.390000343322754,0.0,0
2020-11-17,8.587712287902832,0.0,9.346699714660645,0.0,9.346699714660645,9.346699714660645,9.346699714660645,0.0,0
2020-11-18,8.489676475524902,0.0,9.239999771118164,0.0,9.239999771118164,9.239999771118164,9.239999771118164,0.0,0
2020-11-19,8.524867057800293,0.0,9.278300285339355,0.0,9.278300285339355,9.278300285339355,9.278300285339355,0.0,0
2020-11-20,8.466706275939941,0.0,9.21500015258789,0.0,9.21500015258789,9.21500015258789,9.21500015258789,0.0,0
2020-11-23,8.515678405761719,0.0,9.26830005645752,0.0,9.26830005645752,9.26830005645752,9.26830005645752,0.0,0
2020-11-24,8.653497695922852,0.0,9.418299674987793,0.0,9.418299674987793,9.418299674987793,9.418299674987793,0.0,0
2020-11-25,8.639716148376465,0.0,9.403300285339355,0.0,9.403300285339355,9.403300285339355,9.403300285339355,0.0,0
2020-11-27,8.661214828491211,0.0,9.4266996383667,0.0,9.4266996383667,9.4266996383667,9.4266996383667,0.0,0
2020-11-30,8.622902870178223,0.0,9.385000228881836,0.0,9.385000228881836,9.385000228881836,9.385000228881836,0.0,0
2020-12-01,8.719374656677246,0.0,9.489999771118164,0.0,9.489999771118164,9.489999771118164,9.489999771118164,0.0,0
2020-12-02,8.736188888549805,0.0,9.508299827575684,0.0,9.508299827575684,9.508299827575684,9.508299827575684,0.0,0
2020-12-03,8.733158111572266,0.0,9.505000114440918,0.0,9.505000114440918,9.505000114440918,9.505000114440918,0.0,0
2020-12-04,8.809694290161133,0.0,9.588299751281738,0.0,9.588299751281738,9.588299751281738,9.588299751281738,0.0,0
2020-12-07,8.792878150939941,0.0,9.569999694824219,0.0,9.569999694824219,9.569999694824219,9.569999694824219,0.0,0
2020-12-08,8.817410469055176,0.0,9.596699714660645,0.0,9.596699714660645,9.596699714660645,9.596699714660645,0.0,0
2020-12-09,8.748501777648926,0.0,9.521699905395508,0.0,9.521699905395508,9.521699905395508,9.521699905395508,0.0,0
2020-12-10,8.737751007080078,0.0,9.510000228881836,0.0,9.510000228881836,9.510000228881836,9.510000228881836,0.0,0
2020-12-11,8.727001190185547,0.0,9.498299598693848,0.0,9.498299598693848,9.498299598693848,9.498299598693848,0.0,0
2020-12-14,8.690248489379883,0.0,9.45829963684082,0.0,9.45829963684082,9.45829963684082,9.45829963684082,0.0,0
2020-12-15,8.802066802978516,0.0,9.579999923706055,0.0,9.579999923706055,9.579999923706055,9.579999923706055,0.0,0
2020-12-16,8.818880081176758,0.0,9.598299980163574,0.0,9.598299980163574,9.598299980163574,9.598299980163574,0.0,0
2020-12-17,8.869415283203125,0.0,9.653300285339355,0.0,9.653300285339355,9.653300285339355,9.653300285339355,0.0,0
2020-12-18,8.838290214538574,0.0,9.446700096130371,0.173333,9.446700096130371,9.446700096130371,9.446700096130371,0.0,0
2020-12-21,8.803955078125,0.0,9.40999984741211,0.0,9.40999984741211,9.40999984741211,9.40999984741211,0.0,0
2020-12-22,8.786832809448242,0.0,9.39169979095459,0.0,9.39169979095459,9.39169979095459,9.39169979095459,0.0,0
2020-12-23,8.793008804321289,0.0,9.398300170898438,0.0,9.398300170898438,9.398300170898438,9.398300170898438,0.0,0
2020-12-24,8.825754165649414,0.0,9.433300018310547,0.0,9.433300018310547,9.433300018310547,9.433300018310547,0.0,0
2020-12-28,8.902192115783691,0.0,9.515000343322754,0.0,9.515000343322754,9.515000343322754,9.515000343322754,0.0,0
2020-12-29,8.881889343261719,0.0,9.493300437927246,0.0,9.493300437927246,9.493300437927246,9.493300437927246,0.0,0
2020-12-30,8.895923614501953,0.0,9.508299827575684,0.0,9.508299827575684,9.508299827575684,9.508299827575684,0.0,0
2020-12-31,8.953649520874023,0.0,9.569999694824219,0.0,9.569999694824219,9.569999694824219,9.569999694824219,0.0,0
2021-01-04,8.821076393127441,0.0,9.428299903869629,0.0,9.428299903869629,9.428299903869629,9.428299903869629,0.0,0
2021-01-05,8.885069847106934,0.0,9.496700286865234,0.0,9.496700286865234,9.496700286865234,9.496700286865234,0.0,0
2021-01-06,8.936529159545898,0.0,9.5516996383667,0.0,9.5516996383667,9.5516996383667,9.5516996383667,0.0,0
2021-01-07,9.070599555969238,0.0,9.694999694824219,0.0,9.694999694824219,9.694999694824219,9.694999694824219,0.0,0
2021-01-08,9.12205696105957,0.0,9.75,0.0,9.75,9.75,9.75,0.0,0
2021-01-11,9.061244010925293,0.0,9.6850004196167,0.0,9.6850004196167,9.6850004196167,9.6850004196167,0.0,0
2021-01-12,9.06592082977295,0.0,9.6899995803833,0.0,9.6899995803833,9.6899995803833,9.6899995803833,0.0,0
2021-01-13,9.086223602294922,0.0,9.711700439453125,0.0,9.711700439453125,9.711700439453125,9.711700439453125,0.0,0
2021-01-14,9.05347728729248,0.0,9.6766996383667,0.0,9.6766996383667,9.6766996383667,9.6766996383667,0.0,0
2021-01-15,8.987985610961914,0.0,9.60669994354248,0.0,9.60669994354248,9.60669994354248,9.60669994354248,0.0,0
2021-01-19,9.061244010925293,0.0,9.6850004196167,0.0,9.6850004196167,9.6850004196167,9.6850004196167,0.0,0
2021-01-20,9.18754768371582,0.0,9.819999694824219,0.0,9.819999694824219,9.819999694824219,9.819999694824219,0.0,0
2021-01-21,9.19222640991211,0.0,9.824999809265137,0.0,9.824999809265137,9.824999809265137,9.824999809265137,0.0,0
2021-01-22,9.164158821105957,0.0,9.795000076293945,0.0,9.795000076293945,9.795000076293945,9.795000076293945,0.0,0
2021-01-25,9.196904182434082,0.0,9.829999923706055,0.0,9.829999923706055,9.829999923706055,9.829999923706055,0.0,0
2021-01-26,9.182869911193848,0.0,9.8149995803833,0.0,9.8149995803833,9.8149995803833,9.8149995803833,0.0,0
2021-01-27,8.947380065917969,0.0,9.563300132751465,0.0,9.563300132751465,9.563300132751465,9.563300132751465,0.0,0
2021-01-28,9.036262512207031,0.0,9.658300399780273,0.0,9.658300399780273,9.658300399780273,9.658300399780273,0.0,0
2021-01-29,8.863177299499512,0.0,9.473299980163574,0.0,9.473299980163574,9.473299980163574,9.473299980163574,0.0,0
2021-02-01,9.005107879638672,0.0,9.625,0.0,9.625,9.625,9.625,0.0,0
2021-02-02,9.129820823669434,0.0,9.758299827575684,0.0,9.758299827575684,9.758299827575684,9.758299827575684,0.0,0
2021-02-03,9.139178276062012,0.0,9.76830005645752,0.0,9.76830005645752,9.76830005645752,9.76830005645752,0.0,0
2021-02-04,9.24059772491455,0.0,9.876700401306152,0.0,9.876700401306152,9.876700401306152,9.876700401306152,0.0,0
2021-02-05,9.276429176330566,0.0,9.914999961853027,0.0,9.914999961853027,9.914999961853027,9.914999961853027,0.0,0
2021-02-08,9.345009803771973,0.0,9.988300323486328,0.0,9.988300323486328,9.988300323486328,9.988300323486328,0.0,0
2021-02-09,9.33724308013916,0.0,9.979999542236328,0.0,9.979999542236328,9.979999542236328,9.979999542236328,0.0,0
2021-02-10,9.334156036376953,0.0,9.976699829101562,0.0,9.976699829101562,9.976699829101562,9.976699829101562,0.0,0
2021-02-11,9.351278305053711,0.0,9.994999885559082,0.0,9.994999885559082,9.994999885559082,9.994999885559082,0.0,0
2021-02-12,9.396467208862305,0.0,10.043299674987793,0.0,10.043299674987793,10.043299674987793,10.043299674987793,0.0,0
2021-02-16,9.391788482666016,0.0,10.038299560546875,0.0,10.038299560546875,10.038299560546875,10.038299560546875,0.0,0
2021-02-17,9.390291213989258,0.0,10.036700248718262,0.0,10.036700248718262,10.036700248718262,10.036700248718262,0.0,0
2021-02-18,9.349687576293945,0.0,9.993300437927246,0.0,9.993300437927246,9.993300437927246,9.993300437927246,0.0,0
2021-02-19,9.33256721496582,0.0,9.975000381469727,0.0,9.975000381469727,9.975000381469727,9.975000381469727,0.0,0
2021-02-22,9.2608060836792,0.0,9.898300170898438,0.0,9.898300170898438,9.898300170898438,9.898300170898438,0.0,0
2021-02-23,9.273344039916992,0.0,9.911700248718262,0.0,9.911700248718262,9.911700248718262,9.911700248718262,0.0,0
2021-02-24,9.377755165100098,0.0,10.023300170898438,0.0,10.023300170898438,10.023300170898438,10.023300170898438,0.0,0
2021-02-25,9.150124549865723,0.0,9.779999732971191,0.0,9.779999732971191,9.779999732971191,9.779999732971191,0.0,0
2021-02-26,9.108022689819336,0.0,9.734999656677246,0.0,9.734999656677246,9.734999656677246,9.734999656677246,0.0,0
2021-03-01,9.324799537658691,0.0,9.966699600219727,0.0,9.966699600219727,9.966699600219727,9.966699600219727,0.0,0
2021-03-02,9.248361587524414,0.0,9.885000228881836,0.0,9.885000228881836,9.885000228881836,9.885000228881836,0.0,0
2021-03-03,9.128325462341309,0.0,9.756699562072754,0.0,9.756699562072754,9.756699562072754,9.756699562072754,0.0,0
2021-03-04,9.008193969726562,0.0,9.628299713134766,0.0,9.628299713134766,9.628299713134766,9.628299713134766,0.0,0
2021-03-05,9.182869911193848,0.0,9.8149995803833,0.0,9.8149995803833,9.8149995803833,9.8149995803833,0.0,0
2021-03-08,9.134499549865723,0.0,9.763299942016602,0.0,9.763299942016602,9.763299942016602,9.763299942016602,0.0,0
2021-03-09,9.263985633850098,0.0,9.901700019836426,0.0,9.901700019836426,9.901700019836426,9.901700019836426,0.0,0
2021-03-10,9.321619033813477,0.0,9.963299751281738,0.0,9.963299751281738,9.963299751281738,9.963299751281738,0.0,0
2021-03-11,9.41835880279541,0.0,10.066699981689453,0.0,10.066699981689453,10.066699981689453,10.066699981689453,0.0,0
2021-03-12,9.430802345275879,0.0,10.079999923706055,0.0,10.079999923706055,10.079999923706055,10.079999923706055,0.0,0
2021-03-15,9.491617202758789,0.0,10.145000457763672,0.0,10.145000457763672,10.145000457763672,10.145000457763672,0.0,0
2021-03-16,9.477581977844238,0.0,10.130000114440918,0.0,10.130000114440918,10.130000114440918,10.130000114440918,0.0,0
2021-03-17,9.504060745239258,0.0,10.158300399780273,0.0,10.158300399780273,10.158300399780273,10.158300399780273,0.0,0
2021-03-18,9.365311622619629,0.0,10.010000228881836,0.0,10.010000228881836,10.010000228881836,10.010000228881836,0.0,0
2021-03-19,9.360633850097656,0.0,10.005000114440918,0.0,10.005000114440918,10.005000114440918,10.005000114440918,0.0,0
2021-03-22,9.426125526428223,0.0,10.074999809265137,0.0,10.074999809265137,10.074999809265137,10.074999809265137,0.0,0
2021-03-23,9.354365348815918,0.0,9.998299598693848,0.0,9.998299598693848,9.998299598693848,9.998299598693848,0.0,0
2021-03-24,9.302907943725586,0.0,9.943300247192383,0.0,9.943300247192383,9.943300247192383,9.943300247192383,0.0,0
2021-03-25,9.352869033813477,0.0,9.996700286865234,0.0,9.996700286865234,9.996700286865234,9.996700286865234,0.0,0
2021-03-26,9.507241249084473,0.0,10.161700248718262,0.0,10.161700248718262,10.161700248718262,10.161700248718262,0.0,0
2021-03-29,9.499382972717285,0.0,10.153300285339355,0.0,10.153300285339355,10.153300285339355,10.153300285339355,0.0,0
2021-03-30,9.471314430236816,0.0,10.123299598693848,0.0,10.123299598693848,10.123299598693848,10.123299598693848,0.0,0
2021-03-31,9.505651473999023,0.0,10.15999984741211,0.0,10.15999984741211,10.15999984741211,10.15999984741211,0.0,0
2021-04-01,9.61792278289795,0.0,10.279999732971191,0.0,10.279999732971191,10.279999732971191,10.279999732971191,0.0,0
2021-04-05,9.758262634277344,0.0,10.430000305175781,0.0,10.430000305175781,10.430000305175781,10.430000305175781,0.0,0
2021-04-06,9.748906135559082,0.0,10.420000076293945,0.0,10.420000076293945,10.420000076293945,10.420000076293945,0.0,0
2021-04-07,9.764530181884766,0.0,10.436699867248535,0.0,10.436699867248535,10.436699867248535,10.436699867248535,0.0,0
2021-04-08,9.806632041931152,0.0,10.48169994354248,0.0,10.48169994354248,10.48169994354248,10.48169994354248,0.0,0
2021-04-09,9.882977485656738,0.0,10.563300132751465,0.0,10.563300132751465,10.563300132751465,10.563300132751465,0.0,0
2021-04-12,9.88148021697998,0.0,10.561699867248535,0.0,10.561699867248535,10.561699867248535,10.561699867248535,0.0,0
2021-04-13,9.914225578308105,0.0,10.596699714660645,0.0,10.596699714660645,10.596699714660645,10.596699714660645,0.0,0
2021-04-14,9.875211715698242,0.0,10.555000305175781,0.0,10.555000305175781,10.555000305175781,10.555000305175781,0.0,0
2021-04-15,9.984395027160645,0.0,10.671699523925781,0.0,10.671699523925781,10.671699523925781,10.671699523925781,0.0,0
2021-04-16,10.02022933959961,0.0,10.710000038146973,0.0,10.710000038146973,10.710000038146973,10.710000038146973,0.0,0
2021-04-19,9.967180252075195,0.0,10.653300285339355,0.0,10.653300285339355,10.653300285339355,10.653300285339355,0.0,0
2021-04-20,9.900192260742188,0.0,10.581700325012207,0.0,10.581700325012207,10.581700325012207,10.581700325012207,0.0,0
2021-04-21,9.992161750793457,0.0,10.680000305175781,0.0,10.680000305175781,10.680000305175781,10.680000305175781,0.0,0
2021-04-22,9.900192260742188,0.0,10.581700325012207,0.0,10.581700325012207,10.581700325012207,10.581700325012207,0.0,0
2021-04-23,10.009283065795898,0.0,10.6983003616333,0.0,10.6983003616333,10.6983003616333,10.6983003616333,0.0,0
2021-04-26,10.026496887207031,0.0,10.716699600219727,0.0,10.716699600219727,10.716699600219727,10.716699600219727,0.0,0
2021-04-27,10.024906158447266,0.0,10.71500015258789,0.0,10.71500015258789,10.71500015258789,10.71500015258789,0.0,0
2021-04-28,10.017142295837402,0.0,10.706700325012207,0.0,10.706700325012207,10.706700325012207,10.706700325012207,0.0,0
2021-04-29,10.08413028717041,0.0,10.778300285339355,0.0,10.778300285339355,10.778300285339355,10.778300285339355,0.0,0
2021-04-30,10.01246452331543,0.0,10.701700210571289,0.0,10.701700210571289,10.701700210571289,10.701700210571289,0.0,0
2021-05-03,10.040531158447266,0.0,10.73169994354248,0.0,10.73169994354248,10.73169994354248,10.73169994354248,0.0,0
2021-05-04,9.973448753356934,0.0,10.65999984741211,0.0,10.65999984741211,10.65999984741211,10.65999984741211,0.0,0
2021-05-05,9.979717254638672,0.0,10.66670036315918,0.0,10.66670036315918,10.66670036315918,10.66670036315918,0.0,0
2021-05-06,10.063920974731445,0.0,10.756699562072754,0.0,10.756699562072754,10.756699562072754,10.756699562072754,0.0,0
2021-05-07,10.138769149780273,0.0,10.836700439453125,0.0,10.836700439453125,10.836700439453125,10.836700439453125,0.0,0
2021-05-10,10.034262657165527,0.0,10.725000381469727,0.0,10.725000381469727,10.725000381469727,10.725000381469727,0.0,0
2021-05-11,9.94697093963623,0.0,10.631699562072754,0.0,10.631699562072754,10.631699562072754,10.631699562072754,0.0,0
2021-05-12,9.734871864318848,0.0,10.404999732971191,0.0,10.404999732971191,10.404999732971191,10.404999732971191,0.0,0
2021-05-13,9.85490894317627,0.0,10.533300399780273,0.0,10.533300399780273,10.533300399780273,10.533300399780273,0.0,0
2021-05-14,10.003107070922852,0.0,10.691699981689453,0.0,10.691699981689453,10.691699981689453,10.691699981689453,0.0,0
2021-05-17,9.978126525878906,0.0,10.664999961853027,0.0,10.664999961853027,10.664999961853027,10.664999961853027,0.0,0
2021-05-18,9.89392375946045,0.0,10.574999809265137,0.0,10.574999809265137,10.574999809265137,10.574999809265137,0.0,0
2021-05-19,9.865856170654297,0.0,10.545000076293945,0.0,10.545000076293945,10.545000076293945,10.545000076293945,0.0,0
2021-05-20,9.970361709594727,0.0,10.656700134277344,0.0,10.656700134277344,10.656700134277344,10.656700134277344,0.0,0
2021-05-21,9.964092254638672,0.0,10.649999618530273,0.0,10.649999618530273,10.649999618530273,10.649999618530273,0.0,0
2021-05-24,10.063920974731445,0.0,10.756699562072754,0.0,10.756699562072754,10.756699562072754,10.756699562072754,0.0,0
2021-05-25,10.04202651977539,0.0,10.73330020904541,0.0,10.73330020904541,10.73330020904541,10.73330020904541,0.0,0
2021-05-26,10.060738563537598,0.0,10.753299713134766,0.0,10.753299713134766,10.753299713134766,10.753299713134766,0.0,0
2021-05-27,10.073277473449707,0.0,10.76669979095459,0.0,10.76669979095459,10.76669979095459,10.76669979095459,0.0,0
2021-05-28,10.082633018493652,0.0,10.776700019836426,0.0,10.776700019836426,10.776700019836426,10.776700019836426,0.0,0
2021-06-01,10.07795524597168,0.0,10.771699905395508,0.0,10.771699905395508,10.771699905395508,10.771699905395508,0.0,0
2021-06-02,10.093485832214355,0.0,10.788299560546875,0.0,10.788299560546875,10.788299560546875,10.788299560546875,0.0,0
2021-06-03,10.059243202209473,0.0,10.751700401306152,0.0,10.751700401306152,10.751700401306152,10.751700401306152,0.0,0
2021-06-04,10.148123741149902,0.0,10.846699714660645,0.0,10.846699714660645,10.846699714660645,10.846699714660645,0.0,0
2021-06-07,10.140264511108398,0.0,10.838299751281738,0.0,10.838299751281738,10.838299751281738,10.838299751281738,0.0,0
2021-06-08,10.141857147216797,0.0,10.84000015258789,0.0,10.84000015258789,10.84000015258789,10.84000015258789,0.0,0
2021-06-09,10.12314510345459,0.0,10.819999694824219,0.0,10.819999694824219,10.819999694824219,10.819999694824219,0.0,0
2021-06-10,10.171515464782715,0.0,10.871700286865234,0.0,10.871700286865234,10.871700286865234,10.871700286865234,0.0,0
2021-06-11,10.191723823547363,0.0,10.89330005645752,0.0,10.89330005645752,10.89330005645752,10.89330005645752,0.0,0
2021-06-14,10.212024688720703,0.0,10.914999961853027,0.0,10.914999961853027,10.914999961853027,10.914999961853027,0.0,0
2021-06-15,10.191723823547363,0.0,10.89330005645752,0.0,10.89330005645752,10.89330005645752,10.89330005645752,0.0,0
2021-06-16,10.137178421020508,0.0,10.835000038146973,0.0,10.835000038146973,10.835000038146973,10.835000038146973,0.0,0
2021-06-17,10.132499694824219,0.0,10.829999923706055,0.0,10.829999923706055,10.829999923706055,10.829999923706055,0.0,0
2021-06-18,9.99992561340332,0.0,10.688300132751465,0.0,10.688300132751465,10.688300132751465,10.688300132751465,0.0,0
2021-06-21,10.140264511108398,0.0,10.838299751281738,0.0,10.838299751281738,10.838299751281738,10.838299751281738,0.0,0
2021-06-22,10.193312644958496,0.0,10.895000457763672,0.0,10.895000457763672,10.895000457763672,10.895000457763672,0.0,0
2021-06-23,10.182366371154785,0.0,10.883299827575684,0.0,10.883299827575684,10.883299827575684,10.883299827575684,0.0,0
2021-06-24,10.241683959960938,0.0,10.946700096130371,0.0,10.946700096130371,10.946700096130371,10.946700096130371,0.0,0
2021-06-25,10.275927543640137,0.0,10.98330020904541,0.0,10.98330020904541,10.98330020904541,10.98330020904541,0.0,0
2021-06-28,10.299315452575684,0.0,11.008299827575684,0.0,11.008299827575684,11.008299827575684,11.008299827575684,0.0,0
2021-06-29,10.303994178771973,0.0,11.013299942016602,0.0,11.013299942016602,11.013299942016602,11.013299942016602,0.0,0
2021-06-30,10.318029403686523,0.0,11.028300285339355,0.0,11.028300285339355,11.028300285339355,11.028300285339355,0.0,0
2021-07-01,10.372668266296387,0.0,11.086700439453125,0.0,11.086700439453125,11.086700439453125,11.086700439453125,0.0,0
2021-07-02,10.452192306518555,0.0,11.171699523925781,0.0,11.171699523925781,11.171699523925781,11.171699523925781,0.0,0
2021-07-06,10.430299758911133,0.0,11.148300170898438,0.0,11.148300170898438,11.148300170898438,11.148300170898438,0.0,0
2021-07-07,10.466225624084473,0.0,11.186699867248535,0.0,11.186699867248535,11.186699867248535,11.186699867248535,0.0,0
2021-07-08,10.3788423538208,0.0,11.093299865722656,0.0,11.093299865722656,11.093299865722656,11.093299865722656,0.0,0
2021-07-09,10.495792388916016,0.0,11.218299865722656,0.0,11.218299865722656,11.218299865722656,11.218299865722656,0.0,0
2021-07-12,10.531717300415039,0.0,11.256699562072754,0.0,11.256699562072754,11.256699562072754,11.256699562072754,0.0,0
2021-07-13,10.494294166564941,0.0,11.216699600219727,0.0,11.216699600219727,11.216699600219727,11.216699600219727,0.0,0
2021-07-14,10.508328437805176,0.0,11.23169994354248,0.0,11.23169994354248,11.23169994354248,11.23169994354248,0.0,0
2021-07-15,10.473992347717285,0.0,11.194999694824219,0.0,11.194999694824219,11.194999694824219,11.194999694824219,0.0,0
2021-07-16,10.394465446472168,0.0,11.109999656677246,0.0,11.109999656677246,11.109999656677246,11.109999656677246,0.0,0
2021-07-19,10.230737686157227,0.0,10.9350004196167,0.0,10.9350004196167,10.9350004196167,10.9350004196167,0.0,0
2021-07-20,10.385110855102539,0.0,11.100000381469727,0.0,11.100000381469727,11.100000381469727,11.100000381469727,0.0,0
2021-07-21,10.470904350280762,0.0,11.191699981689453,0.0,11.191699981689453,11.191699981689453,11.191699981689453,0.0,0
2021-07-22,10.492704391479492,0.0,11.21500015258789,0.0,11.21500015258789,11.21500015258789,11.21500015258789,0.0,0
2021-07-23,10.600298881530762,0.0,11.329999923706055,0.0,11.329999923706055,11.329999923706055,11.329999923706055,0.0,0
2021-07-26,10.625277519226074,0.0,11.35669994354248,0.0,11.35669994354248,11.35669994354248,11.35669994354248,0.0,0
2021-07-27,10.5753173828125,0.0,11.303299903869629,0.0,11.303299903869629,11.303299903869629,11.303299903869629,0.0,0
2021-07-28,10.573820114135742,0.0,11.3016996383667,0.0,11.3016996383667,11.3016996383667,11.3016996383667,0.0,0
2021-07-29,10.619009971618652,0.0,11.350000381469727,0.0,11.350000381469727,11.350000381469727,11.350000381469727,0.0,0
2021-07-30,10.562873840332031,0.0,11.289999961853027,0.0,11.289999961853027,11.289999961853027,11.289999961853027,0.0,0
2021-08-02,10.542571067810059,0.0,11.26830005645752,0.0,11.26830005645752,11.26830005645752,11.26830005645752,0.0,0
2021-08-03,10.629956245422363,0.0,11.361700057983398,0.0,11.361700057983398,11.361700057983398,11.361700057983398,0.0,0
2021-08-04,10.579996109008789,0.0,11.308300018310547,0.0,11.308300018310547,11.308300018310547,11.308300018310547,0.0,0
2021-08-05,10.645486831665039,0.0,11.378299713134766,0.0,11.378299713134766,11.378299713134766,11.378299713134766,0.0,0
2021-08-06,10.664198875427246,0.0,11.398300170898438,0.0,11.398300170898438,11.398300170898438,11.398300170898438,0.0,0
2021-08-09,10.6548433303833,0.0,11.388299942016602,0.0,11.388299942016602,11.388299942016602,11.388299942016602,0.0,0
2021-08-10,10.665788650512695,0.0,11.399999618530273,0.0,11.399999618530273,11.399999618530273,11.399999618530273,0.0,0
2021-08-11,10.692267417907715,0.0,11.428299903869629,0.0,11.428299903869629,11.428299903869629,11.428299903869629,0.0,0
2021-08-12,10.726603507995605,0.0,11.46500015258789,0.0,11.46500015258789,11.46500015258789,11.46500015258789,0.0,0
2021-08-13,10.743724822998047,0.0,11.48330020904541,0.0,11.48330020904541,11.48330020904541,11.48330020904541,0.0,0
2021-08-16,10.771791458129883,0.0,11.513299942016602,0.0,11.513299942016602,11.513299942016602,11.513299942016602,0.0,0
2021-08-17,10.696945190429688,0.0,11.433300018310547,0.0,11.433300018310547,11.433300018310547,11.433300018310547,0.0,0
2021-08-18,10.584672927856445,0.0,11.313300132751465,0.0,11.313300132751465,11.313300132751465,11.313300132751465,0.0,0
2021-08-19,10.598708152770996,0.0,11.328300476074219,0.0,11.328300476074219,11.328300476074219,11.328300476074219,0.0,0
2021-08-20,10.684501647949219,0.0,11.420000076293945,0.0,11.420000076293945,11.420000076293945,11.420000076293945,0.0,0
2021-08-23,10.776470184326172,0.0,11.51830005645752,0.0,11.51830005645752,11.51830005645752,11.51830005645752,0.0,0
2021-08-24,10.793685913085938,0.0,11.536700248718262,0.0,11.536700248718262,11.536700248718262,11.536700248718262,0.0,0
2021-08-25,10.8170747756958,0.0,11.561699867248535,0.0,11.561699867248535,11.561699867248535,11.561699867248535,0.0,0
2021-08-26,10.754670143127441,0.0,11.494999885559082,0.0,11.494999885559082,11.494999885559082,11.494999885559082,0.0,0
2021-08-27,10.849820137023926,0.0,11.596699714660645,0.0,11.596699714660645,11.596699714660645,11.596699714660645,0.0,0
2021-08-30,10.896600723266602,0.0,11.646699905395508,0.0,11.646699905395508,11.646699905395508,11.646699905395508,0.0,0
2021-08-31,10.884064674377441,0.0,11.633299827575684,0.0,11.633299827575684,11.633299827575684,11.633299827575684,0.0,0
2021-09-01,10.88724422454834,0.0,11.636699676513672,0.0,11.636699676513672,11.636699676513672,11.636699676513672,0.0,0
2021-09-02,10.919990539550781,0.0,11.671699523925781,0.0,11.671699523925781,11.671699523925781,11.671699523925781,0.0,0
2021-09-03,10.916810035705566,0.0,11.668299674987793,0.0,11.668299674987793,11.668299674987793,11.668299674987793,0.0,0
2021-09-07,10.879385948181152,0.0,11.628299713134766,0.0,11.628299713134766,11.628299713134766,11.628299713134766,0.0,0
2021-09-08,10.866942405700684,0.0,11.614999771118164,0.0,11.614999771118164,11.614999771118164,11.614999771118164,0.0,0
2021-09-09,10.8170747756958,0.0,11.561699867248535,0.0,11.561699867248535,11.561699867248535,11.561699867248535,0.0,0
2021-09-10,10.734369277954102,0.0,11.473299980163574,0.0,11.473299980163574,11.473299980163574,11.473299980163574,0.0,0
2021-09-13,10.757758140563965,0.0,11.498299598693848,0.0,11.498299598693848,11.498299598693848,11.498299598693848,0.0,0
2021-09-14,10.700125694274902,0.0,11.436699867248535,0.0,11.436699867248535,11.436699867248535,11.436699867248535,0.0,0
2021-09-15,10.790504455566406,0.0,11.533300399780273,0.0,11.533300399780273,11.533300399780273,11.533300399780273,0.0,0
2021-09-16,10.773384094238281,0.0,11.515000343322754,0.0,11.515000343322754,11.515000343322754,11.515000343322754,0.0,0
2021-09-17,10.675145149230957,0.0,11.40999984741211,0.0,11.40999984741211,11.40999984741211,11.40999984741211,0.0,0
2021-09-20,10.494294166564941,0.0,11.216699600219727,0.0,11.216699600219727,11.216699600219727,11.216699600219727,0.0,0
2021-09-21,10.486434936523438,0.0,11.20829963684082,0.0,11.20829963684082,11.20829963684082,11.20829963684082,0.0,0
2021-09-22,10.586263656616211,0.0,11.3149995803833,0.0,11.3149995803833,11.3149995803833,11.3149995803833,0.0,0
2021-09-23,10.715657234191895,0.0,11.453300476074219,0.0,11.453300476074219,11.453300476074219,11.453300476074219,0.0,0
2021-09-24,10.731281280517578,0.0,11.470000267028809,0.0,11.470000267028809,11.470000267028809,11.470000267028809,0.0,0
2021-09-27,10.701623916625977,0.0,11.438300132751465,0.0,11.438300132751465,11.438300132751465,11.438300132751465,0.0,0
2021-09-28,10.48334789276123,0.0,11.204999923706055,0.0,11.204999923706055,11.204999923706055,11.204999923706055,0.0,0
2021-09-29,10.502060890197754,0.0,11.225000381469727,0.0,11.225000381469727,11.225000381469727,11.225000381469727,0.0,0
2021-09-30,10.37734603881836,0.0,11.091699600219727,0.0,11.091699600219727,11.091699600219727,11.091699600219727,0.0,0
2021-10-01,10.495792388916016,0.0,11.218299865722656,0.0,11.218299865722656,11.218299865722656,11.218299865722656,0.0,0
2021-10-04,10.360129356384277,0.0,11.0733003616333,0.0,11.0733003616333,11.0733003616333,11.0733003616333,0.0,0
2021-10-05,10.470904350280762,0.0,11.191699981689453,0.0,11.191699981689453,11.191699981689453,11.191699981689453,0.0,0
2021-10-06,10.514504432678223,0.0,11.238300323486328,0.0,11.238300323486328,11.238300323486328,11.238300323486328,0.0,0
2021-10-07,10.603384017944336,0.0,11.33329963684082,0.0,11.33329963684082,11.33329963684082,11.33329963684082,0.0,0
2021-10-08,10.583176612854004,0.0,11.311699867248535,0.0,11.311699867248535,11.311699867248535,11.311699867248535,0.0,0
2021-10-11,10.511414527893066,0.0,11.234999656677246,0.0,11.234999656677246,11.234999656677246,11.234999656677246,0.0,0
2021-10-12,10.484938621520996,0.0,11.206700325012207,0.0,11.206700325012207,11.206700325012207,11.206700325012207,0.0,0
2021-10-13,10.517684936523438,0.0,11.241700172424316,0.0,11.241700172424316,11.241700172424316,11.241700172424316,0.0,0
2021-10-14,10.698534965515137,0.0,11.4350004196167,0.0,11.4350004196167,11.4350004196167,11.4350004196167,0.0,0
2021-10-15,10.778061866760254,0.0,11.520000457763672,0.0,11.520000457763672,11.520000457763672,11.520000457763672,0.0,0
2021-10-18,10.813895225524902,0.0,11.558300018310547,0.0,11.558300018310547,11.558300018310547,11.558300018310547,0.0,0
2021-10-19,10.893420219421387,0.0,11.64330005645752,0.0,11.64330005645752,11.64330005645752,11.64330005645752,0.0,0
2021-10-20,10.934025764465332,0.0,11.686699867248535,0.0,11.686699867248535,11.686699867248535,11.686699867248535,0.0,0
2021-10-21,10.968267440795898,0.0,11.723299980163574,0.0,11.723299980163574,11.723299980163574,11.723299980163574,0.0,0
2021-10-22,10.95582389831543,0.0,11.710000038146973,0.0,11.710000038146973,11.710000038146973,11.710000038146973,0.0,0
2021-10-25,11.008872032165527,0.0,11.76669979095459,0.0,11.76669979095459,11.76669979095459,11.76669979095459,0.0,0
2021-10-26,11.02758502960205,0.0,11.786700248718262,0.0,11.786700248718262,11.786700248718262,11.786700248718262,0.0,0
2021-10-27,10.972945213317871,0.0,11.728300094604492,0.0,11.728300094604492,11.728300094604492,11.728300094604492,0.0,0
2021-10-28,11.080538749694824,0.0,11.843299865722656,0.0,11.843299865722656,11.843299865722656,11.843299865722656,0.0,0
2021-10-29,11.10392951965332,0.0,11.868300437927246,0.0,11.868300437927246,11.868300437927246,11.868300437927246,0.0,0
2021-11-01,11.124231338500977,0.0,11.890000343322754,0.0,11.890000343322754,11.890000343322754,11.890000343322754,0.0,0
2021-11-02,11.164742469787598,0.0,11.933300018310547,0.0,11.933300018310547,11.933300018310547,11.933300018310547,0.0,0
2021-11-03,11.236502647399902,0.0,12.010000228881836,0.0,12.010000228881836,12.010000228881836,12.010000228881836,0.0,0
2021-11-04,11.284873962402344,0.0,12.061699867248535,0.0,12.061699867248535,12.061699867248535,12.061699867248535,0.0,0
2021-11-05,11.328472137451172,0.0,12.10830020904541,0.0,12.10830020904541,12.10830020904541,12.10830020904541,0.0,0
2021-11-08,11.339418411254883,0.0,12.119999885559082,0.0,12.119999885559082,12.119999885559082,12.119999885559082,0.0,0
2021-11-09,11.30040454864502,0.0,12.078300476074219,0.0,12.078300476074219,12.078300476074219,12.078300476074219,0.0,0
2021-11-10,11.210025787353516,0.0,11.98169994354248,0.0,11.98169994354248,11.98169994354248,11.98169994354248,0.0,0
2021-11-11,11.21619987487793,0.0,11.988300323486328,0.0,11.988300323486328,11.988300323486328,11.988300323486328,0.0,0
2021-11-12,11.297316551208496,0.0,12.074999809265137,0.0,12.074999809265137,12.074999809265137,12.074999809265137,0.0,0
2021-11-15,11.297316551208496,0.0,12.074999809265137,0.0,12.074999809265137,12.074999809265137,12.074999809265137,0.0,0
2021-11-16,11.342504501342773,0.0,12.123299598693848,0.0,12.123299598693848,12.123299598693848,12.123299598693848,0.0,0
2021-11-17,11.314436912536621,0.0,12.093299865722656,0.0,12.093299865722656,12.093299865722656,12.093299865722656,0.0,0
2021-11-18,11.355042457580566,0.0,12.136699676513672,0.0,12.136699676513672,12.136699676513672,12.136699676513672,0.0,0
2021-11-19,11.337827682495117,0.0,12.118300437927246,0.0,12.118300437927246,12.118300437927246,12.118300437927246,0.0,0
2021-11-22,11.30358600616455,0.0,12.081700325012207,0.0,12.081700325012207,12.081700325012207,12.081700325012207,0.0,0
2021-11-23,11.322297096252441,0.0,12.101699829101562,0.0,12.101699829101562,12.101699829101562,12.101699829101562,0.0,0
2021-11-24,11.348773956298828,0.0,12.130000114440918,0.0,12.130000114440918,12.130000114440918,12.130000114440918,0.0,0
2021-11-26,11.091485023498535,0.0,11.854999542236328,0.0,11.854999542236328,11.854999542236328,11.854999542236328,0.0,0
2021-11-29,11.238093376159668,0.0,12.011699676513672,0.0,12.011699676513672,12.011699676513672,12.011699676513672,0.0,0
2021-11-30,11.025994300842285,0.0,11.78499984741211,0.0,11.78499984741211,11.78499984741211,11.78499984741211,0.0,0
2021-12-01,10.896600723266602,0.0,11.646699905395508,0.0,11.646699905395508,11.646699905395508,11.646699905395508,0.0,0
2021-12-02,11.054061889648438,0.0,11.8149995803833,0.0,11.8149995803833,11.8149995803833,11.8149995803833,0.0,0
2021-12-03,10.960502624511719,0.0,11.71500015258789,0.0,11.71500015258789,11.71500015258789,11.71500015258789,0.0,0
2021-12-06,11.08989429473877,0.0,11.853300094604492,0.0,11.853300094604492,11.853300094604492,11.853300094604492,0.0,0
2021-12-07,11.319114685058594,0.0,12.098299980163574,0.0,12.098299980163574,12.098299980163574,12.098299980163574,0.0,0
2021-12-08,11.355042457580566,0.0,12.136699676513672,0.0,12.136699676513672,12.136699676513672,12.136699676513672,0.0,0
2021-12-09,11.27392578125,0.0,12.050000190734863,0.0,12.050000190734863,12.050000190734863,12.050000190734863,0.0,0
2021-12-10,11.383575439453125,0.0,12.011699676513672,0.154,12.011699676513672,12.011699676513672,12.011699676513672,0.0,0
2021-12-13,11.279328346252441,0.0,11.901700019836426,0.0,11.901700019836426,11.901700019836426,11.901700019836426,0.0,0
2021-12-14,11.197162628173828,0.0,11.8149995803833,0.0,11.8149995803833,11.8149995803833,11.8149995803833,0.0,0
2021-12-15,11.380353927612305,0.0,12.008299827575684,0.0,12.008299827575684,12.008299827575684,12.008299827575684,0.0,0
2021-12-16,11.280845642089844,0.0,11.903300285339355,0.0,11.903300285339355,11.903300285339355,11.903300285339355,0.0,0
2021-12-17,11.165603637695312,0.0,11.781700134277344,0.0,11.781700134277344,11.781700134277344,11.781700134277344,0.0,0
2021-12-20,11.039178848266602,0.0,11.648300170898438,0.0,11.648300170898438,11.648300170898438,11.648300170898438,0.0,0
2021-12-21,11.23507022857666,0.0,11.854999542236328,0.0,11.854999542236328,11.854999542236328,11.854999542236328,0.0,0
2021-12-22,11.351922035217285,0.0,11.978300094604492,0.0,11.978300094604492,11.978300094604492,11.978300094604492,0.0,0
2021-12-23,11.42148494720459,0.0,12.0516996383667,0.0,12.0516996383667,12.0516996383667,12.0516996383667,0.0,0
2021-12-27,11.580984115600586,0.0,12.220000267028809,0.0,12.220000267028809,12.220000267028809,12.220000267028809,0.0,0
2021-12-28,11.568379402160645,0.0,12.206700325012207,0.0,12.206700325012207,12.206700325012207,12.206700325012207,0.0,0
2021-12-29,11.585721969604492,0.0,12.225000381469727,0.0,12.225000381469727,12.225000381469727,12.225000381469727,0.0,0
2021-12-30,11.550941467285156,0.0,12.188300132751465,0.0,12.188300132751465,12.188300132751465,12.188300132751465,0.0,0
2021-12-31,11.520994186401367,0.0,12.156700134277344,0.0,12.156700134277344,12.156700134277344,12.156700134277344,0.0,0
2022-01-03,11.595198631286621,0.0,12.234999656677246,0.0,12.234999656677246,12.234999656677246,12.234999656677246,0.0,0
2022-01-04,11.588850021362305,0.0,12.228300094604492,0.0,12.228300094604492,12.228300094604492,12.228300094604492,0.0,0
2022-01-05,11.364622116088867,0.0,11.991700172424316,0.0,11.991700172424316,11.991700172424316,11.991700172424316,0.0,0
2022-01-06,11.355145454406738,0.0,11.98169994354248,0.0,11.98169994354248,11.98169994354248,11.98169994354248,0.0,0
2022-01-07,11.310887336730957,0.0,11.9350004196167,0.0,11.9350004196167,11.9350004196167,11.9350004196167,0.0,0
2022-01-10,11.295060157775879,0.0,11.918299674987793,0.0,11.918299674987793,11.918299674987793,11.918299674987793,0.0,0
2022-01-11,11.39779281616211,0.0,12.026700019836426,0.0,12.026700019836426,12.026700019836426,12.026700019836426,0.0,0
2022-01-12,11.429350852966309,0.0,12.0600004196167,0.0,12.0600004196167,12.0600004196167,12.0600004196167,0.0,0
2022-01-13,11.268240928649902,0.0,11.890000343322754,0.0,11.890000343322754,11.890000343322754,11.890000343322754,0.0,0
2022-01-14,11.277716636657715,0.0,11.899999618530273,0.0,11.899999618530273,11.899999618530273,11.899999618530273,0.0,0
2022-01-18,11.070832252502441,0.0,11.681699752807617,0.0,11.681699752807617,11.681699752807617,11.681699752807617,0.0,0
2022-01-19,10.963363647460938,0.0,11.568300247192383,0.0,11.568300247192383,11.568300247192383,11.568300247192383,0.0,0
2022-01-20,10.8433837890625,0.0,11.441699981689453,0.0,11.441699981689453,11.441699981689453,11.441699981689453,0.0,0
2022-01-21,10.638014793395996,0.0,11.225000381469727,0.0,11.225000381469727,11.225000381469727,11.225000381469727,0.0,0
2022-01-24,10.66805648803711,0.0,11.256699562072754,0.0,11.256699562072754,11.256699562072754,11.256699562072754,0.0,0
2022-01-25,10.538505554199219,0.0,11.119999885559082,0.0,11.119999885559082,11.119999885559082,11.119999885559082,0.0,0
2022-01-26,10.522679328918457,0.0,11.103300094604492,0.0,11.103300094604492,11.103300094604492,11.103300094604492,0.0,0
2022-01-27,10.465816497802734,0.0,11.043299674987793,0.0,11.043299674987793,11.043299674987793,11.043299674987793,0.0,0
2022-01-28,10.723308563232422,0.0,11.3149995803833,0.0,11.3149995803833,11.3149995803833,11.3149995803833,0.0,0
2022-01-31,10.925455093383789,0.0,11.528300285339355,0.0,11.528300285339355,11.528300285339355,11.528300285339355,0.0,0
2022-02-01,10.999754905700684,0.0,11.60669994354248,0.0,11.60669994354248,11.60669994354248,11.60669994354248,0.0,0
2022-02-02,11.104002952575684,0.0,11.716699600219727,0.0,11.716699600219727,11.716699600219727,11.716699600219727,0.0,0
2022-02-03,10.833906173706055,0.0,11.431699752807617,0.0,11.431699752807617,11.431699752807617,11.431699752807617,0.0,0
2022-02-04,10.890768051147461,0.0,11.491700172424316,0.0,11.491700172424316,11.491700172424316,11.491700172424316,0.0,0
2022-02-07,10.851248741149902,0.0,11.449999809265137,0.0,11.449999809265137,11.449999809265137,11.449999809265137,0.0,0
2022-02-08,10.942892074584961,0.0,11.546699523925781,0.0,11.546699523925781,11.546699523925781,11.546699523925781,0.0,0
2022-02-09,11.102391242980957,0.0,11.71500015258789,0.0,11.71500015258789,11.71500015258789,11.71500015258789,0.0,0
2022-02-10,10.903371810913086,0.0,11.505000114440918,0.0,11.505000114440918,11.505000114440918,11.505000114440918,0.0,0
2022-02-11,10.696488380432129,0.0,11.286700248718262,0.0,11.286700248718262,11.286700248718262,11.286700248718262,0.0,0
2022-02-14,10.65696907043457,0.0,11.244999885559082,0.0,11.244999885559082,11.244999885559082,11.244999885559082,0.0,0
2022-02-15,10.825945854187012,0.0,11.423299789428711,0.0,11.423299789428711,11.423299789428711,11.423299789428711,0.0,0
2022-02-16,10.83703327178955,0.0,11.4350004196167,0.0,11.4350004196167,11.4350004196167,11.4350004196167,0.0,0
2022-02-17,10.607973098754883,0.0,11.193300247192383,0.0,11.193300247192383,11.193300247192383,11.193300247192383,0.0,0
2022-02-18,10.533766746520996,0.0,11.114999771118164,0.0,11.114999771118164,11.114999771118164,11.114999771118164,0.0,0
2022-02-22,10.427907943725586,0.0,11.003299713134766,0.0,11.003299713134766,11.003299713134766,11.003299713134766,0.0,0
2022-02-23,10.235239028930664,0.0,10.800000190734863,0.0,10.800000190734863,10.800000190734863,10.800000190734863,0.0,0
2022-02-24,10.388484001159668,0.0,10.961700439453125,0.0,10.961700439453125,10.961700439453125,10.961700439453125,0.0,0
2022-02-25,10.622187614440918,0.0,11.20829963684082,0.0,11.20829963684082,11.20829963684082,11.20829963684082,0.0,0
2022-02-28,10.598494529724121,0.0,11.183300018310547,0.0,11.183300018310547,11.183300018310547,11.183300018310547,0.0,0
2022-03-01,10.434257507324219,0.0,11.010000228881836,0.0,11.010000228881836,11.010000228881836,11.010000228881836,0.0,0
2022-03-02,10.628539085388184,0.0,11.21500015258789,0.0,11.21500015258789,11.21500015258789,11.21500015258789,0.0,0
2022-03-03,10.574804306030273,0.0,11.158300399780273,0.0,11.158300399780273,11.158300399780273,11.158300399780273,0.0,0
2022-03-04,10.491120338439941,0.0,11.069999694824219,0.0,11.069999694824219,11.069999694824219,11.069999694824219,0.0,0
2022-03-07,10.181504249572754,0.0,10.743300437927246,0.0,10.743300437927246,10.743300437927246,10.743300437927246,0.0,0
2022-03-08,10.108909606933594,0.0,10.66670036315918,0.0,10.66670036315918,10.66670036315918,10.66670036315918,0.0,0
2022-03-09,10.369528770446777,0.0,10.941699981689453,0.0,10.941699981689453,10.941699981689453,10.941699981689453,0.0,0
2022-03-10,10.326882362365723,0.0,10.896699905395508,0.0,10.896699905395508,10.896699905395508,10.896699905395508,0.0,0
2022-03-11,10.192593574523926,0.0,10.755000114440918,0.0,10.755000114440918,10.755000114440918,10.755000114440918,0.0,0
2022-03-14,10.119903564453125,0.0,10.678299903869629,0.0,10.678299903869629,10.678299903869629,10.678299903869629,0.0,0
2022-03-15,10.336359977722168,0.0,10.906700134277344,0.0,10.906700134277344,10.906700134277344,10.906700134277344,0.0,0
2022-03-16,10.568547248840332,0.0,11.151700019836426,0.0,11.151700019836426,11.151700019836426,11.151700019836426,0.0,0
2022-03-17,10.699615478515625,0.0,11.289999961853027,0.0,11.289999961853027,11.289999961853027,11.289999961853027,0.0,0
2022-03-18,10.824427604675293,0.0,11.421699523925781,0.0,11.421699523925781,11.421699523925781,11.421699523925781,0.0,0
2022-03-21,10.819689750671387,0.0,11.41670036315918,0.0,11.41670036315918,11.41670036315918,11.41670036315918,0.0,0
2022-03-22,10.941282272338867,0.0,11.545000076293945,0.0,11.545000076293945,11.545000076293945,11.545000076293945,0.0,0
2022-03-23,10.808602333068848,0.0,11.404999732971191,0.0,11.404999732971191,11.404999732971191,11.404999732971191,0.0,0
2022-03-24,10.964973449707031,0.0,11.569999694824219,0.0,11.569999694824219,11.569999694824219,11.569999694824219,0.0,0
2022-03-25,11.020225524902344,0.0,11.628299713134766,0.0,11.628299713134766,11.628299713134766,11.628299713134766,0.0,0
2022-03-28,11.099265098571777,0.0,11.711700439453125,0.0,11.711700439453125,11.711700439453125,11.711700439453125,0.0,0
2022-03-29,11.23507022857666,0.0,11.854999542236328,0.0,11.854999542236328,11.854999542236328,11.854999542236328,0.0,0
2022-03-30,11.165603637695312,0.0,11.781700134277344,0.0,11.781700134277344,11.781700134277344,11.781700134277344,0.0,0
2022-03-31,10.991793632507324,0.0,11.598299980163574,0.0,11.598299980163574,11.598299980163574,11.598299980163574,0.0,0
2022-04-01,11.028185844421387,0.0,11.636699676513672,0.0,11.636699676513672,11.636699676513672,11.636699676513672,0.0,0
2022-04-04,11.118218421936035,0.0,11.73169994354248,0.0,11.73169994354248,11.73169994354248,11.73169994354248,0.0,0
2022-04-05,10.980801582336426,0.0,11.586700439453125,0.0,11.586700439453125,11.586700439453125,11.586700439453125,0.0,0
2022-04-06,10.873330116271973,0.0,11.473299980163574,0.0,11.473299980163574,11.473299980163574,11.473299980163574,0.0,0
2022-04-07,10.920716285705566,0.0,11.523300170898438,0.0,11.523300170898438,11.523300170898438,11.523300170898438,0.0,0
2022-04-08,10.892285346984863,0.0,11.493300437927246,0.0,11.493300437927246,11.493300437927246,11.493300437927246,0.0,0
2022-04-11,10.70909309387207,0.0,11.300000190734863,0.0,11.300000190734863,11.300000190734863,11.300000190734863,0.0,0
2022-04-12,10.672795295715332,0.0,11.261699676513672,0.0,11.261699676513672,11.261699676513672,11.261699676513672,0.0,0
2022-04-13,10.794386863708496,0.0,11.390000343322754,0.0,11.390000343322754,11.390000343322754,11.390000343322754,0.0,0
2022-04-14,10.66331958770752,0.0,11.251700401306152,0.0,11.251700401306152,11.251700401306152,11.251700401306152,0.0,0
2022-04-18,10.660096168518066,0.0,11.248299598693848,0.0,11.248299598693848,11.248299598693848,11.248299598693848,0.0,0
2022-04-19,10.832295417785645,0.0,11.430000305175781,0.0,11.430000305175781,11.430000305175781,11.430000305175781,0.0,0
2022-04-20,10.824427604675293,0.0,11.421699523925781,0.0,11.421699523925781,11.421699523925781,11.421699523925781,0.0,0
2022-04-21,10.6664457321167,0.0,11.255000114440918,0.0,11.255000114440918,11.255000114440918,11.255000114440918,0.0,0
2022-04-22,10.37104606628418,0.0,10.943300247192383,0.0,10.943300247192383,10.943300247192383,10.943300247192383,0.0,0
2022-04-25,10.429519653320312,0.0,11.005000114440918,0.0,11.005000114440918,11.005000114440918,11.005000114440918,0.0,0
2022-04-26,10.135729789733887,0.0,10.694999694824219,0.0,10.694999694824219,10.694999694824219,10.694999694824219,0.0,0
2022-04-27,10.157811164855957,0.0,10.718299865722656,0.0,10.718299865722656,10.718299865722656,10.718299865722656,0.0,0
2022-04-28,10.410565376281738,0.0,10.984999656677246,0.0,10.984999656677246,10.984999656677246,10.984999656677246,0.0,0
2022-04-29,10.033093452453613,0.0,10.586700439453125,0.0,10.586700439453125,10.586700439453125,10.586700439453125,0.0,0
2022-05-02,10.089956283569336,0.0,10.646699905395508,0.0,10.646699905395508,10.646699905395508,10.646699905395508,0.0,0
2022-05-03,10.138858795166016,0.0,10.6983003616333,0.0,10.6983003616333,10.6983003616333,10.6983003616333,0.0,0
2022-05-04,10.442123413085938,0.0,11.01830005645752,0.0,11.01830005645752,11.01830005645752,11.01830005645752,0.0,0
2022-05-05,10.071002006530762,0.0,10.626700401306152,0.0,10.626700401306152,10.626700401306152,10.626700401306152,0.0,0
2022-05-06,10.014138221740723,0.0,10.566699981689453,0.0,10.566699981689453,10.566699981689453,10.566699981689453,0.0,0
2022-05-09,9.695045471191406,0.0,10.229999542236328,0.0,10.229999542236328,10.229999542236328,10.229999542236328,0.0,0
2022-05-10,9.71873950958252,0.0,10.255000114440918,0.0,10.255000114440918,10.255000114440918,10.255000114440918,0.0,0
2022-05-11,9.559240341186523,0.0,10.086700439453125,0.0,10.086700439453125,10.086700439453125,10.086700439453125,0.0,0
2022-05-12,9.549761772155762,0.0,10.076700210571289,0.0,10.076700210571289,10.076700210571289,10.076700210571289,0.0,0
2022-05-13,9.778728485107422,0.0,10.318300247192383,0.0,10.318300247192383,10.318300247192383,10.318300247192383,0.0,0
2022-05-16,9.740819931030273,0.0,10.278300285339355,0.0,10.278300285339355,10.278300285339355,10.278300285339355,0.0,0
2022-05-17,9.938323020935059,0.0,10.486700057983398,0.0,10.486700057983398,10.486700057983398,10.486700057983398,0.0,0
2022-05-18,9.538674354553223,0.0,10.0649995803833,0.0,10.0649995803833,10.0649995803833,10.0649995803833,0.0,0
2022-05-19,9.48342227935791,0.0,10.006699562072754,0.0,10.006699562072754,10.006699562072754,10.006699562072754,0.0,0
2022-05-20,9.484939575195312,0.0,10.008299827575684,0.0,10.008299827575684,10.008299827575684,10.008299827575684,0.0,0
2022-05-23,9.66187572479248,0.0,10.194999694824219,0.0,10.194999694824219,10.194999694824219,10.194999694824219,0.0,0
2022-05-24,9.584449768066406,0.0,10.113300323486328,0.0,10.113300323486328,10.113300323486328,10.113300323486328,0.0,0
2022-05-25,9.674480438232422,0.0,10.20829963684082,0.0,10.20829963684082,10.20829963684082,10.20829963684082,0.0,0
2022-05-26,9.867244720458984,0.0,10.411700248718262,0.0,10.411700248718262,10.411700248718262,10.411700248718262,0.0,0
2022-05-27,10.1136474609375,0.0,10.671699523925781,0.0,10.671699523925781,10.671699523925781,10.671699523925781,0.0,0
2022-05-31,10.050436019897461,0.0,10.604999542236328,0.0,10.604999542236328,10.604999542236328,10.604999542236328,0.0,0
2022-06-01,9.976231575012207,0.0,10.526700019836426,0.0,10.526700019836426,10.526700019836426,10.526700019836426,0.0,0
2022-06-02,10.162549018859863,0.0,10.723299980163574,0.0,10.723299980163574,10.723299980163574,10.723299980163574,0.0,0
2022-06-03,9.99670124053955,0.0,10.548299789428711,0.0,10.548299789428711,10.548299789428711,10.548299789428711,0.0,0
2022-06-06,10.028355598449707,0.0,10.581700325012207,0.0,10.581700325012207,10.581700325012207,10.581700325012207,0.0,0
2022-06-07,10.124642372131348,0.0,10.683300018310547,0.0,10.683300018310547,10.683300018310547,10.683300018310547,0.0,0
2022-06-08,10.015656471252441,0.0,10.568300247192383,0.0,10.568300247192383,10.568300247192383,10.568300247192383,0.0,0
2022-06-09,9.777213096618652,0.0,10.316699981689453,0.0,10.316699981689453,10.316699981689453,10.316699981689453,0.0,0
2022-06-10,9.492899894714355,0.0,10.01669979095459,0.0,10.01669979095459,10.01669979095459,10.01669979095459,0.0,0
2022-06-13,9.126421928405762,0.0,9.630000114440918,0.0,9.630000114440918,9.630000114440918,9.630000114440918,0.0,0
2022-06-14,9.094862937927246,0.0,9.596699714660645,0.0,9.596699714660645,9.596699714660645,9.596699714660645,0.0,0
2022-06-15,9.227540969848633,0.0,9.736700057983398,0.0,9.736700057983398,9.736700057983398,9.736700057983398,0.0,0
2022-06-16,8.929014205932617,0.0,9.421699523925781,0.0,9.421699523925781,9.421699523925781,9.421699523925781,0.0,0
2022-06-17,8.947968482971191,0.0,9.441699981689453,0.0,9.441699981689453,9.441699981689453,9.441699981689453,0.0,0
2022-06-21,9.167457580566406,0.0,9.673299789428711,0.0,9.673299789428711,9.673299789428711,9.673299789428711,0.0,0
2022-06-22,9.156465530395508,0.0,9.661700248718262,0.0,9.661700248718262,9.661700248718262,9.661700248718262,0.0,0
2022-06-23,9.243273735046387,0.0,9.753299713134766,0.0,9.753299713134766,9.753299713134766,9.753299713134766,0.0,0
2022-06-24,9.526070594787598,0.0,10.0516996383667,0.0,10.0516996383667,10.0516996383667,10.0516996383667,0.0,0
2022-06-27,9.497638702392578,0.0,10.021699905395508,0.0,10.021699905395508,10.021699905395508,10.021699905395508,0.0,0
2022-06-28,9.306485176086426,0.0,9.819999694824219,0.0,9.819999694824219,9.819999694824219,9.819999694824219,0.0,0
2022-06-29,9.30174732208252,0.0,9.8149995803833,0.0,9.8149995803833,9.8149995803833,9.8149995803833,0.0,0
2022-06-30,9.221192359924316,0.0,9.729999542236328,0.0,9.729999542236328,9.729999542236328,9.729999542236328,0.0,0
2022-07-01,9.319090843200684,0.0,9.83329963684082,0.0,9.83329963684082,9.83329963684082,9.83329963684082,0.0,0
2022-07-05,9.334917068481445,0.0,9.850000381469727,0.0,9.850000381469727,9.850000381469727,9.850000381469727,0.0,0
2022-07-06,9.368087768554688,0.0,9.885000228881836,0.0,9.885000228881836,9.885000228881836,9.885000228881836,0.0,0
2022-07-07,9.510242462158203,0.0,10.03499984741211,0.0,10.03499984741211,10.03499984741211,10.03499984741211,0.0,0
2022-07-08,9.5023775100708,0.0,10.026700019836426,0.0,10.026700019836426,10.026700019836426,10.026700019836426,0.0,0
2022-07-11,9.393390655517578,0.0,9.911700248718262,0.0,9.911700248718262,9.911700248718262,9.911700248718262,0.0,0
2022-07-12,9.306485176086426,0.0,9.819999694824219,0.0,9.819999694824219,9.819999694824219,9.819999694824219,0.0,0
2022-07-13,9.265450477600098,0.0,9.776700019836426,0.0,9.776700019836426,9.776700019836426,9.776700019836426,0.0,0
2022-07-14,9.238534927368164,0.0,9.748299598693848,0.0,9.748299598693848,9.748299598693848,9.748299598693848,0.0,0
2022-07-15,9.417082786560059,0.0,9.936699867248535,0.0,9.936699867248535,9.936699867248535,9.936699867248535,0.0,0
2022-07-18,9.338044166564941,0.0,9.853300094604492,0.0,9.853300094604492,9.853300094604492,9.853300094604492,0.0,0
2022-07-19,9.595537185668945,0.0,10.125,0.0,10.125,10.125,10.125,0.0,0
2022-07-20,9.652399063110352,0.0,10.1850004196167,0.0,10.1850004196167,10.1850004196167,10.1850004196167,0.0,0
2022-07-21,9.748781204223633,0.0,10.286700248718262,0.0,10.286700248718262,10.286700248718262,10.286700248718262,0.0,0
2022-07-22,9.657137870788574,0.0,10.1899995803833,0.0,10.1899995803833,10.1899995803833,10.1899995803833,0.0,0
2022-07-25,9.669743537902832,0.0,10.203300476074219,0.0,10.203300476074219,10.203300476074219,10.203300476074219,0.0,0
2022-07-26,9.559240341186523,0.0,10.086700439453125,0.0,10.086700439453125,10.086700439453125,10.086700439453125,0.0,0
2022-07-27,9.808772087097168,0.0,10.350000381469727,0.0,10.350000381469727,10.350000381469727,10.350000381469727,0.0,0
2022-07-28,9.92884635925293,0.0,10.476699829101562,0.0,10.476699829101562,10.476699829101562,10.476699829101562,0.0,0
2022-07-29,10.071002006530762,0.0,10.626700401306152,0.0,10.626700401306152,10.626700401306152,10.626700401306152,0.0,0
2022-08-01,10.042570114135742,0.0,10.596699714660645,0.0,10.596699714660645,10.596699714660645,10.596699714660645,0.0,0
2022-08-02,9.976231575012207,0.0,10.526700019836426,0.0,10.526700019836426,10.526700019836426,10.526700019836426,0.0,0
2022-08-03,10.132601737976074,0.0,10.691699981689453,0.0,10.691699981689453,10.691699981689453,10.691699981689453,0.0,0
2022-08-04,10.124642372131348,0.0,10.683300018310547,0.0,10.683300018310547,10.683300018310547,10.683300018310547,0.0,0
2022-08-05,10.11042594909668,0.0,10.668299674987793,0.0,10.668299674987793,10.668299674987793,10.668299674987793,0.0,0
2022-08-08,10.097821235656738,0.0,10.654999732971191,0.0,10.654999732971191,10.654999732971191,10.654999732971191,0.0,0
2022-08-09,10.055174827575684,0.0,10.609999656677246,0.0,10.609999656677246,10.609999656677246,10.609999656677246,0.0,0
2022-08-10,10.270020484924316,0.0,10.836700439453125,0.0,10.836700439453125,10.836700439453125,10.836700439453125,0.0,0
2022-08-11,10.265281677246094,0.0,10.831700325012207,0.0,10.831700325012207,10.831700325012207,10.831700325012207,0.0,0
2022-08-12,10.445345878601074,0.0,11.021699905395508,0.0,11.021699905395508,11.021699905395508,11.021699905395508,0.0,0
2022-08-15,10.486381530761719,0.0,11.0649995803833,0.0,11.0649995803833,11.0649995803833,11.0649995803833,0.0,0
2022-08-16,10.50694751739502,0.0,11.086700439453125,0.0,11.086700439453125,11.086700439453125,11.086700439453125,0.0,0
2022-08-17,10.432645797729492,0.0,11.008299827575684,0.0,11.008299827575684,11.008299827575684,11.008299827575684,0.0,0
2022-08-18,10.4579496383667,0.0,11.03499984741211,0.0,11.03499984741211,11.03499984741211,11.03499984741211,0.0,0
2022-08-19,10.323660850524902,0.0,10.89330005645752,0.0,10.89330005645752,10.89330005645752,10.89330005645752,0.0,0
2022-08-22,10.102560043334961,0.0,10.65999984741211,0.0,10.65999984741211,10.65999984741211,10.65999984741211,0.0,0
2022-08-23,10.080477714538574,0.0,10.636699676513672,0.0,10.636699676513672,10.636699676513672,10.636699676513672,0.0,0
2022-08-24,10.11042594909668,0.0,10.668299674987793,0.0,10.668299674987793,10.668299674987793,10.668299674987793,0.0,0
2022-08-25,10.252582550048828,0.0,10.818300247192383,0.0,10.818300247192383,10.818300247192383,10.818300247192383,0.0,0
2022-08-26,9.908281326293945,0.0,10.454999923706055,0.0,10.454999923706055,10.454999923706055,10.454999923706055,0.0,0
2022-08-29,9.841940879821777,0.0,10.385000228881836,0.0,10.385000228881836,10.385000228881836,10.385000228881836,0.0,0
2022-08-30,9.734564781188965,0.0,10.271699905395508,0.0,10.271699905395508,10.271699905395508,10.271699905395508,0.0,0
2022-08-31,9.66026496887207,0.0,10.193300247192383,0.0,10.193300247192383,10.193300247192383,10.193300247192383,0.0,0
2022-09-01,9.690308570861816,0.0,10.225000381469727,0.0,10.225000381469727,10.225000381469727,10.225000381469727,0.0,0
2022-09-02,9.587672233581543,0.0,10.116700172424316,0.0,10.116700172424316,10.116700172424316,10.116700172424316,0.0,0
2022-09-06,9.548151016235352,0.0,10.074999809265137,0.0,10.074999809265137,10.074999809265137,10.074999809265137,0.0,0
2022-09-07,9.723478317260742,0.0,10.260000228881836,0.0,10.260000228881836,10.260000228881836,10.260000228881836,0.0,0
2022-09-08,9.789817810058594,0.0,10.329999923706055,0.0,10.329999923706055,10.329999923706055,10.329999923706055,0.0,0
2022-09-09,9.939839363098145,0.0,10.488300323486328,0.0,10.488300323486328,10.488300323486328,10.488300323486328,0.0,0
2022-09-12,10.045698165893555,0.0,10.600000381469727,0.0,10.600000381469727,10.600000381469727,10.600000381469727,0.0,0
2022-09-13,9.61136245727539,0.0,10.14169979095459,0.0,10.14169979095459,10.14169979095459,10.14169979095459,0.0,0
2022-09-14,9.646049499511719,0.0,10.178299903869629,0.0,10.178299903869629,10.178299903869629,10.178299903869629,0.0,0
2022-09-15,9.538674354553223,0.0,10.0649995803833,0.0,10.0649995803833,10.0649995803833,10.0649995803833,0.0,0
2022-09-16,9.469207763671875,0.0,9.991700172424316,0.0,9.991700172424316,9.991700172424316,9.991700172424316,0.0,0
2022-09-19,9.533936500549316,0.0,10.0600004196167,0.0,10.0600004196167,10.0600004196167,10.0600004196167,0.0,0
2022-09-20,9.426560401916504,0.0,9.946700096130371,0.0,9.946700096130371,9.946700096130371,9.946700096130371,0.0,0
2022-09-21,9.2669677734375,0.0,9.778300285339355,0.0,9.778300285339355,9.778300285339355,9.778300285339355,0.0,0
2022-09-22,9.18802261352539,0.0,9.694999694824219,0.0,9.694999694824219,9.694999694824219,9.694999694824219,0.0,0
2022-09-23,9.03003978729248,0.0,9.528300285339355,0.0,9.528300285339355,9.528300285339355,9.528300285339355,0.0,0
2022-09-26,8.936880111694336,0.0,9.430000305175781,0.0,9.430000305175781,9.430000305175781,9.430000305175781,0.0,0
2022-09-27,8.919537544250488,0.0,9.411700248718262,0.0,9.411700248718262,9.411700248718262,9.411700248718262,0.0,0
2022-09-28,9.094862937927246,0.0,9.596699714660645,0.0,9.596699714660645,9.596699714660645,9.596699714660645,0.0,0
2022-09-29,8.903711318969727,0.0,9.395000457763672,0.0,9.395000457763672,9.395000457763672,9.395000457763672,0.0,0
2022-09-30,8.771031379699707,0.0,9.255000114440918,0.0,9.255000114440918,9.255000114440918,9.255000114440918,0.0,0
2022-10-03,8.996870994567871,0.0,9.493300437927246,0.0,9.493300437927246,9.493300437927246,9.493300437927246,0.0,0
2022-10-04,9.2733154296875,0.0,9.78499984741211,0.0,9.78499984741211,9.78499984741211,9.78499984741211,0.0,0
2022-10-05,9.255973815917969,0.0,9.76669979095459,0.0,9.76669979095459,9.76669979095459,9.76669979095459,0.0,0
2022-10-06,9.162718772888184,0.0,9.668299674987793,0.0,9.668299674987793,9.668299674987793,9.668299674987793,0.0,0
2022-10-07,8.906837463378906,0.0,9.398300170898438,0.0,9.398300170898438,9.398300170898438,9.398300170898438,0.0,0
2022-10-10,8.840497970581055,0.0,9.328300476074219,0.0,9.328300476074219,9.328300476074219,9.328300476074219,0.0,0
2022-10-11,8.782118797302246,0.0,9.26669979095459,0.0,9.26669979095459,9.26669979095459,9.26669979095459,0.0,0
2022-10-12,8.75368881225586,0.0,9.236700057983398,0.0,9.236700057983398,9.236700057983398,9.236700057983398,0.0,0
2022-10-13,8.98265552520752,0.0,9.478300094604492,0.0,9.478300094604492,9.478300094604492,9.478300094604492,0.0,0
2022-10-14,8.76941967010498,0.0,9.253299713134766,0.0,9.253299713134766,9.253299713134766,9.253299713134766,0.0,0
2022-10-17,9.001608848571777,0.0,9.498299598693848,0.0,9.498299598693848,9.498299598693848,9.498299598693848,0.0,0
2022-10-18,9.105856895446777,0.0,9.60830020904541,0.0,9.60830020904541,9.60830020904541,9.60830020904541,0.0,0
2022-10-19,9.044255256652832,0.0,9.543299674987793,0.0,9.543299674987793,9.543299674987793,9.543299674987793,0.0,0
2022-10-20,8.973176002502441,0.0,9.468299865722656,0.0,9.468299865722656,9.468299865722656,9.468299865722656,0.0,0
2022-10-21,9.18641185760498,0.0,9.693300247192383,0.0,9.693300247192383,9.693300247192383,9.693300247192383,0.0,0
2022-10-24,9.295397758483887,0.0,9.808300018310547,0.0,9.808300018310547,9.808300018310547,9.808300018310547,0.0,0
2022-10-25,9.44703197479248,0.0,9.968299865722656,0.0,9.968299865722656,9.968299865722656,9.968299865722656,0.0,0
2022-10-26,9.377564430236816,0.0,9.895000457763672,0.0,9.895000457763672,9.895000457763672,9.895000457763672,0.0,0
2022-10-27,9.320701599121094,0.0,9.835000038146973,0.0,9.835000038146973,9.835000038146973,9.835000038146973,0.0,0
2022-10-28,9.55128002166748,0.0,10.078300476074219,0.0,10.078300476074219,10.078300476074219,10.078300476074219,0.0,0
2022-10-31,9.48020076751709,0.0,10.003299713134766,0.0,10.003299713134766,10.003299713134766,10.003299713134766,0.0,0
2022-11-01,9.440776824951172,0.0,9.961700439453125,0.0,9.961700439453125,9.961700439453125,9.961700439453125,0.0,0
2022-11-02,9.205366134643555,0.0,9.713299751281738,0.0,9.713299751281738,9.713299751281738,9.713299751281738,0.0,0
2022-11-03,9.109077453613281,0.0,9.611700057983398,0.0,9.611700057983398,9.611700057983398,9.611700057983398,0.0,0
2022-11-04,9.235408782958984,0.0,9.744999885559082,0.0,9.744999885559082,9.744999885559082,9.744999885559082,0.0,0
2022-11-07,9.323829650878906,0.0,9.838299751281738,0.0,9.838299751281738,9.838299751281738,9.838299751281738,0.0,0
2022-11-08,9.37595272064209,0.0,9.89330005645752,0.0,9.89330005645752,9.89330005645752,9.89330005645752,0.0,0
2022-11-09,9.183283805847168,0.0,9.6899995803833,0.0,9.6899995803833,9.6899995803833,9.6899995803833,0.0,0
2022-11-10,9.693434715270996,0.0,10.228300094604492,0.0,10.228300094604492,10.228300094604492,10.228300094604492,0.0,0
2022-11-11,9.781950950622559,0.0,10.321700096130371,0.0,10.321700096130371,10.321700096130371,10.321700096130371,0.0,0
2022-11-14,9.696657180786133,0.0,10.23169994354248,0.0,10.23169994354248,10.23169994354248,10.23169994354248,0.0,0
2022-11-15,9.781950950622559,0.0,10.321700096130371,0.0,10.321700096130371,10.321700096130371,10.321700096130371,0.0,0
2022-11-16,9.704523086547852,0.0,10.239999771118164,0.0,10.239999771118164,10.239999771118164,10.239999771118164,0.0,0
2022-11-17,9.676092147827148,0.0,10.210000038146973,0.0,10.210000038146973,10.210000038146973,10.210000038146973,0.0,0
2022-11-18,9.7218656539917,0.0,10.258299827575684,0.0,10.258299827575684,10.258299827575684,10.258299827575684,0.0,0
2022-11-21,9.685569763183594,0.0,10.220000267028809,0.0,10.220000267028809,10.220000267028809,10.220000267028809,0.0,0
2022-11-22,9.81663703918457,0.0,10.35830020904541,0.0,10.35830020904541,10.35830020904541,10.35830020904541,0.0,0
2022-11-23,9.876721382141113,0.0,10.421699523925781,0.0,10.421699523925781,10.421699523925781,10.421699523925781,0.0,0
2022-11-25,9.873498916625977,0.0,10.418299674987793,0.0,10.418299674987793,10.418299674987793,10.418299674987793,0.0,0
2022-11-28,9.72035026550293,0.0,10.256699562072754,0.0,10.256699562072754,10.256699562072754,10.256699562072754,0.0,0
2022-11-29,9.706134796142578,0.0,10.241700172424316,0.0,10.241700172424316,10.241700172424316,10.241700172424316,0.0,0
2022-11-30,10.009400367736816,0.0,10.561699867248535,0.0,10.561699867248535,10.561699867248535,10.561699867248535,0.0,0
2022-12-01,10.0030517578125,0.0,10.555000305175781,0.0,10.555000305175781,10.555000305175781,10.555000305175781,0.0,0
2022-12-02,9.991962432861328,0.0,10.543299674987793,0.0,10.543299674987793,10.543299674987793,10.543299674987793,0.0,0
2022-12-05,9.811898231506348,0.0,10.353300094604492,0.0,10.353300094604492,10.353300094604492,10.353300094604492,0.0,0
2022-12-06,9.671353340148926,0.0,10.204999923706055,0.0,10.204999923706055,10.204999923706055,10.204999923706055,0.0,0
2022-12-07,9.654010772705078,0.0,10.186699867248535,0.0,10.186699867248535,10.186699867248535,10.186699867248535,0.0,0
2022-12-08,9.728216171264648,0.0,10.265000343322754,0.0,10.265000343322754,10.265000343322754,10.265000343322754,0.0,0
2022-12-09,9.656180381774902,0.0,10.026700019836426,0.1635,10.026700019836426,10.026700019836426,10.026700019836426,0.0,0
2022-12-12,9.794184684753418,0.0,10.170000076293945,0.0,10.170000076293945,10.170000076293945,10.170000076293945,0.0,0
2022-12-13,9.864776611328125,0.0,10.243300437927246,0.0,10.243300437927246,10.243300437927246,10.243300437927246,0.0,0
2022-12-14,9.806992530822754,0.0,10.183300018310547,0.0,10.183300018310547,10.183300018310547,10.183300018310547,0.0,0
2022-12-15,9.563054084777832,0.0,9.930000305175781,0.0,9.930000305175781,9.930000305175781,9.930000305175781,0.0,0
2022-12-16,9.458755493164062,0.0,9.821700096130371,0.0,9.821700096130371,9.821700096130371,9.821700096130371,0.0,0
2022-12-19,9.373621940612793,0.0,9.73330020904541,0.0,9.73330020904541,9.73330020904541,9.73330020904541,0.0,0
2022-12-20,9.38325309753418,0.0,9.743300437927246,0.0,9.743300437927246,9.743300437927246,9.743300437927246,0.0,0
2022-12-21,9.524532318115234,0.0,9.890000343322754,0.0,9.890000343322754,9.890000343322754,9.890000343322754,0.0,0
2022-12-22,9.386527061462402,0.0,9.746700286865234,0.0,9.746700286865234,9.746700286865234,9.746700286865234,0.0,0
2022-12-23,9.442672729492188,0.0,9.805000305175781,0.0,9.805000305175781,9.805000305175781,9.805000305175781,0.0,0
2022-12-27,9.40415096282959,0.0,9.765000343322754,0.0,9.765000343322754,9.765000343322754,9.765000343322754,0.0,0
2022-12-28,9.291763305664062,0.0,9.648300170898438,0.0,9.648300170898438,9.648300170898438,9.648300170898438,0.0,0
2022-12-29,9.45548152923584,0.0,9.818300247192383,0.0,9.818300247192383,9.818300247192383,9.818300247192383,0.0,0
2022-12-30,9.431404113769531,0.0,9.793299674987793,0.0,9.793299674987793,9.793299674987793,9.793299674987793,0.0,0
2023-01-03,9.394519805908203,0.0,9.755000114440918,0.0,9.755000114440918,9.755000114440918,9.755000114440918,0.0,0
2023-01-04,9.465110778808594,0.0,9.828300476074219,0.0,9.828300476074219,9.828300476074219,9.828300476074219,0.0,0
2023-01-05,9.355998039245605,0.0,9.71500015258789,0.0,9.71500015258789,9.71500015258789,9.71500015258789,0.0,0
2023-01-06,9.571045875549316,0.0,9.938300132751465,0.0,9.938300132751465,9.938300132751465,9.938300132751465,0.0,0
2023-01-09,9.564690589904785,0.0,9.931699752807617,0.0,9.931699752807617,9.931699752807617,9.931699752807617,0.0,0
2023-01-10,9.63210391998291,0.0,10.001700401306152,0.0,10.001700401306152,10.001700401306152,10.001700401306152,0.0,0
2023-01-11,9.75566291809082,0.0,10.130000114440918,0.0,10.130000114440918,10.130000114440918,10.130000114440918,0.0,0
2023-01-12,9.789369583129883,0.0,10.164999961853027,0.0,10.164999961853027,10.164999961853027,10.164999961853027,0.0,0
2023-01-13,9.829527854919434,0.0,10.206700325012207,0.0,10.206700325012207,10.206700325012207,10.206700325012207,0.0,0
2023-01-17,9.810267448425293,0.0,10.186699867248535,0.0,10.186699867248535,10.186699867248535,10.186699867248535,0.0,0
2023-01-18,9.656180381774902,0.0,10.026700019836426,0.0,10.026700019836426,10.026700019836426,10.026700019836426,0.0,0
2023-01-19,9.583951950073242,0.0,9.951700210571289,0.0,9.951700210571289,9.951700210571289,9.951700210571289,0.0,0
2023-01-20,9.765294075012207,0.0,10.140000343322754,0.0,10.140000343322754,10.140000343322754,10.140000343322754,0.0,0
2023-01-23,9.882495880126953,0.0,10.261699676513672,0.0,10.261699676513672,10.261699676513672,10.261699676513672,0.0,0
2023-01-24,9.874405860900879,0.0,10.253299713134766,0.0,10.253299713134766,10.253299713134766,10.253299713134766,0.0,0
2023-01-25,9.8728666305542,0.0,10.251700401306152,0.0,10.251700401306152,10.251700401306152,10.251700401306152,0.0,0
2023-01-26,9.981979370117188,0.0,10.364999771118164,0.0,10.364999771118164,10.364999771118164,10.364999771118164,0.0,0
2023-01-27,10.007692337036133,0.0,10.39169979095459,0.0,10.39169979095459,10.39169979095459,10.39169979095459,0.0,0
2023-01-30,9.879220962524414,0.0,10.258299827575684,0.0,10.258299827575684,10.258299827575684,10.258299827575684,0.0,0
2023-01-31,10.02367877960205,0.0,10.408300399780273,0.0,10.408300399780273,10.408300399780273,10.408300399780273,0.0,0
2023-02-01,10.128072738647461,0.0,10.51669979095459,0.0,10.51669979095459,10.51669979095459,10.51669979095459,0.0,0
2023-02-02,10.277344703674316,0.0,10.671699523925781,0.0,10.671699523925781,10.671699523925781,10.671699523925781,0.0,0
2023-02-03,10.171409606933594,0.0,10.561699867248535,0.0,10.561699867248535,10.561699867248535,10.561699867248535,0.0,0
2023-02-06,10.110352516174316,0.0,10.498299598693848,0.0,10.498299598693848,10.498299598693848,10.498299598693848,0.0,0
2023-02-07,10.240364074707031,0.0,10.633299827575684,0.0,10.633299827575684,10.633299827575684,10.633299827575684,0.0,0
2023-02-08,10.128072738647461,0.0,10.51669979095459,0.0,10.51669979095459,10.51669979095459,10.51669979095459,0.0,0
2023-02-09,10.039761543273926,0.0,10.425000190734863,0.0,10.425000190734863,10.425000190734863,10.425000190734863,0.0,0
2023-02-10,10.063838005065918,0.0,10.449999809265137,0.0,10.449999809265137,10.449999809265137,10.449999809265137,0.0,0
2023-02-13,10.179403305053711,0.0,10.569999694824219,0.0,10.569999694824219,10.569999694824219,10.569999694824219,0.0,0
2023-02-14,10.179403305053711,0.0,10.569999694824219,0.0,10.569999694824219,10.569999694824219,10.569999694824219,0.0,0
2023-02-15,10.209932327270508,0.0,10.601699829101562,0.0,10.601699829101562,10.601699829101562,10.601699829101562,0.0,0
2023-02-16,10.070289611816406,0.0,10.456700325012207,0.0,10.456700325012207,10.456700325012207,10.456700325012207,0.0,0
2023-02-17,10.042940139770508,0.0,10.428299903869629,0.0,10.428299903869629,10.428299903869629,10.428299903869629,0.0,0
2023-02-21,9.842337608337402,0.0,10.220000267028809,0.0,10.220000267028809,10.220000267028809,10.220000267028809,0.0,0
2023-02-22,9.826254844665527,0.0,10.203300476074219,0.0,10.203300476074219,10.203300476074219,10.203300476074219,0.0,0
2023-02-23,9.880859375,0.0,10.260000228881836,0.0,10.260000228881836,10.260000228881836,10.260000228881836,0.0,0
2023-02-24,9.77656078338623,0.0,10.151700019836426,0.0,10.151700019836426,10.151700019836426,10.151700019836426,0.0,0
2023-02-27,9.806992530822754,0.0,10.183300018310547,0.0,10.183300018310547,10.183300018310547,10.183300018310547,0.0,0
2023-02-28,9.778100967407227,0.0,10.153300285339355,0.0,10.153300285339355,10.153300285339355,10.153300285339355,0.0,0
2023-03-01,9.733222961425781,0.0,10.10669994354248,0.0,10.10669994354248,10.10669994354248,10.10669994354248,0.0,0
2023-03-02,9.808629989624023,0.0,10.1850004196167,0.0,10.1850004196167,10.1850004196167,10.1850004196167,0.0,0
2023-03-03,9.967534065246582,0.0,10.350000381469727,0.0,10.350000381469727,10.350000381469727,10.350000381469727,0.0,0
2023-03-06,9.975525856018066,0.0,10.35830020904541,0.0,10.35830020904541,10.35830020904541,10.35830020904541,0.0,0
2023-03-07,9.823075294494629,0.0,10.199999809265137,0.0,10.199999809265137,10.199999809265137,10.199999809265137,0.0,0
2023-03-08,9.837522506713867,0.0,10.21500015258789,0.0,10.21500015258789,10.21500015258789,10.21500015258789,0.0,0
2023-03-09,9.657721519470215,0.0,10.028300285339355,0.0,10.028300285339355,10.028300285339355,10.028300285339355,0.0,0
2023-03-10,9.516538619995117,0.0,9.881699562072754,0.0,9.881699562072754,9.881699562072754,9.881699562072754,0.0,0
2023-03-13,9.500454902648926,0.0,9.864999771118164,0.0,9.864999771118164,9.864999771118164,9.864999771118164,0.0,0
2023-03-14,9.66253662109375,0.0,10.033300399780273,0.0,10.033300399780273,10.033300399780273,10.033300399780273,0.0,0
2023-03-15,9.595122337341309,0.0,9.963299751281738,0.0,9.963299751281738,9.963299751281738,9.963299751281738,0.0,0
2023-03-16,9.765294075012207,0.0,10.140000343322754,0.0,10.140000343322754,10.140000343322754,10.140000343322754,0.0,0
2023-03-17,9.657721519470215,0.0,10.028300285339355,0.0,10.028300285339355,10.028300285339355,10.028300285339355,0.0,0
2023-03-20,9.744396209716797,0.0,10.118300437927246,0.0,10.118300437927246,10.118300437927246,10.118300437927246,0.0,0
2023-03-21,9.871228218078613,0.0,10.25,0.0,10.25,10.25,10.25,0.0,0
2023-03-22,9.709148406982422,0.0,10.081700325012207,0.0,10.081700325012207,10.081700325012207,10.081700325012207,0.0,0
2023-03-23,9.739580154418945,0.0,10.113300323486328,0.0,10.113300323486328,10.113300323486328,10.113300323486328,0.0,0
2023-03-24,9.794184684753418,0.0,10.170000076293945,0.0,10.170000076293945,10.170000076293945,10.170000076293945,0.0,0
2023-03-27,9.810267448425293,0.0,10.186699867248535,0.0,10.186699867248535,10.186699867248535,10.186699867248535,0.0,0
2023-03-28,9.795821189880371,0.0,10.171699523925781,0.0,10.171699523925781,10.171699523925781,10.171699523925781,0.0,0
2023-03-29,9.935462951660156,0.0,10.316699981689453,0.0,10.316699981689453,10.316699981689453,10.316699981689453,0.0,0
2023-03-30,9.993247032165527,0.0,10.376700401306152,0.0,10.376700401306152,10.376700401306152,10.376700401306152,0.0,0
2023-03-31,10.137702941894531,0.0,10.526700019836426,0.0,10.526700019836426,10.526700019836426,10.526700019836426,0.0,0
2023-04-03,10.17458724975586,0.0,10.5649995803833,0.0,10.5649995803833,10.5649995803833,10.5649995803833,0.0,0
2023-04-04,10.116805076599121,0.0,10.505000114440918,0.0,10.505000114440918,10.505000114440918,10.505000114440918,0.0,0
2023-04-05,10.092729568481445,0.0,10.479999542236328,0.0,10.479999542236328,10.479999542236328,10.479999542236328,0.0,0
2023-04-06,10.131251335144043,0.0,10.520000457763672,0.0,10.520000457763672,10.520000457763672,10.520000457763672,0.0,0
2023-04-10,10.142518043518066,0.0,10.531700134277344,0.0,10.531700134277344,10.531700134277344,10.531700134277344,0.0,0
2023-04-11,10.140880584716797,0.0,10.529999732971191,0.0,10.529999732971191,10.529999732971191,10.529999732971191,0.0,0
2023-04-12,10.09918212890625,0.0,10.486700057983398,0.0,10.486700057983398,10.486700057983398,10.486700057983398,0.0,0
2023-04-13,10.23554801940918,0.0,10.628299713134766,0.0,10.628299713134766,10.628299713134766,10.628299713134766,0.0,0
2023-04-14,10.214747428894043,0.0,10.60669994354248,0.0,10.60669994354248,10.60669994354248,10.60669994354248,0.0,0
2023-04-17,10.248453140258789,0.0,10.64169979095459,0.0,10.64169979095459,10.64169979095459,10.64169979095459,0.0,0
2023-04-18,10.256446838378906,0.0,10.649999618530273,0.0,10.649999618530273,10.649999618530273,10.649999618530273,0.0,0
2023-04-19,10.256446838378906,0.0,10.649999618530273,0.0,10.649999618530273,10.649999618530273,10.649999618530273,0.0,0
2023-04-20,10.195486068725586,0.0,10.586700439453125,0.0,10.586700439453125,10.586700439453125,10.586700439453125,0.0,0
2023-04-21,10.205117225646973,0.0,10.596699714660645,0.0,10.596699714660645,10.596699714660645,10.596699714660645,0.0,0
2023-04-24,10.213109016418457,0.0,10.604999542236328,0.0,10.604999542236328,10.604999542236328,10.604999542236328,0.0,0
2023-04-25,10.052570343017578,0.0,10.438300132751465,0.0,10.438300132751465,10.438300132751465,10.438300132751465,0.0,0
2023-04-26,10.014047622680664,0.0,10.398300170898438,0.0,10.398300170898438,10.398300170898438,10.398300170898438,0.0,0
2023-04-27,10.209932327270508,0.0,10.601699829101562,0.0,10.601699829101562,10.601699829101562,10.601699829101562,0.0,0
2023-04-28,10.29496955871582,0.0,10.6899995803833,0.0,10.6899995803833,10.6899995803833,10.6899995803833,0.0,0
2023-05-01,10.291790008544922,0.0,10.686699867248535,0.0,10.686699867248535,10.686699867248535,10.686699867248535,0.0,0
2023-05-02,10.172951698303223,0.0,10.563300132751465,0.0,10.563300132751465,10.563300132751465,10.563300132751465,0.0,0
2023-05-03,10.1023588180542,0.0,10.489999771118164,0.0,10.489999771118164,10.489999771118164,10.489999771118164,0.0,0
2023-05-04,10.030130386352539,0.0,10.414999961853027,0.0,10.414999961853027,10.414999961853027,10.414999961853027,0.0,0
2023-05-05,10.216287612915039,0.0,10.60830020904541,0.0,10.60830020904541,10.60830020904541,10.60830020904541,0.0,0
2023-05-08,10.219563484191895,0.0,10.611700057983398,0.0,10.611700057983398,10.611700057983398,10.611700057983398,0.0,0
2023-05-09,10.17458724975586,0.0,10.5649995803833,0.0,10.5649995803833,10.5649995803833,10.5649995803833,0.0,0
2023-05-10,10.219563484191895,0.0,10.611700057983398,0.0,10.611700057983398,10.611700057983398,10.611700057983398,0.0,0
2023-05-11,10.205117225646973,0.0,10.596699714660645,0.0,10.596699714660645,10.596699714660645,10.596699714660645,0.0,0
2023-05-12,10.19067096710205,0.0,10.581700325012207,0.0,10.581700325012207,10.581700325012207,10.581700325012207,0.0,0
2023-05-15,10.222740173339844,0.0,10.614999771118164,0.0,10.614999771118164,10.614999771118164,10.614999771118164,0.0,0
2023-05-16,10.1585054397583,0.0,10.548299789428711,0.0,10.548299789428711,10.548299789428711,10.548299789428711,0.0,0
2023-05-17,10.280523300170898,0.0,10.675000190734863,0.0,10.675000190734863,10.675000190734863,10.675000190734863,0.0,0
2023-05-18,10.3800048828125,0.0,10.778300285339355,0.0,10.778300285339355,10.778300285339355,10.778300285339355,0.0,0
2023-05-19,10.365560531616211,0.0,10.763299942016602,0.0,10.763299942016602,10.763299942016602,10.763299942016602,0.0,0
2023-05-22,10.36719799041748,0.0,10.765000343322754,0.0,10.765000343322754,10.765000343322754,10.765000343322754,0.0,0
2023-05-23,10.251631736755371,0.0,10.645000457763672,0.0,10.645000457763672,10.645000457763672,10.645000457763672,0.0,0
2023-05-24,10.176224708557129,0.0,10.566699981689453,0.0,10.566699981689453,10.566699981689453,10.566699981689453,0.0,0
2023-05-25,10.266077041625977,0.0,10.65999984741211,0.0,10.65999984741211,10.65999984741211,10.65999984741211,0.0,0
2023-05-26,10.400903701782227,0.0,10.800000190734863,0.0,10.800000190734863,10.800000190734863,10.800000190734863,0.0,0
2023-05-30,10.400903701782227,0.0,10.800000190734863,0.0,10.800000190734863,10.800000190734863,10.800000190734863,0.0,0
2023-05-31,10.339942932128906,0.0,10.736700057983398,0.0,10.736700057983398,10.736700057983398,10.736700057983398,0.0,0
2023-06-01,10.444241523742676,0.0,10.845000267028809,0.0,10.845000267028809,10.845000267028809,10.845000267028809,0.0,0
2023-06-02,10.59669017791748,0.0,11.003299713134766,0.0,11.003299713134766,11.003299713134766,11.003299713134766,0.0,0
2023-06-05,10.575889587402344,0.0,10.98169994354248,0.0,10.98169994354248,10.98169994354248,10.98169994354248,0.0,0
2023-06-06,10.59996509552002,0.0,11.006699562072754,0.0,11.006699562072754,11.006699562072754,11.006699562072754,0.0,0
2023-06-07,10.559806823730469,0.0,10.96500015258789,0.0,10.96500015258789,10.96500015258789,10.96500015258789,0.0,0
2023-06-08,10.627219200134277,0.0,11.03499984741211,0.0,11.03499984741211,11.03499984741211,11.03499984741211,0.0,0
2023-06-09,10.640028953552246,0.0,11.048299789428711,0.0,11.048299789428711,11.048299789428711,11.048299789428711,0.0,0
2023-06-12,10.737969398498535,0.0,11.149999618530273,0.0,11.149999618530273,11.149999618530273,11.149999618530273,0.0,0
2023-06-13,10.813376426696777,0.0,11.228300094604492,0.0,11.228300094604492,11.228300094604492,11.228300094604492,0.0,0
2023-06-14,10.824644088745117,0.0,11.239999771118164,0.0,11.239999771118164,11.239999771118164,11.239999771118164,0.0,0
2023-06-15,10.957833290100098,0.0,11.378299713134766,0.0,11.378299713134766,11.378299713134766,11.378299713134766,0.0,0
2023-06-16,10.91777229309082,0.0,11.336700439453125,0.0,11.336700439453125,11.336700439453125,11.336700439453125,0.0,0
2023-06-20,10.866345405578613,0.0,11.283300399780273,0.0,11.283300399780273,11.283300399780273,11.283300399780273,0.0,0
2023-06-21,10.810199737548828,0.0,11.225000381469727,0.0,11.225000381469727,11.225000381469727,11.225000381469727,0.0,0
2023-06-22,10.851899147033691,0.0,11.26830005645752,0.0,11.26830005645752,11.26830005645752,11.26830005645752,0.0,0
2023-06-23,10.768498420715332,0.0,11.181699752807617,0.0,11.181699752807617,11.181699752807617,11.181699752807617,0.0,0
2023-06-26,10.720346450805664,0.0,11.131699562072754,0.0,11.131699562072754,11.131699562072754,11.131699562072754,0.0,0
2023-06-27,10.842267990112305,0.0,11.258299827575684,0.0,11.258299827575684,11.258299827575684,11.258299827575684,0.0,0
2023-06-28,10.839089393615723,0.0,11.255000114440918,0.0,11.255000114440918,11.255000114440918,11.255000114440918,0.0,0
2023-06-29,10.888879776000977,0.0,11.306699752807617,0.0,11.306699752807617,11.306699752807617,11.306699752807617,0.0,0
2023-06-30,11.022068977355957,0.0,11.444999694824219,0.0,11.444999694824219,11.444999694824219,11.444999694824219,0.0,0
2023-07-03,11.036514282226562,0.0,11.460000038146973,0.0,11.460000038146973,11.460000038146973,11.460000038146973,0.0,0
2023-07-05,11.015616416931152,0.0,11.438300132751465,0.0,11.438300132751465,11.438300132751465,11.438300132751465,0.0,0
2023-07-06,10.92894172668457,0.0,11.348299980163574,0.0,11.348299980163574,11.348299980163574,11.348299980163574,0.0,0
2023-07-07,10.90005111694336,0.0,11.318300247192383,0.0,11.318300247192383,11.318300247192383,11.318300247192383,0.0,0
2023-07-10,10.925764083862305,0.0,11.345000267028809,0.0,11.345000267028809,11.345000267028809,11.345000267028809,0.0,0
2023-07-11,10.925764083862305,0.0,11.345000267028809,0.0,11.345000267028809,11.345000267028809,11.345000267028809,0.0,0
2023-07-12,11.081488609313965,0.0,11.506699562072754,0.0,11.506699562072754,11.506699562072754,11.506699562072754,0.0,0
2023-07-13,11.176156044006348,0.0,11.604999542236328,0.0,11.604999542236328,11.604999542236328,11.604999542236328,0.0,0
2023-07-14,11.164888381958008,0.0,11.593299865722656,0.0,11.593299865722656,11.593299865722656,11.593299865722656,0.0,0
2023-07-17,11.208226203918457,0.0,11.638299942016602,0.0,11.638299942016602,11.638299942016602,11.638299942016602,0.0,0
2023-07-18,11.288543701171875,0.0,11.721699714660645,0.0,11.721699714660645,11.721699714660645,11.721699714660645,0.0,0
2023-07-19,11.31416130065918,0.0,11.748299598693848,0.0,11.748299598693848,11.748299598693848,11.748299598693848,0.0,0
2023-07-20,11.240391731262207,0.0,11.671699523925781,0.0,11.671699523925781,11.671699523925781,11.671699523925781,0.0,0
2023-07-21,11.243570327758789,0.0,11.675000190734863,0.0,11.675000190734863,11.675000190734863,11.675000190734863,0.0,0
2023-07-24,11.288543701171875,0.0,11.721699714660645,0.0,11.721699714660645,11.721699714660645,11.721699714660645,0.0,0
2023-07-25,11.320612907409668,0.0,11.755000114440918,0.0,11.755000114440918,11.755000114440918,11.755000114440918,0.0,0
2023-07-26,11.318976402282715,0.0,11.753299713134766,0.0,11.753299713134766,11.753299713134766,11.753299713134766,0.0,0
2023-07-27,11.246747970581055,0.0,11.678299903869629,0.0,11.678299903869629,11.678299903869629,11.678299903869629,0.0,0
2023-07-28,11.359135627746582,0.0,11.795000076293945,0.0,11.795000076293945,11.795000076293945,11.795000076293945,0.0,0
2023-07-31,11.37675952911377,0.0,11.813300132751465,0.0,11.813300132751465,11.813300132751465,11.813300132751465,0.0,0
2023-08-01,11.346325874328613,0.0,11.781700134277344,0.0,11.781700134277344,11.781700134277344,11.781700134277344,0.0,0
2023-08-02,11.188965797424316,0.0,11.618300437927246,0.0,11.618300437927246,11.618300437927246,11.618300437927246,0.0,0
2023-08-03,11.161710739135742,0.0,11.59000015258789,0.0,11.59000015258789,11.59000015258789,11.59000015258789,0.0,0
2023-08-04,11.102291107177734,0.0,11.528300285339355,0.0,11.528300285339355,11.528300285339355,11.528300285339355,0.0,0
2023-08-07,11.203410148620605,0.0,11.633299827575684,0.0,11.633299827575684,11.633299827575684,11.633299827575684,0.0,0
2023-08-08,11.156895637512207,0.0,11.585000038146973,0.0,11.585000038146973,11.585000038146973,11.585000038146973,0.0,0
2023-08-09,11.078215599060059,0.0,11.503299713134766,0.0,11.503299713134766,11.503299713134766,11.503299713134766,0.0,0
2023-08-10,11.083030700683594,0.0,11.508299827575684,0.0,11.508299827575684,11.508299827575684,11.508299827575684,0.0,0
2023-08-11,11.07339859008789,0.0,11.498299598693848,0.0,11.498299598693848,11.498299598693848,11.498299598693848,0.0,0
2023-08-14,11.13763427734375,0.0,11.5649995803833,0.0,11.5649995803833,11.5649995803833,11.5649995803833,0.0,0
2023-08-15,11.009261131286621,0.0,11.431699752807617,0.0,11.431699752807617,11.431699752807617,11.431699752807617,0.0,0
2023-08-16,10.92894172668457,0.0,11.348299980163574,0.0,11.348299980163574,11.348299980163574,11.348299980163574,0.0,0
2023-08-17,10.847084045410156,0.0,11.263299942016602,0.0,11.263299942016602,11.263299942016602,11.263299942016602,0.0,0
2023-08-18,10.845541954040527,0.0,11.261699676513672,0.0,11.261699676513672,11.261699676513672,11.261699676513672,0.0,0
2023-08-21,10.92094898223877,0.0,11.34000015258789,0.0,11.34000015258789,11.34000015258789,11.34000015258789,0.0,0
2023-08-22,10.890419960021973,0.0,11.308300018310547,0.0,11.308300018310547,11.308300018310547,11.308300018310547,0.0,0
2023-08-23,11.010801315307617,0.0,11.433300018310547,0.0,11.433300018310547,11.433300018310547,11.433300018310547,0.0,0
2023-08-24,10.863165855407715,0.0,11.279999732971191,0.0,11.279999732971191,11.279999732971191,11.279999732971191,0.0,0
2023-08-25,10.937032699584961,0.0,11.35669994354248,0.0,11.35669994354248,11.35669994354248,11.35669994354248,0.0,0
2023-08-28,11.005986213684082,0.0,11.428299903869629,0.0,11.428299903869629,11.428299903869629,11.428299903869629,0.0,0
2023-08-29,11.166525840759277,0.0,11.595000267028809,0.0,11.595000267028809,11.595000267028809,11.595000267028809,0.0,0
2023-08-30,11.21150016784668,0.0,11.64169979095459,0.0,11.64169979095459,11.64169979095459,11.64169979095459,0.0,0
2023-08-31,11.195417404174805,0.0,11.625,0.0,11.625,11.625,11.625,0.0,0
2023-09-01,11.216315269470215,0.0,11.646699905395508,0.0,11.646699905395508,11.646699905395508,11.646699905395508,0.0,0
2023-09-05,11.16970443725586,0.0,11.598299980163574,0.0,11.598299980163574,11.598299980163574,11.598299980163574,0.0,0
2023-09-06,11.092659950256348,0.0,11.51830005645752,0.0,11.51830005645752,11.51830005645752,11.51830005645752,0.0,0
2023-09-07,11.057412147521973,0.0,11.48169994354248,0.0,11.48169994354248,11.48169994354248,11.48169994354248,0.0,0
2023-09-08,11.07503604888916,0.0,11.5,0.0,11.5,11.5,11.5,0.0,0
2023-09-11,11.14890193939209,0.0,11.576700210571289,0.0,11.576700210571289,11.576700210571289,11.576700210571289,0.0,0
2023-09-12,11.0863037109375,0.0,11.511699676513672,0.0,11.511699676513672,11.511699676513672,11.511699676513672,0.0,0
2023-09-13,11.099113464355469,0.0,11.524999618530273,0.0,11.524999618530273,11.524999618530273,11.524999618530273,0.0,0
2023-09-14,11.197054862976074,0.0,11.626700401306152,0.0,11.626700401306152,11.626700401306152,11.626700401306152,0.0,0
2023-09-15,11.060590744018555,0.0,11.484999656677246,0.0,11.484999656677246,11.484999656677246,11.484999656677246,0.0,0
2023-09-18,11.060590744018555,0.0,11.484999656677246,0.0,11.484999656677246,11.484999656677246,11.484999656677246,0.0,0
2023-09-19,11.04450798034668,0.0,11.468299865722656,0.0,11.468299865722656,11.468299865722656,11.468299865722656,0.0,0
2023-09-20,10.94184684753418,0.0,11.361700057983398,0.0,11.361700057983398,11.361700057983398,11.361700057983398,0.0,0
2023-09-21,10.76368236541748,0.0,11.1766996383667,0.0,11.1766996383667,11.1766996383667,11.1766996383667,0.0,0
2023-09-22,10.737969398498535,0.0,11.149999618530273,0.0,11.149999618530273,11.149999618530273,11.149999618530273,0.0,0
2023-09-25,10.781307220458984,0.0,11.194999694824219,0.0,11.194999694824219,11.194999694824219,11.194999694824219,0.0,0
2023-09-26,10.624042510986328,0.0,11.031700134277344,0.0,11.031700134277344,11.031700134277344,11.031700134277344,0.0,0
2023-09-27,10.62558364868164,0.0,11.033300399780273,0.0,11.033300399780273,11.033300399780273,11.033300399780273,0.0,0
2023-09-28,10.689818382263184,0.0,11.100000381469727,0.0,11.100000381469727,11.100000381469727,11.100000381469727,0.0,0
2023-09-29,10.660926818847656,0.0,11.069999694824219,0.0,11.069999694824219,11.069999694824219,11.069999694824219,0.0,0
2023-10-02,10.662564277648926,0.0,11.071700096130371,0.0,11.071700096130371,11.071700096130371,11.071700096130371,0.0,0
2023-10-03,10.51646900177002,0.0,10.920000076293945,0.0,10.920000076293945,10.920000076293945,10.920000076293945,0.0,0
2023-10-04,10.601506233215332,0.0,11.008299827575684,0.0,11.008299827575684,11.008299827575684,11.008299827575684,0.0,0
2023-10-05,10.590335845947266,0.0,10.996700286865234,0.0,10.996700286865234,10.996700286865234,10.996700286865234,0.0,0
2023-10-06,10.717071533203125,0.0,11.128299713134766,0.0,11.128299713134766,11.128299713134766,11.128299713134766,0.0,0
2023-10-09,10.784485816955566,0.0,11.1983003616333,0.0,11.1983003616333,11.1983003616333,11.1983003616333,0.0,0
2023-10-10,10.840726852416992,0.0,11.256699562072754,0.0,11.256699562072754,11.256699562072754,11.256699562072754,0.0,0
2023-10-11,10.887243270874023,0.0,11.305000305175781,0.0,11.305000305175781,11.305000305175781,11.305000305175781,0.0,0
2023-10-12,10.821466445922852,0.0,11.236700057983398,0.0,11.236700057983398,11.236700057983398,11.236700057983398,0.0,0
2023-10-13,10.766862869262695,0.0,11.180000305175781,0.0,11.180000305175781,11.180000305175781,11.180000305175781,0.0,0
2023-10-16,10.880790710449219,0.0,11.298299789428711,0.0,11.298299789428711,11.298299789428711,11.298299789428711,0.0,0
2023-10-17,10.87924861907959,0.0,11.296699523925781,0.0,11.296699523925781,11.296699523925781,11.296699523925781,0.0,0
2023-10-18,10.734792709350586,0.0,11.146699905395508,0.0,11.146699905395508,11.146699905395508,11.146699905395508,0.0,0
2023-10-19,10.643301963806152,0.0,11.0516996383667,0.0,11.0516996383667,11.0516996383667,11.0516996383667,0.0,0
2023-10-20,10.510017395019531,0.0,10.913299560546875,0.0,10.913299560546875,10.913299560546875,10.913299560546875,0.0,0
2023-10-23,10.492393493652344,0.0,10.895000457763672,0.0,10.895000457763672,10.895000457763672,10.895000457763672,0.0,0
2023-10-24,10.569437980651855,0.0,10.975000381469727,0.0,10.975000381469727,10.975000381469727,10.975000381469727,0.0,0
2023-10-25,10.416986465454102,0.0,10.816699981689453,0.0,10.816699981689453,10.816699981689453,10.816699981689453,0.0,0
2023-10-26,10.29496955871582,0.0,10.6899995803833,0.0,10.6899995803833,10.6899995803833,10.6899995803833,0.0,0
2023-10-27,10.245179176330566,0.0,10.638299942016602,0.0,10.638299942016602,10.638299942016602,10.638299942016602,0.0,0
2023-10-30,10.368834495544434,0.0,10.76669979095459,0.0,10.76669979095459,10.76669979095459,10.76669979095459,0.0,0
2023-10-31,10.437788963317871,0.0,10.838299751281738,0.0,10.838299751281738,10.838299751281738,10.838299751281738,0.0,0
2023-11-01,10.546998023986816,0.0,10.951700210571289,0.0,10.951700210571289,10.951700210571289,10.951700210571289,0.0,0
2023-11-02,10.745964050292969,0.0,11.158300399780273,0.0,11.158300399780273,11.158300399780273,11.158300399780273,0.0,0
2023-11-03,10.847084045410156,0.0,11.263299942016602,0.0,11.263299942016602,11.263299942016602,11.263299942016602,0.0,0
2023-11-06,10.866345405578613,0.0,11.283300399780273,0.0,11.283300399780273,11.283300399780273,11.283300399780273,0.0,0
2023-11-07,10.898510932922363,0.0,11.316699981689453,0.0,11.316699981689453,11.316699981689453,11.316699981689453,0.0,0
2023-11-08,10.90968132019043,0.0,11.328300476074219,0.0,11.328300476074219,11.328300476074219,11.328300476074219,0.0,0
2023-11-09,10.823007583618164,0.0,11.238300323486328,0.0,11.238300323486328,11.238300323486328,11.238300323486328,0.0,0
2023-11-10,10.9948148727417,0.0,11.41670036315918,0.0,11.41670036315918,11.41670036315918,11.41670036315918,0.0,0
2023-11-13,10.985183715820312,0.0,11.406700134277344,0.0,11.406700134277344,11.406700134277344,11.406700134277344,0.0,0
2023-11-14,11.197054862976074,0.0,11.626700401306152,0.0,11.626700401306152,11.626700401306152,11.626700401306152,0.0,0
2023-11-15,11.217856407165527,0.0,11.648300170898438,0.0,11.648300170898438,11.648300170898438,11.648300170898438,0.0,0
2023-11-16,11.233939170837402,0.0,11.664999961853027,0.0,11.664999961853027,11.664999961853027,11.664999961853027,0.0,0
2023-11-17,11.248385429382324,0.0,11.680000305175781,0.0,11.680000305175781,11.680000305175781,11.680000305175781,0.0,0
2023-11-20,11.331880569458008,0.0,11.76669979095459,0.0,11.76669979095459,11.76669979095459,11.76669979095459,0.0,0
2023-11-21,11.309346199035645,0.0,11.743300437927246,0.0,11.743300437927246,11.743300437927246,11.743300437927246,0.0,0
2023-11-22,11.355957984924316,0.0,11.79170036315918,0.0,11.79170036315918,11.79170036315918,11.79170036315918,0.0,0
2023-11-24,11.362313270568848,0.0,11.798299789428711,0.0,11.798299789428711,11.798299789428711,11.798299789428711,0.0,0
2023-11-27,11.341511726379395,0.0,11.776700019836426,0.0,11.776700019836426,11.776700019836426,11.776700019836426,0.0,0
2023-11-28,11.352683067321777,0.0,11.788299560546875,0.0,11.788299560546875,11.788299560546875,11.788299560546875,0.0,0
2023-11-29,11.343052864074707,0.0,11.778300285339355,0.0,11.778300285339355,11.778300285339355,11.778300285339355,0.0,0
2023-11-30,11.389664649963379,0.0,11.826700210571289,0.0,11.826700210571289,11.826700210571289,11.826700210571289,0.0,0
2023-12-01,11.457076072692871,0.0,11.896699905395508,0.0,11.896699905395508,11.896699905395508,11.896699905395508,0.0,0
2023-12-04,11.396018981933594,0.0,11.83329963684082,0.0,11.83329963684082,11.83329963684082,11.83329963684082,0.0,0
2023-12-05,11.389664649963379,0.0,11.826700210571289,0.0,11.826700210571289,11.826700210571289,11.826700210571289,0.0,0
2023-12-06,11.346325874328613,0.0,11.781700134277344,0.0,11.781700134277344,11.781700134277344,11.781700134277344,0.0,0
2023-12-07,11.437816619873047,0.0,11.876700401306152,0.0,11.876700401306152,11.876700401306152,11.876700401306152,0.0,0
2023-12-08,11.486034393310547,0.0,11.751700401306152,0.174333,11.751700401306152,11.751700401306152,11.751700401306152,0.0,0
2023-12-11,11.530016899108887,0.0,11.796699523925781,0.0,11.796699523925781,11.796699523925781,11.796699523925781,0.0,0
2023-12-12,11.583773612976074,0.0,11.851699829101562,0.0,11.851699829101562,11.851699829101562,11.851699829101562,0.0,0
2023-12-13,11.741721153259277,0.0,12.013299942016602,0.0,12.013299942016602,12.013299942016602,12.013299942016602,0.0,0
2023-12-14,11.77592945098877,0.0,12.048299789428711,0.0,12.048299789428711,12.048299789428711,12.048299789428711,0.0,0
2023-12-15,11.77592945098877,0.0,12.048299789428711,0.0,12.048299789428711,12.048299789428711,12.048299789428711,0.0,0
2023-12-18,11.82968521118164,0.0,12.103300094604492,0.0,12.103300094604492,12.103300094604492,12.103300094604492,0.0,0
2023-12-19,11.899765014648438,0.0,12.175000190734863,0.0,12.175000190734863,12.175000190734863,12.175000190734863,0.0,0
2023-12-20,11.725495338439941,0.0,11.996700286865234,0.0,11.996700286865234,11.996700286865234,11.996700286865234,0.0,0
2023-12-21,11.84766960144043,0.0,12.121700286865234,0.0,12.121700286865234,12.121700286865234,12.121700286865234,0.0,0
2023-12-22,11.867218017578125,0.0,12.14169979095459,0.0,12.14169979095459,12.14169979095459,12.14169979095459,0.0,0
2023-12-26,11.91608715057373,0.0,12.191699981689453,0.0,12.191699981689453,12.191699981689453,12.191699981689453,0.0,0
2023-12-27,11.935635566711426,0.0,12.211700439453125,0.0,12.211700439453125,12.211700439453125,12.211700439453125,0.0,0
2023-12-28,11.940521240234375,0.0,12.216699600219727,0.0,12.216699600219727,12.216699600219727,12.216699600219727,0.0,0
2023-12-29,11.907876968383789,0.0,12.183300018310547,0.0,12.183300018310547,12.183300018310547,12.183300018310547,0.0,0
2024-01-02,11.841120719909668,0.0,12.114999771118164,0.0,12.114999771118164,12.114999771118164,12.114999771118164,0.0,0
2024-01-03,11.746607780456543,0.0,12.01830005645752,0.0,12.01830005645752,12.01830005645752,12.01830005645752,0.0,0
2024-01-04,11.707511901855469,0.0,11.978300094604492,0.0,11.978300094604492,11.978300094604492,11.978300094604492,0.0,0
2024-01-05,11.728721618652344,0.0,12.0,0.0,12.0,12.0,12.0,0.0,0
2024-01-08,11.894878387451172,0.0,12.170000076293945,0.0,12.170000076293945,12.170000076293945,12.170000076293945,0.0,0
2024-01-09,11.878556251525879,0.0,12.153300285339355,0.0,12.153300285339355,12.153300285339355,12.153300285339355,0.0,0
2024-01-10,11.945408821105957,0.0,12.221699714660645,0.0,12.221699714660645,12.221699714660645,12.221699714660645,0.0,0
2024-01-11,11.938860893249512,0.0,12.21500015258789,0.0,12.21500015258789,12.21500015258789,12.21500015258789,0.0,0
2024-01-12,11.94863510131836,0.0,12.225000381469727,0.0,12.225000381469727,12.225000381469727,12.225000381469727,0.0,0
2024-01-16,11.902990341186523,0.0,12.178299903869629,0.0,12.178299903869629,12.178299903869629,12.178299903869629,0.0,0
2024-01-17,11.837895393371582,0.0,12.111700057983398,0.0,12.111700057983398,12.111700057983398,12.111700057983398,0.0,0
2024-01-18,11.942085266113281,0.0,12.218299865722656,0.0,12.218299865722656,12.218299865722656,12.218299865722656,0.0,0
2024-01-19,12.090356826782227,0.0,12.369999885559082,0.0,12.369999885559082,12.369999885559082,12.369999885559082,0.0,0
2024-01-22,12.116453170776367,0.0,12.396699905395508,0.0,12.396699905395508,12.396699905395508,12.396699905395508,0.0,0
2024-01-23,12.152225494384766,0.0,12.433300018310547,0.0,12.433300018310547,12.433300018310547,12.433300018310547,0.0,0
2024-01-24,12.161999702453613,0.0,12.443300247192383,0.0,12.443300247192383,12.443300247192383,12.443300247192383,0.0,0
2024-01-25,12.227191925048828,0.0,12.510000228881836,0.0,12.510000228881836,12.510000228881836,12.510000228881836,0.0,0
2024-01-26,12.219079971313477,0.0,12.501700401306152,0.0,12.501700401306152,12.501700401306152,12.501700401306152,0.0,0
2024-01-29,12.311931610107422,0.0,12.596699714660645,0.0,12.596699714660645,12.596699714660645,12.596699714660645,0.0,0
2024-01-30,12.305383682250977,0.0,12.59000015258789,0.0,12.59000015258789,12.59000015258789,12.59000015258789,0.0,0
2024-01-31,12.10667896270752,0.0,12.386699676513672,0.0,12.386699676513672,12.386699676513672,12.386699676513672,0.0,0
2024-02-01,12.259737968444824,0.0,12.543299674987793,0.0,12.543299674987793,12.543299674987793,12.543299674987793,0.0,0
2024-02-02,12.390122413635254,0.0,12.6766996383667,0.0,12.6766996383667,12.6766996383667,12.6766996383667,0.0,0
2024-02-05,12.351027488708496,0.0,12.636699676513672,0.0,12.636699676513672,12.636699676513672,12.636699676513672,0.0,0
2024-02-06,12.380349159240723,0.0,12.66670036315918,0.0,12.66670036315918,12.66670036315918,12.66670036315918,0.0,0
2024-02-07,12.482975959777832,0.0,12.771699905395508,0.0,12.771699905395508,12.771699905395508,12.771699905395508,0.0,0
2024-02-08,12.491087913513184,0.0,12.779999732971191,0.0,12.779999732971191,12.779999732971191,12.779999732971191,0.0,0
2024-02-09,12.56439208984375,0.0,12.854999542236328,0.0,12.854999542236328,12.854999542236328,12.854999542236328,0.0,0
2024-02-12,12.551393508911133,0.0,12.841699600219727,0.0,12.841699600219727,12.841699600219727,12.841699600219727,0.0,0
2024-02-13,12.381912231445312,0.0,12.668299674987793,0.0,12.668299674987793,12.668299674987793,12.668299674987793,0.0,0
2024-02-14,12.502523422241211,0.0,12.79170036315918,0.0,12.79170036315918,12.79170036315918,12.79170036315918,0.0,0
2024-02-15,12.579052925109863,0.0,12.869999885559082,0.0,12.869999885559082,12.869999885559082,12.869999885559082,0.0,0
2024-02-16,12.52040958404541,0.0,12.8100004196167,0.0,12.8100004196167,12.8100004196167,12.8100004196167,0.0,0
2024-02-20,12.445444107055664,0.0,12.73330020904541,0.0,12.73330020904541,12.73330020904541,12.73330020904541,0.0,0
2024-02-21,12.461766242980957,0.0,12.75,0.0,12.75,12.75,12.75,0.0,0
2024-02-22,12.725662231445312,0.0,13.020000457763672,0.0,13.020000457763672,13.020000457763672,13.020000457763672,0.0,0
2024-02-23,12.730548858642578,0.0,13.024999618530273,0.0,13.024999618530273,13.024999618530273,13.024999618530273,0.0,0
2024-02-26,12.681680679321289,0.0,12.975000381469727,0.0,12.975000381469727,12.975000381469727,12.975000381469727,0.0,0
2024-02-27,12.704452514648438,0.0,12.998299598693848,0.0,12.998299598693848,12.998299598693848,12.998299598693848,0.0,0
2024-02-28,12.684905052185059,0.0,12.978300094604492,0.0,12.978300094604492,12.978300094604492,12.978300094604492,0.0,0
2024-02-29,12.75332260131836,0.0,13.048299789428711,0.0,13.048299789428711,13.048299789428711,13.048299789428711,0.0,0
2024-03-01,12.855949401855469,0.0,13.153300285339355,0.0,13.153300285339355,13.153300285339355,13.153300285339355,0.0,0
2024-03-04,12.841287612915039,0.0,13.138299942016602,0.0,13.138299942016602,13.138299942016602,13.138299942016602,0.0,0
2024-03-05,12.7110013961792,0.0,13.005000114440918,0.0,13.005000114440918,13.005000114440918,13.005000114440918,0.0,0
2024-03-06,12.77619457244873,0.0,13.071700096130371,0.0,13.071700096130371,13.071700096130371,13.071700096130371,0.0,0
2024-03-07,12.90970516204834,0.0,13.20829963684082,0.0,13.20829963684082,13.20829963684082,13.20829963684082,0.0,0
2024-03-08,12.826626777648926,0.0,13.123299598693848,0.0,13.123299598693848,13.123299598693848,13.123299598693848,0.0,0
2024-03-11,12.811965942382812,0.0,13.10830020904541,0.0,13.10830020904541,13.10830020904541,13.10830020904541,0.0,0
2024-03-12,12.957011222839355,0.0,13.256699562072754,0.0,13.256699562072754,13.256699562072754,13.256699562072754,0.0,0
2024-03-13,12.932576179504395,0.0,13.23169994354248,0.0,13.23169994354248,13.23169994354248,13.23169994354248,0.0,0
2024-03-14,12.898367881774902,0.0,13.196700096130371,0.0,13.196700096130371,13.196700096130371,13.196700096130371,0.0,0
2024-03-15,12.815289497375488,0.0,13.111700057983398,0.0,13.111700057983398,13.111700057983398,13.111700057983398,0.0,0
2024-03-18,12.896706581115723,0.0,13.194999694824219,0.0,13.194999694824219,13.194999694824219,13.194999694824219,0.0,0
2024-03-19,12.96834945678711,0.0,13.26830005645752,0.0,13.26830005645752,13.26830005645752,13.26830005645752,0.0,0
2024-03-20,13.085637092590332,0.0,13.388299942016602,0.0,13.388299942016602,13.388299942016602,13.388299942016602,0.0,0
2024-03-21,13.128055572509766,0.0,13.431699752807617,0.0,13.431699752807617,13.431699752807617,13.431699752807617,0.0,0
2024-03-22,13.110071182250977,0.0,13.413299560546875,0.0,13.413299560546875,13.413299560546875,13.413299560546875,0.0,0
2024-03-25,13.070974349975586,0.0,13.373299598693848,0.0,13.373299598693848,13.373299598693848,13.373299598693848,0.0,0
2024-03-26,13.033541679382324,0.0,13.335000038146973,0.0,13.335000038146973,13.335000038146973,13.335000038146973,0.0,0
2024-03-27,13.147603034973145,0.0,13.451700210571289,0.0,13.451700210571289,13.451700210571289,13.451700210571289,0.0,0
2024-03-28,13.163827896118164,0.0,13.468299865722656,0.0,13.468299865722656,13.468299865722656,13.468299865722656,0.0,0
2024-04-01,13.136167526245117,0.0,13.4399995803833,0.0,13.4399995803833,13.4399995803833,13.4399995803833,0.0,0
2024-04-02,13.041653633117676,0.0,13.343299865722656,0.0,13.343299865722656,13.343299865722656,13.343299865722656,0.0,0
2024-04-03,13.056314468383789,0.0,13.35830020904541,0.0,13.35830020904541,13.35830020904541,13.35830020904541,0.0,0
2024-04-04,12.896706581115723,0.0,13.194999694824219,0.0,13.194999694824219,13.194999694824219,13.194999694824219,0.0,0
2024-04-05,13.04008960723877,0.0,13.341699600219727,0.0,13.341699600219727,13.341699600219727,13.341699600219727,0.0,0
2024-04-08,13.035202980041504,0.0,13.336700439453125,0.0,13.336700439453125,13.336700439453125,13.336700439453125,0.0,0
2024-04-09,13.056314468383789,0.0,13.35830020904541,0.0,13.35830020904541,13.35830020904541,13.35830020904541,0.0,0
2024-04-10,12.932576179504395,0.0,13.23169994354248,0.0,13.23169994354248,13.23169994354248,13.23169994354248,0.0,0
2024-04-11,13.030316352844238,0.0,13.331700325012207,0.0,13.331700325012207,13.331700325012207,13.331700325012207,0.0,0
2024-04-12,12.841287612915039,0.0,13.138299942016602,0.0,13.138299942016602,13.138299942016602,13.138299942016602,0.0,0
2024-04-15,12.688228607177734,0.0,12.98169994354248,0.0,12.98169994354248,12.98169994354248,12.98169994354248,0.0,0
2024-04-16,12.662132263183594,0.0,12.954999923706055,0.0,12.954999923706055,12.954999923706055,12.954999923706055,0.0,0
2024-04-17,12.588827133178711,0.0,12.880000114440918,0.0,12.880000114440918,12.880000114440918,12.880000114440918,0.0,0
2024-04-18,12.561166763305664,0.0,12.851699829101562,0.0,12.851699829101562,12.851699829101562,12.851699829101562,0.0,0
2024-04-19,12.45199203491211,0.0,12.739999771118164,0.0,12.739999771118164,12.739999771118164,12.739999771118164,0.0,0
2024-04-22,12.561166763305664,0.0,12.851699829101562,0.0,12.851699829101562,12.851699829101562,12.851699829101562,0.0,0
2024-04-23,12.7110013961792,0.0,13.005000114440918,0.0,13.005000114440918,13.005000114440918,13.005000114440918,0.0,0
2024-04-24,12.714226722717285,0.0,13.008299827575684,0.0,13.008299827575684,13.008299827575684,13.008299827575684,0.0,0
2024-04-25,12.655584335327148,0.0,12.9483003616333,0.0,12.9483003616333,12.9483003616333,12.9483003616333,0.0,0
2024-04-26,12.784306526184082,0.0,13.079999923706055,0.0,13.079999923706055,13.079999923706055,13.079999923706055,0.0,0
2024-04-29,12.826626777648926,0.0,13.123299598693848,0.0,13.123299598693848,13.123299598693848,13.123299598693848,0.0,0
2024-04-30,12.6246976852417,0.0,12.91670036315918,0.0,12.91670036315918,12.91670036315918,12.91670036315918,0.0,0
2024-05-01,12.58227825164795,0.0,12.873299598693848,0.0,12.873299598693848,12.873299598693848,12.873299598693848,0.0,0
2024-05-02,12.696340560913086,0.0,12.989999771118164,0.0,12.989999771118164,12.989999771118164,12.989999771118164,0.0,0
2024-05-03,12.857609748840332,0.0,13.154999732971191,0.0,13.154999732971191,13.154999732971191,13.154999732971191,0.0,0
2024-05-06,12.989559173583984,0.0,13.289999961853027,0.0,13.289999961853027,13.289999961853027,13.289999961853027,0.0,0
2024-05-07,13.007445335388184,0.0,13.308300018310547,0.0,13.308300018310547,13.308300018310547,13.308300018310547,0.0,0
2024-05-08,13.007445335388184,0.0,13.308300018310547,0.0,13.308300018310547,13.308300018310547,13.308300018310547,0.0,0
2024-05-09,13.077524185180664,0.0,13.380000114440918,0.0,13.380000114440918,13.380000114440918,13.380000114440918,0.0,0
2024-05-10,13.100297927856445,0.0,13.403300285339355,0.0,13.403300285339355,13.403300285339355,13.403300285339355,0.0,0
2024-05-13,13.097071647644043,0.0,13.399999618530273,0.0,13.399999618530273,13.399999618530273,13.399999618530273,0.0,0
2024-05-14,13.162263870239258,0.0,13.466699600219727,0.0,13.466699600219727,13.466699600219727,13.466699600219727,0.0,0
2024-05-15,13.318647384643555,0.0,13.626700401306152,0.0,13.626700401306152,13.626700401306152,13.626700401306152,0.0,0
2024-05-16,13.294211387634277,0.0,13.601699829101562,0.0,13.601699829101562,13.601699829101562,13.601699829101562,0.0,0
2024-05-17,13.31043815612793,0.0,13.618300437927246,0.0,13.618300437927246,13.618300437927246,13.618300437927246,0.0,0
2024-05-20,13.323533058166504,0.0,13.631699562072754,0.0,13.631699562072754,13.631699562072754,13.631699562072754,0.0,0
2024-05-21,13.357743263244629,0.0,13.66670036315918,0.0,13.66670036315918,13.66670036315918,13.66670036315918,0.0,0
2024-05-22,13.32187271118164,0.0,13.630000114440918,0.0,13.630000114440918,13.630000114440918,13.630000114440918,0.0,0
2024-05-23,13.224133491516113,0.0,13.529999732971191,0.0,13.529999732971191,13.529999732971191,13.529999732971191,0.0,0
2024-05-24,13.316986083984375,0.0,13.625,0.0,13.625,13.625,13.625,0.0,0
2024-05-28,13.320211410522461,0.0,13.628299713134766,0.0,13.628299713134766,13.628299713134766,13.628299713134766,0.0,0
2024-05-29,13.222472190856934,0.0,13.528300285339355,0.0,13.528300285339355,13.528300285339355,13.528300285339355,0.0,0
2024-05-30,13.222472190856934,0.0,13.528300285339355,0.0,13.528300285339355,13.528300285339355,13.528300285339355,0.0,0
2024-05-31,13.250229835510254,0.0,13.556699752807617,0.0,13.556699752807617,13.556699752807617,13.556699752807617,0.0,0
2024-06-03,13.266454696655273,0.0,13.5733003616333,0.0,13.5733003616333,13.5733003616333,13.5733003616333,0.0,0
2024-06-04,13.287663459777832,0.0,13.595000267028809,0.0,13.595000267028809,13.595000267028809,13.595000267028809,0.0,0
2024-06-05,13.445708274841309,0.0,13.756699562072754,0.0,13.756699562072754,13.756699562072754,13.756699562072754,0.0,0
2024-06-06,13.442384719848633,0.0,13.753299713134766,0.0,13.753299713134766,13.753299713134766,13.753299713134766,0.0,0
2024-06-07,13.431047439575195,0.0,13.741700172424316,0.0,13.741700172424316,13.741700172424316,13.741700172424316,0.0,0
2024-06-10,13.46682071685791,0.0,13.778300285339355,0.0,13.778300285339355,13.778300285339355,13.778300285339355,0.0,0
2024-06-11,13.502689361572266,0.0,13.8149995803833,0.0,13.8149995803833,13.8149995803833,13.8149995803833,0.0,0
2024-06-12,13.618315696716309,0.0,13.933300018310547,0.0,13.933300018310547,13.933300018310547,13.933300018310547,0.0,0
2024-06-13,13.649298667907715,0.0,13.96500015258789,0.0,13.96500015258789,13.96500015258789,13.96500015258789,0.0,0
2024-06-14,13.647638320922852,0.0,13.963299751281738,0.0,13.963299751281738,13.963299751281738,13.963299751281738,0.0,0
2024-06-17,13.753586769104004,0.0,14.071700096130371,0.0,14.071700096130371,14.071700096130371,14.071700096130371,0.0,0
2024-06-18,13.789360046386719,0.0,14.10830020904541,0.0,14.10830020904541,14.10830020904541,14.10830020904541,0.0,0
2024-06-20,13.75515079498291,0.0,14.0733003616333,0.0,14.0733003616333,14.0733003616333,14.0733003616333,0.0,0
2024-06-21,13.734038352966309,0.0,14.0516996383667,0.0,14.0516996383667,14.0516996383667,14.0516996383667,0.0,0
2024-06-24,13.693282127380371,0.0,14.010000228881836,0.0,14.010000228881836,14.010000228881836,14.010000228881836,0.0,0
2024-06-25,13.747037887573242,0.0,14.0649995803833,0.0,14.0649995803833,14.0649995803833,14.0649995803833,0.0,0
2024-06-26,13.768247604370117,0.0,14.086700439453125,0.0,14.086700439453125,14.086700439453125,14.086700439453125,0.0,0
2024-06-27,13.781248092651367,0.0,14.100000381469727,0.0,14.100000381469727,14.100000381469727,14.100000381469727,0.0,0
2024-06-28,13.725828170776367,0.0,14.043299674987793,0.0,14.043299674987793,14.043299674987793,14.043299674987793,0.0,0
2024-07-01,13.763360977172852,0.0,14.081700325012207,0.0,14.081700325012207,14.081700325012207,14.081700325012207,0.0,0
2024-07-02,13.848002433776855,0.0,14.168299674987793,0.0,14.168299674987793,14.168299674987793,14.168299674987793,0.0,0
2024-07-03,13.919744491577148,0.0,14.241700172424316,0.0,14.241700172424316,14.241700172424316,14.241700172424316,0.0,0
2024-07-05,13.99793529510498,0.0,14.321700096130371,0.0,14.321700096130371,14.321700096130371,14.321700096130371,0.0,0
2024-07-08,14.01259708404541,0.0,14.336700439453125,0.0,14.336700439453125,14.336700439453125,14.336700439453125,0.0,0
2024-07-09,14.022370338439941,0.0,14.346699714660645,0.0,14.346699714660645,14.346699714660645,14.346699714660645,0.0,0
2024-07-10,14.167317390441895,0.0,14.494999885559082,0.0,14.494999885559082,14.494999885559082,14.494999885559082,0.0,0
2024-07-11,14.043482780456543,0.0,14.368300437927246,0.0,14.368300437927246,14.368300437927246,14.368300437927246,0.0,0
2024-07-12,14.121674537658691,0.0,14.4483003616333,0.0,14.4483003616333,14.4483003616333,14.4483003616333,0.0,0
2024-07-15,14.162430763244629,0.0,14.489999771118164,0.0,14.489999771118164,14.489999771118164,14.489999771118164,0.0,0
2024-07-16,14.253621101379395,0.0,14.58329963684082,0.0,14.58329963684082,14.58329963684082,14.58329963684082,0.0,0
2024-07-17,14.054917335510254,0.0,14.380000114440918,0.0,14.380000114440918,14.380000114440918,14.380000114440918,0.0,0
2024-07-18,13.9457426071167,0.0,14.26830005645752,0.0,14.26830005645752,14.26830005645752,14.26830005645752,0.0,0
2024-07-19,13.846439361572266,0.0,14.16670036315918,0.0,14.16670036315918,14.16670036315918,14.16670036315918,0.0,0
2024-07-22,13.9962739944458,0.0,14.319999694824219,0.0,14.319999694824219,14.319999694824219,14.319999694824219,0.0,0
2024-07-23,13.975064277648926,0.0,14.298299789428711,0.0,14.298299789428711,14.298299789428711,14.298299789428711,0.0,0
2024-07-24,13.650959968566895,0.0,13.966699600219727,0.0,13.966699600219727,13.966699600219727,13.966699600219727,0.0,0
2024-07-25,13.58088207244873,0.0,13.895000457763672,0.0,13.895000457763672,13.895000457763672,13.895000457763672,0.0,0
2024-07-26,13.732378005981445,0.0,14.050000190734863,0.0,14.050000190734863,14.050000190734863,14.050000190734863,0.0,0
2024-07-29,13.743812561035156,0.0,14.061699867248535,0.0,14.061699867248535,14.061699867248535,14.061699867248535,0.0,0
2024-07-30,13.675395965576172,0.0,13.991700172424316,0.0,13.991700172424316,13.991700172424316,13.991700172424316,0.0,0
2024-07-31,13.891985893249512,0.0,14.213299751281738,0.0,14.213299751281738,14.213299751281738,14.213299751281738,0.0,0
2024-08-01,13.703056335449219,0.0,14.020000457763672,0.0,14.020000457763672,14.020000457763672,14.020000457763672,0.0,0
2024-08-02,13.45215892791748,0.0,13.763299942016602,0.0,13.763299942016602,13.763299942016602,13.763299942016602,0.0,0
2024-08-05,13.048202514648438,0.0,13.350000381469727,0.0,13.350000381469727,13.350000381469727,13.350000381469727,0.0,0
2024-08-06,13.183375358581543,0.0,13.488300323486328,0.0,13.488300323486328,13.488300323486328,13.488300323486328,0.0,0
2024-08-07,13.08241081237793,0.0,13.385000228881836,0.0,13.385000228881836,13.385000228881836,13.385000228881836,0.0,0
2024-08-08,13.38374137878418,0.0,13.693300247192383,0.0,13.693300247192383,13.693300247192383,13.693300247192383,0.0,0
2024-08-09,13.447272300720215,0.0,13.758299827575684,0.0,13.758299827575684,13.758299827575684,13.758299827575684,0.0,0
2024-08-12,13.450594902038574,0.0,13.761699676513672,0.0,13.761699676513672,13.761699676513672,13.761699676513672,0.0,0
2024-08-13,13.676959991455078,0.0,13.993300437927246,0.0,13.993300437927246,13.993300437927246,13.993300437927246,0.0,0
2024-08-14,13.729151725769043,0.0,14.046699523925781,0.0,14.046699523925781,14.046699523925781,14.046699523925781,0.0,0
2024-08-15,13.955516815185547,0.0,14.278300285339355,0.0,14.278300285339355,14.278300285339355,14.278300285339355,0.0,0
2024-08-16,13.984837532043457,0.0,14.308300018310547,0.0,14.308300018310547,14.308300018310547,14.308300018310547,0.0,0
2024-08-19,14.123334884643555,0.0,14.449999809265137,0.0,14.449999809265137,14.449999809265137,14.449999809265137,0.0,0
2024-08-20,14.095674514770508,0.0,14.421699523925781,0.0,14.421699523925781,14.421699523925781,14.421699523925781,0.0,0
2024-08-21,14.155882835388184,0.0,14.48330020904541,0.0,14.48330020904541,14.48330020904541,14.48330020904541,0.0,0
2024-08-22,14.028820991516113,0.0,14.353300094604492,0.0,14.353300094604492,14.353300094604492,14.353300094604492,0.0,0
2024-08-23,14.190091133117676,0.0,14.51830005645752,0.0,14.51830005645752,14.51830005645752,14.51830005645752,0.0,0
2024-08-26,14.146108627319336,0.0,14.473299980163574,0.0,14.473299980163574,14.473299980163574,14.473299980163574,0.0,0
2024-08-27,14.16897964477539,0.0,14.496700286865234,0.0,14.496700286865234,14.496700286865234,14.496700286865234,0.0,0
2024-08-28,14.08423900604248,0.0,14.40999984741211,0.0,14.40999984741211,14.40999984741211,14.40999984741211,0.0,0
2024-08-29,14.085901260375977,0.0,14.411700248718262,0.0,14.411700248718262,14.411700248718262,14.411700248718262,0.0,0
2024-08-30,14.22918701171875,0.0,14.558300018310547,0.0,14.558300018310547,14.558300018310547,14.558300018310547,0.0,0
2024-09-03,13.929518699645996,0.0,14.251700401306152,0.0,14.251700401306152,14.251700401306152,14.251700401306152,0.0,0
2024-09-04,13.908308029174805,0.0,14.229999542236328,0.0,14.229999542236328,14.229999542236328,14.229999542236328,0.0,0
2024-09-05,13.865986824035645,0.0,14.186699867248535,0.0,14.186699867248535,14.186699867248535,14.186699867248535,0.0,0
2024-09-06,13.628089904785156,0.0,13.943300247192383,0.0,13.943300247192383,13.943300247192383,13.943300247192383,0.0,0
2024-09-09,13.787796020507812,0.0,14.10669994354248,0.0,14.10669994354248,14.10669994354248,14.10669994354248,0.0,0
2024-09-10,13.849664688110352,0.0,14.170000076293945,0.0,14.170000076293945,14.170000076293945,14.170000076293945,0.0,0
2024-09-11,13.99793529510498,0.0,14.321700096130371,0.0,14.321700096130371,14.321700096130371,14.321700096130371,0.0,0
2024-09-12,14.102126121520996,0.0,14.428299903869629,0.0,14.428299903869629,14.428299903869629,14.428299903869629,0.0,0
2024-09-13,14.181979179382324,0.0,14.510000228881836,0.0,14.510000228881836,14.510000228881836,14.510000228881836,0.0,0
2024-09-16,14.201525688171387,0.0,14.529999732971191,0.0,14.529999732971191,14.529999732971191,14.529999732971191,0.0,0
2024-09-17,14.206413269042969,0.0,14.53499984741211,0.0,14.53499984741211,14.53499984741211,14.53499984741211,0.0,0
2024-09-18,14.165656089782715,0.0,14.493300437927246,0.0,14.493300437927246,14.493300437927246,14.493300437927246,0.0,0
2024-09-19,14.406778335571289,0.0,14.739999771118164,0.0,14.739999771118164,14.739999771118164,14.739999771118164,0.0,0
2024-09-20,14.379119873046875,0.0,14.711700439453125,0.0,14.711700439453125,14.711700439453125,14.711700439453125,0.0,0
2024-09-23,14.419777870178223,0.0,14.753299713134766,0.0,14.753299713134766,14.753299713134766,14.753299713134766,0.0,0
2024-09-24,14.455649375915527,0.0,14.789999961853027,0.0,14.789999961853027,14.789999961853027,14.789999961853027,0.0,0
2024-09-25,14.427988052368164,0.0,14.761699676513672,0.0,14.761699676513672,14.761699676513672,14.761699676513672,0.0,0
2024-09-26,14.48819637298584,0.0,14.8233003616333,0.0,14.8233003616333,14.8233003616333,14.8233003616333,0.0,0
2024-09-27,14.47031021118164,0.0,14.805000305175781,0.0,14.805000305175781,14.805000305175781,14.805000305175781,0.0,0
2024-09-30,14.53217887878418,0.0,14.868300437927246,0.0,14.868300437927246,14.868300437927246,14.868300437927246,0.0,0
2024-10-01,14.397005081176758,0.0,14.729999542236328,0.0,14.729999542236328,14.729999542236328,14.729999542236328,0.0,0
2024-10-02,14.400230407714844,0.0,14.73330020904541,0.0,14.73330020904541,14.73330020904541,14.73330020904541,0.0,0
2024-10-03,14.375795364379883,0.0,14.70829963684082,0.0,14.70829963684082,14.70829963684082,14.70829963684082,0.0,0
2024-10-04,14.507743835449219,0.0,14.843299865722656,0.0,14.843299865722656,14.843299865722656,14.843299865722656,0.0,0
2024-10-07,14.369345664978027,0.0,14.701700210571289,0.0,14.701700210571289,14.701700210571289,14.701700210571289,0.0,0
2024-10-08,14.507743835449219,0.0,14.843299865722656,0.0,14.843299865722656,14.843299865722656,14.843299865722656,0.0,0
2024-10-09,14.612031936645508,0.0,14.949999809265137,0.0,14.949999809265137,14.949999809265137,14.949999809265137,0.0,0
2024-10-10,14.584371566772461,0.0,14.921699523925781,0.0,14.921699523925781,14.921699523925781,14.921699523925781,0.0,0
2024-10-11,14.67233657836914,0.0,15.011699676513672,0.0,15.011699676513672,15.011699676513672,15.011699676513672,0.0,0
2024-10-14,14.784737586975098,0.0,15.126700401306152,0.0,15.126700401306152,15.126700401306152,15.126700401306152,0.0,0
2024-10-15,14.673901557922363,0.0,15.013299942016602,0.0,15.013299942016602,15.013299942016602,15.013299942016602,0.0,0
2024-10-16,14.742318153381348,0.0,15.08329963684082,0.0,15.08329963684082,15.08329963684082,15.08329963684082,0.0,0
2024-10-17,14.740755081176758,0.0,15.081700325012207,0.0,15.081700325012207,15.081700325012207,15.081700325012207,0.0,0
2024-10-18,14.799398422241211,0.0,15.14169979095459,0.0,15.14169979095459,15.14169979095459,15.14169979095459,0.0,0
2024-10-21,14.773301124572754,0.0,15.114999771118164,0.0,15.114999771118164,15.114999771118164,15.114999771118164,0.0,0
2024-10-22,14.766753196716309,0.0,15.10830020904541,0.0,15.10830020904541,15.10830020904541,15.10830020904541,0.0,0
2024-10-23,14.631579399108887,0.0,14.970000267028809,0.0,14.970000267028809,14.970000267028809,14.970000267028809,0.0,0
2024-10-24,14.66256332397461,0.0,15.001700401306152,0.0,15.001700401306152,15.001700401306152,15.001700401306152,0.0,0
2024-10-25,14.657675743103027,0.0,14.996700286865234,0.0,14.996700286865234,14.996700286865234,14.996700286865234,0.0,0
2024-10-28,14.696772575378418,0.0,15.036700248718262,0.0,15.036700248718262,15.036700248718262,15.036700248718262,0.0,0
2024-10-29,14.721206665039062,0.0,15.061699867248535,0.0,15.061699867248535,15.061699867248535,15.061699867248535,0.0,0
2024-10-30,14.67233657836914,0.0,15.011699676513672,0.0,15.011699676513672,15.011699676513672,15.011699676513672,0.0,0
2024-10-31,14.400230407714844,0.0,14.73330020904541,0.0,14.73330020904541,14.73330020904541,14.73330020904541,0.0,0
2024-11-01,14.460536003112793,0.0,14.795000076293945,0.0,14.795000076293945,14.795000076293945,14.795000076293945,0.0,0
2024-11-04,14.419777870178223,0.0,14.753299713134766,0.0,14.753299713134766,14.753299713134766,14.753299713134766,0.0,0
2024-11-05,14.597371101379395,0.0,14.9350004196167,0.0,14.9350004196167,14.9350004196167,14.9350004196167,0.0,0
2024-11-06,14.965555191040039,0.0,15.311699867248535,0.0,15.311699867248535,15.311699867248535,15.311699867248535,0.0,0
2024-11-07,15.07795524597168,0.0,15.4266996383667,0.0,15.4266996383667,15.4266996383667,15.4266996383667,0.0,0
2024-11-08,15.138163566589355,0.0,15.488300323486328,0.0,15.488300323486328,15.488300323486328,15.488300323486328,0.0,0
2024-11-11,15.152823448181152,0.0,15.503299713134766,0.0,15.503299713134766,15.503299713134766,15.503299713134766,0.0,0
2024-11-12,15.108839988708496,0.0,15.45829963684082,0.0,15.45829963684082,15.45829963684082,15.45829963684082,0.0,0
2024-11-13,15.113727569580078,0.0,15.463299751281738,0.0,15.463299751281738,15.463299751281738,15.463299751281738,0.0,0
2024-11-14,15.024198532104492,0.0,15.371700286865234,0.0,15.371700286865234,15.371700286865234,15.371700286865234,0.0,0
2024-11-15,14.827058792114258,0.0,15.170000076293945,0.0,15.170000076293945,15.170000076293945,15.170000076293945,0.0,0
2024-11-18,14.88736343383789,0.0,15.23169994354248,0.0,15.23169994354248,15.23169994354248,15.23169994354248,0.0,0
2024-11-19,14.94757080078125,0.0,15.293299674987793,0.0,15.293299674987793,15.293299674987793,15.293299674987793,0.0,0
2024-11-20,14.94757080078125,0.0,15.293299674987793,0.0,15.293299674987793,15.293299674987793,15.293299674987793,0.0,0
2024-11-21,15.029086112976074,0.0,15.376700401306152,0.0,15.376700401306152,15.376700401306152,15.376700401306152,0.0,0
2024-11-22,15.082841873168945,0.0,15.431699752807617,0.0,15.431699752807617,15.431699752807617,15.431699752807617,0.0,0
2024-11-25,15.128389358520508,0.0,15.478300094604492,0.0,15.478300094604492,15.478300094604492,15.478300094604492,0.0,0
2024-11-26,15.216354370117188,0.0,15.568300247192383,0.0,15.568300247192383,15.568300247192383,15.568300247192383,0.0,0
2024-11-27,15.159372329711914,0.0,15.510000228881836,0.0,15.510000228881836,15.510000228881836,15.510000228881836,0.0,0
2024-11-29,15.245676040649414,0.0,15.598299980163574,0.0,15.598299980163574,15.598299980163574,15.598299980163574,0.0,0
2024-12-02,15.284771919250488,0.0,15.638299942016602,0.0,15.638299942016602,15.638299942016602,15.638299942016602,0.0,0
2024-12-03,15.29132080078125,0.0,15.645000457763672,0.0,15.645000457763672,15.645000457763672,15.645000457763672,0.0,0
2024-12-04,15.384172439575195,0.0,15.739999771118164,0.0,15.739999771118164,15.739999771118164,15.739999771118164,0.0,0
2024-12-05,15.356512069702148,0.0,15.711700439453125,0.0,15.711700439453125,15.711700439453125,15.711700439453125,0.0,0
2024-12-06,15.397171974182129,0.0,15.753299713134766,0.0,15.753299713134766,15.753299713134766,15.753299713134766,0.0,0
2024-12-09,15.304319381713867,0.0,15.658300399780273,0.0,15.658300399780273,15.658300399780273,15.658300399780273,0.0,0
2024-12-10,15.258773803710938,0.0,15.611700057983398,0.0,15.611700057983398,15.611700057983398,15.611700057983398,0.0,0
2024-12-11,15.384172439575195,0.0,15.739999771118164,0.0,15.739999771118164,15.739999771118164,15.739999771118164,0.0,0
2024-12-12,15.301094055175781,0.0,15.654999732971191,0.0,15.654999732971191,15.654999732971191,15.654999732971191,0.0,0
2024-12-13,15.302775382995605,0.0,15.471699714660645,0.185,15.471699714660645,15.471699714660645,15.471699714660645,0.0,0
2024-12-16,15.362120628356934,0.0,15.531700134277344,0.0,15.531700134277344,15.531700134277344,15.531700134277344,0.0,0
2024-12-17,15.302775382995605,0.0,15.471699714660645,0.0,15.471699714660645,15.471699714660645,15.471699714660645,0.0,0
2024-12-18,14.852743148803711,0.0,15.01669979095459,0.0,15.01669979095459,15.01669979095459,15.01669979095459,0.0,0
2024-12-19,14.839489936828613,0.0,15.003299713134766,0.0,15.003299713134766,15.003299713134766,15.003299713134766,0.0,0
2024-12-20,15.001106262207031,0.0,15.16670036315918,0.0,15.16670036315918,15.16670036315918,15.16670036315918,0.0,0
2024-12-23,15.11148738861084,0.0,15.278300285339355,0.0,15.278300285339355,15.278300285339355,15.278300285339355,0.0,0
2024-12-24,15.27804946899414,0.0,15.446700096130371,0.0,15.446700096130371,15.446700096130371,15.446700096130371,0.0,0
2024-12-26,15.273103713989258,0.0,15.441699981689453,0.0,15.441699981689453,15.441699981689453,15.441699981689453,0.0,0
2024-12-27,15.104959487915039,0.0,15.271699905395508,0.0,15.271699905395508,15.271699905395508,15.271699905395508,0.0,0
2024-12-30,14.943344116210938,0.0,15.10830020904541,0.0,15.10830020904541,15.10830020904541,15.10830020904541,0.0,0
2024-12-31,14.88073444366455,0.0,15.045000076293945,0.0,15.045000076293945,15.045000076293945,15.045000076293945,0.0,0
2025-01-02,14.849380493164062,0.0,15.013299942016602,0.0,15.013299942016602,15.013299942016602,15.013299942016602,0.0,0
2025-01-03,15.037306785583496,0.0,15.203300476074219,0.0,15.203300476074219,15.203300476074219,15.203300476074219,0.0,0
2025-01-06,15.121377944946289,0.0,15.288299560546875,0.0,15.288299560546875,15.288299560546875,15.288299560546875,0.0,0
2025-01-07,14.953234672546387,0.0,15.118300437927246,0.0,15.118300437927246,15.118300437927246,15.118300437927246,0.0,0
2025-01-08,14.976378440856934,0.0,15.14169979095459,0.0,15.14169979095459,15.14169979095459,15.14169979095459,0.0,0
2025-01-10,14.74889087677002,0.0,14.911700248718262,0.0,14.911700248718262,14.911700248718262,14.911700248718262,0.0,0
2025-01-13,14.771936416625977,0.0,14.9350004196167,0.0,14.9350004196167,14.9350004196167,14.9350004196167,0.0,0
2025-01-14,14.79003620147705,0.0,14.953300476074219,0.0,14.953300476074219,14.953300476074219,14.953300476074219,0.0,0
2025-01-15,15.062033653259277,0.0,15.228300094604492,0.0,15.228300094604492,15.228300094604492,15.228300094604492,0.0,0
2025-01-16,15.030778884887695,0.0,15.196700096130371,0.0,15.196700096130371,15.196700096130371,15.196700096130371,0.0,0
2025-01-17,15.180723190307617,0.0,15.348299980163574,0.0,15.348299980163574,15.348299980163574,15.348299980163574,0.0,0
2025-01-21,15.314249992370605,0.0,15.48330020904541,0.0,15.48330020904541,15.48330020904541,15.48330020904541,0.0,0
2025-01-22,15.408212661743164,0.0,15.578300476074219,0.0,15.578300476074219,15.578300476074219,15.578300476074219,0.0,0
2025-01-23,15.490701675415039,0.0,15.661700248718262,0.0,15.661700248718262,15.661700248718262,15.661700248718262,0.0,0
2025-01-24,15.447775840759277,0.0,15.618300437927246,0.0,15.618300437927246,15.618300437927246,15.618300437927246,0.0,0
2025-01-27,15.221968650817871,0.0,15.390000343322754,0.0,15.390000343322754,15.390000343322754,15.390000343322754,0.0,0
2025-01-28,15.362120628356934,0.0,15.531700134277344,0.0,15.531700134277344,15.531700134277344,15.531700134277344,0.0,0
2025-01-29,15.291203498840332,0.0,15.460000038146973,0.0,15.460000038146973,15.460000038146973,15.460000038146973,0.0,0
2025-01-30,15.3720121383667,0.0,15.54170036315918,0.0,15.54170036315918,15.54170036315918,15.54170036315918,0.0,0
2025-01-31,15.294466972351074,0.0,15.463299751281738,0.0,15.463299751281738,15.463299751281738,15.463299751281738,0.0,0
2025-02-03,15.179140090942383,0.0,15.346699714660645,0.0,15.346699714660645,15.346699714660645,15.346699714660645,0.0,0
2025-02-04,15.289522171020508,0.0,15.45829963684082,0.0,15.45829963684082,15.45829963684082,15.45829963684082,0.0,0
2025-02-05,15.348867416381836,0.0,15.51830005645752,0.0,15.51830005645752,15.51830005645752,15.51830005645752,0.0,0
2025-02-06,15.404948234558105,0.0,15.574999809265137,0.0,15.574999809265137,15.574999809265137,15.574999809265137,0.0,0
2025-02-07,15.259849548339844,0.0,15.428299903869629,0.0,15.428299903869629,15.428299903869629,15.428299903869629,0.0,0
2025-02-10,15.365385055541992,0.0,15.53499984741211,0.0,15.53499984741211,15.53499984741211,15.53499984741211,0.0,0
2025-02-11,15.370329856872559,0.0,15.539999961853027,0.0,15.539999961853027,15.539999961853027,15.539999961853027,0.0,0
2025-02-12,15.330766677856445,0.0,15.5,0.0,15.5,15.5,15.5,0.0,0
2025-02-13,15.490701675415039,0.0,15.661700248718262,0.0,15.661700248718262,15.661700248718262,15.661700248718262,0.0,0
2025-02-14,15.492283821105957,0.0,15.663299560546875,0.0,15.663299560546875,15.663299560546875,15.663299560546875,0.0,0
2025-02-18,15.533528327941895,0.0,15.704999923706055,0.0,15.704999923706055,15.704999923706055,15.704999923706055,0.0,0
2025-02-19,15.569828033447266,0.0,15.741700172424316,0.0,15.741700172424316,15.741700172424316,15.741700172424316,0.0,0
2025-02-20,15.505537033081055,0.0,15.6766996383667,0.0,15.6766996383667,15.6766996383667,15.6766996383667,0.0,0
2025-02-21,15.240068435668945,0.0,15.408300399780273,0.0,15.408300399780273,15.408300399780273,15.408300399780273,0.0,0
2025-02-24,15.165886878967285,0.0,15.33329963684082,0.0,15.33329963684082,15.33329963684082,15.33329963684082,0.0,0
2025-02-25,15.09506893157959,0.0,15.261699676513672,0.0,15.261699676513672,15.261699676513672,15.261699676513672,0.0,0
2025-02-26,15.096651077270508,0.0,15.263299942016602,0.0,15.263299942016602,15.263299942016602,15.263299942016602,0.0,0
2025-02-27,14.857688903808594,0.0,15.021699905395508,0.0,15.021699905395508,15.021699905395508,15.021699905395508,0.0,0
2025-02-28,15.09506893157959,0.0,15.261699676513672,0.0,15.261699676513672,15.261699676513672,15.261699676513672,0.0,0
2025-03-03,14.831280708312988,0.0,14.994999885559082,0.0,14.994999885559082,14.994999885559082,14.994999885559082,0.0,0
2025-03-04,14.649981498718262,0.0,14.811699867248535,0.0,14.811699867248535,14.811699867248535,14.811699867248535,0.0,0
2025-03-05,14.813179969787598,0.0,14.976699829101562,0.0,14.976699829101562,14.976699829101562,14.976699829101562,0.0,0
2025-03-06,14.551074028015137,0.0,14.711700439453125,0.0,14.711700439453125,14.711700439453125,14.711700439453125,0.0,0
2025-03-07,14.633464813232422,0.0,14.795000076293945,0.0,14.795000076293945,14.795000076293945,14.795000076293945,0.0,0
2025-03-10,14.241095542907715,0.0,14.398300170898438,0.0,14.398300170898438,14.398300170898438,14.398300170898438,0.0,0
2025-03-11,14.132296562194824,0.0,14.288299560546875,0.0,14.288299560546875,14.288299560546875,14.288299560546875,0.0,0
2025-03-12,14.203213691711426,0.0,14.359999656677246,0.0,14.359999656677246,14.359999656677246,14.359999656677246,0.0,0
2025-03-13,14.007079124450684,0.0,14.161700248718262,0.0,14.161700248718262,14.161700248718262,14.161700248718262,0.0,0
2025-03-14,14.30706787109375,0.0,14.46500015258789,0.0,14.46500015258789,14.46500015258789,14.46500015258789,0.0,0
2025-03-17,14.399348258972168,0.0,14.558300018310547,0.0,14.558300018310547,14.558300018310547,14.558300018310547,0.0,0
2025-03-18,14.246041297912598,0.0,14.403300285339355,0.0,14.403300285339355,14.403300285339355,14.403300285339355,0.0,0
2025-03-19,14.401030540466309,0.0,14.5600004196167,0.0,14.5600004196167,14.5600004196167,14.5600004196167,0.0,0
2025-03-20,14.371356964111328,0.0,14.529999732971191,0.0,14.529999732971191,14.529999732971191,14.529999732971191,0.0,0
2025-03-21,14.382930755615234,0.0,14.54170036315918,0.0,14.54170036315918,14.54170036315918,14.54170036315918,0.0,0
2025-03-24,14.636728286743164,0.0,14.798299789428711,0.0,14.798299789428711,14.798299789428711,14.798299789428711,0.0,0
2025-03-25,14.661456108093262,0.0,14.8233003616333,0.0,14.8233003616333,14.8233003616333,14.8233003616333,0.0,0
2025-03-26,14.496674537658691,0.0,14.656700134277344,0.0,14.656700134277344,14.656700134277344,14.656700134277344,0.0,0
2025-03-27,14.448802947998047,0.0,14.60830020904541,0.0,14.60830020904541,14.60830020904541,14.60830020904541,0.0,0
2025-03-28,14.163650512695312,0.0,14.319999694824219,0.0,14.319999694824219,14.319999694824219,14.319999694824219,0.0,0
2025-03-31,14.244458198547363,0.0,14.401700019836426,0.0,14.401700019836426,14.401700019836426,14.401700019836426,0.0,0
2025-04-01,14.298858642578125,0.0,14.456700325012207,0.0,14.456700325012207,14.456700325012207,14.456700325012207,0.0,0
2025-04-02,14.394403457641602,0.0,14.553299903869629,0.0,14.553299903869629,14.553299903869629,14.553299903869629,0.0,0
2025-04-03,13.698782920837402,0.0,13.850000381469727,0.0,13.850000381469727,13.850000381469727,13.850000381469727,0.0,0
2025-04-04,12.882789611816406,0.0,13.024999618530273,0.0,13.024999618530273,13.024999618530273,13.024999618530273,0.0,0
2025-04-07,12.853116989135742,0.0,12.994999885559082,0.0,12.994999885559082,12.994999885559082,12.994999885559082,0.0,0
2025-04-08,12.652037620544434,0.0,12.79170036315918,0.0,12.79170036315918,12.79170036315918,12.79170036315918,0.0,0
2025-04-09,13.855353355407715,0.0,14.008299827575684,0.0,14.008299827575684,14.008299827575684,14.008299827575684,0.0,0
2025-04-10,13.37732982635498,0.0,13.524999618530273,0.0,13.524999618530273,13.524999618530273,13.524999618530273,0.0,0
2025-04-11,13.61965560913086,0.0,13.770000457763672,0.0,13.770000457763672,13.770000457763672,13.770000457763672,0.0,0
2025-04-14,13.72845458984375,0.0,13.880000114440918,0.0,13.880000114440918,13.880000114440918,13.880000114440918,0.0,0
2025-04-15,13.705409049987793,0.0,13.85669994354248,0.0,13.85669994354248,13.85669994354248,13.85669994354248,0.0,0
2025-04-16,13.39879322052002,0.0,13.546699523925781,0.0,13.546699523925781,13.546699523925781,13.546699523925781,0.0,0
2025-04-17,13.416893005371094,0.0,13.5649995803833,0.0,13.5649995803833,13.5649995803833,13.5649995803833,0.0,0
2025-04-21,13.102068901062012,0.0,13.246700286865234,0.0,13.246700286865234,13.246700286865234,13.246700286865234,0.0,0
2025-04-22,13.431730270385742,0.0,13.579999923706055,0.0,13.579999923706055,13.579999923706055,13.579999923706055,0.0,0
2025-04-23,13.655954360961914,0.0,13.806699752807617,0.0,13.806699752807617,13.806699752807617,13.806699752807617,0.0,0
2025-04-24,13.93289852142334,0.0,14.086700439453125,0.0,14.086700439453125,14.086700439453125,14.086700439453125,0.0,0
2025-04-25,14.035069465637207,0.0,14.1899995803833,0.0,14.1899995803833,14.1899995803833,14.1899995803833,0.0,0
2025-04-28,14.043279647827148,0.0,14.1983003616333,0.0,14.1983003616333,14.1983003616333,14.1983003616333,0.0,0
2025-04-29,14.125768661499023,0.0,14.281700134277344,0.0,14.281700134277344,14.281700134277344,14.281700134277344,0.0,0
2025-04-30,14.147132873535156,0.0,14.303299903869629,0.0,14.303299903869629,14.303299903869629,14.303299903869629,0.0,0
2025-05-01,14.236150741577148,0.0,14.39330005645752,0.0,14.39330005645752,14.39330005645752,14.39330005645752,0.0,0
2025-05-02,14.447219848632812,0.0,14.60669994354248,0.0,14.60669994354248,14.60669994354248,14.60669994354248,0.0,0
2025-05-05,14.354840278625488,0.0,14.513299942016602,0.0,14.513299942016602,14.513299942016602,14.513299942016602,0.0,0
2025-05-06,14.244458198547363,0.0,14.401700019836426,0.0,14.401700019836426,14.401700019836426,14.401700019836426,0.0,0
2025-05-07,14.244458198547363,0.0,14.401700019836426,0.0,14.401700019836426,14.401700019836426,14.401700019836426,0.0,0
2025-05-08,14.389457702636719,0.0,14.548299789428711,0.0,14.548299789428711,14.548299789428711,14.548299789428711,0.0,0
2025-05-09,14.382930755615234,0.0,14.54170036315918,0.0,14.54170036315918,14.54170036315918,14.54170036315918,0.0,0
2025-05-12,14.852743148803711,0.0,15.01669979095459,0.0,15.01669979095459,15.01669979095459,15.01669979095459,0.0,0
2025-05-13,14.959861755371094,0.0,15.125,0.0,15.125,15.125,15.125,0.0,0
2025-05-14,14.976378440856934,0.0,15.14169979095459,0.0,15.14169979095459,15.14169979095459,15.14169979095459,0.0,0
2025-05-15,15.042251586914062,0.0,15.20829963684082,0.0,15.20829963684082,15.20829963684082,15.20829963684082,0.0,0
2025-05-16,15.149468421936035,0.0,15.316699981689453,0.0,15.316699981689453,15.316699981689453,15.316699981689453,0.0,0
2025-05-19,15.164304733276367,0.0,15.331700325012207,0.0,15.331700325012207,15.331700325012207,15.331700325012207,0.0,0
2025-05-20,15.106542587280273,0.0,15.273300170898438,0.0,15.273300170898438,15.273300170898438,15.273300170898438,0.0,0
2025-05-21,14.862634658813477,0.0,15.026700019836426,0.0,15.026700019836426,15.026700019836426,15.026700019836426,0.0,0
2025-05-22,14.856008529663086,0.0,15.020000457763672,0.0,15.020000457763672,15.020000457763672,15.020000457763672,0.0,0
2025-05-23,14.758780479431152,0.0,14.921699523925781,0.0,14.921699523925781,14.921699523925781,14.921699523925781,0.0,0
2025-05-27,15.060450553894043,0.0,15.226699829101562,0.0,15.226699829101562,15.226699829101562,15.226699829101562,0.0,0
2025-05-28,14.977961540222168,0.0,15.14330005645752,0.0,15.14330005645752,15.14330005645752,15.14330005645752,0.0,0
2025-05-29,15.037306785583496,0.0,15.203300476074219,0.0,15.203300476074219,15.203300476074219,15.203300476074219,0.0,0
2025-05-30,15.037306785583496,0.0,15.203300476074219,0.0,15.203300476074219,15.203300476074219,15.203300476074219,0.0,0
2025-06-02,15.10159683227539,0.0,15.26830005645752,0.0,15.26830005645752,15.26830005645752,15.26830005645752,0.0,0
2025-06-03,15.189031600952148,0.0,15.35669994354248,0.0,15.35669994354248,15.35669994354248,15.35669994354248,0.0,0
2025-06-04,15.190614700317383,0.0,15.35830020904541,0.0,15.35830020904541,15.35830020904541,15.35830020904541,0.0,0
2025-06-05,15.11148738861084,0.0,15.278300285339355,0.0,15.278300285339355,15.278300285339355,15.278300285339355,0.0,0
2025-06-06,15.26974105834961,0.0,15.438300132751465,0.0,15.438300132751465,15.438300132751465,15.438300132751465,0.0,0
2025-06-09,15.284577369689941,0.0,15.453300476074219,0.0,15.453300476074219,15.453300476074219,15.453300476074219,0.0,0
2025-06-10,15.368648529052734,0.0,15.538299560546875,0.0,15.538299560546875,15.538299560546875,15.538299560546875,0.0,0
2025-06-11,15.327503204345703,0.0,15.496700286865234,0.0,15.496700286865234,15.496700286865234,15.496700286865234,0.0,0
2025-06-12,15.385167121887207,0.0,15.555000305175781,0.0,15.555000305175781,15.555000305175781,15.555000305175781,0.0,0
2025-06-13,15.21375846862793,0.0,15.381699562072754,0.0,15.381699562072754,15.381699562072754,15.381699562072754,0.0,0
2025-06-16,15.358757972717285,0.0,15.528300285339355,0.0,15.528300285339355,15.528300285339355,15.528300285339355,0.0,0
2025-06-17,15.231858253479004,0.0,15.399999618530273,0.0,15.399999618530273,15.399999618530273,15.399999618530273,0.0,0
2025-06-18,15.226913452148438,0.0,15.395000457763672,0.0,15.395000457763672,15.395000457763672,15.395000457763672,0.0,0
2025-06-20,15.19555950164795,0.0,15.363300323486328,0.0,15.363300323486328,15.363300323486328,15.363300323486328,0.0,0
2025-06-23,15.19555950164795,0.0,15.363300323486328,0.0,15.363300323486328,15.363300323486328,15.363300323486328,0.0,0
2025-06-24,15.340658187866211,0.0,15.510000228881836,0.0,15.510000228881836,15.510000228881836,15.510000228881836,0.0,0
2025-06-25,15.512065887451172,0.0,15.683300018310547,0.0,15.683300018310547,15.683300018310547,15.683300018310547,0.0,0
2025-06-26,15.637382507324219,0.0,15.8100004196167,0.0,15.8100004196167,15.8100004196167,15.8100004196167,0.0,0
2025-06-27,15.719773292541504,0.0,15.89330005645752,0.0,15.89330005645752,15.89330005645752,15.89330005645752,0.0,0
2025-06-30,15.802262306213379,0.0,15.976699829101562,0.0,15.976699829101562,15.976699829101562,15.976699829101562,0.0,0
2025-07-01,15.784062385559082,0.0,15.95829963684082,0.0,15.95829963684082,15.95829963684082,15.95829963684082,0.0,0
2025-07-02,15.859925270080566,0.0,16.03499984741211,0.0,16.03499984741211,16.03499984741211,16.03499984741211,0.0,0
2025-07-03,15.995132446289062,0.0,16.17169952392578,0.0,16.17169952392578,16.17169952392578,16.17169952392578,0.0,0
2025-07-07,15.869816780090332,0.0,16.045000076293945,0.0,16.045000076293945,16.045000076293945,16.045000076293945,0.0,0
2025-07-08,15.858244895935059,0.0,16.033300399780273,0.0,16.033300399780273,16.033300399780273,16.033300399780273,0.0,0
2025-07-09,15.953887939453125,0.0,16.1299991607666,0.0,16.1299991607666,16.1299991607666,16.1299991607666,0.0,0
2025-07-10,16.000080108642578,0.0,16.176700592041016,0.0,16.176700592041016,16.176700592041016,16.176700592041016,0.0,0
2025-07-11,15.947261810302734,0.0,16.123300552368164,0.0,16.123300552368164,16.123300552368164,16.123300552368164,0.0,0
2025-07-14,15.970405578613281,0.0,16.146699905395508,0.0,16.146699905395508,16.146699905395508,16.146699905395508,0.0,0
2025-07-15,15.907697677612305,0.0,16.08329963684082,0.0,16.08329963684082,16.08329963684082,16.08329963684082,0.0,0
2025-07-16,15.958833694458008,0.0,16.135000228881836,0.0,16.135000228881836,16.135000228881836,16.135000228881836,0.0,0
2025-07-17,16.044588088989258,0.0,16.22170066833496,0.0,16.22170066833496,16.22170066833496,16.22170066833496,0.0,0
2025-07-18,16.044588088989258,0.0,16.22170066833496,0.0,16.22170066833496,16.22170066833496,16.22170066833496,0.0,0
2025-07-21,16.06763458251953,0.0,16.2450008392334,0.0,16.2450008392334,16.2450008392334,16.2450008392334,0.0,0
2025-07-22,16.07752227783203,0.0,16.2549991607666,0.0,16.2549991607666,16.2549991607666,16.2549991607666,0.0,0
2025-07-23,16.204423904418945,0.0,16.38330078125,0.0,16.38330078125,16.38330078125,16.38330078125,0.0,0
2025-07-24,16.21599578857422,0.0,16.395000457763672,0.0,16.395000457763672,16.395000457763672,16.395000457763672,0.0,0
2025-07-25,16.280284881591797,0.0,16.459999084472656,0.0,16.459999084472656,16.459999084472656,16.459999084472656,0.0,0
2025-07-28,16.283550262451172,0.0,16.463300704956055,0.0,16.463300704956055,16.463300704956055,16.463300704956055,0.0,0
2025-07-29,16.235776901245117,0.0,16.415000915527344,0.0,16.415000915527344,16.415000915527344,16.415000915527344,0.0,0
2025-07-30,16.214313507080078,0.0,16.393299102783203,0.0,16.393299102783203,16.393299102783203,16.393299102783203,0.0,0
2025-07-31,16.156648635864258,0.0,16.334999084472656,0.0,16.334999084472656,16.334999084472656,16.334999084472656,0.0,0
2025-08-01,15.897807121276855,0.0,16.073299407958984,0.0,16.073299407958984,16.073299407958984,16.073299407958984,0.0,0
2025-08-04,16.13360595703125,0.0,16.31170082092285,0.0,16.31170082092285,16.31170082092285,16.31170082092285,0.0,0
2025-08-05,16.056060791015625,0.0,16.233299255371094,0.0,16.233299255371094,16.233299255371094,16.233299255371094,0.0,0
2025-08-06,16.173168182373047,0.0,16.351699829101562,0.0,16.351699829101562,16.351699829101562,16.351699829101562,0.0,0
2025-08-07,16.159914016723633,0.0,16.338300704956055,0.0,16.338300704956055,16.338300704956055,16.338300704956055,0.0,0
2025-08-08,16.286911010742188,0.0,16.466699600219727,0.0,16.466699600219727,16.466699600219727,16.466699600219727,0.0,0
2025-08-11,16.248931884765625,0.0,16.428300857543945,0.0,16.428300857543945,16.428300857543945,16.428300857543945,0.0,0
2025-08-12,16.43359375,0.0,16.614999771118164,0.0,16.614999771118164,16.614999771118164,16.614999771118164,0.0,0
2025-08-13,16.486310958862305,0.0,16.66830062866211,0.0,16.66830062866211,16.66830062866211,16.66830062866211,0.0,0
2025-08-14,16.492937088012695,0.0,16.674999237060547,0.0,16.674999237060547,16.674999237060547,16.674999237060547,0.0,0
2025-08-15,16.448429107666016,0.0,16.6299991607666,0.0,16.6299991607666,16.6299991607666,16.6299991607666,6.0,0
2025-08-18,16.448429107666016,0.0,16.6299991607666,0.0,16.6299991607666,16.6299991607666,16.6299991607666,0.0,0
2025-08-19,16.34952163696289,0.0,16.530000686645508,0.0,16.530000686645508,16.530000686645508,16.530000686645508,0.0,0
2025-08-20,16.30995750427246,0.0,16.489999771118164,0.0,16.489999771118164,16.489999771118164,16.489999771118164,0.0,0
2025-08-21,16.250614166259766,0.0,16.43000030517578,0.0,16.43000030517578,16.43000030517578,16.43000030517578,0.0,0
2025-08-22,16.497882843017578,0.0,16.68000030517578,0.0,16.68000030517578,16.68000030517578,16.68000030517578,0.0,0
2025-08-25,16.428647994995117,0.0,16.610000610351562,0.0,16.610000610351562,16.610000610351562,16.610000610351562,0.0,0
2025-08-26,16.497882843017578,0.0,16.68000030517578,0.0,16.68000030517578,16.68000030517578,16.68000030517578,0.0,0
2025-08-27,16.537445068359375,0.0,16.719999313354492,0.0,16.719999313354492,16.719999313354492,16.719999313354492,0.0,0
2025-08-28,16.58690071105957,0.0,16.770000457763672,0.0,16.770000457763672,16.770000457763672,16.770000457763672,0.0,0
2025-08-29,16.487993240356445,0.0,16.670000076293945,0.0,16.670000076293945,16.670000076293945,16.670000076293945,0.0,0
2025-09-02,16.36930274963379,0.0,16.549999237060547,0.0,16.549999237060547,16.549999237060547,16.549999237060547,0.0,0
2025-09-03,16.45831871032715,0.0,16.639999389648438,0.0,16.639999389648438,16.639999389648438,16.639999389648438,0.0,0
2025-09-04,16.596792221069336,0.0,16.780000686645508,0.0,16.780000686645508,16.780000686645508,16.780000686645508,0.0,0
2025-09-05,16.54733657836914,0.0,16.729999542236328,0.0,16.729999542236328,16.729999542236328,16.729999542236328,0.0,0
2025-09-08,16.577011108398438,0.0,16.760000228881836,0.0,16.760000228881836,16.760000228881836,16.760000228881836,0.0,0
2025-09-09,16.626462936401367,0.0,16.809999465942383,0.0,16.809999465942383,16.809999465942383,16.809999465942383,0.0,0
2025-09-10,16.675918579101562,0.0,16.860000610351562,0.0,16.860000610351562,16.860000610351562,16.860000610351562,0.0,0
2025-09-11,16.814390182495117,0.0,17.0,0.0,17.0,17.0,17.0,0.0,0
2025-09-12,16.814390182495117,0.0,17.0,0.0,17.0,17.0,17.0,0.0,0
2025-09-15,16.893516540527344,0.0,17.079999923706055,0.0,17.079999923706055,17.079999923706055,17.079999923706055,0.0,0
2025-09-16,16.873733520507812,0.0,17.059999465942383,0.0,17.059999465942383,17.059999465942383,17.059999465942383,0.0,0
2025-09-17,16.853954315185547,0.0,17.040000915527344,0.0,17.040000915527344,17.040000915527344,17.040000915527344,0.0,0
2025-09-18,16.933080673217773,0.0,17.1200008392334,0.0,17.1200008392334,17.1200008392334,17.1200008392334,0.0,0
2025-09-19,17.022096633911133,0.0,17.209999084472656,0.0,17.209999084472656,17.209999084472656,17.209999084472656,0.0,0
2025-09-22,17.091333389282227,0.0,17.280000686645508,0.0,17.280000686645508,17.280000686645508,17.280000686645508,0.0,0
2025-09-23,17.002315521240234,0.0,17.190000534057617,0.0,17.190000534057617,17.190000534057617,17.190000534057617,0.0,0
2025-09-24,16.95285987854004,0.0,17.139999389648438,0.0,17.139999389648438,17.139999389648438,17.139999389648438,0.0,0
2025-09-25,16.863842010498047,0.0,17.049999237060547,0.0,17.049999237060547,17.049999237060547,17.049999237060547,0.0,0
2025-09-26,16.97264289855957,0.0,17.15999984741211,0.0,17.15999984741211,17.15999984741211,17.15999984741211,0.0,0
2025-09-29,17.01220703125,0.0,17.200000762939453,0.0,17.200000762939453,17.200000762939453,17.200000762939453,0.0,0
2025-09-30,17.08144187927246,0.0,17.270000457763672,0.0,17.270000457763672,17.270000457763672,17.270000457763672,0.0,0
2025-10-01,17.14078712463379,0.0,17.329999923706055,0.0,17.329999923706055,17.329999923706055,17.329999923706055,0.0,0
2025-10-02,17.150676727294922,0.0,17.34000015258789,0.0,17.34000015258789,17.34000015258789,17.34000015258789,0.0,0
2025-10-03,17.160568237304688,0.0,17.350000381469727,0.0,17.350000381469727,17.350000381469727,17.350000381469727,0.0,0
2025-10-06,17.219913482666016,0.0,17.40999984741211,0.0,17.40999984741211,17.40999984741211,17.40999984741211,0.0,0
2025-10-07,17.160568237304688,0.0,17.350000381469727,0.0,17.350000381469727,17.350000381469727,17.350000381469727,0.0,0
2025-10-08,17.259477615356445,0.0,17.450000762939453,0.0,17.450000762939453,17.450000762939453,17.450000762939453,0.0,0
2025-10-09,17.21002197265625,0.0,17.399999618530273,0.0,17.399999618530273,17.399999618530273,17.399999618530273,0.0,0
2025-10-10,16.745153427124023,0.0,16.93000030517578,0.0,16.93000030517578,16.93000030517578,16.93000030517578,0.0,0
2025-10-13,17.002315521240234,0.0,17.190000534057617,0.0,17.190000534057617,17.190000534057617,17.190000534057617,0.0,0
2025-10-14,16.982534408569336,0.0,17.170000076293945,0.0,17.170000076293945,17.170000076293945,17.170000076293945,0.0,0
2025-10-15,17.051769256591797,0.0,17.239999771118164,0.0,17.239999771118164,17.239999771118164,17.239999771118164,0.0,0
2025-10-16,16.942970275878906,0.0,17.1299991607666,0.0,17.1299991607666,17.1299991607666,17.1299991607666,0.0,0
2025-10-17,17.031986236572266,0.0,17.219999313354492,0.0,17.219999313354492,17.219999313354492,17.219999313354492,0.0,0
2025-10-20,17.21002197265625,0.0,17.399999618530273,0.0,17.399999618530273,17.399999618530273,17.399999618530273,0.0,0
2025-10-21,17.21002197265625,0.0,17.399999618530273,0.0,17.399999618530273,17.399999618530273,17.399999618530273,0.0,0
2025-10-22,17.121004104614258,0.0,17.309999465942383,0.0,17.309999465942383,17.309999465942383,17.309999465942383,0.0,0
2025-10-23,17.219913482666016,0.0,17.40999984741211,0.0,17.40999984741211,17.40999984741211,17.40999984741211,0.0,0
2025-10-24,17.358383178710938,0.0,17.549999237060547,0.0,17.549999237060547,17.549999237060547,17.549999237060547,0.0,0
2025-10-27,17.57598304748535,0.0,17.770000457763672,0.0,17.770000457763672,17.770000457763672,17.770000457763672,0.0,0
2025-10-28,17.61554527282715,0.0,17.809999465942383,0.0,17.809999465942383,17.809999465942383,17.809999465942383,0.0,0
2025-10-29,17.61554527282715,0.0,17.809999465942383,0.0,17.809999465942383,17.809999465942383,17.809999465942383,0.0,0
2025-10-30,17.437509536743164,0.0,17.6299991607666,0.0,17.6299991607666,17.6299991607666,17.6299991607666,0.0,0
2025-10-31,17.48696517944336,0.0,17.68000030517578,0.0,17.68000030517578,17.68000030517578,17.68000030517578,0.0,0
2025-11-03,17.51663589477539,0.0,17.709999084472656,0.0,17.709999084472656,17.709999084472656,17.709999084472656,0.0,0
2025-11-04,17.308931350708008,0.0,17.5,0.0,17.5,17.5,17.5,0.0,0
2025-11-05,17.37816619873047,0.0,17.56999969482422,0.0,17.56999969482422,17.56999969482422,17.56999969482422,0.0,0
2025-11-06,17.18035125732422,0.0,17.3700008392334,0.0,17.3700008392334,17.3700008392334,17.3700008392334,0.0,0
2025-11-07,17.200130462646484,0.0,17.389999389648438,0.0,17.389999389648438,17.389999389648438,17.389999389648438,0.0,0
2025-11-10,17.46718406677246,0.0,17.65999984741211,0.0,17.65999984741211,17.65999984741211,17.65999984741211,0.0,0
2025-11-11,17.50674819946289,0.0,17.700000762939453,0.0,17.700000762939453,17.700000762939453,17.700000762939453,0.0,0
2025-11-12,17.51663589477539,0.0,17.709999084472656,0.0,17.709999084472656,17.709999084472656,17.709999084472656,0.0,0
2025-11-13,17.22980308532715,0.0,17.420000076293945,0.0,17.420000076293945,17.420000076293945,17.420000076293945,0.0,0
2025-11-14,17.219913482666016,0.0,17.40999984741211,0.0,17.40999984741211,17.40999984741211,17.40999984741211,0.0,0
2025-11-17,17.071550369262695,0.0,17.260000228881836,0.0,17.260000228881836,17.260000228881836,17.260000228881836,0.0,0
2025-11-18,16.923189163208008,0.0,17.110000610351562,0.0,17.110000610351562,17.110000610351562,17.110000610351562,0.0,0
2025-11-19,16.99242401123047,0.0,17.18000030517578,0.0,17.18000030517578,17.18000030517578,17.18000030517578,0.0,0
2025-11-20,16.725372314453125,0.0,16.90999984741211,0.0,16.90999984741211,16.90999984741211,16.90999984741211,0.0,0
2025-11-21,16.893516540527344,0.0,17.079999923706055,0.0,17.079999923706055,17.079999923706055,17.079999923706055,0.0,0
2025-11-24,17.160568237304688,0.0,17.350000381469727,0.0,17.350000381469727,17.350000381469727,17.350000381469727,0.0,0
2025-11-25,17.308931350708008,0.0,17.5,0.0,17.5,17.5,17.5,0.0,0
2025-11-26,17.437509536743164,0.0,17.6299991607666,0.0,17.6299991607666,17.6299991607666,17.6299991607666,0.0,0
2025-11-28,17.526527404785156,0.0,17.719999313354492,0.0,17.719999313354492,17.719999313354492,17.719999313354492,0.0,0
2025-12-01,17.437509536743164,0.0,17.6299991607666,0.0,17.6299991607666,17.6299991607666,17.6299991607666,0.0,0
2025-12-02,17.477073669433594,0.0,17.670000076293945,0.0,17.670000076293945,17.670000076293945,17.670000076293945,0.0,0
2025-12-03,17.536418914794922,0.0,17.729999542236328,0.0,17.729999542236328,17.729999542236328,17.729999542236328,0.0,0
2025-12-04,17.55620002746582,0.0,17.75,0.0,17.75,17.75,17.75,0.0,0
2025-12-05,17.585874557495117,0.0,17.780000686645508,0.0,17.780000686645508,17.780000686645508,17.780000686645508,0.0,0
2025-12-08,17.526527404785156,0.0,17.719999313354492,0.0,17.719999313354492,17.719999313354492,17.719999313354492,0.0,0
2025-12-09,17.51663589477539,0.0,17.709999084472656,0.0,17.709999084472656,17.709999084472656,17.709999084472656,0.0,0
2025-12-10,17.63532829284668,0.0,17.829999923706055,0.0,17.829999923706055,17.829999923706055,17.829999923706055,0.0,0
2025-12-11,17.665000915527344,0.0,17.860000610351562,0.0,17.860000610351562,17.860000610351562,17.860000610351562,0.0,0
2025-12-12,17.479999542236328,0.0,17.479999542236328,0.195,17.479999542236328,17.479999542236328,17.479999542236328,0.0,0
2025-12-15,17.459999084472656,0.0,17.459999084472656,0.0,17.459999084472656,17.459999084472656,17.459999084472656,0.0,0
2025-12-16,17.40999984741211,0.0,17.40999984741211,0.0,17.40999984741211,17.40999984741211,17.40999984741211,0.0,0
2025-12-17,17.209999084472656,0.0,17.209999084472656,0.0,17.209999084472656,17.209999084472656,17.209999084472656,0.0,0
2025-12-18,17.350000381469727,0.0,17.350000381469727,0.0,17.350000381469727,17.350000381469727,17.350000381469727,0.0,0
2025-12-19,17.5,0.0,17.5,0.0,17.5,17.5,17.5,0.0,0
2025-12-22,17.6200008392334,0.0,17.6200008392334,0.0,17.6200008392334,17.6200008392334,17.6200008392334,0.0,0
2025-12-23,17.700000762939453,0.0,17.700000762939453,0.0,17.700000762939453,17.700000762939453,17.700000762939453,0.0,0
2025-12-24,17.75,0.0,17.75,0.0,17.75,17.75,17.75,0.0,0
2025-12-26,17.75,0.0,17.75,0.0,17.75,17.75,17.75,0.0,0
2025-12-29,17.690000534057617,0.0,17.690000534057617,0.0,17.690000534057617,17.690000534057617,17.690000534057617,0.0,0
2025-12-30,17.65999984741211,0.0,17.65999984741211,0.0,17.65999984741211,17.65999984741211,17.65999984741211,0.0,0
2025-12-31,17.540000915527344,0.0,17.540000915527344,0.0,17.540000915527344,17.540000915527344,17.540000915527344,0.0,0
2026-01-02,17.56999969482422,0.0,17.56999969482422,0.0,17.56999969482422,17.56999969482422,17.56999969482422,0.0,0
2026-01-05,17.68000030517578,0.0,17.68000030517578,0.0,17.68000030517578,17.68000030517578,17.68000030517578,0.0,0
2026-01-06,17.799999237060547,0.0,17.799999237060547,0.0,17.799999237060547,17.799999237060547,17.799999237060547,0.0,0
2026-01-07,17.729999542236328,0.0,17.729999542236328,0.0,17.729999542236328,17.729999542236328,17.729999542236328,0.0,0
2026-01-08,17.739999771118164,0.0,17.739999771118164,0.0,17.739999771118164,17.739999771118164,17.739999771118164,0.0,0
2026-01-09,17.850000381469727,0.0,17.850000381469727,0.0,17.850000381469727,17.850000381469727,17.850000381469727,0.0,0
2026-01-12,17.8799991607666,0.0,17.8799991607666,0.0,17.8799991607666,17.8799991607666,17.8799991607666,0.0,0
2026-01-13,17.850000381469727,0.0,17.850000381469727,0.0,17.850000381469727,17.850000381469727,17.850000381469727,0.0,0
2026-01-14,17.75,0.0,17.75,0.0,17.75,17.75,17.75,0.0,0
2026-01-15,17.799999237060547,0.0,17.799999237060547,0.0,17.799999237060547,17.799999237060547,17.799999237060547,0.0,0
2026-01-16,17.790000915527344,0.0,17.790000915527344,0.0,17.790000915527344,17.790000915527344,17.790000915527344,0.0,0
2026-01-20,17.420000076293945,0.0,17.420000076293945,0.0,17.420000076293945,17.420000076293945,17.420000076293945,0.0,0
2026-01-21,17.6200008392334,0.0,17.6200008392334,0.0,17.6200008392334,17.6200008392334,17.6200008392334,0.0,0
2026-01-22,17.719999313354492,0.0,17.719999313354492,0.0,17.719999313354492,17.719999313354492,17.719999313354492,0.0,0
2026-01-23,17.729999542236328,0.0,17.729999542236328,0.0,17.729999542236328,17.729999542236328,17.729999542236328,0.0,0
2026-01-26,17.81999969482422,0.0,17.81999969482422,0.0,17.81999969482422,17.81999969482422,17.81999969482422,0.0,0
2026-01-27,17.889999389648438,0.0,17.889999389648438,0.0,17.889999389648438,17.889999389648438,17.889999389648438,0.0,0
2026-01-28,17.889999389648438,0.0,17.889999389648438,0.0,17.889999389648438,17.889999389648438,17.889999389648438,0.0,0
2026-01-29,17.8700008392334,0.0,17.8700008392334,0.0,17.8700008392334,17.8700008392334,17.8700008392334,0.0,0
2026-01-30,17.790000915527344,0.0,17.790000915527344,0.0,17.790000915527344,17.790000915527344,17.790000915527344,0.0,0
2026-02-02,17.889999389648438,0.0,17.889999389648438,0.0,17.889999389648438,17.889999389648438,17.889999389648438,0.0,0
2026-02-03,17.739999771118164,0.0,17.739999771118164,0.0,17.739999771118164,17.739999771118164,17.739999771118164,0.0,0
2026-02-04,17.649999618530273,0.0,17.649999618530273,0.0,17.649999618530273,17.649999618530273,17.649999618530273,0.0,0
2026-02-05,17.43000030517578,0.0,17.43000030517578,0.0,17.43000030517578,17.43000030517578,17.43000030517578,0.0,0
2026-02-06,17.770000457763672,0.0,17.770000457763672,0.0,17.770000457763672,17.770000457763672,17.770000457763672,0.0,0
2026-02-09,17.860000610351562,0.0,17.860000610351562,0.0,17.860000610351562,17.860000610351562,17.860000610351562,0.0,0
2026-02-10,17.799999237060547,0.0,17.799999237060547,0.0,17.799999237060547,17.799999237060547,17.799999237060547,0.0,0
2026-02-11,17.799999237060547,0.0,17.799999237060547,0.0,17.799999237060547,17.799999237060547,17.799999237060547,0.0,0
2026-02-12,17.520000457763672,0.0,17.520000457763672,0.0,17.520000457763672,17.520000457763672,17.520000457763672,0.0,0
2026-02-13,17.540000915527344,0.0,17.540000915527344,0.0,17.540000915527344,17.540000915527344,17.540000915527344,0.0,0
2026-02-17,17.559999465942383,0.0,17.559999465942383,0.0,17.559999465942383,17.559999465942383,17.559999465942383,0.0,0
2026-02-18,17.649999618530273,0.0,17.649999618530273,0.0,17.649999618530273,17.649999618530273,17.649999618530273,0.0,0
2026-02-19,17.610000610351562,0.0,17.610000610351562,0.0,17.610000610351562,17.610000610351562,17.610000610351562,0.0,0
2026-02-20,17.729999542236328,0.0,17.729999542236328,0.0,17.729999542236328,17.729999542236328,17.729999542236328,0.0,0
2026-02-23,17.549999237060547,0.0,17.549999237060547,0.0,17.549999237060547,17.549999237060547,17.549999237060547,0.0,0
2026-02-24,17.68000030517578,0.0,17.68000030517578,0.0,17.68000030517578,17.68000030517578,17.68000030517578,0.0,0
2026-02-25,17.829999923706055,0.0,17.829999923706055,0.0,17.829999923706055,17.829999923706055,17.829999923706055,0.0,0
2026-02-26,17.729999542236328,0.0,17.729999542236328,0.0,17.729999542236328,17.729999542236328,17.729999542236328,0.0,0
2026-02-27,17.649999618530273,0.0,17.649999618530273,0.0,17.649999618530273,17.649999618530273,17.649999618530273,0.0,0
2026-03-02,17.65999984741211,0.0,17.65999984741211,0.0,17.65999984741211,17.65999984741211,17.65999984741211,0.0,0
2026-03-03,17.5,0.0,17.5,0.0,17.5,17.5,17.5,0.0,0
2026-03-04,17.6299991607666,0.0,17.6299991607666,0.0,17.6299991607666,17.6299991607666,17.6299991607666,0.0,0
2026-03-05,17.530000686645508,0.0,17.530000686645508,0.0,17.530000686645508,17.530000686645508,17.530000686645508,0.0,0
2026-03-06,17.299999237060547,0.0,17.299999237060547,0.0,17.299999237060547,17.299999237060547,17.299999237060547,0.0,0
2026-03-09,17.450000762939453,0.0,17.450000762939453,0.0,17.450000762939453,17.450000762939453,17.450000762939453,0.0,0
2026-03-10,17.40999984741211,0.0,17.40999984741211,0.0,17.40999984741211,17.40999984741211,17.40999984741211,0.0,0
2026-03-11,17.399999618530273,0.0,17.399999618530273,0.0,17.399999618530273,17.399999618530273,17.399999618530273,0.0,0
2026-03-12,17.139999389648438,0.0,17.139999389648438,0.0,17.139999389648438,17.139999389648438,17.139999389648438,0.0,0
2026-03-13,17.030000686645508,0.0,17.030000686645508,0.0,17.030000686645508,17.030000686645508,17.030000686645508,0.0,0
2026-03-16,17.209999084472656,0.0,17.209999084472656,0.0,17.209999084472656,17.209999084472656,17.209999084472656,0.0,0
2026-03-17,17.25,0.0,17.25,0.0,17.25,17.25,17.25,0.0,0
2026-03-18,17.020000457763672,0.0,17.020000457763672,0.0,17.020000457763672,17.020000457763672,17.020000457763672,0.0,0
2026-03-19,16.969999313354492,0.0,16.969999313354492,0.0,16.969999313354492,16.969999313354492,16.969999313354492,0.0,0
2026-03-20,16.709999084472656,0.0,16.709999084472656,0.0,16.709999084472656,16.709999084472656,16.709999084472656,0.0,0
2026-03-23,16.90999984741211,0.0,16.90999984741211,0.0,16.90999984741211,16.90999984741211,16.90999984741211,0.0,0
2026-03-24,16.84000015258789,0.0,16.84000015258789,0.0,16.84000015258789,16.84000015258789,16.84000015258789,0.0,0
2026-03-25,16.940000534057617,0.0,16.940000534057617,0.0,16.940000534057617,16.940000534057617,16.940000534057617,0.0,0
2026-03-26,16.639999389648438,0.0,16.639999389648438,0.0,16.639999389648438,16.639999389648438,16.639999389648438,0.0,0
2026-03-27,16.360000610351562,0.0,16.360000610351562,0.0,16.360000610351562,16.360000610351562,16.360000610351562,0.0,0
2026-03-30,16.299999237060547,0.0,16.299999237060547,0.0,16.299999237060547,16.299999237060547,16.299999237060547,0.0,0
2026-03-31,16.770000457763672,0.0,16.770000457763672,0.0,16.770000457763672,16.770000457763672,16.770000457763672,0.0,0
2026-04-01,16.899999618530273,0.0,16.899999618530273,0.0,16.899999618530273,16.899999618530273,16.899999618530273,0.0,0
2026-04-02,16.920000076293945,0.0,16.920000076293945,0.0,16.920000076293945,16.920000076293945,16.920000076293945,0.0,0
2026-04-06,16.989999771118164,0.0,16.989999771118164,0.0,16.989999771118164,16.989999771118164,16.989999771118164,0.0,0
2026-04-07,17.010000228881836,0.0,17.010000228881836,0.0,17.010000228881836,17.010000228881836,17.010000228881836,0.0,0
2026-04-08,17.43000030517578,0.0,17.43000030517578,0.0,17.43000030517578,17.43000030517578,17.43000030517578,0.0,0
2026-04-09,17.540000915527344,0.0,17.540000915527344,0.0,17.540000915527344,17.540000915527344,17.540000915527344,0.0,0
2026-04-10,17.520000457763672,0.0,17.520000457763672,0.0,17.520000457763672,17.520000457763672,17.520000457763672,0.0,0
2026-04-13,17.700000762939453,0.0,17.700000762939453,0.0,17.700000762939453,17.700000762939453,17.700000762939453,0.0,0
2026-04-14,17.90999984741211,0.0,17.90999984741211,0.0,17.90999984741211,17.90999984741211,17.90999984741211,0.0,0
2026-04-15,18.049999237060547,0.0,18.049999237060547,0.0,18.049999237060547,18.049999237060547,18.049999237060547,0.0,0
2026-04-16,18.100000381469727,0.0,18.100000381469727,0.0,18.100000381469727,18.100000381469727,18.100000381469727,0.0,0
2026-04-17,18.31999969482422,0.0,18.31999969482422,0.0,18.31999969482422,18.31999969482422,18.31999969482422,0.0,0
2026-04-20,18.280000686645508,0.0,18.280000686645508,0.0,18.280000686645508,18.280000686645508,18.280000686645508,0.0,0
2026-04-21,18.15999984741211,0.0,18.15999984741211,0.0,18.15999984741211,18.15999984741211,18.15999984741211,0.0,0
2026-04-22,18.350000381469727,0.0,18.350000381469727,0.0,18.350000381469727,18.350000381469727,18.350000381469727,0.0,0
2026-04-23,18.270000457763672,0.0,18.270000457763672,0.0,18.270000457763672,18.270000457763672,18.270000457763672,0.0,0
2026-04-24,18.420000076293945,0.0,18.420000076293945,0.0,18.420000076293945,18.420000076293945,18.420000076293945,0.0,0
2026-04-27,18.440000534057617,0.0,18.440000534057617,0.0,18.440000534057617,18.440000534057617,18.440000534057617,0.0,0
2026-04-28,18.350000381469727,0.0,18.350000381469727,0.0,18.350000381469727,18.350000381469727,18.350000381469727,0.0,0
2026-04-29,18.350000381469727,0.0,18.350000381469727,0.0,18.350000381469727,18.350000381469727,18.350000381469727,0.0,0
2026-04-30,18.530000686645508,0.0,18.530000686645508,0.0,18.530000686645508,18.530000686645508,18.530000686645508,0.0,0
2026-05-01,18.59000015258789,0.0,18.59000015258789,0.0,18.59000015258789,18.59000015258789,18.59000015258789,0.0,0
2026-05-04,18.510000228881836,0.0,18.510000228881836,0.0,18.510000228881836,18.510000228881836,18.510000228881836,0.0,0
2026-05-05,18.670000076293945,0.0,18.670000076293945,0.0,18.670000076293945,18.670000076293945,18.670000076293945,0.0,0
2026-05-06,18.940000534057617,0.0,18.940000534057617,0.0,18.940000534057617,18.940000534057617,18.940000534057617,0.0,0
2026-05-07,18.8700008392334,0.0,18.8700008392334,0.0,18.8700008392334,18.8700008392334,18.8700008392334,0.0,0
2026-05-08,19.030000686645508,0.0,19.030000686645508,0.0,19.030000686645508,19.030000686645508,19.030000686645508,0.0,0
2026-05-11,19.06999969482422,0.0,19.06999969482422,0.0,19.06999969482422,19.06999969482422,19.06999969482422,0.0,0
2026-05-12,19.040000915527344,0.0,19.040000915527344,0.0,19.040000915527344,19.040000915527344,19.040000915527344,0.0,0
2026-05-13,19.149999618530273,0.0,19.149999618530273,0.0,19.149999618530273,19.149999618530273,19.149999618530273,0.0,0
2026-05-14,19.290000915527344,0.0,19.290000915527344,0.0,19.290000915527344,19.290000915527344,19.290000915527344,0.0,0
2026-05-15,19.059999465942383,0.0,19.059999465942383,0.0,19.059999465942383,19.059999465942383,19.059999465942383,0.0,0
2026-05-18,19.049999237060547,0.0,19.049999237060547,0.0,19.049999237060547,19.049999237060547,19.049999237060547,0.0,0
2026-05-19,18.920000076293945,0.0,18.920000076293945,0.0,18.920000076293945,18.920000076293945,18.920000076293945,0.0,0
2026-05-20,19.1299991607666,0.0,19.1299991607666,0.0,19.1299991607666,19.1299991607666,19.1299991607666,0.0,0
2026-05-21,19.15999984741211,0.0,19.15999984741211,0.0,19.15999984741211,19.15999984741211,19.15999984741211,0.0,0
2026-05-22,19.229999542236328,0.0,19.229999542236328,0.0,19.229999542236328,19.229999542236328,19.229999542236328,0.0,0
2026-05-26,19.350000381469727,0.0,19.350000381469727,0.0,19.350000381469727,19.350000381469727,19.350000381469727,0.0,0
2026-05-27,19.350000381469727,0.0,19.350000381469727,0.0,19.350000381469727,19.350000381469727,19.350000381469727,0.0,0
2026-05-28,19.469999313354492,0.0,19.469999313354492,0.0,19.469999313354492,19.469999313354492,19.469999313354492,0.0,0
2026-05-29,19.510000228881836,0.0,19.510000228881836,0.0,19.510000228881836,19.510000228881836,19.510000228881836,0.0,0
2026-06-01,19.559999465942383,0.0,19.559999465942383,0.0,19.559999465942383,19.559999465942383,19.559999465942383,0.0,0
2026-06-02,19.59000015258789,0.0,19.59000015258789,0.0,19.59000015258789,19.59000015258789,19.59000015258789,0.0,0
2026-06-03,19.440000534057617,0.0,19.440000534057617,0.0,19.440000534057617,19.440000534057617,19.440000534057617,0.0,0
2026-06-04,19.530000686645508,0.0,19.530000686645508,0.0,19.530000686645508,19.530000686645508,19.530000686645508,0.0,0
2026-06-05,19.010000228881836,0.0,19.010000228881836,0.0,19.010000228881836,19.010000228881836,19.010000228881836,0.0,0
2026-06-08,19.06999969482422,0.0,19.06999969482422,0.0,19.06999969482422,19.06999969482422,19.06999969482422,0.0,0
2026-06-09,19.020000457763672,0.0,19.020000457763672,0.0,19.020000457763672,19.020000457763672,19.020000457763672,0.0,0
2026-06-10,18.709999084472656,0.0,18.709999084472656,0.0,18.709999084472656,18.709999084472656,18.709999084472656,0.0,0
2026-06-11,19.040000915527344,0.0,19.040000915527344,0.0,19.040000915527344,19.040000915527344,19.040000915527344,0.0,0
2026-06-12,19.139999389648438,0.0,19.139999389648438,0.0,19.139999389648438,19.139999389648438,19.139999389648438,0.0,0
2026-06-15,19.459999084472656,0.0,19.459999084472656,0.0,19.459999084472656,19.459999084472656,19.459999084472656,0.0,0
2026-06-16,19.350000381469727,0.0,19.350000381469727,0.0,19.350000381469727,19.350000381469727,19.350000381469727,0.0,0
2026-06-17,19.110000610351562,0.0,19.110000610351562,0.0,19.110000610351562,19.110000610351562,19.110000610351562,0.0,0
2026-06-18,19.31999969482422,0.0,19.31999969482422,0.0,19.31999969482422,19.31999969482422,19.31999969482422,0.0,0
2026-06-22,19.25,0.0,19.25,0.0,19.25,19.25,19.25,0.0,0
2026-06-23,18.979999542236328,0.0,18.979999542236328,0.0,18.979999542236328,18.979999542236328,18.979999542236328,0.0,0
2026-06-24,18.959999084472656,0.0,18.959999084472656,0.0,18.959999084472656,18.959999084472656,18.959999084472656,0.0,0
2026-06-25,18.959999084472656,0.0,18.959999084472656,0.0,18.959999084472656,18.959999084472656,18.959999084472656,0.0,0
2026-06-26,18.950000762939453,0.0,18.950000762939453,0.0,18.950000762939453,18.950000762939453,18.950000762939453,0.0,0
2026-06-29,19.170000076293945,0.0,19.170000076293945,0.0,19.170000076293945,19.170000076293945,19.170000076293945,0.0,0
2026-06-30,19.31999969482422,0.0,19.31999969482422,0.0,19.31999969482422,19.31999969482422,19.31999969482422,0.0,0
2026-07-01,19.280000686645508,0.0,19.280000686645508,0.0,19.280000686645508,19.280000686645508,19.280000686645508,0.0,0
2026-07-02,19.280000686645508,0.0,19.280000686645508,0.0,19.280000686645508,19.280000686645508,19.280000686645508,0.0,0
2026-07-06,19.43000030517578,0.0,19.43000030517578,0.0,19.43000030517578,19.43000030517578,19.43000030517578,0.0,0
2026-07-07,19.34000015258789,0.0,19.34000015258789,0.0,19.34000015258789,19.34000015258789,19.34000015258789,0.0,0
2026-07-08,19.280000686645508,0.0,19.280000686645508,0.0,19.280000686645508,19.280000686645508,19.280000686645508,0.0,0
2026-07-09,19.440000534057617,0.0,19.440000534057617,0.0,19.440000534057617,19.440000534057617,19.440000534057617,0.0,0
2026-07-10,19.530000686645508,0.0,19.530000686645508,0.0,19.530000686645508,19.530000686645508,19.530000686645508,0.0,0
2026-07-13,19.3700008392334,0.0,19.3700008392334,0.0,19.3700008392334,19.3700008392334,19.3700008392334,0.0,0
2026-07-14,19.440000534057617,0.0,19.440000534057617,0.0,19.440000534057617,19.440000534057617,19.440000534057617,0.0,0
2026-07-15,19.520000457763672,0.0,19.520000457763672,0.0,19.520000457763672,19.520000457763672,19.520000457763672,0.0,0
2026-07-16,19.420000076293945,0.0,19.420000076293945,0.0,19.420000076293945,19.420000076293945,19.420000076293945,0.0,0
2026-07-17,19.219999313354492,0.0,19.219999313354492,0.0,19.219999313354492,19.219999313354492,19.219999313354492,0.0,0
2026-07-20,19.190000534057617,0.0,19.190000534057617,0.0,19.190000534057617,19.190000534057617,19.190000534057617,0.0,0
2026-07-21,19.360000610351562,0.0,19.360000610351562,0.0,19.360000610351562,19.360000610351562,19.360000610351562,0.0,0
2026-07-22,19.329999923706055,0.0,19.329999923706055,0.0,19.329999923706055,19.329999923706055,19.329999923706055,0.0,0
2026-07-23,19.100000381469727,0.0,19.100000381469727,0.0,19.100000381469727,19.100000381469727,19.100000381469727,0.0,0
2026-07-24,19.110000610351562,0.0,19.110000610351562,0.0,19.110000610351562,19.110000610351562,19.110000610351562,0.0,0
2026-07-27,19.110000610351562,0.0,19.110000610351562,0.0,19.110000610351562,19.110000610351562,19.110000610351562,0.0,0
2026-07-28,19.149999618530273,0.0,19.149999618530273,0.0,19.149999618530273,19.149999618530273,19.149999618530273,0.0,0
2026-07-29,18.860000610351562,0.0,18.860000610351562,0.0,18.860000610351562,18.860000610351562,18.860000610351562,0.0,0
2026-07-30,19.18000030517578,0.0,19.18000030517578,0.0,19.18000030517578,19.18000030517578,19.18000030517578,0.0,0
2026-07-31,19.309999465942383,0.0,19.309999465942383,0.0,19.309999465942383,19.309999465942383,19.309999465942383,0.0,0
2026-08-03,19.600000381469727,0.0,19.600000381469727,0.0,19.600000381469727,19.600000381469727,19.600000381469727,0.0,0
2026-08-04,19.950000762939453,0.0,19.950000762939453,0.0,19.950000762939453,19.950000762939453,19.950000762939453,0.0,0
2026-08-05,19.90999984741211,0.0,19.90999984741211,0.0,19.90999984741211,19.90999984741211,19.90999984741211,0.0,0
2026-08-06,19.8799991607666,0.0,19.8799991607666,0.0,19.8799991607666,19.8799991607666,19.8799991607666,0.0,0
2026-08-07,20.0,0.0,20.0,0.0,20.0,20.0,20.0,0.0,0
2026-08-10,19.989999771118164,0.0,19.989999771118164,0.0,19.989999771118164,19.989999771118164,19.989999771118164,0.0,0
2026-08-11,19.93000030517578,0.0,19.93000030517578,0.0,19.93000030517578,19.93000030517578,19.93000030517578,0.0,0
2026-08-12,19.979999542236328,0.0,19.979999542236328,0.0,19.979999542236328,19.979999542236328,19.979999542236328,0.0,0
